batch_in_epoch,did_refresh,epoch,global_step,step_wall_seconds,train_loss
0,False,1,1,1.2215092182159424,2.079751168333349
1,False,1,2,0.6707897186279297,1.4746131712482087
2,False,1,3,0.18629860877990723,1.311107720736237
3,False,1,4,0.1771864891052246,1.0757615961844011
4,False,1,5,0.2017230987548828,1.0355538997266975
5,False,1,6,0.1688833236694336,1.0059325961130006
6,False,1,7,0.1852858066558838,1.0793347462479557
7,False,1,8,0.17599844932556152,1.0560023998398156
8,False,1,9,0.1765272617340088,0.9957557690019408
9,False,1,10,0.18581557273864746,0.9752311139323172
10,False,1,11,0.1549224853515625,0.9820889242525611
11,False,1,12,0.18178820610046387,0.9471214140011442
12,False,1,13,0.1718287467956543,0.9899906646903781
13,False,1,14,0.17646169662475586,0.9824464372137472
14,False,1,15,0.1812288761138916,0.9810201476017634
15,False,1,16,0.1975846290588379,1.0303106597136884
16,False,1,17,0.1807711124420166,0.9517986947847976
17,False,1,18,0.1773064136505127,0.9952172275100436
18,False,1,19,0.18516898155212402,1.0102101499214768
19,False,1,20,0.17875361442565918,0.901396313327409
20,False,1,21,0.18817806243896484,0.924468217506295
21,False,1,22,0.15675616264343262,0.9567887050410111
22,False,1,23,0.18349790573120117,0.9215838242144812
23,False,1,24,0.1903226375579834,1.0241364666393824
24,False,1,25,0.17969202995300293,0.90499200170771
25,False,1,26,0.18246698379516602,0.9452039385657935
26,False,1,27,0.15959739685058594,0.903049246008907
27,False,1,28,0.18123292922973633,0.9612324315877186
28,False,1,29,0.18962550163269043,0.891468175819942
29,False,1,30,0.17875909805297852,0.8756519524114473
30,False,1,31,0.18113017082214355,0.8787987425346813
31,False,1,32,0.1759335994720459,0.863101265681464
32,False,1,33,0.17942214012145996,0.924038725550331
33,False,1,34,0.18060946464538574,0.8498178595410925
34,False,1,35,0.18028759956359863,0.9451419893164364
35,False,1,36,0.18604469299316406,0.9112502700604856
36,False,1,37,0.19648385047912598,0.8625142641720319
37,False,1,38,0.17224812507629395,0.8900767194018478
38,False,1,39,0.18570518493652344,0.907147230447403
39,False,1,40,0.18458151817321777,0.8916560631866257
40,False,1,41,0.17107677459716797,0.8556992550424878
41,False,1,42,0.17593955993652344,0.8892144496508299
42,False,1,43,0.1641237735748291,0.9268246775581724
43,False,1,44,0.1804966926574707,0.957574435243649
44,False,1,45,0.18508172035217285,0.8631828248146034
45,False,1,46,0.18162202835083008,0.9748142517748334
46,False,1,47,0.18709969520568848,0.968945817667104
47,False,1,48,0.1741657257080078,0.9694726580886969
48,False,1,49,0.18103766441345215,0.9295800424047879
49,False,1,50,0.18353557586669922,0.9670801890260052
50,False,1,51,0.18065547943115234,0.8873200594846693
51,False,1,52,0.1839299201965332,0.9468770317422848
52,False,1,53,0.19487857818603516,0.9107110795254509
53,False,1,54,0.17513704299926758,0.9142766295089609
54,False,1,55,0.1822214126586914,0.918668088636228
55,False,1,56,0.1859447956085205,0.8917973197641826
56,False,1,57,0.17514872550964355,0.9156630479154132
57,False,1,58,0.17671966552734375,0.9144422893545457
58,False,1,59,0.16434288024902344,0.964589282515503
59,False,1,60,0.18037700653076172,0.9173420261414279
60,False,1,61,0.18213844299316406,0.8735419863480187
61,False,1,62,0.184051513671875,0.9279148591061432
62,False,1,63,0.18637895584106445,0.9244736234347027
63,False,1,64,0.1760728359222412,0.8656323579406103
64,False,1,65,0.1816253662109375,0.9186375112317149
65,False,1,66,0.17715215682983398,0.9017602175119377
66,False,1,67,0.1788041591644287,0.9552277935934919
67,False,1,68,0.18338608741760254,0.8886262760719371
68,False,1,69,0.1950230598449707,0.8916424028131932
69,False,1,70,0.1791667938232422,0.8186731924568968
70,False,1,71,0.1818838119506836,0.8690070313002383
71,False,1,72,0.19188261032104492,0.93512813582839
72,False,1,73,0.19963526725769043,0.904973936577638
73,False,1,74,0.18592381477355957,0.8874788271884123
74,False,1,75,0.1549222469329834,0.9393164141635809
75,False,1,76,0.1824357509613037,0.9293081118680891
76,False,1,77,0.18751001358032227,0.8797759941468634
77,False,1,78,0.1759800910949707,0.8983247729816607
78,False,1,79,0.1827559471130371,0.8695627709939368
79,False,1,80,0.15875720977783203,0.9473135570685067
80,False,1,81,0.17917943000793457,0.9345145973243884
81,False,1,82,0.1877880096435547,0.8800777307312402
82,False,1,83,0.18199586868286133,0.819244250256036
83,False,1,84,0.18495512008666992,0.8298961874984561
84,False,1,85,0.1750786304473877,0.8896299650271733
85,False,1,86,0.17831778526306152,0.918945042150361
86,False,1,87,0.17960333824157715,0.8973429563144844
87,False,1,88,0.18131184577941895,0.861087413571243
88,False,1,89,0.18543744087219238,0.875465548708148
89,False,1,90,0.19795894622802734,0.9351096620694511
90,False,1,91,0.17555880546569824,0.9110196952575019
91,False,1,92,0.18293166160583496,0.8423181822124337
92,False,1,93,0.189805269241333,0.9037058232795624
93,False,1,94,0.17322325706481934,0.888780497502358
94,False,1,95,0.17640161514282227,0.85419723116571
95,False,1,96,0.15987658500671387,0.9907314358057365
96,False,1,97,0.17911338806152344,0.9131268103207861
97,False,1,98,0.1883397102355957,0.8880826626859962
98,False,1,99,0.17924213409423828,0.9201811542512761
99,True,1,100,0.20442914962768555,0.7964531206304121
100,False,1,101,0.17184233665466309,1.0570883491475667
101,False,1,102,0.1766669750213623,0.9997854259840789
102,False,1,103,0.17766094207763672,0.948860148056632
103,False,1,104,0.17802023887634277,1.1088302200216622
104,False,1,105,0.18558788299560547,0.980510343487064
105,False,1,106,0.192765474319458,0.982129512376906
106,False,1,107,0.17925786972045898,0.914108700518097
107,False,1,108,0.1804800033569336,0.8877104983354608
108,False,1,109,0.18481731414794922,0.8910133176749305
109,False,1,110,0.17360138893127441,0.8200409489107275
110,False,1,111,0.17615795135498047,0.9068701935577251
111,False,1,112,0.16263604164123535,0.8618127984837407
112,False,1,113,0.17772698402404785,0.8741956695115991
113,False,1,114,0.18531060218811035,0.8893704633450223
114,False,1,115,0.18263816833496094,0.9643471170926378
115,False,1,116,0.18423795700073242,0.9266765486626399
116,False,1,117,0.18059539794921875,0.9007482519373299
117,False,1,118,0.17413806915283203,0.8878582251989947
118,False,1,119,0.17594599723815918,0.8913665315402405
119,False,1,120,0.17896056175231934,0.8681775268965535
120,False,1,121,0.18515777587890625,0.9193254302566249
121,False,1,122,0.18433737754821777,0.8555703675928745
122,False,1,123,0.1559314727783203,0.879315650789067
123,False,1,124,0.1822376251220703,0.9049750871158071
124,False,1,125,0.18403077125549316,0.880026047428449
125,False,1,126,0.17872023582458496,0.9261532127857206
126,False,1,127,0.18019509315490723,0.8882124643063259
127,False,1,128,0.17718935012817383,0.9422209622072323
128,False,1,129,0.17431187629699707,0.8723090138020259
129,False,1,130,0.1859130859375,0.879416554501014
130,False,1,131,0.18223810195922852,0.8701741988992407
131,False,1,132,0.17886972427368164,0.8800325982627414
132,False,1,133,0.19032716751098633,0.9512380484846374
133,False,1,134,0.17003679275512695,0.9032388762792661
134,False,1,135,0.17477703094482422,0.8820462475220361
135,False,1,136,0.17846369743347168,0.8336483786503472
136,False,1,137,0.18413639068603516,0.850448235825059
137,False,1,138,0.17649292945861816,0.8698019045626834
138,False,1,139,0.15629172325134277,0.8314650190018472
139,False,1,140,0.17592549324035645,0.8579212688796576
140,False,1,141,0.17862176895141602,0.9124812026109014
141,False,1,142,0.1869347095489502,0.8567076961376837
142,False,1,143,0.1777935028076172,0.9092617752030492
143,False,1,144,0.19771099090576172,0.8400742608965154
144,False,1,145,0.17275094985961914,0.8813908628764608
145,False,1,146,0.18196916580200195,0.9012191019109672
146,False,1,147,0.1748659610748291,0.897347195694844
147,False,1,148,0.17447113990783691,0.9085354943360601
148,False,1,149,0.17955589294433594,0.8683924527528386
149,False,1,150,0.15230488777160645,0.8602930348189107
150,False,1,151,0.18532609939575195,0.7875752033931869
151,False,1,152,0.1774287223815918,0.8603819107548111
152,False,1,153,0.18482327461242676,0.8353435409565767
153,False,1,154,0.18209505081176758,0.8841821535800893
154,False,1,155,0.17274117469787598,0.8367293670862205
155,False,1,156,0.17444229125976562,0.8484544916344542
156,False,1,157,0.17733073234558105,0.8563670977240518
157,False,1,158,0.18754124641418457,0.916066925063552
158,False,1,159,0.1776905059814453,0.8586660848398293
159,False,1,160,0.2029719352722168,0.8785848074725696
160,False,1,161,0.17103123664855957,0.8312028808120104
161,False,1,162,0.18252992630004883,0.9314136822220115
162,False,1,163,0.1768789291381836,0.8333119751796837
163,False,1,164,0.1789379119873047,0.837213495480163
164,False,1,165,0.1852130889892578,0.8818968865976092
165,False,1,166,0.1556236743927002,0.9496472640672609
166,False,1,167,0.18351531028747559,0.9211256141286522
167,False,1,168,0.18475914001464844,0.8291117076628975
168,False,1,169,0.18294858932495117,0.8494647540196422
169,False,1,170,0.1814424991607666,0.8730613428966275
170,False,1,171,0.18680119514465332,0.7733753266788665
171,False,1,172,0.18341445922851562,0.852489153411062
172,False,1,173,0.18058991432189941,0.9078707936264218
173,False,1,174,0.18939447402954102,0.9113134111144714
174,False,1,175,0.1798381805419922,0.8571023525271032
175,False,1,176,0.1991109848022461,0.8189843393241368
176,False,1,177,0.16953492164611816,0.8572662575392141
177,False,1,178,0.18245172500610352,0.8938248556195982
178,False,1,179,0.17931628227233887,0.8222373515544902
179,False,1,180,0.17758584022521973,0.860930569292534
180,False,1,181,0.1827077865600586,0.8544681640563622
181,False,1,182,0.15536832809448242,0.845534683759546
182,False,1,183,0.1823413372039795,0.8322181733591215
183,False,1,184,0.1752181053161621,0.8743107984773817
184,False,1,185,0.1755373477935791,0.8787464794392387
185,False,1,186,0.17565631866455078,0.8555155055863519
186,False,1,187,0.1950831413269043,0.8752480490310559
187,False,1,188,0.17889142036437988,0.9003856757300948
188,False,1,189,0.17914199829101562,0.8500932482559055
189,False,1,190,0.1850128173828125,0.8969475855784755
190,False,1,191,0.1753864288330078,0.9026877973228691
191,False,1,192,0.17707610130310059,0.862852150219537
192,False,1,193,0.158294677734375,0.8252439670087327
193,False,1,194,0.1803138256072998,0.8235088552658757
194,False,1,195,0.18454575538635254,0.8916866477756273
195,False,1,196,0.18131518363952637,0.8333287604951434
196,False,1,197,0.1844160556793213,0.8441403715738227
197,False,1,198,0.17330074310302734,0.8132505867452849
198,False,1,199,0.17949748039245605,0.8919351324439048
199,True,1,200,0.2011702060699463,0.856771152821325
200,False,1,201,0.17557621002197266,0.9670133486035325
201,False,1,202,0.18393778800964355,0.906279333312774
202,False,1,203,0.19365239143371582,0.8421627924821916
203,False,1,204,0.17442011833190918,0.8935567212202364
204,False,1,205,0.18318963050842285,0.9546292077838664
205,False,1,206,0.19089913368225098,0.8432207504908243
206,False,1,207,0.169891357421875,0.8787977445338453
207,False,1,208,0.17668414115905762,0.8735737845612068
208,False,1,209,0.1622467041015625,0.825123528417732
209,False,1,210,0.1813807487487793,0.8372095677602504
210,False,1,211,0.18587779998779297,0.934890634313758
211,False,1,212,0.18108606338500977,0.8708790695028645
212,False,1,213,0.17981266975402832,0.8640703860492932
213,False,1,214,0.18162202835083008,0.8602011876757301
214,False,1,215,0.1732172966003418,0.8757215014969311
215,False,1,216,0.1761951446533203,0.8867113422602414
216,False,1,217,0.1746375560760498,0.8478362279101496
217,False,1,218,0.18479275703430176,0.9261007003840945
218,False,1,219,0.18648481369018555,0.8878571039863996
219,False,1,220,0.15083527565002441,0.8158609404982553
220,False,1,221,0.1777973175048828,0.8325779633153052
221,False,1,222,0.18110179901123047,0.7917991963525615
222,False,1,223,0.18572163581848145,0.9540798664536504
223,False,1,224,0.18036293983459473,0.9261353639220552
224,False,1,225,0.18187785148620605,0.8664212223763265
225,False,1,226,0.18323016166687012,0.882521344127045
226,False,1,227,0.18529725074768066,0.8398641239896062
227,False,1,228,0.17653942108154297,0.8595881596917198
228,False,1,229,0.17547202110290527,0.8339463205387196
229,False,1,230,0.19331097602844238,0.8281221278011799
230,False,1,231,0.17395925521850586,0.8597252878493498
231,False,1,232,0.18614768981933594,0.9063207920463312
232,False,1,233,0.18076848983764648,0.8732818018733746
233,False,1,234,0.18340706825256348,0.880281942586104
234,False,1,235,0.18601369857788086,0.8564142424701934
235,False,1,236,0.1466677188873291,0.8363926476754602
236,False,1,237,0.1778578758239746,0.8301961052985419
237,False,1,238,0.18027997016906738,0.8300033202394843
238,False,1,239,0.1866903305053711,0.9227940198034048
239,False,1,240,0.17836976051330566,0.8112335961223359
240,False,1,241,0.1742725372314453,0.9848079046766672
241,False,1,242,0.1821887493133545,0.8451139112003144
242,False,1,243,0.18821930885314941,0.8161235917359592
243,False,1,244,0.17636346817016602,0.847680466116539
244,False,1,245,0.17693495750427246,0.862827929446385
245,False,1,246,0.19223690032958984,0.8503207598058953
246,False,1,247,0.1727747917175293,0.8520689270503465
247,False,1,248,0.18264436721801758,0.8628104247951083
248,False,1,249,0.18172645568847656,0.8614299761885335
249,False,1,250,0.18292522430419922,0.8504844168201089
250,False,1,251,0.17530226707458496,0.8710996256697745
251,False,1,252,0.14825129508972168,0.8561267723728504
252,False,1,253,0.2027745246887207,0.894672867886367
253,False,1,254,0.1948847770690918,0.9629860403282302
254,False,1,255,0.18856000900268555,0.9069584691453547
255,False,1,256,0.1789407730102539,0.8755759956049067
256,False,1,257,0.15637946128845215,0.9080661272053561
257,False,1,258,0.17581439018249512,0.8922016449893514
258,False,1,259,0.18086719512939453,0.8257554754437436
259,False,1,260,0.18664097785949707,0.8580452824410585
260,False,1,261,0.17905473709106445,0.8892458552228553
261,False,1,262,0.19462060928344727,0.928977297995949
262,False,1,263,0.17418384552001953,0.8732966901734471
263,False,1,264,0.1809985637664795,0.8210412969901448
264,False,1,265,0.17288446426391602,0.7919559017533347
265,False,1,266,0.17694926261901855,0.8147660983903777
266,False,1,267,0.18096613883972168,0.8659163983095258
267,False,1,268,0.1473085880279541,0.8996326111567517
268,False,1,269,0.1842818260192871,0.8776980115854669
269,False,1,270,0.1821274757385254,0.8700408828666524
270,False,1,271,0.18371224403381348,0.883717310880976
271,False,1,272,0.17344379425048828,0.7999785524305134
272,False,1,273,0.18952512741088867,0.8525280844908031
273,False,1,274,0.17458629608154297,0.8732620039511295
274,False,1,275,0.1777210235595703,0.9073673174051302
275,False,1,276,0.17708039283752441,0.8576520816201256
276,False,1,277,0.17578458786010742,0.8416604534944608
277,False,1,278,0.19250011444091797,0.8763047751216662
278,False,1,279,0.15151762962341309,0.8517019762657584
279,False,1,280,0.18273329734802246,0.7976413100425687
280,False,1,281,0.17719674110412598,0.9052566603003513
281,False,1,282,0.17807793617248535,0.8876935373326497
282,False,1,283,0.18492388725280762,0.8607833632933242
283,False,1,284,0.17261767387390137,0.8751831029630488
284,False,1,285,0.1867504119873047,0.9335754674726299
285,False,1,286,0.17998170852661133,0.832448384901952
286,False,1,287,0.18407320976257324,0.8393081717769659
287,False,1,288,0.18219542503356934,0.853405899523447
288,False,1,289,0.19956755638122559,0.9177668051616774
289,False,1,290,0.17855334281921387,0.9164876515666642
290,False,1,291,0.18381404876708984,0.8509461036883296
291,False,1,292,0.17954206466674805,0.8342203842032525
292,False,1,293,0.17643976211547852,0.8144938041278649
293,False,1,294,0.18312454223632812,0.8630200726911427
294,False,1,295,0.1503310203552246,0.8433895749926923
295,False,1,296,0.19470691680908203,0.8009111739118542
296,False,1,297,0.18109750747680664,0.8473135660890312
297,False,1,298,0.18573570251464844,0.8109604104067243
298,False,1,299,0.1830768585205078,0.8145286653279551
299,True,1,300,0.173936128616333,0.8465332051162563
300,False,1,301,0.17501306533813477,0.8672493673594934
301,False,1,302,0.18053317070007324,0.9792277037742592
302,False,1,303,0.18886280059814453,0.878525437521083
303,False,1,304,0.17867445945739746,0.901168382859656
304,False,1,305,0.19714951515197754,0.8973189638927579
305,False,1,306,0.1736297607421875,0.8440662052127579
306,False,1,307,0.18194341659545898,0.8208538964390755
307,False,1,308,0.174102783203125,0.8576047932729125
308,False,1,309,0.1752912998199463,0.9275419512497527
309,False,1,310,0.18007946014404297,0.867576693273371
310,False,1,311,0.14726519584655762,0.9089557691698982
311,False,1,312,0.18530726432800293,0.8300167636147568
312,False,1,313,0.1821296215057373,0.8499636563605496
313,False,1,314,0.18514156341552734,0.7907284432135168
314,False,1,315,0.17180633544921875,0.8123037717970351
315,False,1,316,0.18761444091796875,0.9193465666446304
316,False,1,317,0.17556428909301758,0.8628876969839135
317,False,1,318,0.1779637336730957,0.9000692849180529
318,False,1,319,0.17601847648620605,0.8388587603389863
319,False,1,320,0.17836213111877441,0.8639890100540857
320,False,1,321,0.19160056114196777,0.83546065153288
321,False,1,322,0.1519944667816162,0.8875144289895182
322,False,1,323,0.18285059928894043,0.859034008789985
323,False,1,324,0.17323088645935059,0.8933399903277557
324,False,1,325,0.1788632869720459,0.8398469896720988
325,False,1,326,0.17476391792297363,0.9119635600419271
326,False,1,327,0.18582844734191895,0.8209616868490617
327,False,1,328,0.1813642978668213,0.7847514058951113
328,False,1,329,0.18181157112121582,0.873679544954073
329,False,1,330,0.18526744842529297,0.9434580973216465
330,False,1,331,0.18036270141601562,0.8541302449469056
331,False,1,332,0.19884467124938965,0.8742672300542748
332,False,1,333,0.16306257247924805,0.8271939605474473
333,False,1,334,0.1829080581665039,0.8492637487971001
334,False,1,335,0.17628765106201172,0.9189456264000563
335,False,1,336,0.17757010459899902,0.8953577407768795
336,False,1,337,0.1844940185546875,0.9294031453984126
337,False,1,338,0.15736985206604004,0.814073304778763
338,False,1,339,0.18025803565979004,0.868631465138779
339,False,1,340,0.177811861038208,0.9146083961240947
340,False,1,341,0.17829370498657227,0.8744497130669298
341,False,1,342,0.18541240692138672,0.8141394537829219
342,False,1,343,0.19107317924499512,0.9914841212864434
343,False,1,344,0.18254780769348145,0.8229324915889829
344,False,1,345,0.18258380889892578,0.8292093878345831
345,False,1,346,0.18631434440612793,0.8274780122252805
346,False,1,347,0.17349720001220703,0.9069930158910295
347,False,1,348,0.1892862319946289,0.8307941887483355
348,False,1,349,0.14841175079345703,0.8341274658838908
349,False,1,350,0.17962646484375,0.8506363191242728
350,False,1,351,0.18898820877075195,0.8218935005189405
351,False,1,352,0.1794590950012207,0.8283580091027986
352,False,1,353,0.17883086204528809,0.8995578516540781
353,False,1,354,0.1581249237060547,0.9323499270803516
354,False,1,355,0.18018412590026855,0.8348027449988185
355,False,1,356,0.1893930435180664,0.8557484258143675
356,False,1,357,0.1805589199066162,0.8926306401512452
357,False,1,358,0.18326520919799805,0.9226644363343006
358,False,1,359,0.1748654842376709,0.8736186764158665
359,False,1,360,0.1827085018157959,0.8658007612407563
360,False,1,361,0.18001699447631836,0.8691473935642057
361,False,1,362,0.18103933334350586,0.8610344371714053
362,False,1,363,0.17377829551696777,0.8886234470243964
363,False,1,364,0.1852881908416748,0.8411106180754444
364,False,1,365,0.15703988075256348,0.8419468536352117
365,False,1,366,0.18251323699951172,0.8572479685591091
366,False,1,367,0.18695402145385742,0.9581871490393367
367,False,1,368,0.17519307136535645,0.880369714261698
368,False,1,369,0.17650389671325684,0.8481412274053409
369,False,1,370,0.1759352684020996,0.8844119003929553
370,False,1,371,0.18148350715637207,0.8381526246223423
371,False,1,372,0.18687915802001953,0.8643026098032437
372,False,1,373,0.18082547187805176,0.8293266322995934
373,False,1,374,0.1831049919128418,0.840750580387456
374,False,1,375,0.19201231002807617,0.8633424248102874
375,False,1,376,0.17371630668640137,0.8038984963315583
376,False,1,377,0.17496895790100098,0.8546113115957096
377,False,1,378,0.17975974082946777,0.8281532970833636
378,False,1,379,0.18740224838256836,0.9032286330170577
379,False,1,380,0.17841887474060059,0.84799291202355
380,False,1,381,0.16507673263549805,0.8541050428258522
381,False,1,382,0.1830461025238037,0.8702133761142337
382,False,1,383,0.1815950870513916,0.9095540995753948
383,False,1,384,0.17883920669555664,0.884682175703347
384,False,1,385,0.17728638648986816,0.8338945982090777
385,False,1,386,0.19784069061279297,0.866158932092644
386,False,1,387,0.1812572479248047,0.8493876515532889
387,False,1,388,0.18921327590942383,0.8648573214276917
388,False,1,389,0.1828303337097168,0.923947769793726
389,False,1,390,0.18483853340148926,0.8586672120505855
390,False,1,391,0.1855180263519287,0.8232166082820013
391,False,1,392,0.15120863914489746,0.8391216370676245
392,False,1,393,0.17557525634765625,0.9195960086016428
393,False,1,394,0.17577719688415527,0.8764482675829813
394,False,1,395,0.18835020065307617,0.8529122477574717
395,False,1,396,0.17790770530700684,0.9162678248470739
396,False,1,397,0.16890692710876465,0.8689466397765845
397,False,1,398,0.1737375259399414,0.85073952665109
398,False,1,399,0.17916297912597656,0.9057556259490195
399,True,1,400,0.20492148399353027,0.9464758183541043
400,False,1,401,0.18604350090026855,0.7978810014291889
401,False,1,402,0.19507050514221191,0.8071106484248525
402,False,1,403,0.1691884994506836,0.8322986550185651
403,False,1,404,0.1802523136138916,0.8595925608782897
404,False,1,405,0.17812156677246094,0.7834048477400627
405,False,1,406,0.1849346160888672,0.9272944068624861
406,False,1,407,0.17907190322875977,0.900009502612409
407,False,1,408,0.16382932662963867,0.8424384994875818
408,False,1,409,0.18184781074523926,0.8600343677791812
409,False,1,410,0.17999601364135742,0.8886463486899931
410,False,1,411,0.17678117752075195,0.939897369083372
411,False,1,412,0.1780993938446045,0.8783746354636693
412,False,1,413,0.1930694580078125,0.8353365970154604
413,False,1,414,0.17616033554077148,0.8253637693290199
414,False,1,415,0.1856834888458252,0.8882661741005168
415,False,1,416,0.18500542640686035,0.9026071656761424
416,False,1,417,0.18474626541137695,0.8879956731661445
417,False,1,418,0.18833255767822266,0.8083829702365967
418,False,1,419,0.1519460678100586,0.8113520347646306
419,False,1,420,0.18104982376098633,0.8051016281048458
420,False,1,421,0.17938804626464844,0.8889357579339828
421,False,1,422,0.18268251419067383,0.8381524125025386
422,False,1,423,0.17731165885925293,0.864651089245897
423,False,1,424,0.17569303512573242,0.8639702520865414
424,False,1,425,0.17792344093322754,0.8592304662091746
425,False,1,426,0.17277932167053223,0.8498440973815465
426,False,1,427,0.17445826530456543,0.8407487681445978
427,False,1,428,0.17761850357055664,0.854068469167465
428,False,1,429,0.20101022720336914,0.846054711645203
429,False,1,430,0.17083263397216797,0.8996537022647405
430,False,1,431,0.18656611442565918,0.9433471704611465
431,False,1,432,0.18440532684326172,0.9072770174104897
432,False,1,433,0.180192232131958,0.86306988281597
433,False,1,434,0.17521429061889648,0.8609607195304263
434,False,1,435,0.15664172172546387,0.8476355547262798
435,False,1,436,0.18586945533752441,0.8618788224245821
436,False,1,437,0.17832350730895996,0.9360661471173874
437,False,1,438,0.18257927894592285,0.8822331415666711
438,False,1,439,0.18120408058166504,0.8196371506367409
439,False,1,440,0.1802964210510254,0.8434628766207468
440,False,1,441,0.17598223686218262,0.8399675108403677
441,False,1,442,0.1794734001159668,0.8848295520458902
442,False,1,443,0.17784428596496582,0.8069583101286775
443,False,1,444,0.17730426788330078,0.8502568316512875
444,False,1,445,0.19924139976501465,0.8586988622943562
445,False,1,446,0.16688776016235352,0.8852684025963149
446,False,1,447,0.18728160858154297,0.8834335603307754
447,False,1,448,0.17307209968566895,0.8522723051054136
448,False,1,449,0.17580103874206543,0.8482291342335798
449,False,1,450,0.17496085166931152,0.8034957080547298
450,False,1,451,0.16966557502746582,0.8920256453344513
451,False,1,452,0.1831502914428711,0.828040712025194
452,False,1,453,0.17714667320251465,0.8970079716694142
453,False,1,454,0.2108323574066162,0.8217245995820989
454,False,1,455,0.17946219444274902,0.8624334526913507
455,False,1,456,0.18718862533569336,0.8187058511012721
456,False,1,457,0.1759929656982422,0.841190577152052
457,False,1,458,0.17741608619689941,0.8725950865607177
458,False,1,459,0.17514514923095703,0.8630487778711887
459,False,1,460,0.1763935089111328,0.8630965186194295
460,False,1,461,0.1916792392730713,0.8132110678679529
461,False,1,462,0.14951252937316895,0.849527650446232
462,False,1,463,0.17943120002746582,0.8226400439716168
463,False,1,464,0.17700600624084473,0.8105497105002758
464,False,1,465,0.1785428524017334,0.8028772462913323
465,False,1,466,0.185927152633667,0.8994386561569713
466,False,1,467,0.1656181812286377,0.8335505529705967
467,False,1,468,0.1817629337310791,0.8411721808037588
468,False,1,469,0.18248796463012695,0.8518151051941372
469,False,1,470,0.18420028686523438,0.8339287195399048
470,False,1,471,0.17348003387451172,0.8268201448732898
471,False,1,472,0.19457459449768066,0.8881887376219745
472,False,1,473,0.1712021827697754,0.8065891661459492
473,False,1,474,0.1797490119934082,0.8226740832795345
474,False,1,475,0.176741361618042,0.8692871671436085
475,False,1,476,0.17876935005187988,0.8908562015830759
476,False,1,477,0.18349075317382812,0.7941452678559081
477,False,1,478,0.15586352348327637,0.9701790759960811
478,False,1,479,0.1856682300567627,0.8444585477090663
479,False,1,480,0.17974114418029785,0.8748345042002346
480,False,1,481,0.18506622314453125,0.8891523797951993
481,False,1,482,0.17984795570373535,0.8116833504200691
482,False,1,483,0.18892645835876465,0.9072019964279162
483,False,1,484,0.1795177459716797,0.813403328259786
484,False,1,485,0.17901253700256348,0.8166062821234977
485,False,1,486,0.17527246475219727,0.8740640777562346
486,False,1,487,0.17670965194702148,0.8527986970508382
487,False,1,488,0.19178462028503418,0.9075106935841695
488,False,1,489,0.1486196517944336,0.9081296197670908
489,False,1,490,0.17912888526916504,0.9175560133797783
490,False,1,491,0.17826175689697266,0.7990613298135855
491,False,1,492,0.1804494857788086,0.8261252513288387
492,False,1,493,0.1860673427581787,0.8305266119007555
493,False,1,494,0.16587352752685547,0.7905045940008547
494,False,1,495,0.18111658096313477,0.8507936144957231
495,False,1,496,0.1830883026123047,0.8264266426364582
496,False,1,497,0.18182778358459473,0.811525123127337
497,False,1,498,0.17964911460876465,0.8324991086320509
498,False,1,499,0.1938927173614502,0.8603514990591932
499,True,1,500,0.1887953281402588,0.8383347673252934
500,False,1,501,0.178192138671875,0.9254838998119037
501,False,1,502,0.17594003677368164,0.812404689157293
502,False,1,503,0.1777477264404297,0.8301770059790995
503,False,1,504,0.18130826950073242,0.817579164879308
504,False,1,505,0.15352487564086914,0.8453229735827161
505,False,1,506,0.1832256317138672,0.8974974410209274
506,False,1,507,0.17238450050354004,0.8349426227976521
507,False,1,508,0.17543339729309082,0.881899177673317
508,False,1,509,0.17348003387451172,0.8441629764801335
509,False,1,510,0.19704937934875488,0.8818607089065369
510,False,1,511,0.17723846435546875,0.8860767095216684
511,False,1,512,0.18357014656066895,0.9371046434555735
512,False,1,513,0.18784284591674805,0.8262441575172401
513,False,1,514,0.1703505516052246,0.844186423213354
514,False,1,515,0.17701292037963867,0.8148381382093897
515,False,1,516,0.15783190727233887,0.8155117402784525
516,False,1,517,0.17953824996948242,0.9050659153699165
517,False,1,518,0.18796634674072266,0.823302298717733
518,False,1,519,0.18160629272460938,0.8401279663223595
519,False,1,520,0.18351078033447266,0.8177867213131063
520,False,1,521,0.17818689346313477,0.8310297461492676
521,False,1,522,0.18102407455444336,0.8660500293952368
522,False,1,523,0.17686963081359863,0.8411382642530258
523,False,1,524,0.18291544914245605,0.9112482435025631
524,False,1,525,0.18192005157470703,0.8901154333282085
525,False,1,526,0.19705533981323242,0.8118415100145199
526,False,1,527,0.17178726196289062,0.7999159116741448
527,False,1,528,0.17449045181274414,0.8551578956345717
528,False,1,529,0.17499136924743652,0.847113228868693
529,False,1,530,0.17447495460510254,0.9018991426343008
530,False,1,531,0.17604374885559082,0.7697195688351278
531,False,1,532,0.17997384071350098,0.904222565392653
532,False,1,533,0.18513965606689453,0.8250518394190638
533,False,1,534,0.18720650672912598,0.9208522539674525
534,False,1,535,0.17272686958312988,0.7934899485137845
535,False,1,536,0.17702126502990723,0.892284974810623
536,False,1,537,0.19466400146484375,0.8703670464012595
537,False,1,538,0.17380309104919434,0.8912556355020829
538,False,1,539,0.18841052055358887,0.8187913598847532
539,False,1,540,0.18089628219604492,0.810430892277509
540,False,1,541,0.1834113597869873,0.8346646870042952
541,False,1,542,0.18790030479431152,0.8542817245193182
542,False,1,543,0.1454758644104004,0.8319795225702581
543,False,1,544,0.17639946937561035,0.8736163508590488
544,False,1,545,0.17777252197265625,0.8220779416151346
545,False,1,546,0.18798136711120605,0.8634124451006451
546,False,1,547,0.17793846130371094,0.8079183588159226
547,False,1,548,0.17137956619262695,0.8427426206125388
548,False,1,549,0.17877650260925293,0.860342430638238
549,False,1,550,0.1717841625213623,0.860931700383801
550,False,1,551,0.17608404159545898,0.849745984366607
551,False,1,552,0.176924467086792,0.8188164143690041
552,False,1,553,0.20100831985473633,0.8516380011458838
553,False,1,554,0.16581249237060547,0.8125585709210663
554,False,1,555,0.19032692909240723,0.8142929908242964
555,False,1,556,0.17318224906921387,0.8651538706340254
556,False,1,557,0.17436647415161133,0.8836073157865376
557,False,1,558,0.17572808265686035,0.8750109668111518
558,False,1,559,0.16773009300231934,0.9220961210805746
559,False,1,560,0.18147611618041992,0.8517662438430955
560,False,1,561,0.17705750465393066,0.8357137934792609
561,False,1,562,0.1859738826751709,0.8235233825232301
562,False,1,563,0.17710447311401367,0.94207306133051
563,False,1,564,0.20276784896850586,0.8733037440106273
564,False,1,565,0.17178130149841309,0.8112575251254298
565,False,1,566,0.1781911849975586,0.8637645484524824
566,False,1,567,0.17620182037353516,0.8147182191855142
567,False,1,568,0.17791175842285156,0.8230430929744175
568,False,1,569,0.182326078414917,0.843096560576842
569,False,1,570,0.1562657356262207,0.8629801573586607
570,False,1,571,0.18678689002990723,0.8722988019386929
571,False,1,572,0.17202258110046387,0.8362834800389551
572,False,1,573,0.17723393440246582,0.8977878877804395
573,False,1,574,0.17483258247375488,0.8980899326104138
574,False,1,575,0.19518733024597168,0.8326928109107984
575,False,1,576,0.1773054599761963,0.8066865844607708
576,False,1,577,0.1812913417816162,0.8367488225035016
577,False,1,578,0.18663430213928223,0.8556686383228571
578,False,1,579,0.1701221466064453,0.8653953780996658
579,False,1,580,0.17719292640686035,0.7874085668119645
580,False,1,581,0.16287994384765625,0.909290631612142
581,False,1,582,0.18114328384399414,0.8800837553904525
582,False,1,583,0.18568062782287598,0.9068966530529518
583,False,1,584,0.17978501319885254,0.8499523732545118
584,False,1,585,0.1834714412689209,0.7773665765832577
585,False,1,586,0.17765069007873535,0.8025733713681499
586,False,1,587,0.1804521083831787,0.9005428440425368
587,False,1,588,0.1765899658203125,0.8529587962797709
588,False,1,589,0.18184971809387207,0.8214091175634946
589,False,1,590,0.18558645248413086,0.8334263257150138
590,False,1,591,0.19637322425842285,0.8665300374628886
591,False,1,592,0.17246127128601074,0.9063273992478137
592,False,1,593,0.17507624626159668,0.8396922236840639
593,False,1,594,0.1757192611694336,0.8471572360777784
594,False,1,595,0.17446279525756836,0.90957724103438
595,False,1,596,0.17624711990356445,0.8485690987491539
596,False,1,597,0.17959284782409668,0.8881564130119626
597,False,1,598,0.1821746826171875,0.8361894545100984
598,False,1,599,0.18816351890563965,0.9020974813472656
599,True,1,600,0.20514822006225586,0.8531676027036847
600,False,1,601,0.18601775169372559,0.8398326433130672
601,False,1,602,0.1744530200958252,0.8211077043808822
602,False,1,603,0.18097424507141113,0.8805627644372482
603,False,1,604,0.1771383285522461,0.8735610665309994
604,False,1,605,0.17765188217163086,0.8774039407172018
605,False,1,606,0.18365931510925293,0.8894317551249903
606,False,1,607,0.19695329666137695,0.8995778756659658
607,False,1,608,0.17286896705627441,0.8478895953989455
608,False,1,609,0.17429518699645996,0.8136671409897861
609,False,1,610,0.17908453941345215,0.8337834055225055
610,False,1,611,0.17562198638916016,0.8391253132639186
611,False,1,612,0.17595863342285156,0.8187020863184616
612,False,1,613,0.17867779731750488,0.9107543782419747
613,False,1,614,0.18116307258605957,0.797978978382335
614,False,1,615,0.18554353713989258,0.834307411685586
615,False,1,616,0.18362998962402344,0.8912231916827815
616,False,1,617,0.181321382522583,0.8274788475107581
617,False,1,618,0.18017935752868652,0.85143838743014
618,False,1,619,0.18102073669433594,0.8271519995871044
619,False,1,620,0.17924737930297852,0.8085663624861764
620,False,1,621,0.17905402183532715,0.8303530374320133
621,False,1,622,0.18304824829101562,0.8242378226437029
622,False,1,623,0.19701814651489258,0.8626925126826833
623,False,1,624,0.17763304710388184,0.9200094985731301
624,False,1,625,0.18427538871765137,0.8938362379336642
625,False,1,626,0.18968725204467773,0.8776738271117211
626,False,1,627,0.17003250122070312,0.855529683686438
627,False,1,628,0.1763448715209961,0.8181605047235885
628,False,1,629,0.16097211837768555,0.8515664381640299
629,False,1,630,0.19479060173034668,0.9123987719594012
630,False,1,631,0.18521761894226074,0.8430586489627049
631,False,1,632,0.18163561820983887,0.8223704745372137
632,False,1,633,0.18082785606384277,0.8564927328954495
633,False,1,634,0.18530535697937012,0.866053950906332
634,False,1,635,0.1722118854522705,0.8787948794308165
635,False,1,636,0.17544054985046387,0.8522899127121837
636,False,1,637,0.17809724807739258,0.832013477859575
637,False,1,638,0.1822509765625,0.8388577344649959
638,False,1,639,0.18878388404846191,0.8556722739179218
639,False,1,640,0.147719144821167,0.8020682453310916
640,False,1,641,0.17941975593566895,0.8661721291774441
641,False,1,642,0.17998099327087402,0.8083432002791335
642,False,1,643,0.18596100807189941,0.8622760167123664
643,False,1,644,0.1812596321105957,0.8131317818049518
644,False,1,645,0.18442225456237793,0.8715685730622638
645,False,1,646,0.17396187782287598,0.8596683616439501
646,False,1,647,0.18177032470703125,0.8992951479518697
647,False,1,648,0.17409706115722656,0.8121184496918605
648,False,1,649,0.17590069770812988,0.9179723905842929
649,False,1,650,0.18776512145996094,0.829701867575447
650,False,1,651,0.15299248695373535,0.9211791044633303
651,False,1,652,0.181351900100708,0.8723335888768943
652,False,1,653,0.1813220977783203,0.8898885277365999
653,False,1,654,0.18789458274841309,0.8656544541895742
654,False,1,655,0.1737813949584961,0.8258080855011939
655,False,1,656,0.1685037612915039,0.8144895424844607
656,False,1,657,0.18101048469543457,0.8622366025644753
657,False,1,658,0.18274283409118652,0.7722422895243478
658,False,1,659,0.1902930736541748,0.8169188181027058
659,False,1,660,0.17656636238098145,0.9560795397985549
660,False,1,661,0.19674205780029297,0.8476522176393441
661,False,1,662,0.17879557609558105,0.8550784429091781
662,False,1,663,0.1837165355682373,0.8471552718962941
663,False,1,664,0.17050433158874512,0.8715634849809465
664,False,1,665,0.17460107803344727,0.8814435240236067
665,False,1,666,0.18083834648132324,0.8345498244411178
666,False,1,667,0.14831924438476562,0.771832668466405
667,False,1,668,0.1845078468322754,0.8550963952605211
668,False,1,669,0.17774343490600586,0.7971626448533718
669,False,1,670,0.18341827392578125,0.892207984524291
670,False,1,671,0.1734025478363037,0.8673540465755476
671,False,1,672,0.18672466278076172,0.8129091482786905
672,False,1,673,0.17540287971496582,0.8945246869254682
673,False,1,674,0.17621541023254395,0.8221501489169896
674,False,1,675,0.17570829391479492,0.8691571111391698
675,False,1,676,0.17514872550964355,0.855603031281914
676,False,1,677,0.1921093463897705,0.8289572099844614
677,False,1,678,0.1477675437927246,0.8793727224249214
678,False,1,679,0.18087434768676758,0.8011377760475235
679,False,1,680,0.17545199394226074,0.808192679525486
680,False,1,681,0.1772146224975586,0.8660638346558527
681,False,1,682,0.18619394302368164,0.901775560253078
682,False,1,683,0.16786718368530273,0.8194806604158311
683,False,1,684,0.1808319091796875,0.8445072476086872
684,False,1,685,0.1827387809753418,0.8559889724433776
685,False,1,686,0.18607449531555176,0.8258502540134246
686,False,1,687,0.17540287971496582,0.8083980076813275
687,False,1,688,0.19505691528320312,0.8751051122145285
688,False,1,689,0.1692652702331543,0.8360024717680755
689,False,1,690,0.18027257919311523,0.788637375902562
690,False,1,691,0.17697715759277344,0.8503097777387926
691,False,1,692,0.17612147331237793,0.7991687951254702
692,False,1,693,0.18456554412841797,0.8502912459717622
693,False,1,694,0.15555357933044434,0.8467318427615932
694,False,1,695,0.17949891090393066,0.8830963064517293
695,False,1,696,0.17725133895874023,0.8452104359333006
696,False,1,697,0.17933416366577148,0.8358035155882437
697,False,1,698,0.18409061431884766,0.8572533234865182
698,False,1,699,0.19028639793395996,0.8235783222175778
699,True,1,700,0.20481252670288086,0.896861374732994
700,False,1,701,0.17669939994812012,0.8999439017137602
701,False,1,702,0.18529462814331055,0.8851700188769471
702,False,1,703,0.17165207862854004,0.8815640194696329
703,False,1,704,0.18842482566833496,0.8847630297144254
704,False,1,705,0.14798426628112793,0.7635172508390887
705,False,1,706,0.1805431842803955,0.8750532099178857
706,False,1,707,0.18614435195922852,0.8106811749083658
707,False,1,708,0.17831206321716309,0.8997229735056561
708,False,1,709,0.18297600746154785,0.8152278981038501
709,False,1,710,0.1558818817138672,0.9323667007099304
710,False,1,711,0.1805098056793213,0.9057409455999732
711,False,1,712,0.18821024894714355,0.8375078967683726
712,False,1,713,0.18027544021606445,0.8699881995008104
713,False,1,714,0.18623733520507812,0.9033998250961305
714,False,1,715,0.1720261573791504,0.841517294668371
715,False,1,716,0.1785259246826172,0.846517277127575
716,False,1,717,0.18017220497131348,0.891134840258885
717,False,1,718,0.18089723587036133,0.8599224832086335
718,False,1,719,0.1833031177520752,0.902319716777475
719,False,1,720,0.19426870346069336,0.8769626358435265
720,False,1,721,0.17627906799316406,0.8306719635036732
721,False,1,722,0.183274507522583,0.8859268845546814
722,False,1,723,0.19080662727355957,0.9673440223559738
723,False,1,724,0.1715848445892334,0.8765591720030421
724,False,1,725,0.1802201271057129,0.9289248115604832
725,False,1,726,0.1586136817932129,0.8442480685632854
726,False,1,727,0.17989468574523926,0.8032286418158384
727,False,1,728,0.18527460098266602,0.9252401867526628
728,False,1,729,0.18173527717590332,0.8133672159830373
729,False,1,730,0.18404245376586914,0.7912300173193215
730,False,1,731,0.1784806251525879,0.814776898206522
731,False,1,732,0.17966222763061523,0.8629930206973639
732,False,1,733,0.18018221855163574,0.8703281696708428
733,False,1,734,0.18129420280456543,0.8138896973271457
734,False,1,735,0.186049222946167,0.8680155304748387
735,False,1,736,0.19553589820861816,0.8426226360634679
736,False,1,737,0.17490839958190918,0.8242355610820508
737,False,1,738,0.18492960929870605,0.8534547224463451
738,False,1,739,0.19005155563354492,0.8615923843656977
739,False,1,740,0.17461228370666504,0.8225111393923206
740,False,1,741,0.17921924591064453,0.8642471023125663
741,False,1,742,0.15903449058532715,0.881704691354008
742,False,1,743,0.17847681045532227,0.8417389779573395
743,False,1,744,0.18457984924316406,0.8703014940644305
744,False,1,745,0.17933058738708496,0.8207751323380285
745,False,1,746,0.1848278045654297,0.8383326335765776
746,False,1,747,0.17386245727539062,0.8365769975242161
747,False,1,748,0.1797182559967041,0.852526156098715
748,False,1,749,0.17467212677001953,0.7922876180992239
749,False,1,750,0.1827259063720703,0.8646965683659628
750,False,1,751,0.1833028793334961,0.8349179347001372
751,False,1,752,0.19516229629516602,0.8901740187291235
752,False,1,753,0.17045021057128906,0.8456779791130907
753,False,1,754,0.1737966537475586,0.8649110707143943
754,False,1,755,0.1772933006286621,0.8560020331115947
755,False,1,756,0.17426037788391113,0.9136955963358991
756,False,1,757,0.17597699165344238,0.8276437631852571
757,False,1,758,0.17936277389526367,0.8310650022966519
758,False,1,759,0.18412995338439941,0.8496770209056281
759,False,1,760,0.18850111961364746,0.8395433264474074
760,False,1,761,0.17572951316833496,0.8699682116331089
761,False,1,762,0.17831110954284668,0.8819510539372764
762,False,1,763,0.192643404006958,0.8953857205453374
763,False,1,764,0.17381691932678223,0.8439148308354474
764,False,1,765,0.1835012435913086,0.8676435663586572
765,False,1,766,0.17983150482177734,0.8510627641032138
766,False,1,767,0.18317961692810059,0.7921129985756815
767,False,1,768,0.19151782989501953,0.8443388743769553
768,False,1,769,0.14783573150634766,0.8455181150209338
769,False,1,770,0.17408442497253418,0.852583500113161
770,False,1,771,0.1828453540802002,0.8646528550113242
771,False,1,772,0.18555021286010742,0.8433617171387943
772,False,1,773,0.1775968074798584,0.9165778472310022
773,False,1,774,0.1746361255645752,0.8392088616133802
774,False,1,775,0.18340158462524414,0.8670405768345862
775,False,1,776,0.18686389923095703,0.8057140537670682
776,False,1,777,0.17485904693603516,0.8656966743015109
777,False,1,778,0.1762690544128418,0.8148102121693745
778,False,1,779,0.1933290958404541,0.8150488404291019
779,False,1,780,0.17369961738586426,0.8713904851604075
780,False,1,781,0.1846914291381836,0.8721916907954783
781,False,1,782,0.18255829811096191,0.8605803183856463
782,False,1,783,0.1838228702545166,0.8804720731097316
783,False,1,784,0.18672728538513184,0.9351021543677362
784,False,1,785,0.14734339714050293,0.8451359222332636
785,False,1,786,0.17792558670043945,0.9204874964697022
786,False,1,787,0.1807098388671875,0.7639716464050468
787,False,1,788,0.1852738857269287,0.8571427673367517
788,False,1,789,0.1796426773071289,0.9132543286929529
789,False,1,790,0.17369794845581055,0.798853742069609
790,False,1,791,0.18380522727966309,0.8239823474238317
791,False,1,792,0.18717670440673828,0.7948682286909649
792,False,1,793,0.17667675018310547,0.8388575324345203
793,False,1,794,0.17556405067443848,0.872034951024467
794,False,1,795,0.1929798126220703,0.873374804521778
795,False,1,796,0.17337822914123535,0.8461777154090147
796,False,1,797,0.18561172485351562,0.8047833239570968
797,False,1,798,0.18095731735229492,0.863876355324118
798,False,1,799,0.1826927661895752,0.8340684510545717
799,True,1,800,0.21658015251159668,0.8083210265308263
800,False,1,801,0.15779733657836914,0.8847435923692372
801,False,1,802,0.18470120429992676,0.8627848708780396
802,False,1,803,0.18075823783874512,0.8123573735356333
803,False,1,804,0.17550349235534668,0.8342365837611613
804,False,1,805,0.17812013626098633,0.843403810635209
805,False,1,806,0.1791067123413086,0.8794069971357075
806,False,1,807,0.18312382698059082,0.8954995674125495
807,False,1,808,0.185988187789917,0.8035905918638621
808,False,1,809,0.17399168014526367,0.8726790467986748
809,False,1,810,0.17628884315490723,0.8027725330598297
810,False,1,811,0.1949934959411621,0.8475579152859395
811,False,1,812,0.17630529403686523,0.8270506885878386
812,False,1,813,0.18542885780334473,0.8439553954771587
813,False,1,814,0.17987847328186035,0.7982560845003241
814,False,1,815,0.18503427505493164,0.8397426541805977
815,False,1,816,0.18641376495361328,0.784991623168545
816,False,1,817,0.1481921672821045,0.8457601979330537
817,False,1,818,0.17849159240722656,0.8827298521064222
818,False,1,819,0.1765449047088623,0.8650910478262672
819,False,1,820,0.18700194358825684,0.882762272886577
820,False,1,821,0.1794571876525879,0.9131303235578042
821,False,1,822,0.17824888229370117,0.8324813841442977
822,False,1,823,0.1819922924041748,0.7944361561510178
823,False,1,824,0.1838371753692627,0.8911035958500138
824,False,1,825,0.17594623565673828,0.8273235147685878
825,False,1,826,0.17568182945251465,0.8733010117762857
826,False,1,827,0.19280600547790527,0.8816764361801601
827,False,1,828,0.170806884765625,0.8535091491150005
828,False,1,829,0.22371816635131836,0.8041199527769571
829,False,1,830,0.1817631721496582,0.8442001117925558
830,False,1,831,0.18233346939086914,0.8434387542573466
831,False,1,832,0.19301176071166992,0.8428053590690807
832,False,1,833,0.15579485893249512,0.801939364300952
833,False,1,834,0.1811678409576416,0.8292278924380385
834,False,1,835,0.175459623336792,0.8879775967715041
835,False,1,836,0.18268442153930664,0.8286550624207372
836,False,1,837,0.17617154121398926,0.8471120063747677
837,False,1,838,0.17499232292175293,0.8452733192326768
838,False,1,839,0.18346309661865234,0.7650808657386473
839,False,1,840,0.18744945526123047,0.8808299242740586
840,False,1,841,0.17244386672973633,0.7987032110935874
841,False,1,842,0.17632031440734863,0.8458717499992677
842,False,1,843,0.191375732421875,0.8109623388431612
843,False,1,844,0.1735248565673828,0.7706616072072869
844,False,1,845,0.18509936332702637,0.8492485232917327
845,False,1,846,0.17908000946044922,0.8503157685821257
846,False,1,847,0.18381619453430176,0.8481785928209622
847,False,1,848,0.1896982192993164,0.8474431650358296
848,False,1,849,0.14696335792541504,0.8373461728915573
849,False,1,850,0.17545199394226074,0.865200465012874
850,False,1,851,0.17949318885803223,0.8803089732481609
851,False,1,852,0.181976318359375,0.9088179923682697
852,False,1,853,0.17998003959655762,0.883878902842601
853,False,1,854,0.17723989486694336,0.8197137795477397
854,False,1,855,0.17769885063171387,0.9116552879235574
855,False,1,856,0.18486285209655762,0.7952017716265148
856,False,1,857,0.17163968086242676,0.8045703084429814
857,False,1,858,0.17714262008666992,0.8422562855162791
858,False,1,859,0.18350505828857422,0.8778866071564455
859,False,1,860,0.14912939071655273,0.8422910030931235
860,False,1,861,0.18758177757263184,0.9073450229618522
861,False,1,862,0.17994952201843262,0.8351818351518541
862,False,1,863,0.178908109664917,0.8353323715605906
863,False,1,864,0.17741942405700684,0.803002358125966
864,False,1,865,0.1687636375427246,0.8895349242236642
865,False,1,866,0.18314075469970703,0.8813653959493551
866,False,1,867,0.18076610565185547,0.7976842861445178
867,False,1,868,0.181715726852417,0.8570147348301752
868,False,1,869,0.17742300033569336,0.7943547633254813
869,False,1,870,0.20265746116638184,0.8564719192328907
870,False,1,871,0.1719801425933838,0.8746539294453604
871,False,1,872,0.1755378246307373,0.8686585344285481
872,False,1,873,0.17661619186401367,0.9253949683514378
873,False,1,874,0.17801928520202637,0.8311796524074108
874,False,1,875,0.18232941627502441,0.7715299313754908
875,False,1,876,0.1558537483215332,0.8222001699420313
876,False,1,877,0.179581880569458,0.8132263697417721
877,False,1,878,0.17828011512756348,0.8399470050242683
878,False,1,879,0.17916631698608398,0.8121873527055695
879,False,1,880,0.18178653717041016,0.7960332523632261
880,False,1,881,0.19197392463684082,0.8484783240460924
881,False,1,882,0.18432879447937012,0.8485930322758144
882,False,1,883,0.1845719814300537,0.8518346018335294
883,False,1,884,0.1836857795715332,0.9460657567584088
884,False,1,885,0.17280077934265137,0.8678371905393545
885,False,1,886,0.18482470512390137,0.8771417019445273
886,False,1,887,0.15806865692138672,0.8416830113911556
887,False,1,888,0.18049907684326172,0.7637940208826748
888,False,1,889,0.18714308738708496,0.8157529870181212
889,False,1,890,0.17874789237976074,0.8093958853167439
890,False,1,891,0.18276333808898926,0.8412787582991378
891,False,1,892,0.15871405601501465,0.8593397814603079
892,False,1,893,0.18157362937927246,0.8054693937301636
893,False,1,894,0.18933510780334473,0.9216138156397001
894,False,1,895,0.1795334815979004,0.8943317773352776
895,False,1,896,0.18090033531188965,0.8753895967134405
896,False,1,897,0.1792895793914795,0.7668812912223594
897,False,1,898,0.1813645362854004,0.8341656189323183
898,False,1,899,0.17974591255187988,0.8387506448752469
899,True,1,900,0.19678664207458496,0.8713529955906173
900,False,1,901,0.1808922290802002,0.8703160836317
901,False,1,902,0.1935722827911377,0.8949817548550312
902,False,1,903,0.16760873794555664,0.9215264845018586
903,False,1,904,0.17694687843322754,0.8708183140981764
904,False,1,905,0.17920780181884766,0.8496147598184288
905,False,1,906,0.18195748329162598,0.8171414120921067
906,False,1,907,0.18254733085632324,0.8744676046827365
907,False,1,908,0.1720266342163086,0.785811200094897
908,False,1,909,0.1780393123626709,0.8695630297242175
909,False,1,910,0.18038344383239746,0.8531385043724663
910,False,1,911,0.17560625076293945,0.7905389865239458
911,False,1,912,0.17658352851867676,0.8952302552227465
912,False,1,913,0.19667744636535645,0.7962251011991782
913,False,1,914,0.17966961860656738,0.8023270888786233
914,False,1,915,0.18448448181152344,0.8861637720838189
915,False,1,916,0.18190312385559082,0.8117248963209845
916,False,1,917,0.1814134120941162,0.8563001092434641
917,False,1,918,0.1857318878173828,0.8046974702294739
918,False,1,919,0.1503913402557373,0.7958352908580785
919,False,1,920,0.18535423278808594,0.7763361923751377
920,False,1,921,0.17984485626220703,0.9288190931214818
921,False,1,922,0.18152880668640137,0.8749935837639942
922,False,1,923,0.1759648323059082,0.864566924671332
923,False,1,924,0.17010045051574707,0.8563447697753354
924,False,1,925,0.1836388111114502,0.8396772304549814
925,False,1,926,0.17813801765441895,0.85254792496562
926,False,1,927,0.18906354904174805,0.8707727746195381
927,False,1,928,0.1819608211517334,0.880378696801407
928,False,1,929,0.19878411293029785,0.8043801091567035
929,False,1,930,0.17527461051940918,0.8318192710479099
930,False,1,931,0.17932462692260742,0.8868203969627972
931,False,1,932,0.17667412757873535,0.851889637431928
932,False,1,933,0.17734503746032715,0.8257795821964032
933,False,1,934,0.1921699047088623,0.8162953961152758
934,False,1,935,0.1485302448272705,0.8054912094736384
935,False,1,936,0.17824625968933105,0.8911557884310328
936,False,1,937,0.17728757858276367,0.7994224105828575
937,False,1,938,0.18030285835266113,0.8577334188989231
938,False,1,939,0.18674445152282715,0.7830192924344115
939,False,1,940,0.1661982536315918,0.8551072339926447
940,False,1,941,0.18042540550231934,0.9462326878371339
941,False,1,942,0.18253040313720703,0.8205951747617551
942,False,1,943,0.17908549308776855,0.7919371481097879
943,False,1,944,0.17480206489562988,0.8322606629115484
944,False,1,945,0.19724702835083008,0.8241985040672477
945,False,1,946,0.1766819953918457,0.8536490004598385
946,False,1,947,0.18060636520385742,0.8744260387140371
947,False,1,948,0.1843400001525879,0.8679279152392632
948,False,1,949,0.18172216415405273,0.8557821648816268
949,False,1,950,0.18833374977111816,0.8527897926757027
950,False,1,951,0.1555643081665039,0.8596169643458865
951,False,1,952,0.1817302703857422,0.8622739880257064
952,False,1,953,0.19006061553955078,0.8539523075201683
953,False,1,954,0.18158721923828125,0.8080287586808914
954,False,1,955,0.18221712112426758,0.8034248512149565
955,False,1,956,0.1578214168548584,0.8399467855204075
956,False,1,957,0.17849159240722656,0.8211265544717511
957,False,1,958,0.18451666831970215,0.8351517945882818
958,False,1,959,0.17981481552124023,0.8363723543783029
959,False,1,960,0.1808626651763916,0.8399621843848198
960,False,1,961,0.17999529838562012,0.8383433882679256
961,False,1,962,0.18245792388916016,0.8100932318539846
962,False,1,963,0.17860007286071777,0.8824857170250089
963,False,1,964,0.1798079013824463,0.851692870902341
964,False,1,965,0.18359708786010742,0.8204504142382314
965,False,1,966,0.193528413772583,0.8672765835543118
966,False,1,967,0.1694326400756836,0.8920962856639001
967,False,1,968,0.17595410346984863,0.803379313643312
968,False,1,969,0.17676210403442383,0.8402301880220572
969,False,1,970,0.17608118057250977,0.8331838747752564
970,False,1,971,0.17693352699279785,0.8150694201301252
971,False,1,972,0.17951083183288574,0.7964810043174243
972,False,1,973,0.1831820011138916,0.8496014633703799
973,False,1,974,0.18705987930297852,0.8408371162201677
974,False,1,975,0.17375659942626953,0.8462740154049937
975,False,1,976,0.1762559413909912,0.8766714467533998
976,False,1,977,0.1959683895111084,0.8401701534610422
977,False,1,978,0.1808927059173584,0.7959879980466905
978,False,1,979,0.18823456764221191,0.8508086685712141
979,False,1,980,0.18236112594604492,0.9239810431553493
980,False,1,981,0.18362736701965332,0.8084126987627575
981,False,1,982,0.18755316734313965,0.7451674933101806
982,False,1,983,0.15256142616271973,0.827696761914662
983,False,1,984,0.1858680248260498,0.8489637856504747
984,False,1,985,0.1824350357055664,0.9078905791753813
985,False,1,986,0.1895585060119629,0.8259786994506914
986,False,1,987,0.17899560928344727,0.8441688771847458
987,False,1,988,0.15143156051635742,0.8638192266225815
988,False,1,989,0.17420697212219238,0.7657331022478284
989,False,1,990,0.1789255142211914,0.8457857450425981
990,False,1,991,0.18229460716247559,0.8458657027000474
991,False,1,992,0.17964553833007812,0.8650991453656128
992,False,1,993,0.19910097122192383,0.8711954404910406
993,False,1,994,0.17806410789489746,0.8594918563474145
994,False,1,995,0.18369174003601074,0.8588450052775443
995,False,1,996,0.17798733711242676,0.8802875181039174
996,False,1,997,0.1744823455810547,0.8304782339504786
997,False,1,998,0.17972230911254883,0.8716535687978778
998,False,1,999,0.15189337730407715,0.818405931682459
999,True,1,1000,0.2036604881286621,0.8389410471011484
1000,False,1,1001,0.17742466926574707,0.8227007058670832
1001,False,1,1002,0.1831367015838623,0.8144272805324622
1002,False,1,1003,0.18343186378479004,0.86574079038664
1003,False,1,1004,0.17360234260559082,0.8584389299863863
1004,False,1,1005,0.1784989833831787,0.8835821029996234
1005,False,1,1006,0.18263745307922363,0.8677635136769997
1006,False,1,1007,0.17886662483215332,0.7968012166564309
1007,False,1,1008,0.1765899658203125,0.8353421792742749
1008,False,1,1009,0.2016160488128662,0.7992626857899485
1009,False,1,1010,0.17251849174499512,0.7786284064696657
1010,False,1,1011,0.18227291107177734,0.8887866770715587
1011,False,1,1012,0.18439269065856934,0.8010580473402072
1012,False,1,1013,0.20143556594848633,0.8127177062311342
1013,False,1,1014,0.1909785270690918,0.8413008536611284
1014,False,1,1015,0.1585371494293213,0.8363980187901431
1015,False,1,1016,0.18868637084960938,0.8133641361658064
1016,False,1,1017,0.18243765830993652,0.8577327436013592
1017,False,1,1018,0.1867828369140625,0.8358807707914993
1018,False,1,1019,0.18438124656677246,0.8168565062362522
1019,False,1,1020,0.15876436233520508,0.8981123394998056
1020,False,1,1021,0.18401885032653809,0.7676716309839062
1021,False,1,1022,0.1846451759338379,0.8673969556887943
1022,False,1,1023,0.19095087051391602,0.8375095212388606
1023,False,1,1024,0.17660784721374512,0.8033741544488638
1024,False,1,1025,0.1787092685699463,0.8139746905792327
1025,False,1,1026,0.17474007606506348,0.812169193866707
1026,False,1,1027,0.17910218238830566,0.8275656828523745
1027,False,1,1028,0.1778101921081543,0.8366434435094043
1028,False,1,1029,0.17886567115783691,0.8458031002166015
1029,False,1,1030,0.2012619972229004,0.8504151711683898
1030,False,1,1031,0.16623353958129883,0.8257865302841224
1031,False,1,1032,0.1856067180633545,0.8239218094829645
1032,False,1,1033,0.17518305778503418,0.7836583982709617
1033,False,1,1034,0.17662715911865234,0.8429379471178566
1034,False,1,1035,0.17619037628173828,0.8327748443310461
1035,False,1,1036,0.1660914421081543,0.8764890573386634
1036,False,1,1037,0.1824653148651123,0.8231468554586171
1037,False,1,1038,0.17810916900634766,0.8408918007543045
1038,False,1,1039,0.1855320930480957,0.894795597309158
1039,False,1,1040,0.1717684268951416,0.8302001937159469
1040,False,1,1041,0.1953897476196289,0.788717527940337
1041,False,1,1042,0.16695761680603027,0.8559529382646792
1042,False,1,1043,0.17969441413879395,0.8572830765153324
1043,False,1,1044,0.17524170875549316,0.8580655816809408
1044,False,1,1045,0.17497873306274414,0.8548125620665294
1045,False,1,1046,0.18307137489318848,0.8102082698827698
1046,False,1,1047,0.15631723403930664,0.8964608873994578
1047,False,1,1048,0.18080663681030273,0.8635914884951141
1048,False,1,1049,0.1769249439239502,0.8998922562625792
1049,False,1,1050,0.18132877349853516,0.8116693686073024
1050,False,1,1051,0.1832585334777832,0.863840592559427
1051,False,1,1052,0.19352149963378906,0.9409560070240073
1052,False,1,1053,0.18729901313781738,0.878685041552498
1053,False,1,1054,0.1818256378173828,0.87660371243865
1054,False,1,1055,0.18701553344726562,0.861145694828814
1055,False,1,1056,0.1701657772064209,0.8904982256215243
1056,False,1,1057,0.18499469757080078,0.8506285964422637
1057,False,1,1058,0.1591944694519043,0.838078955587532
1058,False,1,1059,0.17789506912231445,0.847515616388548
1059,False,1,1060,0.18613910675048828,0.8647319314380487
1060,False,1,1061,0.1760094165802002,0.8349377852421078
1061,False,1,1062,0.18055462837219238,0.8353240681546076
1062,False,1,1063,0.15818476676940918,0.7729194312400761
1063,False,1,1064,0.18130779266357422,0.8334503925316746
1064,False,1,1065,0.18564534187316895,0.8713468044464076
1065,False,1,1066,0.18308782577514648,0.8054975357704929
1066,False,1,1067,0.18410015106201172,0.8649806502674308
1067,False,1,1068,0.1741335391998291,0.8186070138943337
1068,False,1,1069,0.18044471740722656,0.8158742205372876
1069,False,1,1070,0.1780562400817871,0.8344057171073344
1070,False,1,1071,0.18305683135986328,0.8145222788942712
1071,False,1,1072,0.18448829650878906,0.8287935245427347
1072,False,1,1073,0.1929183006286621,0.8372080139815807
1073,False,1,1074,0.17463183403015137,0.7737504994674098
1074,False,1,1075,0.1799767017364502,0.8216047911416916
1075,False,1,1076,0.17258167266845703,0.8482528525582026
1076,False,1,1077,0.17513537406921387,0.9084479117189492
1077,False,1,1078,0.17732596397399902,0.8747134086276803
1078,False,1,1079,0.1761772632598877,0.7895316740808385
1079,False,1,1080,0.18268084526062012,0.8157044399884483
1080,False,1,1081,0.18530559539794922,0.9307737155551356
1081,False,1,1082,0.17426681518554688,0.8942044058681597
1082,False,1,1083,0.17672491073608398,0.7856484268614577
1083,False,1,1084,0.19469738006591797,0.8606956494484276
1084,False,1,1085,0.1733551025390625,0.7806597366884707
1085,False,1,1086,0.18757891654968262,0.8412759924928347
1086,False,1,1087,0.18068456649780273,0.8609832972066388
1087,False,1,1088,0.18550324440002441,0.8778391567369301
1088,False,1,1089,0.18744444847106934,0.824421045326051
1089,False,1,1090,0.15131092071533203,0.8440603634253855
1090,False,1,1091,0.17516589164733887,0.7905113074618081
1091,False,1,1092,0.1802363395690918,0.8543508634680793
1092,False,1,1093,0.18497133255004883,0.8191282387068939
1093,False,1,1094,0.17818474769592285,0.7692089472187771
1094,False,1,1095,0.17687606811523438,0.8391044757195881
1095,False,1,1096,0.1841442584991455,0.7743470454588531
1096,False,1,1097,0.19055747985839844,0.8103163477831652
1097,False,1,1098,0.17306804656982422,0.8564963358498754
1098,False,1,1099,0.17422938346862793,0.8649788678047203
1099,True,1,1100,0.21171092987060547,0.7923811687644394
1100,False,1,1101,0.1749255657196045,0.853084631086815
1101,False,1,1102,0.1863112449645996,0.8193586887126524
1102,False,1,1103,0.18259334564208984,0.8664225787589591
1103,False,1,1104,0.18599200248718262,0.8568543640985377
1104,False,1,1105,0.19324207305908203,0.8454731659342842
1105,False,1,1106,0.17429399490356445,0.8292642978374805
1106,False,1,1107,0.17375445365905762,0.8580574327192847
1107,False,1,1108,0.17664742469787598,0.9125775184171896
1108,False,1,1109,0.17248964309692383,0.8615678791178482
1109,False,1,1110,0.17717432975769043,0.8096050375052507
1110,False,1,1111,0.18070507049560547,0.8106615906581282
1111,False,1,1112,0.18410563468933105,0.7895379998233348
1112,False,1,1113,0.18929624557495117,0.8594683351970857
1113,False,1,1114,0.18321800231933594,0.842200239122446
1114,False,1,1115,0.18440961837768555,0.8356174195540091
1115,False,1,1116,0.17717885971069336,0.8459733782690906
1116,False,1,1117,0.18039464950561523,0.8237607552936035
1117,False,1,1118,0.17888927459716797,0.8910756655746983
1118,False,1,1119,0.18117403984069824,0.8138049282133578
1119,False,1,1120,0.18423843383789062,0.8492953825653312
1120,False,1,1121,0.19150519371032715,0.8489659331251113
1121,False,1,1122,0.1796283721923828,0.7755802634970419
1122,False,1,1123,0.1804182529449463,0.8569367073831103
1123,False,1,1124,0.18458199501037598,0.7851673938067896
1124,False,1,1125,0.17265081405639648,0.8830490396136329
1125,False,1,1126,0.17460060119628906,0.8646455393172798
1126,False,1,1127,0.1637265682220459,0.7922189269392265
1127,False,1,1128,0.1808159351348877,0.812123711531361
1128,False,1,1129,0.18378067016601562,0.8301635201843011
1129,False,1,1130,0.18246674537658691,0.8608137810868876
1130,False,1,1131,0.18311357498168945,0.8167859739845708
1131,False,1,1132,0.17922520637512207,0.8516443423217251
1132,False,1,1133,0.18210721015930176,0.7952656139220511
1133,False,1,1134,0.18072938919067383,0.7706018892737726
1134,False,1,1135,0.1803596019744873,0.8323910674967226
1135,False,1,1136,0.18559718132019043,0.8646850138015691
1136,False,1,1137,0.19477128982543945,0.8832581243256017
1137,False,1,1138,0.17101287841796875,0.7448405090808159
1138,False,1,1139,0.1737532615661621,0.8336991868868825
1139,False,1,1140,0.17582178115844727,0.8040788116687465
1140,False,1,1141,0.1747879981994629,0.8206187249161302
1141,False,1,1142,0.17932367324829102,0.8190131811868578
1142,False,1,1143,0.177901029586792,0.8774614667608625
1143,False,1,1144,0.17304468154907227,0.8489790464352284
1144,False,1,1145,0.18383550643920898,0.8226755179819607
1145,False,1,1146,0.18265604972839355,0.8203951040327194
1146,False,1,1147,0.1549389362335205,0.827122550457716
0,False,2,1148,0.2179107666015625,0.7694462881911369
1,False,2,1149,0.2251272201538086,0.8895631130075172
2,False,2,1150,0.22266221046447754,0.8522759812130103
3,False,2,1151,0.2288658618927002,0.8422365558023254
4,False,2,1152,0.224135160446167,0.8612492073415999
5,False,2,1153,0.22172021865844727,0.818707024102055
6,False,2,1154,0.23827219009399414,0.8249571264189267
7,False,2,1155,0.22513175010681152,0.8039852019754196
8,False,2,1156,0.22172260284423828,0.8543086586342681
9,False,2,1157,0.22257423400878906,0.7921141197993641
10,False,2,1158,0.22063970565795898,0.8235615753080874
11,False,2,1159,0.2249431610107422,0.8548259886779955
12,False,2,1160,0.22231626510620117,0.8622239351804769
13,False,2,1161,0.2454371452331543,0.8616994403391366
14,False,2,1162,0.203216552734375,0.8128012993949509
15,False,2,1163,0.21825385093688965,0.9147924741818791
16,False,2,1164,0.22188258171081543,0.8939926954252378
17,False,2,1165,0.22044658660888672,0.8907464766165331
18,False,2,1166,0.22016119956970215,0.8223777025317152
19,False,2,1167,0.22428250312805176,0.8230067955418713
20,False,2,1168,0.22478222846984863,0.83558279892341
21,False,2,1169,0.25058722496032715,0.7384105668891043
22,False,2,1170,0.22117066383361816,0.8583467174543157
23,False,2,1171,0.21883177757263184,0.7897368690353774
24,False,2,1172,0.22226786613464355,0.8531429245181025
25,False,2,1173,0.22094941139221191,0.8253194469337664
26,False,2,1174,0.22479581832885742,0.8249373860391122
27,False,2,1175,0.22569751739501953,0.8689266036131554
28,False,2,1176,0.22854351997375488,0.8406360638993128
29,False,2,1177,0.22107839584350586,0.8507151163759686
30,False,2,1178,0.221665620803833,0.8409494347648607
31,False,2,1179,0.22652268409729004,0.8155308215036279
32,False,2,1180,0.22507500648498535,0.7833712707007571
33,False,2,1181,0.2191627025604248,0.8291310048440385
34,False,2,1182,0.21857547760009766,0.8817971085109526
35,False,2,1183,0.22435975074768066,0.8800182913740477
36,False,2,1184,0.24648571014404297,0.801321618658091
37,False,2,1185,0.22199487686157227,0.8348886810597921
38,False,2,1186,0.2190871238708496,0.7954882235665408
39,False,2,1187,0.22214698791503906,0.8209534570397367
40,False,2,1188,0.22135686874389648,0.8685739199586566
41,False,2,1189,0.22416186332702637,0.8956921617722228
42,False,2,1190,0.2256166934967041,0.8551304199333702
43,False,2,1191,0.23293757438659668,0.7565413931207289
44,False,2,1192,0.21692657470703125,0.8187647879655874
45,False,2,1193,0.22189068794250488,0.8598990321735897
46,False,2,1194,0.2213001251220703,0.7954168489557646
47,False,2,1195,0.2355661392211914,0.8694756561446758
48,False,2,1196,0.23070883750915527,0.7973625246169312
49,False,2,1197,0.17559814453125,0.7940877362464864
50,False,2,1198,0.19219207763671875,0.8367708273498075
51,False,2,1199,0.17360186576843262,0.855531367340258
52,True,2,1200,0.2019493579864502,0.8460173621285886
53,False,2,1201,0.18437933921813965,0.801136884483553
54,False,2,1202,0.1799476146697998,0.8235888103289264
55,False,2,1203,0.1891341209411621,0.8503216176205094
56,False,2,1204,0.14914369583129883,0.8447565926859779
57,False,2,1205,0.18137407302856445,0.8158631532319955
58,False,2,1206,0.1877448558807373,0.7881069747464999
59,False,2,1207,0.1810169219970703,0.8733177800618467
60,False,2,1208,0.1834886074066162,0.821795791454081
61,False,2,1209,0.15645146369934082,0.8569248872809113
62,False,2,1210,0.18291664123535156,0.8124002265256076
63,False,2,1211,0.1816425323486328,0.8241277509147213
64,False,2,1212,0.18372750282287598,0.8579286066371771
65,False,2,1213,0.18441104888916016,0.824713572150185
66,False,2,1214,0.17624473571777344,0.8712014064104072
67,False,2,1215,0.180250883102417,0.8032195823533195
68,False,2,1216,0.17841529846191406,0.7925042780559688
69,False,2,1217,0.18255162239074707,0.861292943890606
70,False,2,1218,0.18455743789672852,0.8024567628855861
71,False,2,1219,0.19581341743469238,0.8316326616775424
72,False,2,1220,0.17023038864135742,0.8516627382930545
73,False,2,1221,0.17197632789611816,0.8360617033072881
74,False,2,1222,0.17740249633789062,0.8531077933009892
75,False,2,1223,0.17377018928527832,0.8263947398712237
76,False,2,1224,0.18048644065856934,0.8225077427258447
77,False,2,1225,0.17923593521118164,0.913103398512162
78,False,2,1226,0.1723489761352539,0.7944962608494928
79,False,2,1227,0.18343091011047363,0.8284578085211771
80,False,2,1228,0.17211413383483887,0.8153698990742363
81,False,2,1229,0.17527508735656738,0.8422961049225358
82,False,2,1230,0.1824190616607666,0.8848387832265524
83,False,2,1231,0.14862060546875,0.8507909831990089
84,False,2,1232,0.18394112586975098,0.795323023816482
85,False,2,1233,0.18111109733581543,0.7938968888705688
86,False,2,1234,0.1861557960510254,0.844756720321519
87,False,2,1235,0.1740736961364746,0.8106982185993168
88,False,2,1236,0.1646580696105957,0.8526781704942032
89,False,2,1237,0.1807403564453125,0.8037669894595942
90,False,2,1238,0.18190979957580566,0.8098948093219882
91,False,2,1239,0.18227028846740723,0.9122214208667477
92,False,2,1240,0.17787885665893555,0.8078376114191044
93,False,2,1241,0.19821810722351074,0.8335687547833438
94,False,2,1242,0.17937874794006348,0.8881016581629714
95,False,2,1243,0.18917584419250488,0.8330145126119964
96,False,2,1244,0.17192697525024414,0.7801749664580537
97,False,2,1245,0.1752486228942871,0.8756308383530096
98,False,2,1246,0.17888450622558594,0.8228786621863641
99,False,2,1247,0.14908766746520996,0.8275997773078934
100,False,2,1248,0.18281912803649902,0.7774590462712304
101,False,2,1249,0.1826326847076416,0.8251234471265759
102,False,2,1250,0.18698573112487793,0.8795193100259417
103,False,2,1251,0.17232394218444824,0.8159112898366793
104,False,2,1252,0.1865708827972412,0.8469255062795821
105,False,2,1253,0.17502117156982422,0.8243037570445312
106,False,2,1254,0.17871665954589844,0.9322059512847944
107,False,2,1255,0.17793011665344238,0.7514014565607621
108,False,2,1256,0.1768627166748047,0.8761954435280391
109,False,2,1257,0.18561387062072754,0.8008900508728056
110,False,2,1258,0.1453404426574707,0.8418115914488831
111,False,2,1259,0.18116283416748047,0.8296647894063165
112,False,2,1260,0.1773216724395752,0.8270706154760861
113,False,2,1261,0.17912554740905762,0.8388417193976541
114,False,2,1262,0.1814284324645996,0.8118962507162776
115,False,2,1263,0.1701195240020752,0.8065442771074317
116,False,2,1264,0.17923712730407715,0.79444599552967
117,False,2,1265,0.17326593399047852,0.8338269006372208
118,False,2,1266,0.17781805992126465,0.8436619330729755
119,False,2,1267,0.174088716506958,0.8850754738474884
120,False,2,1268,0.1834094524383545,0.8503954588834729
121,False,2,1269,0.15753674507141113,0.8520836868279036
122,False,2,1270,0.17807984352111816,0.79495893449833
123,False,2,1271,0.1837618350982666,0.8910031096034108
124,False,2,1272,0.17184066772460938,0.858567055492174
125,False,2,1273,0.17807507514953613,0.8546054717153311
126,False,2,1274,0.1780414581298828,0.7964833697658921
127,False,2,1275,0.170928955078125,0.8359231673668891
128,False,2,1276,0.1821737289428711,0.8548549070200394
129,False,2,1277,0.18255186080932617,0.9005128744368751
130,False,2,1278,0.1813671588897705,0.8534537912346423
131,False,2,1279,0.18601107597351074,0.8139193976697112
132,False,2,1280,0.14615321159362793,0.8811555055990107
133,False,2,1281,0.18307256698608398,0.8095883707560245
134,False,2,1282,0.18623590469360352,0.9017239240485998
135,False,2,1283,0.18367218971252441,0.8884477835991197
136,False,2,1284,0.17755699157714844,0.820843480771319
137,False,2,1285,0.15901422500610352,0.8509818011273942
138,False,2,1286,0.17678356170654297,0.8279853566505369
139,False,2,1287,0.18004441261291504,0.8157524913549424
140,False,2,1288,0.18692564964294434,0.8290428979588406
141,False,2,1289,0.1772139072418213,0.8333755332887882
142,False,2,1290,0.1935884952545166,0.8728555107844018
143,False,2,1291,0.17594146728515625,0.8212673853905428
144,False,2,1292,0.18430876731872559,0.7930688797274518
145,False,2,1293,0.1721200942993164,0.8670045310587045
146,False,2,1294,0.17338800430297852,0.91792319750502
147,False,2,1295,0.1759488582611084,0.8160744686389252
148,False,2,1296,0.1502666473388672,0.809556092313003
149,False,2,1297,0.1800098419189453,0.9093309138857183
150,False,2,1298,0.17286372184753418,0.8561388695878642
151,False,2,1299,0.17740654945373535,0.8297515704429574
152,True,2,1300,0.19811701774597168,0.8715482867278515
153,False,2,1301,0.1930067539215088,0.8433391711718979
154,False,2,1302,0.16638946533203125,0.814922416471832
155,False,2,1303,0.1836848258972168,0.8010350557132846
156,False,2,1304,0.17230820655822754,0.8877965967126548
157,False,2,1305,0.17717909812927246,0.8354042986673968
158,False,2,1306,0.18205857276916504,0.8651704400822167
159,False,2,1307,0.15593528747558594,0.8448239295699055
160,False,2,1308,0.18088483810424805,0.741551433157708
161,False,2,1309,0.17284369468688965,0.8511456760710904
162,False,2,1310,0.1782524585723877,0.7923208703508688
163,False,2,1311,0.1831350326538086,0.8848922805461501
164,False,2,1312,0.19186043739318848,0.8818822747451207
165,False,2,1313,0.18146753311157227,0.7646532475150059
166,False,2,1314,0.17737960815429688,0.8467120293173052
167,False,2,1315,0.18058228492736816,0.7832517857840726
168,False,2,1316,0.1732182502746582,0.8984880863378445
169,False,2,1317,0.1786189079284668,0.9064383461760975
170,False,2,1318,0.16691899299621582,0.8126613397284278
171,False,2,1319,0.17832612991333008,0.8269350985508589
172,False,2,1320,0.18276524543762207,0.8089121488543849
173,False,2,1321,0.17279458045959473,0.8077654277107543
174,False,2,1322,0.17456889152526855,0.8403050641396214
175,False,2,1323,0.19352078437805176,0.800096941734886
176,False,2,1324,0.17008018493652344,0.8254095575594831
177,False,2,1325,0.18674159049987793,0.8549336564416686
178,False,2,1326,0.18255186080932617,0.8364916262438609
179,False,2,1327,0.18199491500854492,0.8778334827206675
180,False,2,1328,0.17606449127197266,0.8451067570242144
181,False,2,1329,0.1460580825805664,0.840752844299589
182,False,2,1330,0.17837142944335938,0.9364321144918601
183,False,2,1331,0.1814403533935547,0.81290693268446
184,False,2,1332,0.18545770645141602,0.8783641344468507
185,False,2,1333,0.1731257438659668,0.7877450445888651
186,False,2,1334,0.1883382797241211,0.7773376407013052
187,False,2,1335,0.1717967987060547,0.8580873367775765
188,False,2,1336,0.17727088928222656,0.8164196900047715
189,False,2,1337,0.17369985580444336,0.800507059808643
190,False,2,1338,0.17729592323303223,0.8512384299011458
191,False,2,1339,0.19327211380004883,0.815522824059285
192,False,2,1340,0.14457440376281738,0.8776144285553268
193,False,2,1341,0.18144822120666504,0.8313993630221203
194,False,2,1342,0.17356371879577637,0.8300290978291915
195,False,2,1343,0.17734670639038086,0.8380940641232191
196,False,2,1344,0.18248558044433594,0.8198998004996351
197,False,2,1345,0.16964507102966309,0.824416842444667
198,False,2,1346,0.18288183212280273,0.8842410032770464
199,False,2,1347,0.1781325340270996,0.8422877622236101
200,False,2,1348,0.17751669883728027,0.8919902533913651
201,False,2,1349,0.17259454727172852,0.8442243969378371
202,False,2,1350,0.14757180213928223,0.7991178071215036
203,False,2,1351,0.19579458236694336,0.8671190589888113
204,False,2,1352,0.17940402030944824,0.9007596697081767
205,False,2,1353,0.1868443489074707,0.8444025970640637
206,False,2,1354,0.17474126815795898,0.9003109630374682
207,False,2,1355,0.17451906204223633,0.8193093818124563
208,False,2,1356,0.17768621444702148,0.8298808222725278
209,False,2,1357,0.14661455154418945,0.7940666709716122
210,False,2,1358,0.1809840202331543,0.8932607322487803
211,False,2,1359,0.1730198860168457,0.9289142380335502
212,False,2,1360,0.17624783515930176,0.8317238115483807
213,False,2,1361,0.17319059371948242,0.8263372598836819
214,False,2,1362,0.19136261940002441,0.8503389465844347
215,False,2,1363,0.17118382453918457,0.8649738645846289
216,False,2,1364,0.18253779411315918,0.865925967959421
217,False,2,1365,0.18390846252441406,0.8707137476830256
218,False,2,1366,0.180311918258667,0.7988922187969798
219,False,2,1367,0.19422340393066406,0.8369943193559136
220,False,2,1368,0.14845895767211914,0.8250760568882384
221,False,2,1369,0.18101000785827637,0.8156520422281965
222,False,2,1370,0.1857166290283203,0.7792415834874625
223,False,2,1371,0.17981171607971191,0.8160711658142862
224,False,2,1372,0.18624067306518555,0.8154977380209382
225,False,2,1373,0.15814924240112305,0.8836701378181931
226,False,2,1374,0.1814718246459961,0.8399043078090818
227,False,2,1375,0.1749861240386963,0.8170648348029881
228,False,2,1376,0.17908716201782227,0.8068957130114237
229,False,2,1377,0.18127751350402832,0.7704885730608587
230,False,2,1378,0.19387602806091309,0.7740436757116447
231,False,2,1379,0.17276620864868164,0.8726095099534309
232,False,2,1380,0.17247796058654785,0.8421940096166162
233,False,2,1381,0.17806696891784668,0.8298872783780097
234,False,2,1382,0.1722867488861084,0.8788065624733765
235,False,2,1383,0.1760854721069336,0.8604566242013658
236,False,2,1384,0.1817007064819336,0.9077833135878404
237,False,2,1385,0.1832900047302246,0.8072629062946706
238,False,2,1386,0.17667651176452637,0.8901673572670136
239,False,2,1387,0.1739177703857422,0.7880110261252239
240,False,2,1388,0.17626690864562988,0.7878068236279345
241,False,2,1389,0.20711851119995117,0.8077059068850108
242,False,2,1390,0.1672050952911377,0.8056311125290535
243,False,2,1391,0.18034744262695312,0.8318259078299713
244,False,2,1392,0.1744835376739502,0.8117832190667588
245,False,2,1393,0.17956876754760742,0.8122304840057734
246,False,2,1394,0.18118619918823242,0.8569746150058651
247,False,2,1395,0.15522074699401855,0.8644489776786595
248,False,2,1396,0.18414974212646484,0.8897379854516614
249,False,2,1397,0.17250895500183105,0.7689328885504177
250,False,2,1398,0.17798781394958496,0.8431545423698568
251,False,2,1399,0.17408442497253418,0.8122478521295958
252,True,2,1400,0.22098946571350098,0.8645933960741828
253,False,2,1401,0.459622859954834,0.8255700916051865
254,False,2,1402,0.1940305233001709,0.8563143284991384
255,False,2,1403,0.1587052345275879,0.9056195671492745
256,False,2,1404,0.18285179138183594,0.8430521709933166
257,False,2,1405,0.18176651000976562,0.9400663873446838
258,False,2,1406,0.18326377868652344,0.8381123228796891
259,False,2,1407,0.17945528030395508,0.8052179333088655
260,False,2,1408,0.15886902809143066,0.8409737025476284
261,False,2,1409,0.1711559295654297,0.8059659863467372
262,False,2,1410,0.17768263816833496,0.8060410214543698
263,False,2,1411,0.17527270317077637,0.8669817189774699
264,False,2,1412,0.1759166717529297,0.8773497323549927
265,False,2,1413,0.2036590576171875,0.86937647264096
266,False,2,1414,0.1643989086151123,0.8474419153339807
267,False,2,1415,0.1822950839996338,0.8424483854545369
268,False,2,1416,0.17898273468017578,0.8930590098635071
269,False,2,1417,0.17915725708007812,0.8517499074694657
270,False,2,1418,0.17516374588012695,0.8640181443520956
271,False,2,1419,0.1685788631439209,0.8756092095392799
272,False,2,1420,0.17965912818908691,0.7774658196916182
273,False,2,1421,0.1829380989074707,0.7313312136878569
274,False,2,1422,0.18176984786987305,0.8136629333630916
275,False,2,1423,0.17726969718933105,0.7930823071371942
276,False,2,1424,0.19315290451049805,0.8171735920366787
277,False,2,1425,0.16556811332702637,0.8183188573235557
278,False,2,1426,0.18201494216918945,0.9038411085493864
279,False,2,1427,0.1762862205505371,0.8013971391621798
280,False,2,1428,0.17585039138793945,0.7750780499274177
281,False,2,1429,0.18226099014282227,0.8618768707716039
282,False,2,1430,0.15650653839111328,0.8097113063558936
283,False,2,1431,0.1812138557434082,0.8716347224877349
284,False,2,1432,0.17696642875671387,0.846737870857829
285,False,2,1433,0.1796102523803711,0.7825242922685686
286,False,2,1434,0.18239450454711914,0.9107500366600495
287,False,2,1435,0.18772435188293457,0.8309966011105904
288,False,2,1436,0.1804506778717041,0.8630694019209061
289,False,2,1437,0.17270278930664062,0.8088088762236848
290,False,2,1438,0.17673444747924805,0.796097763170976
291,False,2,1439,0.1735236644744873,0.7810973270485797
292,False,2,1440,0.1752007007598877,0.8407600052388651
293,False,2,1441,0.1695561408996582,0.8113135528041138
294,False,2,1442,0.17623448371887207,0.8530024098498481
295,False,2,1443,0.18377447128295898,0.8349494643376341
296,False,2,1444,0.1721935272216797,0.8199954715867838
297,False,2,1445,0.17605829238891602,0.8787292577326297
298,False,2,1446,0.19286036491394043,0.8959774040572698
299,False,2,1447,0.17037677764892578,0.8505179864531827
300,False,2,1448,0.18139123916625977,0.8194128441446947
301,False,2,1449,0.18086934089660645,0.9456740662544256
302,False,2,1450,0.183793306350708,0.8237873479457838
303,False,2,1451,0.173598051071167,0.8313954537956133
304,False,2,1452,0.15061426162719727,0.8997439764262662
305,False,2,1453,0.17836284637451172,0.8395194417043101
306,False,2,1454,0.18168330192565918,0.7950629664895433
307,False,2,1455,0.1886305809020996,0.7966900849271386
308,False,2,1456,0.17148733139038086,0.8125755687554677
309,False,2,1457,0.18462514877319336,0.9009212067439444
310,False,2,1458,0.17652225494384766,0.8228402343977775
311,False,2,1459,0.17915034294128418,0.8049767697229981
312,False,2,1460,0.17470383644104004,0.8057472389634877
313,False,2,1461,0.17734575271606445,0.8974234064420064
314,False,2,1462,0.19305014610290527,0.871628707053051
315,False,2,1463,0.14538121223449707,0.789388967944043
316,False,2,1464,0.17910194396972656,0.8508799670352822
317,False,2,1465,0.17489409446716309,0.8174995890419396
318,False,2,1466,0.17827224731445312,0.813823774268496
319,False,2,1467,0.18591070175170898,0.8424182183419664
320,False,2,1468,0.16937613487243652,0.8955811088283858
321,False,2,1469,0.18274831771850586,0.7793040677816386
322,False,2,1470,0.17470359802246094,0.8522041111829735
323,False,2,1471,0.17783069610595703,0.7855121268048172
324,False,2,1472,0.17345070838928223,0.8200502069223494
325,False,2,1473,0.18456339836120605,0.8413696564911376
326,False,2,1474,0.1533362865447998,0.8155379224391207
327,False,2,1475,0.18218684196472168,0.7968942702614834
328,False,2,1476,0.19131875038146973,0.8518095153960443
329,False,2,1477,0.17242097854614258,0.8305348394704715
330,False,2,1478,0.17405390739440918,0.8345600599866541
331,False,2,1479,0.17844867706298828,0.8322302118121159
332,False,2,1480,0.18259000778198242,0.8603640606715566
333,False,2,1481,0.18950581550598145,0.8498835827756142
334,False,2,1482,0.18403911590576172,0.8640000354942112
335,False,2,1483,0.18131589889526367,0.8482434914136927
336,False,2,1484,0.1886441707611084,0.7723879154682868
337,False,2,1485,0.1656966209411621,0.8301783979293845
338,False,2,1486,0.17587995529174805,0.7807074470800303
339,False,2,1487,0.1780397891998291,0.8518185410426842
340,False,2,1488,0.18587303161621094,0.8284563095796675
341,False,2,1489,0.17983007431030273,0.8221559672439028
342,False,2,1490,0.1552753448486328,0.8195272276976281
343,False,2,1491,0.17679405212402344,0.7858573434253534
344,False,2,1492,0.17686867713928223,0.9156955574816537
345,False,2,1493,0.18592095375061035,0.8387670432040024
346,False,2,1494,0.17905306816101074,0.8744006307041717
347,False,2,1495,0.2000265121459961,0.7980547982844568
348,False,2,1496,0.1791059970855713,0.8755201473832133
349,False,2,1497,0.18893218040466309,0.8105773020624405
350,False,2,1498,0.1713109016418457,0.8263377299354899
351,False,2,1499,0.17370939254760742,0.8021774411290176
352,True,2,1500,0.2056407928466797,0.8267219741828739
353,False,2,1501,0.15015673637390137,0.7908957313214028
354,False,2,1502,0.19034314155578613,0.7866048293986493
355,False,2,1503,0.1824345588684082,0.8954479166838739
356,False,2,1504,0.18827176094055176,0.7853098592853972
357,False,2,1505,0.17310786247253418,0.815671555897487
358,False,2,1506,0.16800975799560547,0.8687201523709864
359,False,2,1507,0.18274927139282227,0.8861135073405291
360,False,2,1508,0.18230199813842773,0.8858768464553922
361,False,2,1509,0.18692541122436523,0.8180451514421117
362,False,2,1510,0.18150877952575684,0.8455536548669139
363,False,2,1511,0.19719624519348145,0.8622320567568142
364,False,2,1512,0.17731761932373047,0.7769570110498794
365,False,2,1513,0.1843874454498291,0.8815272988840227
366,False,2,1514,0.17279338836669922,0.8234749652578361
367,False,2,1515,0.17491626739501953,0.830836925699952
368,False,2,1516,0.17521119117736816,0.7935487229953564
369,False,2,1517,0.14809036254882812,0.8278863113817005
370,False,2,1518,0.1809096336364746,0.8301676867219309
371,False,2,1519,0.18116497993469238,0.8338956033057047
372,False,2,1520,0.1799602508544922,0.8027387734812994
373,False,2,1521,0.17669010162353516,0.791817048741948
374,False,2,1522,0.19008517265319824,0.8171231951121063
375,False,2,1523,0.18528389930725098,0.8109981574872067
376,False,2,1524,0.18082213401794434,0.7802725051795798
377,False,2,1525,0.18528103828430176,0.8055693531586302
378,False,2,1526,0.17980504035949707,0.877596658920603
379,False,2,1527,0.20032477378845215,0.8251789628661104
380,False,2,1528,0.1596519947052002,0.8321335982708705
381,False,2,1529,0.1734786033630371,0.8429860428773932
382,False,2,1530,0.1754927635192871,0.7975060305824238
383,False,2,1531,0.1740431785583496,0.8177983881240446
384,False,2,1532,0.1850442886352539,0.8254892322279156
385,False,2,1533,0.17081069946289062,0.8329163185719933
386,False,2,1534,0.18131279945373535,0.8075307840481402
387,False,2,1535,0.1778087615966797,0.8603895915938276
388,False,2,1536,0.17669463157653809,0.8322668228564516
389,False,2,1537,0.17359590530395508,0.8297538281462732
390,False,2,1538,0.18739914894104004,0.807952015971144
391,False,2,1539,0.15206217765808105,0.8591027683800175
392,False,2,1540,0.17262935638427734,0.8324585404424442
393,False,2,1541,0.17699384689331055,0.8569058203803641
394,False,2,1542,0.17719769477844238,0.8102371448739653
395,False,2,1543,0.17890405654907227,0.8100629807228132
396,False,2,1544,0.19396018981933594,0.8751908445819504
397,False,2,1545,0.17483234405517578,0.8327327677758322
398,False,2,1546,0.1858503818511963,0.8243837745727174
399,False,2,1547,0.17312192916870117,0.9170564838374654
400,False,2,1548,0.17021942138671875,0.8046036552903907
401,False,2,1549,0.1794753074645996,0.8114259862562729
402,False,2,1550,0.1465914249420166,0.8278702071513094
403,False,2,1551,0.18465399742126465,0.9290724385840196
404,False,2,1552,0.18393659591674805,0.8490421944741338
405,False,2,1553,0.18162059783935547,0.8056768450797316
406,False,2,1554,0.1727137565612793,0.8513236431227554
407,False,2,1555,0.18785810470581055,0.8517436202881594
408,False,2,1556,0.1749720573425293,0.8123595128722844
409,False,2,1557,0.17899751663208008,0.938019995178495
410,False,2,1558,0.17922449111938477,0.7944035848513956
411,False,2,1559,0.17610406875610352,0.8027273610322957
412,False,2,1560,0.18831944465637207,0.8974911066082615
413,False,2,1561,0.1462864875793457,0.7890928905634652
414,False,2,1562,0.18458843231201172,0.8223321573099212
415,False,2,1563,0.1754770278930664,0.8838816815987229
416,False,2,1564,0.17792797088623047,0.8670861269569112
417,False,2,1565,0.17358040809631348,0.8106756536733537
418,False,2,1566,0.1864774227142334,0.8332363665990886
419,False,2,1567,0.18015694618225098,0.8107630916471992
420,False,2,1568,0.18234920501708984,0.8338392896222928
421,False,2,1569,0.1854853630065918,0.8569319401202459
422,False,2,1570,0.17074871063232422,0.8345649258810139
423,False,2,1571,0.18650031089782715,0.7774010125902439
424,False,2,1572,0.17010998725891113,0.8396976818995817
425,False,2,1573,0.18654489517211914,0.8101305436520351
426,False,2,1574,0.1782369613647461,0.8745846662759069
427,False,2,1575,0.17876386642456055,0.7949986140953289
428,False,2,1576,0.1866300106048584,0.8000566321203396
429,False,2,1577,0.15790939331054688,0.8298820966765993
430,False,2,1578,0.18009686470031738,0.8604620635243398
431,False,2,1579,0.18324828147888184,0.8179028583247039
432,False,2,1580,0.1807711124420166,0.9065774958137245
433,False,2,1581,0.18364977836608887,0.7987245388683817
434,False,2,1582,0.1805582046508789,0.8566584997766076
435,False,2,1583,0.17156243324279785,0.7567904684914365
436,False,2,1584,0.17537927627563477,0.9177782579679931
437,False,2,1585,0.1780233383178711,0.8483560064009258
438,False,2,1586,0.1818234920501709,0.7903019909613899
439,False,2,1587,0.18628668785095215,0.793351028358475
440,False,2,1588,0.14508628845214844,0.7862110302029621
441,False,2,1589,0.17760181427001953,0.7961159748734817
442,False,2,1590,0.1791677474975586,0.81809952946025
443,False,2,1591,0.17354917526245117,0.8362353301518375
444,False,2,1592,0.17742180824279785,0.7860530072024889
445,False,2,1593,0.19740033149719238,0.7686703776985052
446,False,2,1594,0.17452621459960938,0.7967005018810076
447,False,2,1595,0.1827399730682373,0.8025427209656861
448,False,2,1596,0.17311573028564453,0.7661887380693639
449,False,2,1597,0.17575740814208984,0.7897280534463268
450,False,2,1598,0.17739033699035645,0.8326654165229271
451,False,2,1599,0.1462256908416748,0.8856583288427267
452,True,2,1600,0.20328307151794434,0.7894302007431785
453,False,2,1601,0.18335294723510742,0.8626119037203134
454,False,2,1602,0.1813035011291504,0.7885275667400233
455,False,2,1603,0.17253947257995605,0.8539933032533596
456,False,2,1604,0.18515825271606445,0.8473388308082662
457,False,2,1605,0.17429804801940918,0.8348672538995742
458,False,2,1606,0.17939376831054688,0.8493776148894713
459,False,2,1607,0.17415404319763184,0.8861121289831188
460,False,2,1608,0.17733049392700195,0.8207729951079403
461,False,2,1609,0.18822693824768066,0.8658291932106729
462,False,2,1610,0.14593029022216797,0.8092702501786074
463,False,2,1611,0.18187546730041504,0.8234504206394334
464,False,2,1612,0.17474126815795898,0.8120998019973437
465,False,2,1613,0.17684578895568848,0.8956703171244864
466,False,2,1614,0.1813652515411377,0.8357667358858245
467,False,2,1615,0.17473149299621582,0.8440759483547438
468,False,2,1616,0.1845080852508545,0.8219567696076062
469,False,2,1617,0.17412805557250977,0.7902142457176177
470,False,2,1618,0.17674469947814941,0.8467728158436892
471,False,2,1619,0.17180585861206055,0.8433298423132373
472,False,2,1620,0.1880042552947998,0.8696956332617751
473,False,2,1621,0.15312743186950684,0.8825955820225535
474,False,2,1622,0.18180251121520996,0.846424300600553
475,False,2,1623,0.18843483924865723,0.8281956379789681
476,False,2,1624,0.17064857482910156,0.8291516927780496
477,False,2,1625,0.1762404441833496,0.793846012115301
478,False,2,1626,0.17705130577087402,0.8602143210536313
479,False,2,1627,0.18136143684387207,0.8867254423953239
480,False,2,1628,0.18602848052978516,0.8712624991756109
481,False,2,1629,0.18416309356689453,0.8580335164220915
482,False,2,1630,0.183854341506958,0.8633148856904533
483,False,2,1631,0.18747735023498535,0.801895559100168
484,False,2,1632,0.16742587089538574,0.813903264158095
485,False,2,1633,0.17866754531860352,0.8106601548248105
486,False,2,1634,0.17975783348083496,0.766068028130879
487,False,2,1635,0.18778419494628906,0.8269670365289563
488,False,2,1636,0.17568445205688477,0.8790263942043696
489,False,2,1637,0.15442776679992676,0.799264676503039
490,False,2,1638,0.17395353317260742,0.8733284317977016
491,False,2,1639,0.18060755729675293,0.8458974000421308
492,False,2,1640,0.18380999565124512,0.7967810163584848
493,False,2,1641,0.17721271514892578,0.8462627804838121
494,False,2,1642,0.194871187210083,0.7952788987063933
495,False,2,1643,0.1786506175994873,0.8454935965793473
496,False,2,1644,0.18504738807678223,0.79691035987898
497,False,2,1645,0.17168903350830078,0.8016483334691398
498,False,2,1646,0.17329049110412598,0.8394633149949922
499,False,2,1647,0.17647647857666016,0.7729977841622063
500,False,2,1648,0.1468660831451416,0.8615002671611453
501,False,2,1649,0.1823415756225586,0.8121596086947691
502,False,2,1650,0.1823873519897461,0.8147107201761432
503,False,2,1651,0.18126344680786133,0.7984157783821934
504,False,2,1652,0.17872309684753418,0.8312891573822568
505,False,2,1653,0.1879591941833496,0.8265844119180528
506,False,2,1654,0.17587661743164062,0.8539390612748406
507,False,2,1655,0.18156743049621582,0.8706999716481992
508,False,2,1656,0.1782550811767578,0.8589365934021772
509,False,2,1657,0.17750763893127441,0.8276752865030651
510,False,2,1658,0.18987751007080078,0.8422403612307138
511,False,2,1659,0.1470787525177002,0.8154699391064544
512,False,2,1660,0.17877674102783203,0.9110989859549418
513,False,2,1661,0.17992854118347168,0.8576050175775197
514,False,2,1662,0.18036174774169922,0.830682303412773
515,False,2,1663,0.18359851837158203,0.8519455448480411
516,False,2,1664,0.17049098014831543,0.8754574649390721
517,False,2,1665,0.1835181713104248,0.8777723181105799
518,False,2,1666,0.18381023406982422,0.7604260870942934
519,False,2,1667,0.18497586250305176,0.8368882946115694
520,False,2,1668,0.17551875114440918,0.8379719696295935
521,False,2,1669,0.19238996505737305,0.7963281551686426
522,False,2,1670,0.16698050498962402,0.794526621255846
523,False,2,1671,0.18020224571228027,0.8780003327078053
524,False,2,1672,0.1773521900177002,0.8506808893843775
525,False,2,1673,0.17698383331298828,0.7888695051716199
526,False,2,1674,0.1839921474456787,0.8613405073327678
527,False,2,1675,0.1549522876739502,0.8499455116356591
528,False,2,1676,0.17824339866638184,0.8548671299746878
529,False,2,1677,0.17325615882873535,0.7970201314560003
530,False,2,1678,0.1787703037261963,0.7966245651422511
531,False,2,1679,0.18311858177185059,0.8724553357987177
532,False,2,1680,0.19187235832214355,0.8351293298349317
533,False,2,1681,0.17353487014770508,0.8509559170342983
534,False,2,1682,0.1722707748413086,0.8809588974940458
535,False,2,1683,0.17724204063415527,0.8311974549932138
536,False,2,1684,0.1728804111480713,0.7810835411239947
537,False,2,1685,0.17761802673339844,0.8244610140543609
538,False,2,1686,0.18015742301940918,0.8199396592210091
539,False,2,1687,0.1717510223388672,0.8167716497998864
540,False,2,1688,0.18264985084533691,0.8800064018217933
541,False,2,1689,0.17168688774108887,0.8174038535272258
542,False,2,1690,0.17487716674804688,0.8771012663131668
543,False,2,1691,0.18810725212097168,0.7827438081038138
544,False,2,1692,0.15023493766784668,0.8924179305987701
545,False,2,1693,0.1869807243347168,0.8282314813917592
546,False,2,1694,0.17879509925842285,0.8809041804190545
547,False,2,1695,0.1847836971282959,0.8365395567158148
548,False,2,1696,0.1739201545715332,0.7718145018886953
549,False,2,1697,0.16753077507019043,0.784283250348554
550,False,2,1698,0.18227887153625488,0.8310069093214615
551,False,2,1699,0.18184709548950195,0.7680147432589106
552,True,2,1700,0.20630288124084473,0.8068639655109673
553,False,2,1701,0.1794419288635254,0.8673845015998397
554,False,2,1702,0.19682002067565918,0.8458666104734653
555,False,2,1703,0.1750330924987793,0.8782537581310386
556,False,2,1704,0.18645143508911133,0.8308887765521095
557,False,2,1705,0.17545270919799805,0.8403347031479438
558,False,2,1706,0.17611050605773926,0.8062915794906161
559,False,2,1707,0.17399954795837402,0.8317898185036722
560,False,2,1708,0.14945769309997559,0.8261527020395512
561,False,2,1709,0.18357157707214355,0.8747786820555726
562,False,2,1710,0.1821303367614746,0.8319829844293142
563,False,2,1711,0.18293523788452148,0.7946242684764523
564,False,2,1712,0.1765894889831543,0.7879440295953481
565,False,2,1713,0.1903836727142334,0.777994886129385
566,False,2,1714,0.17869067192077637,0.813410525875432
567,False,2,1715,0.17882871627807617,0.7851226423379212
568,False,2,1716,0.17425179481506348,0.7939597328548273
569,False,2,1717,0.17399978637695312,0.8252311221190861
570,False,2,1718,0.19027972221374512,0.7875157993819033
571,False,2,1719,0.14715886116027832,0.7690959738212682
572,False,2,1720,0.18086791038513184,0.8571661079213733
573,False,2,1721,0.17664456367492676,0.8267610223875159
574,False,2,1722,0.17520689964294434,0.9244856902708608
575,False,2,1723,0.18367695808410645,0.8322369829263715
576,False,2,1724,0.17327451705932617,0.8847819608636203
577,False,2,1725,0.18500018119812012,0.815247989126614
578,False,2,1726,0.1758286952972412,0.7889249434783344
579,False,2,1727,0.17844057083129883,0.836576411744491
580,False,2,1728,0.17221498489379883,0.8265402735587922
581,False,2,1729,0.1880207061767578,0.8118994390325887
582,False,2,1730,0.15311098098754883,0.8127122590140926
583,False,2,1731,0.17647075653076172,0.8111208797920317
584,False,2,1732,0.17220807075500488,0.8139035621924059
585,False,2,1733,0.17409253120422363,0.806887695709953
586,False,2,1734,0.17739415168762207,0.8177352810189837
587,False,2,1735,0.19405341148376465,0.875844000838697
588,False,2,1736,0.17392587661743164,0.8321371069621472
589,False,2,1737,0.18508362770080566,0.8157334572280799
590,False,2,1738,0.1725449562072754,0.842396410980395
591,False,2,1739,0.17428088188171387,0.7854455972445152
592,False,2,1740,0.17760658264160156,0.7816305272281169
593,False,2,1741,0.14657330513000488,0.8562452046732816
594,False,2,1742,0.1822497844696045,0.9223427075803992
595,False,2,1743,0.1744093894958496,0.8310527197040974
596,False,2,1744,0.17354893684387207,0.8151389368410621
597,False,2,1745,0.17349457740783691,0.8773495506583934
598,False,2,1746,0.19394302368164062,0.7639857188998056
599,False,2,1747,0.16556167602539062,0.865726411154139
600,False,2,1748,0.17346692085266113,0.8071368986829406
601,False,2,1749,0.18493890762329102,0.8660204814347837
602,False,2,1750,0.17023277282714844,0.8804457985374723
603,False,2,1751,0.17729949951171875,0.8275259020516562
604,False,2,1752,0.1790599822998047,0.7644890014614378
605,False,2,1753,0.1718597412109375,0.7790054512831073
606,False,2,1754,0.19638276100158691,0.7954299441050915
607,False,2,1755,0.17745327949523926,0.7801005184606072
608,False,2,1756,0.18189096450805664,0.8120340676534745
609,False,2,1757,0.1946861743927002,0.8504686942767532
610,False,2,1758,0.1499948501586914,0.7990415008029056
611,False,2,1759,0.18439769744873047,0.8214544429931612
612,False,2,1760,0.1833503246307373,0.8467256224581174
613,False,2,1761,0.18833112716674805,0.8568658025137016
614,False,2,1762,0.18166661262512207,0.8101552178462347
615,False,2,1763,0.15563201904296875,0.8323778631387367
616,False,2,1764,0.17523980140686035,0.851051910913416
617,False,2,1765,0.17907309532165527,0.8367117183460365
618,False,2,1766,0.1847395896911621,0.8548731516514505
619,False,2,1767,0.17944955825805664,0.8137864401297912
620,False,2,1768,0.1958150863647461,0.8139020659561667
621,False,2,1769,0.17985844612121582,0.8826494363269637
622,False,2,1770,0.18554449081420898,0.7951319018999735
623,False,2,1771,0.17476534843444824,0.8282462267781651
624,False,2,1772,0.1757504940032959,0.7955834553798747
625,False,2,1773,0.18072772026062012,0.8961395445678914
626,False,2,1774,0.14577817916870117,0.8820047790317664
627,False,2,1775,0.17972826957702637,0.8127447864972055
628,False,2,1776,0.18195748329162598,0.9510972828471236
629,False,2,1777,0.1808018684387207,0.837466536267173
630,False,2,1778,0.17677950859069824,0.8924748842227493
631,False,2,1779,0.1889936923980713,0.8242045215197974
632,False,2,1780,0.17864131927490234,0.8836208209395408
633,False,2,1781,0.17880463600158691,0.851299441109101
634,False,2,1782,0.17424559593200684,0.7965499350712413
635,False,2,1783,0.1774153709411621,0.8128333415924793
636,False,2,1784,0.18863415718078613,0.8074610268009738
637,False,2,1785,0.1500387191772461,0.8041850390644477
638,False,2,1786,0.17951107025146484,0.8583070106383057
639,False,2,1787,0.1748363971710205,0.8533730259874747
640,False,2,1788,0.17883658409118652,0.8538589434077344
641,False,2,1789,0.18198227882385254,0.8078977152971285
642,False,2,1790,0.17199134826660156,0.8835521903155106
643,False,2,1791,0.1817185878753662,0.8009581670519851
644,False,2,1792,0.17171621322631836,0.8395815654879525
645,False,2,1793,0.1758425235748291,0.7992027446716314
646,False,2,1794,0.17115426063537598,0.8221089725959161
647,False,2,1795,0.1859874725341797,0.8158761759155562
648,False,2,1796,0.1528329849243164,0.778547785289231
649,False,2,1797,0.18485760688781738,0.8823237352605378
650,False,2,1798,0.18833661079406738,0.8762986186359609
651,False,2,1799,0.17261338233947754,0.8005723926637854
652,True,2,1800,0.19414734840393066,0.8572100828667837
653,False,2,1801,0.17830109596252441,0.8775846674328759
654,False,2,1802,0.17011547088623047,0.850970746117777
655,False,2,1803,0.1804516315460205,0.7959758970620378
656,False,2,1804,0.18064355850219727,0.8942893973462994
657,False,2,1805,0.18557977676391602,0.829282123905917
658,False,2,1806,0.19634532928466797,0.7917715863746014
659,False,2,1807,0.1642155647277832,0.8515135955198534
660,False,2,1808,0.1802363395690918,0.8327923820220997
661,False,2,1809,0.17951273918151855,0.8908693873811335
662,False,2,1810,0.17225003242492676,0.8280326420707362
663,False,2,1811,0.17744064331054688,0.8464221459414277
664,False,2,1812,0.1842329502105713,0.878995730730128
665,False,2,1813,0.17353153228759766,0.8790034575476533
666,False,2,1814,0.17836809158325195,0.842303942888975
667,False,2,1815,0.1763617992401123,0.8111644113281121
668,False,2,1816,0.17824316024780273,0.8244499850885144
669,False,2,1817,0.20200586318969727,0.816823544778994
670,False,2,1818,0.1672670841217041,0.8354271436553625
671,False,2,1819,0.18552088737487793,0.8559046077231568
672,False,2,1820,0.17531394958496094,0.8027890858772607
673,False,2,1821,0.17489290237426758,0.8254542847696159
674,False,2,1822,0.17219018936157227,0.8324973633778946
675,False,2,1823,0.16907906532287598,0.8052301147863978
676,False,2,1824,0.1798417568206787,0.823439621987442
677,False,2,1825,0.18144750595092773,0.806514307745688
678,False,2,1826,0.18532609939575195,0.8317225931345353
679,False,2,1827,0.1730961799621582,0.8190423048855291
680,False,2,1828,0.1910991668701172,0.8278635475961934
681,False,2,1829,0.1634979248046875,0.9098552544379518
682,False,2,1830,0.18156647682189941,0.7353118614604075
683,False,2,1831,0.17802071571350098,0.7957215326882544
684,False,2,1832,0.17861604690551758,0.8107856707869187
685,False,2,1833,0.1792006492614746,0.7711265975875513
686,False,2,1834,0.15713071823120117,0.859300007400591
687,False,2,1835,0.18342995643615723,0.7446173028133453
688,False,2,1836,0.17720913887023926,0.8804273426177958
689,False,2,1837,0.17978119850158691,0.7883451955526002
690,False,2,1838,0.1829211711883545,0.823920332826674
691,False,2,1839,0.19158315658569336,0.869815410003953
692,False,2,1840,0.18215250968933105,0.8599212244153024
693,False,2,1841,0.1827082633972168,0.8766186470831079
694,False,2,1842,0.18750381469726562,0.8761163611142407
695,False,2,1843,0.1727159023284912,0.8609207150127206
696,False,2,1844,0.18558835983276367,0.8468445839271661
697,False,2,1845,0.15789341926574707,0.8565940699939221
698,False,2,1846,0.1777207851409912,0.8715729108523754
699,False,2,1847,0.18643951416015625,0.7890064929434587
700,False,2,1848,0.1783139705657959,0.8958720262827617
701,False,2,1849,0.1809852123260498,0.7894220486771137
702,False,2,1850,0.16008329391479492,0.7942142096303758
703,False,2,1851,0.18155527114868164,0.8482006070913657
704,False,2,1852,0.18640899658203125,0.8321716269655598
705,False,2,1853,0.18274736404418945,0.795022981152648
706,False,2,1854,0.18408489227294922,0.8147754400879853
707,False,2,1855,0.17641043663024902,0.7817264787764066
708,False,2,1856,0.17655444145202637,0.8080978862985614
709,False,2,1857,0.17937612533569336,0.848317931339677
710,False,2,1858,0.17607545852661133,0.838082184549421
711,False,2,1859,0.18044066429138184,0.8378271130135371
712,False,2,1860,0.18630504608154297,0.8606973528152422
713,False,2,1861,0.15423083305358887,0.8406820096341628
714,False,2,1862,0.17287087440490723,0.8366865977822315
715,False,2,1863,0.1770169734954834,0.7926850783239517
716,False,2,1864,0.1746811866760254,0.8105292194522916
717,False,2,1865,0.1768333911895752,0.8181075780829857
718,False,2,1866,0.19865727424621582,0.871803170247447
719,False,2,1867,0.17651844024658203,0.8570288542125908
720,False,2,1868,0.18481850624084473,0.8611481800409303
721,False,2,1869,0.17178058624267578,0.8129812115359873
722,False,2,1870,0.1745131015777588,0.752961442451037
723,False,2,1871,0.17714285850524902,0.8405629609312331
724,False,2,1872,0.14864349365234375,0.8472759230505852
725,False,2,1873,0.1838383674621582,0.8281423143953794
726,False,2,1874,0.17996788024902344,0.8438797933492986
727,False,2,1875,0.18401694297790527,0.8146687181045611
728,False,2,1876,0.17398786544799805,0.8100344283240182
729,False,2,1877,0.1875,0.9286545323474066
730,False,2,1878,0.17499947547912598,0.8693004949018359
731,False,2,1879,0.18103456497192383,0.8343869049345987
732,False,2,1880,0.1736302375793457,0.85783937341711
733,False,2,1881,0.1762983798980713,0.9249023186996402
734,False,2,1882,0.18937015533447266,0.8761613007767922
735,False,2,1883,0.14788103103637695,0.8663202875981195
736,False,2,1884,0.18175053596496582,0.8610804332863716
737,False,2,1885,0.1765444278717041,0.8152552399274315
738,False,2,1886,0.17568254470825195,0.8487409641411866
739,False,2,1887,0.18303155899047852,0.8125599736480841
740,False,2,1888,0.17233490943908691,0.8041826273713792
741,False,2,1889,0.182908296585083,0.9095742668779124
742,False,2,1890,0.1791696548461914,0.8818946311782516
743,False,2,1891,0.17909812927246094,0.8840411864886325
744,False,2,1892,0.17050862312316895,0.8272821669067656
745,False,2,1893,0.18802475929260254,0.7883281160389917
746,False,2,1894,0.15359783172607422,0.8605720879887009
747,False,2,1895,0.18251872062683105,0.8670487680605481
748,False,2,1896,0.18377232551574707,0.8301259044424764
749,False,2,1897,0.1757204532623291,0.881575221838873
750,False,2,1898,0.1756575107574463,0.8460142222188769
751,False,2,1899,0.17688941955566406,0.7861700200786194
752,True,2,1900,0.20008206367492676,0.8021002908769461
753,False,2,1901,0.1818997859954834,0.8247240096596736
754,False,2,1902,0.17563867568969727,0.8415233861388904
755,False,2,1903,0.1799633502960205,0.8257715932004864
756,False,2,1904,0.1843101978302002,0.8092376578244426
757,False,2,1905,0.14732813835144043,0.8305944594598951
758,False,2,1906,0.18309521675109863,0.7837454724081215
759,False,2,1907,0.18332290649414062,0.8132403500466828
760,False,2,1908,0.18468022346496582,0.7905368486508019
761,False,2,1909,0.17362499237060547,0.8563016638869332
762,False,2,1910,0.1634223461151123,0.833311942672091
763,False,2,1911,0.1809070110321045,0.8013712170844277
764,False,2,1912,0.17921090126037598,0.7837858534905882
765,False,2,1913,0.1857593059539795,0.9741671305327189
766,False,2,1914,0.17774081230163574,0.8075859141757802
767,False,2,1915,0.19919991493225098,0.831185090932108
768,False,2,1916,0.17876625061035156,0.8730453274966706
769,False,2,1917,0.18598651885986328,0.8111681507102083
770,False,2,1918,0.17388510704040527,0.8504572826371128
771,False,2,1919,0.1760101318359375,0.8174318902948428
772,False,2,1920,0.17725443840026855,0.8354341450945609
773,False,2,1921,0.14811396598815918,0.8231704569466058
774,False,2,1922,0.18212342262268066,0.8002257299875575
775,False,2,1923,0.18137764930725098,0.8800727427005769
776,False,2,1924,0.18132734298706055,0.8207463968234758
777,False,2,1925,0.1752457618713379,0.8242624521344192
778,False,2,1926,0.18862438201904297,0.8109064981163966
779,False,2,1927,0.17851972579956055,0.8433662824598805
780,False,2,1928,0.18061065673828125,0.8294227360747755
781,False,2,1929,0.17534780502319336,0.8133018834826847
782,False,2,1930,0.17877626419067383,0.8185920308654507
783,False,2,1931,0.1891613006591797,0.8356588309009871
784,False,2,1932,0.14791417121887207,0.8161149899076138
785,False,2,1933,0.18041515350341797,0.844409626775554
786,False,2,1934,0.17861151695251465,0.8714340637837136
787,False,2,1935,0.18000149726867676,0.8526237772866373
788,False,2,1936,0.18268728256225586,0.8311537418159701
789,False,2,1937,0.17531800270080566,0.8378894921569597
790,False,2,1938,0.18295788764953613,0.7993958910394994
791,False,2,1939,0.17492246627807617,0.7942416031090986
792,False,2,1940,0.17808771133422852,0.858998567885941
793,False,2,1941,0.1729602813720703,0.8396421387082055
794,False,2,1942,0.18711376190185547,0.8143810716657234
795,False,2,1943,0.1542673110961914,0.8149665056373037
796,False,2,1944,0.1816394329071045,0.8783588396562706
797,False,2,1945,0.18835115432739258,0.8141475184820591
798,False,2,1946,0.17374658584594727,0.8872590441079368
799,False,2,1947,0.1766042709350586,0.8652304620371154
800,False,2,1948,0.176893949508667,0.780695104771959
801,False,2,1949,0.1820526123046875,0.7697633158060766
802,False,2,1950,0.1891324520111084,0.7937938188690514
803,False,2,1951,0.18385815620422363,0.8508509286191491
804,False,2,1952,0.18265199661254883,0.8214189278937523
805,False,2,1953,0.19339466094970703,0.8623159955300035
806,False,2,1954,0.16895318031311035,0.8512098544188553
807,False,2,1955,0.17757582664489746,0.8738869469878928
808,False,2,1956,0.18041515350341797,0.8953300368572986
809,False,2,1957,0.20611977577209473,0.8940404406305226
810,False,2,1958,0.17629766464233398,0.9376039916560764
811,False,2,1959,0.1501939296722412,0.8460798040475875
812,False,2,1960,0.17430901527404785,0.8142099507108685
813,False,2,1961,0.1823444366455078,0.8255855994565146
814,False,2,1962,0.1853792667388916,0.8355970911326861
815,False,2,1963,0.17618179321289062,0.8830759417088256
816,False,2,1964,0.19701313972473145,0.8515437648609456
817,False,2,1965,0.1766808032989502,0.7596366031849313
818,False,2,1966,0.18551397323608398,0.876188638531381
819,False,2,1967,0.17165017127990723,0.8240460403086177
820,False,2,1968,0.17473649978637695,0.7787373509435427
821,False,2,1969,0.17442703247070312,0.8539348793925627
822,False,2,1970,0.14993596076965332,0.8389941122538099
823,False,2,1971,0.18314337730407715,0.7545033129641697
824,False,2,1972,0.17233610153198242,0.8938973405221032
825,False,2,1973,0.17486929893493652,0.7979869816807055
826,False,2,1974,0.17425107955932617,0.8341310652238982
827,False,2,1975,0.19135093688964844,0.878065159123036
828,False,2,1976,0.174055814743042,0.8116514383637833
829,False,2,1977,0.18168115615844727,0.8740222512056962
830,False,2,1978,0.18682527542114258,0.8742236356650079
831,False,2,1979,0.17014718055725098,0.883576039280299
832,False,2,1980,0.1772775650024414,0.8383168687910907
833,False,2,1981,0.16097617149353027,0.8150017768854187
834,False,2,1982,0.1801762580871582,0.8435028077191897
835,False,2,1983,0.18448972702026367,0.8136035946996083
836,False,2,1984,0.17721915245056152,0.8245907808498789
837,False,2,1985,0.17444896697998047,0.8538861019381634
838,False,2,1986,0.19022822380065918,0.7962415542098737
839,False,2,1987,0.1676938533782959,0.8263799415103026
840,False,2,1988,0.17549586296081543,0.8144220195355869
841,False,2,1989,0.17670893669128418,0.8083232159593279
842,False,2,1990,0.1857004165649414,0.7698216621453564
843,False,2,1991,0.17171955108642578,0.8252592603010792
844,False,2,1992,0.16730761528015137,0.8363781507747869
845,False,2,1993,0.18149042129516602,0.8405753095589935
846,False,2,1994,0.1792140007019043,0.8473489578547222
847,False,2,1995,0.18308520317077637,0.8751620644747856
848,False,2,1996,0.17105627059936523,0.807989120705142
849,False,2,1997,0.2006840705871582,0.8659169308264696
850,False,2,1998,0.16727447509765625,0.8494081221343507
851,False,2,1999,0.1833055019378662,0.8207695118395526
852,True,2,2000,0.19446015357971191,0.8297391046348603
853,False,2,2001,0.1786644458770752,0.8573191552644683
854,False,2,2002,0.1840991973876953,0.8627065270695659
855,False,2,2003,0.15291261672973633,0.947451538871974
856,False,2,2004,0.18642520904541016,0.8259045507071451
857,False,2,2005,0.17200207710266113,0.7802902982304141
858,False,2,2006,0.1766643524169922,0.7911193364166789
859,False,2,2007,0.17328953742980957,0.8253845079314143
860,False,2,2008,0.19368481636047363,0.8286278153259662
861,False,2,2009,0.17338156700134277,0.8561784294212149
862,False,2,2010,0.18004775047302246,0.8524031084075215
863,False,2,2011,0.18754935264587402,0.8525301220028528
864,False,2,2012,0.17114877700805664,0.8443966340495362
865,False,2,2013,0.17458844184875488,0.8108894763669618
866,False,2,2014,0.161879301071167,0.8262071065560337
867,False,2,2015,0.18116068840026855,0.8471388717048935
868,False,2,2016,0.18323898315429688,0.8261351858908754
869,False,2,2017,0.1735076904296875,0.8707229378744074
870,False,2,2018,0.17581510543823242,0.8028440596535802
871,False,2,2019,0.1887216567993164,0.772282158202004
872,False,2,2020,0.16581034660339355,0.8528023105824278
873,False,2,2021,0.18579626083374023,0.8571111208626202
874,False,2,2022,0.1825399398803711,0.8357615274421516
875,False,2,2023,0.1856679916381836,0.8098625264662719
876,False,2,2024,0.17625045776367188,0.800862762589185
877,False,2,2025,0.1464557647705078,0.8615610150043809
878,False,2,2026,0.18154525756835938,0.7773005395595517
879,False,2,2027,0.18395781517028809,0.8203264398367278
880,False,2,2028,0.18358588218688965,0.8618600470501748
881,False,2,2029,0.1718127727508545,0.8741501026476425
882,False,2,2030,0.18470454216003418,0.87015516794331
883,False,2,2031,0.1740412712097168,0.798737536007095
884,False,2,2032,0.18164944648742676,0.8231466789508151
885,False,2,2033,0.17568635940551758,0.7842669501412837
886,False,2,2034,0.17734432220458984,0.8669441072713762
887,False,2,2035,0.1767723560333252,0.867448004095682
888,False,2,2036,0.14730286598205566,0.7732014803082814
889,False,2,2037,0.18185710906982422,0.8185991443959729
890,False,2,2038,0.17857050895690918,0.8562893129530406
891,False,2,2039,0.17206859588623047,0.8839926528079167
892,False,2,2040,0.1731712818145752,0.8609604407988842
893,False,2,2041,0.1930387020111084,0.7777914760767348
894,False,2,2042,0.1737675666809082,0.8067346182873559
895,False,2,2043,0.18352079391479492,0.7931927557192032
896,False,2,2044,0.18066787719726562,0.7993900166447496
897,False,2,2045,0.17165207862854004,0.8348114717574346
898,False,2,2046,0.176375150680542,0.8380699035534193
899,False,2,2047,0.1597449779510498,0.7834527228648465
900,False,2,2048,0.18265461921691895,0.8165504333252707
901,False,2,2049,0.18469834327697754,0.7898941027621428
902,False,2,2050,0.18419790267944336,0.8479526313465267
903,False,2,2051,0.18481111526489258,0.8141250161099292
904,False,2,2052,0.1809229850769043,0.8712588325142858
905,False,2,2053,0.17210793495178223,0.8751693610545427
906,False,2,2054,0.17508172988891602,0.8392360927537084
907,False,2,2055,0.17844867706298828,0.8238259398910615
908,False,2,2056,0.1834564208984375,0.7980692960942786
909,False,2,2057,0.18423986434936523,0.8488626054355076
910,False,2,2058,0.1524825096130371,0.8779119769820852
911,False,2,2059,0.17311668395996094,0.8192895448633601
912,False,2,2060,0.1775679588317871,0.8434689470699858
913,False,2,2061,0.17491698265075684,0.8532062042061063
914,False,2,2062,0.17670321464538574,0.8572647919257482
915,False,2,2063,0.19700264930725098,0.8530723743052001
916,False,2,2064,0.1770026683807373,0.8203474248626401
917,False,2,2065,0.18663263320922852,0.7679675799750145
918,False,2,2066,0.17223358154296875,0.7976669272673983
919,False,2,2067,0.1761927604675293,0.8152949043239158
920,False,2,2068,0.1780860424041748,0.8769984825381213
921,False,2,2069,0.14775824546813965,0.8472620680750834
922,False,2,2070,0.18647241592407227,0.9224778726652619
923,False,2,2071,0.17798829078674316,0.8214310466178826
924,False,2,2072,0.18426966667175293,0.9120863598017465
925,False,2,2073,0.1732015609741211,0.8904928223983873
926,False,2,2074,0.18895721435546875,0.7733234778556617
927,False,2,2075,0.17602801322937012,0.7764462476729284
928,False,2,2076,0.18124675750732422,0.8274558092511837
929,False,2,2077,0.1765439510345459,0.8005294248993908
930,False,2,2078,0.17948436737060547,0.8605240315553688
931,False,2,2079,0.18982338905334473,0.8881347435970037
932,False,2,2080,0.1468348503112793,0.8976537347549484
933,False,2,2081,0.18887591361999512,0.8552516891975842
934,False,2,2082,0.17255115509033203,0.797484633645841
935,False,2,2083,0.1761491298675537,0.8532685094646048
936,False,2,2084,0.17251372337341309,0.8586589153856043
937,False,2,2085,0.18835043907165527,0.819075493474624
938,False,2,2086,0.1835470199584961,0.8261205441362802
939,False,2,2087,0.18136978149414062,0.8932619336992503
940,False,2,2088,0.18947052955627441,0.7687508040329528
941,False,2,2089,0.16904973983764648,0.7940438462509994
942,False,2,2090,0.18315720558166504,0.822636548518425
943,False,2,2091,0.16044139862060547,0.9014009993434661
944,False,2,2092,0.17812871932983398,0.8953189813487585
945,False,2,2093,0.1828320026397705,0.8091120895530497
946,False,2,2094,0.18217945098876953,0.8053496809498893
947,False,2,2095,0.18217086791992188,0.8413592237380465
948,False,2,2096,0.15864086151123047,0.8138379697865319
949,False,2,2097,0.1846909523010254,0.7935352492855774
950,False,2,2098,0.1857149600982666,0.8074504040802519
951,False,2,2099,0.1808013916015625,0.8297066935338081
952,True,2,2100,0.20881104469299316,0.8314915865304925
953,False,2,2101,0.17480015754699707,0.7888679079090556
954,False,2,2102,0.18117642402648926,0.8312787009802247
955,False,2,2103,0.17919373512268066,0.8668699116623474
956,False,2,2104,0.1803417205810547,0.801537936176395
957,False,2,2105,0.1836106777191162,0.8224100170302251
958,False,2,2106,0.19513273239135742,0.8239136930732501
959,False,2,2107,0.171356201171875,0.7979982985139248
960,False,2,2108,0.17423629760742188,0.8658472351463775
961,False,2,2109,0.17875361442565918,0.8238788308974886
962,False,2,2110,0.17483806610107422,0.7700993670150639
963,False,2,2111,0.17773103713989258,0.8421346020574372
964,False,2,2112,0.17696094512939453,0.8320476308331956
965,False,2,2113,0.1725163459777832,0.8290812341784612
966,False,2,2114,0.18277955055236816,0.841898930902105
967,False,2,2115,0.1722569465637207,0.8247628394469974
968,False,2,2116,0.17513442039489746,0.7850999766960741
969,False,2,2117,0.18717694282531738,0.8085171741743883
970,False,2,2118,0.15041708946228027,0.8800663238479978
971,False,2,2119,0.18380260467529297,0.768370830564804
972,False,2,2120,0.18304800987243652,0.8653293041113232
973,False,2,2121,0.18355488777160645,0.7951266429542254
974,False,2,2122,0.17333769798278809,0.7405850881976741
975,False,2,2123,0.16707181930541992,0.8124180627720698
976,False,2,2124,0.18046951293945312,0.8081226313841483
977,False,2,2125,0.18052196502685547,0.8851426728956757
978,False,2,2126,0.19036459922790527,0.9272696137472635
979,False,2,2127,0.18012213706970215,0.9595958102450127
980,False,2,2128,0.20091819763183594,0.8022497284137423
981,False,2,2129,0.17932963371276855,0.8063334992953711
982,False,2,2130,0.18876385688781738,0.9204189383557865
983,False,2,2131,0.1729140281677246,0.8717783507669256
984,False,2,2132,0.17751455307006836,0.801954470131369
985,False,2,2133,0.1776258945465088,0.8230418658904021
986,False,2,2134,0.15106582641601562,0.8275949880480766
987,False,2,2135,0.1813805103302002,0.744433700040515
988,False,2,2136,0.1823573112487793,0.7827442479208999
989,False,2,2137,0.18852901458740234,0.8385952503553461
990,False,2,2138,0.1713695526123047,0.7831854277866938
991,False,2,2139,0.1876676082611084,0.811336153408601
992,False,2,2140,0.17677903175354004,0.8940100807896151
993,False,2,2141,0.1792762279510498,0.7779851803179122
994,False,2,2142,0.1749894618988037,0.7924264529609077
995,False,2,2143,0.17740607261657715,0.8402491588411587
996,False,2,2144,0.1864469051361084,0.8296309543906577
997,False,2,2145,0.14864659309387207,0.8304728978269159
998,False,2,2146,0.18151354789733887,0.7773941379217874
999,False,2,2147,0.17806196212768555,0.8824550116966877
1000,False,2,2148,0.1796870231628418,0.8105493240014074
1001,False,2,2149,0.18303871154785156,0.8281410521428499
1002,False,2,2150,0.1708834171295166,0.8716938214687009
1003,False,2,2151,0.184004545211792,0.8551986083454852
1004,False,2,2152,0.17236018180847168,0.8542688284956272
1005,False,2,2153,0.1774129867553711,0.8270837856190545
1006,False,2,2154,0.17287230491638184,0.8507972111304603
1007,False,2,2155,0.18791747093200684,0.8061026646090403
1008,False,2,2156,0.15317201614379883,0.8948942936868186
1009,False,2,2157,0.1809842586517334,0.7851629312083657
1010,False,2,2158,0.18743896484375,0.8609770288624402
1011,False,2,2159,0.17436909675598145,0.8339438265455621
1012,False,2,2160,0.21248388290405273,0.8572489589097952
1013,False,2,2161,0.17173123359680176,0.8355838311060022
1014,False,2,2162,0.18253183364868164,0.7920276996945695
1015,False,2,2163,0.18665790557861328,0.8476572701973574
1016,False,2,2164,0.17242217063903809,0.8431241670845165
1017,False,2,2165,0.1770768165588379,0.7748859117384114
1018,False,2,2166,0.1905527114868164,0.8079370097257197
1019,False,2,2167,0.16822099685668945,0.8540457983811695
1020,False,2,2168,0.18030357360839844,0.8897224886764199
1021,False,2,2169,0.1757807731628418,0.8395684971030624
1022,False,2,2170,0.18026208877563477,0.8429538709599349
1023,False,2,2171,0.17253708839416504,0.8234124547314076
1024,False,2,2172,0.16756558418273926,0.8472239534547996
1025,False,2,2173,0.1823580265045166,0.8988433391565367
1026,False,2,2174,0.18154120445251465,0.8163412567893309
1027,False,2,2175,0.18589401245117188,0.8043797468833094
1028,False,2,2176,0.18102478981018066,0.8529537660734992
1029,False,2,2177,0.2002246379852295,0.8449565238940218
1030,False,2,2178,0.17810678482055664,0.8693122139998845
1031,False,2,2179,0.18582463264465332,0.8062045548687733
1032,False,2,2180,0.17474985122680664,0.8682717885378571
1033,False,2,2181,0.17896580696105957,0.8838313762874653
1034,False,2,2182,0.17998814582824707,0.8544049859268679
1035,False,2,2183,0.1468212604522705,0.8182187365767146
1036,False,2,2184,0.18244433403015137,0.798251081036315
1037,False,2,2185,0.1800074577331543,0.842292342556729
1038,False,2,2186,0.1859455108642578,0.8660197580743227
1039,False,2,2187,0.17362284660339355,0.8300114289768749
1040,False,2,2188,0.18447637557983398,0.8294133436976976
1041,False,2,2189,0.1768350601196289,0.8375516297473082
1042,False,2,2190,0.17999505996704102,0.8401015893600525
1043,False,2,2191,0.17363595962524414,0.8236525186248833
1044,False,2,2192,0.1788325309753418,0.8690272790512867
1045,False,2,2193,0.18819046020507812,0.7994958368529168
1046,False,2,2194,0.14663910865783691,0.8821465415613992
1047,False,2,2195,0.18158507347106934,0.8300172722277541
1048,False,2,2196,0.17614078521728516,0.8445145913865417
1049,False,2,2197,0.178938627243042,0.8387415051970275
1050,False,2,2198,0.1834089756011963,0.8519661735100229
1051,False,2,2199,0.17103815078735352,0.8707011106889695
1052,True,2,2200,0.20482301712036133,0.8265607041262444
1053,False,2,2201,0.18021082878112793,0.9127166668574016
1054,False,2,2202,0.1828606128692627,0.7955217538179741
1055,False,2,2203,0.17596960067749023,0.8907057569761361
1056,False,2,2204,0.19303083419799805,0.787836331996091
1057,False,2,2205,0.17644286155700684,0.8262295152637222
1058,False,2,2206,0.1837446689605713,0.8726825887071235
1059,False,2,2207,0.18157124519348145,0.8701335704397588
1060,False,2,2208,0.1712934970855713,0.8660294425540738
1061,False,2,2209,0.17482209205627441,0.8443052497736755
1062,False,2,2210,0.15855741500854492,0.8357431966966639
1063,False,2,2211,0.18367624282836914,0.8514745442108029
1064,False,2,2212,0.18552327156066895,0.8350736669575175
1065,False,2,2213,0.18231463432312012,0.7721352075958358
1066,False,2,2214,0.18418145179748535,0.8367615704469025
1067,False,2,2215,0.18000459671020508,0.8330749226290555
1068,False,2,2216,0.17388367652893066,0.8493137537013916
1069,False,2,2217,0.17409896850585938,0.8093713833285229
1070,False,2,2218,0.18264269828796387,0.8991496897346919
1071,False,2,2219,0.18297672271728516,0.8892348940883363
1072,False,2,2220,0.18826031684875488,0.8644176526438618
1073,False,2,2221,0.1492757797241211,0.8511076164653613
1074,False,2,2222,0.17596817016601562,0.8422417328803845
1075,False,2,2223,0.17992877960205078,0.9058696039996686
1076,False,2,2224,0.17465996742248535,0.8285597208443852
1077,False,2,2225,0.17824816703796387,0.8687328977199892
1078,False,2,2226,0.1972808837890625,0.8419548980004731
1079,False,2,2227,0.17618274688720703,0.8538152616737144
1080,False,2,2228,0.186690092086792,0.8054465535762055
1081,False,2,2229,0.17453455924987793,0.8459608662496543
1082,False,2,2230,0.17490553855895996,0.8239604774529912
1083,False,2,2231,0.1782667636871338,0.8065473563370427
1084,False,2,2232,0.14713287353515625,0.8041694273595653
1085,False,2,2233,0.1860799789428711,0.8041350758922773
1086,False,2,2234,0.18220186233520508,0.8361342495662117
1087,False,2,2235,0.18411946296691895,0.8737824055410566
1088,False,2,2236,0.17231464385986328,0.7847944651397744
1089,False,2,2237,0.1847693920135498,0.8152208532251064
1090,False,2,2238,0.1752488613128662,0.8837696339580277
1091,False,2,2239,0.17818737030029297,0.8844453995781285
1092,False,2,2240,0.17493057250976562,0.8716549270209811
1093,False,2,2241,0.1780698299407959,0.7798212098312519
1094,False,2,2242,0.1879568099975586,0.8204803346501043
1095,False,2,2243,0.14744830131530762,0.8398227184744819
1096,False,2,2244,0.18297767639160156,0.8349039107561111
1097,False,2,2245,0.17751288414001465,0.8499949571144367
1098,False,2,2246,0.17655110359191895,0.8564766757855459
1099,False,2,2247,0.18359971046447754,0.859191601807695
1100,False,2,2248,0.1744825839996338,0.7827277014231576
1101,False,2,2249,0.18712401390075684,0.8319447365855531
1102,False,2,2250,0.18035173416137695,0.844079830328978
1103,False,2,2251,0.18823885917663574,0.8769046103005254
1104,False,2,2252,0.1718606948852539,0.89424037767042
1105,False,2,2253,0.1927173137664795,0.8689887962259708
1106,False,2,2254,0.16553997993469238,0.8086154085606159
1107,False,2,2255,0.1830296516418457,0.7516658212878697
1108,False,2,2256,0.17751741409301758,0.7890468975085585
1109,False,2,2257,0.17775368690490723,0.8190744985781964
1110,False,2,2258,0.18241357803344727,0.7901512543182997
1111,False,2,2259,0.1551833152770996,0.8314280312153554
1112,False,2,2260,0.18602204322814941,0.8875864352143947
1113,False,2,2261,0.17600440979003906,0.7787444200810222
1114,False,2,2262,0.17798352241516113,0.8139988079090557
1115,False,2,2263,0.1711432933807373,0.7880962105090952
1116,False,2,2264,0.19350314140319824,0.80384652521683
1117,False,2,2265,0.17079448699951172,0.8632534831052735
1118,False,2,2266,0.18474602699279785,0.8038905744352156
1119,False,2,2267,0.1835336685180664,0.7910527379385064
1120,False,2,2268,0.17358660697937012,0.8017350417517481
1121,False,2,2269,0.17626118659973145,0.819702165301091
1122,False,2,2270,0.16216254234313965,0.8414323893153952
1123,False,2,2271,0.1794421672821045,0.7730302750576463
1124,False,2,2272,0.18560266494750977,0.8755143424385182
1125,False,2,2273,0.18308734893798828,0.8288540493896497
1126,False,2,2274,0.181626558303833,0.8119888593708828
1127,False,2,2275,0.18104171752929688,0.8630676141363525
1128,False,2,2276,0.17504191398620605,0.8134510593843602
1129,False,2,2277,0.17435932159423828,0.8319739478950698
1130,False,2,2278,0.18184375762939453,0.7646809096581169
1131,False,2,2279,0.18444132804870605,0.8937875376681663
1132,False,2,2280,0.1871659755706787,0.7585242864941913
1133,False,2,2281,0.15534186363220215,0.7901398447963098
1134,False,2,2282,0.17183923721313477,0.8506688354093404
1135,False,2,2283,0.17488336563110352,0.8275098889689182
1136,False,2,2284,0.17534351348876953,0.9016527820910727
1137,False,2,2285,0.17722797393798828,0.8329219326953448
1138,False,2,2286,0.2004842758178711,0.8470499652570913
1139,False,2,2287,0.17593026161193848,0.8309761399314516
1140,False,2,2288,0.18411970138549805,0.8974886552785478
1141,False,2,2289,0.17341113090515137,0.8656945334015679
1142,False,2,2290,0.1758887767791748,0.7109766254157183
1143,False,2,2291,0.17344236373901367,0.7932142008184677
1144,False,2,2292,0.15281128883361816,0.8619884858794865
1145,False,2,2293,0.18851971626281738,0.771294585562178
1146,False,2,2294,0.15787291526794434,0.8171648851462773
0,False,3,2295,0.1817946434020996,0.839743918650562
1,False,3,2296,0.17888283729553223,0.8084246352691914
2,False,3,2297,0.1776728630065918,0.8487427164800466
3,False,3,2298,0.17516279220581055,0.8277972955478445
4,False,3,2299,0.17934393882751465,0.8486843835562466
5,True,3,2300,0.19696569442749023,0.8735773964851562
6,False,3,2301,0.1847693920135498,0.8444265735867832
7,False,3,2302,0.18552255630493164,0.7910930636738028
8,False,3,2303,0.17155981063842773,0.8675389364029148
9,False,3,2304,0.17665791511535645,0.9057377428038133
10,False,3,2305,0.17710638046264648,0.8477555098278181
11,False,3,2306,0.18195533752441406,0.8992434651369141
12,False,3,2307,0.18792438507080078,0.8176323803518678
13,False,3,2308,0.1836247444152832,0.7926139301132589
14,False,3,2309,0.1863241195678711,0.7760732585475557
15,False,3,2310,0.19812750816345215,0.8221739910520791
16,False,3,2311,0.1736006736755371,0.799592160597621
17,False,3,2312,0.17764019966125488,0.8520526584636953
18,False,3,2313,0.17695331573486328,0.9255568656538212
19,False,3,2314,0.18209409713745117,0.9312073914777665
20,False,3,2315,0.18067121505737305,0.8747725376437994
21,False,3,2316,0.1632709503173828,0.8137459028068753
22,False,3,2317,0.17400598526000977,0.7973981332809974
23,False,3,2318,0.17626595497131348,0.7762628391917263
24,False,3,2319,0.1714458465576172,0.8569282892914046
25,False,3,2320,0.17646169662475586,0.8237178383528122
26,False,3,2321,0.20025181770324707,0.7676602982516799
27,False,3,2322,0.1631479263305664,0.7591489275828713
28,False,3,2323,0.1816389560699463,0.8037416059080336
29,False,3,2324,0.18145394325256348,0.8395928873103999
30,False,3,2325,0.17778372764587402,0.7888966562847297
31,False,3,2326,0.18293309211730957,0.8635398557498342
32,False,3,2327,0.15652012825012207,0.8614210655824057
33,False,3,2328,0.18866205215454102,0.821204322811571
34,False,3,2329,0.17327141761779785,0.7845858485837067
35,False,3,2330,0.1805715560913086,0.8068297960396325
36,False,3,2331,0.1737501621246338,0.8708245014173112
37,False,3,2332,0.1933596134185791,0.8137436291712912
38,False,3,2333,0.1760234832763672,0.8066121378935697
39,False,3,2334,0.1830735206604004,0.7738385169678147
40,False,3,2335,0.18333911895751953,0.8277092536334836
41,False,3,2336,0.16893982887268066,0.8898687545831004
42,False,3,2337,0.17714190483093262,0.8331881631165742
43,False,3,2338,0.15945649147033691,0.8385406357701868
44,False,3,2339,0.18026375770568848,0.8483272184218679
45,False,3,2340,0.18460559844970703,0.7685032099973235
46,False,3,2341,0.17220211029052734,0.9078124057435031
47,False,3,2342,0.17442679405212402,0.8255012014082501
48,False,3,2343,0.19069933891296387,0.8460882974877244
49,False,3,2344,0.16704416275024414,0.7877181258850865
50,False,3,2345,0.18562793731689453,0.8106714255353882
51,False,3,2346,0.17980360984802246,0.8886584477233036
52,False,3,2347,0.18267226219177246,0.8093753201731793
53,False,3,2348,0.17723822593688965,0.8576050716496648
54,False,3,2349,0.14829587936401367,0.8251478061789559
55,False,3,2350,0.18190932273864746,0.8128243772689961
56,False,3,2351,0.1792747974395752,0.8297394329593295
57,False,3,2352,0.1840975284576416,0.8974063340574502
58,False,3,2353,0.1725292205810547,0.8389625199848697
59,False,3,2354,0.18604111671447754,0.8301942845185595
60,False,3,2355,0.17768192291259766,0.7548772337447319
61,False,3,2356,0.1792294979095459,0.8890127332193689
62,False,3,2357,0.17986154556274414,0.7760622353026908
63,False,3,2358,0.17535185813903809,0.9187200585091932
64,False,3,2359,0.1914057731628418,0.8727866011183887
65,False,3,2360,0.14575719833374023,0.7586854362439008
66,False,3,2361,0.18916845321655273,0.772312867621492
67,False,3,2362,0.17215538024902344,0.8150029766062894
68,False,3,2363,0.17512059211730957,0.8732630496933345
69,False,3,2364,0.17518854141235352,0.8166987340276438
70,False,3,2365,0.18855857849121094,0.8130567780629333
71,False,3,2366,0.18258976936340332,0.8510458494780495
72,False,3,2367,0.17923235893249512,0.7780210221008887
73,False,3,2368,0.18535828590393066,0.8764998440608561
74,False,3,2369,0.1713695526123047,0.8757778744191109
75,False,3,2370,0.18368196487426758,0.808188742935835
76,False,3,2371,0.15905141830444336,0.8681679157362807
77,False,3,2372,0.17738652229309082,0.8410834124577895
78,False,3,2373,0.18256449699401855,0.7981521321371907
79,False,3,2374,0.1812138557434082,0.8012784971035127
80,False,3,2375,0.18429040908813477,0.9249804261184873
81,False,3,2376,0.15676450729370117,0.8589268371551521
82,False,3,2377,0.18068742752075195,0.8195854578655035
83,False,3,2378,0.175034761428833,0.8238215520423615
84,False,3,2379,0.17905616760253906,0.888747685056712
85,False,3,2380,0.18360233306884766,0.8011938632310678
86,False,3,2381,0.18854355812072754,0.8470564936731187
87,False,3,2382,0.17032551765441895,0.8339104541976536
88,False,3,2383,0.1747300624847412,0.8988749585336162
89,False,3,2384,0.18880629539489746,0.8290004410692269
90,False,3,2385,0.19941115379333496,0.8358708609538597
91,False,3,2386,0.1776723861694336,0.8399233038404159
92,False,3,2387,0.15689945220947266,0.8534135545293493
93,False,3,2388,0.17339658737182617,0.807570572853798
94,False,3,2389,0.1795194149017334,0.8337162099556907
95,False,3,2390,0.1744682788848877,0.8396236617118119
96,False,3,2391,0.17740845680236816,0.7971808423532084
97,False,3,2392,0.2009720802307129,0.8780845848045178
98,False,3,2393,0.16603899002075195,0.8095977545848915
99,False,3,2394,0.18234872817993164,0.8331193689789089
100,False,3,2395,0.1780405044555664,0.8731263216828837
101,False,3,2396,0.1794121265411377,0.7765847692665243
102,False,3,2397,0.1824960708618164,0.8724374182832738
103,False,3,2398,0.15840482711791992,0.7952880017415043
104,False,3,2399,0.18445110321044922,0.8261042425542008
105,True,3,2400,0.20043253898620605,0.835228907321358
106,False,3,2401,0.17441511154174805,0.7698711291221635
107,False,3,2402,0.17245197296142578,0.829794677495513
108,False,3,2403,0.19078850746154785,0.7485130754787298
109,False,3,2404,0.16701745986938477,0.8574137865077881
110,False,3,2405,0.18023252487182617,0.7948066350405237
111,False,3,2406,0.17559337615966797,0.8622402652898539
112,False,3,2407,0.17686128616333008,0.8136963603153292
113,False,3,2408,0.18323993682861328,0.7913310203834303
114,False,3,2409,0.15553808212280273,0.818403757088596
115,False,3,2410,0.17998695373535156,0.8387964184928153
116,False,3,2411,0.17581558227539062,0.861457163379306
117,False,3,2412,0.17872262001037598,0.8313195806972329
118,False,3,2413,0.18424439430236816,0.8364678773851622
119,False,3,2414,0.19101405143737793,0.8252940462636097
120,False,3,2415,0.1852250099182129,0.8272071548604542
121,False,3,2416,0.1720898151397705,0.8208716616832785
122,False,3,2417,0.17881035804748535,0.7952679359974958
123,False,3,2418,0.1715695858001709,0.7925129483808718
124,False,3,2419,0.1789989471435547,0.7405451258555763
125,False,3,2420,0.16553139686584473,0.8825339990712349
126,False,3,2421,0.17456889152526855,0.8180135828664614
127,False,3,2422,0.18605589866638184,0.7981532190571586
128,False,3,2423,0.17168736457824707,0.824455996188113
129,False,3,2424,0.17288970947265625,0.8257471611279814
130,False,3,2425,0.19286036491394043,0.8114735973178454
131,False,3,2426,0.16863012313842773,0.7959691151710493
132,False,3,2427,0.18279409408569336,0.8291042710743135
133,False,3,2428,0.18137168884277344,0.8001420145543912
134,False,3,2429,0.1842060089111328,0.7548834448015053
135,False,3,2430,0.17634916305541992,0.8098111461315837
136,False,3,2431,0.14709162712097168,0.7733922136526201
137,False,3,2432,0.17795753479003906,0.8157658095782004
138,False,3,2433,0.18170380592346191,0.8813777288222419
139,False,3,2434,0.18732857704162598,0.7980994237697727
140,False,3,2435,0.17265629768371582,0.8055014532236825
141,False,3,2436,0.18550872802734375,0.820071888910163
142,False,3,2437,0.17732667922973633,0.8464836263142174
143,False,3,2438,0.18398547172546387,0.7957838479252088
144,False,3,2439,0.17359352111816406,0.7855885919582629
145,False,3,2440,0.17654871940612793,0.854108669351609
146,False,3,2441,0.17525529861450195,0.851274018563951
147,False,3,2442,0.14909577369689941,0.8473999542849404
148,False,3,2443,0.18169355392456055,0.8677244115443457
149,False,3,2444,0.18345999717712402,0.8828657820288622
150,False,3,2445,0.18637800216674805,0.806764445866325
151,False,3,2446,0.17266488075256348,0.8161418106229533
152,False,3,2447,0.18512320518493652,0.8792020277829752
153,False,3,2448,0.17676377296447754,0.8426031515090949
154,False,3,2449,0.1770932674407959,0.8296399085472028
155,False,3,2450,0.17377495765686035,0.8328815769027208
156,False,3,2451,0.17801570892333984,0.8186922798908891
157,False,3,2452,0.18903326988220215,0.824545654778679
158,False,3,2453,0.14572954177856445,0.8431253996677697
159,False,3,2454,0.18297076225280762,0.8368928562628017
160,False,3,2455,0.18714213371276855,0.8448410223992098
161,False,3,2456,0.19982004165649414,0.8585158462103988
162,False,3,2457,0.2210371494293213,0.7855436987066198
163,False,3,2458,0.2224750518798828,0.8661405580960924
164,False,3,2459,0.22521090507507324,0.7829503284190737
165,False,3,2460,0.22403669357299805,0.8411499714212758
166,False,3,2461,0.22318625450134277,0.8340000492476282
167,False,3,2462,0.22812509536743164,0.828196820060146
168,False,3,2463,0.2241833209991455,0.7714339709131136
169,False,3,2464,0.22171854972839355,0.8019447390078788
170,False,3,2465,0.22251105308532715,0.813622770387502
171,False,3,2466,0.24838852882385254,0.900547984455313
172,False,3,2467,0.22185969352722168,0.7703440974776945
173,False,3,2468,0.2197551727294922,0.8008481950410418
174,False,3,2469,0.21762776374816895,0.8306826018240481
175,False,3,2470,0.21744203567504883,0.748689454470185
176,False,3,2471,0.2158663272857666,0.8378832604115208
177,False,3,2472,0.2215714454650879,0.759933578038943
178,False,3,2473,0.22217297554016113,0.8157111927866937
179,False,3,2474,0.23553228378295898,0.8907188224561868
180,False,3,2475,0.22551393508911133,0.8641405031195887
181,False,3,2476,0.22550368309020996,0.8050903093868069
182,False,3,2477,0.22319650650024414,0.8342224564846782
183,False,3,2478,0.22003889083862305,0.7782250823275674
184,False,3,2479,0.225325345993042,0.8435822486700045
185,False,3,2480,0.22457456588745117,0.8567250420649848
186,False,3,2481,0.2571859359741211,0.8506790015935186
187,False,3,2482,0.2211315631866455,0.9081700644899336
188,False,3,2483,0.22528648376464844,0.8168578549022122
189,False,3,2484,0.22305059432983398,0.767586516016828
190,False,3,2485,0.22681188583374023,0.8492286397654207
191,False,3,2486,0.2227787971496582,0.8194802864676428
192,False,3,2487,0.2211153507232666,0.8235508041855482
193,False,3,2488,0.24455666542053223,0.8521632988094574
194,False,3,2489,0.20424604415893555,0.8604220265433902
195,False,3,2490,0.2240586280822754,0.8494404701161241
196,False,3,2491,0.22246384620666504,0.8723841559452314
197,False,3,2492,0.2273390293121338,0.8146518239574063
198,False,3,2493,0.22324275970458984,0.8217474068071515
199,False,3,2494,0.22372794151306152,0.8241189034722213
200,False,3,2495,0.23314428329467773,0.8093952035442702
201,False,3,2496,0.21690154075622559,0.8459351066322554
202,False,3,2497,0.2215251922607422,0.7666041986639833
203,False,3,2498,0.22400450706481934,0.9138954715980661
204,False,3,2499,0.2263791561126709,0.8275861431445396
205,True,3,2500,0.25000834465026855,0.8248501163463865
206,False,3,2501,0.22128009796142578,0.8654786827308792
207,False,3,2502,0.21779680252075195,0.8871242348104714
208,False,3,2503,0.2367095947265625,0.8874558094179344
209,False,3,2504,0.2241954803466797,0.8484865495314199
210,False,3,2505,0.22202062606811523,0.8042933997542907
211,False,3,2506,0.21999645233154297,0.7666966672321515
212,False,3,2507,0.2269737720489502,0.7750553473874571
213,False,3,2508,0.22202515602111816,0.847554703198728
214,False,3,2509,0.22312355041503906,0.8455884518390078
215,False,3,2510,0.24256157875061035,0.833241995867519
216,False,3,2511,0.20947504043579102,0.8468335233185263
217,False,3,2512,0.23050165176391602,0.7857619472779335
218,False,3,2513,0.22555184364318848,0.8690136750450446
219,False,3,2514,0.2222151756286621,0.8052912568895234
220,False,3,2515,0.22496509552001953,0.7916843269818595
221,False,3,2516,0.22716593742370605,0.831836956287069
222,False,3,2517,0.23637819290161133,0.8564976517643246
223,False,3,2518,0.20222210884094238,0.8280005197794665
224,False,3,2519,0.2203664779663086,0.8996562738237635
225,False,3,2520,0.22259831428527832,0.8340870375035421
226,False,3,2521,0.22125792503356934,0.8581548711018904
227,False,3,2522,0.2290339469909668,0.8528984777984164
228,False,3,2523,0.22871756553649902,0.8463572019134602
229,False,3,2524,0.22419261932373047,0.8357883284223222
230,False,3,2525,0.24701261520385742,0.8660697139622201
231,False,3,2526,0.22363901138305664,0.8081936305167065
232,False,3,2527,0.22107219696044922,0.789383167766833
233,False,3,2528,0.2189774513244629,0.8063103026222614
234,False,3,2529,0.22247552871704102,0.869748521064009
235,False,3,2530,0.2221848964691162,0.8469959170380165
236,False,3,2531,0.22111749649047852,0.8413048092541948
237,False,3,2532,0.2435147762298584,0.8088773374800526
238,False,3,2533,0.2069547176361084,0.8453141547894725
239,False,3,2534,0.22382140159606934,0.8361695465587434
240,False,3,2535,0.22763562202453613,0.8027821651859475
241,False,3,2536,0.22269797325134277,0.9031679650901685
242,False,3,2537,0.21860241889953613,0.9082802969385826
243,False,3,2538,0.22361993789672852,0.8552159525542742
244,False,3,2539,0.23453259468078613,0.866393968396421
245,False,3,2540,0.20642638206481934,0.9146572169847786
246,False,3,2541,0.22228074073791504,0.825428473652296
247,False,3,2542,0.22064447402954102,0.7972154894267164
248,False,3,2543,0.22752976417541504,0.7895128671523362
249,False,3,2544,0.18617606163024902,0.8234303671578388
250,False,3,2545,0.17551469802856445,0.855371749072912
251,False,3,2546,0.20022058486938477,0.8096062982720987
252,False,3,2547,0.16491484642028809,0.823466044506945
253,False,3,2548,0.18318724632263184,0.8207279583439232
254,False,3,2549,0.17728352546691895,0.8358707498271194
255,False,3,2550,0.1797196865081787,0.8023869237818176
256,False,3,2551,0.1832900047302246,0.8536561048212683
257,False,3,2552,0.15670108795166016,0.8716832035930736
258,False,3,2553,0.18143916130065918,0.8064509519109766
259,False,3,2554,0.17644405364990234,0.8094959625575158
260,False,3,2555,0.18101811408996582,0.8198529889895803
261,False,3,2556,0.179396390914917,0.8140909496162619
262,False,3,2557,0.20586943626403809,0.8189561609622269
263,False,3,2558,0.18860697746276855,0.8719410493615127
264,False,3,2559,0.1759188175201416,0.8044900668873673
265,False,3,2560,0.17666983604431152,0.8189573495072265
266,False,3,2561,0.17089152336120605,0.8631740136160735
267,False,3,2562,0.1779930591583252,0.8340615967199916
268,False,3,2563,0.1579749584197998,0.7959517140296244
269,False,3,2564,0.1820981502532959,0.7874484855482088
270,False,3,2565,0.18372178077697754,0.7792278918038522
271,False,3,2566,0.17676711082458496,0.8055063519471635
272,False,3,2567,0.1773219108581543,0.801877076016916
273,False,3,2568,0.19704389572143555,0.8695258306605476
274,False,3,2569,0.17705869674682617,0.7724145543539809
275,False,3,2570,0.18614721298217773,0.8307590186595919
276,False,3,2571,0.17391633987426758,0.89797123738875
277,False,3,2572,0.1769711971282959,0.8275916319384816
278,False,3,2573,0.1741175651550293,0.8032268887563121
279,False,3,2574,0.14937925338745117,0.7746785747862998
280,False,3,2575,0.18159174919128418,0.7749842407093163
281,False,3,2576,0.18247365951538086,0.7713119767251467
282,False,3,2577,0.18636703491210938,0.9197574299871033
283,False,3,2578,0.17381572723388672,0.7588581068086483
284,False,3,2579,0.18404126167297363,0.8215616625467581
285,False,3,2580,0.17878031730651855,0.766066551208496
286,False,3,2581,0.17970776557922363,0.8764350710525399
287,False,3,2582,0.17494845390319824,0.8246761766994106
288,False,3,2583,0.17714858055114746,0.799821785817455
289,False,3,2584,0.19201135635375977,0.8771260665020061
290,False,3,2585,0.1446061134338379,0.8356662489850784
291,False,3,2586,0.18129777908325195,0.7718273124413653
292,False,3,2587,0.17473602294921875,0.8535694705233687
293,False,3,2588,0.17828798294067383,0.9245987483965497
294,False,3,2589,0.1824018955230713,0.8243925787308919
295,False,3,2590,0.17599964141845703,0.8133327287089611
296,False,3,2591,0.18008947372436523,0.8258272592155707
297,False,3,2592,0.18084430694580078,0.7899500947512154
298,False,3,2593,0.17999553680419922,0.7697605674731589
299,False,3,2594,0.18142485618591309,0.8213469124332604
300,False,3,2595,0.19501686096191406,0.7813463615519659
301,False,3,2596,0.169874906539917,0.7912253096721888
302,False,3,2597,0.1726057529449463,0.8231279069690833
303,False,3,2598,0.17854714393615723,0.7792520351441842
304,False,3,2599,0.17764687538146973,0.7826727361396131
305,True,3,2600,0.19913792610168457,0.8278671278773497
306,False,3,2601,0.17449617385864258,0.8933904839768296
307,False,3,2602,0.17853736877441406,0.8606704978183621
308,False,3,2603,0.18605446815490723,0.8196035746396297
309,False,3,2604,0.1716761589050293,0.8074308851334667
310,False,3,2605,0.17499685287475586,0.8467624077928209
311,False,3,2606,0.18472981452941895,0.8519335028138899
312,False,3,2607,0.1502528190612793,0.8990934173620884
313,False,3,2608,0.18126130104064941,0.8415490121447613
314,False,3,2609,0.1783761978149414,0.7940397842654159
315,False,3,2610,0.17125630378723145,0.8433160036358804
316,False,3,2611,0.17190885543823242,0.7577445554059176
317,False,3,2612,0.18780946731567383,0.876149527506814
318,False,3,2613,0.18319344520568848,0.8410541876440956
319,False,3,2614,0.18031811714172363,0.8089521598469998
320,False,3,2615,0.18416333198547363,0.8237106803294625
321,False,3,2616,0.16954851150512695,0.86634632681186
322,False,3,2617,0.1814420223236084,0.8068678492813238
323,False,3,2618,0.15418386459350586,0.8341642768964883
324,False,3,2619,0.18079805374145508,0.7974742477138835
325,False,3,2620,0.18624472618103027,0.8373208326243217
326,False,3,2621,0.18264293670654297,0.82362665040862
327,False,3,2622,0.1805253028869629,0.7749956928282267
328,False,3,2623,0.1566321849822998,0.813005650260796
329,False,3,2624,0.18146991729736328,0.8092625244032768
330,False,3,2625,0.1860945224761963,0.7914039503250804
331,False,3,2626,0.18089866638183594,0.8448785195082781
332,False,3,2627,0.1852705478668213,0.7724100712775473
333,False,3,2628,0.17937541007995605,0.8343572797963307
334,False,3,2629,0.17135882377624512,0.8438705617916723
335,False,3,2630,0.17485785484313965,0.8103712170074384
336,False,3,2631,0.17738795280456543,0.8059962543969353
337,False,3,2632,0.18272900581359863,0.8245585156449426
338,False,3,2633,0.1873180866241455,0.8300975965380315
339,False,3,2634,0.14346790313720703,0.7922796658018516
340,False,3,2635,0.1776878833770752,0.882285744040495
341,False,3,2636,0.18044090270996094,0.81865724232713
342,False,3,2637,0.17895054817199707,0.7854337323279608
343,False,3,2638,0.17654752731323242,0.812289776635312
344,False,3,2639,0.19118618965148926,0.8113873678126505
345,False,3,2640,0.18001127243041992,0.8045084882704983
346,False,3,2641,0.1860504150390625,0.7407780275790996
347,False,3,2642,0.17516255378723145,0.8970228346685569
348,False,3,2643,0.17626023292541504,0.8680208130251794
349,False,3,2644,0.18409228324890137,0.7800082120645259
350,False,3,2645,0.1505420207977295,0.7983763115591413
351,False,3,2646,0.18380975723266602,0.7793206453678155
352,False,3,2647,0.1831977367401123,0.965847104299991
353,False,3,2648,0.1835174560546875,0.7970818726434594
354,False,3,2649,0.17522835731506348,0.7961944713523345
355,False,3,2650,0.16729307174682617,0.8069846880333944
356,False,3,2651,0.1822681427001953,0.858994203819228
357,False,3,2652,0.18050456047058105,0.775844554838148
358,False,3,2653,0.1889512538909912,0.8458435711606093
359,False,3,2654,0.18176913261413574,0.8811708812912308
360,False,3,2655,0.2007918357849121,0.8034545736209979
361,False,3,2656,0.17912721633911133,0.828451918903738
362,False,3,2657,0.18854618072509766,0.8007889931045827
363,False,3,2658,0.17276573181152344,0.8131963597233629
364,False,3,2659,0.176377534866333,0.8495807197454964
365,False,3,2660,0.17919301986694336,0.8358527400220434
366,False,3,2661,0.1460399627685547,0.8047868002516527
367,False,3,2662,0.1818532943725586,0.7769961650705054
368,False,3,2663,0.171980619430542,0.7672520981813294
369,False,3,2664,0.17448687553405762,0.8945814566243263
370,False,3,2665,0.1730334758758545,0.8558946577166875
371,False,3,2666,0.19533848762512207,0.7486261001322417
372,False,3,2667,0.1741790771484375,0.8165068104641424
373,False,3,2668,0.18037009239196777,0.8295907369326978
374,False,3,2669,0.18550872802734375,0.8816685525789147
375,False,3,2670,0.1738109588623047,0.8423377539785135
376,False,3,2671,0.17604660987854004,0.8573736120791485
377,False,3,2672,0.16549205780029297,0.7727356755085999
378,False,3,2673,0.18149757385253906,0.7917152040504984
379,False,3,2674,0.18654108047485352,0.8336528945669888
380,False,3,2675,0.18146514892578125,0.795914530232992
381,False,3,2676,0.1817023754119873,0.7846889885674629
382,False,3,2677,0.18194937705993652,0.7839832993312962
383,False,3,2678,0.17338228225708008,0.860653564034562
384,False,3,2679,0.1749589443206787,0.8831209967001563
385,False,3,2680,0.17784476280212402,0.8136341140738554
386,False,3,2681,0.18231821060180664,0.8258632822405725
387,False,3,2682,0.18720769882202148,0.7924721078459352
388,False,3,2683,0.15315008163452148,0.7989287344916236
389,False,3,2684,0.17255258560180664,0.8625422783994249
390,False,3,2685,0.17757439613342285,0.8298781133655989
391,False,3,2686,0.17465448379516602,0.8503641805478506
392,False,3,2687,0.17664432525634766,0.8690301648873304
393,False,3,2688,0.19504189491271973,0.8410065138956442
394,False,3,2689,0.1735687255859375,0.8044507361593701
395,False,3,2690,0.18250823020935059,0.8433257919691859
396,False,3,2691,0.1751105785369873,0.8635055028966494
397,False,3,2692,0.17795610427856445,0.8195198089372191
398,False,3,2693,0.18614864349365234,0.8361697254613754
399,False,3,2694,0.15210247039794922,0.8607623133630983
400,False,3,2695,0.1879584789276123,0.8851967715724768
401,False,3,2696,0.1725919246673584,0.7694821759969706
402,False,3,2697,0.17865610122680664,0.7408330354263031
403,False,3,2698,0.17290735244750977,0.83728970793475
404,False,3,2699,0.1893315315246582,0.8012976487544142
405,True,3,2700,0.20209288597106934,0.788696435590585
406,False,3,2701,0.17652511596679688,0.771274961132024
407,False,3,2702,0.18114137649536133,0.7876494072067242
408,False,3,2703,0.1685776710510254,0.7499412598443174
409,False,3,2704,0.1842057704925537,0.8518368321515265
410,False,3,2705,0.15610241889953613,0.8825397757325498
411,False,3,2706,0.17871928215026855,0.875640568035167
412,False,3,2707,0.18489956855773926,0.8337259647392091
413,False,3,2708,0.18015527725219727,0.7916229651753037
414,False,3,2709,0.17985773086547852,0.8303596889932773
415,False,3,2710,0.1581406593322754,0.8155658355958404
416,False,3,2711,0.18072128295898438,0.8775064725694915
417,False,3,2712,0.1843278408050537,0.8705876088213352
418,False,3,2713,0.18134689331054688,0.896028946375563
419,False,3,2714,0.18388104438781738,0.7689236105486219
420,False,3,2715,0.17719483375549316,0.7891335428825449
421,False,3,2716,0.1812281608581543,0.8164562054333233
422,False,3,2717,0.1796870231628418,0.8222538360527583
423,False,3,2718,0.18234491348266602,0.8243395409413746
424,False,3,2719,0.18211030960083008,0.8472716351194928
425,False,3,2720,0.19461464881896973,0.7994169773800032
426,False,3,2721,0.17013072967529297,0.796152667918553
427,False,3,2722,0.17269635200500488,0.8086402793858378
428,False,3,2723,0.17668366432189941,0.8386595902432289
429,False,3,2724,0.17454290390014648,0.8205196002409572
430,False,3,2725,0.17874956130981445,0.7898727040294379
431,False,3,2726,0.17955565452575684,0.8083026322669215
432,False,3,2727,0.17239594459533691,0.8120079640232559
433,False,3,2728,0.1855788230895996,0.875356340958249
434,False,3,2729,0.1728515625,0.8116368949191556
435,False,3,2730,0.17423343658447266,0.7762573039868758
436,False,3,2731,0.18146610260009766,0.7936932744369619
437,False,3,2732,0.14977645874023438,0.8091760870690148
438,False,3,2733,0.18523287773132324,0.8215999123529487
439,False,3,2734,0.1815168857574463,0.7684663926982985
440,False,3,2735,0.18458056449890137,0.8060599037313035
441,False,3,2736,0.17636609077453613,0.8805625653337867
442,False,3,2737,0.1699368953704834,0.8116518787684895
443,False,3,2738,0.1802828311920166,0.8403622770371535
444,False,3,2739,0.18090271949768066,0.8117108756033259
445,False,3,2740,0.18281841278076172,0.8104521077170614
446,False,3,2741,0.18392157554626465,0.8771003878320612
447,False,3,2742,0.19824600219726562,0.7861343985423447
448,False,3,2743,0.17902660369873047,0.8907960866178785
449,False,3,2744,0.1859118938446045,0.8069785613389241
450,False,3,2745,0.17469215393066406,0.8453912715471926
451,False,3,2746,0.17663836479187012,0.8158780742614042
452,False,3,2747,0.1784992218017578,0.7943925331568434
453,False,3,2748,0.1473994255065918,0.9762478877036345
454,False,3,2749,0.18359041213989258,0.8519049399931514
455,False,3,2750,0.18044471740722656,0.8405006862400721
456,False,3,2751,0.19959616661071777,0.8161152541593072
457,False,3,2752,0.1751399040222168,0.8546047556169687
458,False,3,2753,0.18745899200439453,0.7798725121344129
459,False,3,2754,0.18466448783874512,0.8140175764537636
460,False,3,2755,0.19197583198547363,0.8206221001400122
461,False,3,2756,0.18417119979858398,0.8597321086341427
462,False,3,2757,0.18204832077026367,0.8059186263098603
463,False,3,2758,0.20027947425842285,0.8019908386216099
464,False,3,2759,0.15965032577514648,0.7996727374071877
465,False,3,2760,0.17261528968811035,0.8406774526284564
466,False,3,2761,0.1764211654663086,0.7914531903696204
467,False,3,2762,0.17567086219787598,0.8549438978079708
468,False,3,2763,0.1841752529144287,0.7751894926408395
469,False,3,2764,0.17144775390625,0.8382785152200433
470,False,3,2765,0.18395757675170898,0.8899582160548085
471,False,3,2766,0.1735210418701172,0.868074852097336
472,False,3,2767,0.17727446556091309,0.8087574096640483
473,False,3,2768,0.17360472679138184,0.8111429473917399
474,False,3,2769,0.18347597122192383,0.8364475120657259
475,False,3,2770,0.15402555465698242,0.8095032393577553
476,False,3,2771,0.18450498580932617,0.8806773381130327
477,False,3,2772,0.1880505084991455,0.8007220086264644
478,False,3,2773,0.17224788665771484,0.7961367484448212
479,False,3,2774,0.17699742317199707,0.83046492883226
480,False,3,2775,0.176483154296875,0.9109969453863975
481,False,3,2776,0.18054580688476562,0.8516520157545096
482,False,3,2777,0.18806242942810059,0.8464224654294197
483,False,3,2778,0.1845541000366211,0.8785993207711726
484,False,3,2779,0.184218168258667,0.8016235562085752
485,False,3,2780,0.18935108184814453,0.8741397274813304
486,False,3,2781,0.16652154922485352,0.7787969122596441
487,False,3,2782,0.1801750659942627,0.7999667553231121
488,False,3,2783,0.18216538429260254,0.875050313061192
489,False,3,2784,0.17750191688537598,0.8592892590511058
490,False,3,2785,0.18285584449768066,0.8110365207262693
491,False,3,2786,0.15880775451660156,0.7681440144910344
492,False,3,2787,0.1730036735534668,0.7826771622612365
493,False,3,2788,0.17757534980773926,0.7773836842139384
494,False,3,2789,0.17336797714233398,0.7865274433889203
495,False,3,2790,0.1765155792236328,0.8068257006151336
496,False,3,2791,0.2021160125732422,0.8231076317440187
497,False,3,2792,0.16573667526245117,0.817257208450298
498,False,3,2793,0.18476510047912598,0.8650725362600669
499,False,3,2794,0.17837023735046387,0.8277214336253349
500,False,3,2795,0.17910027503967285,0.815817794263629
501,False,3,2796,0.18195366859436035,0.8039112723144213
502,False,3,2797,0.15548276901245117,0.9126443728760238
503,False,3,2798,0.18469667434692383,0.8514080468476528
504,False,3,2799,0.17310667037963867,0.8614400664255732
505,True,3,2800,0.2005600929260254,0.8581106306408486
506,False,3,2801,0.17420625686645508,0.798454610009988
507,False,3,2802,0.19278740882873535,0.8098933011116016
508,False,3,2803,0.17617034912109375,0.8161795848891849
509,False,3,2804,0.18332982063293457,0.8502852386750637
510,False,3,2805,0.18478894233703613,0.8996995132239092
511,False,3,2806,0.18213462829589844,0.8825643273691334
512,False,3,2807,0.1908857822418213,0.7939290761991981
513,False,3,2808,0.153397798538208,0.8478403465955385
514,False,3,2809,0.17886662483215332,0.7956294028110624
515,False,3,2810,0.18841814994812012,0.8124457008781888
516,False,3,2811,0.17903518676757812,0.8645561178480942
517,False,3,2812,0.18613052368164062,0.8107477585297256
518,False,3,2813,0.15643596649169922,0.7992978633514473
519,False,3,2814,0.17962121963500977,0.8125701192988173
520,False,3,2815,0.18573522567749023,0.7695761475312924
521,False,3,2816,0.1799638271331787,0.8492448458425879
522,False,3,2817,0.1854090690612793,0.8234001525589042
523,False,3,2818,0.1736438274383545,0.8425821145730359
524,False,3,2819,0.18213915824890137,0.8407031643603528
525,False,3,2820,0.17665481567382812,0.7830267766756672
526,False,3,2821,0.17652463912963867,0.8144323437119878
527,False,3,2822,0.18321728706359863,0.7957524601370096
528,False,3,2823,0.19491124153137207,0.8366191156563303
529,False,3,2824,0.17206859588623047,0.8196968908111255
530,False,3,2825,0.17455649375915527,0.8375837387117956
531,False,3,2826,0.177825927734375,0.8190197710480009
532,False,3,2827,0.17409586906433105,0.8240587757013383
533,False,3,2828,0.17951369285583496,0.8168372633822618
534,False,3,2829,0.18221378326416016,0.8297206700912546
535,False,3,2830,0.18173694610595703,0.8081730061565483
536,False,3,2831,0.1893453598022461,0.763383988601466
537,False,3,2832,0.17665576934814453,0.8563679744090354
538,False,3,2833,0.17773771286010742,0.7530116507384395
539,False,3,2834,0.1918792724609375,0.8122266470565503
540,False,3,2835,0.1748037338256836,0.7773758596518919
541,False,3,2836,0.18890142440795898,0.8734749061986804
542,False,3,2837,0.17728924751281738,0.8276405403656619
543,False,3,2838,0.1839900016784668,0.8169628543490987
544,False,3,2839,0.1781158447265625,0.8144229543727955
545,False,3,2840,0.1485581398010254,0.8576673393448194
546,False,3,2841,0.1788654327392578,0.8245165616251704
547,False,3,2842,0.18304991722106934,0.8673573593897302
548,False,3,2843,0.1847691535949707,0.8614397374026125
549,False,3,2844,0.18228435516357422,0.8680960028654052
550,False,3,2845,0.17695236206054688,0.821084537898146
551,False,3,2846,0.17519521713256836,0.8767345357863675
552,False,3,2847,0.18391990661621094,0.8785540678405334
553,False,3,2848,0.17887043952941895,0.8819936623885519
554,False,3,2849,0.18410491943359375,0.8444323261667577
555,False,3,2850,0.19016146659851074,0.8033952990635519
556,False,3,2851,0.1669306755065918,0.811171254076596
557,False,3,2852,0.18562817573547363,0.8566995174513155
558,False,3,2853,0.18187212944030762,0.7649217033426143
559,False,3,2854,0.18274760246276855,0.8476591102579344
560,False,3,2855,0.1778554916381836,0.7970693825211911
561,False,3,2856,0.14910244941711426,0.8452984967402051
562,False,3,2857,0.18751907348632812,0.7977819690214736
563,False,3,2858,0.18175506591796875,0.8687078376256283
564,False,3,2859,0.1882185935974121,0.89388079320391
565,False,3,2860,0.18047499656677246,0.8929589117566745
566,False,3,2861,0.18154478073120117,0.803856165813548
567,False,3,2862,0.17396306991577148,0.8593511693179607
568,False,3,2863,0.1792306900024414,0.8287340901525956
569,False,3,2864,0.1779637336730957,0.8229897561970921
570,False,3,2865,0.17890501022338867,0.8139646332600113
571,False,3,2866,0.2005760669708252,0.857961839852145
572,False,3,2867,0.16703009605407715,0.855405641265125
573,False,3,2868,0.18676352500915527,0.8527712436459425
574,False,3,2869,0.17533636093139648,0.8473408202241575
575,False,3,2870,0.1769263744354248,0.8251155477593695
576,False,3,2871,0.17549657821655273,0.866354192573843
577,False,3,2872,0.1712045669555664,0.895783722511537
578,False,3,2873,0.18191957473754883,0.8155602685042791
579,False,3,2874,0.17664623260498047,0.8068178676600967
580,False,3,2875,0.18352842330932617,0.8249323929305231
581,False,3,2876,0.1766808032989502,0.7738246699085548
582,False,3,2877,0.20456647872924805,0.925413185819274
583,False,3,2878,0.17161273956298828,0.8565653945053262
584,False,3,2879,0.18254899978637695,0.7898297336484703
585,False,3,2880,0.1746659278869629,0.8052826376654029
586,False,3,2881,0.17723894119262695,0.8446991261360902
587,False,3,2882,0.17525696754455566,0.8967541440257003
588,False,3,2883,0.16785430908203125,0.7427506832006786
589,False,3,2884,0.1805572509765625,0.7873349649654258
590,False,3,2885,0.17882919311523438,0.7986308038456453
591,False,3,2886,0.18291163444519043,0.8535076162245655
592,False,3,2887,0.17083978652954102,0.8091136915609239
593,False,3,2888,0.19327473640441895,0.868823755266411
594,False,3,2889,0.15981626510620117,0.7880606624918678
595,False,3,2890,0.1728978157043457,0.7346303042889174
596,False,3,2891,0.18069672584533691,0.8571483364794403
597,False,3,2892,0.18508315086364746,0.8441971986266298
598,False,3,2893,0.18696165084838867,0.821776621753261
599,False,3,2894,0.15795564651489258,0.8456751742910239
600,False,3,2895,0.17870521545410156,0.8102595279481084
601,False,3,2896,0.1783308982849121,0.786333931986952
602,False,3,2897,0.18010258674621582,0.8993109282150509
603,False,3,2898,0.18554067611694336,0.8139952560443253
604,False,3,2899,0.19106626510620117,0.8443368440604813
605,True,3,2900,0.20768237113952637,0.7941662675834125
606,False,3,2901,0.17758393287658691,0.8332632049208597
607,False,3,2902,0.18285274505615234,0.8115521101835405
608,False,3,2903,0.17093205451965332,0.8087594415105526
609,False,3,2904,0.18181276321411133,0.8237415000441528
610,False,3,2905,0.15647673606872559,0.8115935395250008
611,False,3,2906,0.1808309555053711,0.8461501967339288
612,False,3,2907,0.18946218490600586,0.8261991334369496
613,False,3,2908,0.18198728561401367,0.8226657434854477
614,False,3,2909,0.18172883987426758,0.8386533803395217
615,False,3,2910,0.16141986846923828,0.8297644668879606
616,False,3,2911,0.18197369575500488,0.8498912420944268
617,False,3,2912,0.1878504753112793,0.7906399632005818
618,False,3,2913,0.178053617477417,0.813922243015397
619,False,3,2914,0.18509411811828613,0.848565463863668
620,False,3,2915,0.1763603687286377,0.8865208798088132
621,False,3,2916,0.1754751205444336,0.8309221978831505
622,False,3,2917,0.17124414443969727,0.8464036198066814
623,False,3,2918,0.17884421348571777,0.8267600176678529
624,False,3,2919,0.18463778495788574,0.7842069508374799
625,False,3,2920,0.18665647506713867,0.8643855296430133
626,False,3,2921,0.15337395668029785,0.8427218876535164
627,False,3,2922,0.17276692390441895,0.7647288599871988
628,False,3,2923,0.17415380477905273,0.8146654275534233
629,False,3,2924,0.17569422721862793,0.811252140395698
630,False,3,2925,0.17712998390197754,0.8897957658572564
631,False,3,2926,0.19559359550476074,0.8507965142794308
632,False,3,2927,0.1759800910949707,0.8738068903219842
633,False,3,2928,0.18226861953735352,0.8401657907691384
634,False,3,2929,0.17203497886657715,0.8229049486773354
635,False,3,2930,0.1763291358947754,0.8956384904948729
636,False,3,2931,0.1762828826904297,0.8096037609059187
637,False,3,2932,0.14984130859375,0.8308737772916045
638,False,3,2933,0.18413734436035156,0.8817825661528679
639,False,3,2934,0.1799478530883789,0.7581933240539261
640,False,3,2935,0.18548154830932617,0.8740928772659529
641,False,3,2936,0.17271804809570312,0.785530815200348
642,False,3,2937,0.1856374740600586,0.7996997454514106
643,False,3,2938,0.17665934562683105,0.7845985667469599
644,False,3,2939,0.1793529987335205,0.8022531748838013
645,False,3,2940,0.17835259437561035,0.9006444476544856
646,False,3,2941,0.1782820224761963,0.8234315389390325
647,False,3,2942,0.19194340705871582,0.8073180478642739
648,False,3,2943,0.14583492279052734,0.8507225597942516
649,False,3,2944,0.18549633026123047,0.8276003593179795
650,False,3,2945,0.17132282257080078,0.7504493284393988
651,False,3,2946,0.17740893363952637,0.8559594462137848
652,False,3,2947,0.1742236614227295,0.7913174765472788
653,False,3,2948,0.186570405960083,0.8506621617402527
654,False,3,2949,0.20186972618103027,0.7923427089006594
655,False,3,2950,0.1765451431274414,0.8755836643145554
656,False,3,2951,0.1836073398590088,0.8606842045140054
657,False,3,2952,0.1683502197265625,0.8322327409294387
658,False,3,2953,0.1912379264831543,0.7766578336068918
659,False,3,2954,0.15759849548339844,0.7973012560756789
660,False,3,2955,0.17773222923278809,0.8266876495465457
661,False,3,2956,0.185410737991333,0.7921848531058501
662,False,3,2957,0.17912745475769043,0.8556944260462408
663,False,3,2958,0.18147850036621094,0.795349191009466
664,False,3,2959,0.15794730186462402,0.7847052504574614
665,False,3,2960,0.18364977836608887,0.8312956418487287
666,False,3,2961,0.1861281394958496,0.8249538517778828
667,False,3,2962,0.17932343482971191,0.798453016694458
668,False,3,2963,0.18263864517211914,0.7823360800033524
669,False,3,2964,0.17688870429992676,0.8593295326323382
670,False,3,2965,0.17983126640319824,0.8272549907366435
671,False,3,2966,0.1809849739074707,0.8292989291450275
672,False,3,2967,0.18207669258117676,0.7786379363609565
673,False,3,2968,0.17325949668884277,0.858517101799537
674,False,3,2969,0.18515348434448242,0.8380742670879477
675,False,3,2970,0.15655732154846191,0.9206451397566568
676,False,3,2971,0.18111681938171387,0.8404153830238752
677,False,3,2972,0.15453171730041504,0.7883118198231043
678,False,3,2973,0.15434646606445312,0.7879077594483359
679,False,3,2974,0.17162227630615234,0.7937309043481947
680,False,3,2975,0.18366670608520508,0.8449024597981146
681,False,3,2976,0.15739870071411133,0.8220216248938369
682,False,3,2977,0.18463134765625,0.8376841822284317
683,False,3,2978,0.1756279468536377,0.9241126216948032
684,False,3,2979,0.17516779899597168,0.8315042880851599
685,False,3,2980,0.17525696754455566,0.8721239835556065
686,False,3,2981,0.19498777389526367,0.8413496646320535
687,False,3,2982,0.17707061767578125,0.8029806035171664
688,False,3,2983,0.18079257011413574,0.8564744169735129
689,False,3,2984,0.18595194816589355,0.7617377060509865
690,False,3,2985,0.17136120796203613,0.8044476713541717
691,False,3,2986,0.17606878280639648,0.8452696216159632
692,False,3,2987,0.16211605072021484,0.8635859401187016
693,False,3,2988,0.17841887474060059,0.8228523489863923
694,False,3,2989,0.18761944770812988,0.8309558352921157
695,False,3,2990,0.18176507949829102,0.8399412146592069
696,False,3,2991,0.18156075477600098,0.8690877810031885
697,False,3,2992,0.184248685836792,0.7823753121885514
698,False,3,2993,0.17648553848266602,0.7748862601528387
699,False,3,2994,0.17443513870239258,0.9029150737582574
700,False,3,2995,0.18014907836914062,0.8582442753748701
701,False,3,2996,0.18364882469177246,0.8552391581858197
702,False,3,2997,0.18687891960144043,0.8782676727777082
703,False,3,2998,0.15282845497131348,0.8493758257301082
704,False,3,2999,0.1739795207977295,0.8834063671640167
705,True,3,3000,0.19633054733276367,0.7907052440679676
706,False,3,3001,0.17630648612976074,0.891750591197273
707,False,3,3002,0.17893743515014648,0.7693687159390677
708,False,3,3003,0.19570612907409668,0.8354395456124274
709,False,3,3004,0.1774890422821045,0.8102839488003937
710,False,3,3005,0.18424081802368164,0.8289277291235826
711,False,3,3006,0.17274236679077148,0.8296275624473178
712,False,3,3007,0.17612266540527344,0.7909634131716475
713,False,3,3008,0.18230128288269043,0.8811344823666982
714,False,3,3009,0.14831280708312988,0.7719795193877957
715,False,3,3010,0.18227171897888184,0.8885084744099349
716,False,3,3011,0.18058443069458008,0.8792023743680188
717,False,3,3012,0.18738102912902832,0.8428095619061163
718,False,3,3013,0.17403626441955566,0.8860674653024903
719,False,3,3014,0.18532276153564453,0.8386685469719981
720,False,3,3015,0.17761993408203125,0.887932080243315
721,False,3,3016,0.17964673042297363,0.8557973888237029
722,False,3,3017,0.17595696449279785,0.8484898524447568
723,False,3,3018,0.1786339282989502,0.8024196865014909
724,False,3,3019,0.19286823272705078,0.8682630690080778
725,False,3,3020,0.14818382263183594,0.7890499241738803
726,False,3,3021,0.18583393096923828,0.8262099128305203
727,False,3,3022,0.17545247077941895,0.8434170286304183
728,False,3,3023,0.17463922500610352,0.7978190868272491
729,False,3,3024,0.17476749420166016,0.8253988425380417
730,False,3,3025,0.1869068145751953,0.7930179439551596
731,False,3,3026,0.182600736618042,0.9079667578140892
732,False,3,3027,0.17726397514343262,0.817291344560328
733,False,3,3028,0.18354058265686035,0.7753261162766387
734,False,3,3029,0.17180609703063965,0.8710489712123359
735,False,3,3030,0.1871166229248047,0.7998303731992131
736,False,3,3031,0.15198707580566406,0.7861855023740126
737,False,3,3032,0.18132567405700684,0.8084637708074991
738,False,3,3033,0.18552851676940918,0.7606873311590227
739,False,3,3034,0.1783618927001953,0.9059944393534569
740,False,3,3035,0.18130278587341309,0.8363253761060714
741,False,3,3036,0.15661358833312988,0.7865625028276728
742,False,3,3037,0.18088912963867188,0.8402098689028727
743,False,3,3038,0.18603134155273438,0.8162673895269457
744,False,3,3039,0.18184447288513184,0.8239907459134147
745,False,3,3040,0.18363142013549805,0.8255634170269506
746,False,3,3041,0.17615938186645508,0.7971496147303175
747,False,3,3042,0.16913795471191406,0.900141064288272
748,False,3,3043,0.17453813552856445,0.8283094420607777
749,False,3,3044,0.1796126365661621,0.7942566287238152
750,False,3,3045,0.18391942977905273,0.8091373397037385
751,False,3,3046,0.1862947940826416,0.8149592883308372
752,False,3,3047,0.15126800537109375,0.8504980047942982
753,False,3,3048,0.17586064338684082,0.7919339126064664
754,False,3,3049,0.17617154121398926,0.767982251764763
755,False,3,3050,0.17484068870544434,0.7767942435263345
756,False,3,3051,0.17784714698791504,0.834447894045817
757,False,3,3052,0.19478869438171387,0.874482617192414
758,False,3,3053,0.17711472511291504,0.834193537277835
759,False,3,3054,0.18586277961730957,0.8845312939513299
760,False,3,3055,0.179579496383667,0.8424186889592205
761,False,3,3056,0.17695236206054688,0.8373507856657462
762,False,3,3057,0.18772387504577637,0.8104539024421857
763,False,3,3058,0.1498422622680664,0.8202693681010889
764,False,3,3059,0.18634963035583496,0.8158754830337354
765,False,3,3060,0.18205714225769043,0.8377170731712665
766,False,3,3061,0.18126821517944336,0.8010901068115519
767,False,3,3062,0.17390799522399902,0.8174983083847023
768,False,3,3063,0.16580700874328613,0.8247931886553057
769,False,3,3064,0.18329215049743652,0.8681777999514625
770,False,3,3065,0.18238139152526855,0.7875179507813994
771,False,3,3066,0.18855834007263184,0.8506381767801939
772,False,3,3067,0.17967796325683594,0.8142593835835301
773,False,3,3068,0.1994190216064453,0.8357081058146877
774,False,3,3069,0.17851877212524414,0.8325001835224349
775,False,3,3070,0.18776607513427734,0.8112254328360515
776,False,3,3071,0.17368793487548828,0.779361478075208
777,False,3,3072,0.1734166145324707,0.8425322474823113
778,False,3,3073,0.17881488800048828,0.8128840293890485
779,False,3,3074,0.14911270141601562,0.8640747110226327
780,False,3,3075,0.18599843978881836,0.804783559825626
781,False,3,3076,0.1771392822265625,0.8232633329573132
782,False,3,3077,0.1837456226348877,0.7880049223479416
783,False,3,3078,0.17207622528076172,0.8189404340061758
784,False,3,3079,0.18596291542053223,0.7863691269885748
785,False,3,3080,0.1780385971069336,0.8513598185520441
786,False,3,3081,0.1786952018737793,0.7544833297309065
787,False,3,3082,0.17547345161437988,0.8097132186050571
788,False,3,3083,0.17679166793823242,0.8227171198731023
789,False,3,3084,0.19104862213134766,0.8341504989435806
790,False,3,3085,0.1460728645324707,0.8152207486841472
791,False,3,3086,0.18187904357910156,0.8304777166118757
792,False,3,3087,0.18076753616333008,0.8435690794361843
793,False,3,3088,0.17749738693237305,0.8238470538829763
794,False,3,3089,0.18547892570495605,0.8529975140977297
795,False,3,3090,0.16772079467773438,0.8041956474827161
796,False,3,3091,0.18129801750183105,0.7665614067532478
797,False,3,3092,0.18255400657653809,0.8632805161178112
798,False,3,3093,0.18201184272766113,0.8118395605678891
799,False,3,3094,0.17751049995422363,0.8785487020920432
800,False,3,3095,0.19115281105041504,0.8718474924431315
801,False,3,3096,0.17755699157714844,0.8594966278012309
802,False,3,3097,0.18152832984924316,0.7977677979839167
803,False,3,3098,0.18751239776611328,0.8712692342343785
804,False,3,3099,0.18034148216247559,0.8722927572116966
805,True,3,3100,0.22502803802490234,0.9255138444935991
806,False,3,3101,0.1513819694519043,0.7997445730226381
807,False,3,3102,0.17740821838378906,0.9127029831565563
808,False,3,3103,0.18793630599975586,0.8232337561258601
809,False,3,3104,0.18252325057983398,0.8547649687111732
810,False,3,3105,0.1842043399810791,0.8102220115917068
811,False,3,3106,0.15500974655151367,0.8118743290681214
812,False,3,3107,0.17742681503295898,0.8648472268001308
813,False,3,3108,0.17345452308654785,0.84859417835694
814,False,3,3109,0.17846441268920898,0.840033752289379
815,False,3,3110,0.18323159217834473,0.8680380228685124
816,False,3,3111,0.19085454940795898,0.748360569322748
817,False,3,3112,0.18113160133361816,0.821174184614349
818,False,3,3113,0.17233872413635254,0.8344765641793076
819,False,3,3114,0.17733550071716309,0.757394453821083
820,False,3,3115,0.1744375228881836,0.8520851505787244
821,False,3,3116,0.17687153816223145,0.886809610828225
822,False,3,3117,0.16781067848205566,0.8013344546003888
823,False,3,3118,0.17603802680969238,0.8372725464758418
824,False,3,3119,0.1849803924560547,0.8775146548148421
825,False,3,3120,0.1817760467529297,0.822681115430203
826,False,3,3121,0.1794605255126953,0.828681145694905
827,False,3,3122,0.18183612823486328,0.8136883250304633
828,False,3,3123,0.17325997352600098,0.8033944528017724
829,False,3,3124,0.1756141185760498,0.8140041415380049
830,False,3,3125,0.17839980125427246,0.82408805697092
831,False,3,3126,0.18523073196411133,0.8333127250384896
832,False,3,3127,0.18614602088928223,0.7960511914099611
833,False,3,3128,0.15594148635864258,0.8879589861081468
834,False,3,3129,0.17481136322021484,0.817630961847802
835,False,3,3130,0.17603683471679688,0.8586168182747703
836,False,3,3131,0.17669034004211426,0.82443494734443
837,False,3,3132,0.17724108695983887,0.8316720305675908
838,False,3,3133,0.1972050666809082,0.8501137506682427
839,False,3,3134,0.1774001121520996,0.8813206816003438
840,False,3,3135,0.18621444702148438,0.8715616575486603
841,False,3,3136,0.17537617683410645,0.8240464707792159
842,False,3,3137,0.17570114135742188,0.7892469416505523
843,False,3,3138,0.17811369895935059,0.8161702085330728
844,False,3,3139,0.14859437942504883,0.8121918110465187
845,False,3,3140,0.1821439266204834,0.8243524614566318
846,False,3,3141,0.17997264862060547,0.7660970132842305
847,False,3,3142,0.1853017807006836,0.8926070416124448
848,False,3,3143,0.1728065013885498,0.7832263969550174
849,False,3,3144,0.18537330627441406,0.823318787429127
850,False,3,3145,0.17561984062194824,0.8135734641968849
851,False,3,3146,0.17870259284973145,0.8640772987689291
852,False,3,3147,0.19303178787231445,0.7646446653109576
853,False,3,3148,0.17586088180541992,0.78027410461523
854,False,3,3149,0.20496487617492676,0.8328561430486541
855,False,3,3150,0.15395760536193848,0.8173086954325083
856,False,3,3151,0.17862296104431152,0.8991191587189123
857,False,3,3152,0.1775674819946289,0.801687244636317
858,False,3,3153,0.1786820888519287,0.7825898441175618
859,False,3,3154,0.1867051124572754,0.8381627287626975
860,False,3,3155,0.16659903526306152,0.8726828916087037
861,False,3,3156,0.18385648727416992,0.7718241161755507
862,False,3,3157,0.1720573902130127,0.8499700808232383
863,False,3,3158,0.17508816719055176,0.7895031367827738
864,False,3,3159,0.17372989654541016,0.8155075542939205
865,False,3,3160,0.1854844093322754,0.8345928639173509
866,False,3,3161,0.160858154296875,0.8144376992159301
867,False,3,3162,0.17764520645141602,0.8008149177545595
868,False,3,3163,0.18539142608642578,0.8399972081450481
869,False,3,3164,0.1819624900817871,0.7887916404953493
870,False,3,3165,0.18031740188598633,0.8004858015060781
871,False,3,3166,0.16189265251159668,0.8601959140505643
872,False,3,3167,0.18255257606506348,0.7763055517515609
873,False,3,3168,0.18886637687683105,0.8005996079494556
874,False,3,3169,0.17911291122436523,0.8316512224486187
875,False,3,3170,0.1838245391845703,0.814261528264199
876,False,3,3171,0.1734600067138672,0.7478477422901917
877,False,3,3172,0.1786365509033203,0.8156249285121229
878,False,3,3173,0.17605805397033691,0.852979765750379
879,False,3,3174,0.17671775817871094,0.7967663434156705
880,False,3,3175,0.18452835083007812,0.8246954970194826
881,False,3,3176,0.19399261474609375,0.7644827656248319
882,False,3,3177,0.17525792121887207,0.8458649257996252
883,False,3,3178,0.1750950813293457,0.7817109216093308
884,False,3,3179,0.17835354804992676,0.7673162781367344
885,False,3,3180,0.17467021942138672,0.7869954649137245
886,False,3,3181,0.17624783515930176,0.8156278258899138
887,False,3,3182,0.17995858192443848,0.8438810129827333
888,False,3,3183,0.18422651290893555,0.8090494455814007
889,False,3,3184,0.18731021881103516,0.8965704143379947
890,False,3,3185,0.17559504508972168,0.7918458914472943
891,False,3,3186,0.17595815658569336,0.7504492960759394
892,False,3,3187,0.19259142875671387,0.8054736065013066
893,False,3,3188,0.1717214584350586,0.7931085331808954
894,False,3,3189,0.1870129108428955,0.8199021098248304
895,False,3,3190,0.179962158203125,0.8891697726988543
896,False,3,3191,0.18213820457458496,0.8008668663955871
897,False,3,3192,0.18872761726379395,0.8416069288338931
898,False,3,3193,0.14570951461791992,0.8052402852502251
899,False,3,3194,0.1793060302734375,0.8909010202402159
900,False,3,3195,0.1790909767150879,0.8358979098321427
901,False,3,3196,0.1882338523864746,0.7274818480502636
902,False,3,3197,0.1795496940612793,0.751448430952483
903,False,3,3198,0.17310500144958496,0.8162058357016316
904,False,3,3199,0.1829972267150879,0.8307897644671831
905,True,3,3200,0.21249675750732422,0.7981858156909722
906,False,3,3201,0.18010592460632324,0.824882959237411
907,False,3,3202,0.18043160438537598,0.8995738025932084
908,False,3,3203,0.18281221389770508,0.8388717515571485
909,False,3,3204,0.17190313339233398,0.8567757678129488
910,False,3,3205,0.18682384490966797,0.8022357879339584
911,False,3,3206,0.18103337287902832,0.7932157912291588
912,False,3,3207,0.18150568008422852,0.8012807407150311
913,False,3,3208,0.19525957107543945,0.8327437197523457
914,False,3,3209,0.16511297225952148,0.8138338186822477
915,False,3,3210,0.1809384822845459,0.8576875119913544
916,False,3,3211,0.17681026458740234,0.8248491187890369
917,False,3,3212,0.17412257194519043,0.8287198913194949
918,False,3,3213,0.17695212364196777,0.8118786533318817
919,False,3,3214,0.18394088745117188,0.8536227821328098
920,False,3,3215,0.17328596115112305,0.819408557078402
921,False,3,3216,0.18389034271240234,0.7385337130787472
922,False,3,3217,0.17358136177062988,0.8602995675145871
923,False,3,3218,0.17531371116638184,0.7972329877915658
924,False,3,3219,0.18716025352478027,0.7957196772719423
925,False,3,3220,0.15134048461914062,0.7928932637996262
926,False,3,3221,0.1889045238494873,0.806051097522002
927,False,3,3222,0.17807769775390625,0.7939316744783095
928,False,3,3223,0.18268275260925293,0.8188396325512302
929,False,3,3224,0.17403912544250488,0.8285905139165975
930,False,3,3225,0.16585421562194824,0.8154428738745904
931,False,3,3226,0.18124890327453613,0.8332465001204539
932,False,3,3227,0.17915821075439453,0.901003953734679
933,False,3,3228,0.1866741180419922,0.806497423565902
934,False,3,3229,0.18215155601501465,0.7905424955256639
935,False,3,3230,0.19597864151000977,0.7666413637232922
936,False,3,3231,0.17703485488891602,0.8205338204944771
937,False,3,3232,0.1861107349395752,0.8206651556704725
938,False,3,3233,0.17319130897521973,0.7407713944447184
939,False,3,3234,0.17523908615112305,0.7764127072767311
940,False,3,3235,0.1796097755432129,0.7362090320148993
941,False,3,3236,0.14769530296325684,0.8655805842773545
942,False,3,3237,0.18665361404418945,0.8262927905612049
943,False,3,3238,0.18086862564086914,0.8516469611675435
944,False,3,3239,0.18600916862487793,0.8265441149207098
945,False,3,3240,0.18174362182617188,0.8151685349044524
946,False,3,3241,0.1742267608642578,0.8194484927114984
947,False,3,3242,0.1744379997253418,0.8199446148106031
948,False,3,3243,0.17786955833435059,0.8268971226532899
949,False,3,3244,0.18657946586608887,0.8054470840974577
950,False,3,3245,0.18147850036621094,0.8428355916624978
951,False,3,3246,0.1998920440673828,0.8294191285746083
952,False,3,3247,0.16542387008666992,0.8468433405893546
953,False,3,3248,0.18365740776062012,0.8185293767712124
954,False,3,3249,0.17845654487609863,0.8045008277653581
955,False,3,3250,0.1765902042388916,0.7873505201700719
956,False,3,3251,0.1844491958618164,0.8713860572980983
957,False,3,3252,0.1550300121307373,0.8920008172281088
958,False,3,3253,0.18456435203552246,0.8028595963759081
959,False,3,3254,0.1724095344543457,0.824212932582235
960,False,3,3255,0.17622089385986328,0.7921244027314797
961,False,3,3256,0.17617487907409668,0.8776840762723059
962,False,3,3257,0.19164490699768066,0.8018309776006
963,False,3,3258,0.17725586891174316,0.7850753381803987
964,False,3,3259,0.18315911293029785,0.7961277253482314
965,False,3,3260,0.18627023696899414,0.8155733287290092
966,False,3,3261,0.17444825172424316,0.7792305310833312
967,False,3,3262,0.18113017082214355,0.7971320257943477
968,False,3,3263,0.1573960781097412,0.8334004700716053
969,False,3,3264,0.1782686710357666,0.8663728410555493
970,False,3,3265,0.19010019302368164,0.8648679753144582
971,False,3,3266,0.17995977401733398,0.7722752600287397
972,False,3,3267,0.18387150764465332,0.7577700562819485
973,False,3,3268,0.17589497566223145,0.8001954151716616
974,False,3,3269,0.17996430397033691,0.8125211320529204
975,False,3,3270,0.17807626724243164,0.8181769812390917
976,False,3,3271,0.1805284023284912,0.8849294285533861
977,False,3,3272,0.18550729751586914,0.8228087126543479
978,False,3,3273,0.1948082447052002,0.8010402087654385
979,False,3,3274,0.1711103916168213,0.7925048228242391
980,False,3,3275,0.17484736442565918,0.7308383814746604
981,False,3,3276,0.17574572563171387,0.846974830109892
982,False,3,3277,0.17484807968139648,0.7836189627248261
983,False,3,3278,0.1788039207458496,0.8486013832125104
984,False,3,3279,0.17842769622802734,0.846143190893123
985,False,3,3280,0.17336559295654297,0.8744223267283466
986,False,3,3281,0.18530893325805664,0.8770289348017071
987,False,3,3282,0.18257999420166016,0.8467249973189261
988,False,3,3283,0.17917728424072266,0.8680619057267903
989,False,3,3284,0.1911787986755371,0.7770626122752826
990,False,3,3285,0.1665058135986328,0.9095346908905501
991,False,3,3286,0.18950891494750977,0.8509998735306518
992,False,3,3287,0.1809089183807373,0.842344005836085
993,False,3,3288,0.18324494361877441,0.8536583635335169
994,False,3,3289,0.18678665161132812,0.8350222618429965
995,False,3,3290,0.1474475860595703,0.8178963720842842
996,False,3,3291,0.17755484580993652,0.8499431104088824
997,False,3,3292,0.1788625717163086,0.7876598778890356
998,False,3,3293,0.18634939193725586,0.7324461084679658
999,False,3,3294,0.17769861221313477,0.8280073862212398
1000,False,3,3295,0.1795368194580078,0.8279480214585507
1001,False,3,3296,0.17542600631713867,0.7646864808851943
1002,False,3,3297,0.18204784393310547,0.8679985816124828
1003,False,3,3298,0.18473434448242188,0.8163969359981518
1004,False,3,3299,0.17991161346435547,0.7971643670462069
1005,True,3,3300,0.2183516025543213,0.7815523559138889
1006,False,3,3301,0.17834258079528809,0.8146663765822137
1007,False,3,3302,0.1745607852935791,0.8779295679359209
1008,False,3,3303,0.1776442527770996,0.7358111955912873
1009,False,3,3304,0.18737220764160156,0.8705180573853709
1010,False,3,3305,0.1868727207183838,0.7916723262806912
1011,False,3,3306,0.14848017692565918,0.7989261296267308
1012,False,3,3307,0.17855095863342285,0.9022383413255393
1013,False,3,3308,0.18127059936523438,0.8876745094367791
1014,False,3,3309,0.18885207176208496,0.8199019094130824
1015,False,3,3310,0.17870116233825684,0.7658508307012243
1016,False,3,3311,0.1811084747314453,0.8814907584871563
1017,False,3,3312,0.18373513221740723,0.8358738484260227
1018,False,3,3313,0.1864182949066162,0.9131351456800032
1019,False,3,3314,0.17437291145324707,0.8072656660917259
1020,False,3,3315,0.17642879486083984,0.7871867442902709
1021,False,3,3316,0.19407248497009277,0.7699906834002055
1022,False,3,3317,0.17105650901794434,0.839989878215073
1023,False,3,3318,0.18534278869628906,0.7957106333536407
1024,False,3,3319,0.18019485473632812,0.83257558742272
1025,False,3,3320,0.18102264404296875,0.7941644092400867
1026,False,3,3321,0.17773985862731934,0.8267380638668934
1027,False,3,3322,0.14982008934020996,0.7676119930997845
1028,False,3,3323,0.18625593185424805,0.8392703600582622
1029,False,3,3324,0.17843317985534668,0.8143179396588711
1030,False,3,3325,0.18491339683532715,0.8012196550899674
1031,False,3,3326,0.18248724937438965,0.8238647133111955
1032,False,3,3327,0.1805891990661621,0.7889434420503674
1033,False,3,3328,0.17752599716186523,0.8020636358165316
1034,False,3,3329,0.1836838722229004,0.8449988556759698
1035,False,3,3330,0.17378664016723633,0.8487503482915817
1036,False,3,3331,0.17464971542358398,0.8708371048172316
1037,False,3,3332,0.18995237350463867,0.8993113445384162
1038,False,3,3333,0.1514725685119629,0.7804820736692777
1039,False,3,3334,0.18744301795959473,0.8624562474765949
1040,False,3,3335,0.17917370796203613,0.8586884545539286
1041,False,3,3336,0.18207502365112305,0.7874069743612339
1042,False,3,3337,0.18332886695861816,0.8394805640869195
1043,False,3,3338,0.1593160629272461,0.8845179964610864
1044,False,3,3339,0.18791866302490234,0.8353578323786635
1045,False,3,3340,0.20253968238830566,0.8012658200625863
1046,False,3,3341,0.19683313369750977,0.8052422734465271
1047,False,3,3342,0.18103718757629395,0.8149420248255843
1048,False,3,3343,0.17549753189086914,0.8619863137248015
1049,False,3,3344,0.1848444938659668,0.810073929572744
1050,False,3,3345,0.19063830375671387,0.8076584464648647
1051,False,3,3346,0.17250823974609375,0.9605953166970893
1052,False,3,3347,0.17687559127807617,0.7995872665640145
1053,False,3,3348,0.19074034690856934,0.8042360200058846
1054,False,3,3349,0.1684868335723877,0.841106870344707
1055,False,3,3350,0.18341875076293945,0.8668074064355876
1056,False,3,3351,0.17932605743408203,0.8596387919526368
1057,False,3,3352,0.18405890464782715,0.8034537366170083
1058,False,3,3353,0.17494964599609375,0.7864697163458912
1059,False,3,3354,0.15511298179626465,0.8606088794546112
1060,False,3,3355,0.18798303604125977,0.8293689102865756
1061,False,3,3356,0.18041253089904785,0.7920056025586312
1062,False,3,3357,0.18298745155334473,0.7897425844733204
1063,False,3,3358,0.1823890209197998,0.7920282915944143
1064,False,3,3359,0.1766805648803711,0.8001414227875925
1065,False,3,3360,0.17581558227539062,0.7693870065822487
1066,False,3,3361,0.18496012687683105,0.8002676368203192
1067,False,3,3362,0.17301034927368164,0.8159790605949682
1068,False,3,3363,0.17581415176391602,0.8622747908035915
1069,False,3,3364,0.1875004768371582,0.7847005061672202
1070,False,3,3365,0.14765524864196777,0.8901613190592755
1071,False,3,3366,0.18521833419799805,0.8152033292267118
1072,False,3,3367,0.18342924118041992,0.9063204635777289
1073,False,3,3368,0.18903875350952148,0.8282025159403149
1074,False,3,3369,0.1723470687866211,0.8587083851563789
1075,False,3,3370,0.1667344570159912,0.770151015603915
1076,False,3,3371,0.18637466430664062,0.8070421744404095
1077,False,3,3372,0.1791234016418457,0.8486583792781901
1078,False,3,3373,0.18451857566833496,0.79109663551762
1079,False,3,3374,0.18236637115478516,0.8709245008261253
1080,False,3,3375,0.19928526878356934,0.8116929788874196
1081,False,3,3376,0.16866493225097656,0.8423119997383938
1082,False,3,3377,0.1793816089630127,0.807479797640727
1083,False,3,3378,0.17712998390197754,0.8033290264374088
1084,False,3,3379,0.17978549003601074,0.8455885563799668
1085,False,3,3380,0.1822657585144043,0.7911131310587127
1086,False,3,3381,0.15669727325439453,0.8028906670709453
1087,False,3,3382,0.18430495262145996,0.786149525881878
1088,False,3,3383,0.17465710639953613,0.8785331651257973
1089,False,3,3384,0.178267240524292,0.8406118417070026
1090,False,3,3385,0.17439889907836914,0.85444227610493
1091,False,3,3386,0.19396591186523438,0.8077583745831534
1092,False,3,3387,0.1718611717224121,0.826054912171371
1093,False,3,3388,0.18474030494689941,0.8111755920219279
1094,False,3,3389,0.18510055541992188,0.8075484524015337
1095,False,3,3390,0.17388319969177246,0.818524031367685
1096,False,3,3391,0.17517518997192383,0.8290053775445336
1097,False,3,3392,0.161879301071167,0.8789885321055495
1098,False,3,3393,0.18061161041259766,0.8502819773386278
1099,False,3,3394,0.1842358112335205,0.8229473567833857
1100,False,3,3395,0.18291187286376953,0.8804244370687574
1101,False,3,3396,0.18205571174621582,0.7741793001159315
1102,False,3,3397,0.18228673934936523,0.8855543734638818
1103,False,3,3398,0.17656517028808594,0.7914148286384133
1104,False,3,3399,0.17484784126281738,0.7835025540553032
1105,True,3,3400,0.200026273727417,0.7785740193822202
1106,False,3,3401,0.18245935440063477,0.8603386372726941
1107,False,3,3402,0.18691754341125488,0.803831672029836
1108,False,3,3403,0.15048551559448242,0.855944663652086
1109,False,3,3404,0.174940824508667,0.7937513837102979
1110,False,3,3405,0.17847156524658203,0.8325606963952027
1111,False,3,3406,0.17564773559570312,0.8505664389314398
1112,False,3,3407,0.1750655174255371,0.8017151973520716
1113,False,3,3408,0.19919848442077637,0.8114175106775726
1114,False,3,3409,0.1796882152557373,0.8111140182951376
1115,False,3,3410,0.1846163272857666,0.8484501898554819
1116,False,3,3411,0.1736927032470703,0.7913011720270984
1117,False,3,3412,0.17770957946777344,0.8590170835100469
1118,False,3,3413,0.17861175537109375,0.8557458308170596
1119,False,3,3414,0.1460120677947998,0.8622736356531581
1120,False,3,3415,0.17968201637268066,0.8166357314524549
1121,False,3,3416,0.1832108497619629,0.816764840767497
1122,False,3,3417,0.1828923225402832,0.8190965549576852
1123,False,3,3418,0.1751856803894043,0.8244068389314982
1124,False,3,3419,0.1912379264831543,0.8205712301035722
1125,False,3,3420,0.17803192138671875,0.8573222293607181
1126,False,3,3421,0.17942357063293457,0.8207372866371382
1127,False,3,3422,0.17714810371398926,0.8552915052998634
1128,False,3,3423,0.1787123680114746,0.8112727254629134
1129,False,3,3424,0.1895453929901123,0.859594437338057
1130,False,3,3425,0.145982027053833,0.9339451215762112
1131,False,3,3426,0.18314385414123535,0.8931522999136219
1132,False,3,3427,0.17625093460083008,0.8324238328440559
1133,False,3,3428,0.1773979663848877,0.7736192264571962
1134,False,3,3429,0.17461514472961426,0.8736703436533434
1135,False,3,3430,0.1813211441040039,0.836642692730363
1136,False,3,3431,0.18421483039855957,0.799179684880766
1137,False,3,3432,0.17920804023742676,0.8721293726980329
1138,False,3,3433,0.18404817581176758,0.8237006463930899
1139,False,3,3434,0.17681407928466797,0.851853437389114
1140,False,3,3435,0.18918204307556152,0.8367019460669586
1141,False,3,3436,0.14940786361694336,0.9152318604645278
1142,False,3,3437,0.18085336685180664,0.8309895007738046
1143,False,3,3438,0.18845582008361816,0.8114814575805905
1144,False,3,3439,0.18136310577392578,0.8505180102240828
1145,False,3,3440,0.17908453941345215,0.7611464384411065
1146,False,3,3441,0.1356356143951416,0.9732564489822835
0,False,4,3442,0.17273926734924316,0.7639617019532514
1,False,4,3443,0.1827254295349121,0.8741213239374614
2,False,4,3444,0.1730353832244873,0.794484526850283
3,False,4,3445,0.17706942558288574,0.8229123772942417
4,False,4,3446,0.19120049476623535,0.85265346567723
5,False,4,3447,0.1675715446472168,0.7990086193950403
6,False,4,3448,0.18714666366577148,0.8048652928832564
7,False,4,3449,0.18532204627990723,0.8517447847518184
8,False,4,3450,0.1826167106628418,0.7910721275534125
9,False,4,3451,0.1768782138824463,0.8134949966555549
10,False,4,3452,0.14584636688232422,0.8147671799441534
11,False,4,3453,0.18171238899230957,0.8494188499060414
12,False,4,3454,0.1820218563079834,0.8970900829216201
13,False,4,3455,0.18192648887634277,0.8104170776371443
14,False,4,3456,0.17380809783935547,0.8091372147402062
15,False,4,3457,0.18826532363891602,0.8066945742993129
16,False,4,3458,0.17750787734985352,0.8083846927287853
17,False,4,3459,0.18151378631591797,0.7853439663359452
18,False,4,3460,0.17487406730651855,0.8678481174366813
19,False,4,3461,0.1780233383178711,0.7780736100283407
20,False,4,3462,0.19137930870056152,0.8395002761722673
21,False,4,3463,0.1466662883758545,0.9012944556417919
22,False,4,3464,0.1811051368713379,0.8131289950771526
23,False,4,3465,0.17675256729125977,0.8354916805844932
24,False,4,3466,0.1805419921875,0.7997631272190207
25,False,4,3467,0.18552088737487793,0.8203199839529893
26,False,4,3468,0.17119312286376953,0.8889827539346048
27,False,4,3469,0.18578362464904785,0.7720616034542519
28,False,4,3470,0.17162752151489258,0.8211804144971429
29,False,4,3471,0.17914414405822754,0.8262649621437526
30,False,4,3472,0.174102783203125,0.8123302402728727
31,False,4,3473,0.18123793601989746,0.782711355237379
32,False,4,3474,0.15795350074768066,0.8076099080388389
33,False,4,3475,0.1767256259918213,0.8414439743473416
34,False,4,3476,0.1839766502380371,0.830798848898017
35,False,4,3477,0.17331171035766602,0.8619172404564562
36,False,4,3478,0.17722606658935547,0.8399156008270526
37,False,4,3479,0.17730331420898438,0.87339112774602
38,False,4,3480,0.17187023162841797,0.8230419642225439
39,False,4,3481,0.18569183349609375,0.8532468343951873
40,False,4,3482,0.18211674690246582,0.8036214233974796
41,False,4,3483,0.1803903579711914,0.830983497302181
42,False,4,3484,0.1846766471862793,0.8331264025265617
43,False,4,3485,0.14415955543518066,0.8066130700033337
44,False,4,3486,0.1889793872833252,0.8615670323460585
45,False,4,3487,0.1834867000579834,0.837218888946587
46,False,4,3488,0.18614697456359863,0.872413765738851
47,False,4,3489,0.1748952865600586,0.8513143341101352
48,False,4,3490,0.167647123336792,0.7881245353103925
49,False,4,3491,0.18528342247009277,0.8358312459729079
50,False,4,3492,0.1820201873779297,0.8883646830827706
51,False,4,3493,0.18695068359375,0.8471343293120819
52,False,4,3494,0.18159055709838867,0.8597016734448037
53,False,4,3495,0.1990206241607666,0.8153386651094825
54,False,4,3496,0.17238068580627441,0.8164645915385333
55,False,4,3497,0.17873930931091309,0.8692565632296638
56,False,4,3498,0.17790818214416504,0.8896185069211893
57,False,4,3499,0.1769101619720459,0.8176884965172836
58,True,4,3500,0.2081432342529297,0.7754943709199628
59,False,4,3501,0.15099215507507324,0.7803622376883314
60,False,4,3502,0.18288302421569824,0.8236916631105401
61,False,4,3503,0.17435312271118164,0.8060800170171116
62,False,4,3504,0.17528510093688965,0.839009312424986
63,False,4,3505,0.17417192459106445,0.8567767090031081
64,False,4,3506,0.19136905670166016,0.7851611751442154
65,False,4,3507,0.17339634895324707,0.9551204188416401
66,False,4,3508,0.1819295883178711,0.8035876030723255
67,False,4,3509,0.1827399730682373,0.8651969194456581
68,False,4,3510,0.17151236534118652,0.844613620922679
69,False,4,3511,0.17399883270263672,0.8434327150739374
70,False,4,3512,0.16250991821289062,0.8166094528777261
71,False,4,3513,0.18105196952819824,0.8533342145605101
72,False,4,3514,0.18372273445129395,0.8498779451918033
73,False,4,3515,0.17176222801208496,0.8009742600621567
74,False,4,3516,0.1746368408203125,0.8751246556639672
75,False,4,3517,0.19405007362365723,0.8278068160593864
76,False,4,3518,0.17040276527404785,0.827421978470825
77,False,4,3519,0.18081974983215332,0.8005798866839284
78,False,4,3520,0.17920899391174316,0.8592670643369534
79,False,4,3521,0.18233466148376465,0.8417436153228793
80,False,4,3522,0.17963433265686035,0.8670005891472103
81,False,4,3523,0.14693212509155273,0.866824166937953
82,False,4,3524,0.18534445762634277,0.8022344848362818
83,False,4,3525,0.18043017387390137,0.8472809883810225
84,False,4,3526,0.18518996238708496,0.7610680160578343
85,False,4,3527,0.1824493408203125,0.9565228281453962
86,False,4,3528,0.17867803573608398,0.8719600967708087
87,False,4,3529,0.17602920532226562,0.8751664378103756
88,False,4,3530,0.17914843559265137,0.8529927087836855
89,False,4,3531,0.17505502700805664,0.803184740799701
90,False,4,3532,0.1774587631225586,0.900011107769041
91,False,4,3533,0.1863236427307129,0.9147278247401118
92,False,4,3534,0.14983344078063965,0.8312447874895519
93,False,4,3535,0.18212270736694336,0.8882537477627575
94,False,4,3536,0.1794288158416748,0.7477281518901391
95,False,4,3537,0.17221403121948242,0.825658454593005
96,False,4,3538,0.17417240142822266,0.8460000795755713
97,False,4,3539,0.18512940406799316,0.8604488639338385
98,False,4,3540,0.18752622604370117,0.776126910987798
99,False,4,3541,0.17965030670166016,0.8280914278390507
100,False,4,3542,0.18377685546875,0.8123721167267787
101,False,4,3543,0.1698462963104248,0.8672130008538561
102,False,4,3544,0.18531513214111328,0.7374132599105085
103,False,4,3545,0.15680432319641113,0.8707246010502179
104,False,4,3546,0.17909908294677734,0.763940123175936
105,False,4,3547,0.18585824966430664,0.8754440962913491
106,False,4,3548,0.18056535720825195,0.8465058840811254
107,False,4,3549,0.1842796802520752,0.7995069294813133
108,False,4,3550,0.15834426879882812,0.8098318124456063
109,False,4,3551,0.1805863380432129,0.872697118636487
110,False,4,3552,0.18518853187561035,0.8111317359975403
111,False,4,3553,0.18481111526489258,0.7937255409280104
112,False,4,3554,0.18018603324890137,0.8802543999183745
113,False,4,3555,0.1753218173980713,0.8104719413621796
114,False,4,3556,0.17598605155944824,0.8632267309086664
115,False,4,3557,0.1742863655090332,0.7921719903769415
116,False,4,3558,0.17525458335876465,0.7784230017679786
117,False,4,3559,0.18190217018127441,0.8168753013014796
118,False,4,3560,0.185715913772583,0.8685123176047843
119,False,4,3561,0.14656519889831543,0.8215279620074267
120,False,4,3562,0.17553353309631348,0.8396581529329219
121,False,4,3563,0.18178439140319824,0.8485961545790943
122,False,4,3564,0.18289828300476074,0.8540593217393119
123,False,4,3565,0.18088269233703613,0.8489034111899814
124,False,4,3566,0.17653417587280273,0.819280305699933
125,False,4,3567,0.1708204746246338,0.8157892473529846
126,False,4,3568,0.17741155624389648,0.881502562956441
127,False,4,3569,0.17574191093444824,0.8592603215060773
128,False,4,3570,0.19142985343933105,0.8306939763881799
129,False,4,3571,0.19591736793518066,0.8501205860548429
130,False,4,3572,0.16409993171691895,0.7933115784544498
131,False,4,3573,0.18225336074829102,0.8126408586588998
132,False,4,3574,0.17970681190490723,0.8450433753785634
133,False,4,3575,0.1776409149169922,0.8356430345835786
134,False,4,3576,0.1957402229309082,0.757202985208659
135,False,4,3577,0.1465294361114502,0.8076109330480299
136,False,4,3578,0.17840218544006348,0.8045840674700837
137,False,4,3579,0.17475676536560059,0.8351279262431145
138,False,4,3580,0.17889857292175293,0.7769383111569499
139,False,4,3581,0.18555140495300293,0.81624569240514
140,False,4,3582,0.19004559516906738,0.931989920369926
141,False,4,3583,0.18224716186523438,0.8000167539077145
142,False,4,3584,0.1706545352935791,0.821855684210147
143,False,4,3585,0.17724967002868652,0.8626375573110723
144,False,4,3586,0.17449450492858887,0.8611693311305273
145,False,4,3587,0.1759045124053955,0.82804748380468
146,False,4,3588,0.16706585884094238,0.8037295744399585
147,False,4,3589,0.17728662490844727,0.7949729792418933
148,False,4,3590,0.1853487491607666,0.8626771852196683
149,False,4,3591,0.17176413536071777,0.7990978321481851
150,False,4,3592,0.17487287521362305,0.7988156359199255
151,False,4,3593,0.19392108917236328,0.8255319455638529
152,False,4,3594,0.16815400123596191,0.8169536655325268
153,False,4,3595,0.18742060661315918,0.8153559772985144
154,False,4,3596,0.17938446998596191,0.7565930152223224
155,False,4,3597,0.17798352241516113,0.80573541473686
156,False,4,3598,0.17308783531188965,0.8428170126641081
157,False,4,3599,0.14978361129760742,0.8588115568051025
158,True,4,3600,0.20534682273864746,0.7862289135033885
159,False,4,3601,0.18092775344848633,0.8531667300100836
160,False,4,3602,0.18519330024719238,0.8392853850853585
161,False,4,3603,0.18106985092163086,0.821359004270995
162,False,4,3604,0.17882275581359863,0.7732476956499299
163,False,4,3605,0.17625951766967773,0.8478803828669089
164,False,4,3606,0.183990478515625,0.7823029133225126
165,False,4,3607,0.1714189052581787,0.8731526175757781
166,False,4,3608,0.17502784729003906,0.8169195201425327
167,False,4,3609,0.19050836563110352,0.7581930493581153
168,False,4,3610,0.15092134475708008,0.7629090453542413
169,False,4,3611,0.18237876892089844,0.8113775101623365
170,False,4,3612,0.1815178394317627,0.8019086764349292
171,False,4,3613,0.18147039413452148,0.873975728882388
172,False,4,3614,0.17656183242797852,0.83961207262196
173,False,4,3615,0.17122864723205566,0.8152571848726698
174,False,4,3616,0.1847987174987793,0.865038965784368
175,False,4,3617,0.17864561080932617,0.8684923908828448
176,False,4,3618,0.18560028076171875,0.8041158742382235
177,False,4,3619,0.1710669994354248,0.817649053498393
178,False,4,3620,0.1930994987487793,0.8134327443050486
179,False,4,3621,0.16779589653015137,0.7595191955389011
180,False,4,3622,0.17914700508117676,0.7858198635457526
181,False,4,3623,0.1791248321533203,0.8066303695086391
182,False,4,3624,0.17774152755737305,0.8617346144525244
183,False,4,3625,0.18262648582458496,0.8261349464522761
184,False,4,3626,0.1544492244720459,0.8773616119953138
185,False,4,3627,0.1798250675201416,0.7188136315505419
186,False,4,3628,0.17307496070861816,0.7821464617514894
187,False,4,3629,0.17988014221191406,0.8297942625580446
188,False,4,3630,0.1848163604736328,0.8625928186589762
189,False,4,3631,0.19353079795837402,0.8677931663890678
190,False,4,3632,0.18424248695373535,0.8028377647666881
191,False,4,3633,0.17429709434509277,0.8100860988987345
192,False,4,3634,0.17681097984313965,0.80995536560104
193,False,4,3635,0.17234563827514648,0.8154821861757054
194,False,4,3636,0.17620348930358887,0.8220713480065265
195,False,4,3637,0.16320204734802246,0.7839670476525845
196,False,4,3638,0.17978358268737793,0.8065415483655498
197,False,4,3639,0.18000435829162598,0.8553076787918275
198,False,4,3640,0.17645812034606934,0.8074373322583381
199,False,4,3641,0.17886090278625488,0.8225423144398345
200,False,4,3642,0.1977524757385254,0.8451070149340443
201,False,4,3643,0.17708802223205566,0.8065477710527679
202,False,4,3644,0.18465113639831543,0.905637699999802
203,False,4,3645,0.1721034049987793,0.7748467191676832
204,False,4,3646,0.17636728286743164,0.7834226095472419
205,False,4,3647,0.1828174591064453,0.8456972654066272
206,False,4,3648,0.14952421188354492,0.8071264305063303
207,False,4,3649,0.17838788032531738,0.8103028944516111
208,False,4,3650,0.18091630935668945,0.8138721641596585
209,False,4,3651,0.18295979499816895,0.8094463780123209
210,False,4,3652,0.17493033409118652,0.7678783445486
211,False,4,3653,0.1827082633972168,0.8205363578163087
212,False,4,3654,0.1838688850402832,0.8198650382636559
213,False,4,3655,0.18209338188171387,0.7990142446720884
214,False,4,3656,0.18631672859191895,0.8132210195707601
215,False,4,3657,0.18028855323791504,0.8084340461951104
216,False,4,3658,0.19993996620178223,0.8278167766541066
217,False,4,3659,0.15897083282470703,0.8193546503649226
218,False,4,3660,0.17474150657653809,0.8783971583914192
219,False,4,3661,0.17948484420776367,0.8127798899963852
220,False,4,3662,0.17184019088745117,0.8692197671514893
221,False,4,3663,0.1822803020477295,0.7941111338635284
222,False,4,3664,0.17416620254516602,0.8446061619158302
223,False,4,3665,0.18110108375549316,0.8684754606691145
224,False,4,3666,0.17779183387756348,0.7884216346733628
225,False,4,3667,0.17795562744140625,0.7851270265722027
226,False,4,3668,0.17312264442443848,0.7617089757141436
227,False,4,3669,0.1852102279663086,0.8045006267549026
228,False,4,3670,0.15436148643493652,0.8361270886601968
229,False,4,3671,0.1808938980102539,0.841866593187054
230,False,4,3672,0.18625235557556152,0.7960180954985496
231,False,4,3673,0.17756080627441406,0.7948594621959189
232,False,4,3674,0.1786634922027588,0.7541881797923927
233,False,4,3675,0.17903447151184082,0.8045394265403351
234,False,4,3676,0.1703965663909912,0.74882242167812
235,False,4,3677,0.18337011337280273,0.801534355451752
236,False,4,3678,0.18387436866760254,0.8179483245614738
237,False,4,3679,0.17893552780151367,0.869472612139015
238,False,4,3680,0.1829216480255127,0.8292076328569756
239,False,4,3681,0.14665007591247559,0.7948937969548364
240,False,4,3682,0.18574953079223633,0.7604451117194481
241,False,4,3683,0.18206167221069336,0.8362560174760539
242,False,4,3684,0.18272066116333008,0.7562128952482627
243,False,4,3685,0.1737208366394043,0.856845236472076
244,False,4,3686,0.16684794425964355,0.8521371552986757
245,False,4,3687,0.18204593658447266,0.8642986728477159
246,False,4,3688,0.18143177032470703,0.8088841704163879
247,False,4,3689,0.19008612632751465,0.818888926789874
248,False,4,3690,0.17942476272583008,0.7839821845825229
249,False,4,3691,0.19744181632995605,0.8193374039117425
250,False,4,3692,0.17666077613830566,0.7984801686058443
251,False,4,3693,0.18016338348388672,0.8100131817516826
252,False,4,3694,0.17357778549194336,0.8046049341625933
253,False,4,3695,0.17577648162841797,0.7588150714346696
254,False,4,3696,0.18784546852111816,0.7959224700572943
255,False,4,3697,0.1505277156829834,0.8248834986062277
256,False,4,3698,0.18953514099121094,0.8111726612828316
257,False,4,3699,0.18142962455749512,0.7845698437941747
258,True,4,3700,0.2069838047027588,0.8395296628697818
259,False,4,3701,0.18237090110778809,0.8413076961324327
260,False,4,3702,0.15758562088012695,0.8039861140839225
261,False,4,3703,0.17604327201843262,0.7930920387485197
262,False,4,3704,0.1795516014099121,0.8350653636402319
263,False,4,3705,0.18457460403442383,0.847402442789947
264,False,4,3706,0.1789391040802002,0.8403067460194941
265,False,4,3707,0.19243931770324707,0.7854378969807709
266,False,4,3708,0.1755070686340332,0.8946955681645444
267,False,4,3709,0.18385601043701172,0.8730045582966082
268,False,4,3710,0.17181611061096191,0.84330898631985
269,False,4,3711,0.1750800609588623,0.8264400945266798
270,False,4,3712,0.18089985847473145,0.850674391502426
271,False,4,3713,0.14761662483215332,0.7887745720800011
272,False,4,3714,0.18246030807495117,0.8084617186160314
273,False,4,3715,0.1855182647705078,0.8608264099096968
274,False,4,3716,0.17830133438110352,0.8929526220918412
275,False,4,3717,0.17404627799987793,0.8190577800851315
276,False,4,3718,0.190277099609375,0.7888045082134859
277,False,4,3719,0.18251514434814453,0.8439428304277715
278,False,4,3720,0.1830606460571289,0.8155012885995563
279,False,4,3721,0.18426275253295898,0.895082247753938
280,False,4,3722,0.17313504219055176,0.8259730333839322
281,False,4,3723,0.18623018264770508,0.8287673098079505
282,False,4,3724,0.14781665802001953,0.7919221209096057
283,False,4,3725,0.18086671829223633,0.8789466204498673
284,False,4,3726,0.18477988243103027,0.7361301316524901
285,False,4,3727,0.18268370628356934,0.8517943975471315
286,False,4,3728,0.18149971961975098,0.7822232505395299
287,False,4,3729,0.15640568733215332,0.8292047205447618
288,False,4,3730,0.18221759796142578,0.7712217226646663
289,False,4,3731,0.17429256439208984,0.7806905071317618
290,False,4,3732,0.18093371391296387,0.8261531807171802
291,False,4,3733,0.17800545692443848,0.7843315326608719
292,False,4,3734,0.19133281707763672,0.7654038220865742
293,False,4,3735,0.16933465003967285,0.861565048396144
294,False,4,3736,0.17711496353149414,0.7840890387250554
295,False,4,3737,0.18113231658935547,0.8162041980817558
296,False,4,3738,0.1808030605316162,0.8477901514796984
297,False,4,3739,0.18143844604492188,0.8393014588260225
298,False,4,3740,0.15958070755004883,0.8613655949898418
299,False,4,3741,0.17015838623046875,0.8048839324952238
300,False,4,3742,0.17878460884094238,0.8138109895267658
301,False,4,3743,0.17643380165100098,0.8113266383962972
302,False,4,3744,0.17751622200012207,0.8191510984408004
303,False,4,3745,0.19863295555114746,0.8464579751626367
304,False,4,3746,0.1648862361907959,0.8532484165015852
305,False,4,3747,0.182478666305542,0.867431216573875
306,False,4,3748,0.17928481101989746,0.8520629299760217
307,False,4,3749,0.17745113372802734,0.7892529987840956
308,False,4,3750,0.18494105339050293,0.7507284691645986
309,False,4,3751,0.15433311462402344,0.8656070243700276
310,False,4,3752,0.18135595321655273,0.8221129793895497
311,False,4,3753,0.1736924648284912,0.9042812996943081
312,False,4,3754,0.17731690406799316,0.8136983491657745
313,False,4,3755,0.18342852592468262,0.755884858957004
314,False,4,3756,0.19007658958435059,0.8539393192290197
315,False,4,3757,0.18189144134521484,0.7566249611610102
316,False,4,3758,0.1820061206817627,0.8176581000776164
317,False,4,3759,0.199432373046875,0.8905528320354364
318,False,4,3760,0.1716456413269043,0.8179574080166361
319,False,4,3761,0.18580269813537598,0.7973004139161534
320,False,4,3762,0.1492602825164795,0.8957412939385644
321,False,4,3763,0.17284226417541504,0.8270013720972375
322,False,4,3764,0.1837599277496338,0.8093750544468916
323,False,4,3765,0.18022561073303223,0.8037867088735635
324,False,4,3766,0.1729578971862793,0.7655579354170531
325,False,4,3767,0.19466781616210938,0.8308305385566892
326,False,4,3768,0.1738743782043457,0.8603115125692317
327,False,4,3769,0.18287181854248047,0.8693240384260813
328,False,4,3770,0.17383360862731934,0.7828863495960832
329,False,4,3771,0.17575383186340332,0.8100071870943618
330,False,4,3772,0.17765259742736816,0.8723555422898025
331,False,4,3773,0.15058588981628418,0.8260932685142118
332,False,4,3774,0.18278765678405762,0.8946512146032459
333,False,4,3775,0.17098522186279297,0.8223857829302905
334,False,4,3776,0.17779207229614258,0.7853506024306022
335,False,4,3777,0.17427396774291992,0.8189571425318719
336,False,4,3778,0.19231486320495605,0.8732542398030912
337,False,4,3779,0.1760549545288086,0.785618047562561
338,False,4,3780,0.18033432960510254,0.7916276240277859
339,False,4,3781,0.18478846549987793,0.8436235458190953
340,False,4,3782,0.17169404029846191,0.8154992975205894
341,False,4,3783,0.17478251457214355,0.837124744474533
342,False,4,3784,0.16097402572631836,0.908481277791517
343,False,4,3785,0.1799173355102539,0.7678136375200536
344,False,4,3786,0.18155646324157715,0.8228131838231568
345,False,4,3787,0.17345356941223145,0.8067529570266959
346,False,4,3788,0.17575645446777344,0.7951594595353872
347,False,4,3789,0.1860191822052002,0.8580495915597393
348,False,4,3790,0.17353343963623047,0.8449271620650377
349,False,4,3791,0.18549585342407227,0.788093822919542
350,False,4,3792,0.17785954475402832,0.7442856440985842
351,False,4,3793,0.18349957466125488,0.9391793569416871
352,False,4,3794,0.17629241943359375,0.9077672470538389
353,False,4,3795,0.14823484420776367,0.8347226221424838
354,False,4,3796,0.18006300926208496,0.846943790004367
355,False,4,3797,0.18112897872924805,0.916942778619982
356,False,4,3798,0.18494296073913574,0.836366000452212
357,False,4,3799,0.17407560348510742,0.8841253600216338
358,True,4,3800,0.2119901180267334,0.8158641244018717
359,False,4,3801,0.17376184463500977,0.7687083738966888
360,False,4,3802,0.18201589584350586,0.8354453537502283
361,False,4,3803,0.18851375579833984,0.9039670157113244
362,False,4,3804,0.2000868320465088,0.8400442017508406
363,False,4,3805,0.21544265747070312,0.8325015543960036
364,False,4,3806,0.2482917308807373,0.795911398472353
365,False,4,3807,0.2221240997314453,0.8615629721344228
366,False,4,3808,0.2289879322052002,0.8200067393703474
367,False,4,3809,0.22404956817626953,0.8021035339528074
368,False,4,3810,0.21822786331176758,0.8362820396377216
369,False,4,3811,0.22291040420532227,0.8413454954445894
370,False,4,3812,0.2210252285003662,0.8029746980894178
371,False,4,3813,0.22422051429748535,0.773315600097357
372,False,4,3814,0.22926568984985352,0.830553212868316
373,False,4,3815,0.2230072021484375,0.8355051738631336
374,False,4,3816,0.2243354320526123,0.8477411762412103
375,False,4,3817,0.22248458862304688,0.8000083184091464
376,False,4,3818,0.22344374656677246,0.8058722298259714
377,False,4,3819,0.22816967964172363,0.8428024041155975
378,False,4,3820,0.22462773323059082,0.8226871986518657
379,False,4,3821,0.25449275970458984,0.7892979392781853
380,False,4,3822,0.2220144271850586,0.845982249648798
381,False,4,3823,0.22792339324951172,0.8335903120182808
382,False,4,3824,0.2253432273864746,0.7742646374584486
383,False,4,3825,0.2231273651123047,0.889070920601842
384,False,4,3826,0.22399425506591797,0.8515582758755912
385,False,4,3827,0.22641801834106445,0.8790148056688762
386,False,4,3828,0.2331829071044922,0.7973989345177653
387,False,4,3829,0.21717238426208496,0.9132140743812283
388,False,4,3830,0.227494478225708,0.7717579369034087
389,False,4,3831,0.22440433502197266,0.8567906095468928
390,False,4,3832,0.22346186637878418,0.7556492318620993
391,False,4,3833,0.22275567054748535,0.7357060079507176
392,False,4,3834,0.22005677223205566,0.8865913931125156
393,False,4,3835,0.2197282314300537,0.8210016096542987
394,False,4,3836,0.24721741676330566,0.8653960148138661
395,False,4,3837,0.21270155906677246,0.7577946403596018
396,False,4,3838,0.2203059196472168,0.844406607660598
397,False,4,3839,0.22072696685791016,0.8785287169850474
398,False,4,3840,0.22244811058044434,0.8345926155646644
399,False,4,3841,0.22818970680236816,0.7968980588151942
400,False,4,3842,0.2284698486328125,0.784811988251195
401,False,4,3843,0.22720646858215332,0.8333919824411471
402,False,4,3844,0.2216048240661621,0.7584177068479006
403,False,4,3845,0.22323393821716309,0.8328622403066781
404,False,4,3846,0.22147178649902344,0.7883139590599709
405,False,4,3847,0.22800850868225098,0.896903210230881
406,False,4,3848,0.22190308570861816,0.8003017967566848
407,False,4,3849,0.22534584999084473,0.8304370713220645
408,False,4,3850,0.22440099716186523,0.8712627029356859
409,False,4,3851,0.24508333206176758,0.7949362285213456
410,False,4,3852,0.221696138381958,0.838709245336109
411,False,4,3853,0.21850180625915527,0.8734608051322754
412,False,4,3854,0.21947336196899414,0.8287325700124104
413,False,4,3855,0.2174534797668457,0.8011504052029478
414,False,4,3856,0.2134699821472168,0.7809525959060658
415,False,4,3857,0.2190709114074707,0.8545413295561004
416,False,4,3858,0.21580815315246582,0.7929672726119558
417,False,4,3859,0.24019598960876465,0.785242049090032
418,False,4,3860,0.21528100967407227,0.8107136003229588
419,False,4,3861,0.21990752220153809,0.7916315214131915
420,False,4,3862,0.21786236763000488,0.802829390247574
421,False,4,3863,0.21811127662658691,0.8892790027672336
422,False,4,3864,0.21433496475219727,0.8720476488871056
423,False,4,3865,0.22034120559692383,0.780002245757108
424,False,4,3866,0.2174396514892578,0.7991712021286644
425,False,4,3867,0.23956584930419922,0.821105022426872
426,False,4,3868,0.215728759765625,0.8429407442786865
427,False,4,3869,0.2191464900970459,0.8537401409287537
428,False,4,3870,0.22706055641174316,0.782998636575593
429,False,4,3871,0.2199723720550537,0.7751465667526992
430,False,4,3872,0.2218017578125,0.8909854911644722
431,False,4,3873,0.2198176383972168,0.7934515994884784
432,False,4,3874,0.22233963012695312,0.8407106644562669
433,False,4,3875,0.22345256805419922,0.8324881087922091
434,False,4,3876,0.22507882118225098,0.7580009017671858
435,False,4,3877,0.2261972427368164,0.8101927222950117
436,False,4,3878,0.22580599784851074,0.8698984719369383
437,False,4,3879,0.22707819938659668,0.8375503482474458
438,False,4,3880,0.22124791145324707,0.7702820999104351
439,False,4,3881,0.21973395347595215,0.8387554324276392
440,False,4,3882,0.25130724906921387,0.7918726528019068
441,False,4,3883,0.22025179862976074,0.7970863969863524
442,False,4,3884,0.22234368324279785,0.8424282401711457
443,False,4,3885,0.22812652587890625,0.7574709315917322
444,False,4,3886,0.22690820693969727,0.8018045442045799
445,False,4,3887,0.2219686508178711,0.778877694470187
446,False,4,3888,0.21718955039978027,0.8307529556609337
447,False,4,3889,0.22989368438720703,0.8364456423691339
448,False,4,3890,0.21243762969970703,0.8262999684638567
449,False,4,3891,0.18065094947814941,0.8557717899481456
450,False,4,3892,0.18123722076416016,0.8544517216228305
451,False,4,3893,0.18733763694763184,0.8096945176366718
452,False,4,3894,0.1817331314086914,0.7864755647744807
453,False,4,3895,0.1995100975036621,0.858639735395887
454,False,4,3896,0.175797700881958,0.8479705601487132
455,False,4,3897,0.1729574203491211,0.7413152422135074
456,False,4,3898,0.17464447021484375,0.8086171525619211
457,False,4,3899,0.17786550521850586,0.8238965959864714
458,True,4,3900,0.20958614349365234,0.7699405252933502
459,False,4,3901,0.15146517753601074,0.7901444974732366
460,False,4,3902,0.1818833351135254,0.8661675556075004
461,False,4,3903,0.17834830284118652,0.8137251042672212
462,False,4,3904,0.17297720909118652,0.8093047248465675
463,False,4,3905,0.17513489723205566,0.7820668942960245
464,False,4,3906,0.19231677055358887,0.773366844636344
465,False,4,3907,0.17604279518127441,0.8317112951938596
466,False,4,3908,0.18226075172424316,0.8202507595664688
467,False,4,3909,0.18248939514160156,0.8383799040069181
468,False,4,3910,0.17149734497070312,0.7686921077048671
469,False,4,3911,0.17532801628112793,0.8258365900033996
470,False,4,3912,0.15863394737243652,0.8699297657835161
471,False,4,3913,0.18175935745239258,0.8263110343499905
472,False,4,3914,0.18588829040527344,0.8511684396348541
473,False,4,3915,0.1844942569732666,0.817786237335808
474,False,4,3916,0.18571710586547852,0.7860201876388775
475,False,4,3917,0.1806018352508545,0.8543992361630357
476,False,4,3918,0.1723620891571045,0.8108773870349284
477,False,4,3919,0.17349958419799805,0.8132925186128844
478,False,4,3920,0.17803049087524414,0.8001406560319343
479,False,4,3921,0.18156003952026367,0.9163494130951308
480,False,4,3922,0.18999624252319336,0.8436044406456252
481,False,4,3923,0.14736628532409668,0.8232953267593293
482,False,4,3924,0.17610812187194824,0.8640008584396649
483,False,4,3925,0.18166375160217285,0.8032537628674794
484,False,4,3926,0.1823740005493164,0.8771272702586083
485,False,4,3927,0.17976093292236328,0.8648388469148249
486,False,4,3928,0.17888426780700684,0.8443110363025751
487,False,4,3929,0.17191433906555176,0.8176759790540451
488,False,4,3930,0.1793041229248047,0.8069921607439896
489,False,4,3931,0.1758735179901123,0.8467930357770196
490,False,4,3932,0.17499709129333496,0.8457879530310276
491,False,4,3933,0.18130779266357422,0.7797132876280339
492,False,4,3934,0.14869308471679688,0.827075250801586
493,False,4,3935,0.18328285217285156,0.7976809421642906
494,False,4,3936,0.17303705215454102,0.8171934968836252
495,False,4,3937,0.2055668830871582,0.835139556776821
496,False,4,3938,0.17508482933044434,0.8235974143968806
497,False,4,3939,0.16418790817260742,0.7839114866441201
498,False,4,3940,0.1820378303527832,0.8524393411796717
499,False,4,3941,0.18768572807312012,0.8632101066011405
500,False,4,3942,0.18429207801818848,0.7964728494130431
501,False,4,3943,0.17155838012695312,0.7704769913328902
502,False,4,3944,0.19193553924560547,0.7906202273443342
503,False,4,3945,0.1623833179473877,0.7982032821691107
504,False,4,3946,0.18460321426391602,0.7763700894789684
505,False,4,3947,0.17865967750549316,0.8318495517596602
506,False,4,3948,0.17845463752746582,0.7885277872417299
507,False,4,3949,0.18372797966003418,0.8136173747479916
508,False,4,3950,0.15578603744506836,0.8657909789610475
509,False,4,3951,0.17911672592163086,0.850940339666392
510,False,4,3952,0.17603206634521484,0.8017946188559847
511,False,4,3953,0.17962098121643066,0.8271266527119137
512,False,4,3954,0.18069195747375488,0.8180444797589665
513,False,4,3955,0.1909651756286621,0.8219314652184648
514,False,4,3956,0.18418073654174805,0.8619072198357789
515,False,4,3957,0.17445683479309082,0.7718610772752159
516,False,4,3958,0.17795801162719727,0.8823827758786222
517,False,4,3959,0.1734001636505127,0.835574988940997
518,False,4,3960,0.1777172088623047,0.8296375082184871
519,False,4,3961,0.16902470588684082,0.8278590525899615
520,False,4,3962,0.1769411563873291,0.8245287664412032
521,False,4,3963,0.18452739715576172,0.8266415225474962
522,False,4,3964,0.17232036590576172,0.79930963985888
523,False,4,3965,0.17536401748657227,0.7985152389987239
524,False,4,3966,0.1914350986480713,0.812900922283353
525,False,4,3967,0.16922283172607422,0.8333298736251891
526,False,4,3968,0.18705081939697266,0.8319895897903258
527,False,4,3969,0.17856383323669434,0.85498103211146
528,False,4,3970,0.1870739459991455,0.851336028704065
529,False,4,3971,0.17727899551391602,0.850582144500333
530,False,4,3972,0.14843988418579102,0.8276277821777122
531,False,4,3973,0.1830286979675293,0.8043257857096336
532,False,4,3974,0.18120455741882324,0.8684140944498635
533,False,4,3975,0.18564653396606445,0.7900993336169493
534,False,4,3976,0.18087053298950195,0.8063736173457332
535,False,4,3977,0.17719459533691406,0.7764624538166182
536,False,4,3978,0.17724347114562988,0.865289471843945
537,False,4,3979,0.1853334903717041,0.7861006549958673
538,False,4,3980,0.17339634895324707,0.7914210982354626
539,False,4,3981,0.1775951385498047,0.825296637069966
540,False,4,3982,0.1824502944946289,0.8250386010678042
541,False,4,3983,0.15059733390808105,0.830587946987223
542,False,4,3984,0.18587207794189453,0.8246849320518473
543,False,4,3985,0.18103957176208496,0.7936836866928
544,False,4,3986,0.18685126304626465,0.8205461022111457
545,False,4,3987,0.17282557487487793,0.8352635178182807
546,False,4,3988,0.16641640663146973,0.7568222487877522
547,False,4,3989,0.18373870849609375,0.8166450585039067
548,False,4,3990,0.179368257522583,0.7821743839553426
549,False,4,3991,0.18973326683044434,0.8520217962962177
550,False,4,3992,0.17879772186279297,0.9018549688515212
551,False,4,3993,0.19559645652770996,0.8230830534095211
552,False,4,3994,0.17902708053588867,0.8085088103654837
553,False,4,3995,0.18837380409240723,0.7754904664720275
554,False,4,3996,0.17195868492126465,0.837659911429953
555,False,4,3997,0.1756291389465332,0.8011716594254332
556,False,4,3998,0.17728734016418457,0.8081698638963556
557,False,4,3999,0.1509990692138672,0.7500329319875509
558,True,4,4000,0.20244622230529785,0.8228327591260453
559,False,4,4001,0.18175768852233887,0.8744574152487552
560,False,4,4002,0.18746566772460938,0.7911607755924618
561,False,4,4003,0.1726546287536621,0.8675869479997173
562,False,4,4004,0.18644165992736816,0.7873982481902377
563,False,4,4005,0.1771240234375,0.802818817275
564,False,4,4006,0.17723631858825684,0.8177995666684139
565,False,4,4007,0.17447757720947266,0.7664389013357105
566,False,4,4008,0.17577123641967773,0.7491189695318186
567,False,4,4009,0.1936662197113037,0.8147182446860132
568,False,4,4010,0.14514589309692383,0.8361899383210889
569,False,4,4011,0.18204188346862793,0.8900102760221454
570,False,4,4012,0.17317557334899902,0.8014388893331799
571,False,4,4013,0.17975425720214844,0.7927696979272046
572,False,4,4014,0.1832904815673828,0.8189776201422015
573,False,4,4015,0.17422127723693848,0.8749643794948322
574,False,4,4016,0.17924904823303223,0.853239219824207
575,False,4,4017,0.17781496047973633,0.8074435451777565
576,False,4,4018,0.18120670318603516,0.8259036246620651
577,False,4,4019,0.1822657585144043,0.7890032301656902
578,False,4,4020,0.19358301162719727,0.8455612207097668
579,False,4,4021,0.16727972030639648,0.8872451591527177
580,False,4,4022,0.1786808967590332,0.8507070580408685
581,False,4,4023,0.18022680282592773,0.8868891794811047
582,False,4,4024,0.1705760955810547,0.8495600924472368
583,False,4,4025,0.17994475364685059,0.7510269344673446
584,False,4,4026,0.18060922622680664,0.789144676134345
585,False,4,4027,0.17696189880371094,0.8144482980881418
586,False,4,4028,0.17353272438049316,0.8151636426447936
587,False,4,4029,0.17456865310668945,0.8133686600873867
588,False,4,4030,0.17857813835144043,0.8671935420660746
589,False,4,4031,0.19951152801513672,0.7935450481295232
590,False,4,4032,0.16649246215820312,0.8298107819365603
591,False,4,4033,0.1873340606689453,0.8254446967371872
592,False,4,4034,0.1759810447692871,0.7888504363862532
593,False,4,4035,0.1779494285583496,0.8581138384927599
594,False,4,4036,0.17189407348632812,0.8541168125368478
595,False,4,4037,0.16852903366088867,0.8637447634578815
596,False,4,4038,0.18058109283447266,0.8665835492845092
597,False,4,4039,0.18056178092956543,0.8333441500130687
598,False,4,4040,0.18697571754455566,0.8436450283708317
599,False,4,4041,0.1730937957763672,0.825306559957209
600,False,4,4042,0.19900822639465332,0.7651327213804637
601,False,4,4043,0.16889548301696777,0.8243464510000889
602,False,4,4044,0.18154048919677734,0.8019347134090608
603,False,4,4045,0.1773366928100586,0.8392389161246164
604,False,4,4046,0.17926883697509766,0.8192397815485796
605,False,4,4047,0.18351960182189941,0.8259399501895089
606,False,4,4048,0.15589642524719238,0.828183658775829
607,False,4,4049,0.17937231063842773,0.8867793938233739
608,False,4,4050,0.17727351188659668,0.8088449200925726
609,False,4,4051,0.1808784008026123,0.7761881659250883
610,False,4,4052,0.1788337230682373,0.8266753327278863
611,False,4,4053,0.1914072036743164,0.7899801492513647
612,False,4,4054,0.18341565132141113,0.8663476643906461
613,False,4,4055,0.17538928985595703,0.8226587802526497
614,False,4,4056,0.17954325675964355,0.8528148915086475
615,False,4,4057,0.17381978034973145,0.8357670007473124
616,False,4,4058,0.17635226249694824,0.7705430608974504
617,False,4,4059,0.16919350624084473,0.8814767890698498
618,False,4,4060,0.17792272567749023,0.8120961844743718
619,False,4,4061,0.18417620658874512,0.8090980012147199
620,False,4,4062,0.17819714546203613,0.8894655754501444
621,False,4,4063,0.17453432083129883,0.8399065422293331
622,False,4,4064,0.19427752494812012,0.8475400733295828
623,False,4,4065,0.17139601707458496,0.8149430283921815
624,False,4,4066,0.18563103675842285,0.8322292308411783
625,False,4,4067,0.18076348304748535,0.8814382802783733
626,False,4,4068,0.18327546119689941,0.7996311582447517
627,False,4,4069,0.17989397048950195,0.8992994899772818
628,False,4,4070,0.1487889289855957,0.8665741951692675
629,False,4,4071,0.18215322494506836,0.7914544550169791
630,False,4,4072,0.18001437187194824,0.8053887578259621
631,False,4,4073,0.18305587768554688,0.8281908258795737
632,False,4,4074,0.18226957321166992,0.8803415587837142
633,False,4,4075,0.18079209327697754,0.8089742411393672
634,False,4,4076,0.17689085006713867,0.7922026205009647
635,False,4,4077,0.18561840057373047,0.8081702513598082
636,False,4,4078,0.17430424690246582,0.8629170691683178
637,False,4,4079,0.17470431327819824,0.8792169385013124
638,False,4,4080,0.18807244300842285,0.822210948382105
639,False,4,4081,0.15224218368530273,0.798001523573129
640,False,4,4082,0.1846606731414795,0.8296310066888554
641,False,4,4083,0.17874479293823242,0.8145428295469002
642,False,4,4084,0.18335485458374023,0.8601478520958198
643,False,4,4085,0.17247486114501953,0.8795038610696791
644,False,4,4086,0.16713500022888184,0.8468025708127588
645,False,4,4087,0.1809675693511963,0.750827701407529
646,False,4,4088,0.1833479404449463,0.8600359374568576
647,False,4,4089,0.18622851371765137,0.8137393794133371
648,False,4,4090,0.1794435977935791,0.7874297083444183
649,False,4,4091,0.2028496265411377,0.8193980418145654
650,False,4,4092,0.179091215133667,0.8184037589955898
651,False,4,4093,0.18894720077514648,0.8362965689794648
652,False,4,4094,0.17287755012512207,0.791362829107259
653,False,4,4095,0.1749553680419922,0.8016363247186832
654,False,4,4096,0.18656539916992188,0.7884942746854254
655,False,4,4097,0.15043210983276367,0.7881787139035406
656,False,4,4098,0.19043827056884766,0.8795835233870006
657,False,4,4099,0.18242764472961426,0.829047491895922
658,True,4,4100,0.20652174949645996,0.7618699654981139
659,False,4,4101,0.18188261985778809,0.809951835799785
660,False,4,4102,0.1571495532989502,0.8256913776110326
661,False,4,4103,0.17691373825073242,0.8648492317491524
662,False,4,4104,0.17956876754760742,0.7840231119300284
663,False,4,4105,0.18445038795471191,0.787165260119807
664,False,4,4106,0.17781734466552734,0.8183875534506071
665,False,4,4107,0.1999955177307129,0.772625636353734
666,False,4,4108,0.17618346214294434,0.8576247078100484
667,False,4,4109,0.18421387672424316,0.7836330430693038
668,False,4,4110,0.1741495132446289,0.8275130352981035
669,False,4,4111,0.17426753044128418,0.8396871006227143
670,False,4,4112,0.18156766891479492,0.8678989567394766
671,False,4,4113,0.14727306365966797,0.8754317629195395
672,False,4,4114,0.18092584609985352,0.8218058773671233
673,False,4,4115,0.17738580703735352,0.8292959391117275
674,False,4,4116,0.17353391647338867,0.8077261730629418
675,False,4,4117,0.17518973350524902,0.8357824669108682
676,False,4,4118,0.19256091117858887,0.877232900332837
677,False,4,4119,0.17521333694458008,0.7933186086648629
678,False,4,4120,0.1817772388458252,0.8359494739478189
679,False,4,4121,0.1828012466430664,0.7775151323460574
680,False,4,4122,0.1738123893737793,0.8553091995861558
681,False,4,4123,0.17766952514648438,0.7827699528785332
682,False,4,4124,0.16367268562316895,0.8062989244326239
683,False,4,4125,0.18208956718444824,0.8616668716782614
684,False,4,4126,0.19402098655700684,0.8675537323579192
685,False,4,4127,0.1833937168121338,0.8019241973802094
686,False,4,4128,0.17810344696044922,0.8427132883197848
687,False,4,4129,0.17839455604553223,0.7686469843389377
688,False,4,4130,0.17920875549316406,0.8058525846295412
689,False,4,4131,0.18027901649475098,0.8011126282314461
690,False,4,4132,0.18150043487548828,0.8245223434641957
691,False,4,4133,0.18025732040405273,0.8564901639308249
692,False,4,4134,0.18465399742126465,0.8525819068198047
693,False,4,4135,0.14788579940795898,0.7953860339309488
694,False,4,4136,0.17886972427368164,0.8534611186921772
695,False,4,4137,0.17305803298950195,0.7835506273522264
696,False,4,4138,0.17995285987854004,0.7406434796174014
697,False,4,4139,0.17557382583618164,0.8275812603533267
698,False,4,4140,0.19124245643615723,0.8258248601507928
699,False,4,4141,0.18718338012695312,0.8340978523538936
700,False,4,4142,0.17911934852600098,0.7936906170743029
701,False,4,4143,0.18618512153625488,0.8034715879531134
702,False,4,4144,0.18149161338806152,0.835472325284389
703,False,4,4145,0.19781780242919922,0.7984321282378265
704,False,4,4146,0.16038751602172852,0.8407037513707541
705,False,4,4147,0.17468690872192383,0.7927682571822687
706,False,4,4148,0.18318629264831543,0.8520921126362823
707,False,4,4149,0.18087196350097656,0.8242424029324739
708,False,4,4150,0.1837606430053711,0.8683611309111472
709,False,4,4151,0.15584588050842285,0.7844455845520962
710,False,4,4152,0.17837309837341309,0.8668648174830847
711,False,4,4153,0.1736314296722412,0.8275506751545305
712,False,4,4154,0.17961812019348145,0.8524292002299003
713,False,4,4155,0.18563604354858398,0.7772428134589321
714,False,4,4156,0.19246125221252441,0.8396512897286033
715,False,4,4157,0.18335795402526855,0.8499067089564741
716,False,4,4158,0.17240047454833984,0.8136525607579167
717,False,4,4159,0.1786205768585205,0.8189583928102538
718,False,4,4160,0.1724376678466797,0.8519847394809835
719,False,4,4161,0.18054580688476562,0.765815983803588
720,False,4,4162,0.1659080982208252,0.8389972670092467
721,False,4,4163,0.17537879943847656,0.7870449552844678
722,False,4,4164,0.18411922454833984,0.8200389016419648
723,False,4,4165,0.17060303688049316,0.8952326081648825
724,False,4,4166,0.1761183738708496,0.7979973635325829
725,False,4,4167,0.19283819198608398,0.78175756623525
726,False,4,4168,0.17001080513000488,0.7575051461989504
727,False,4,4169,0.18476462364196777,0.7975436339731373
728,False,4,4170,0.17956089973449707,0.8296783613817147
729,False,4,4171,0.18349838256835938,0.7553003236784467
730,False,4,4172,0.17532992362976074,0.8410203291679776
731,False,4,4173,0.15123677253723145,0.8647789129699092
732,False,4,4174,0.18256044387817383,0.8054273928005604
733,False,4,4175,0.18336248397827148,0.815421404804857
734,False,4,4176,0.18658232688903809,0.8216570320738744
735,False,4,4177,0.18236708641052246,0.926454908946263
736,False,4,4178,0.17185091972351074,0.8018820243222372
737,False,4,4179,0.1784498691558838,0.8183674683705683
738,False,4,4180,0.18179750442504883,0.8364099269023252
739,False,4,4181,0.17749905586242676,0.9124664361810397
740,False,4,4182,0.17567682266235352,0.7881732127806614
741,False,4,4183,0.18417739868164062,0.7687104726653723
742,False,4,4184,0.15276861190795898,0.7847723105833643
743,False,4,4185,0.1816263198852539,0.8227957259597524
744,False,4,4186,0.18296527862548828,0.9395104930957866
745,False,4,4187,0.18361115455627441,0.8259805005065922
746,False,4,4188,0.17360901832580566,0.8607960357552484
747,False,4,4189,0.1671302318572998,0.7961296034045516
748,False,4,4190,0.1819624900817871,0.7984461755203527
749,False,4,4191,0.18218708038330078,0.7992314674359348
750,False,4,4192,0.18815946578979492,0.8177867018883781
751,False,4,4193,0.17870211601257324,0.8070623320527376
752,False,4,4194,0.20052123069763184,0.8279423222300554
753,False,4,4195,0.1789083480834961,0.7774251136884448
754,False,4,4196,0.18656110763549805,0.806060743340779
755,False,4,4197,0.17569184303283691,0.8369684554414736
756,False,4,4198,0.1750028133392334,0.7894167540195799
757,False,4,4199,0.1786975860595703,0.7823454123212114
758,True,4,4200,0.17987680435180664,0.8555621792163166
759,False,4,4201,0.1885209083557129,0.8345373806632345
760,False,4,4202,0.18548369407653809,0.857369738597689
761,False,4,4203,0.18384289741516113,0.8429572330898649
762,False,4,4204,0.1724414825439453,0.8279800093289287
763,False,4,4205,0.16667509078979492,0.6993499976760221
764,False,4,4206,0.18485283851623535,0.756387835812001
765,False,4,4207,0.17931842803955078,0.790636041201651
766,False,4,4208,0.18508601188659668,0.7209762358106675
767,False,4,4209,0.17902779579162598,0.8675458740354293
768,False,4,4210,0.19257378578186035,0.8293329583303563
769,False,4,4211,0.17795801162719727,0.8339702806302479
770,False,4,4212,0.18501067161560059,0.7914580106735227
771,False,4,4213,0.17316102981567383,0.7399929056520617
772,False,4,4214,0.17452573776245117,0.8700269623548677
773,False,4,4215,0.1772150993347168,0.7989837325488529
774,False,4,4216,0.14989805221557617,0.7811856677511795
775,False,4,4217,0.18417859077453613,0.837251997308894
776,False,4,4218,0.1812596321105957,0.7994092422803596
777,False,4,4219,0.18500113487243652,0.8117839829508392
778,False,4,4220,0.17173504829406738,0.8707902005297089
779,False,4,4221,0.18679404258728027,0.7954198710309963
780,False,4,4222,0.17500090599060059,0.8941950137017383
781,False,4,4223,0.17844915390014648,0.8235869906022256
782,False,4,4224,0.17368578910827637,0.8241909780495221
783,False,4,4225,0.17937302589416504,0.8500029641159234
784,False,4,4226,0.18746161460876465,0.774152668658644
785,False,4,4227,0.14574027061462402,0.8075970813321569
786,False,4,4228,0.18106341361999512,0.7554975511018365
787,False,4,4229,0.17639398574829102,0.828609896380277
788,False,4,4230,0.1782686710357666,0.8177974198811823
789,False,4,4231,0.17953181266784668,0.8712951033819645
790,False,4,4232,0.17634987831115723,0.8279544170502394
791,False,4,4233,0.18807744979858398,0.8176139776617111
792,False,4,4234,0.17467689514160156,0.8828636158169026
793,False,4,4235,0.17787766456604004,0.8043732116043213
794,False,4,4236,0.1746222972869873,0.7869943716851552
795,False,4,4237,0.18470382690429688,0.8829801905279359
796,False,4,4238,0.15385937690734863,0.8351894227366539
797,False,4,4239,0.18472003936767578,0.788874839587758
798,False,4,4240,0.18543577194213867,0.8006857626273164
799,False,4,4241,0.17047452926635742,0.8167186255921562
800,False,4,4242,0.1774744987487793,0.8017381076102278
801,False,4,4243,0.17570018768310547,0.8141988994376292
802,False,4,4244,0.1811068058013916,0.86725744618369
803,False,4,4245,0.1930391788482666,0.7386510740366895
804,False,4,4246,0.1800384521484375,0.8616679381756557
805,False,4,4247,0.18423056602478027,0.794617559184276
806,False,4,4248,0.19232773780822754,0.8297013619116375
807,False,4,4249,0.1655566692352295,0.8726444984786214
808,False,4,4250,0.17682838439941406,0.8508785968823802
809,False,4,4251,0.18215274810791016,0.8467906415462495
810,False,4,4252,0.1786670684814453,0.7959336230220894
811,False,4,4253,0.1831200122833252,0.7928546455333986
812,False,4,4254,0.1561565399169922,0.7978908437792034
813,False,4,4255,0.17339873313903809,0.8198774467510659
814,False,4,4256,0.17808222770690918,0.7965551759338094
815,False,4,4257,0.1727006435394287,0.9408920924179256
816,False,4,4258,0.17736196517944336,0.8673377523553513
817,False,4,4259,0.2006840705871582,0.8774100363564987
818,False,4,4260,0.16508150100708008,0.8494629704703888
819,False,4,4261,0.18247056007385254,0.8448862273999977
820,False,4,4262,0.17848587036132812,0.8182944612400164
821,False,4,4263,0.1776895523071289,0.8019279769422222
822,False,4,4264,0.18329548835754395,0.7784461171942807
823,False,4,4265,0.1559009552001953,0.8683724312466525
824,False,4,4266,0.1774287223815918,0.8138416248950221
825,False,4,4267,0.17641496658325195,0.7955922811802123
826,False,4,4268,0.18067407608032227,0.7810377514078504
827,False,4,4269,0.18175196647644043,0.7871970407043893
828,False,4,4270,0.19163942337036133,0.7700217686416138
829,False,4,4271,0.18341588973999023,0.8088286413500707
830,False,4,4272,0.1742384433746338,0.8117362024439944
831,False,4,4273,0.17313718795776367,0.8207957516202614
832,False,4,4274,0.1736586093902588,0.8459772191320857
833,False,4,4275,0.17839646339416504,0.8186626837234057
834,False,4,4276,0.16674137115478516,0.809470370877534
835,False,4,4277,0.1812291145324707,0.8259859657292032
836,False,4,4278,0.18616056442260742,0.799266074717577
837,False,4,4279,0.17126941680908203,0.7768668077575664
838,False,4,4280,0.1757042407989502,0.7729978717065282
839,False,4,4281,0.19488263130187988,0.8318138233097714
840,False,4,4282,0.16937255859375,0.8120143669657408
841,False,4,4283,0.18656253814697266,0.8095181981722515
842,False,4,4284,0.18120932579040527,0.818180876229668
843,False,4,4285,0.1835019588470459,0.869394106768249
844,False,4,4286,0.17763066291809082,0.8321552883412333
845,False,4,4287,0.14856624603271484,0.7890089218992564
846,False,4,4288,0.17929649353027344,0.8190587854367637
847,False,4,4289,0.18417882919311523,0.8219370659263361
848,False,4,4290,0.18545770645141602,0.8284794142735856
849,False,4,4291,0.17077946662902832,0.7886792743090717
850,False,4,4292,0.18681836128234863,0.818058358361235
851,False,4,4293,0.17546987533569336,0.7850710976691474
852,False,4,4294,0.17560267448425293,0.869784194953917
853,False,4,4295,0.1745133399963379,0.7942679239037846
854,False,4,4296,0.17674589157104492,0.7532330221452173
855,False,4,4297,0.18745756149291992,0.8095429684811581
856,False,4,4298,0.14750027656555176,0.8261762437122385
857,False,4,4299,0.18244051933288574,0.8030836548700573
858,True,4,4300,0.2033374309539795,0.8044176773234671
859,False,4,4301,0.18196392059326172,0.8826229315738946
860,False,4,4302,0.19139671325683594,0.7561132830478958
861,False,4,4303,0.15694355964660645,0.8084367496360625
862,False,4,4304,0.17908573150634766,0.7779165954284727
863,False,4,4305,0.17653536796569824,0.7918542012394894
864,False,4,4306,0.17955803871154785,0.8651843719583537
865,False,4,4307,0.1860816478729248,0.818444356045109
866,False,4,4308,0.18990778923034668,0.7899745978370664
867,False,4,4309,0.18181943893432617,0.8446963635228929
868,False,4,4310,0.17200922966003418,0.8604827563367075
869,False,4,4311,0.17900538444519043,0.7975188503152734
870,False,4,4312,0.1724109649658203,0.7909513697183381
871,False,4,4313,0.1753401756286621,0.7953504222955199
872,False,4,4314,0.1702568531036377,0.7651954107208265
873,False,4,4315,0.17681431770324707,0.8434789440638963
874,False,4,4316,0.1834726333618164,0.7949971218172104
875,False,4,4317,0.1710212230682373,0.870146422336499
876,False,4,4318,0.1769561767578125,0.801799083217269
877,False,4,4319,0.19622015953063965,0.8857527505162924
878,False,4,4320,0.17161011695861816,0.7598633814292649
879,False,4,4321,0.18389296531677246,0.8052107246503942
880,False,4,4322,0.18147850036621094,0.7689896761883227
881,False,4,4323,0.18251442909240723,0.8178417034158926
882,False,4,4324,0.1773991584777832,0.8286203981953718
883,False,4,4325,0.14666008949279785,0.8545117281554712
884,False,4,4326,0.1832752227783203,0.789674711191938
885,False,4,4327,0.1830151081085205,0.8742629380985385
886,False,4,4328,0.1991729736328125,0.7727578475273083
887,False,4,4329,0.1828930377960205,0.9139684954924243
888,False,4,4330,0.17359161376953125,0.7834203634300225
889,False,4,4331,0.17535710334777832,0.80173798282409
890,False,4,4332,0.17763233184814453,0.7997786921803797
891,False,4,4333,0.1911299228668213,0.802777418378918
892,False,4,4334,0.17651748657226562,0.8559659925245102
893,False,4,4335,0.19919180870056152,0.816453890697587
894,False,4,4336,0.16533589363098145,0.7853943574619257
895,False,4,4337,0.1840353012084961,0.8281996427436493
896,False,4,4338,0.17818903923034668,0.8312537166334333
897,False,4,4339,0.17648911476135254,0.8139440647015969
898,False,4,4340,0.18385744094848633,0.9100997846884035
899,False,4,4341,0.15623974800109863,0.8665320761945278
900,False,4,4342,0.18210053443908691,0.821227480224999
901,False,4,4343,0.1745588779449463,0.7891043872084648
902,False,4,4344,0.17986059188842773,0.8043260205581428
903,False,4,4345,0.18359732627868652,0.7752530786785342
904,False,4,4346,0.19034361839294434,0.808241335985561
905,False,4,4347,0.1838541030883789,0.8402746106897082
906,False,4,4348,0.17418193817138672,0.8195909329778737
907,False,4,4349,0.17677617073059082,0.8306059639102649
908,False,4,4350,0.1758410930633545,0.8443398305680602
909,False,4,4351,0.17679333686828613,0.8362066600294339
910,False,4,4352,0.16708803176879883,0.8064715917599165
911,False,4,4353,0.17549467086791992,0.8580433349235957
912,False,4,4354,0.1829967498779297,0.8285373050963417
913,False,4,4355,0.1720428466796875,0.8159714820351276
914,False,4,4356,0.1749274730682373,0.8031758415246647
915,False,4,4357,0.18973112106323242,0.8840245449959876
916,False,4,4358,0.17077970504760742,0.8587325655278708
917,False,4,4359,0.1875011920928955,0.8014213440141507
918,False,4,4360,0.17861175537109375,0.7882866988490735
919,False,4,4361,0.17960119247436523,0.7878003717688399
920,False,4,4362,0.17508363723754883,0.7610754614828955
921,False,4,4363,0.15543365478515625,0.8954966283802475
922,False,4,4364,0.18688535690307617,0.7954116949279394
923,False,4,4365,0.1776885986328125,0.8255560409078108
924,False,4,4366,0.18461108207702637,0.7900666699944331
925,False,4,4367,0.18095946311950684,0.8584989994054749
926,False,4,4368,0.17283082008361816,0.7900073957585154
927,False,4,4369,0.17218589782714844,0.7951186440020268
928,False,4,4370,0.17632079124450684,0.8984680639225102
929,False,4,4371,0.17597579956054688,0.8509884391844803
930,False,4,4372,0.16950297355651855,0.7481127943555336
931,False,4,4373,0.17989087104797363,0.7942043277878493
932,False,4,4374,0.14218688011169434,0.859904507696185
933,False,4,4375,0.1512584686279297,0.8286568913719659
934,False,4,4376,0.1444997787475586,0.8697443563668501
935,False,4,4377,0.151611328125,0.869338177898455
936,False,4,4378,0.15311884880065918,0.8321935166937432
937,False,4,4379,0.15314388275146484,0.7974132120032751
938,False,4,4380,0.1490175724029541,0.7836781229956873
939,False,4,4381,0.16054487228393555,0.8271203984816868
940,False,4,4382,0.1487290859222412,0.8270650840852232
941,False,4,4383,0.15364789962768555,0.8449752633792481
942,False,4,4384,0.154341459274292,0.8109297460565963
943,False,4,4385,0.15378546714782715,0.7634964146030446
944,False,4,4386,0.16063523292541504,0.8465102036439237
945,False,4,4387,0.1583409309387207,0.7944664777966128
946,False,4,4388,0.15487074851989746,0.8191390738245985
947,False,4,4389,0.15805721282958984,0.8505855022619169
948,False,4,4390,0.15808939933776855,0.8026509341961219
949,False,4,4391,0.154219388961792,0.819041968545034
950,False,4,4392,0.16002559661865234,0.814984195887865
951,False,4,4393,0.160172700881958,0.851520567777611
952,False,4,4394,0.15755105018615723,0.8545980101806067
953,False,4,4395,0.15108990669250488,0.8669389334640331
954,False,4,4396,0.1481034755706787,0.7610749212714532
955,False,4,4397,0.15671658515930176,0.7626650945194775
956,False,4,4398,0.15567541122436523,0.8432457706824477
957,False,4,4399,0.14921069145202637,0.8514611745541473
958,True,4,4400,0.1710498332977295,0.8330407646107708
959,False,4,4401,0.1408519744873047,0.7752222655385379
960,False,4,4402,0.15679121017456055,0.7728726222024611
961,False,4,4403,0.14907383918762207,0.8368846899608058
962,False,4,4404,0.13800525665283203,0.831992989239682
963,False,4,4405,0.1565384864807129,0.9007295132614673
964,False,4,4406,0.15510869026184082,0.7406750309524969
965,False,4,4407,0.154524564743042,0.8637731451807279
966,False,4,4408,0.14225339889526367,0.8120141190787155
967,False,4,4409,0.14741230010986328,0.8141581462807065
968,False,4,4410,0.15857791900634766,0.8056729321944575
969,False,4,4411,0.15413355827331543,0.744754870843497
970,False,4,4412,0.1546189785003662,0.8751379191165878
971,False,4,4413,0.1516416072845459,0.8385143112391233
972,False,4,4414,0.1549053192138672,0.7871836592398939
973,False,4,4415,0.14917874336242676,0.8583359473517962
974,False,4,4416,0.14698052406311035,0.828818892350509
975,False,4,4417,0.14763379096984863,0.8477894971368924
976,False,4,4418,0.1631298065185547,0.7738187293566409
977,False,4,4419,0.14872407913208008,0.8142817502930053
978,False,4,4420,0.14903879165649414,0.7881836285814644
979,False,4,4421,0.1571636199951172,0.8280747149117468
980,False,4,4422,0.15297985076904297,0.8213008416572674
981,False,4,4423,0.14747858047485352,0.8004587352320197
982,False,4,4424,0.1511533260345459,0.7903373604529493
983,False,4,4425,0.14504456520080566,0.805475987449643
984,False,4,4426,0.15993142127990723,0.807563295565723
985,False,4,4427,0.15781664848327637,0.8244013984998068
986,False,4,4428,0.14553594589233398,0.817021684898507
987,False,4,4429,0.1566774845123291,0.8303549725651032
988,False,4,4430,0.1460590362548828,0.8387287000770727
989,False,4,4431,0.161393404006958,0.7957134650177544
990,False,4,4432,0.14515376091003418,0.8239005652611099
991,False,4,4433,0.15575289726257324,0.8903138941885639
992,False,4,4434,0.1531832218170166,0.8228501407983934
993,False,4,4435,0.142808198928833,0.8269503902023035
994,False,4,4436,0.1535630226135254,0.7973348065501167
995,False,4,4437,0.14209842681884766,0.8409982787977373
996,False,4,4438,0.15476632118225098,0.7928000137076846
997,False,4,4439,0.16071486473083496,0.8495645042331446
998,False,4,4440,0.15358638763427734,0.8026657056373856
999,False,4,4441,0.15542936325073242,0.9166434559793699
1000,False,4,4442,0.15692830085754395,0.7853137862735561
1001,False,4,4443,0.1468815803527832,0.8938276158601401
1002,False,4,4444,0.16565561294555664,0.8395193665776225
1003,False,4,4445,0.15599918365478516,0.8018028767823818
1004,False,4,4446,0.14678096771240234,0.8038142417291445
1005,False,4,4447,0.15439271926879883,0.8467759923078121
1006,False,4,4448,0.1442725658416748,0.8111933016639558
1007,False,4,4449,0.16478729248046875,0.8131914036348463
1008,False,4,4450,0.15266036987304688,0.8442522723759925
1009,False,4,4451,0.14722084999084473,0.8286321745032357
1010,False,4,4452,0.14749407768249512,0.8143640716693231
1011,False,4,4453,0.1433258056640625,0.7735470609650725
1012,False,4,4454,0.15489482879638672,0.8561018598931177
1013,False,4,4455,0.15398931503295898,0.8183188686768216
1014,False,4,4456,0.15196537971496582,0.8087363163497122
1015,False,4,4457,0.16517877578735352,0.8528267438079984
1016,False,4,4458,0.15426850318908691,0.8707320681728777
1017,False,4,4459,0.15861177444458008,0.797328242455565
1018,False,4,4460,0.1581265926361084,0.8379692658449392
1019,False,4,4461,0.14624428749084473,0.7834272675792732
1020,False,4,4462,0.15355968475341797,0.8064085931428486
1021,False,4,4463,0.145918607711792,0.8823752381528415
1022,False,4,4464,0.15585589408874512,0.8214737263929452
1023,False,4,4465,0.15709900856018066,0.8430291013348671
1024,False,4,4466,0.15295791625976562,0.7478432422614701
1025,False,4,4467,0.1529064178466797,0.7775005522361469
1026,False,4,4468,0.1451573371887207,0.8127508447283788
1027,False,4,4469,0.1537184715270996,0.8003442638797595
1028,False,4,4470,0.15964698791503906,0.8011460859284161
1029,False,4,4471,0.15788698196411133,0.8060172794364572
1030,False,4,4472,0.14746356010437012,0.8226295885230813
1031,False,4,4473,0.155839204788208,0.8124915844361698
1032,False,4,4474,0.14276766777038574,0.7998607309446448
1033,False,4,4475,0.16143250465393066,0.8126327842695729
1034,False,4,4476,0.15480637550354004,0.8308686712379788
1035,False,4,4477,0.14659500122070312,0.8613049527962826
1036,False,4,4478,0.15102338790893555,0.8123969116381237
1037,False,4,4479,0.15695428848266602,0.8702263761134373
1038,False,4,4480,0.15303897857666016,0.8497822320842672
1039,False,4,4481,0.14991545677185059,0.838126391937424
1040,False,4,4482,0.15679335594177246,0.8732125939402197
1041,False,4,4483,0.16234683990478516,0.7792057404738096
1042,False,4,4484,0.1446094512939453,0.8532143544538744
1043,False,4,4485,0.15433049201965332,0.7509926010721496
1044,False,4,4486,0.1443171501159668,0.8193433891449655
1045,False,4,4487,0.1537015438079834,0.7766195184085517
1046,False,4,4488,0.16066932678222656,0.8105568529239725
1047,False,4,4489,0.15676259994506836,0.8435983700855146
1048,False,4,4490,0.15754318237304688,0.8183523475724673
1049,False,4,4491,0.1553053855895996,0.8291088442007701
1050,False,4,4492,0.14693284034729004,0.8411199829119835
1051,False,4,4493,0.160567045211792,0.8011687415696328
1052,False,4,4494,0.1585102081298828,0.8318498053898412
1053,False,4,4495,0.14677095413208008,0.8555513501965574
1054,False,4,4496,0.1530468463897705,0.7422633087262512
1055,False,4,4497,0.1534442901611328,0.7673326582603511
1056,False,4,4498,0.16057443618774414,0.8515756250846952
1057,False,4,4499,0.14325237274169922,0.7839435548743323
1058,True,4,4500,0.17958307266235352,0.7376944311739254
1059,False,4,4501,0.15507984161376953,0.8232589192533244
1060,False,4,4502,0.15454483032226562,0.8035368334413285
1061,False,4,4503,0.16504526138305664,0.8352840269605321
1062,False,4,4504,0.15428972244262695,0.8098231151566971
1063,False,4,4505,0.1491084098815918,0.8185030003300026
1064,False,4,4506,0.1444568634033203,0.7918455477005668
1065,False,4,4507,0.15844416618347168,0.7841063557702692
1066,False,4,4508,0.16364049911499023,0.739584803658848
1067,False,4,4509,0.15854740142822266,0.8379929687251294
1068,False,4,4510,0.1458728313446045,0.9026977069831142
1069,False,4,4511,0.15452933311462402,0.7691458016855731
1070,False,4,4512,0.14856839179992676,0.8332629052123853
1071,False,4,4513,0.1649460792541504,0.8229426062178045
1072,False,4,4514,0.14786648750305176,0.8379924833064989
1073,False,4,4515,0.1537795066833496,0.8094308889537517
1074,False,4,4516,0.16034245491027832,0.809483416555893
1075,False,4,4517,0.14940643310546875,0.8328095685158458
1076,False,4,4518,0.16249990463256836,0.7869508036944485
1077,False,4,4519,0.14831948280334473,0.8282500639269572
1078,False,4,4520,0.15729999542236328,0.7679837536776349
1079,False,4,4521,0.16017866134643555,0.8528198580634558
1080,False,4,4522,0.15165162086486816,0.8094155806604596
1081,False,4,4523,0.16098785400390625,0.8117170757614078
1082,False,4,4524,0.154313325881958,0.7803519633598627
1083,False,4,4525,0.1448380947113037,0.8083054425660521
1084,False,4,4526,0.16544079780578613,0.8366654323569189
1085,False,4,4527,0.15835833549499512,0.8183016660623251
1086,False,4,4528,0.14868426322937012,0.8365249367696899
1087,False,4,4529,0.15465664863586426,0.766008619241239
1088,False,4,4530,0.14962363243103027,0.8247104157649334
1089,False,4,4531,0.16518950462341309,0.8366664220867236
1090,False,4,4532,0.1459517478942871,0.8683219132501456
1091,False,4,4533,0.15625667572021484,0.8640526206831314
1092,False,4,4534,0.1615598201751709,0.8762841382773506
1093,False,4,4535,0.14921116828918457,0.8037372220507157
1094,False,4,4536,0.15062260627746582,0.7832802110129878
1095,False,4,4537,0.1501634120941162,0.8009322992570346
1096,False,4,4538,0.15967345237731934,0.7998171876228992
1097,False,4,4539,0.15416884422302246,0.7655728182622366
1098,False,4,4540,0.15059351921081543,0.7768614769336725
1099,False,4,4541,0.1640007495880127,0.7984440636909789
1100,False,4,4542,0.15600252151489258,0.8399130241679295
1101,False,4,4543,0.1571207046508789,0.8981757646293512
1102,False,4,4544,0.1620938777923584,0.7602945799451499
1103,False,4,4545,0.1458735466003418,0.802211180994553
1104,False,4,4546,0.15282583236694336,0.8134748438328858
1105,False,4,4547,0.14647316932678223,0.8877329379763631
1106,False,4,4548,0.15677571296691895,0.8290677732078449
1107,False,4,4549,0.16031932830810547,0.8300882047485737
1108,False,4,4550,0.15723562240600586,0.8223987397338662
1109,False,4,4551,0.15462613105773926,0.7910209503690048
1110,False,4,4552,0.15502476692199707,0.8035847534913394
1111,False,4,4553,0.15099239349365234,0.8079087768038293
1112,False,4,4554,0.16505908966064453,0.8654314883363744
1113,False,4,4555,0.14282751083374023,0.8165021960934004
1114,False,4,4556,0.15743708610534668,0.8520844005979598
1115,False,4,4557,0.16282391548156738,0.8834011786107331
1116,False,4,4558,0.14922094345092773,0.7908316045289948
1117,False,4,4559,0.16100668907165527,0.85170826064201
1118,False,4,4560,0.1610100269317627,0.7753867429592424
1119,False,4,4561,0.14406776428222656,0.7791697126702363
1120,False,4,4562,0.1610870361328125,0.8123714566075555
1121,False,4,4563,0.154524564743042,0.8295879627777529
1122,False,4,4564,0.16241860389709473,0.8284973357582377
1123,False,4,4565,0.1533827781677246,0.7983207361151775
1124,False,4,4566,0.14812159538269043,0.79548063676893
1125,False,4,4567,0.16585874557495117,0.8125146913475225
1126,False,4,4568,0.14702081680297852,0.7967040655646652
1127,False,4,4569,0.1530601978302002,0.805339044403462
1128,False,4,4570,0.15566706657409668,0.8187708052850904
1129,False,4,4571,0.1503751277923584,0.8223985612747217
1130,False,4,4572,0.15134644508361816,0.7828119265447769
1131,False,4,4573,0.1475541591644287,0.7306415583783141
1132,False,4,4574,0.14906692504882812,0.8112321574063529
1133,False,4,4575,0.17682385444641113,0.7883480080802527
1134,False,4,4576,0.15253758430480957,0.8149765735558633
1135,False,4,4577,0.14919734001159668,0.7585402772362743
1136,False,4,4578,0.14624238014221191,0.8089100071561656
1137,False,4,4579,0.15450048446655273,0.7710899971314661
1138,False,4,4580,0.16062068939208984,0.8050211917697674
1139,False,4,4581,0.15223312377929688,0.8170017353924258
1140,False,4,4582,0.1482231616973877,0.8037754948295298
1141,False,4,4583,0.16348862648010254,0.8433195115732295
1142,False,4,4584,0.14804482460021973,0.779422494605006
1143,False,4,4585,0.15271782875061035,0.8249994825926565
1144,False,4,4586,0.16111278533935547,0.7995154803973578
1145,False,4,4587,0.14676737785339355,0.8278487297661954
1146,False,4,4588,0.12741303443908691,0.7618587339474331
0,False,5,4589,0.14567065238952637,0.7803299208836897
1,False,5,4590,0.15692591667175293,0.7986985955476051
2,False,5,4591,0.1573319435119629,0.8500890841796285
3,False,5,4592,0.15080976486206055,0.8932643606593565
4,False,5,4593,0.15943098068237305,0.8483082886253084
5,False,5,4594,0.15441608428955078,0.8027406702084201
6,False,5,4595,0.14328312873840332,0.8625439770874521
7,False,5,4596,0.16489219665527344,0.7860838095324911
8,False,5,4597,0.1577904224395752,0.8153695811827979
9,False,5,4598,0.14586973190307617,0.840767460919562
10,False,5,4599,0.1556992530822754,0.8125368536982152
11,True,5,4600,0.1771833896636963,0.7791903579740651
12,False,5,4601,0.15949201583862305,0.8251929520851089
13,False,5,4602,0.15154099464416504,0.8077629116762961
14,False,5,4603,0.15696501731872559,0.8404199229109852
15,False,5,4604,0.15729641914367676,0.8402368296824752
16,False,5,4605,0.14664006233215332,0.7800602019609261
17,False,5,4606,0.15424847602844238,0.8589887140607018
18,False,5,4607,0.1492154598236084,0.8455757023766638
19,False,5,4608,0.15897703170776367,0.8642447848493853
20,False,5,4609,0.15993905067443848,0.8027350410730356
21,False,5,4610,0.1478116512298584,0.7988987263469469
22,False,5,4611,0.15734386444091797,0.7568751730556998
23,False,5,4612,0.15870046615600586,0.816569603247834
24,False,5,4613,0.14181089401245117,0.8374734854414352
25,False,5,4614,0.154862642288208,0.8376983313244722
26,False,5,4615,0.14349579811096191,0.8752875072948104
27,False,5,4616,0.16254830360412598,0.8100807238813669
28,False,5,4617,0.14949584007263184,0.8737346696711722
29,False,5,4618,0.1554563045501709,0.7786345181077542
30,False,5,4619,0.16200923919677734,0.834294011594639
31,False,5,4620,0.14962363243103027,0.8105572165056532
32,False,5,4621,0.16034793853759766,0.7837949200045494
33,False,5,4622,0.15706396102905273,0.8451503044703885
34,False,5,4623,0.1463625431060791,0.8304943242775542
35,False,5,4624,0.15772128105163574,0.7920865090453022
36,False,5,4625,0.15822958946228027,0.8025291356302444
37,False,5,4626,0.14914393424987793,0.7834728700552315
38,False,5,4627,0.15300750732421875,0.8685588643531359
39,False,5,4628,0.1482992172241211,0.7849624918197238
40,False,5,4629,0.16518640518188477,0.8041419552949565
41,False,5,4630,0.14659810066223145,0.8272894507251858
42,False,5,4631,0.15262699127197266,0.8219803971837143
43,False,5,4632,0.16205215454101562,0.8331337488433789
44,False,5,4633,0.14435553550720215,0.7642867813951203
45,False,5,4634,0.14039349555969238,0.8204833289741403
46,False,5,4635,0.15991806983947754,0.8489571818638418
47,False,5,4636,0.1438148021697998,0.8989480106115697
48,False,5,4637,0.16293811798095703,0.7971978579381745
49,False,5,4638,0.15226507186889648,0.824446517441954
50,False,5,4639,0.14564967155456543,0.816702731253047
51,False,5,4640,0.18523788452148438,0.7757962388651711
52,False,5,4641,0.14717721939086914,0.8451857953332366
53,False,5,4642,0.15622925758361816,0.7773380784229156
54,False,5,4643,0.1513204574584961,0.8023332596224334
55,False,5,4644,0.15611481666564941,0.8423302204880331
56,False,5,4645,0.154937744140625,0.7754398337787106
57,False,5,4646,0.15369749069213867,0.8444317568403977
58,False,5,4647,0.15609145164489746,0.8198637880407096
59,False,5,4648,0.1573784351348877,0.8223912847405743
60,False,5,4649,0.1449880599975586,0.8443079247316789
61,False,5,4650,0.16342806816101074,0.8986544574366971
62,False,5,4651,0.15211701393127441,0.8460049442170808
63,False,5,4652,0.1475539207458496,0.8306057420670101
64,False,5,4653,0.14671564102172852,0.8074951139278712
65,False,5,4654,0.14645004272460938,0.8049912431410381
66,False,5,4655,0.16208529472351074,0.8460649114235171
67,False,5,4656,0.15792608261108398,0.7929745355199668
68,False,5,4657,0.14579296112060547,0.8044545874664826
69,False,5,4658,0.1589193344116211,0.7812818646031832
70,False,5,4659,0.15944981575012207,0.7502219926211096
71,False,5,4660,0.15032124519348145,0.7880013546507273
72,False,5,4661,0.14461874961853027,0.8207240509135383
73,False,5,4662,0.15721893310546875,0.7675385556095059
74,False,5,4663,0.16152334213256836,0.817641883999819
75,False,5,4664,0.14235997200012207,0.8663103002389627
76,False,5,4665,0.1541285514831543,0.7871806022178914
77,False,5,4666,0.15460896492004395,0.7861698037456898
78,False,5,4667,0.15279030799865723,0.7778271647125837
79,False,5,4668,0.14976263046264648,0.7783233898115299
80,False,5,4669,0.14526152610778809,0.7862436617502855
81,False,5,4670,0.15376782417297363,0.8254936026143176
82,False,5,4671,0.15693259239196777,0.8439703142891328
83,False,5,4672,0.1432788372039795,0.8427010542668755
84,False,5,4673,0.14508318901062012,0.8240568923786106
85,False,5,4674,0.14856624603271484,0.7857054363758789
86,False,5,4675,0.146193265914917,0.8806587806681083
87,False,5,4676,0.15445733070373535,0.7838055792575082
88,False,5,4677,0.14724230766296387,0.8110349035067926
89,False,5,4678,0.15835952758789062,0.778859724157623
90,False,5,4679,0.15041804313659668,0.8874349315273797
91,False,5,4680,0.15058350563049316,0.8041778851655269
92,False,5,4681,0.15708041191101074,0.7645147620323336
93,False,5,4682,0.15740180015563965,0.7788230291279477
94,False,5,4683,0.1493980884552002,0.8461089948014842
95,False,5,4684,0.16329288482666016,0.8530560319001476
96,False,5,4685,0.1548171043395996,0.8341252456108729
97,False,5,4686,0.15738487243652344,0.8529996885474594
98,False,5,4687,0.15747952461242676,0.7858105337779437
99,False,5,4688,0.1481623649597168,0.860477291435624
100,False,5,4689,0.19766592979431152,0.841449018856067
101,False,5,4690,0.4062991142272949,0.7878117525861377
102,False,5,4691,0.16130852699279785,0.9194625899905249
103,False,5,4692,0.1610875129699707,0.7811093015174958
104,False,5,4693,0.15168356895446777,0.8075248998190675
105,False,5,4694,0.16196370124816895,0.7962236180901527
106,False,5,4695,0.15378665924072266,0.814073983269433
107,False,5,4696,0.16269350051879883,0.8035936657605425
108,False,5,4697,0.15973711013793945,0.8239474515874116
109,False,5,4698,0.14593505859375,0.7927207870719334
110,False,5,4699,0.1500568389892578,0.8141122845201086
111,True,5,4700,0.17891311645507812,0.8085641195288018
112,False,5,4701,0.16098666191101074,0.8278481222001748
113,False,5,4702,0.15049505233764648,0.7879271552609722
114,False,5,4703,0.16254830360412598,0.8094569250852578
115,False,5,4704,0.15458250045776367,0.7621316572739966
116,False,5,4705,0.14718842506408691,0.800683369727007
117,False,5,4706,0.15312790870666504,0.7388912904120628
118,False,5,4707,0.15624094009399414,0.7865490982575076
119,False,5,4708,0.15670323371887207,0.8850536864871779
120,False,5,4709,0.16581082344055176,0.8018838482066278
121,False,5,4710,0.1448383331298828,0.780268284004359
122,False,5,4711,0.15566349029541016,0.7380092729858698
123,False,5,4712,0.14490199089050293,0.8333183748736267
124,False,5,4713,0.15378189086914062,0.823475770563597
125,False,5,4714,0.16340279579162598,0.8919927314189928
126,False,5,4715,0.1508474349975586,0.8271913288405076
127,False,5,4716,0.1570277214050293,0.8345841314155785
128,False,5,4717,0.15801644325256348,0.823555545837042
129,False,5,4718,0.15613746643066406,0.7260061879420564
130,False,5,4719,0.15520215034484863,0.8632443833297917
131,False,5,4720,0.15105247497558594,0.8265026337910623
132,False,5,4721,0.15450167655944824,0.7742867322660806
133,False,5,4722,0.14928007125854492,0.8109536944622442
134,False,5,4723,0.1589221954345703,0.777269883347409
135,False,5,4724,0.1549685001373291,0.7980149039510814
136,False,5,4725,0.15566706657409668,0.8676660628656723
137,False,5,4726,0.15188121795654297,0.8731046296833528
138,False,5,4727,0.15842890739440918,0.7870712599473163
139,False,5,4728,0.1522660255432129,0.7924158906874558
140,False,5,4729,0.15942931175231934,0.7915233100010527
141,False,5,4730,0.14526748657226562,0.8136907108238941
142,False,5,4731,0.15497517585754395,0.814422106514463
143,False,5,4732,0.1540229320526123,0.8649795309507421
144,False,5,4733,0.15774893760681152,0.8761089860816442
145,False,5,4734,0.1523754596710205,0.8060167921440943
146,False,5,4735,0.15381383895874023,0.8431808028724931
147,False,5,4736,0.15385055541992188,0.7592345269263855
148,False,5,4737,0.16265106201171875,0.7914701099729252
149,False,5,4738,0.1484980583190918,0.8516915314719966
150,False,5,4739,0.1583082675933838,0.7976113654939191
151,False,5,4740,0.15440630912780762,0.9261779494228817
152,False,5,4741,0.15451335906982422,0.8200095609894821
153,False,5,4742,0.1528317928314209,0.7511712112020525
154,False,5,4743,0.15466880798339844,0.8322429410847172
155,False,5,4744,0.15450263023376465,0.8184694778506776
156,False,5,4745,0.15752911567687988,0.8513560714643627
157,False,5,4746,0.1466526985168457,0.8253325539796302
158,False,5,4747,0.1572718620300293,0.8302880683692082
159,False,5,4748,0.14954757690429688,0.8058502286716941
160,False,5,4749,0.15650701522827148,0.7907568960273194
161,False,5,4750,0.15427517890930176,0.8124704482255594
162,False,5,4751,0.15121006965637207,0.786204568720201
163,False,5,4752,0.15302109718322754,0.7914885029728923
164,False,5,4753,0.15316009521484375,0.7965170368995695
165,False,5,4754,0.15439558029174805,0.7897724514671911
166,False,5,4755,0.1572577953338623,0.7467042669831286
167,False,5,4756,0.15603995323181152,0.9199469265794115
168,False,5,4757,0.15418386459350586,0.851573624592718
169,False,5,4758,0.1455228328704834,0.8172439667396248
170,False,5,4759,0.1551506519317627,0.8423899942122045
171,False,5,4760,0.14399480819702148,0.7948509218570377
172,False,5,4761,0.1552727222442627,0.8506173283815206
173,False,5,4762,0.16213345527648926,0.8438308866960663
174,False,5,4763,0.15329360961914062,0.7992707072269348
175,False,5,4764,0.15509772300720215,0.7687055494281508
176,False,5,4765,0.15752124786376953,0.8061751609535089
177,False,5,4766,0.14539670944213867,0.8503860397197839
178,False,5,4767,0.1640932559967041,0.8338297498966791
179,False,5,4768,0.1550891399383545,0.7527469108546417
180,False,5,4769,0.14508342742919922,0.7711010145999138
181,False,5,4770,0.15479135513305664,0.8715787519301686
182,False,5,4771,0.1443314552307129,0.7650684553553305
183,False,5,4772,0.16406655311584473,0.8663955213989885
184,False,5,4773,0.15320181846618652,0.8463175397011498
185,False,5,4774,0.14564824104309082,0.8837459545050347
186,False,5,4775,0.1509416103363037,0.7995264414210049
187,False,5,4776,0.14890718460083008,0.8035261721261553
188,False,5,4777,0.15137910842895508,0.863983796111175
189,False,5,4778,0.14682435989379883,0.7982481371034824
190,False,5,4779,0.14527106285095215,0.8199688859860457
191,False,5,4780,0.16461753845214844,0.761986974205467
192,False,5,4781,0.1544203758239746,0.8203659596121203
193,False,5,4782,0.1459963321685791,0.7951354996212536
194,False,5,4783,0.15610861778259277,0.9240853992024701
195,False,5,4784,0.15964126586914062,0.791335647504422
196,False,5,4785,0.1608140468597412,0.81685272165175
197,False,5,4786,0.1506481170654297,0.8624102571491333
198,False,5,4787,0.15117287635803223,0.8536805171918657
199,False,5,4788,0.15259981155395508,0.8107916586588891
200,False,5,4789,0.1574385166168213,0.8407971225235438
201,False,5,4790,0.15134930610656738,0.8470588635121072
202,False,5,4791,0.14899754524230957,0.8672363224128883
203,False,5,4792,0.14803004264831543,0.7895775346883708
204,False,5,4793,0.1655290126800537,0.8259361749182322
205,False,5,4794,0.1467897891998291,0.8596681166617646
206,False,5,4795,0.14808368682861328,0.7382059981602997
207,False,5,4796,0.15406131744384766,0.7849128255842343
208,False,5,4797,0.15516233444213867,0.8295719521452806
209,False,5,4798,0.1596391201019287,0.7552283241058746
210,False,5,4799,0.15167832374572754,0.8308828484954399
211,True,5,4800,0.17697858810424805,0.821984551137402
212,False,5,4801,0.15757036209106445,0.7798587145904701
213,False,5,4802,0.14990997314453125,0.8093056958833975
214,False,5,4803,0.15144562721252441,0.7685678201017991
215,False,5,4804,0.15731287002563477,0.7966449536449676
216,False,5,4805,0.14665675163269043,0.8306426345592453
217,False,5,4806,0.15300583839416504,0.7720518774752104
218,False,5,4807,0.1546187400817871,0.8084864514281175
219,False,5,4808,0.15799570083618164,0.7929517763356367
220,False,5,4809,0.15173554420471191,0.7977032946156604
221,False,5,4810,0.14676451683044434,0.8825755573454356
222,False,5,4811,0.16324877738952637,0.8208676792814262
223,False,5,4812,0.15457487106323242,0.8203647959799995
224,False,5,4813,0.14634251594543457,0.8755657976227148
225,False,5,4814,0.15720438957214355,0.8874215110138591
226,False,5,4815,0.14751648902893066,0.868432250916071
227,False,5,4816,0.15809369087219238,0.8243016399265756
228,False,5,4817,0.1591939926147461,0.8230852157187958
229,False,5,4818,0.1470348834991455,0.8152503727358723
230,False,5,4819,0.1571497917175293,0.8114701425545804
231,False,5,4820,0.14447975158691406,0.8288180700370242
232,False,5,4821,0.16388583183288574,0.8452098036983184
233,False,5,4822,0.15410900115966797,0.8739779081217768
234,False,5,4823,0.1599597930908203,0.8612522281528937
235,False,5,4824,0.15407514572143555,0.8293474747222804
236,False,5,4825,0.14602231979370117,0.7668740159632375
237,False,5,4826,0.1622602939605713,0.8492228806329271
238,False,5,4827,0.15447449684143066,0.9141885906324856
239,False,5,4828,0.1531991958618164,0.8612364226331314
240,False,5,4829,0.1456317901611328,0.8147422600803632
241,False,5,4830,0.14506936073303223,0.7582438879735058
242,False,5,4831,0.16245365142822266,0.809366398978801
243,False,5,4832,0.15536856651306152,0.7995199734965961
244,False,5,4833,0.15885567665100098,0.8181038590458531
245,False,5,4834,0.15737199783325195,0.8330918278412095
246,False,5,4835,0.14592432975769043,0.7910042177619678
247,False,5,4836,0.1542954444885254,0.8218831751562123
248,False,5,4837,0.15352153778076172,0.782267218500021
249,False,5,4838,0.1557457447052002,0.8119963726161846
250,False,5,4839,0.1558208465576172,0.8338950433701809
251,False,5,4840,0.14651179313659668,0.8154618090595164
252,False,5,4841,0.1623988151550293,0.7741334806418134
253,False,5,4842,0.15876460075378418,0.8518348999676251
254,False,5,4843,0.14696455001831055,0.7804220987129069
255,False,5,4844,0.15771794319152832,0.7744374808278822
256,False,5,4845,0.14603877067565918,0.7803892270174053
257,False,5,4846,0.16279983520507812,0.8009010247353996
258,False,5,4847,0.15343308448791504,0.8303831827361138
259,False,5,4848,0.14632916450500488,0.8460628696872542
260,False,5,4849,0.15298724174499512,0.8500961909691495
261,False,5,4850,0.1912398338317871,0.795485870336138
262,False,5,4851,0.15568757057189941,0.7350632022356703
263,False,5,4852,0.14943313598632812,0.8096992528576049
264,False,5,4853,0.1446528434753418,0.7670150383242538
265,False,5,4854,0.15294480323791504,0.7805915212347393
266,False,5,4855,0.1719069480895996,0.8517780075115817
267,False,5,4856,0.15460419654846191,0.8398708745371549
268,False,5,4857,0.14749860763549805,0.8420559416658114
269,False,5,4858,0.1490159034729004,0.7915062114064182
270,False,5,4859,0.16653180122375488,0.8602746797259896
271,False,5,4860,0.1479344367980957,0.8551114127039908
272,False,5,4861,0.1556558609008789,0.854066216852516
273,False,5,4862,0.15821409225463867,0.7795760647083323
274,False,5,4863,0.14942002296447754,0.7839229167549915
275,False,5,4864,0.15118694305419922,0.858237885071763
276,False,5,4865,0.15433835983276367,0.834284560865767
277,False,5,4866,0.1540679931640625,0.8755351154222374
278,False,5,4867,0.1569669246673584,0.8762350102576115
279,False,5,4868,0.14141201972961426,0.7888080829843168
280,False,5,4869,0.1593151092529297,0.831717466137239
281,False,5,4870,0.15924501419067383,0.7610553839643088
282,False,5,4871,0.15251684188842773,0.7617224440688177
283,False,5,4872,0.15823149681091309,0.7889913033605334
284,False,5,4873,0.1486039161682129,0.8633813086586695
285,False,5,4874,0.15656399726867676,0.8519413367667724
286,False,5,4875,0.15307068824768066,0.8051804029604508
287,False,5,4876,0.1531834602355957,0.7984356472180001
288,False,5,4877,0.15699481964111328,0.8216133348399862
289,False,5,4878,0.15819168090820312,0.7937571492290038
290,False,5,4879,0.14836931228637695,0.8300668793575218
291,False,5,4880,0.15564751625061035,0.7920207125356513
292,False,5,4881,0.1454906463623047,0.7538341337016649
293,False,5,4882,0.1632981300354004,0.8786438852548599
294,False,5,4883,0.15506625175476074,0.8544773947048399
295,False,5,4884,0.14866161346435547,0.8007960172946609
296,False,5,4885,0.14722204208374023,0.8188725260552017
297,False,5,4886,0.14875030517578125,0.7984302762585382
298,False,5,4887,0.16330671310424805,0.8371673061933722
299,False,5,4888,0.14705657958984375,0.7983402756286696
300,False,5,4889,0.14333653450012207,0.7835262390407954
301,False,5,4890,0.15211772918701172,0.8352593607490971
302,False,5,4891,0.15155506134033203,0.8479314507206992
303,False,5,4892,0.15726089477539062,0.8831700139479444
304,False,5,4893,0.15529823303222656,0.7835068328727393
305,False,5,4894,0.14230966567993164,0.8168270003072738
306,False,5,4895,0.16052818298339844,0.8037783381795243
307,False,5,4896,0.15213751792907715,0.8322206802799235
308,False,5,4897,0.15196871757507324,0.841993038254302
309,False,5,4898,0.14791607856750488,0.819040384986216
310,False,5,4899,0.15773558616638184,0.8146706492462683
311,True,5,4900,0.18447208404541016,0.7230858305203065
312,False,5,4901,0.15808391571044922,0.8708286829115379
313,False,5,4902,0.1497035026550293,0.7937599968697344
314,False,5,4903,0.14785337448120117,0.8527842923289253
315,False,5,4904,0.14489078521728516,0.780123396798791
316,False,5,4905,0.16274118423461914,0.8364581369706208
317,False,5,4906,0.14377975463867188,0.7621620433693309
318,False,5,4907,0.15462303161621094,0.817183724538024
319,False,5,4908,0.1581578254699707,0.8584747067430898
320,False,5,4909,0.15171122550964355,0.7961190534378624
321,False,5,4910,0.1518998146057129,0.816478010887901
322,False,5,4911,0.14541339874267578,0.7704726053246606
323,False,5,4912,0.15440130233764648,0.8269550324129384
324,False,5,4913,0.15955185890197754,0.852359753989038
325,False,5,4914,0.14435315132141113,0.8584393331160147
326,False,5,4915,0.150909423828125,0.8787846288954217
327,False,5,4916,0.15360116958618164,0.7976939290362809
328,False,5,4917,0.1531376838684082,0.8172343113304428
329,False,5,4918,0.16219615936279297,0.8429888148038159
330,False,5,4919,0.1448972225189209,0.8075057169910345
331,False,5,4920,0.15477657318115234,0.8499552607536316
332,False,5,4921,0.16122984886169434,0.8110124010237911
333,False,5,4922,0.14358115196228027,0.855261653916733
334,False,5,4923,0.15442204475402832,0.868914966072355
335,False,5,4924,0.14487838745117188,0.8253474592763398
336,False,5,4925,0.1580049991607666,0.8148582326137417
337,False,5,4926,0.15288233757019043,0.8154390198843819
338,False,5,4927,0.1550428867340088,0.774434909590387
339,False,5,4928,0.14442110061645508,0.8405003032336633
340,False,5,4929,0.15636849403381348,0.9008184172368299
341,False,5,4930,0.14557266235351562,0.8418465303035364
342,False,5,4931,0.16205239295959473,0.8713625893662018
343,False,5,4932,0.15612030029296875,0.8181397307531109
344,False,5,4933,0.14695024490356445,0.8033347098666821
345,False,5,4934,0.14655852317810059,0.8035044676202926
346,False,5,4935,0.14754486083984375,0.8102954377619814
347,False,5,4936,0.1651146411895752,0.789048759067165
348,False,5,4937,0.14227890968322754,0.7797074045298533
349,False,5,4938,0.14969348907470703,0.7870628763810686
350,False,5,4939,0.16561460494995117,0.7764136280332292
351,False,5,4940,0.14556241035461426,0.8414282072557225
352,False,5,4941,0.15477275848388672,0.8302924640787144
353,False,5,4942,0.15604376792907715,0.7978401757954133
354,False,5,4943,0.14946961402893066,0.8432952611973242
355,False,5,4944,0.15109896659851074,0.7900509607889469
356,False,5,4945,0.14347052574157715,0.7911460509834191
357,False,5,4946,0.13899779319763184,0.8725239141023761
358,False,5,4947,0.15023016929626465,0.8096370326709889
359,False,5,4948,0.14926505088806152,0.8835596566509811
360,False,5,4949,0.1584789752960205,0.8815982282782594
361,False,5,4950,0.15896868705749512,0.7766432759928561
362,False,5,4951,0.14722084999084473,0.8226092363530326
363,False,5,4952,0.15926694869995117,0.8390178765569414
364,False,5,4953,0.153303861618042,0.8254871857463429
365,False,5,4954,0.1461019515991211,0.8002324834399456
366,False,5,4955,0.15314340591430664,0.7757629144138523
367,False,5,4956,0.15717196464538574,0.8410907063987991
368,False,5,4957,0.1504518985748291,0.8333771872289834
369,False,5,4958,0.15103530883789062,0.8551485162183998
370,False,5,4959,0.143035888671875,0.7280263913507086
371,False,5,4960,0.16017699241638184,0.842658574559859
372,False,5,4961,0.15455055236816406,0.8265053252246054
373,False,5,4962,0.14545607566833496,0.7886704768364629
374,False,5,4963,0.15088415145874023,0.7979495463382807
375,False,5,4964,0.1449739933013916,0.8576453012148184
376,False,5,4965,0.16234588623046875,0.8686976858658627
377,False,5,4966,0.15462827682495117,0.8012031867124496
378,False,5,4967,0.1462850570678711,0.8180646003401353
379,False,5,4968,0.1522066593170166,0.8067930190092218
380,False,5,4969,0.14526629447937012,0.7882619055786303
381,False,5,4970,0.15926742553710938,0.8218135388257604
382,False,5,4971,0.1581735610961914,0.8337772672419391
383,False,5,4972,0.14719200134277344,0.8042628779741271
384,False,5,4973,0.15299367904663086,0.805427135256607
385,False,5,4974,0.15724468231201172,0.8256799173763111
386,False,5,4975,0.15332913398742676,0.8379690536253509
387,False,5,4976,0.1481022834777832,0.7795313240827195
388,False,5,4977,0.14857101440429688,0.791131241191622
389,False,5,4978,0.16556239128112793,0.9040125916445894
390,False,5,4979,0.1461026668548584,0.8398303777600329
391,False,5,4980,0.1443924903869629,0.7888808753563181
392,False,5,4981,0.14889287948608398,0.7987785054636853
393,False,5,4982,0.14320707321166992,0.7871605423500851
394,False,5,4983,0.15892362594604492,0.7919876160587939
395,False,5,4984,0.15586328506469727,0.7835005792633939
396,False,5,4985,0.15383148193359375,0.8903737141905974
397,False,5,4986,0.15295076370239258,0.8042511643198806
398,False,5,4987,0.14198708534240723,0.8054432405513666
399,False,5,4988,0.15265679359436035,0.7707636503147934
400,False,5,4989,0.14259839057922363,0.8423723933020872
401,False,5,4990,0.15451908111572266,0.8319266334486506
402,False,5,4991,0.15976881980895996,0.8477038953098514
403,False,5,4992,0.15262222290039062,0.7816332528877649
404,False,5,4993,0.15452790260314941,0.8379654798301912
405,False,5,4994,0.15566182136535645,0.8110157606147584
406,False,5,4995,0.14467716217041016,0.8190957298724069
407,False,5,4996,0.15216946601867676,0.8105699607902872
408,False,5,4997,0.1500074863433838,0.7929181565220158
409,False,5,4998,0.15155434608459473,0.856448394213138
410,False,5,4999,0.15755128860473633,0.8988059427633528
411,True,5,5000,0.1774003505706787,0.8290754621848463
412,False,5,5001,0.15730643272399902,0.8045725007430605
413,False,5,5002,0.14315533638000488,0.883953787031628
414,False,5,5003,0.15125393867492676,0.8349037425415147
415,False,5,5004,0.14609074592590332,0.8614479626218478
416,False,5,5005,0.14625763893127441,0.7957912609646363
417,False,5,5006,0.15218138694763184,0.8183045898719379
418,False,5,5007,0.15326476097106934,0.7984153684672145
419,False,5,5008,0.1543259620666504,0.7720919419080019
420,False,5,5009,0.15616655349731445,0.8167874590449389
421,False,5,5010,0.1465146541595459,0.8708672270710981
422,False,5,5011,0.1574082374572754,0.8377598827216951
423,False,5,5012,0.1558988094329834,0.8378473073687581
424,False,5,5013,0.1486830711364746,0.8178547110319846
425,False,5,5014,0.15604686737060547,0.8118922952229956
426,False,5,5015,0.14820551872253418,0.8853178345376539
427,False,5,5016,0.16312265396118164,0.7644152196922473
428,False,5,5017,0.15711426734924316,0.8708216621030479
429,False,5,5018,0.1465139389038086,0.7895096235221163
430,False,5,5019,0.15584039688110352,0.8873083804334911
431,False,5,5020,0.1454765796661377,0.8067533126256118
432,False,5,5021,0.15857458114624023,0.8257999929067278
433,False,5,5022,0.15392518043518066,0.7849346558186449
434,False,5,5023,0.14150261878967285,0.8352838092638802
435,False,5,5024,0.15752744674682617,0.8041191566513762
436,False,5,5025,0.14754891395568848,0.7740386071326653
437,False,5,5026,0.16119813919067383,0.7695147106978333
438,False,5,5027,0.15578627586364746,0.8298975228930691
439,False,5,5028,0.14488720893859863,0.8181307186217357
440,False,5,5029,0.15468811988830566,0.7710847725670431
441,False,5,5030,0.14165687561035156,0.8138641817495229
442,False,5,5031,0.15990948677062988,0.8036310752255044
443,False,5,5032,0.15532636642456055,0.8464346918987021
444,False,5,5033,0.156113862991333,0.8036269683036066
445,False,5,5034,0.15820813179016113,0.8519965322976489
446,False,5,5035,0.14426112174987793,0.8167793183099655
447,False,5,5036,0.1529555320739746,0.9006904291787319
448,False,5,5037,0.1534743309020996,0.7947303232781234
449,False,5,5038,0.15137243270874023,0.7998177386775969
450,False,5,5039,0.1493244171142578,0.816685989676487
451,False,5,5040,0.15239834785461426,0.8556232552177139
452,False,5,5041,0.15766239166259766,0.8724657850162614
453,False,5,5042,0.15280723571777344,0.8247236692723598
454,False,5,5043,0.15556573867797852,0.8201422610630591
455,False,5,5044,0.1513681411743164,0.8164157793480193
456,False,5,5045,0.15420007705688477,0.8431398787846168
457,False,5,5046,0.15248394012451172,0.8248015185152846
458,False,5,5047,0.15683865547180176,0.8006998238242453
459,False,5,5048,0.1458284854888916,0.8689828551418722
460,False,5,5049,0.1603684425354004,0.8739839258736799
461,False,5,5050,0.15503191947937012,0.8240115923053095
462,False,5,5051,0.14925646781921387,0.7984071500222422
463,False,5,5052,0.15546655654907227,0.7829532222378822
464,False,5,5053,0.14739418029785156,0.8081732691221294
465,False,5,5054,0.15322089195251465,0.7954608323717756
466,False,5,5055,0.15455222129821777,0.7985719596479265
467,False,5,5056,0.1553788185119629,0.8046149651386908
468,False,5,5057,0.1564779281616211,0.8319897252755861
469,False,5,5058,0.1453237533569336,0.8749098837863478
470,False,5,5059,0.16034770011901855,0.7711379376594863
471,False,5,5060,0.15344023704528809,0.7141116220237952
472,False,5,5061,0.14213109016418457,0.8335529361474552
473,False,5,5062,0.15435504913330078,0.8211899208947129
474,False,5,5063,0.14481115341186523,0.8014466495009227
475,False,5,5064,0.1539306640625,0.8235555045151461
476,False,5,5065,0.1431131362915039,0.796169018361806
477,False,5,5066,0.1541581153869629,0.8697837326520432
478,False,5,5067,0.15969610214233398,0.8906894079631283
479,False,5,5068,0.14396309852600098,0.8464732365239234
480,False,5,5069,0.14929485321044922,0.8330757191981234
481,False,5,5070,0.15981626510620117,0.7720282160056134
482,False,5,5071,0.15842723846435547,0.8381339910972334
483,False,5,5072,0.15388703346252441,0.7963415558028611
484,False,5,5073,0.15005207061767578,0.777138690042886
485,False,5,5074,0.15706515312194824,0.8042132601119756
486,False,5,5075,0.15831780433654785,0.8410279146794761
487,False,5,5076,0.1428823471069336,0.8476980418144238
488,False,5,5077,0.16210699081420898,0.869489076059489
489,False,5,5078,0.156693696975708,0.8054451151041402
490,False,5,5079,0.14409303665161133,0.7795162130635054
491,False,5,5080,0.1481788158416748,0.8046609449444252
492,False,5,5081,0.144667387008667,0.7719252838841862
493,False,5,5082,0.15670537948608398,0.7906364479013495
494,False,5,5083,0.15082812309265137,0.8628373502288015
495,False,5,5084,0.15505766868591309,0.7670423869220983
496,False,5,5085,0.15290188789367676,0.8308714650172206
497,False,5,5086,0.1523609161376953,0.7713952311314644
498,False,5,5087,0.15053486824035645,0.8088892260788098
499,False,5,5088,0.1551809310913086,0.8191886993036384
500,False,5,5089,0.14463233947753906,0.7425631654581852
501,False,5,5090,0.1639115810394287,0.7618453663419046
502,False,5,5091,0.14745807647705078,0.879613072256602
503,False,5,5092,0.14548134803771973,0.8112758712044784
504,False,5,5093,0.15686321258544922,0.7495992404209183
505,False,5,5094,0.15416264533996582,0.8024289647915535
506,False,5,5095,0.1527557373046875,0.8197197192348538
507,False,5,5096,0.14574670791625977,0.7917519208442952
508,False,5,5097,0.15023207664489746,0.8490014927949578
509,False,5,5098,0.1604328155517578,0.7958439472907534
510,False,5,5099,0.1438896656036377,0.8155918349068434
511,True,5,5100,0.17728734016418457,0.8939276817919951
512,False,5,5101,0.14448142051696777,0.8129044714428127
513,False,5,5102,0.15299701690673828,0.8240165052758087
514,False,5,5103,0.1598188877105713,0.8003898901598792
515,False,5,5104,0.1788187026977539,0.7796774279947084
516,False,5,5105,0.16079187393188477,0.8256364288917255
517,False,5,5106,0.15897512435913086,0.8197113553594264
518,False,5,5107,0.145050048828125,0.7486369324892406
519,False,5,5108,0.15969395637512207,0.8219254726122708
520,False,5,5109,0.15217113494873047,0.7648815009299488
521,False,5,5110,0.14353251457214355,0.8539221130222793
522,False,5,5111,0.1539139747619629,0.7806532055671727
523,False,5,5112,0.14958786964416504,0.7733715662200534
524,False,5,5113,0.1611480712890625,0.8121325496051993
525,False,5,5114,0.14893245697021484,0.8896447388632667
526,False,5,5115,0.14255928993225098,0.8553417967854154
527,False,5,5116,0.15771150588989258,0.8405552036683297
528,False,5,5117,0.15491867065429688,0.8707799867150328
529,False,5,5118,0.15036368370056152,0.828872669443843
530,False,5,5119,0.15350675582885742,0.866292124325853
531,False,5,5120,0.14998197555541992,0.7808109206768373
532,False,5,5121,0.1666719913482666,0.8431168675777457
533,False,5,5122,0.14503693580627441,0.7711032324115792
534,False,5,5123,0.15220999717712402,0.7824816700026748
535,False,5,5124,0.155531644821167,0.7636511318296904
536,False,5,5125,0.14788246154785156,0.8372954507136628
537,False,5,5126,0.15095877647399902,0.8151650036286031
538,False,5,5127,0.14629268646240234,0.7492603211929756
539,False,5,5128,0.15780425071716309,0.7427492426442249
540,False,5,5129,0.1546933650970459,0.7848513278932798
541,False,5,5130,0.15571212768554688,0.8511245914158367
542,False,5,5131,0.15889382362365723,0.7624480563570702
543,False,5,5132,0.15026283264160156,0.8614760678305865
544,False,5,5133,0.1444835662841797,0.8787504146762546
545,False,5,5134,0.1617288589477539,0.8477709820338835
546,False,5,5135,0.15208125114440918,0.804293653961005
547,False,5,5136,0.14336204528808594,0.7670631678109723
548,False,5,5137,0.14814329147338867,0.8687942789734474
549,False,5,5138,0.15214133262634277,0.7717839586881122
550,False,5,5139,0.14504313468933105,0.7903549901786304
551,False,5,5140,0.15461206436157227,0.781426749502619
552,False,5,5141,0.14499473571777344,0.9026277569965238
553,False,5,5142,0.16250276565551758,0.8354961106198885
554,False,5,5143,0.15453672409057617,0.834663604530284
555,False,5,5144,0.1468491554260254,0.8898214121748294
556,False,5,5145,0.14446234703063965,0.8087456782924988
557,False,5,5146,0.14782428741455078,0.8918702114550839
558,False,5,5147,0.16324663162231445,0.808247042908555
559,False,5,5148,0.15282273292541504,0.8418878153897823
560,False,5,5149,0.14785408973693848,0.7444082858440066
561,False,5,5150,0.15831255912780762,0.8222570628415615
562,False,5,5151,0.15219783782958984,0.7964714453001285
563,False,5,5152,0.1495964527130127,0.8337894297714923
564,False,5,5153,0.14833593368530273,0.8760501295328141
565,False,5,5154,0.1543576717376709,0.8440351252044949
566,False,5,5155,0.1575467586517334,0.8180890134757475
567,False,5,5156,0.14464402198791504,0.7934674139112411
568,False,5,5157,0.14415955543518066,0.7608284195663317
569,False,5,5158,0.14742827415466309,0.8420174123298021
570,False,5,5159,0.14480280876159668,0.7802403785532253
571,False,5,5160,0.15471506118774414,0.8452251814305782
572,False,5,5161,0.15384674072265625,0.851030684808003
573,False,5,5162,0.1547563076019287,0.7880949448084548
574,False,5,5163,0.15546512603759766,0.8657636745345025
575,False,5,5164,0.15858674049377441,0.7843624928611377
576,False,5,5165,0.15076518058776855,0.837217797835668
577,False,5,5166,0.15744686126708984,0.7946450315038897
578,False,5,5167,0.14676547050476074,0.8468744359866139
579,False,5,5168,0.15882182121276855,0.7863884533622436
580,False,5,5169,0.15691637992858887,0.835151924175166
581,False,5,5170,0.14649391174316406,0.7550501538484934
582,False,5,5171,0.15315818786621094,0.8716352170421965
583,False,5,5172,0.14573073387145996,0.8075155526443959
584,False,5,5173,0.15911531448364258,0.8434363348143441
585,False,5,5174,0.15550780296325684,0.7955502978237788
586,False,5,5175,0.14426279067993164,0.8608750931674702
587,False,5,5176,0.15207171440124512,0.7432611438977929
588,False,5,5177,0.14930248260498047,0.8168129175901414
589,False,5,5178,0.1638495922088623,0.8287440015424397
590,False,5,5179,0.15091395378112793,0.8383129900210491
591,False,5,5180,0.15746855735778809,0.8050098498795357
592,False,5,5181,0.15852785110473633,0.7882617059651587
593,False,5,5182,0.14291930198669434,0.8888312420763429
594,False,5,5183,0.1600358486175537,0.7929029982270938
595,False,5,5184,0.15885233879089355,0.812828571158683
596,False,5,5185,0.14420175552368164,0.8116245734771446
597,False,5,5186,0.15047407150268555,0.8349951367293084
598,False,5,5187,0.1536717414855957,0.7749025560471985
599,False,5,5188,0.1561450958251953,0.8571820812565939
600,False,5,5189,0.15181374549865723,0.8094443685175584
601,False,5,5190,0.14539313316345215,0.8655621445116897
602,False,5,5191,0.15984845161437988,0.8480608122689384
603,False,5,5192,0.15195107460021973,0.7565256188778828
604,False,5,5193,0.146209716796875,0.8017206929091895
605,False,5,5194,0.14950776100158691,0.8173593560765897
606,False,5,5195,0.15230798721313477,0.8373248293729766
607,False,5,5196,0.1505420207977295,0.8875694115247045
608,False,5,5197,0.14478778839111328,0.7514672268825094
609,False,5,5198,0.14600181579589844,0.8242227381117463
610,False,5,5199,0.16157817840576172,0.829883991164111
611,True,5,5200,0.1737830638885498,0.8516857045525243
612,False,5,5201,0.15824413299560547,0.8285031294494511
613,False,5,5202,0.15585970878601074,0.8200996346173011
614,False,5,5203,0.14719009399414062,0.773701882255929
615,False,5,5204,0.16622424125671387,0.8582588895445779
616,False,5,5205,0.14580440521240234,0.8982303766977219
617,False,5,5206,0.14498209953308105,0.9284634043773015
618,False,5,5207,0.1518874168395996,0.7636402321181128
619,False,5,5208,0.1497795581817627,0.8004691481945061
620,False,5,5209,0.163193941116333,0.8142120127255716
621,False,5,5210,0.14821362495422363,0.7518601930434149
622,False,5,5211,0.1517176628112793,0.8484657122310074
623,False,5,5212,0.16150283813476562,0.7480738810041829
624,False,5,5213,0.1484217643737793,0.8752170024617087
625,False,5,5214,0.15836763381958008,0.844000507966571
626,False,5,5215,0.1459338665008545,0.8035791703455506
627,False,5,5216,0.14396023750305176,0.8042805700429847
628,False,5,5217,0.16182684898376465,0.807242591377525
629,False,5,5218,0.15683388710021973,0.8029574789106846
630,False,5,5219,0.1502063274383545,0.8196194144187585
631,False,5,5220,0.14833569526672363,0.7720858024965438
632,False,5,5221,0.15500974655151367,0.8203815342414946
633,False,5,5222,0.1582498550415039,0.7616605111619547
634,False,5,5223,0.15598678588867188,0.7847493618638034
635,False,5,5224,0.14768671989440918,0.8957615200696247
636,False,5,5225,0.15661954879760742,0.8648508383582034
637,False,5,5226,0.14558672904968262,0.7789496445939653
638,False,5,5227,0.16219878196716309,0.7862299419274289
639,False,5,5228,0.1546027660369873,0.8851551948048707
640,False,5,5229,0.1397571563720703,0.8355998703766436
641,False,5,5230,0.1482234001159668,0.7791807753632644
642,False,5,5231,0.15524697303771973,0.8006887031896484
643,False,5,5232,0.16133952140808105,0.8600504383710879
644,False,5,5233,0.1588599681854248,0.8624112538638571
645,False,5,5234,0.14570975303649902,0.8749151428540548
646,False,5,5235,0.1478128433227539,0.819841689430177
647,False,5,5236,0.14481782913208008,0.7548583536519714
648,False,5,5237,0.1541881561279297,0.8068710694067358
649,False,5,5238,0.14416813850402832,0.7695367877770747
650,False,5,5239,0.15605640411376953,0.8242770865825669
651,False,5,5240,0.15596604347229004,0.8379125925047058
652,False,5,5241,0.14175057411193848,0.7505898845515079
653,False,5,5242,0.1415083408355713,0.8039713093478764
654,False,5,5243,0.14697575569152832,0.751444709088121
655,False,5,5244,0.1441657543182373,0.8163607407228223
656,False,5,5245,0.1546645164489746,0.8266359512428088
657,False,5,5246,0.14572739601135254,0.8030998907273725
658,False,5,5247,0.1567845344543457,0.821257904704128
659,False,5,5248,0.159135103225708,0.7982900454884485
660,False,5,5249,0.14323687553405762,0.818710856849239
661,False,5,5250,0.15286970138549805,0.756569789168203
662,False,5,5251,0.15281462669372559,0.8057990141789472
663,False,5,5252,0.15614748001098633,0.8119571173031416
664,False,5,5253,0.15404081344604492,0.80566852056377
665,False,5,5254,0.16473937034606934,0.8071223977687104
666,False,5,5255,0.19409584999084473,0.8115823383310011
667,False,5,5256,0.19072818756103516,0.8621110924342203
668,False,5,5257,0.19676423072814941,0.7540651029419332
669,False,5,5258,0.20082426071166992,0.8213748797064737
670,False,5,5259,0.18979620933532715,0.8410733554157473
671,False,5,5260,0.20200681686401367,0.8535530359617302
672,False,5,5261,0.1952817440032959,0.7661568687652194
673,False,5,5262,0.1879873275756836,0.7993387505412102
674,False,5,5263,0.20679473876953125,0.7739047476622677
675,False,5,5264,0.1927814483642578,0.9133609892534359
676,False,5,5265,0.18790864944458008,0.8034164196301607
677,False,5,5266,0.18923687934875488,0.790422069762523
678,False,5,5267,0.19194436073303223,0.8312255781520868
679,False,5,5268,0.20267438888549805,0.7882175599335737
680,False,5,5269,0.19632482528686523,0.8726318726936976
681,False,5,5270,0.18641185760498047,0.8187627228686499
682,False,5,5271,0.20221424102783203,0.8572585356998301
683,False,5,5272,0.19536161422729492,0.8837084936066751
684,False,5,5273,0.1926412582397461,0.8273452455399647
685,False,5,5274,0.20572495460510254,0.8624947683530904
686,False,5,5275,0.1907179355621338,0.7393287772844943
687,False,5,5276,0.18796324729919434,0.8577863367363101
688,False,5,5277,0.1868577003479004,0.8112406361781592
689,False,5,5278,0.19755840301513672,0.8239425108324558
690,False,5,5279,0.19894814491271973,0.8088121799131237
691,False,5,5280,0.18770527839660645,0.8544865073747044
692,False,5,5281,0.2003943920135498,0.8530819548981353
693,False,5,5282,0.19761323928833008,0.7998388413162459
694,False,5,5283,0.1955115795135498,0.7865390270349704
695,False,5,5284,0.1917707920074463,0.8133620518880587
696,False,5,5285,0.20505046844482422,0.8664953541897592
697,False,5,5286,0.189622163772583,0.8228357436822816
698,False,5,5287,0.18955755233764648,0.8001473880860778
699,False,5,5288,0.1883256435394287,0.8046632664987731
700,False,5,5289,0.21105194091796875,0.8466127218146408
701,False,5,5290,0.18837547302246094,0.8170741180490171
702,False,5,5291,0.19859981536865234,0.7891348696180752
703,False,5,5292,0.1983804702758789,0.8809499206642311
704,False,5,5293,0.19046258926391602,0.7811244332142883
705,False,5,5294,0.20417356491088867,0.7917072607115622
706,False,5,5295,0.19623470306396484,0.8367274462999332
707,False,5,5296,0.19168901443481445,0.8458915750407393
708,False,5,5297,0.20609354972839355,0.8573681190831676
709,False,5,5298,0.19018125534057617,0.792446880956136
710,False,5,5299,0.198211669921875,0.7625155998837381
711,True,5,5300,0.2145857810974121,0.7549495443568698
712,False,5,5301,0.2082674503326416,0.8140829467392039
713,False,5,5302,0.1907484531402588,0.8089470459880042
714,False,5,5303,0.18800616264343262,0.7796690657934441
715,False,5,5304,0.18694543838500977,0.8037912329392775
716,False,5,5305,0.1891310214996338,0.8369916296076204
717,False,5,5306,0.20372962951660156,0.8037397932106007
718,False,5,5307,0.19792604446411133,0.889609021090326
719,False,5,5308,0.20256352424621582,0.8216208631084081
720,False,5,5309,0.22151446342468262,0.8440743100252889
721,False,5,5310,0.1953747272491455,0.7622828468059503
722,False,5,5311,0.19178080558776855,0.9226920799840064
723,False,5,5312,0.20285964012145996,0.7757456932283406
724,False,5,5313,0.19129133224487305,0.8492064034743678
725,False,5,5314,0.19063735008239746,0.8311753141959862
726,False,5,5315,0.20089173316955566,0.8814074154721486
727,False,5,5316,0.18859529495239258,0.8059074231201694
728,False,5,5317,0.2033405303955078,0.8798374120656046
729,False,5,5318,0.19274210929870605,0.83378702660446
730,False,5,5319,0.20468401908874512,0.7795031924643333
731,False,5,5320,0.20494437217712402,0.8325252543380929
732,False,5,5321,0.18821406364440918,0.8444467812909608
733,False,5,5322,0.18779873847961426,0.8170436137976747
734,False,5,5323,0.18906307220458984,0.8850118283160208
735,False,5,5324,0.20942306518554688,0.8136257799564018
736,False,5,5325,0.1964094638824463,0.8401248759501393
737,False,5,5326,0.18889927864074707,0.7643167894843611
738,False,5,5327,0.20052266120910645,0.7679399561270007
739,False,5,5328,0.1948089599609375,0.7801073319278659
740,False,5,5329,0.18883037567138672,0.8623142281236748
741,False,5,5330,0.20973873138427734,0.7757810241143616
742,False,5,5331,0.2090597152709961,0.8052605048176786
743,False,5,5332,0.19165301322937012,0.776966328267008
744,False,5,5333,0.1870582103729248,0.779799242315459
745,False,5,5334,0.18307709693908691,0.8941274816613823
746,False,5,5335,0.18851065635681152,0.874925640988208
747,False,5,5336,0.2039928436279297,0.7983277334299473
748,False,5,5337,0.1940290927886963,0.7574578042674277
749,False,5,5338,0.18819689750671387,0.8234370617151616
750,False,5,5339,0.2092280387878418,0.8012132465484596
751,False,5,5340,0.1914827823638916,0.830356131329955
752,False,5,5341,0.2090013027191162,0.810324056306854
753,False,5,5342,0.19099879264831543,0.8138691899810165
754,False,5,5343,0.1882948875427246,0.7859783530168767
755,False,5,5344,0.18729591369628906,0.8882867648887137
756,False,5,5345,0.1870591640472412,0.7897501458591295
757,False,5,5346,0.15717482566833496,0.8116292090909112
758,False,5,5347,0.15567541122436523,0.8116969054210045
759,False,5,5348,0.1503593921661377,0.8186064235688675
760,False,5,5349,0.1534423828125,0.7765066365467475
761,False,5,5350,0.15873098373413086,0.8004353335570724
762,False,5,5351,0.16195201873779297,0.8365792590415194
763,False,5,5352,0.154632568359375,0.8311455159536785
764,False,5,5353,0.15702390670776367,0.8665269355821825
765,False,5,5354,0.1504974365234375,0.8493465551707361
766,False,5,5355,0.14943790435791016,0.8003110578061923
767,False,5,5356,0.16220927238464355,0.7698892590456775
768,False,5,5357,0.1528182029724121,0.7900806792257797
769,False,5,5358,0.15661978721618652,0.8144255563550229
770,False,5,5359,0.16015005111694336,0.814785619443726
771,False,5,5360,0.14630913734436035,0.8230172629645537
772,False,5,5361,0.15545868873596191,0.8096175498683894
773,False,5,5362,0.14680814743041992,0.7629603461938955
774,False,5,5363,0.15985345840454102,0.8155153503730184
775,False,5,5364,0.15184617042541504,0.8394312675864924
776,False,5,5365,0.14206194877624512,0.8604891269157329
777,False,5,5366,0.15587329864501953,0.8194982480435147
778,False,5,5367,0.14912056922912598,0.8709967078951498
779,False,5,5368,0.15904784202575684,0.8001005846918336
780,False,5,5369,0.1555931568145752,0.8475498054065697
781,False,5,5370,0.1536703109741211,0.7695779950646241
782,False,5,5371,0.15352916717529297,0.774656952846618
783,False,5,5372,0.15714740753173828,0.7980641028511204
784,False,5,5373,0.15483832359313965,0.8011357575832381
785,False,5,5374,0.16305947303771973,0.8925052529999188
786,False,5,5375,0.15879464149475098,0.832682734444028
787,False,5,5376,0.14461112022399902,0.8117520092498688
788,False,5,5377,0.15552616119384766,0.7767221119166129
789,False,5,5378,0.1446545124053955,0.7980554565077737
790,False,5,5379,0.16285419464111328,0.7893918092761721
791,False,5,5380,0.15446162223815918,0.8911438729791414
792,False,5,5381,0.14402198791503906,0.8672468479545342
793,False,5,5382,0.16432952880859375,0.8974589182152636
794,False,5,5383,0.15500378608703613,0.8114369475016636
795,False,5,5384,0.16033625602722168,0.7811556708821583
796,False,5,5385,0.1522376537322998,0.7879456518040527
797,False,5,5386,0.1494905948638916,0.8152369633095251
798,False,5,5387,0.16583490371704102,0.808826629161125
799,False,5,5388,0.14814090728759766,0.7572767480853058
800,False,5,5389,0.15439867973327637,0.8048383573047995
801,False,5,5390,0.154646635055542,0.7894129473494276
802,False,5,5391,0.15457677841186523,0.8339373481881227
803,False,5,5392,0.15633416175842285,0.7846801677452666
804,False,5,5393,0.14337682723999023,0.8089216835242474
805,False,5,5394,0.1476612091064453,0.7795184440910815
806,False,5,5395,0.16403555870056152,0.7724017149635724
807,False,5,5396,0.15427398681640625,0.8200464889274109
808,False,5,5397,0.15617108345031738,0.7439615238413569
809,False,5,5398,0.14458870887756348,0.8359598590925869
810,False,5,5399,0.15555238723754883,0.8065830352050918
811,True,5,5400,0.1796860694885254,0.7941757413957798
812,False,5,5401,0.14487552642822266,0.869921989029362
813,False,5,5402,0.1527564525604248,0.7819953088959056
814,False,5,5403,0.15629267692565918,0.8081013551203622
815,False,5,5404,0.15526270866394043,0.7986387614426868
816,False,5,5405,0.1670067310333252,0.8007937152093897
817,False,5,5406,0.14722704887390137,0.8374803378911955
818,False,5,5407,0.15528297424316406,0.7875751712625579
819,False,5,5408,0.1602647304534912,0.8117140615802435
820,False,5,5409,0.14617443084716797,0.8139947913587093
821,False,5,5410,0.15766191482543945,0.8637061360336487
822,False,5,5411,0.14897608757019043,0.7671981806800303
823,False,5,5412,0.15694165229797363,0.8160077579585567
824,False,5,5413,0.15439128875732422,0.831837604620627
825,False,5,5414,0.1465914249420166,0.8217451996391729
826,False,5,5415,0.15744757652282715,0.7536294404417276
827,False,5,5416,0.15674710273742676,0.8117016452542016
828,False,5,5417,0.14776945114135742,0.7785980791696127
829,False,5,5418,0.15276050567626953,0.8140525168051854
830,False,5,5419,0.1506819725036621,0.8613343461904498
831,False,5,5420,0.15569543838500977,0.8427990719764715
832,False,5,5421,0.14911174774169922,0.7921573337544465
833,False,5,5422,0.14694762229919434,0.8040735257922538
834,False,5,5423,0.15686798095703125,0.8428288806850711
835,False,5,5424,0.1431584358215332,0.7772639662670415
836,False,5,5425,0.15492796897888184,0.7952782042501938
837,False,5,5426,0.15964794158935547,0.8188492726712001
838,False,5,5427,0.14705586433410645,0.7844158086615304
839,False,5,5428,0.150285005569458,0.7761283009756534
840,False,5,5429,0.15976595878601074,0.8324720627362175
841,False,5,5430,0.14780449867248535,0.8091743942571892
842,False,5,5431,0.1587531566619873,0.7974563181134208
843,False,5,5432,0.15424561500549316,0.8336099757857266
844,False,5,5433,0.15070247650146484,0.8781771119794851
845,False,5,5434,0.1668384075164795,0.9525487048085778
846,False,5,5435,0.14481663703918457,0.7827119598874732
847,False,5,5436,0.15431880950927734,0.7810990092056317
848,False,5,5437,0.1546165943145752,0.9109048293681727
849,False,5,5438,0.14795160293579102,0.7483279761813937
850,False,5,5439,0.1532750129699707,0.8507975407299542
851,False,5,5440,0.14413166046142578,0.8181577620894782
852,False,5,5441,0.147080659866333,0.7896264922317295
853,False,5,5442,0.1507277488708496,0.8433941872346967
854,False,5,5443,0.1568763256072998,0.8786676224942007
855,False,5,5444,0.1548137664794922,0.8107986688347799
856,False,5,5445,0.14849495887756348,0.8398342420391384
857,False,5,5446,0.14543819427490234,0.7775995417808492
858,False,5,5447,0.1537625789642334,0.7797523818998818
859,False,5,5448,0.15556716918945312,0.8975691238329523
860,False,5,5449,0.15199017524719238,0.9032513285499242
861,False,5,5450,0.16246938705444336,0.805928289236146
862,False,5,5451,0.1489105224609375,0.8561225547676995
863,False,5,5452,0.15284228324890137,0.8847137889381321
864,False,5,5453,0.15886759757995605,0.8824336221885114
865,False,5,5454,0.14580154418945312,0.8181318012731417
866,False,5,5455,0.15494370460510254,0.8313120404879254
867,False,5,5456,0.154433012008667,0.8322264197326843
868,False,5,5457,0.14806365966796875,0.830998563784219
869,False,5,5458,0.14944791793823242,0.8812012820770698
870,False,5,5459,0.14712262153625488,0.8143880031115953
871,False,5,5460,0.14817452430725098,0.8192213097409835
872,False,5,5461,0.15306520462036133,0.8371975909741153
873,False,5,5462,0.15163254737854004,0.8436149010612142
874,False,5,5463,0.15343689918518066,0.7956879807281354
875,False,5,5464,0.14923667907714844,0.8035020193173773
876,False,5,5465,0.14394283294677734,0.8688688860053108
877,False,5,5466,0.14653611183166504,0.8334467208145985
878,False,5,5467,0.1450960636138916,0.8628033319532517
879,False,5,5468,0.15025687217712402,0.8146615535619537
880,False,5,5469,0.16050124168395996,0.7720766644037906
881,False,5,5470,0.1573801040649414,0.8175860449361304
882,False,5,5471,0.14751029014587402,0.7907969392836095
883,False,5,5472,0.1610398292541504,0.8479412125223981
884,False,5,5473,0.15281987190246582,0.871240415100363
885,False,5,5474,0.14181065559387207,0.8573700740512106
886,False,5,5475,0.15568089485168457,0.7967074284817847
887,False,5,5476,0.14631867408752441,0.8097973233975824
888,False,5,5477,0.1638956069946289,0.7787928111141635
889,False,5,5478,0.14661073684692383,0.7782302003553402
890,False,5,5479,0.15424370765686035,0.7523981363823015
891,False,5,5480,0.15596318244934082,0.7905940051589694
892,False,5,5481,0.15821099281311035,0.7916044147263859
893,False,5,5482,0.14687585830688477,0.7993722408566445
894,False,5,5483,0.1539924144744873,0.8262128711655914
895,False,5,5484,0.1500105857849121,0.8201952246017756
896,False,5,5485,0.1634972095489502,0.8237861971193482
897,False,5,5486,0.14582014083862305,0.8232392716842393
898,False,5,5487,0.15328598022460938,0.8363859894729794
899,False,5,5488,0.16186881065368652,0.7970451977591781
900,False,5,5489,0.1475965976715088,0.8004189628021169
901,False,5,5490,0.15711402893066406,0.7874351205703402
902,False,5,5491,0.15767621994018555,0.7741044379127698
903,False,5,5492,0.1468808650970459,0.8181311374840636
904,False,5,5493,0.1634829044342041,0.8152131769540053
905,False,5,5494,0.15528059005737305,0.8350653460448874
906,False,5,5495,0.14775705337524414,0.8214150134119249
907,False,5,5496,0.1639690399169922,0.8111650588523063
908,False,5,5497,0.15648698806762695,0.8319993959628932
909,False,5,5498,0.14685773849487305,0.835593467533943
910,False,5,5499,0.15801191329956055,0.7277643525352081
911,True,5,5500,0.17636537551879883,0.801780648740186
912,False,5,5501,0.15881824493408203,0.7770242393016815
913,False,5,5502,0.1446542739868164,0.8362285331601189
914,False,5,5503,0.15280485153198242,0.8394418304032158
915,False,5,5504,0.155195951461792,0.8427030723098486
916,False,5,5505,0.15241575241088867,0.8610019290908462
917,False,5,5506,0.15030646324157715,0.8346158220720965
918,False,5,5507,0.1497800350189209,0.7759107456852993
919,False,5,5508,0.14442157745361328,0.7875080274506693
920,False,5,5509,0.16039681434631348,0.8302595977272306
921,False,5,5510,0.1544666290283203,0.8441913902670856
922,False,5,5511,0.1472482681274414,0.8472365810580197
923,False,5,5512,0.16582512855529785,0.7460179952461096
924,False,5,5513,0.14556407928466797,0.82558513523656
925,False,5,5514,0.14951419830322266,0.7723759532506977
926,False,5,5515,0.15015625953674316,0.797005288724211
927,False,5,5516,0.1547560691833496,0.7870191868084172
928,False,5,5517,0.1543135643005371,0.8357274816149756
929,False,5,5518,0.15718889236450195,0.7974800045624199
930,False,5,5519,0.1545882225036621,0.7983433037353237
931,False,5,5520,0.15488767623901367,0.8078318155991534
932,False,5,5521,0.14542508125305176,0.7926993648344207
933,False,5,5522,0.1584324836730957,0.7815707533708998
934,False,5,5523,0.1555478572845459,0.8529052159615927
935,False,5,5524,0.14974761009216309,0.8333761982087577
936,False,5,5525,0.16552186012268066,0.8000474218722611
937,False,5,5526,0.14712190628051758,0.838747734802642
938,False,5,5527,0.14890360832214355,0.813953609438613
939,False,5,5528,0.15461945533752441,0.763834401765572
940,False,5,5529,0.15828633308410645,0.8341675662834727
941,False,5,5530,0.1526482105255127,0.879472751702581
942,False,5,5531,0.14356064796447754,0.8002444598712916
943,False,5,5532,0.15232563018798828,0.8420229068114643
944,False,5,5533,0.16148638725280762,0.7935639747994998
945,False,5,5534,0.14443135261535645,0.8134014187935033
946,False,5,5535,0.1452343463897705,0.7785120350641331
947,False,5,5536,0.16209030151367188,0.8678156919555651
948,False,5,5537,0.15659785270690918,0.8680074451313843
949,False,5,5538,0.15554070472717285,0.853346350957595
950,False,5,5539,0.14347600936889648,0.7920973023976245
951,False,5,5540,0.1888294219970703,0.8728047892495635
952,False,5,5541,0.1539614200592041,0.8481659087729417
953,False,5,5542,0.15617012977600098,0.8362493116763374
954,False,5,5543,0.15527987480163574,0.7666850505130632
955,False,5,5544,0.15595221519470215,0.8577700871530746
956,False,5,5545,0.1527249813079834,0.7764714654934194
957,False,5,5546,0.15311646461486816,0.8002237593976869
958,False,5,5547,0.14583373069763184,0.7756140536429095
959,False,5,5548,0.15290498733520508,0.8174996535692896
960,False,5,5549,0.16231226921081543,0.8181484078079286
961,False,5,5550,0.14426255226135254,0.8627707340776745
962,False,5,5551,0.15651369094848633,0.7659200385567689
963,False,5,5552,0.15584921836853027,0.8311932936111198
964,False,5,5553,0.1549367904663086,0.8501231680025481
965,False,5,5554,0.15016460418701172,0.8235481595177025
966,False,5,5555,0.15044021606445312,0.8224111029079982
967,False,5,5556,0.14483141899108887,0.8114677943244932
968,False,5,5557,0.1625361442565918,0.8125012340689344
969,False,5,5558,0.15683794021606445,0.8049439759481521
970,False,5,5559,0.14479851722717285,0.798982412199534
971,False,5,5560,0.1578357219696045,0.8096966587361834
972,False,5,5561,0.15463662147521973,0.8241856892238415
973,False,5,5562,0.14655518531799316,0.8603481349668334
974,False,5,5563,0.15849518775939941,0.8488012250579363
975,False,5,5564,0.1434495449066162,0.7364192794831025
976,False,5,5565,0.1517798900604248,0.8424712997816858
977,False,5,5566,0.15122103691101074,0.8262021126602554
978,False,5,5567,0.15610599517822266,0.8068348804732696
979,False,5,5568,0.15054559707641602,0.8056214488044913
980,False,5,5569,0.14357590675354004,0.774891362481174
981,False,5,5570,0.15253043174743652,0.8447041822530863
982,False,5,5571,0.15493988990783691,0.8195448204364983
983,False,5,5572,0.15642666816711426,0.8375258455052973
984,False,5,5573,0.15187430381774902,0.7781824156464566
985,False,5,5574,0.14666199684143066,0.8440911209521196
986,False,5,5575,0.14445734024047852,0.7524848478580161
987,False,5,5576,0.1629636287689209,0.842653665492045
988,False,5,5577,0.1539468765258789,0.7829963689936058
989,False,5,5578,0.14428949356079102,0.7993246881468666
990,False,5,5579,0.16008901596069336,0.8259147269252156
991,False,5,5580,0.15406441688537598,0.7552926079148337
992,False,5,5581,0.14184951782226562,0.8551539648767738
993,False,5,5582,0.15671443939208984,0.8246417861609231
994,False,5,5583,0.14278078079223633,0.8659735449722835
995,False,5,5584,0.16254949569702148,0.852034820820249
996,False,5,5585,0.15642237663269043,0.763541645059983
997,False,5,5586,0.15493416786193848,0.781630162105319
998,False,5,5587,0.1613025665283203,0.846636610493685
999,False,5,5588,0.143280029296875,0.8408290942288227
1000,False,5,5589,0.15322303771972656,0.8039026577912625
1001,False,5,5590,0.15520453453063965,0.8685765995289243
1002,False,5,5591,0.15209698677062988,0.8019497307860071
1003,False,5,5592,0.1533365249633789,0.793116453990695
1004,False,5,5593,0.16701960563659668,0.8495471280489472
1005,False,5,5594,0.14435839653015137,0.7870743943910513
1006,False,5,5595,0.16306686401367188,0.8038180339416223
1007,False,5,5596,0.15196895599365234,0.7985183234725681
1008,False,5,5597,0.14722919464111328,0.7853276950883723
1009,False,5,5598,0.15136051177978516,0.7823265830853156
1010,False,5,5599,0.147568941116333,0.830612148269124
1011,True,5,5600,0.18595552444458008,0.8298039084876931
1012,False,5,5601,0.15604043006896973,0.8245766738518362
1013,False,5,5602,0.15602731704711914,0.8321451971839581
1014,False,5,5603,0.1505742073059082,0.8190188846284788
1015,False,5,5604,0.14551043510437012,0.8304363148553031
1016,False,5,5605,0.15385818481445312,0.7881190748885274
1017,False,5,5606,0.1434168815612793,0.747099784280484
1018,False,5,5607,0.15089845657348633,0.8801990460072248
1019,False,5,5608,0.16219711303710938,0.823031840047666
1020,False,5,5609,0.14512968063354492,0.829735954691257
1021,False,5,5610,0.15633368492126465,0.8278358595977936
1022,False,5,5611,0.16256284713745117,0.8032273834438195
1023,False,5,5612,0.1461963653564453,0.8506364243969853
1024,False,5,5613,0.15247464179992676,0.796265970405546
1025,False,5,5614,0.14236855506896973,0.8281169347908525
1026,False,5,5615,0.15599679946899414,0.7829327219099339
1027,False,5,5616,0.16008210182189941,0.8010735501579584
1028,False,5,5617,0.15367364883422852,0.8459342682645433
1029,False,5,5618,0.15654659271240234,0.8225641729354501
1030,False,5,5619,0.14810538291931152,0.8699600211167265
1031,False,5,5620,0.15198659896850586,0.7443261015273278
1032,False,5,5621,0.15851330757141113,0.7708125802732652
1033,False,5,5622,0.15213298797607422,0.7768978486281066
1034,False,5,5623,0.1538536548614502,0.7846755252574527
1035,False,5,5624,0.16554951667785645,0.8665467793831512
1036,False,5,5625,0.15718412399291992,0.7610416758605945
1037,False,5,5626,0.14884591102600098,0.8104427352858087
1038,False,5,5627,0.1549696922302246,0.7748897951318042
1039,False,5,5628,0.15488576889038086,0.8204010503056148
1040,False,5,5629,0.15427541732788086,0.789571584767795
1041,False,5,5630,0.1489560604095459,0.7661379968437055
1042,False,5,5631,0.15678620338439941,0.7980144250849706
1043,False,5,5632,0.15962719917297363,0.8524466484918127
1044,False,5,5633,0.1549844741821289,0.8375976710092453
1045,False,5,5634,0.15183448791503906,0.8226676899052803
1046,False,5,5635,0.15561628341674805,0.7945728781633078
1047,False,5,5636,0.1456925868988037,0.7999301655772364
1048,False,5,5637,0.1521608829498291,0.8949497869193908
1049,False,5,5638,0.1495037078857422,0.8066307484349678
1050,False,5,5639,0.15764641761779785,0.7759284348936663
1051,False,5,5640,0.15327882766723633,0.7910014299587125
1052,False,5,5641,0.14554214477539062,0.8001444775699859
1053,False,5,5642,0.15510916709899902,0.8172210428553321
1054,False,5,5643,0.15340113639831543,0.8007782921305903
1055,False,5,5644,0.15171051025390625,0.7943905910831832
1056,False,5,5645,0.14748620986938477,0.8012192561512902
1057,False,5,5646,0.147904634475708,0.7925466203042084
1058,False,5,5647,0.15670013427734375,0.845490196165407
1059,False,5,5648,0.15421104431152344,0.7433115000880899
1060,False,5,5649,0.15826678276062012,0.7826166682810124
1061,False,5,5650,0.1540217399597168,0.8512295622910773
1062,False,5,5651,0.15731334686279297,0.8208794976096777
1063,False,5,5652,0.1458120346069336,0.8091585720955796
1064,False,5,5653,0.16208624839782715,0.8113296368780234
1065,False,5,5654,0.15411043167114258,0.7893977510476751
1066,False,5,5655,0.148223876953125,0.7953440681144243
1067,False,5,5656,0.16698360443115234,0.8068623885157563
1068,False,5,5657,0.1487433910369873,0.7647488255142457
1069,False,5,5658,0.1521151065826416,0.7742958473972977
1070,False,5,5659,0.1564931869506836,0.8019285893865994
1071,False,5,5660,0.15330815315246582,0.7911221834919637
1072,False,5,5661,0.15085196495056152,0.8670640068372621
1073,False,5,5662,0.14292621612548828,0.775342146178619
1074,False,5,5663,0.15380859375,0.8129765617306388
1075,False,5,5664,0.15706610679626465,0.788335023758312
1076,False,5,5665,0.14312267303466797,0.7987693348855136
1077,False,5,5666,0.1457822322845459,0.7911957752491747
1078,False,5,5667,0.15282821655273438,0.8230997124420746
1079,False,5,5668,0.15906095504760742,0.8690759433167322
1080,False,5,5669,0.14918136596679688,0.788801344311131
1081,False,5,5670,0.15258145332336426,0.8046167024544307
1082,False,5,5671,0.1433274745941162,0.84084854832673
1083,False,5,5672,0.1627519130706787,0.8321164612259184
1084,False,5,5673,0.15389370918273926,0.8426105831527992
1085,False,5,5674,0.14980387687683105,0.7990223832339757
1086,False,5,5675,0.16624760627746582,0.8743092107276121
1087,False,5,5676,0.14798927307128906,0.8291325334991729
1088,False,5,5677,0.1556534767150879,0.8415554251211385
1089,False,5,5678,0.1552884578704834,0.8574502411342803
1090,False,5,5679,0.15252947807312012,0.8085702822676728
1091,False,5,5680,0.15671658515930176,0.7993484213061276
1092,False,5,5681,0.1513674259185791,0.7810824664442667
1093,False,5,5682,0.15195751190185547,0.8586126012018038
1094,False,5,5683,0.15558290481567383,0.814688835947198
1095,False,5,5684,0.13793349266052246,0.8557674626686744
1096,False,5,5685,0.15013790130615234,0.7974288334981317
1097,False,5,5686,0.1557750701904297,0.7646944306657781
1098,False,5,5687,0.15923500061035156,0.8680912376425804
1099,False,5,5688,0.14968609809875488,0.8265484416014736
1100,False,5,5689,0.1416323184967041,0.7717931832275575
1101,False,5,5690,0.14866876602172852,0.7897937141713641
1102,False,5,5691,0.16257953643798828,0.8061285669183625
1103,False,5,5692,0.14796137809753418,0.8255120384551231
1104,False,5,5693,0.14965415000915527,0.8355281319513561
1105,False,5,5694,0.1650073528289795,0.8022879150563053
1106,False,5,5695,0.14337468147277832,0.8016818029185137
1107,False,5,5696,0.14780879020690918,0.7903012106682928
1108,False,5,5697,0.1652202606201172,0.8779801803286232
1109,False,5,5698,0.14860320091247559,0.8179849466486347
1110,False,5,5699,0.14762592315673828,0.8449781770884459
1111,True,5,5700,0.16921377182006836,0.786706131206648
1112,False,5,5701,0.1576080322265625,0.7757779422792651
1113,False,5,5702,0.1522665023803711,0.8608633694904191
1114,False,5,5703,0.15145301818847656,0.8632056664320684
1115,False,5,5704,0.15350604057312012,0.7606681758937027
1116,False,5,5705,0.15113449096679688,0.7838845120831613
1117,False,5,5706,0.1548631191253662,0.79801654112747
1118,False,5,5707,0.15706205368041992,0.8879306866299539
1119,False,5,5708,0.15736103057861328,0.8029483062259498
1120,False,5,5709,0.14227676391601562,0.8423823164554224
1121,False,5,5710,0.1596822738647461,0.8255783496091939
1122,False,5,5711,0.15616226196289062,0.7615726767329588
1123,False,5,5712,0.14950156211853027,0.8365421020204112
1124,False,5,5713,0.16240715980529785,0.807920630311682
1125,False,5,5714,0.14783740043640137,0.826545958895059
1126,False,5,5715,0.15235376358032227,0.7845756613782473
1127,False,5,5716,0.16133761405944824,0.7427951828909243
1128,False,5,5717,0.1476137638092041,0.8369541736319663
1129,False,5,5718,0.1490645408630371,0.8114103771347021
1130,False,5,5719,0.15053725242614746,0.7742112770654438
1131,False,5,5720,0.146528959274292,0.8631878209610778
1132,False,5,5721,0.16270208358764648,0.7923185387182803
1133,False,5,5722,0.15084338188171387,0.7291592275058586
1134,False,5,5723,0.1467592716217041,0.8396924548738057
1135,False,5,5724,0.14972853660583496,0.812766653286027
1136,False,5,5725,0.15613102912902832,0.7787740702430407
1137,False,5,5726,0.15452909469604492,0.8065274424873115
1138,False,5,5727,0.1581106185913086,0.8217192698669222
1139,False,5,5728,0.14489364624023438,0.8433650053283644
1140,False,5,5729,0.1612260341644287,0.8242672564395305
1141,False,5,5730,0.15651273727416992,0.7604171345675632
1142,False,5,5731,0.1494143009185791,0.8663008511509925
1143,False,5,5732,0.1639540195465088,0.8043601555483681
1144,False,5,5733,0.148040771484375,0.7993108422184985
1145,False,5,5734,0.15517854690551758,0.7872736394804503
1146,False,5,5735,0.13004374504089355,0.7561484949352841
0,False,6,5736,0.15424895286560059,0.7669611510465898
1,False,6,5737,0.15712809562683105,0.8106989329459057
2,False,6,5738,0.1518251895904541,0.8887828787167867
3,False,6,5739,0.14519476890563965,0.8182481347938023
4,False,6,5740,0.16418719291687012,0.8350816299872738
5,False,6,5741,0.15099430084228516,0.7400628444849556
6,False,6,5742,0.14556550979614258,0.8734094560412425
7,False,6,5743,0.14750957489013672,0.8250941241248732
8,False,6,5744,0.1426868438720703,0.796147361442092
9,False,6,5745,0.1470625400543213,0.8287174920994966
10,False,6,5746,0.15696001052856445,0.7537565976381303
11,False,6,5747,0.14598345756530762,0.8121074151824275
12,False,6,5748,0.16092443466186523,0.8489564672622475
13,False,6,5749,0.15392041206359863,0.8178860212321436
14,False,6,5750,0.14950275421142578,0.8183143098971674
15,False,6,5751,0.14957070350646973,0.828207194672099
16,False,6,5752,0.16048479080200195,0.8554374233132139
17,False,6,5753,0.14724135398864746,0.8032981164842136
18,False,6,5754,0.1584336757659912,0.8432285766605111
19,False,6,5755,0.14649224281311035,0.8041207641363144
20,False,6,5756,0.16116023063659668,0.878583865683703
21,False,6,5757,0.15574431419372559,0.758358013128773
22,False,6,5758,0.14530158042907715,0.835382730478332
23,False,6,5759,0.15517377853393555,0.7859386140813251
24,False,6,5760,0.14512419700622559,0.7511095715952772
25,False,6,5761,0.1603865623474121,0.8094585126798067
26,False,6,5762,0.15305614471435547,0.8524009855242358
27,False,6,5763,0.14459705352783203,0.8400251035622897
28,False,6,5764,0.15289545059204102,0.8566854745149611
29,False,6,5765,0.1545579433441162,0.8089485629239964
30,False,6,5766,0.15702342987060547,0.8279884718358516
31,False,6,5767,0.1538090705871582,0.8483186876623048
32,False,6,5768,0.15034961700439453,0.7784928379003847
33,False,6,5769,0.16517305374145508,0.8614902721740129
34,False,6,5770,0.14440369606018066,0.765247801850949
35,False,6,5771,0.154510498046875,0.7966084149444387
36,False,6,5772,0.1631155014038086,0.8307660020488715
37,False,6,5773,0.14621281623840332,0.8280212833058267
38,False,6,5774,0.16035890579223633,0.9153735256487769
39,False,6,5775,0.15629291534423828,0.7823042837415067
40,False,6,5776,0.14896392822265625,0.8191572769899808
41,False,6,5777,0.15257740020751953,0.841290037546839
42,False,6,5778,0.1565871238708496,0.8578489079095778
43,False,6,5779,0.1499929428100586,0.7861728460771874
44,False,6,5780,0.15724968910217285,0.7908922170200164
45,False,6,5781,0.15051770210266113,0.8255644680577373
46,False,6,5782,0.16463875770568848,0.8234482791962192
47,False,6,5783,0.1493358612060547,0.8220062478157204
48,False,6,5784,0.15441298484802246,0.782238575696413
49,False,6,5785,0.15687823295593262,0.7577835827666732
50,False,6,5786,0.15169072151184082,0.7869359769171015
51,False,6,5787,0.14934778213500977,0.8661783997501648
52,False,6,5788,0.1495494842529297,0.8210706831111262
53,False,6,5789,0.14826512336730957,0.8360982180706094
54,False,6,5790,0.16670656204223633,0.7723480694528138
55,False,6,5791,0.14571833610534668,0.8280553822627379
56,False,6,5792,0.1486361026763916,0.8006202165769148
57,False,6,5793,0.15123558044433594,0.7515025707959594
58,False,6,5794,0.15442681312561035,0.8119115612048301
59,False,6,5795,0.15863394737243652,0.8859444426683089
60,False,6,5796,0.15044260025024414,0.8757441210604848
61,False,6,5797,0.14290976524353027,0.8580448875824608
62,False,6,5798,0.16069793701171875,0.8170189363660203
63,False,6,5799,0.15566754341125488,0.8216203272985738
64,True,6,5800,0.1757664680480957,0.8247588982672566
65,False,6,5801,0.15555167198181152,0.7669283740133758
66,False,6,5802,0.1476905345916748,0.7655349813202129
67,False,6,5803,0.16286349296569824,0.7655395319064457
68,False,6,5804,0.16467738151550293,0.8268275230546439
69,False,6,5805,0.16635370254516602,0.8060736155935696
70,False,6,5806,0.150068998336792,0.8395859177135642
71,False,6,5807,0.15113306045532227,0.8155760092084251
72,False,6,5808,0.1569068431854248,0.7824527052829838
73,False,6,5809,0.15536212921142578,0.7969581484572873
74,False,6,5810,0.16263270378112793,0.7808921523503072
75,False,6,5811,0.15203332901000977,0.8141043025534599
76,False,6,5812,0.1489543914794922,0.9444103711062954
77,False,6,5813,0.16088342666625977,0.8289360645271484
78,False,6,5814,0.15356731414794922,0.8388273907670128
79,False,6,5815,0.15275907516479492,0.9023982745351358
80,False,6,5816,0.14170002937316895,0.8002596155163788
81,False,6,5817,0.15240979194641113,0.8336560029115173
82,False,6,5818,0.16098308563232422,0.8198527496840273
83,False,6,5819,0.1684427261352539,0.8085470974578388
84,False,6,5820,0.15747904777526855,0.8163949183764911
85,False,6,5821,0.15739893913269043,0.7917712989174538
86,False,6,5822,0.14940094947814941,0.8243281737169517
87,False,6,5823,0.15005898475646973,0.7782489885021712
88,False,6,5824,0.15777277946472168,0.8046471299381839
89,False,6,5825,0.15265965461730957,0.8197969890953528
90,False,6,5826,0.15931391716003418,0.824146999400996
91,False,6,5827,0.14779949188232422,0.8139680201808612
92,False,6,5828,0.1605851650238037,0.7832879196142868
93,False,6,5829,0.1506211757659912,0.8470889793021514
94,False,6,5830,0.15233325958251953,0.8081373977696611
95,False,6,5831,0.15935182571411133,0.8012487115338446
96,False,6,5832,0.15645551681518555,0.7809299267606722
97,False,6,5833,0.14644789695739746,0.8532080471160868
98,False,6,5834,0.15591835975646973,0.7836043751310737
99,False,6,5835,0.1439065933227539,0.811027665400789
100,False,6,5836,0.16315793991088867,0.8251677487666408
101,False,6,5837,0.15279459953308105,0.8156025055906778
102,False,6,5838,0.15813994407653809,0.7838727831397028
103,False,6,5839,0.15804696083068848,0.7935268056268494
104,False,6,5840,0.14561796188354492,0.8709153005010669
105,False,6,5841,0.1652848720550537,0.8447850775860604
106,False,6,5842,0.1556699275970459,0.8289767247735564
107,False,6,5843,0.1583411693572998,0.8659196227700229
108,False,6,5844,0.1579880714416504,0.8123527103037174
109,False,6,5845,0.1494886875152588,0.8711159016404831
110,False,6,5846,0.1628875732421875,0.7726460936967107
111,False,6,5847,0.15968632698059082,0.8362439391646711
112,False,6,5848,0.14869332313537598,0.8218128034357158
113,False,6,5849,0.14931416511535645,0.8393964342817312
114,False,6,5850,0.14678668975830078,0.8425803773903419
115,False,6,5851,0.16598820686340332,0.8729190278044414
116,False,6,5852,0.1542980670928955,0.7841940243240623
117,False,6,5853,0.14766740798950195,0.8585480537731204
118,False,6,5854,0.16351938247680664,0.8004538082473335
119,False,6,5855,0.14723563194274902,0.8472592664350355
120,False,6,5856,0.14097833633422852,0.8164999179896857
121,False,6,5857,0.15353178977966309,0.8481440802016074
122,False,6,5858,0.14914965629577637,0.8300260298641489
123,False,6,5859,0.16428637504577637,0.8785347735642324
124,False,6,5860,0.14856839179992676,0.8037330641278196
125,False,6,5861,0.15188288688659668,0.7996400937970195
126,False,6,5862,0.1633608341217041,0.804594628490685
127,False,6,5863,0.1450185775756836,0.8405108793660822
128,False,6,5864,0.15317511558532715,0.8264930852289711
129,False,6,5865,0.1532893180847168,0.7597019197308416
130,False,6,5866,0.1562056541442871,0.8028191754572273
131,False,6,5867,0.1663522720336914,0.8208829642583927
132,False,6,5868,0.15296244621276855,0.7742167565794218
133,False,6,5869,0.15416336059570312,0.8459303285704836
134,False,6,5870,0.16296982765197754,0.8127115590586549
135,False,6,5871,0.146026611328125,0.8160354339495479
136,False,6,5872,0.14499497413635254,0.8561840626477664
137,False,6,5873,0.145615816116333,0.8494769972083824
138,False,6,5874,0.15118646621704102,0.8195291221851395
139,False,6,5875,0.1653766632080078,0.7925550649275204
140,False,6,5876,0.14883852005004883,0.8442492394575049
141,False,6,5877,0.1570885181427002,0.7914915991326174
142,False,6,5878,0.16132879257202148,0.7525038328686996
143,False,6,5879,0.14588046073913574,0.7660460820687668
144,False,6,5880,0.1542198657989502,0.8255418846161945
145,False,6,5881,0.14896726608276367,0.84876800034683
146,False,6,5882,0.15572118759155273,0.8433348545472005
147,False,6,5883,0.16486620903015137,0.8112143402076549
148,False,6,5884,0.15750455856323242,0.7592941370260504
149,False,6,5885,0.15044164657592773,0.8594081784775927
150,False,6,5886,0.15051889419555664,0.7773441306226665
151,False,6,5887,0.1458148956298828,0.8212310834566041
152,False,6,5888,0.16382622718811035,0.8334846260092621
153,False,6,5889,0.14970993995666504,0.784339105311249
154,False,6,5890,0.15671920776367188,0.7794297322896975
155,False,6,5891,0.15968799591064453,0.8364246349027823
156,False,6,5892,0.1456742286682129,0.7825466074670354
157,False,6,5893,0.14287853240966797,0.7849630330733599
158,False,6,5894,0.15624547004699707,0.7244529819914273
159,False,6,5895,0.14590692520141602,0.7513248868663573
160,False,6,5896,0.16339731216430664,0.8001936014209475
161,False,6,5897,0.15644383430480957,0.7998735471628606
162,False,6,5898,0.1449720859527588,0.8222070380690553
163,False,6,5899,0.14870834350585938,0.7987922913439218
164,True,6,5900,0.17554950714111328,0.8598639626233349
165,False,6,5901,0.15398955345153809,0.7878708929887839
166,False,6,5902,0.14724063873291016,0.770447638595388
167,False,6,5903,0.15644168853759766,0.8240720854983443
168,False,6,5904,0.152817964553833,0.8846979544808465
169,False,6,5905,0.14923524856567383,0.8357642358723317
170,False,6,5906,0.1586136817932129,0.8147608366395747
171,False,6,5907,0.15601491928100586,0.8974555773172705
172,False,6,5908,0.14910531044006348,0.7886589259973595
173,False,6,5909,0.16173362731933594,0.8369169696899398
174,False,6,5910,0.15731525421142578,0.7900265398701385
175,False,6,5911,0.1462244987487793,0.8185201060204279
176,False,6,5912,0.1508340835571289,0.8861811063585003
177,False,6,5913,0.15270304679870605,0.857324870613714
178,False,6,5914,0.1569826602935791,0.8502303463007723
179,False,6,5915,0.15100646018981934,0.7771029705070847
180,False,6,5916,0.15875577926635742,0.8102458836843395
181,False,6,5917,0.15230679512023926,0.7670472349661093
182,False,6,5918,0.15409493446350098,0.8122117617278406
183,False,6,5919,0.15464210510253906,0.8121854591937292
184,False,6,5920,0.15383267402648926,0.9198924367803901
185,False,6,5921,0.1454310417175293,0.8010388941260144
186,False,6,5922,0.16434288024902344,0.8105895790670598
187,False,6,5923,0.1432192325592041,0.8065735861836444
188,False,6,5924,0.15205836296081543,0.808049728960863
189,False,6,5925,0.15968012809753418,0.7875516502452747
190,False,6,5926,0.15208196640014648,0.8786628874284883
191,False,6,5927,0.1474921703338623,0.8568237978698952
192,False,6,5928,0.14716434478759766,0.7780283901042173
193,False,6,5929,0.15107154846191406,0.7843374629349759
194,False,6,5930,0.16261768341064453,0.7916625618845935
195,False,6,5931,0.14105224609375,0.8320095689878578
196,False,6,5932,0.14530229568481445,0.8045060043888435
197,False,6,5933,0.14931011199951172,0.8497915464963406
198,False,6,5934,0.14520978927612305,0.8160778547504121
199,False,6,5935,0.15650486946105957,0.84468316382152
200,False,6,5936,0.15421223640441895,0.7970831702197236
201,False,6,5937,0.1554567813873291,0.9095116714237347
202,False,6,5938,0.1588270664215088,0.8640813314178515
203,False,6,5939,0.15720462799072266,0.8211198737401337
204,False,6,5940,0.15108895301818848,0.7543038117610629
205,False,6,5941,0.1556544303894043,0.8231878017651892
206,False,6,5942,0.14605975151062012,0.7594071894307577
207,False,6,5943,0.16559338569641113,0.8185060367520367
208,False,6,5944,0.1533491611480713,0.7931524694985931
209,False,6,5945,0.15007400512695312,0.7987842045369604
210,False,6,5946,0.1450037956237793,0.7896476798313891
211,False,6,5947,0.15706801414489746,0.8206371568985993
212,False,6,5948,0.1608126163482666,0.8118462459006833
213,False,6,5949,0.14313864707946777,0.9063369122644267
214,False,6,5950,0.13925600051879883,0.8196970115282707
215,False,6,5951,0.15068626403808594,0.7805998278781772
216,False,6,5952,0.15004992485046387,0.8501521493529989
217,False,6,5953,0.16467618942260742,0.8553999614502701
218,False,6,5954,0.14822864532470703,0.8151376358388611
219,False,6,5955,0.15164971351623535,0.8132501291554598
220,False,6,5956,0.16756987571716309,0.8492747769424958
221,False,6,5957,0.14570403099060059,0.8098526785726702
222,False,6,5958,0.1524946689605713,0.8459471603412005
223,False,6,5959,0.1548449993133545,0.8408791280484624
224,False,6,5960,0.15212106704711914,0.8715107746843606
225,False,6,5961,0.14860868453979492,0.8341602502346391
226,False,6,5962,0.1516284942626953,0.8044906082518756
227,False,6,5963,0.1584484577178955,0.7738011262069147
228,False,6,5964,0.15393710136413574,0.8631159526606401
229,False,6,5965,0.15683484077453613,0.8180090719833969
230,False,6,5966,0.15574264526367188,0.8840324310142371
231,False,6,5967,0.15154767036437988,0.7949248444333319
232,False,6,5968,0.14359450340270996,0.7776996805554345
233,False,6,5969,0.1484513282775879,0.8442483258300594
234,False,6,5970,0.15687203407287598,0.8189013130918502
235,False,6,5971,0.15470361709594727,0.8129498400681077
236,False,6,5972,0.15477395057678223,0.8271468812710651
237,False,6,5973,0.14297699928283691,0.8784224056594429
238,False,6,5974,0.15674042701721191,0.8185040564719764
239,False,6,5975,0.15552902221679688,0.8361984687812982
240,False,6,5976,0.14437317848205566,0.7889720263136994
241,False,6,5977,0.14740586280822754,0.8438468386552165
242,False,6,5978,0.144287109375,0.8092412151884111
243,False,6,5979,0.15790462493896484,0.7690671836580372
244,False,6,5980,0.15690374374389648,0.8283859518844454
245,False,6,5981,0.14803862571716309,0.7617148463170801
246,False,6,5982,0.1540510654449463,0.7765982187397422
247,False,6,5983,0.1519927978515625,0.8367160671124501
248,False,6,5984,0.1493842601776123,0.8785409426006178
249,False,6,5985,0.1500239372253418,0.8520132143139129
250,False,6,5986,0.14255905151367188,0.835655083968526
251,False,6,5987,0.15337538719177246,0.8008304377796043
252,False,6,5988,0.15407252311706543,0.7733173454956465
253,False,6,5989,0.15522289276123047,0.8175932418200231
254,False,6,5990,0.15134525299072266,0.8225628471090681
255,False,6,5991,0.15148210525512695,0.7822545559500301
256,False,6,5992,0.15354490280151367,0.7575778455828273
257,False,6,5993,0.15830349922180176,0.7888573562016797
258,False,6,5994,0.14553117752075195,0.8781603048222936
259,False,6,5995,0.162888765335083,0.8009275368503517
260,False,6,5996,0.15608882904052734,0.8029493946648603
261,False,6,5997,0.14827561378479004,0.782499012881003
262,False,6,5998,0.1491384506225586,0.8248891322208303
263,False,6,5999,0.15416407585144043,0.8369212516893944
264,True,6,6000,0.1841273307800293,0.8475250529258378
265,False,6,6001,0.150221586227417,0.8137863606791055
266,False,6,6002,0.15110301971435547,0.8537113730950902
267,False,6,6003,0.14632701873779297,0.8334568801579907
268,False,6,6004,0.15572094917297363,0.7949675038412569
269,False,6,6005,0.1602180004119873,0.7907908856868744
270,False,6,6006,0.1447441577911377,0.8093630595886635
271,False,6,6007,0.1541140079498291,0.7557087861932814
272,False,6,6008,0.154526948928833,0.8071120704213779
273,False,6,6009,0.16750836372375488,0.8364055738451759
274,False,6,6010,0.15376591682434082,0.8334140457612064
275,False,6,6011,0.14217829704284668,0.8433098610978396
276,False,6,6012,0.1528785228729248,0.7948459969567401
277,False,6,6013,0.1491234302520752,0.7979576646217277
278,False,6,6014,0.15473437309265137,0.7769533125683664
279,False,6,6015,0.1513669490814209,0.8779461380715171
280,False,6,6016,0.1535806655883789,0.7630498311038884
281,False,6,6017,0.15856432914733887,0.809795885812491
282,False,6,6018,0.15665173530578613,0.8202597418400857
283,False,6,6019,0.14910173416137695,0.7783609523349219
284,False,6,6020,0.15796184539794922,0.8270643634632939
285,False,6,6021,0.15524554252624512,0.7910686215563187
286,False,6,6022,0.14619803428649902,0.7570514996380855
287,False,6,6023,0.14826464653015137,0.8310572065058208
288,False,6,6024,0.15118122100830078,0.8218638855365237
289,False,6,6025,0.1598057746887207,0.809637220864672
290,False,6,6026,0.1544637680053711,0.7625500549495752
291,False,6,6027,0.15564584732055664,0.8338981957751371
292,False,6,6028,0.15654921531677246,0.8134135910797687
293,False,6,6029,0.15942645072937012,0.861383124831177
294,False,6,6030,0.14808416366577148,0.778837602385985
295,False,6,6031,0.15204262733459473,0.7679766257892229
296,False,6,6032,0.14590239524841309,0.7964522063377357
297,False,6,6033,0.1640329360961914,0.8202210552768693
298,False,6,6034,0.14856553077697754,0.7936233559933799
299,False,6,6035,0.14385175704956055,0.7754757396788114
300,False,6,6036,0.16138720512390137,0.803460258901829
301,False,6,6037,0.1453990936279297,0.8564170669941674
302,False,6,6038,0.14517617225646973,0.8216595242043869
303,False,6,6039,0.15770387649536133,0.8060048422997906
304,False,6,6040,0.12755966186523438,0.8935155751227978
305,False,6,6041,0.16507887840270996,0.8584807953309446
306,False,6,6042,0.14707231521606445,0.82217056937294
307,False,6,6043,0.15591764450073242,0.9030356674809896
308,False,6,6044,0.15596485137939453,0.772364694492093
309,False,6,6045,0.1457066535949707,0.8663951238351209
310,False,6,6046,0.15169095993041992,0.8839847231283784
311,False,6,6047,0.145094633102417,0.8448468515472042
312,False,6,6048,0.15689587593078613,0.8295375555864578
313,False,6,6049,0.16169524192810059,0.7951985282180388
314,False,6,6050,0.14621639251708984,0.8752240777636567
315,False,6,6051,0.16344380378723145,0.8397875748175596
316,False,6,6052,0.15615320205688477,0.849652366380074
317,False,6,6053,0.1459813117980957,0.7762542228170093
318,False,6,6054,0.15852904319763184,0.8354161479288624
319,False,6,6055,0.1573946475982666,0.8522817274289473
320,False,6,6056,0.15910005569458008,0.8319137487560512
321,False,6,6057,0.16008543968200684,0.8557497579493516
322,False,6,6058,0.1478290557861328,0.8848786095068567
323,False,6,6059,0.1516740322113037,0.8401882424507111
324,False,6,6060,0.15559983253479004,0.8260662830323867
325,False,6,6061,0.1591968536376953,0.8659086967374954
326,False,6,6062,0.15071320533752441,0.867758559883528
327,False,6,6063,0.15708136558532715,0.7521100368439442
328,False,6,6064,0.1653742790222168,0.8241794093378952
329,False,6,6065,0.1570894718170166,0.7796725056222863
330,False,6,6066,0.15243077278137207,0.8303093824180818
331,False,6,6067,0.15323662757873535,0.8338305016846529
332,False,6,6068,0.17501139640808105,0.8234952720148223
333,False,6,6069,0.16338753700256348,0.8115669650446978
334,False,6,6070,0.16558074951171875,0.8474682459519024
335,False,6,6071,0.15277600288391113,0.7952592167559833
336,False,6,6072,0.1589822769165039,0.7550073846997252
337,False,6,6073,0.15579819679260254,0.8189863386519609
338,False,6,6074,0.170457124710083,0.789048327931336
339,False,6,6075,0.1487746238708496,0.7939250207106983
340,False,6,6076,0.1567060947418213,0.8198870154696384
341,False,6,6077,0.1569674015045166,0.8713377919713302
342,False,6,6078,0.15227007865905762,0.8870763354713009
343,False,6,6079,0.15954852104187012,0.7637220224631683
344,False,6,6080,0.18646025657653809,0.8354744491876946
345,False,6,6081,0.14747190475463867,0.7748168672745425
346,False,6,6082,0.15427041053771973,0.7708069150380434
347,False,6,6083,0.1574399471282959,0.8031905988852184
348,False,6,6084,0.15396404266357422,0.854559276119939
349,False,6,6085,0.15549778938293457,0.8680935837993665
350,False,6,6086,0.161179780960083,0.8408890850841997
351,False,6,6087,0.16523408889770508,0.8342107556361171
352,False,6,6088,0.15761947631835938,0.8469138573855163
353,False,6,6089,0.16305804252624512,0.8727771483383895
354,False,6,6090,0.1585404872894287,0.7788644593674688
355,False,6,6091,0.1460251808166504,0.8283173909322138
356,False,6,6092,0.16607666015625,0.8187567121903635
357,False,6,6093,0.1475529670715332,0.7420570108862153
358,False,6,6094,0.15253925323486328,0.855154154478528
359,False,6,6095,0.1459331512451172,0.8560057799553588
360,False,6,6096,0.16202878952026367,0.7998400844101394
361,False,6,6097,0.1546313762664795,0.7832190177425563
362,False,6,6098,0.1469275951385498,0.7995709396366562
363,False,6,6099,0.14569091796875,0.790409373607309
364,True,6,6100,0.18297100067138672,0.7841006193110454
365,False,6,6101,0.15107226371765137,0.8492874133267572
366,False,6,6102,0.15502643585205078,0.8040866777079091
367,False,6,6103,0.15767145156860352,0.7949826729794346
368,False,6,6104,0.14459705352783203,0.7909029479404647
369,False,6,6105,0.16212940216064453,0.8229766505814734
370,False,6,6106,0.15667939186096191,0.7578550051520802
371,False,6,6107,0.14425039291381836,0.8172063184569459
372,False,6,6108,0.14920949935913086,0.8317856451585179
373,False,6,6109,0.1541905403137207,0.7996951637102201
374,False,6,6110,0.15670299530029297,0.8501533103352855
375,False,6,6111,0.15711402893066406,0.8356952443497164
376,False,6,6112,0.1502854824066162,0.7921714025460893
377,False,6,6113,0.16649842262268066,0.7950056737976238
378,False,6,6114,0.14914703369140625,0.7795742705375667
379,False,6,6115,0.15632081031799316,0.8975671012331512
380,False,6,6116,0.14897990226745605,0.7657662804593287
381,False,6,6117,0.15449786186218262,0.8022437874405158
382,False,6,6118,0.15939617156982422,0.8282932720723606
383,False,6,6119,0.1501469612121582,0.7610845891980544
384,False,6,6120,0.15949487686157227,0.7595723783375606
385,False,6,6121,0.1575016975402832,0.7438679618450503
386,False,6,6122,0.149430513381958,0.8214386543702511
387,False,6,6123,0.1632401943206787,0.7927560535303891
388,False,6,6124,0.15496182441711426,0.8125549381421437
389,False,6,6125,0.14822769165039062,0.9145742065849758
390,False,6,6126,0.15132617950439453,0.7728760106089925
391,False,6,6127,0.14733004570007324,0.8429006580706864
392,False,6,6128,0.16655921936035156,0.7667586686355728
393,False,6,6129,0.14733386039733887,0.8200271026719185
394,False,6,6130,0.1486515998840332,0.7951373278074677
395,False,6,6131,0.14909672737121582,0.8496192915564669
396,False,6,6132,0.14394164085388184,0.8259596222834217
397,False,6,6133,0.15295648574829102,0.9140475300096331
398,False,6,6134,0.1526353359222412,0.780710634620239
399,False,6,6135,0.1566329002380371,0.7609848796079557
400,False,6,6136,0.14931774139404297,0.8174659221743544
401,False,6,6137,0.15178632736206055,0.8607218435832433
402,False,6,6138,0.15853309631347656,0.8233082289585756
403,False,6,6139,0.1547389030456543,0.8354281506368092
404,False,6,6140,0.14570903778076172,0.7825251254363962
405,False,6,6141,0.15175390243530273,0.8543876071593592
406,False,6,6142,0.1535789966583252,0.766980273737794
407,False,6,6143,0.15132546424865723,0.7975798483849282
408,False,6,6144,0.1574993133544922,0.8131862690539231
409,False,6,6145,0.1465601921081543,0.7910547624231271
410,False,6,6146,0.15944457054138184,0.7280586242587085
411,False,6,6147,0.15594911575317383,0.7668069035945728
412,False,6,6148,0.14272046089172363,0.8447955021013814
413,False,6,6149,0.15607190132141113,0.7998809705355338
414,False,6,6150,0.14419341087341309,0.8418287694276799
415,False,6,6151,0.1585712432861328,0.8982610448840118
416,False,6,6152,0.1557605266571045,0.8742532578873491
417,False,6,6153,0.14825439453125,0.8092121943121867
418,False,6,6154,0.16064667701721191,0.8277381290459916
419,False,6,6155,0.15312814712524414,0.8447776970874874
420,False,6,6156,0.1457996368408203,0.7539060447320697
421,False,6,6157,0.15014314651489258,0.8084268939481783
422,False,6,6158,0.15691232681274414,0.7768029489864905
423,False,6,6159,0.155256986618042,0.7880534392205022
424,False,6,6160,0.15620899200439453,0.7907155516801314
425,False,6,6161,0.15226483345031738,0.8639663174038841
426,False,6,6162,0.1556382179260254,0.8981625639966554
427,False,6,6163,0.14597845077514648,0.7956988765592021
428,False,6,6164,0.16255879402160645,0.9733676825250898
429,False,6,6165,0.1551666259765625,0.7869115609320856
430,False,6,6166,0.14937734603881836,0.7999340160860722
431,False,6,6167,0.14529848098754883,0.8205516685487791
432,False,6,6168,0.14797520637512207,0.78716688892538
433,False,6,6169,0.15654349327087402,0.8015131850815602
434,False,6,6170,0.15190482139587402,0.8108961387936556
435,False,6,6171,0.15157508850097656,0.7852710594334418
436,False,6,6172,0.15346169471740723,0.841814911879954
437,False,6,6173,0.15282630920410156,0.803405770987627
438,False,6,6174,0.15302419662475586,0.8318278954497403
439,False,6,6175,0.15469837188720703,0.8894912311142046
440,False,6,6176,0.14381909370422363,0.872948154629696
441,False,6,6177,0.16401028633117676,0.8394954257334273
442,False,6,6178,0.14653849601745605,0.8011931996969951
443,False,6,6179,0.15824174880981445,0.8193777337825549
444,False,6,6180,0.16069722175598145,0.748990209329696
445,False,6,6181,0.1462538242340088,0.9180253470604797
446,False,6,6182,0.1602771282196045,0.8019766008392686
447,False,6,6183,0.15625405311584473,0.8076532593750884
448,False,6,6184,0.14263153076171875,0.7766748639267117
449,False,6,6185,0.1598505973815918,0.7407275377661876
450,False,6,6186,0.15713858604431152,0.8499229461664245
451,False,6,6187,0.15106606483459473,0.8216258082095357
452,False,6,6188,0.15300798416137695,0.7647239099744533
453,False,6,6189,0.14479660987854004,0.8123073978793054
454,False,6,6190,0.16033601760864258,0.865612971862512
455,False,6,6191,0.15535211563110352,0.7523030652664603
456,False,6,6192,0.14661669731140137,0.807523604970248
457,False,6,6193,0.15038728713989258,0.8138512345030904
458,False,6,6194,0.14634966850280762,0.7942805637250698
459,False,6,6195,0.16186928749084473,0.8006570410160792
460,False,6,6196,0.1543886661529541,0.7587595259371612
461,False,6,6197,0.14688515663146973,0.8461761836494717
462,False,6,6198,0.14832496643066406,0.8492646273558161
463,False,6,6199,0.1494283676147461,0.8316081483138813
464,True,6,6200,0.18288493156433105,0.8316496353862541
465,False,6,6201,0.14970850944519043,0.8020483800542673
466,False,6,6202,0.1453232765197754,0.8609125287316385
467,False,6,6203,0.1588456630706787,0.7983099647487204
468,False,6,6204,0.15470361709594727,0.8682777666974636
469,False,6,6205,0.14507627487182617,0.8382126701153105
470,False,6,6206,0.15698981285095215,0.8267145187904438
471,False,6,6207,0.14665889739990234,0.8398164767505867
472,False,6,6208,0.1646573543548584,0.8481405515645052
473,False,6,6209,0.15516304969787598,0.8397289055532642
474,False,6,6210,0.14283251762390137,0.8628181464570973
475,False,6,6211,0.14803194999694824,0.7980344361913878
476,False,6,6212,0.14946460723876953,0.7801810741601956
477,False,6,6213,0.16475915908813477,0.8045983990388258
478,False,6,6214,0.1537792682647705,0.786717803184209
479,False,6,6215,0.1589512825012207,0.8532410498176302
480,False,6,6216,0.15365958213806152,0.826631739391901
481,False,6,6217,0.14389276504516602,0.8051276051749785
482,False,6,6218,0.15348482131958008,0.7789021326184629
483,False,6,6219,0.15230751037597656,0.7994846457704192
484,False,6,6220,0.15935277938842773,0.897407714987085
485,False,6,6221,0.15041065216064453,0.7916369858818749
486,False,6,6222,0.15388107299804688,0.7744487337768076
487,False,6,6223,0.15494132041931152,0.8698698897801695
488,False,6,6224,0.15144896507263184,0.7771368309678065
489,False,6,6225,0.1579303741455078,0.8230664382378261
490,False,6,6226,0.15797638893127441,0.8571043292370935
491,False,6,6227,0.15791797637939453,0.8132622406064045
492,False,6,6228,0.15190696716308594,0.7602466236511689
493,False,6,6229,0.15423321723937988,0.843809809358347
494,False,6,6230,0.14564776420593262,0.8253078233628046
495,False,6,6231,0.16078448295593262,0.8606692509991781
496,False,6,6232,0.1537160873413086,0.8174314882184959
497,False,6,6233,0.1438431739807129,0.7948530491862801
498,False,6,6234,0.15656709671020508,0.7750321637528638
499,False,6,6235,0.14543819427490234,0.7773404584399292
500,False,6,6236,0.15187907218933105,0.7974436469930446
501,False,6,6237,0.15537261962890625,0.9164631476271012
502,False,6,6238,0.15511846542358398,0.7785645337065769
503,False,6,6239,0.15474414825439453,0.8160578280997773
504,False,6,6240,0.14615774154663086,0.822690957480864
505,False,6,6241,0.16033697128295898,0.7816881211031051
506,False,6,6242,0.15493297576904297,0.8216592880586784
507,False,6,6243,0.14444637298583984,0.788857147186285
508,False,6,6244,0.15361976623535156,0.8207886068239099
509,False,6,6245,0.145918607711792,0.804883708301488
510,False,6,6246,0.15701079368591309,0.8454313217884019
511,False,6,6247,0.1516120433807373,0.7846990747687718
512,False,6,6248,0.1556408405303955,0.8919923039751926
513,False,6,6249,0.15197253227233887,0.7954214054292866
514,False,6,6250,0.14991998672485352,0.8587263658021888
515,False,6,6251,0.15314793586730957,0.7591868986464329
516,False,6,6252,0.1562666893005371,0.7821595211779433
517,False,6,6253,0.15578842163085938,0.8873397720356783
518,False,6,6254,0.15232062339782715,0.7913484191300257
519,False,6,6255,0.15380549430847168,0.7674375936788107
520,False,6,6256,0.15452075004577637,0.8121716043512736
521,False,6,6257,0.1568584442138672,0.8085568864674618
522,False,6,6258,0.14673829078674316,0.8735325788812976
523,False,6,6259,0.16036558151245117,0.7681994871458129
524,False,6,6260,0.15633821487426758,0.7775013459225496
525,False,6,6261,0.1450953483581543,0.8100019099213005
526,False,6,6262,0.15363574028015137,0.8001868756310573
527,False,6,6263,0.15736150741577148,0.8286802468244874
528,False,6,6264,0.16164708137512207,0.8390585612505674
529,False,6,6265,0.1574082374572754,0.8119436086244171
530,False,6,6266,0.14678001403808594,0.7516321713171368
531,False,6,6267,0.15239405632019043,0.8186236460072296
532,False,6,6268,0.15141725540161133,0.7965691185423305
533,False,6,6269,0.1645960807800293,0.8290418912323989
534,False,6,6270,0.14850330352783203,0.7750850847168338
535,False,6,6271,0.15517640113830566,0.7704619290750652
536,False,6,6272,0.15855717658996582,0.8456838458687775
537,False,6,6273,0.14483308792114258,0.8260308948035042
538,False,6,6274,0.16024351119995117,0.8060821244116164
539,False,6,6275,0.15479040145874023,0.793099986943638
540,False,6,6276,0.14814496040344238,0.7893041594042665
541,False,6,6277,0.17682123184204102,0.8004363872931294
542,False,6,6278,0.1508638858795166,0.8187492371625488
543,False,6,6279,0.1546025276184082,0.8039753318409479
544,False,6,6280,0.16219711303710938,0.8455229204458495
545,False,6,6281,0.15781831741333008,0.8127594436518849
546,False,6,6282,0.15227556228637695,0.7488801272785558
547,False,6,6283,0.1497938632965088,0.7542406147611993
548,False,6,6284,0.16036224365234375,0.8114651745806136
549,False,6,6285,0.1564195156097412,0.8868719027155924
550,False,6,6286,0.1499311923980713,0.852067839176882
551,False,6,6287,0.15414190292358398,0.8026131032300846
552,False,6,6288,0.1552734375,0.7935314884387134
553,False,6,6289,0.1524524688720703,0.8229698020343981
554,False,6,6290,0.1571364402770996,0.8174925895319097
555,False,6,6291,0.15087127685546875,0.8403205124750024
556,False,6,6292,0.15986895561218262,0.8386595309268506
557,False,6,6293,0.15708494186401367,0.8378207073990434
558,False,6,6294,0.1546165943145752,0.8464728318864391
559,False,6,6295,0.15684008598327637,0.8476222133308295
560,False,6,6296,0.14405441284179688,0.8051379569584415
561,False,6,6297,0.16079974174499512,0.8148977232409553
562,False,6,6298,0.15332651138305664,0.7965474075282968
563,False,6,6299,0.15445423126220703,0.8230437692365653
564,True,6,6300,0.17668628692626953,0.8127675497505281
565,False,6,6301,0.14540815353393555,0.8719649799611596
566,False,6,6302,0.1616992950439453,0.8354676955689987
567,False,6,6303,0.15315461158752441,0.7726180663864527
568,False,6,6304,0.15218663215637207,0.7839032642853757
569,False,6,6305,0.14647340774536133,0.8024507375389692
570,False,6,6306,0.14760065078735352,0.8248304751302517
571,False,6,6307,0.16477060317993164,0.8000886151788846
572,False,6,6308,0.14599847793579102,0.7972701811009928
573,False,6,6309,0.13836002349853516,0.8876440790038378
574,False,6,6310,0.15016770362854004,0.783537208324387
575,False,6,6311,0.14311552047729492,0.8259139076939652
576,False,6,6312,0.1555802822113037,0.8365637796177041
577,False,6,6313,0.15357685089111328,0.8618693294092304
578,False,6,6314,0.15294528007507324,0.8710994261006515
579,False,6,6315,0.157881498336792,0.7625782754427443
580,False,6,6316,0.15483379364013672,0.8736999815418607
581,False,6,6317,0.1515638828277588,0.7799035301653755
582,False,6,6318,0.1550154685974121,0.8503667667419429
583,False,6,6319,0.15489482879638672,0.8532185765271564
584,False,6,6320,0.15475726127624512,0.8094533954613974
585,False,6,6321,0.14632654190063477,0.9465076490527106
586,False,6,6322,0.15327692031860352,0.8263901914913384
587,False,6,6323,0.1546332836151123,0.7737890484609774
588,False,6,6324,0.15349292755126953,0.7979525312160451
589,False,6,6325,0.14915800094604492,0.7945970646660067
590,False,6,6326,0.14411616325378418,0.8338452677597248
591,False,6,6327,0.15707993507385254,0.7927361832754243
592,False,6,6328,0.16269659996032715,0.8640828765263513
593,False,6,6329,0.15166234970092773,0.8385797484800043
594,False,6,6330,0.15299701690673828,0.8281154859190186
595,False,6,6331,0.15714454650878906,0.7558043881408161
596,False,6,6332,0.1452341079711914,0.8288042689008372
597,False,6,6333,0.16096973419189453,0.7892492009504211
598,False,6,6334,0.1574721336364746,0.8186679949562643
599,False,6,6335,0.14296603202819824,0.7976097479196532
600,False,6,6336,0.14921069145202637,0.802405853290111
601,False,6,6337,0.15069317817687988,0.8575233456767386
602,False,6,6338,0.15798282623291016,0.8126994656354544
603,False,6,6339,0.1582331657409668,0.7784386849962174
604,False,6,6340,0.14602065086364746,0.8085011955838473
605,False,6,6341,0.16188716888427734,0.7931028535545225
606,False,6,6342,0.15653276443481445,0.8450211825381432
607,False,6,6343,0.1629619598388672,0.7872423512994178
608,False,6,6344,0.1547839641571045,0.7984665263932019
609,False,6,6345,0.1458113193511963,0.7962042759172618
610,False,6,6346,0.16119694709777832,0.8558110987457134
611,False,6,6347,0.15673446655273438,0.8623479673905033
612,False,6,6348,0.14857864379882812,0.8303979528358294
613,False,6,6349,0.14747977256774902,0.8049465301335746
614,False,6,6350,0.14347481727600098,0.7718317879674336
615,False,6,6351,0.164398193359375,0.7546188155455249
616,False,6,6352,0.15309405326843262,0.8141841261004585
617,False,6,6353,0.14776921272277832,0.84378016491731
618,False,6,6354,0.14528489112854004,0.7389975484416244
619,False,6,6355,0.15536189079284668,0.8251438984935662
620,False,6,6356,0.15867137908935547,0.7885723953645322
621,False,6,6357,0.15543580055236816,0.8509152172842906
622,False,6,6358,0.14601683616638184,0.8177460470857716
623,False,6,6359,0.1579122543334961,0.8030961469880173
624,False,6,6360,0.15213680267333984,0.8447040077077136
625,False,6,6361,0.1498112678527832,0.8117145048454402
626,False,6,6362,0.14712262153625488,0.8186166390022708
627,False,6,6363,0.14611148834228516,0.8167856921042714
628,False,6,6364,0.16289663314819336,0.8620525505061128
629,False,6,6365,0.1435682773590088,0.8498027927818755
630,False,6,6366,0.15732169151306152,0.8369318026871907
631,False,6,6367,0.15448880195617676,0.8329481967237025
632,False,6,6368,0.14606356620788574,0.7959997949988714
633,False,6,6369,0.15388178825378418,0.8025318365544081
634,False,6,6370,0.14199066162109375,0.7661065578992875
635,False,6,6371,0.152817964553833,0.789781778163853
636,False,6,6372,0.15887236595153809,0.8221950105258398
637,False,6,6373,0.1529231071472168,0.7779295833426573
638,False,6,6374,0.15511345863342285,0.8546651447457927
639,False,6,6375,0.1569821834564209,0.8143965627421582
640,False,6,6376,0.15326976776123047,0.7866474880082975
641,False,6,6377,0.15708494186401367,0.7951433349932943
642,False,6,6378,0.14297008514404297,0.8392341146023857
643,False,6,6379,0.15236949920654297,0.8296341221956981
644,False,6,6380,0.15238618850708008,0.7588616965028145
645,False,6,6381,0.15561652183532715,0.8560668170629511
646,False,6,6382,0.15845537185668945,0.7697887187601908
647,False,6,6383,0.15819454193115234,0.8630305238600287
648,False,6,6384,0.14562630653381348,0.8047136801871516
649,False,6,6385,0.1640455722808838,0.7823467838267485
650,False,6,6386,0.14751338958740234,0.7918525959941604
651,False,6,6387,0.15795278549194336,0.7993197481680129
652,False,6,6388,0.15515375137329102,0.805554628605023
653,False,6,6389,0.15284013748168945,0.8604348244566824
654,False,6,6390,0.1498885154724121,0.7550460204393381
655,False,6,6391,0.1458888053894043,0.7629629887995266
656,False,6,6392,0.14885973930358887,0.8141105224467106
657,False,6,6393,0.1632695198059082,0.7773105172839546
658,False,6,6394,0.1478593349456787,0.8108834645688711
659,False,6,6395,0.15062570571899414,0.7919854608009613
660,False,6,6396,0.15225768089294434,0.7466119952677263
661,False,6,6397,0.15429210662841797,0.8013334298240288
662,False,6,6398,0.15566730499267578,0.8235667514215625
663,False,6,6399,0.15064263343811035,0.768966450156378
664,True,6,6400,0.1775507926940918,0.8514271943741257
665,False,6,6401,0.1594083309173584,0.7792966890459261
666,False,6,6402,0.1459031105041504,0.7837757166208965
667,False,6,6403,0.15553569793701172,0.7562606169709137
668,False,6,6404,0.15607738494873047,0.8346097223416328
669,False,6,6405,0.14826488494873047,0.8645493011544682
670,False,6,6406,0.1536271572113037,0.7899493755151829
671,False,6,6407,0.152313232421875,0.7294871865084308
672,False,6,6408,0.15312409400939941,0.8269253348865148
673,False,6,6409,0.15685272216796875,0.7906765135980787
674,False,6,6410,0.14710092544555664,0.7704292637007754
675,False,6,6411,0.1632847785949707,0.8646793102158145
676,False,6,6412,0.15500974655151367,0.7969454154815702
677,False,6,6413,0.14357376098632812,0.8119603377057327
678,False,6,6414,0.15877556800842285,0.7726335209306507
679,False,6,6415,0.14627408981323242,0.8773965150827453
680,False,6,6416,0.1599259376525879,0.8083940572881448
681,False,6,6417,0.15842199325561523,0.8016641731706581
682,False,6,6418,0.14348649978637695,0.8270750635613996
683,False,6,6419,0.16097450256347656,0.8991016467944497
684,False,6,6420,0.15232419967651367,0.7376314796995194
685,False,6,6421,0.15166091918945312,0.867579284246035
686,False,6,6422,0.14431047439575195,0.8100914990174629
687,False,6,6423,0.15636754035949707,0.8090388574859216
688,False,6,6424,0.15631389617919922,0.8268564825522757
689,False,6,6425,0.15222477912902832,0.8403869584380163
690,False,6,6426,0.15671539306640625,0.8441406988893592
691,False,6,6427,0.1557934284210205,0.8982751505515938
692,False,6,6428,0.14576101303100586,0.759688728633115
693,False,6,6429,0.16074180603027344,0.8321107497128346
694,False,6,6430,0.15340495109558105,0.7848682432612847
695,False,6,6431,0.1443159580230713,0.8050711424245188
696,False,6,6432,0.15053296089172363,0.8079271145453233
697,False,6,6433,0.15677928924560547,0.868327781003678
698,False,6,6434,0.14799714088439941,0.7962689571348683
699,False,6,6435,0.1491081714630127,0.7608997598844803
700,False,6,6436,0.14351844787597656,0.7267657399975829
701,False,6,6437,0.16097068786621094,0.7970351110700341
702,False,6,6438,0.15386056900024414,0.8595813603716946
703,False,6,6439,0.15504193305969238,0.8138154732019065
704,False,6,6440,0.1439065933227539,0.837980620097369
705,False,6,6441,0.1566464900970459,0.8354135750393782
706,False,6,6442,0.16622066497802734,0.7375473273208453
707,False,6,6443,0.14505553245544434,0.7594025896285618
708,False,6,6444,0.1439971923828125,0.8419675069107188
709,False,6,6445,0.1548607349395752,0.753771465493455
710,False,6,6446,0.1573045253753662,0.796943343876462
711,False,6,6447,0.15072298049926758,0.7936902568409488
712,False,6,6448,0.15009856224060059,0.7787193864850062
713,False,6,6449,0.15477991104125977,0.8038210721154301
714,False,6,6450,0.1601731777191162,0.8061760795147469
715,False,6,6451,0.14064812660217285,0.8108842431212818
716,False,6,6452,0.14885497093200684,0.820614585941214
717,False,6,6453,0.1496751308441162,0.8416830992791802
718,False,6,6454,0.1440272331237793,0.7902741237055688
719,False,6,6455,0.15636897087097168,0.8082006288071473
720,False,6,6456,0.15415215492248535,0.7799091314608676
721,False,6,6457,0.15568017959594727,0.7575891175684294
722,False,6,6458,0.14981675148010254,0.7967917324886437
723,False,6,6459,0.15332961082458496,0.8247902427600431
724,False,6,6460,0.15918493270874023,0.803130866516204
725,False,6,6461,0.15670490264892578,0.8420734552976985
726,False,6,6462,0.14684367179870605,0.8076426650264433
727,False,6,6463,0.16270160675048828,0.7846392315058481
728,False,6,6464,0.15511655807495117,0.8162123154671418
729,False,6,6465,0.1464238166809082,0.8157926498734883
730,False,6,6466,0.15332531929016113,0.8968967989397545
731,False,6,6467,0.14450836181640625,0.8122058600364696
732,False,6,6468,0.16086602210998535,0.8508764377662115
733,False,6,6469,0.1530923843383789,0.7813154435273081
734,False,6,6470,0.14176678657531738,0.8122094713506243
735,False,6,6471,0.150468111038208,0.8284175403061366
736,False,6,6472,0.14620256423950195,0.8318142983175457
737,False,6,6473,0.15578055381774902,0.8312763584156833
738,False,6,6474,0.14269161224365234,0.8097472339203315
739,False,6,6475,0.15734243392944336,0.7986297712084792
740,False,6,6476,0.15933585166931152,0.8485433510504663
741,False,6,6477,0.15273046493530273,0.8210188136214303
742,False,6,6478,0.1525273323059082,0.8522092815976413
743,False,6,6479,0.15759706497192383,0.7902047578688889
744,False,6,6480,0.15566039085388184,0.8360556662193545
745,False,6,6481,0.1551194190979004,0.7904171855743264
746,False,6,6482,0.14873647689819336,0.8494814258246196
747,False,6,6483,0.15706801414489746,0.8006088026311425
748,False,6,6484,0.15640807151794434,0.8721460730746565
749,False,6,6485,0.14789223670959473,0.8879980632724861
750,False,6,6486,0.15056228637695312,0.8576573980972173
751,False,6,6487,0.15229082107543945,0.7505413228535048
752,False,6,6488,0.15138673782348633,0.7767313870246566
753,False,6,6489,0.1499648094177246,0.8576058897943724
754,False,6,6490,0.14896392822265625,0.806917008189928
755,False,6,6491,0.1471700668334961,0.7912970100019482
756,False,6,6492,0.15022993087768555,0.7966791332388916
757,False,6,6493,0.1424870491027832,0.7663198678998187
758,False,6,6494,0.1598503589630127,0.8337528220422211
759,False,6,6495,0.15631604194641113,0.7803368797259672
760,False,6,6496,0.1539456844329834,0.8545733739045404
761,False,6,6497,0.15640640258789062,0.8432550407458276
762,False,6,6498,0.15169811248779297,0.800063806231178
763,False,6,6499,0.16094636917114258,0.7914726803788825
764,True,6,6500,0.1725459098815918,0.8333587217189017
765,False,6,6501,0.15881776809692383,0.7512698309895185
766,False,6,6502,0.15807032585144043,0.8857598805001802
767,False,6,6503,0.14549851417541504,0.818463064197983
768,False,6,6504,0.15706086158752441,0.8385068002999538
769,False,6,6505,0.15550804138183594,0.7576648359453039
770,False,6,6506,0.1511385440826416,0.839962859992825
771,False,6,6507,0.15703034400939941,0.8576999432629061
772,False,6,6508,0.14517688751220703,0.830926541283372
773,False,6,6509,0.17885494232177734,0.8152440405184671
774,False,6,6510,0.1549549102783203,0.7536029237366858
775,False,6,6511,0.15450167655944824,0.8253216044090335
776,False,6,6512,0.15721845626831055,0.8718840259881246
777,False,6,6513,0.16110682487487793,0.8130629089705291
778,False,6,6514,0.1598803997039795,0.8157623126947633
779,False,6,6515,0.1512317657470703,0.772681748317111
780,False,6,6516,0.15455317497253418,0.7841449333798318
781,False,6,6517,0.15549445152282715,0.7835440374689087
782,False,6,6518,0.15504145622253418,0.7888979005316893
783,False,6,6519,0.1501023769378662,0.7669696179662076
784,False,6,6520,0.14656543731689453,0.7989803939348176
785,False,6,6521,0.14332962036132812,0.7850965037054958
786,False,6,6522,0.16297173500061035,0.8596463573298285
787,False,6,6523,0.1528480052947998,0.7990563031330349
788,False,6,6524,0.1448204517364502,0.77783524710685
789,False,6,6525,0.15020036697387695,0.8834908164904586
790,False,6,6526,0.14291954040527344,0.8165958847717517
791,False,6,6527,0.16043376922607422,0.762608825761293
792,False,6,6528,0.156508207321167,0.8333887943909281
793,False,6,6529,0.15013742446899414,0.7987581470182964
794,False,6,6530,0.14647459983825684,0.828879755034688
795,False,6,6531,0.15513944625854492,0.806648203903543
796,False,6,6532,0.15808749198913574,0.7948415325511069
797,False,6,6533,0.14788198471069336,0.7981167259138252
798,False,6,6534,0.14587020874023438,0.8156895428186371
799,False,6,6535,0.16170144081115723,0.7708636511871149
800,False,6,6536,0.15297317504882812,0.7335129772268592
801,False,6,6537,0.14247393608093262,0.8362691541246715
802,False,6,6538,0.15703463554382324,0.8937090492940375
803,False,6,6539,0.14587092399597168,0.8073807006613131
804,False,6,6540,0.1636362075805664,0.7899596526597937
805,False,6,6541,0.15447425842285156,0.8299847138336016
806,False,6,6542,0.14861392974853516,0.8164368206191632
807,False,6,6543,0.14562559127807617,0.8397029283500852
808,False,6,6544,0.1523265838623047,0.8150243325425046
809,False,6,6545,0.1585080623626709,0.7482591982975245
810,False,6,6546,0.1487128734588623,0.8210903973806472
811,False,6,6547,0.1557929515838623,0.8462923217254379
812,False,6,6548,0.1538548469543457,0.8990254235187811
813,False,6,6549,0.15540337562561035,0.8432382613398313
814,False,6,6550,0.15761280059814453,0.8406885826538895
815,False,6,6551,0.15313339233398438,0.7732279803603886
816,False,6,6552,0.15588641166687012,0.7620172295941129
817,False,6,6553,0.15970540046691895,0.792154135249023
818,False,6,6554,0.14592242240905762,0.8804029438289858
819,False,6,6555,0.15781164169311523,0.7904259026427531
820,False,6,6556,0.15773916244506836,0.826811283826828
821,False,6,6557,0.15024781227111816,0.8988299322137168
822,False,6,6558,0.1496284008026123,0.7951653958963495
823,False,6,6559,0.15605711936950684,0.8105044247848647
824,False,6,6560,0.15439772605895996,0.8361319661517403
825,False,6,6561,0.15609407424926758,0.8501966807414734
826,False,6,6562,0.14619159698486328,0.902960980832133
827,False,6,6563,0.15623211860656738,0.853282946871505
828,False,6,6564,0.15550708770751953,0.8015120410959102
829,False,6,6565,0.1441652774810791,0.7766740910952823
830,False,6,6566,0.15779662132263184,0.8082482846719878
831,False,6,6567,0.14671564102172852,0.8090434645945651
832,False,6,6568,0.16153478622436523,0.7669457030549113
833,False,6,6569,0.158799409866333,0.8290023902830267
834,False,6,6570,0.14642691612243652,0.8331898159480521
835,False,6,6571,0.15091562271118164,0.795941729963358
836,False,6,6572,0.15139293670654297,0.7820458668505862
837,False,6,6573,0.15636014938354492,0.7643732094605054
838,False,6,6574,0.15282845497131348,0.8057389716129928
839,False,6,6575,0.1544957160949707,0.786693101039245
840,False,6,6576,0.15126657485961914,0.8468497235416653
841,False,6,6577,0.1452503204345703,0.824771029275975
842,False,6,6578,0.15728354454040527,0.8441186505591585
843,False,6,6579,0.15727853775024414,0.8386747043668513
844,False,6,6580,0.14764666557312012,0.7683432947489477
845,False,6,6581,0.15229129791259766,0.8522127862531866
846,False,6,6582,0.14960002899169922,0.7827602117987615
847,False,6,6583,0.15372180938720703,0.7827007199770637
848,False,6,6584,0.1570432186126709,0.8432818353176116
849,False,6,6585,0.15224623680114746,0.8055855243998978
850,False,6,6586,0.16096949577331543,0.7867635399147513
851,False,6,6587,0.14298629760742188,0.8451756011872067
852,False,6,6588,0.15191221237182617,0.7944752166845971
853,False,6,6589,0.1542649269104004,0.7728126719594001
854,False,6,6590,0.1544017791748047,0.7805097689630375
855,False,6,6591,0.15779876708984375,0.8269782513601793
856,False,6,6592,0.15808916091918945,0.8160180073408855
857,False,6,6593,0.14381837844848633,0.7811515557890139
858,False,6,6594,0.16376590728759766,0.8109764155177843
859,False,6,6595,0.14702868461608887,0.8303138316342874
860,False,6,6596,0.15184664726257324,0.8497944470228892
861,False,6,6597,0.14359426498413086,0.8069741623032661
862,False,6,6598,0.1527857780456543,0.8739595153324662
863,False,6,6599,0.15971636772155762,0.8401124135458045
864,True,6,6600,0.1775197982788086,0.7769316405922707
865,False,6,6601,0.1570148468017578,0.8317073129694023
866,False,6,6602,0.15495038032531738,0.7867731559533803
867,False,6,6603,0.14279842376708984,0.8036639559792264
868,False,6,6604,0.1545560359954834,0.8056158168197031
869,False,6,6605,0.15015149116516113,0.8195170559033397
870,False,6,6606,0.158125638961792,0.8435285080534719
871,False,6,6607,0.1581745147705078,0.859193675042618
872,False,6,6608,0.14773941040039062,0.7253347805346408
873,False,6,6609,0.15961694717407227,0.7960652161744379
874,False,6,6610,0.1537177562713623,0.7861101513595453
875,False,6,6611,0.14238476753234863,0.7423437807398536
876,False,6,6612,0.14787793159484863,0.8371324869138858
877,False,6,6613,0.15532350540161133,0.835184490352514
878,False,6,6614,0.14768266677856445,0.844044568638007
879,False,6,6615,0.15268635749816895,0.8099872274767785
880,False,6,6616,0.1470808982849121,0.8650550917012706
881,False,6,6617,0.16257357597351074,0.8041394772895037
882,False,6,6618,0.15400004386901855,0.766292276969623
883,False,6,6619,0.14310312271118164,0.7789250441072952
884,False,6,6620,0.14820551872253418,0.7510187765361652
885,False,6,6621,0.14902234077453613,0.7652214766657424
886,False,6,6622,0.16247797012329102,0.8033071453017848
887,False,6,6623,0.15468549728393555,0.8554358042421795
888,False,6,6624,0.14477777481079102,0.7830473088792392
889,False,6,6625,0.14853620529174805,0.7669311323247497
890,False,6,6626,0.15576744079589844,0.7929934108895915
891,False,6,6627,0.1614682674407959,0.7634787949223426
892,False,6,6628,0.14964818954467773,0.8098951372362319
893,False,6,6629,0.14511513710021973,0.8120020633297308
894,False,6,6630,0.16379594802856445,0.8299117366827669
895,False,6,6631,0.15282607078552246,0.8343090577317135
896,False,6,6632,0.14372515678405762,0.7986711247691086
897,False,6,6633,0.15883922576904297,0.7824063154735738
898,False,6,6634,0.1477067470550537,0.8273836696254354
899,False,6,6635,0.15249037742614746,0.7340909822267434
900,False,6,6636,0.1546018123626709,0.7887629493184033
901,False,6,6637,0.15432381629943848,0.795060401294558
902,False,6,6638,0.15845704078674316,0.8453382403545436
903,False,6,6639,0.1449131965637207,0.8368269737721199
904,False,6,6640,0.16543817520141602,0.8212251154971975
905,False,6,6641,0.15396595001220703,0.7622808168110039
906,False,6,6642,0.15663790702819824,0.848207379447385
907,False,6,6643,0.15975141525268555,0.8715728566804458
908,False,6,6644,0.14661598205566406,0.811250102085372
909,False,6,6645,0.15378046035766602,0.9010633633782466
910,False,6,6646,0.15495729446411133,0.7964716530626729
911,False,6,6647,0.1548449993133545,0.8124906895682217
912,False,6,6648,0.15731596946716309,0.8279790821751314
913,False,6,6649,0.14144229888916016,0.7902623300573655
914,False,6,6650,0.15262460708618164,0.7736226474156691
915,False,6,6651,0.15616512298583984,0.8028686462369347
916,False,6,6652,0.1545727252960205,0.7457908459584275
917,False,6,6653,0.15713000297546387,0.8152965963596389
918,False,6,6654,0.16547870635986328,0.7754929279908538
919,False,6,6655,0.16194772720336914,0.7955295151942188
920,False,6,6656,0.14991235733032227,0.7603705259306088
921,False,6,6657,0.15980005264282227,0.850550112114953
922,False,6,6658,0.15581798553466797,0.7192662162484514
923,False,6,6659,0.14550995826721191,0.8863047312368595
924,False,6,6660,0.1582951545715332,0.7729736099995319
925,False,6,6661,0.15970635414123535,0.7399004253647512
926,False,6,6662,0.14548611640930176,0.8319491303215425
927,False,6,6663,0.15801119804382324,0.7665497332789183
928,False,6,6664,0.14568686485290527,0.8183160576791991
929,False,6,6665,0.16404390335083008,0.8567732359903553
930,False,6,6666,0.1532142162322998,0.7698726334742136
931,False,6,6667,0.14784717559814453,0.8326385472235934
932,False,6,6668,0.14916062355041504,0.7733993320725859
933,False,6,6669,0.15364646911621094,0.7690619328059256
934,False,6,6670,0.16022419929504395,0.803018923826693
935,False,6,6671,0.15120983123779297,0.7711309039787878
936,False,6,6672,0.14998435974121094,0.7840272201934743
937,False,6,6673,0.15124869346618652,0.8285192704449099
938,False,6,6674,0.15649676322937012,0.8324357803378786
939,False,6,6675,0.1559450626373291,0.8364458030001038
940,False,6,6676,0.15256452560424805,0.8027211796669735
941,False,6,6677,0.1461498737335205,0.7973385212189029
942,False,6,6678,0.16413593292236328,0.8202090314811186
943,False,6,6679,0.1449446678161621,0.7718607050233655
944,False,6,6680,0.15815424919128418,0.8185621165182617
945,False,6,6681,0.15468382835388184,0.7933288960761966
946,False,6,6682,0.14527678489685059,0.7718973362907058
947,False,6,6683,0.15502667427062988,0.8498426195500153
948,False,6,6684,0.15111589431762695,0.8095882469566451
949,False,6,6685,0.15399503707885742,0.7925710860595461
950,False,6,6686,0.15184330940246582,0.8104896233417094
951,False,6,6687,0.15169429779052734,0.8061482948916299
952,False,6,6688,0.15510892868041992,0.9363557574827044
953,False,6,6689,0.15406179428100586,0.7880107377811025
954,False,6,6690,0.1398615837097168,0.7397546334901736
955,False,6,6691,0.15358328819274902,0.8027310781735219
956,False,6,6692,0.15627360343933105,0.8458825195917772
957,False,6,6693,0.15090346336364746,0.8176475891045162
958,False,6,6694,0.1569967269897461,0.7754664646372909
959,False,6,6695,0.14550042152404785,0.7447539054389509
960,False,6,6696,0.1597731113433838,0.7991073212054159
961,False,6,6697,0.15442538261413574,0.8345790077444343
962,False,6,6698,0.14328289031982422,0.7997027227455484
963,False,6,6699,0.14548969268798828,0.7563860486926779
964,True,6,6700,0.17987489700317383,0.7456064819846125
965,False,6,6701,0.16072821617126465,0.8489414496413832
966,False,6,6702,0.14727783203125,0.8141350040788808
967,False,6,6703,0.14812040328979492,0.8099180519181703
968,False,6,6704,0.1653594970703125,0.7850663379455606
969,False,6,6705,0.15155577659606934,0.8718128297367089
970,False,6,6706,0.15745782852172852,0.7888321037226844
971,False,6,6707,0.15890741348266602,0.8345174687870202
972,False,6,6708,0.14813518524169922,0.8628702344417216
973,False,6,6709,0.1634654998779297,0.7645009537449196
974,False,6,6710,0.1551673412322998,0.8209860856711333
975,False,6,6711,0.15795159339904785,0.7885332709688339
976,False,6,6712,0.15856671333312988,0.8306230237108788
977,False,6,6713,0.1453566551208496,0.7357481284998356
978,False,6,6714,0.1624143123626709,0.8090862627695536
979,False,6,6715,0.1529848575592041,0.8179598154633172
980,False,6,6716,0.1456303596496582,0.7995969450899533
981,False,6,6717,0.1556704044342041,0.8198461866538438
982,False,6,6718,0.15655517578125,0.8173021486561214
983,False,6,6719,0.15195655822753906,0.777123526049157
984,False,6,6720,0.14955949783325195,0.7602593018895105
985,False,6,6721,0.1583271026611328,0.8632975002484662
986,False,6,6722,0.15738606452941895,0.7469105839818007
987,False,6,6723,0.14708971977233887,0.816458147152194
988,False,6,6724,0.15177106857299805,0.8426577718484969
989,False,6,6725,0.1525888442993164,0.8338255469820329
990,False,6,6726,0.15250539779663086,0.8258641581938027
991,False,6,6727,0.15717482566833496,0.7866468520480252
992,False,6,6728,0.15817785263061523,0.7992510951700664
993,False,6,6729,0.18422508239746094,0.8053900826877605
994,False,6,6730,0.16057157516479492,0.8421311288894642
995,False,6,6731,0.15138769149780273,0.7764734227232456
996,False,6,6732,0.15563607215881348,0.7710589233431077
997,False,6,6733,0.16107392311096191,0.870245330456999
998,False,6,6734,0.17108917236328125,0.8375808647168534
999,False,6,6735,0.16094350814819336,0.8028878611734227
1000,False,6,6736,0.1605989933013916,0.8529890424438884
1001,False,6,6737,0.1524219512939453,0.8196637248953006
1002,False,6,6738,0.15790796279907227,0.8137278960396849
1003,False,6,6739,0.1622447967529297,0.8131424939326412
1004,False,6,6740,0.15668392181396484,0.7845881915917355
1005,False,6,6741,0.1667497158050537,0.8073879076456209
1006,False,6,6742,0.1478898525238037,0.7708110731050726
1007,False,6,6743,0.15483450889587402,0.796021944233438
1008,False,6,6744,0.1641535758972168,0.8892096372853432
1009,False,6,6745,0.14938592910766602,0.8267612035075824
1010,False,6,6746,0.1599724292755127,0.8068045723651139
1011,False,6,6747,0.14478850364685059,0.7993186363906024
1012,False,6,6748,0.15524959564208984,0.7804974768576878
1013,False,6,6749,0.1612541675567627,0.7841589495628364
1014,False,6,6750,0.1480848789215088,0.8500465793269021
1015,False,6,6751,0.16188549995422363,0.8110323525255634
1016,False,6,6752,0.15459156036376953,0.7832912313086645
1017,False,6,6753,0.144852876663208,0.7898391066673432
1018,False,6,6754,0.16273927688598633,0.80030410133657
1019,False,6,6755,0.15562820434570312,0.7496783829382841
1020,False,6,6756,0.16254544258117676,0.7657214499832617
1021,False,6,6757,0.1569223403930664,0.7963105994054959
1022,False,6,6758,0.14923739433288574,0.7715117342082695
1023,False,6,6759,0.15212416648864746,0.7972615442593539
1024,False,6,6760,0.1544966697692871,0.85165553094287
1025,False,6,6761,0.1568758487701416,0.8036400771566801
1026,False,6,6762,0.1503751277923584,0.807333486575988
1027,False,6,6763,0.14358019828796387,0.8148733107040506
1028,False,6,6764,0.15406346321105957,0.9080168945892226
1029,False,6,6765,0.14324188232421875,0.8256035795590531
1030,False,6,6766,0.15454554557800293,0.8012230803391764
1031,False,6,6767,0.15394163131713867,0.7941638269528215
1032,False,6,6768,0.15456938743591309,0.7630494781437196
1033,False,6,6769,0.15020084381103516,0.7955651843831651
1034,False,6,6770,0.14439082145690918,0.834961037439782
1035,False,6,6771,0.15154433250427246,0.8106498602068142
1036,False,6,6772,0.1638641357421875,0.7877704033384189
1037,False,6,6773,0.14523577690124512,0.7964397139093351
1038,False,6,6774,0.15546178817749023,0.7947401906408015
1039,False,6,6775,0.15774893760681152,0.8234365664067722
1040,False,6,6776,0.14845585823059082,0.8090175880185729
1041,False,6,6777,0.15895891189575195,0.8630807867850221
1042,False,6,6778,0.15923237800598145,0.8624929986628039
1043,False,6,6779,0.21061015129089355,0.706873758274707
1044,False,6,6780,0.18869972229003906,0.8311108487347761
1045,False,6,6781,0.20363855361938477,0.8802655802241395
1046,False,6,6782,0.19229769706726074,0.7788720939064487
1047,False,6,6783,0.1887376308441162,0.765044002716119
1048,False,6,6784,0.19837212562561035,0.8823254504241048
1049,False,6,6785,0.20616865158081055,0.8165414877945467
1050,False,6,6786,0.18884563446044922,0.785925613483414
1051,False,6,6787,0.1884446144104004,0.867106251063801
1052,False,6,6788,0.1897432804107666,0.7862776793273429
1053,False,6,6789,0.18860411643981934,0.8238890167946619
1054,False,6,6790,0.20527958869934082,0.767777404858775
1055,False,6,6791,0.19349122047424316,0.8010416816742647
1056,False,6,6792,0.18864679336547852,0.840054593947051
1057,False,6,6793,0.2100837230682373,0.8200636654648753
1058,False,6,6794,0.19418883323669434,0.7912517706641838
1059,False,6,6795,0.18737292289733887,0.8250495443408865
1060,False,6,6796,0.20035958290100098,0.8735913902277216
1061,False,6,6797,0.20250272750854492,0.8212190548711945
1062,False,6,6798,0.18954133987426758,0.8368494496459052
1063,False,6,6799,0.18948984146118164,0.8436391257814
1064,True,6,6800,0.22704768180847168,0.7832477520375204
1065,False,6,6801,0.19746994972229004,0.8373734714973364
1066,False,6,6802,0.18713831901550293,0.7786272235015139
1067,False,6,6803,0.19166183471679688,0.8322222637278691
1068,False,6,6804,0.19107270240783691,0.7900299837347119
1069,False,6,6805,0.18499064445495605,0.8336229782241086
1070,False,6,6806,0.20107579231262207,0.7925468884364127
1071,False,6,6807,0.20046567916870117,0.8568238064513674
1072,False,6,6808,0.1880943775177002,0.7996541723010264
1073,False,6,6809,0.20770025253295898,0.8059854801699873
1074,False,6,6810,0.19183111190795898,0.8811683793153082
1075,False,6,6811,0.18774795532226562,0.7931621196191938
1076,False,6,6812,0.18521881103515625,0.8236780463762227
1077,False,6,6813,0.1896686553955078,0.8187994923265207
1078,False,6,6814,0.2026982307434082,0.8308459270213332
1079,False,6,6815,0.1939680576324463,0.8027988468252478
1080,False,6,6816,0.20523381233215332,0.8171479753440335
1081,False,6,6817,0.19534683227539062,0.8009274079730467
1082,False,6,6818,0.1888573169708252,0.9112561553761009
1083,False,6,6819,0.20179343223571777,0.833664447313086
1084,False,6,6820,0.19858360290527344,0.8028649304261697
1085,False,6,6821,0.2069242000579834,0.8482337037899667
1086,False,6,6822,0.1909773349761963,0.7994007683203866
1087,False,6,6823,0.18787121772766113,0.7635255062154362
1088,False,6,6824,0.2106795310974121,0.8050246283278935
1089,False,6,6825,0.19202351570129395,0.8180620572751478
1090,False,6,6826,0.18843460083007812,0.7931227456512194
1091,False,6,6827,0.2117321491241455,0.7725435821672103
1092,False,6,6828,0.1927175521850586,0.8228608097193674
1093,False,6,6829,0.19388723373413086,0.8555192745157649
1094,False,6,6830,0.2076869010925293,0.8132430593305756
1095,False,6,6831,0.190230131149292,0.7701336190193182
1096,False,6,6832,0.1862649917602539,0.7857455086140407
1097,False,6,6833,0.18670964241027832,0.822166956074181
1098,False,6,6834,0.18899798393249512,0.7841368050624927
1099,False,6,6835,0.20302319526672363,0.796717384874466
1100,False,6,6836,0.19658923149108887,0.8656742219436202
1101,False,6,6837,0.1928262710571289,0.8146128496598629
1102,False,6,6838,0.18819379806518555,0.8067083781518574
1103,False,6,6839,0.20371627807617188,0.8325889119102308
1104,False,6,6840,0.19214868545532227,0.783021104122911
1105,False,6,6841,0.19177484512329102,0.9148457697260061
1106,False,6,6842,0.2102794647216797,0.825469036032224
1107,False,6,6843,0.1937849521636963,0.7765632192493372
1108,False,6,6844,0.1882927417755127,0.8116185760812922
1109,False,6,6845,0.18542146682739258,0.7386150207547914
1110,False,6,6846,0.18777728080749512,0.7935435083761279
1111,False,6,6847,0.19231319427490234,0.7398136595840611
1112,False,6,6848,0.20184707641601562,0.8814495400569977
1113,False,6,6849,0.1925203800201416,0.8531945689270894
1114,False,6,6850,0.18809294700622559,0.7655589634419552
1115,False,6,6851,0.2008497714996338,0.7694463068175884
1116,False,6,6852,0.19997501373291016,0.8004409851994186
1117,False,6,6853,0.19262218475341797,0.7508624883900795
1118,False,6,6854,0.18795299530029297,0.791988179420254
1119,False,6,6855,0.20731520652770996,0.7667124980528439
1120,False,6,6856,0.19291377067565918,0.7882772870361804
1121,False,6,6857,0.18877959251403809,0.8550958931889564
1122,False,6,6858,0.18796801567077637,0.8546958367029825
1123,False,6,6859,0.18670105934143066,0.8848297293297948
1124,False,6,6860,0.18835806846618652,0.8318352674444517
1125,False,6,6861,0.20127058029174805,0.8168318696830068
1126,False,6,6862,0.19442081451416016,0.8493259510335825
1127,False,6,6863,0.19011855125427246,0.8226291409560612
1128,False,6,6864,0.20348310470581055,0.764257739963276
1129,False,6,6865,0.19631385803222656,0.8252099739343283
1130,False,6,6866,0.18967604637145996,0.7350997356808788
1131,False,6,6867,0.2080378532409668,0.7683755058373901
1132,False,6,6868,0.19283604621887207,0.8104718370983995
1133,False,6,6869,0.16205310821533203,0.8188599795103073
1134,False,6,6870,0.1432802677154541,0.7895440500052203
1135,False,6,6871,0.144622802734375,0.7731742536028224
1136,False,6,6872,0.15008783340454102,0.7741061301813238
1137,False,6,6873,0.15428686141967773,0.8204396004300744
1138,False,6,6874,0.159712553024292,0.8388092578610495
1139,False,6,6875,0.14757823944091797,0.7838829629832789
1140,False,6,6876,0.14294171333312988,0.8294454769320078
1141,False,6,6877,0.15937066078186035,0.7950502991277193
1142,False,6,6878,0.15420985221862793,0.7779352377124487
1143,False,6,6879,0.14472436904907227,0.8191048064756962
1144,False,6,6880,0.15522003173828125,0.7687300387215579
1145,False,6,6881,0.14693212509155273,0.8181179981856119
1146,False,6,6882,0.12446141242980957,0.8364584527554967
0,False,7,6883,0.1460857391357422,0.8729190115617323
1,False,7,6884,0.15619397163391113,0.874201927500378
2,False,7,6885,0.16200709342956543,0.8454557920673064
3,False,7,6886,0.1437985897064209,0.880914454836221
4,False,7,6887,0.1531362533569336,0.8230041716957376
5,False,7,6888,0.1426560878753662,0.7926412905078558
6,False,7,6889,0.14423298835754395,0.7874509382416449
7,False,7,6890,0.15805935859680176,0.8139368448672549
8,False,7,6891,0.15813922882080078,0.7812773475556501
9,False,7,6892,0.14976930618286133,0.7666241829061791
10,False,7,6893,0.15216565132141113,0.8529998160721289
11,False,7,6894,0.14722228050231934,0.7686314636708368
12,False,7,6895,0.15709900856018066,0.8298577825937953
13,False,7,6896,0.15849924087524414,0.7825661631567137
14,False,7,6897,0.14864468574523926,0.7846341163385657
15,False,7,6898,0.1630115509033203,0.8117903290050371
16,False,7,6899,0.1493830680847168,0.8099707660398312
17,True,7,6900,0.18160653114318848,0.7674877207526672
18,False,7,6901,0.16025161743164062,0.7945701550647972
19,False,7,6902,0.14585328102111816,0.849441890604794
20,False,7,6903,0.15064072608947754,0.7921962704553845
21,False,7,6904,0.15706682205200195,0.7287282633062984
22,False,7,6905,0.16018414497375488,0.7942217417460468
23,False,7,6906,0.14933371543884277,0.7692767658625685
24,False,7,6907,0.14188075065612793,0.7913829163160353
25,False,7,6908,0.1578810214996338,0.7898869243938298
26,False,7,6909,0.14291930198669434,0.7860185084864497
27,False,7,6910,0.1432781219482422,0.8450348469473067
28,False,7,6911,0.14925408363342285,0.8617888730950655
29,False,7,6912,0.14407849311828613,0.8225364587269725
30,False,7,6913,0.1552584171295166,0.7853971856557541
31,False,7,6914,0.1426830291748047,0.8536341959122746
32,False,7,6915,0.15195369720458984,0.8146970737614624
33,False,7,6916,0.1618638038635254,0.8422098859612431
34,False,7,6917,0.14387011528015137,0.8251683072940934
35,False,7,6918,0.1493818759918213,0.8863595062866807
36,False,7,6919,0.15677571296691895,0.8035100863004725
37,False,7,6920,0.1449437141418457,0.8918684701479618
38,False,7,6921,0.1531054973602295,0.8164101259871609
39,False,7,6922,0.15574121475219727,0.8733786918622042
40,False,7,6923,0.15717577934265137,0.8007925288929116
41,False,7,6924,0.15289020538330078,0.8311222005480279
42,False,7,6925,0.1427919864654541,0.8088195332370345
43,False,7,6926,0.15417265892028809,0.8427251687362078
44,False,7,6927,0.1428511142730713,0.7895412531215699
45,False,7,6928,0.14619803428649902,0.8249022020470529
46,False,7,6929,0.14769721031188965,0.8306659760973639
47,False,7,6930,0.1522979736328125,0.7645853633238446
48,False,7,6931,0.16058683395385742,0.8078215984361513
49,False,7,6932,0.15590620040893555,0.8222428506151551
50,False,7,6933,0.14662766456604004,0.7978054464661649
51,False,7,6934,0.15720033645629883,0.8432786147376257
52,False,7,6935,0.15742206573486328,0.7985438661915917
53,False,7,6936,0.14851641654968262,0.7577024801479031
54,False,7,6937,0.15766286849975586,0.8121208337335182
55,False,7,6938,0.14566302299499512,0.7792687720308701
56,False,7,6939,0.15448331832885742,0.837760402732307
57,False,7,6940,0.15522551536560059,0.8632009093250547
58,False,7,6941,0.15662431716918945,0.8359206694045237
59,False,7,6942,0.156721830368042,0.7657681726628826
60,False,7,6943,0.1455700397491455,0.7650962761558946
61,False,7,6944,0.1497480869293213,0.8104650810848745
62,False,7,6945,0.14411377906799316,0.8402391418903357
63,False,7,6946,0.15278983116149902,0.8246576383355119
64,False,7,6947,0.1599893569946289,0.7760526989143165
65,False,7,6948,0.14778971672058105,0.8098206437813738
66,False,7,6949,0.15488195419311523,0.9115442222072966
67,False,7,6950,0.1517012119293213,0.7667329119562748
68,False,7,6951,0.15755844116210938,0.7916604064050177
69,False,7,6952,0.18271231651306152,0.7813702126787532
70,False,7,6953,0.2512319087982178,0.812563520368366
71,False,7,6954,0.15418171882629395,0.7753595957488177
72,False,7,6955,0.1576831340789795,0.7580672638224706
73,False,7,6956,0.15246891975402832,0.8155457392512332
74,False,7,6957,0.15844464302062988,0.7956900224976596
75,False,7,6958,0.14643120765686035,0.8275343034460787
76,False,7,6959,0.15582060813903809,0.8235331338697247
77,False,7,6960,0.15827250480651855,0.8340926970399561
78,False,7,6961,0.14449763298034668,0.7830196776915165
79,False,7,6962,0.15299296379089355,0.8739813568868807
80,False,7,6963,0.15378236770629883,0.8574720326190194
81,False,7,6964,0.15232276916503906,0.7621196784921701
82,False,7,6965,0.163038969039917,0.827186357673435
83,False,7,6966,0.1495370864868164,0.8534577705320859
84,False,7,6967,0.1558995246887207,0.7948079378831953
85,False,7,6968,0.15537714958190918,0.7844300325516436
86,False,7,6969,0.1524066925048828,0.8067905295285441
87,False,7,6970,0.15466737747192383,0.8577113960913959
88,False,7,6971,0.15584230422973633,0.7971098525671378
89,False,7,6972,0.1529073715209961,0.8383526405253048
90,False,7,6973,0.15101909637451172,0.775259267804878
91,False,7,6974,0.14083456993103027,0.7661411686844769
92,False,7,6975,0.14400696754455566,0.8144919061589809
93,False,7,6976,0.15331411361694336,0.7558551547339274
94,False,7,6977,0.14384150505065918,0.8548166304604993
95,False,7,6978,0.1596534252166748,0.8479975201411262
96,False,7,6979,0.1555194854736328,0.8350807946241858
97,False,7,6980,0.14848637580871582,0.8560487522433202
98,False,7,6981,0.15552711486816406,0.7933754795674413
99,False,7,6982,0.15920615196228027,0.7907443652372986
100,False,7,6983,0.15161585807800293,0.7901356476802555
101,False,7,6984,0.15439128875732422,0.9263272228029866
102,False,7,6985,0.144026517868042,0.7484227149924706
103,False,7,6986,0.16205620765686035,0.7558842202027638
104,False,7,6987,0.15368962287902832,0.8205963954817325
105,False,7,6988,0.1440129280090332,0.7590799610174837
106,False,7,6989,0.15628552436828613,0.7931116629569303
107,False,7,6990,0.1463003158569336,0.7885345523910862
108,False,7,6991,0.15997600555419922,0.7864596403447822
109,False,7,6992,0.15346336364746094,0.7681348458863796
110,False,7,6993,0.14456653594970703,0.8019066381578644
111,False,7,6994,0.15342187881469727,0.88582347342301
112,False,7,6995,0.1428380012512207,0.8117742872841301
113,False,7,6996,0.1552143096923828,0.8052752849512866
114,False,7,6997,0.15297174453735352,0.8505680581466073
115,False,7,6998,0.1524660587310791,0.838063008573261
116,False,7,6999,0.15541625022888184,0.8475953961412112
117,True,7,7000,0.174713134765625,0.8074266735708253
118,False,7,7001,0.15140724182128906,0.8724384149979977
119,False,7,7002,0.14789390563964844,0.9204479983697333
120,False,7,7003,0.1581892967224121,0.8102361601001272
121,False,7,7004,0.18548226356506348,0.8205232433087768
122,False,7,7005,0.16741681098937988,0.8155282925636994
123,False,7,7006,0.15302062034606934,0.8240450954929527
124,False,7,7007,0.14550185203552246,0.8276370758456844
125,False,7,7008,0.1559903621673584,0.875512485348043
126,False,7,7009,0.1573188304901123,0.8664253595329467
127,False,7,7010,0.1471869945526123,0.8485134313259985
128,False,7,7011,0.15801262855529785,0.7382023146464711
129,False,7,7012,0.15845847129821777,0.7802293661294415
130,False,7,7013,0.1474459171295166,0.7941299502826518
131,False,7,7014,0.1548938751220703,0.8059049442499168
132,False,7,7015,0.15190672874450684,0.8102625085240497
133,False,7,7016,0.15459799766540527,0.8187546405409065
134,False,7,7017,0.15599417686462402,0.8259403382738432
135,False,7,7018,0.15079832077026367,0.8313589571043849
136,False,7,7019,0.16436338424682617,0.8355915069225288
137,False,7,7020,0.14865517616271973,0.8677353908396548
138,False,7,7021,0.14337730407714844,0.8603336819713671
139,False,7,7022,0.14883995056152344,0.830664112077405
140,False,7,7023,0.14422869682312012,0.7676605214032213
141,False,7,7024,0.15582656860351562,0.7903369350935376
142,False,7,7025,0.15043950080871582,0.8099744937249594
143,False,7,7026,0.15540623664855957,0.8382151869480453
144,False,7,7027,0.15289592742919922,0.7788062830943436
145,False,7,7028,0.15347886085510254,0.7936223209170358
146,False,7,7029,0.15523004531860352,0.8102135929678166
147,False,7,7030,0.15686464309692383,0.8384035299310373
148,False,7,7031,0.15593385696411133,0.8237360244439469
149,False,7,7032,0.1547250747680664,0.7986793627385937
150,False,7,7033,0.15501093864440918,0.7807415133076053
151,False,7,7034,0.15357613563537598,0.7962719698636127
152,False,7,7035,0.15635991096496582,0.8302558438320246
153,False,7,7036,0.14686918258666992,0.8405716961937115
154,False,7,7037,0.1612539291381836,0.763044957914168
155,False,7,7038,0.15463042259216309,0.8879291848168662
156,False,7,7039,0.1483168601989746,0.7802309387895677
157,False,7,7040,0.14563727378845215,0.7827808210138409
158,False,7,7041,0.14499306678771973,0.8204542953809281
159,False,7,7042,0.15413475036621094,0.8772247868944846
160,False,7,7043,0.15183281898498535,0.8106993752576058
161,False,7,7044,0.1525886058807373,0.8152785051081862
162,False,7,7045,0.14979100227355957,0.8367418172503155
163,False,7,7046,0.15203475952148438,0.7981962682457552
164,False,7,7047,0.1557602882385254,0.8107088025371055
165,False,7,7048,0.15326213836669922,0.8260175430082849
166,False,7,7049,0.14436054229736328,0.8560493984259666
167,False,7,7050,0.16418981552124023,0.7853481766900845
168,False,7,7051,0.22075915336608887,0.8564603635597796
169,False,7,7052,0.2999396324157715,0.8794278149448689
170,False,7,7053,0.16321611404418945,0.7879991518954438
171,False,7,7054,0.1502091884613037,0.8057998874712557
172,False,7,7055,0.15692615509033203,0.8496126388753986
173,False,7,7056,0.16090989112854004,0.7846258112584197
174,False,7,7057,0.1467299461364746,0.8575142113757984
175,False,7,7058,0.15990543365478516,0.7580124122933263
176,False,7,7059,0.15877723693847656,0.7871678133739071
177,False,7,7060,0.14620304107666016,0.8406987143236967
178,False,7,7061,0.16194772720336914,0.9465858345141722
179,False,7,7062,0.155012845993042,0.6933154410106086
180,False,7,7063,0.1539456844329834,0.8159460632928781
181,False,7,7064,0.14385128021240234,0.8292584520365511
182,False,7,7065,0.1548924446105957,0.8097671369711558
183,False,7,7066,0.15813875198364258,0.836879133379885
184,False,7,7067,0.15654706954956055,0.8051858341232652
185,False,7,7068,0.15849018096923828,0.8645928297635345
186,False,7,7069,0.15050196647644043,0.7513726915654151
187,False,7,7070,0.15322446823120117,0.8661163013339754
188,False,7,7071,0.15485048294067383,0.7357090223092764
189,False,7,7072,0.15543317794799805,0.8466410858645324
190,False,7,7073,0.15189599990844727,0.8411846189715323
191,False,7,7074,0.1533646583557129,0.7409427120638566
192,False,7,7075,0.1433413028717041,0.7720215135209618
193,False,7,7076,0.16198992729187012,0.8201458718450297
194,False,7,7077,0.15598344802856445,0.7970111482621481
195,False,7,7078,0.15748929977416992,0.7640413212966884
196,False,7,7079,0.15819287300109863,0.8438901993601272
197,False,7,7080,0.14798903465270996,0.7925829097096408
198,False,7,7081,0.16454553604125977,0.7676455512243723
199,False,7,7082,0.15265917778015137,0.7935894481128172
200,False,7,7083,0.15422677993774414,0.8702948318705671
201,False,7,7084,0.14619708061218262,0.800231428018638
202,False,7,7085,0.15787506103515625,0.7705866226349912
203,False,7,7086,0.15018749237060547,0.7917310225533409
204,False,7,7087,0.15711331367492676,0.8154614010626183
205,False,7,7088,0.14620471000671387,0.8637256326065178
206,False,7,7089,0.15770411491394043,0.7615724513861573
207,False,7,7090,0.14710783958435059,0.754681132101853
208,False,7,7091,0.15979862213134766,0.8465473342886461
209,False,7,7092,0.15424537658691406,0.8318589102321614
210,False,7,7093,0.1487135887145996,0.8174913237758334
211,False,7,7094,0.14688897132873535,0.8752045521091317
212,False,7,7095,0.14443087577819824,0.8135670810228303
213,False,7,7096,0.1620805263519287,0.8144932690165225
214,False,7,7097,0.1551513671875,0.8223329212383498
215,False,7,7098,0.14523553848266602,0.8560513034906416
216,False,7,7099,0.14661526679992676,0.8275480864658245
217,True,7,7100,0.17607736587524414,0.8112543351903913
218,False,7,7101,0.15811967849731445,0.8364812546808804
219,False,7,7102,0.14963817596435547,0.8094455189337689
220,False,7,7103,0.14870071411132812,0.7202733862435535
221,False,7,7104,0.16538023948669434,0.8017326922688102
222,False,7,7105,0.14415931701660156,0.8639322591368996
223,False,7,7106,0.14361262321472168,0.7593662225907404
224,False,7,7107,0.14825773239135742,0.8452105366048359
225,False,7,7108,0.14455199241638184,0.8059907678204277
226,False,7,7109,0.1517646312713623,0.8092712027885551
227,False,7,7110,0.1531202793121338,0.8750166883026915
228,False,7,7111,0.15477728843688965,0.7661415432202852
229,False,7,7112,0.15417766571044922,0.8071166069823363
230,False,7,7113,0.15204262733459473,0.8424537503825766
231,False,7,7114,0.15360713005065918,0.8553815393908215
232,False,7,7115,0.15611886978149414,0.8301112610248053
233,False,7,7116,0.15589284896850586,0.7850798354262396
234,False,7,7117,0.15246248245239258,0.8035619145680573
235,False,7,7118,0.15364646911621094,0.7912271403308427
236,False,7,7119,0.15681982040405273,0.8568241496659107
237,False,7,7120,0.1579301357269287,0.7749128219937639
238,False,7,7121,0.1433408260345459,0.8031730145393383
239,False,7,7122,0.16045117378234863,0.7808100116394815
240,False,7,7123,0.15392398834228516,0.8692763596773146
241,False,7,7124,0.1421201229095459,0.7994738628511272
242,False,7,7125,0.15240168571472168,0.7916858093369575
243,False,7,7126,0.14508342742919922,0.8892520511567238
244,False,7,7127,0.15863800048828125,0.7901696729518117
245,False,7,7128,0.15623211860656738,0.7947959075681864
246,False,7,7129,0.14673233032226562,0.8214166718424255
247,False,7,7130,0.16318702697753906,0.8206072356330143
248,False,7,7131,0.15671634674072266,0.8314289891471465
249,False,7,7132,0.1460559368133545,0.7921597900955627
250,False,7,7133,0.1487116813659668,0.8024532715124743
251,False,7,7134,0.14367151260375977,0.8239232474228455
252,False,7,7135,0.16422724723815918,0.780080658738457
253,False,7,7136,0.14792323112487793,0.7870790730452254
254,False,7,7137,0.15647268295288086,0.8693529993428716
255,False,7,7138,0.16057467460632324,0.8734550050326757
256,False,7,7139,0.1453237533569336,0.7897310201522141
257,False,7,7140,0.15601253509521484,0.8029682642691548
258,False,7,7141,0.14691853523254395,0.8212922845434931
259,False,7,7142,0.1583085060119629,0.7755175026887583
260,False,7,7143,0.15465831756591797,0.8039482407759697
261,False,7,7144,0.14301586151123047,0.7412257875271498
262,False,7,7145,0.1473228931427002,0.8021537897930968
263,False,7,7146,0.15070891380310059,0.8505555545423358
264,False,7,7147,0.14870762825012207,0.7799526705140516
265,False,7,7148,0.16502785682678223,0.790265112760521
266,False,7,7149,0.1475992202758789,0.781004502837147
267,False,7,7150,0.15533995628356934,0.7827413268387318
268,False,7,7151,0.16056394577026367,0.8184957119325798
269,False,7,7152,0.14525866508483887,0.7792738105303474
270,False,7,7153,0.15517926216125488,0.8395295130377192
271,False,7,7154,0.15477561950683594,0.7983837855891104
272,False,7,7155,0.1472609043121338,0.8312626501567483
273,False,7,7156,0.16373920440673828,0.722083539746347
274,False,7,7157,0.15525293350219727,0.8329502926762439
275,False,7,7158,0.14768409729003906,0.811090947162094
276,False,7,7159,0.14697003364562988,0.8215156184021563
277,False,7,7160,0.14780950546264648,0.8181510554138749
278,False,7,7161,0.16460466384887695,0.8088149134779262
279,False,7,7162,0.14708375930786133,0.7996424826172491
280,False,7,7163,0.14181923866271973,0.8221962444839022
281,False,7,7164,0.1513080596923828,0.7842500883021526
282,False,7,7165,0.1533052921295166,0.795421610065248
283,False,7,7166,0.1575624942779541,0.811201470493827
284,False,7,7167,0.1526327133178711,0.7764472620273452
285,False,7,7168,0.15494799613952637,0.7658349084224375
286,False,7,7169,0.16086864471435547,0.7501388704182492
287,False,7,7170,0.1445024013519287,0.7883812924181776
288,False,7,7171,0.15389561653137207,0.8232762344802419
289,False,7,7172,0.15425872802734375,0.8517207262061892
290,False,7,7173,0.1514582633972168,0.8677014939132194
291,False,7,7174,0.15244626998901367,0.8363868839417894
292,False,7,7175,0.14969158172607422,0.8183809670264878
293,False,7,7176,0.15963530540466309,0.7827993828825476
294,False,7,7177,0.15314626693725586,0.7478365081340254
295,False,7,7178,0.15386652946472168,0.8073085517445134
296,False,7,7179,0.1537766456604004,0.8019119651455966
297,False,7,7180,0.15538930892944336,0.7181588341703727
298,False,7,7181,0.14312005043029785,0.8149299325997985
299,False,7,7182,0.14843463897705078,0.7332001459740457
300,False,7,7183,0.15061163902282715,0.8002622716927102
301,False,7,7184,0.1589956283569336,0.8601350147011024
302,False,7,7185,0.1569228172302246,0.850971301407775
303,False,7,7186,0.14679765701293945,0.7989767435827249
304,False,7,7187,0.16092538833618164,0.7730541951466531
305,False,7,7188,0.15583205223083496,0.8275164430961011
306,False,7,7189,0.14654231071472168,0.7877402690106206
307,False,7,7190,0.15239763259887695,0.7765473173598626
308,False,7,7191,0.15877103805541992,0.8712324443317594
309,False,7,7192,0.14960718154907227,0.769755360116029
310,False,7,7193,0.14756178855895996,0.8168804584780619
311,False,7,7194,0.14400792121887207,0.8465338529398043
312,False,7,7195,0.16216278076171875,0.8532757683923201
313,False,7,7196,0.15418314933776855,0.7604997703317731
314,False,7,7197,0.146636962890625,0.8374947205939816
315,False,7,7198,0.1587965488433838,0.8134360663326722
316,False,7,7199,0.15459442138671875,0.8520354625569391
317,True,7,7200,0.18154191970825195,0.8122586127193202
318,False,7,7201,0.15893888473510742,0.750864896125027
319,False,7,7202,0.14603495597839355,0.9008132804717334
320,False,7,7203,0.14754581451416016,0.853797095606015
321,False,7,7204,0.1561141014099121,0.7952847340632052
322,False,7,7205,0.15713286399841309,0.7979588922157531
323,False,7,7206,0.14969277381896973,0.8270067418371105
324,False,7,7207,0.14589190483093262,0.7839628970583105
325,False,7,7208,0.16121411323547363,0.7824273860813784
326,False,7,7209,0.15498685836791992,0.7931873393910273
327,False,7,7210,0.14726877212524414,0.7838257022667675
328,False,7,7211,0.15554332733154297,0.825812983337701
329,False,7,7212,0.1478574275970459,0.8342660771948952
330,False,7,7213,0.16283273696899414,0.7875242079608142
331,False,7,7214,0.15419673919677734,0.8450942281411874
332,False,7,7215,0.14937233924865723,0.7786695218334596
333,False,7,7216,0.14591503143310547,0.8158384254202246
334,False,7,7217,0.14777660369873047,0.820935263941508
335,False,7,7218,0.16236639022827148,0.7285260781867519
336,False,7,7219,0.15097928047180176,0.8012582598520179
337,False,7,7220,0.15674376487731934,0.8579657899127121
338,False,7,7221,0.15061283111572266,0.7886133313489458
339,False,7,7222,0.14448237419128418,0.8172850181304273
340,False,7,7223,0.1559906005859375,0.8110090774439629
341,False,7,7224,0.14678597450256348,0.7616277081293188
342,False,7,7225,0.1581127643585205,0.8870646866548452
343,False,7,7226,0.15407967567443848,0.7725208263755553
344,False,7,7227,0.1519176959991455,0.8397744121251713
345,False,7,7228,0.15169715881347656,0.8215396045263679
346,False,7,7229,0.15755438804626465,0.8155853701755404
347,False,7,7230,0.15137052536010742,0.8382453129050278
348,False,7,7231,0.16038894653320312,0.8185592957417525
349,False,7,7232,0.1464529037475586,0.7830208723122873
350,False,7,7233,0.18343520164489746,0.8113431244911183
351,False,7,7234,0.15642023086547852,0.7842605608249348
352,False,7,7235,0.15220403671264648,0.793630091207368
353,False,7,7236,0.1606156826019287,0.8031794365628488
354,False,7,7237,0.15041875839233398,0.8362269156745502
355,False,7,7238,0.1575319766998291,0.7638906191457948
356,False,7,7239,0.16376304626464844,0.7706960240445501
357,False,7,7240,0.14656877517700195,0.7708551469037223
358,False,7,7241,0.15610456466674805,0.8503100425004959
359,False,7,7242,0.15582656860351562,0.7843863952439281
360,False,7,7243,0.15492892265319824,0.799135738895053
361,False,7,7244,0.15216279029846191,0.772832653640459
362,False,7,7245,0.15375971794128418,0.8014063429796978
363,False,7,7246,0.15201377868652344,0.7826006334895889
364,False,7,7247,0.15708446502685547,0.8318474896784339
365,False,7,7248,0.14472031593322754,0.8165268890027491
366,False,7,7249,0.15523672103881836,0.8388080462990776
367,False,7,7250,0.15475201606750488,0.8053466081286647
368,False,7,7251,0.15302443504333496,0.8695383459063515
369,False,7,7252,0.15720272064208984,0.8009397421431328
370,False,7,7253,0.14755916595458984,0.8174839072993823
371,False,7,7254,0.16370439529418945,0.7866918577236081
372,False,7,7255,0.14777708053588867,0.8360170296814649
373,False,7,7256,0.14614105224609375,0.8169859105809814
374,False,7,7257,0.15328526496887207,0.8089685372653462
375,False,7,7258,0.15782594680786133,0.8313270532304334
376,False,7,7259,0.15212750434875488,0.8818259620595547
377,False,7,7260,0.144150972366333,0.7954501972999423
378,False,7,7261,0.15600800514221191,0.824683743606632
379,False,7,7262,0.1610705852508545,0.884494020470551
380,False,7,7263,0.14433693885803223,0.8439551737115141
381,False,7,7264,0.14805269241333008,0.8472032059161435
382,False,7,7265,0.1582660675048828,0.7805148625103312
383,False,7,7266,0.14556527137756348,0.8560759380592832
384,False,7,7267,0.15142226219177246,0.9144615545159294
385,False,7,7268,0.1460435390472412,0.833962691881295
386,False,7,7269,0.15555024147033691,0.8043834373266214
387,False,7,7270,0.16204214096069336,0.8268740221392362
388,False,7,7271,0.14502906799316406,0.8176180318530119
389,False,7,7272,0.15369057655334473,0.8174888964609378
390,False,7,7273,0.15578770637512207,0.80471481546937
391,False,7,7274,0.14882874488830566,0.779787614232018
392,False,7,7275,0.1465775966644287,0.8241166360011057
393,False,7,7276,0.14607548713684082,0.8406777114030863
394,False,7,7277,0.15796756744384766,0.8140044997756681
395,False,7,7278,0.15590143203735352,0.8545736054712464
396,False,7,7279,0.1550137996673584,0.8098856074558127
397,False,7,7280,0.15357232093811035,0.7722086808644234
398,False,7,7281,0.1586911678314209,0.8306517301659498
399,False,7,7282,0.14487719535827637,0.7633110502889999
400,False,7,7283,0.16245102882385254,0.7242475275305055
401,False,7,7284,0.15287375450134277,0.7641728052736392
402,False,7,7285,0.14627790451049805,0.8278175201932233
403,False,7,7286,0.1458289623260498,0.7990122267178127
404,False,7,7287,0.1448655128479004,0.801318782293016
405,False,7,7288,0.15423202514648438,0.825631077268294
406,False,7,7289,0.1517016887664795,0.8454686710167497
407,False,7,7290,0.15501713752746582,0.7834248919638671
408,False,7,7291,0.1575608253479004,0.8405349724039081
409,False,7,7292,0.15867996215820312,0.8372429186877395
410,False,7,7293,0.14494705200195312,0.8094975105708555
411,False,7,7294,0.1545720100402832,0.7551573612172868
412,False,7,7295,0.1440601348876953,0.8427688681653567
413,False,7,7296,0.1656346321105957,0.7814481126676714
414,False,7,7297,0.14798998832702637,0.8289034226909279
415,False,7,7298,0.15285253524780273,0.7435274563197578
416,False,7,7299,0.16151094436645508,0.775979779283738
417,True,7,7300,0.1792304515838623,0.7775992247098613
418,False,7,7301,0.1605849266052246,0.7881556501434673
419,False,7,7302,0.1532459259033203,0.7715161687228829
420,False,7,7303,0.1536247730255127,0.8358676923172813
421,False,7,7304,0.15070152282714844,0.832571325335829
422,False,7,7305,0.15516400337219238,0.8118454101717189
423,False,7,7306,0.1454932689666748,0.84760075448347
424,False,7,7307,0.15574145317077637,0.8857579172611061
425,False,7,7308,0.1464519500732422,0.7949425194501166
426,False,7,7309,0.16036081314086914,0.8548335533677822
427,False,7,7310,0.1540994644165039,0.7854717785182097
428,False,7,7311,0.14308834075927734,0.8187948032947522
429,False,7,7312,0.14711332321166992,0.8221863765668658
430,False,7,7313,0.14871764183044434,0.842899036571561
431,False,7,7314,0.1638641357421875,0.8351020402319373
432,False,7,7315,0.14824914932250977,0.754620986824323
433,False,7,7316,0.15520668029785156,0.7874710102055575
434,False,7,7317,0.15971016883850098,0.8454026956931643
435,False,7,7318,0.1470351219177246,0.7610313702995579
436,False,7,7319,0.15516066551208496,0.7856121269453851
437,False,7,7320,0.14534997940063477,0.7978443182627892
438,False,7,7321,0.15472769737243652,0.8832086675933428
439,False,7,7322,0.1573200225830078,0.8032897946513478
440,False,7,7323,0.15489768981933594,0.7793494528048627
441,False,7,7324,0.15758609771728516,0.8246809464125406
442,False,7,7325,0.1578664779663086,0.7992201229180431
443,False,7,7326,0.14677643775939941,0.7966859798346247
444,False,7,7327,0.1639249324798584,0.8185797802039556
445,False,7,7328,0.15193772315979004,0.8133614298754503
446,False,7,7329,0.14256930351257324,0.8189265587411465
447,False,7,7330,0.15440988540649414,0.8068898338602767
448,False,7,7331,0.1545572280883789,0.7762638604534522
449,False,7,7332,0.15968036651611328,0.8038908439976651
450,False,7,7333,0.14559507369995117,0.7952726803764347
451,False,7,7334,0.14628124237060547,0.7608313455379434
452,False,7,7335,0.14787578582763672,0.8541315511822524
453,False,7,7336,0.1447608470916748,0.8604712493362882
454,False,7,7337,0.16041946411132812,0.7923242932717717
455,False,7,7338,0.1581711769104004,0.7685757172737447
456,False,7,7339,0.14602136611938477,0.7754234899545001
457,False,7,7340,0.16036438941955566,0.7568569254751005
458,False,7,7341,0.15396785736083984,0.7468568776689822
459,False,7,7342,0.15349793434143066,0.7596341057547501
460,False,7,7343,0.15578603744506836,0.8106574053610011
461,False,7,7344,0.14546895027160645,0.8121514568726221
462,False,7,7345,0.15933966636657715,0.7919431498074637
463,False,7,7346,0.15866446495056152,0.8007312112133061
464,False,7,7347,0.14442706108093262,0.7781606217225394
465,False,7,7348,0.153472900390625,0.8170914649298148
466,False,7,7349,0.14803361892700195,0.7809448482890037
467,False,7,7350,0.16083955764770508,0.7793473794036323
468,False,7,7351,0.1456453800201416,0.8172761848684222
469,False,7,7352,0.1409454345703125,0.7972340526924068
470,False,7,7353,0.15231704711914062,0.8172009975338974
471,False,7,7354,0.15430021286010742,0.7733743925401497
472,False,7,7355,0.15063691139221191,0.7657061210678271
473,False,7,7356,0.1564350128173828,0.8465950728970625
474,False,7,7357,0.14340543746948242,0.8368887672023402
475,False,7,7358,0.16666889190673828,0.7453771937150683
476,False,7,7359,0.2484288215637207,0.8039430620126603
477,False,7,7360,0.14359569549560547,0.759960275786441
478,False,7,7361,0.15117859840393066,0.8164664882102184
479,False,7,7362,0.14553594589233398,0.7327090583497746
480,False,7,7363,0.15559029579162598,0.839754354031313
481,False,7,7364,0.15541696548461914,0.7806925727497964
482,False,7,7365,0.15037035942077637,0.8595691545023805
483,False,7,7366,0.15139222145080566,0.8709896101527626
484,False,7,7367,0.14644455909729004,0.7662865938618778
485,False,7,7368,0.15286588668823242,0.838209273282527
486,False,7,7369,0.16147518157958984,0.7771082524032822
487,False,7,7370,0.14884138107299805,0.8631194015698774
488,False,7,7371,0.15680408477783203,0.8134475916934512
489,False,7,7372,0.15707182884216309,0.8726463087036139
490,False,7,7373,0.1470177173614502,0.8404779964170994
491,False,7,7374,0.16346311569213867,0.7991173496868993
492,False,7,7375,0.15462803840637207,0.7723386833178145
493,False,7,7376,0.1477057933807373,0.8011566865302268
494,False,7,7377,0.15142560005187988,0.8082773232766027
495,False,7,7378,0.15773248672485352,0.8218159934594519
496,False,7,7379,0.15399479866027832,0.7753131085829367
497,False,7,7380,0.1462571620941162,0.836228895732867
498,False,7,7381,0.14757132530212402,0.8200865992056648
499,False,7,7382,0.1596372127532959,0.8110224609706731
500,False,7,7383,0.1546773910522461,0.8362813592622321
501,False,7,7384,0.1446535587310791,0.8870258643513633
502,False,7,7385,0.15308642387390137,0.8533027370327285
503,False,7,7386,0.14879894256591797,0.815215731782484
504,False,7,7387,0.1640913486480713,0.8174290691081081
505,False,7,7388,0.1419227123260498,0.7497615354756514
506,False,7,7389,0.15510153770446777,0.8212205615958997
507,False,7,7390,0.1553058624267578,0.8376845832293234
508,False,7,7391,0.14765000343322754,0.8349911536178772
509,False,7,7392,0.16503119468688965,0.806283752079166
510,False,7,7393,0.15297245979309082,0.9062718805590909
511,False,7,7394,0.1458573341369629,0.8881311043875204
512,False,7,7395,0.16460442543029785,0.7998765336260908
513,False,7,7396,0.14428162574768066,0.7870558684447869
514,False,7,7397,0.15316081047058105,0.7893442200341572
515,False,7,7398,0.15436887741088867,0.8035702845414303
516,False,7,7399,0.15790104866027832,0.8393592410055655
517,True,7,7400,0.17786478996276855,0.8521501975400109
518,False,7,7401,0.16151642799377441,0.8556189059412903
519,False,7,7402,0.14928364753723145,0.9155036020868769
520,False,7,7403,0.14924907684326172,0.8153809101564721
521,False,7,7404,0.1549389362335205,0.7581634710853298
522,False,7,7405,0.15645885467529297,0.8143680996838069
523,False,7,7406,0.1470043659210205,0.822100173327185
524,False,7,7407,0.14414668083190918,0.8264904151382364
525,False,7,7408,0.15028142929077148,0.7876142483381998
526,False,7,7409,0.1554408073425293,0.7553939420862922
527,False,7,7410,0.15546774864196777,0.7865798669379382
528,False,7,7411,0.15639734268188477,0.8700164640765815
529,False,7,7412,0.14988350868225098,0.8311210726055184
530,False,7,7413,0.16660618782043457,0.8069657739473594
531,False,7,7414,0.1452014446258545,0.7856685343930232
532,False,7,7415,0.1501314640045166,0.7541878474432797
533,False,7,7416,0.16059494018554688,0.8751111132358865
534,False,7,7417,0.14166712760925293,0.8442576736477869
535,False,7,7418,0.14746570587158203,0.7670624613362762
536,False,7,7419,0.1562187671661377,0.6969100645122427
537,False,7,7420,0.14417052268981934,0.807077302464417
538,False,7,7421,0.16394639015197754,0.7692806089208241
539,False,7,7422,0.15212011337280273,0.8159426330322664
540,False,7,7423,0.15114974975585938,0.8510068220396837
541,False,7,7424,0.15642809867858887,0.8522028930130459
542,False,7,7425,0.1536397933959961,0.7614422582444689
543,False,7,7426,0.1607496738433838,0.7764102196586983
544,False,7,7427,0.1568443775177002,0.9504489623497995
545,False,7,7428,0.14610528945922852,0.7917127889314931
546,False,7,7429,0.16040682792663574,0.8137659378837617
547,False,7,7430,0.1538693904876709,0.844287440912532
548,False,7,7431,0.1559453010559082,0.7787713500050208
549,False,7,7432,0.15556025505065918,0.840271925575854
550,False,7,7433,0.15097308158874512,0.8131868302644721
551,False,7,7434,0.1607379913330078,0.8061747163245896
552,False,7,7435,0.15280675888061523,0.8509030550540913
553,False,7,7436,0.1625051498413086,0.8171103820426479
554,False,7,7437,0.1512737274169922,0.8079306877306883
555,False,7,7438,0.15586256980895996,0.8059259870621777
556,False,7,7439,0.16086554527282715,0.7989636430893802
557,False,7,7440,0.14577460289001465,0.7516643697662013
558,False,7,7441,0.15932559967041016,0.7984291094776597
559,False,7,7442,0.15755057334899902,0.8093468536223687
560,False,7,7443,0.14345860481262207,0.8003459331091671
561,False,7,7444,0.16153526306152344,0.8661032592256864
562,False,7,7445,0.15648651123046875,0.7785092347656332
563,False,7,7446,0.15086627006530762,0.7862638880809147
564,False,7,7447,0.15032601356506348,0.7678127685073942
565,False,7,7448,0.14612174034118652,0.8361956009729987
566,False,7,7449,0.1642615795135498,0.8138038126441338
567,False,7,7450,0.14368534088134766,0.7758105339127638
568,False,7,7451,0.154768705368042,0.8096084199136212
569,False,7,7452,0.16234493255615234,0.7981792923417829
570,False,7,7453,0.14359092712402344,0.8056684491180237
571,False,7,7454,0.14335298538208008,0.8197810549643779
572,False,7,7455,0.1562786102294922,0.8201802537909576
573,False,7,7456,0.14554882049560547,0.8275838404272993
574,False,7,7457,0.16485238075256348,0.8499498005424225
575,False,7,7458,0.15577483177185059,0.7846498625530374
576,False,7,7459,0.15067172050476074,0.8004277786683469
577,False,7,7460,0.14582562446594238,0.821191066964751
578,False,7,7461,0.15301060676574707,0.8449939270060333
579,False,7,7462,0.15477991104125977,0.7991217546874568
580,False,7,7463,0.1490178108215332,0.7885167531757836
581,False,7,7464,0.15617656707763672,0.8503439920688315
582,False,7,7465,0.152923583984375,0.8107142485789068
583,False,7,7466,0.15598225593566895,0.8693718306409818
584,False,7,7467,0.1753091812133789,0.8018832552645889
585,False,7,7468,0.15451693534851074,0.7755875152180947
586,False,7,7469,0.1501457691192627,0.8119519134717329
587,False,7,7470,0.16637587547302246,0.7908656617426978
588,False,7,7471,0.1444995403289795,0.808276890998795
589,False,7,7472,0.1712784767150879,0.8021304558607794
590,False,7,7473,0.16048645973205566,0.863690179639629
591,False,7,7474,0.14613914489746094,0.7975766024596634
592,False,7,7475,0.15659666061401367,0.7597952566020901
593,False,7,7476,0.15642523765563965,0.8042127127603939
594,False,7,7477,0.14626598358154297,0.8279364699763913
595,False,7,7478,0.16161537170410156,0.8282620583971341
596,False,7,7479,0.15002107620239258,0.7908037999046167
597,False,7,7480,0.15754222869873047,0.7580856150681419
598,False,7,7481,0.15279245376586914,0.8269739326621806
599,False,7,7482,0.15905237197875977,0.8898378835902329
600,False,7,7483,0.15387225151062012,0.7837215098774148
601,False,7,7484,0.1557631492614746,0.9063624378205056
602,False,7,7485,0.15532994270324707,0.7789752091103721
603,False,7,7486,0.15635275840759277,0.8284069714912524
604,False,7,7487,0.15005183219909668,0.8072110931721651
605,False,7,7488,0.1630537509918213,0.8024486761894963
606,False,7,7489,0.14687633514404297,0.7768111559229771
607,False,7,7490,0.15417122840881348,0.8701486990210556
608,False,7,7491,0.1544785499572754,0.7720608647380555
609,False,7,7492,0.15374350547790527,0.7903739531480127
610,False,7,7493,0.1482851505279541,0.8513096017053439
611,False,7,7494,0.14810609817504883,0.7972126062072458
612,False,7,7495,0.15486741065979004,0.8557539089981999
613,False,7,7496,0.1614387035369873,0.7845998534577941
614,False,7,7497,0.15581583976745605,0.779033736824723
615,False,7,7498,0.15595269203186035,0.8039854226545209
616,False,7,7499,0.15154480934143066,0.7646106429664152
617,True,7,7500,0.16449213027954102,0.7630139146044496
618,False,7,7501,0.15355587005615234,0.7736338999211076
619,False,7,7502,0.1534113883972168,0.8260104414962587
620,False,7,7503,0.15803885459899902,0.8607084757227096
621,False,7,7504,0.1528925895690918,0.848165495409852
622,False,7,7505,0.14606094360351562,0.8142513809060412
623,False,7,7506,0.16252660751342773,0.8346883033934449
624,False,7,7507,0.14853549003601074,0.7950285960410144
625,False,7,7508,0.15018129348754883,0.8417336823241343
626,False,7,7509,0.14722466468811035,0.817265333873885
627,False,7,7510,0.15702557563781738,0.8398856279617618
628,False,7,7511,0.15091443061828613,0.7742447817720297
629,False,7,7512,0.15163230895996094,0.8528709855329778
630,False,7,7513,0.14554452896118164,0.8307331087777304
631,False,7,7514,0.1628580093383789,0.817836893722415
632,False,7,7515,0.1529710292816162,0.8241353913077286
633,False,7,7516,0.14331722259521484,0.8429296284448357
634,False,7,7517,0.14701581001281738,0.783110905593882
635,False,7,7518,0.145827054977417,0.8821397149780146
636,False,7,7519,0.1546773910522461,0.8138102347785163
637,False,7,7520,0.15576934814453125,0.809531736775257
638,False,7,7521,0.14664030075073242,0.8238561464517954
639,False,7,7522,0.1639270782470703,0.7260665952316706
640,False,7,7523,0.15500211715698242,0.8143542837129817
641,False,7,7524,0.14572811126708984,0.7495975761253032
642,False,7,7525,0.1546332836151123,0.8377539519043194
643,False,7,7526,0.144744873046875,0.8005459493669194
644,False,7,7527,0.1604139804840088,0.8904438598879748
645,False,7,7528,0.15592360496520996,0.7567185108727287
646,False,7,7529,0.14436769485473633,0.8162006152172882
647,False,7,7530,0.15669894218444824,0.7911855784754848
648,False,7,7531,0.14699578285217285,0.830225939729384
649,False,7,7532,0.1576550006866455,0.8302717070494379
650,False,7,7533,0.1595311164855957,0.8791394971000652
651,False,7,7534,0.14716410636901855,0.8331045043832133
652,False,7,7535,0.1550736427307129,0.7756205351047574
653,False,7,7536,0.1514720916748047,0.8736829844613871
654,False,7,7537,0.16262340545654297,0.8467310070991517
655,False,7,7538,0.14513826370239258,0.7752627877163745
656,False,7,7539,0.15889430046081543,0.7718560396294507
657,False,7,7540,0.15815329551696777,0.8252238837359029
658,False,7,7541,0.1467902660369873,0.8134089012608111
659,False,7,7542,0.16344881057739258,0.8475800913403787
660,False,7,7543,0.15239238739013672,0.8212322435740914
661,False,7,7544,0.14957094192504883,0.8119194497842164
662,False,7,7545,0.15745973587036133,0.7820653446972192
663,False,7,7546,0.1541435718536377,0.7798110223375261
664,False,7,7547,0.1525583267211914,0.797908379463479
665,False,7,7548,0.14659380912780762,0.8262968258488745
666,False,7,7549,0.1476149559020996,0.7619418265031916
667,False,7,7550,0.1634678840637207,0.744428617746702
668,False,7,7551,0.15439105033874512,0.7677697413600981
669,False,7,7552,0.14443421363830566,0.8010676630905695
670,False,7,7553,0.14870834350585938,0.8091086544806049
671,False,7,7554,0.15181732177734375,0.828817766935875
672,False,7,7555,0.16145563125610352,0.822558649682573
673,False,7,7556,0.14967608451843262,0.8124553664099602
674,False,7,7557,0.15032100677490234,0.7463339601554686
675,False,7,7558,0.1673433780670166,0.778315758199564
676,False,7,7559,0.14409208297729492,0.7924897187345087
677,False,7,7560,0.1562213897705078,0.8301935929228506
678,False,7,7561,0.1575920581817627,0.7698088556616789
679,False,7,7562,0.14822053909301758,0.8208412381576465
680,False,7,7563,0.1522819995880127,0.7760599547376235
681,False,7,7564,0.14435267448425293,0.7722587106815937
682,False,7,7565,0.15477776527404785,0.8354012260568283
683,False,7,7566,0.16141009330749512,0.816929161326871
684,False,7,7567,0.14157605171203613,0.7990186480317439
685,False,7,7568,0.1491837501525879,0.7987773374077819
686,False,7,7569,0.1473984718322754,0.8169207862090497
687,False,7,7570,0.15668463706970215,0.8433103524591953
688,False,7,7571,0.15859150886535645,0.7831929993283536
689,False,7,7572,0.1470658779144287,0.8226891732996419
690,False,7,7573,0.14917564392089844,0.8212984863535634
691,False,7,7574,0.16652178764343262,0.7848254350856658
692,False,7,7575,0.1452498435974121,0.7990427345724864
693,False,7,7576,0.1567707061767578,0.7244328475956407
694,False,7,7577,0.15550541877746582,0.7531733446244506
695,False,7,7578,0.1568608283996582,0.7947092141423907
696,False,7,7579,0.15909433364868164,0.8228259408136918
697,False,7,7580,0.14711260795593262,0.8051358363702004
698,False,7,7581,0.15935420989990234,0.7995121145532244
699,False,7,7582,0.15822577476501465,0.7990153724593777
700,False,7,7583,0.14173102378845215,0.8339907256775493
701,False,7,7584,0.16107177734375,0.8323022071493876
702,False,7,7585,0.153228759765625,0.7640021707241733
703,False,7,7586,0.15555882453918457,0.8429227173328402
704,False,7,7587,0.1538224220275879,0.7610642396667529
705,False,7,7588,0.1471710205078125,0.8791438972222664
706,False,7,7589,0.16421818733215332,0.817035245930865
707,False,7,7590,0.15067458152770996,0.8923787545590176
708,False,7,7591,0.15514612197875977,0.8961632817185351
709,False,7,7592,0.1604461669921875,0.7649343607814185
710,False,7,7593,0.14565443992614746,0.7927633728388519
711,False,7,7594,0.16064023971557617,0.8522503846657596
712,False,7,7595,0.1524503231048584,0.8747299478300625
713,False,7,7596,0.15217924118041992,0.8653774446630408
714,False,7,7597,0.16480422019958496,0.7889837796822015
715,False,7,7598,0.15285038948059082,0.783963525933879
716,False,7,7599,0.15784978866577148,0.8471874812662246
717,True,7,7600,0.17436885833740234,0.7611613507670839
718,False,7,7601,0.1483306884765625,0.8058656194646444
719,False,7,7602,0.15018296241760254,0.8218058428860137
720,False,7,7603,0.15537619590759277,0.818201679558981
721,False,7,7604,0.16250848770141602,0.7822765515274591
722,False,7,7605,0.15390801429748535,0.7913612757942508
723,False,7,7606,0.15633606910705566,0.8007791853465496
724,False,7,7607,0.16130614280700684,0.7778823840476218
725,False,7,7608,0.14861798286437988,0.8150067449591697
726,False,7,7609,0.15667486190795898,0.8411905475492988
727,False,7,7610,0.15167975425720215,0.8789623939609598
728,False,7,7611,0.1535472869873047,0.8192900207691959
729,False,7,7612,0.15640616416931152,0.7592462858939102
730,False,7,7613,0.15772747993469238,0.8206427324164128
731,False,7,7614,0.14473795890808105,0.7717194795785915
732,False,7,7615,0.15546154975891113,0.7920097166206689
733,False,7,7616,0.14654755592346191,0.8414552963471836
734,False,7,7617,0.16276144981384277,0.7914682473942993
735,False,7,7618,0.15169262886047363,0.8518226628768302
736,False,7,7619,0.14796662330627441,0.7928002434117455
737,False,7,7620,0.14380121231079102,0.8069326514378189
738,False,7,7621,0.1547071933746338,0.8158492707381291
739,False,7,7622,0.16115307807922363,0.8963609214073843
740,False,7,7623,0.15004539489746094,0.7765738729032732
741,False,7,7624,0.14467144012451172,0.8713108223109017
742,False,7,7625,0.16437315940856934,0.7837205787544096
743,False,7,7626,0.14741277694702148,0.8287009333282531
744,False,7,7627,0.15434861183166504,0.8594910233348074
745,False,7,7628,0.15732073783874512,0.8897346098508153
746,False,7,7629,0.14890480041503906,0.8136672190324005
747,False,7,7630,0.15560483932495117,0.7773453281039283
748,False,7,7631,0.15346407890319824,0.8327777393250948
749,False,7,7632,0.1539628505706787,0.8618637502215624
750,False,7,7633,0.15070414543151855,0.7467513168008911
751,False,7,7634,0.15380048751831055,0.8746440815074102
752,False,7,7635,0.16024017333984375,0.7854498297951761
753,False,7,7636,0.15183401107788086,0.8812215128647432
754,False,7,7637,0.1452643871307373,0.7217298259160347
755,False,7,7638,0.1581401824951172,0.7733096886714477
756,False,7,7639,0.1517932415008545,0.8042881987722854
757,False,7,7640,0.14492511749267578,0.8036489795361247
758,False,7,7641,0.1490037441253662,0.7574292660380405
759,False,7,7642,0.1545569896697998,0.7478083680450386
760,False,7,7643,0.15001440048217773,0.8143199626356366
761,False,7,7644,0.14581871032714844,0.808822604206701
762,False,7,7645,0.14416098594665527,0.759951479777339
763,False,7,7646,0.16320061683654785,0.7865189726996635
764,False,7,7647,0.15445613861083984,0.8420736785268499
765,False,7,7648,0.1464700698852539,0.8482304969802498
766,False,7,7649,0.15753507614135742,0.8500730831708228
767,False,7,7650,0.15311455726623535,0.7918233931552443
768,False,7,7651,0.16191601753234863,0.7714918261238686
769,False,7,7652,0.15175795555114746,0.8056928269299013
770,False,7,7653,0.14632678031921387,0.8468438890607405
771,False,7,7654,0.16537809371948242,0.786127782781564
772,False,7,7655,0.14603042602539062,0.8071746988820713
773,False,7,7656,0.1565074920654297,0.8128359944759201
774,False,7,7657,0.14702057838439941,0.8242502390140934
775,False,7,7658,0.15775370597839355,0.7875697751573865
776,False,7,7659,0.14991474151611328,0.7541102715324435
777,False,7,7660,0.14557099342346191,0.7907112156750545
778,False,7,7661,0.1471269130706787,0.8431030724951551
779,False,7,7662,0.14868760108947754,0.7507913126942835
780,False,7,7663,0.14727091789245605,0.7168064467121095
781,False,7,7664,0.1640472412109375,0.7644285876747398
782,False,7,7665,0.14803600311279297,0.855537761579312
783,False,7,7666,0.14489436149597168,0.7665048321886431
784,False,7,7667,0.15714383125305176,0.8336599131469568
785,False,7,7668,0.15445852279663086,0.8235816576385072
786,False,7,7669,0.14550304412841797,0.7723674553313424
787,False,7,7670,0.15732955932617188,0.7899654702771277
788,False,7,7671,0.14700603485107422,0.7878228878336293
789,False,7,7672,0.15159344673156738,0.7692797245524291
790,False,7,7673,0.15436053276062012,0.8622819307326738
791,False,7,7674,0.15332293510437012,0.7628616718131873
792,False,7,7675,0.15727519989013672,0.7858072238907751
793,False,7,7676,0.14241528511047363,0.8241089648855405
794,False,7,7677,0.15816640853881836,0.7713410501323994
795,False,7,7678,0.15540051460266113,0.7588331769885762
796,False,7,7679,0.1448209285736084,0.7473728454760497
797,False,7,7680,0.1507568359375,0.80140995999266
798,False,7,7681,0.14261555671691895,0.8445192829129242
799,False,7,7682,0.1540515422821045,0.7437601414775212
800,False,7,7683,0.14264750480651855,0.7277769975563777
801,False,7,7684,0.15238380432128906,0.8807711095682215
802,False,7,7685,0.16044235229492188,0.8081010237247462
803,False,7,7686,0.14495539665222168,0.7948714605576935
804,False,7,7687,0.1540663242340088,0.8375378389221926
805,False,7,7688,0.15938472747802734,0.7664472337346522
806,False,7,7689,0.1569514274597168,0.862970783596947
807,False,7,7690,0.15042877197265625,0.816275243159561
808,False,7,7691,0.15560078620910645,0.8578849977902357
809,False,7,7692,0.15160393714904785,0.7969449251845835
810,False,7,7693,0.16327881813049316,0.8475627152781401
811,False,7,7694,0.14667963981628418,0.8583587372586843
812,False,7,7695,0.15213918685913086,0.8496725145904791
813,False,7,7696,0.1589221954345703,0.7646664722512165
814,False,7,7697,0.14702725410461426,0.8226193179642515
815,False,7,7698,0.15240478515625,0.8222429419512906
816,False,7,7699,0.1449124813079834,0.8093870660467517
817,True,7,7700,0.17966318130493164,0.796604824729175
818,False,7,7701,0.1793980598449707,0.8122109721547791
819,False,7,7702,0.15658259391784668,0.8595171670118967
820,False,7,7703,0.15150904655456543,0.8014914887580312
821,False,7,7704,0.15760302543640137,0.8362104302006108
822,False,7,7705,0.14170193672180176,0.7882711895453257
823,False,7,7706,0.16257977485656738,0.7661173812424142
824,False,7,7707,0.15575623512268066,0.829176040310856
825,False,7,7708,0.1565871238708496,0.7849747677821489
826,False,7,7709,0.1545712947845459,0.8469492412571397
827,False,7,7710,0.14589619636535645,0.8234271267872483
828,False,7,7711,0.1603400707244873,0.8179326163870949
829,False,7,7712,0.15764856338500977,0.7691811031794974
830,False,7,7713,0.14835119247436523,0.8931989330421423
831,False,7,7714,0.15827131271362305,0.8172050393851739
832,False,7,7715,0.15055584907531738,0.7838758299836802
833,False,7,7716,0.15532946586608887,0.7890261410114665
834,False,7,7717,0.15758204460144043,0.8768838969547124
835,False,7,7718,0.14373016357421875,0.8164637043318224
836,False,7,7719,0.16346144676208496,0.8667394997929
837,False,7,7720,0.154282808303833,0.8152626692539169
838,False,7,7721,0.14371085166931152,0.7630641194548282
839,False,7,7722,0.15401029586791992,0.8401856764796234
840,False,7,7723,0.1588294506072998,0.834749737554895
841,False,7,7724,0.15828895568847656,0.773235471342646
842,False,7,7725,0.140275239944458,0.8817697608887796
843,False,7,7726,0.13834667205810547,0.7994126950701077
844,False,7,7727,0.1509082317352295,0.8712472599221485
845,False,7,7728,0.14569306373596191,0.8045845835669232
846,False,7,7729,0.1549973487854004,0.7626549745688126
847,False,7,7730,0.14172625541687012,0.815432538854934
848,False,7,7731,0.15652823448181152,0.7940155877288254
849,False,7,7732,0.16169500350952148,0.7868862489925785
850,False,7,7733,0.14447760581970215,0.818308431632994
851,False,7,7734,0.15198516845703125,0.7619392977850069
852,False,7,7735,0.15608906745910645,0.7769059048344693
853,False,7,7736,0.15668201446533203,0.8104641383092496
854,False,7,7737,0.15459322929382324,0.7854305204514058
855,False,7,7738,0.14482879638671875,0.766698024501758
856,False,7,7739,0.16134929656982422,0.81480575239818
857,False,7,7740,0.15324831008911133,0.7874211907120688
858,False,7,7741,0.14569544792175293,0.7705876027189553
859,False,7,7742,0.15101075172424316,0.7994790164022041
860,False,7,7743,0.14184808731079102,0.8651508985841204
861,False,7,7744,0.1538228988647461,0.8410767168250112
862,False,7,7745,0.16260242462158203,0.7979630633656468
863,False,7,7746,0.15143465995788574,0.8092505167282763
864,False,7,7747,0.15231609344482422,0.8569711994579328
865,False,7,7748,0.15568804740905762,0.7904979195778391
866,False,7,7749,0.1506047248840332,0.7411441024215448
867,False,7,7750,0.16523456573486328,0.8833364021210445
868,False,7,7751,0.14519858360290527,0.8494007640651294
869,False,7,7752,0.15410208702087402,0.7678291005459392
870,False,7,7753,0.16017675399780273,0.9118396440476532
871,False,7,7754,0.14752459526062012,0.7849717591223971
872,False,7,7755,0.16083073616027832,0.8191656537487038
873,False,7,7756,0.15162301063537598,0.8911327979128275
874,False,7,7757,0.14673972129821777,0.7474250067025422
875,False,7,7758,0.1661083698272705,0.7923372257500888
876,False,7,7759,0.14627504348754883,0.8308372122036027
877,False,7,7760,0.1487107276916504,0.8042349891870151
878,False,7,7761,0.14710664749145508,0.8130424774274053
879,False,7,7762,0.1526496410369873,0.7900085912440858
880,False,7,7763,0.16034936904907227,0.8457915519053736
881,False,7,7764,0.15109658241271973,0.7932691727764906
882,False,7,7765,0.15410637855529785,0.7927623213756652
883,False,7,7766,0.15177154541015625,0.8332604380945365
884,False,7,7767,0.15362191200256348,0.8445911811930792
885,False,7,7768,0.15770864486694336,0.8446469176560639
886,False,7,7769,0.1499772071838379,0.8175662624694052
887,False,7,7770,0.1462700366973877,0.7885362656920085
888,False,7,7771,0.1627652645111084,0.8157354610794711
889,False,7,7772,0.15120625495910645,0.8359254130073601
890,False,7,7773,0.14923810958862305,0.7974592157905654
891,False,7,7774,0.1602468490600586,0.815333147466715
892,False,7,7775,0.14487957954406738,0.7917224104915347
893,False,7,7776,0.16011500358581543,0.8376314734951372
894,False,7,7777,0.16030192375183105,0.8048310146134879
895,False,7,7778,0.1454148292541504,0.8310899695691962
896,False,7,7779,0.1606578826904297,0.8022370599875492
897,False,7,7780,0.15176010131835938,0.8857392034759479
898,False,7,7781,0.14303183555603027,0.7928595563197242
899,False,7,7782,0.15428876876831055,0.7952108423536025
900,False,7,7783,0.14549899101257324,0.7688342169858516
901,False,7,7784,0.15624523162841797,0.7874107567837374
902,False,7,7785,0.14442896842956543,0.7993185296654701
903,False,7,7786,0.15317821502685547,0.8316926721793909
904,False,7,7787,0.15447115898132324,0.7909814424679747
905,False,7,7788,0.15283846855163574,0.8381523697503976
906,False,7,7789,0.14894938468933105,0.8153933462287698
907,False,7,7790,0.14357686042785645,0.8436746606603266
908,False,7,7791,0.14477181434631348,0.7951900593138167
909,False,7,7792,0.16117358207702637,0.8664632802053045
910,False,7,7793,0.157761812210083,0.8617913680860685
911,False,7,7794,0.14734458923339844,0.8129399435239889
912,False,7,7795,0.15060210227966309,0.8053788723357556
913,False,7,7796,0.14334940910339355,0.8076117566476264
914,False,7,7797,0.15402865409851074,0.8310363005425426
915,False,7,7798,0.1435987949371338,0.7611291634051925
916,False,7,7799,0.149399995803833,0.8584627922446953
917,True,7,7800,0.18198919296264648,0.8833780078483477
918,False,7,7801,0.14697742462158203,0.8640260887997493
919,False,7,7802,0.14251160621643066,0.8181999280073103
920,False,7,7803,0.15808820724487305,0.8598569010473077
921,False,7,7804,0.14760637283325195,0.7359675188171898
922,False,7,7805,0.15099811553955078,0.8151916895793486
923,False,7,7806,0.1555805206298828,0.8352786783306371
924,False,7,7807,0.15488767623901367,0.7594691213176009
925,False,7,7808,0.15732955932617188,0.7552223838200527
926,False,7,7809,0.14836525917053223,0.7919792239332484
927,False,7,7810,0.15264487266540527,0.7712878780882985
928,False,7,7811,0.15246272087097168,0.7971721452306071
929,False,7,7812,0.15470314025878906,0.7691845582753774
930,False,7,7813,0.14394855499267578,0.7664096363864482
931,False,7,7814,0.1518266201019287,0.8111084298496801
932,False,7,7815,0.1611766815185547,0.8332609229920698
933,False,7,7816,0.14269495010375977,0.8563398222017677
934,False,7,7817,0.14936423301696777,0.8064813331833908
935,False,7,7818,0.15717434883117676,0.7494595029080906
936,False,7,7819,0.15230131149291992,0.8261666228285147
937,False,7,7820,0.14733171463012695,0.7775544481507194
938,False,7,7821,0.15166473388671875,0.7857288592162409
939,False,7,7822,0.14669132232666016,0.7821151955341479
940,False,7,7823,0.15927648544311523,0.8239337455902602
941,False,7,7824,0.14580082893371582,0.7535204775520558
942,False,7,7825,0.15516018867492676,0.8089194500464059
943,False,7,7826,0.14294648170471191,0.7733995761456235
944,False,7,7827,0.15306448936462402,0.7810960400716532
945,False,7,7828,0.16165399551391602,0.8262128034562227
946,False,7,7829,0.1433877944946289,0.766134479548782
947,False,7,7830,0.1547079086303711,0.7507168369899905
948,False,7,7831,0.15399694442749023,0.7792065605920339
949,False,7,7832,0.1555631160736084,0.7660403169824609
950,False,7,7833,0.1545724868774414,0.8424648526900759
951,False,7,7834,0.1458592414855957,0.8385869142200264
952,False,7,7835,0.15388202667236328,0.8338896372532916
953,False,7,7836,0.1593637466430664,0.7474991734405713
954,False,7,7837,0.1434001922607422,0.7692659961148388
955,False,7,7838,0.1443004608154297,0.8061744488021801
956,False,7,7839,0.14851951599121094,0.8090231203740196
957,False,7,7840,0.14458441734313965,0.8074446405683244
958,False,7,7841,0.15162205696105957,0.815782014812742
959,False,7,7842,0.15519261360168457,0.8090851793863946
960,False,7,7843,0.14432644844055176,0.8406330224658761
961,False,7,7844,0.15365862846374512,0.77113670340207
962,False,7,7845,0.1516265869140625,0.7850429691329952
963,False,7,7846,0.15551543235778809,0.7771842485914628
964,False,7,7847,0.15716266632080078,0.8076780485765388
965,False,7,7848,0.1442089080810547,0.8532613267279453
966,False,7,7849,0.14991402626037598,0.8150885983237198
967,False,7,7850,0.1480274200439453,0.8092618031382917
968,False,7,7851,0.15659689903259277,0.7646862332864356
969,False,7,7852,0.15089678764343262,0.8219709320526036
970,False,7,7853,0.14490270614624023,0.8770588566438252
971,False,7,7854,0.1611189842224121,0.8861922888595256
972,False,7,7855,0.1563425064086914,0.8043331809541477
973,False,7,7856,0.14822983741760254,0.7822509985749743
974,False,7,7857,0.1492605209350586,0.7703182427656083
975,False,7,7858,0.14339613914489746,0.8082203996434275
976,False,7,7859,0.15400362014770508,0.8373511732178963
977,False,7,7860,0.14139628410339355,0.7712631909886285
978,False,7,7861,0.14572572708129883,0.8089303913348842
979,False,7,7862,0.16440677642822266,0.7358194716452133
980,False,7,7863,0.14819002151489258,0.7896443272364281
981,False,7,7864,0.14921355247497559,0.7543524749510523
982,False,7,7865,0.16144394874572754,0.7810108229806203
983,False,7,7866,0.15595149993896484,0.812474792867544
984,False,7,7867,0.1487569808959961,0.7612645184355123
985,False,7,7868,0.1482698917388916,0.7493660215377097
986,False,7,7869,0.14167404174804688,0.8341422097846155
987,False,7,7870,0.15459489822387695,0.7918383721040475
988,False,7,7871,0.15166282653808594,0.7846284410251038
989,False,7,7872,0.15229034423828125,0.8288914136189435
990,False,7,7873,0.15417242050170898,0.7648966728399196
991,False,7,7874,0.14647984504699707,0.7874412392044351
992,False,7,7875,0.16374945640563965,0.7767365415624919
993,False,7,7876,0.1542365550994873,0.8112618325810349
994,False,7,7877,0.1514267921447754,0.7936273318316256
995,False,7,7878,0.14997029304504395,0.8092193582006509
996,False,7,7879,0.14434289932250977,0.7971036427077791
997,False,7,7880,0.16239476203918457,0.8050525158288931
998,False,7,7881,0.15618610382080078,0.846585421290781
999,False,7,7882,0.16598010063171387,0.8238593443917731
1000,False,7,7883,0.15523314476013184,0.8011431252096027
1001,False,7,7884,0.1446545124053955,0.8350280675859678
1002,False,7,7885,0.16193294525146484,0.8988839852224502
1003,False,7,7886,0.15650558471679688,0.872123772788438
1004,False,7,7887,0.1471540927886963,0.8062156140249932
1005,False,7,7888,0.15357208251953125,0.8346521600504362
1006,False,7,7889,0.1449596881866455,0.8162845151631959
1007,False,7,7890,0.16112017631530762,0.8460654234291896
1008,False,7,7891,0.15870952606201172,0.8954167558057677
1009,False,7,7892,0.15007233619689941,0.8116980399825564
1010,False,7,7893,0.15779423713684082,0.8445335711751667
1011,False,7,7894,0.14797401428222656,0.8448892867281323
1012,False,7,7895,0.16370534896850586,0.7853856115557608
1013,False,7,7896,0.15584611892700195,0.791517963544244
1014,False,7,7897,0.14528512954711914,0.8407817053209459
1015,False,7,7898,0.15361690521240234,0.7563275972137314
1016,False,7,7899,0.15041089057922363,0.8575644953885959
1017,True,7,7900,0.1835939884185791,0.8375448895884412
1018,False,7,7901,0.14857244491577148,0.7907332036466824
1019,False,7,7902,0.1498394012451172,0.8254964960229006
1020,False,7,7903,0.16734027862548828,0.8430064028084633
1021,False,7,7904,0.14827942848205566,0.76838816697931
1022,False,7,7905,0.15444445610046387,0.8263952836527356
1023,False,7,7906,0.14641523361206055,0.8522829323718769
1024,False,7,7907,0.15557456016540527,0.8031569362085844
1025,False,7,7908,0.16367459297180176,0.7824847411608234
1026,False,7,7909,0.14491796493530273,0.8508260537914578
1027,False,7,7910,0.14274048805236816,0.8266149621035548
1028,False,7,7911,0.15820741653442383,0.8548234377632894
1029,False,7,7912,0.14643526077270508,0.7581835972876952
1030,False,7,7913,0.1529860496520996,0.8905675324300925
1031,False,7,7914,0.1564638614654541,0.7652844065090729
1032,False,7,7915,0.15417027473449707,0.7387608531197267
1033,False,7,7916,0.15838932991027832,0.8126757419668138
1034,False,7,7917,0.14421629905700684,0.8582917703759102
1035,False,7,7918,0.15769076347351074,0.7837866495274716
1036,False,7,7919,0.15781664848327637,0.7388946670994517
1037,False,7,7920,0.15629076957702637,0.8292536211333105
1038,False,7,7921,0.1581869125366211,0.7408411857405943
1039,False,7,7922,0.14739394187927246,0.7906051059031771
1040,False,7,7923,0.15383458137512207,0.8402671608186902
1041,False,7,7924,0.179945707321167,0.8233961120159141
1042,False,7,7925,0.15505385398864746,0.8079446577688767
1043,False,7,7926,0.1576230525970459,0.8141665829434281
1044,False,7,7927,0.14350175857543945,0.8225193675607443
1045,False,7,7928,0.16880106925964355,0.8514998382445249
1046,False,7,7929,0.1593947410583496,0.8138507396160137
1047,False,7,7930,0.1534714698791504,0.8016609920720968
1048,False,7,7931,0.14920663833618164,0.774624312651299
1049,False,7,7932,0.15889430046081543,0.8181201753184376
1050,False,7,7933,0.15545320510864258,0.8816688145466504
1051,False,7,7934,0.14481067657470703,0.7953765325780426
1052,False,7,7935,0.15638256072998047,0.8438662111737014
1053,False,7,7936,0.14479780197143555,0.8740282843687704
1054,False,7,7937,0.1566145420074463,0.7412027684705595
1055,False,7,7938,0.16245198249816895,0.7980960016027978
1056,False,7,7939,0.14465975761413574,0.8523558847872277
1057,False,7,7940,0.14656758308410645,0.801363389562106
1058,False,7,7941,0.15604877471923828,0.8077117009088398
1059,False,7,7942,0.14582586288452148,0.7976893058844975
1060,False,7,7943,0.1636207103729248,0.733435201846684
1061,False,7,7944,0.15606188774108887,0.7431142976773637
1062,False,7,7945,0.14627814292907715,0.7824022287746802
1063,False,7,7946,0.15336203575134277,0.7974044183224793
1064,False,7,7947,0.14576935768127441,0.839173598614122
1065,False,7,7948,0.16484928131103516,0.8070671839772592
1066,False,7,7949,0.15727758407592773,0.7956868410332217
1067,False,7,7950,0.1486952304840088,0.7847804368163148
1068,False,7,7951,0.15648245811462402,0.7323256074894398
1069,False,7,7952,0.14548134803771973,0.8452665549259456
1070,False,7,7953,0.1659562587738037,0.8116505216984523
1071,False,7,7954,0.15551447868347168,0.7774962530959221
1072,False,7,7955,0.14460134506225586,0.7832688355286207
1073,False,7,7956,0.15207672119140625,0.8571772903337008
1074,False,7,7957,0.1448509693145752,0.7819125558737486
1075,False,7,7958,0.1645653247833252,0.8597998706224774
1076,False,7,7959,0.15636444091796875,0.8442372444329694
1077,False,7,7960,0.14466643333435059,0.7975179673660368
1078,False,7,7961,0.15405821800231934,0.7858924620806995
1079,False,7,7962,0.1445317268371582,0.8065949226064341
1080,False,7,7963,0.15947556495666504,0.8128879766556478
1081,False,7,7964,0.15842485427856445,0.8071512307062567
1082,False,7,7965,0.14753079414367676,0.8164161806926132
1083,False,7,7966,0.15239644050598145,0.8285459432130057
1084,False,7,7967,0.15431857109069824,0.7966794879175723
1085,False,7,7968,0.16445589065551758,0.8360505873958273
1086,False,7,7969,0.14980721473693848,0.7533792194555559
1087,False,7,7970,0.1500539779663086,0.862757714055035
1088,False,7,7971,0.16230988502502441,0.8661274360492826
1089,False,7,7972,0.15454506874084473,0.7946854712707658
1090,False,7,7973,0.15063166618347168,0.7810027988716249
1091,False,7,7974,0.14923906326293945,0.7974642038434036
1092,False,7,7975,0.14493250846862793,0.8042100462840781
1093,False,7,7976,0.166609525680542,0.7761783195726041
1094,False,7,7977,0.1540842056274414,0.8203383171709165
1095,False,7,7978,0.16130518913269043,0.823044727656192
1096,False,7,7979,0.15606474876403809,0.8424639095153128
1097,False,7,7980,0.1442270278930664,0.777571112128152
1098,False,7,7981,0.1499950885772705,0.7588809429490495
1099,False,7,7982,0.15454435348510742,0.8682277064016531
1100,False,7,7983,0.15900802612304688,0.823225383813094
1101,False,7,7984,0.14950799942016602,0.8915020389526727
1102,False,7,7985,0.14320755004882812,0.7921051024681046
1103,False,7,7986,0.16163372993469238,0.8168276722565114
1104,False,7,7987,0.1572129726409912,0.7958369010039382
1105,False,7,7988,0.14467215538024902,0.7572263083642436
1106,False,7,7989,0.14545083045959473,0.8239558916982439
1107,False,7,7990,0.14403605461120605,0.8166251000726507
1108,False,7,7991,0.15446162223815918,0.7949784537777305
1109,False,7,7992,0.15287566184997559,0.8724677446520045
1110,False,7,7993,0.15440869331359863,0.7815542034250463
1111,False,7,7994,0.15201473236083984,0.7975872243488473
1112,False,7,7995,0.13930821418762207,0.8278841477863135
1113,False,7,7996,0.14638590812683105,0.8439055221776168
1114,False,7,7997,0.14821553230285645,0.744593261430661
1115,False,7,7998,0.15537071228027344,0.8277000196588538
1116,False,7,7999,0.15415072441101074,0.8214820895255321
1117,True,7,8000,0.17884087562561035,0.807296374169666
1118,False,7,8001,0.1588752269744873,0.753979187613974
1119,False,7,8002,0.1487746238708496,0.766013744420239
1120,False,7,8003,0.14249706268310547,0.793009919757467
1121,False,7,8004,0.15539836883544922,0.8084136758531842
1122,False,7,8005,0.1574254035949707,0.8251882959157228
1123,False,7,8006,0.1460413932800293,0.8927549459816267
1124,False,7,8007,0.1571042537689209,0.7769499517356356
1125,False,7,8008,0.14586973190307617,0.7957439647455302
1126,False,7,8009,0.15013694763183594,0.8654328052043205
1127,False,7,8010,0.15559101104736328,0.824762327973509
1128,False,7,8011,0.1510610580444336,0.8386831634921864
1129,False,7,8012,0.1564943790435791,0.8373133392583225
1130,False,7,8013,0.1476893424987793,0.8483491577429787
1131,False,7,8014,0.16242504119873047,0.7785419108057838
1132,False,7,8015,0.15718936920166016,0.8399153265969029
1133,False,7,8016,0.14471840858459473,0.7632084611271108
1134,False,7,8017,0.1559758186340332,0.7680574132661734
1135,False,7,8018,0.1580798625946045,0.8467612113426664
1136,False,7,8019,0.15285229682922363,0.7606462441118701
1137,False,7,8020,0.14589476585388184,0.7606353543565741
1138,False,7,8021,0.15638351440429688,0.8181529461428344
1139,False,7,8022,0.14193153381347656,0.793284501980192
1140,False,7,8023,0.15256667137145996,0.781010428687469
1141,False,7,8024,0.16246652603149414,0.8244834274297492
1142,False,7,8025,0.1417217254638672,0.8125355928426696
1143,False,7,8026,0.14399003982543945,0.8399588785666441
1144,False,7,8027,0.14844226837158203,0.8013984666516384
1145,False,7,8028,0.14452338218688965,0.8791320621967317
1146,False,7,8029,0.12063837051391602,0.7895919046409073
0,False,8,8030,0.15567803382873535,0.8079391713697639
1,False,8,8031,0.15770196914672852,0.8129964356887198
2,False,8,8032,0.15351200103759766,0.8298987671954645
3,False,8,8033,0.14389514923095703,0.7854836360950556
4,False,8,8034,0.1539325714111328,0.9226800740718664
5,False,8,8035,0.15685153007507324,0.7920446232892574
6,False,8,8036,0.1493091583251953,0.8034965963147227
7,False,8,8037,0.15001916885375977,0.8154920009962683
8,False,8,8038,0.14527320861816406,0.7713266006183058
9,False,8,8039,0.1542680263519287,0.7767788449169268
10,False,8,8040,0.14302921295166016,0.8386469048758347
11,False,8,8041,0.15492510795593262,0.8310374593628306
12,False,8,8042,0.16273117065429688,0.8259820895535606
13,False,8,8043,0.14601635932922363,0.8495968292422947
14,False,8,8044,0.15371465682983398,0.8297297550542723
15,False,8,8045,0.15749168395996094,0.7870916614220256
16,False,8,8046,0.14783811569213867,0.8101253572053143
17,False,8,8047,0.1517033576965332,0.8166164027172187
18,False,8,8048,0.1562345027923584,0.7810847078050885
19,False,8,8049,0.15312743186950684,0.8277877640378262
20,False,8,8050,0.15671706199645996,0.790017916931815
21,False,8,8051,0.14637064933776855,0.8735148895177103
22,False,8,8052,0.15090608596801758,0.8861457082842074
23,False,8,8053,0.15500736236572266,0.8305510580096217
24,False,8,8054,0.15400195121765137,0.8181550060509748
25,False,8,8055,0.14588046073913574,0.8032344771726501
26,False,8,8056,0.15418744087219238,0.8524510685709262
27,False,8,8057,0.16328716278076172,0.811666301484885
28,False,8,8058,0.14646673202514648,0.796447491472853
29,False,8,8059,0.15587997436523438,0.8601213105998576
30,False,8,8060,0.15738606452941895,0.8560644080197174
31,False,8,8061,0.14807486534118652,0.8247208975455057
32,False,8,8062,0.14939165115356445,0.8372634185832881
33,False,8,8063,0.14748668670654297,0.8287261362586703
34,False,8,8064,0.14275264739990234,0.8632412121542509
35,False,8,8065,0.15670037269592285,0.7893156275219682
36,False,8,8066,0.1427314281463623,0.8492312910523087
37,False,8,8067,0.15426278114318848,0.8046060092192852
38,False,8,8068,0.15801644325256348,0.7737173189497775
39,False,8,8069,0.14994549751281738,0.7997774878361572
40,False,8,8070,0.15020275115966797,0.7836272064818159
41,False,8,8071,0.1440725326538086,0.7879501250129015
42,False,8,8072,0.15529465675354004,0.7959583799931264
43,False,8,8073,0.16083407402038574,0.8949796211728382
44,False,8,8074,0.15747666358947754,0.8228687126344689
45,False,8,8075,0.14603400230407715,0.7544234020835056
46,False,8,8076,0.15598750114440918,0.788954533259606
47,False,8,8077,0.1449437141418457,0.8263084919502337
48,False,8,8078,0.1517961025238037,0.8577047797429951
49,False,8,8079,0.1544640064239502,0.7623109220017104
50,False,8,8080,0.15542387962341309,0.8002062567642756
51,False,8,8081,0.15237665176391602,0.797107184682751
52,False,8,8082,0.1450645923614502,0.7455223447842789
53,False,8,8083,0.15235161781311035,0.7477396852780309
54,False,8,8084,0.15544772148132324,0.8356929529857423
55,False,8,8085,0.1451127529144287,0.7998125921225264
56,False,8,8086,0.15040802955627441,0.8386061914996911
57,False,8,8087,0.14538049697875977,0.8155060357946369
58,False,8,8088,0.15264463424682617,0.882358748643171
59,False,8,8089,0.14585423469543457,0.7747794277966024
60,False,8,8090,0.14432287216186523,0.8202738851486215
61,False,8,8091,0.15069794654846191,0.7999836702476301
62,False,8,8092,0.15370416641235352,0.7427067925843099
63,False,8,8093,0.15578222274780273,0.777731645830153
64,False,8,8094,0.1570887565612793,0.7923330841918609
65,False,8,8095,0.1472632884979248,0.806483793560238
66,False,8,8096,0.1511695384979248,0.7805305066562833
67,False,8,8097,0.14394068717956543,0.7594355901791935
68,False,8,8098,0.1497361660003662,0.7545081093086906
69,False,8,8099,0.15733075141906738,0.808366346217337
70,True,8,8100,0.17296075820922852,0.8136924700035402
71,False,8,8101,0.15879154205322266,0.8527758571297108
72,False,8,8102,0.15813851356506348,0.763201103767469
73,False,8,8103,0.14295434951782227,0.7958573468384288
74,False,8,8104,0.1549851894378662,0.7872745210881388
75,False,8,8105,0.1441967487335205,0.8412406460182478
76,False,8,8106,0.14467978477478027,0.8318657638460755
77,False,8,8107,0.15117144584655762,0.9066097162486543
78,False,8,8108,0.14598512649536133,0.7894551357076991
79,False,8,8109,0.14905047416687012,0.8235877430332559
80,False,8,8110,0.1485888957977295,0.7976527322261107
81,False,8,8111,0.14641070365905762,0.7871882394399671
82,False,8,8112,0.1610715389251709,0.7507438132251126
83,False,8,8113,0.15491342544555664,0.8370269402152016
84,False,8,8114,0.15647172927856445,0.8458908926917329
85,False,8,8115,0.15291261672973633,0.8855205891831291
86,False,8,8116,0.14335227012634277,0.853101803156148
87,False,8,8117,0.15511703491210938,0.7956136078130274
88,False,8,8118,0.14223170280456543,0.7999449440145066
89,False,8,8119,0.15734601020812988,0.7305576847644434
90,False,8,8120,0.1604771614074707,0.8215186386258297
91,False,8,8121,0.1435987949371338,0.7678384317439936
92,False,8,8122,0.1498889923095703,0.8193267413104572
93,False,8,8123,0.14651203155517578,0.8323053731804801
94,False,8,8124,0.15028691291809082,0.7528106315904075
95,False,8,8125,0.14214754104614258,0.7740763792590725
96,False,8,8126,0.15338683128356934,0.8299961236882069
97,False,8,8127,0.14687395095825195,0.841987145421583
98,False,8,8128,0.1577589511871338,0.7776303113926024
99,False,8,8129,0.16074323654174805,0.7429916247104605
100,False,8,8130,0.19849205017089844,0.8147786346574626
101,False,8,8131,0.1901555061340332,0.778469656549749
102,False,8,8132,0.20094561576843262,0.8027545525914148
103,False,8,8133,0.19639158248901367,0.7964236851160724
104,False,8,8134,0.19103145599365234,0.7952909497655042
105,False,8,8135,0.18441390991210938,0.7776621055478852
106,False,8,8136,0.18996572494506836,0.7728258764060834
107,False,8,8137,0.1876215934753418,0.740581135975108
108,False,8,8138,0.19032883644104004,0.8246739221337651
109,False,8,8139,0.20186495780944824,0.8571821831920673
110,False,8,8140,0.19912481307983398,0.7479792200028894
111,False,8,8141,0.19241929054260254,0.8756560761304129
112,False,8,8142,0.2059478759765625,0.758752352602425
113,False,8,8143,0.19044137001037598,0.8304147553142338
114,False,8,8144,0.18775558471679688,0.8032208307247076
115,False,8,8145,0.20235872268676758,0.840030585903497
116,False,8,8146,0.1935434341430664,0.8418264397131723
117,False,8,8147,0.18822979927062988,0.8402386435884095
118,False,8,8148,0.20537328720092773,0.7663139487128884
119,False,8,8149,0.19136881828308105,0.837909620842852
120,False,8,8150,0.187652587890625,0.8211270167403631
121,False,8,8151,0.1845405101776123,0.8143124283247051
122,False,8,8152,0.20206046104431152,0.7969344898038322
123,False,8,8153,0.20749998092651367,0.7627910632374031
124,False,8,8154,0.1910240650177002,0.8046961794163854
125,False,8,8155,0.18986868858337402,0.8079342221220333
126,False,8,8156,0.20835375785827637,0.8055215432153394
127,False,8,8157,0.19003796577453613,0.8011827173177153
128,False,8,8158,0.2026197910308838,0.7891950433896412
129,False,8,8159,0.19498085975646973,0.8211904427568827
130,False,8,8160,0.18704891204833984,0.719887096590052
131,False,8,8161,0.1847689151763916,0.8612902568808447
132,False,8,8162,0.19219255447387695,0.7816247424066424
133,False,8,8163,0.20862674713134766,0.7725234954462697
134,False,8,8164,0.1936502456665039,0.750314877335248
135,False,8,8165,0.20166444778442383,0.8491201288776383
136,False,8,8166,0.19290518760681152,0.8261427549379213
137,False,8,8167,0.1882936954498291,0.8289335855903724
138,False,8,8168,0.20159912109375,0.9052843810724361
139,False,8,8169,0.2086493968963623,0.8430912747225237
140,False,8,8170,0.18938040733337402,0.8094382696518942
141,False,8,8171,0.19423890113830566,0.7959209488749147
142,False,8,8172,0.20466971397399902,0.9127530802285208
143,False,8,8173,0.19011688232421875,0.8358743258175396
144,False,8,8174,0.1842179298400879,0.7981908706549022
145,False,8,8175,0.18816375732421875,0.7586724820347235
146,False,8,8176,0.19110822677612305,0.7809543751756705
147,False,8,8177,0.20927882194519043,0.8536899513121518
148,False,8,8178,0.187910795211792,0.8186188864832125
149,False,8,8179,0.1927022933959961,0.8092986324336379
150,False,8,8180,0.20074200630187988,0.8332071493801084
151,False,8,8181,0.18990302085876465,0.7747780857829466
152,False,8,8182,0.2119612693786621,0.7772362440203627
153,False,8,8183,0.19043660163879395,0.7435119844906563
154,False,8,8184,0.19329524040222168,0.8204073121749041
155,False,8,8185,0.21104764938354492,0.816108553182511
156,False,8,8186,0.19362807273864746,0.7483745375648142
157,False,8,8187,0.18848824501037598,0.7902649288908357
158,False,8,8188,0.18523907661437988,0.8509748797819372
159,False,8,8189,0.18676424026489258,0.797292878939992
160,False,8,8190,0.19734716415405273,0.8105915726849898
161,False,8,8191,0.2014007568359375,0.8039483270785283
162,False,8,8192,0.1898503303527832,0.7942679788739908
163,False,8,8193,0.1883411407470703,0.7964365638548597
164,False,8,8194,0.2071394920349121,0.7342405876455207
165,False,8,8195,0.18993544578552246,0.8217104647663376
166,False,8,8196,0.19936871528625488,0.8010396128963856
167,False,8,8197,0.19765949249267578,0.7354629277584276
168,False,8,8198,0.18900632858276367,0.8050915306389685
169,False,8,8199,0.18469691276550293,0.7851813849106075
170,True,8,8200,0.23044276237487793,0.7899150237707157
171,False,8,8201,0.19714808464050293,0.8217270081596715
172,False,8,8202,0.2188565731048584,0.8354813541684833
173,False,8,8203,0.18746662139892578,0.8031617538072168
174,False,8,8204,0.20333194732666016,0.8263202416045323
175,False,8,8205,0.20708036422729492,0.8452944660980609
176,False,8,8206,0.19280743598937988,0.8312145515256341
177,False,8,8207,0.18640661239624023,0.7716489666629406
178,False,8,8208,0.2010345458984375,0.785039386035697
179,False,8,8209,0.19607186317443848,0.82464326397028
180,False,8,8210,0.19173288345336914,0.7602687186916315
181,False,8,8211,0.20150089263916016,0.8220900955299537
182,False,8,8212,0.20017075538635254,0.8340258595666714
183,False,8,8213,0.19027280807495117,0.8694905562304138
184,False,8,8214,0.20249032974243164,0.8070390034755249
185,False,8,8215,0.19915270805358887,0.8338594367128931
186,False,8,8216,0.191239595413208,0.7573105509592486
187,False,8,8217,0.19437432289123535,0.7974901272072678
188,False,8,8218,0.21201229095458984,0.8297650237079888
189,False,8,8219,0.19344568252563477,0.7655874162335836
190,False,8,8220,0.15236949920654297,0.757021299430302
191,False,8,8221,0.16251301765441895,0.8134642091712778
192,False,8,8222,0.15586137771606445,0.8298471274652651
193,False,8,8223,0.14975929260253906,0.8318316053288678
194,False,8,8224,0.15027427673339844,0.8928628890287307
195,False,8,8225,0.14487743377685547,0.8210496788046187
196,False,8,8226,0.15724968910217285,0.7569397198302407
197,False,8,8227,0.15766572952270508,0.7438552087793747
198,False,8,8228,0.14881420135498047,0.771862533830461
199,False,8,8229,0.15220427513122559,0.8303902308744865
200,False,8,8230,0.15829682350158691,0.8526951170393399
201,False,8,8231,0.1538221836090088,0.7416141830562127
202,False,8,8232,0.15647411346435547,0.8236938934396242
203,False,8,8233,0.1546788215637207,0.7124597940904399
204,False,8,8234,0.15894103050231934,0.8229656177683776
205,False,8,8235,0.1442101001739502,0.7882512366133075
206,False,8,8236,0.1610722541809082,0.7884796300592523
207,False,8,8237,0.15549492835998535,0.7699555904560145
208,False,8,8238,0.1602790355682373,0.8183087502007507
209,False,8,8239,0.1545095443725586,0.7740025362886844
210,False,8,8240,0.14907360076904297,0.790555811664533
211,False,8,8241,0.16014671325683594,0.8202316486165815
212,False,8,8242,0.15533900260925293,0.8329352869630038
213,False,8,8243,0.15016770362854004,0.7519147174565921
214,False,8,8244,0.15035533905029297,0.788124595347437
215,False,8,8245,0.14199566841125488,0.8584257469268602
216,False,8,8246,0.16365504264831543,0.8157844309074181
217,False,8,8247,0.15724682807922363,0.8435280452526752
218,False,8,8248,0.15896964073181152,0.8466139944891135
219,False,8,8249,0.15941596031188965,0.8250016846827097
220,False,8,8250,0.1480264663696289,0.7822195080641123
221,False,8,8251,0.1529405117034912,0.8103328745900874
222,False,8,8252,0.1555643081665039,0.8474544651939401
223,False,8,8253,0.15653538703918457,0.810973084753468
224,False,8,8254,0.1555953025817871,0.7462690545999934
225,False,8,8255,0.14583826065063477,0.7896567084050429
226,False,8,8256,0.16076087951660156,0.7925374739625981
227,False,8,8257,0.15721344947814941,0.7538069695056904
228,False,8,8258,0.14974689483642578,0.819553331372195
229,False,8,8259,0.1564474105834961,0.8132130591464896
230,False,8,8260,0.14670586585998535,0.7585943090019835
231,False,8,8261,0.16474366188049316,0.7879680528394167
232,False,8,8262,0.15573573112487793,0.7911387940735689
233,False,8,8263,0.1461188793182373,0.7696618597422327
234,False,8,8264,0.15245532989501953,0.7914196368572965
235,False,8,8265,0.14966034889221191,0.8151763730926351
236,False,8,8266,0.16780400276184082,0.8090257734015939
237,False,8,8267,0.1496906280517578,0.8226953933813744
238,False,8,8268,0.15152883529663086,0.7805409032319274
239,False,8,8269,0.16057062149047852,0.9111691598913498
240,False,8,8270,0.15631818771362305,0.8343634791672231
241,False,8,8271,0.15230393409729004,0.8058354927980829
242,False,8,8272,0.14824581146240234,0.8155616828728292
243,False,8,8273,0.15557122230529785,0.8040355749073481
244,False,8,8274,0.16367435455322266,0.8023006107125963
245,False,8,8275,0.14782929420471191,0.7891679654962251
246,False,8,8276,0.14260482788085938,0.8380287457257508
247,False,8,8277,0.15698671340942383,0.9077264976443812
248,False,8,8278,0.14679813385009766,0.8206477507150598
249,False,8,8279,0.16329240798950195,0.8709324287871522
250,False,8,8280,0.15678071975708008,0.8257761915170012
251,False,8,8281,0.1447892189025879,0.8054014775192454
252,False,8,8282,0.15668869018554688,0.7801397535062969
253,False,8,8283,0.14511680603027344,0.8360401969846515
254,False,8,8284,0.1639575958251953,0.8940324215883655
255,False,8,8285,0.15533447265625,0.8084885477243612
256,False,8,8286,0.15770387649536133,0.8265782686926071
257,False,8,8287,0.15963959693908691,0.8143823072979492
258,False,8,8288,0.14739418029785156,0.7934920106615341
259,False,8,8289,0.15322065353393555,0.7931827946477347
260,False,8,8290,0.15618181228637695,0.7517472263536459
261,False,8,8291,0.15315794944763184,0.7825782133066761
262,False,8,8292,0.15975451469421387,0.7583079724239986
263,False,8,8293,0.14495325088500977,0.7923306082597089
264,False,8,8294,0.1650242805480957,0.8290523296510358
265,False,8,8295,0.15793204307556152,0.8668289806782489
266,False,8,8296,0.1575782299041748,0.8121321150101722
267,False,8,8297,0.15791678428649902,0.7954691174839225
268,False,8,8298,0.14748907089233398,0.8199871726600187
269,False,8,8299,0.15757393836975098,0.7822379743059475
270,True,8,8300,0.1770179271697998,0.8332873177603771
271,False,8,8301,0.15263152122497559,0.7662368234069573
272,False,8,8302,0.1506516933441162,0.8595377423445735
273,False,8,8303,0.14586138725280762,0.8406247294818362
274,False,8,8304,0.16255831718444824,0.7777731281904771
275,False,8,8305,0.15828204154968262,0.8490576088273277
276,False,8,8306,0.1477367877960205,0.8116987443396023
277,False,8,8307,0.1572577953338623,0.8198972204700113
278,False,8,8308,0.14653897285461426,0.905581598003794
279,False,8,8309,0.16414237022399902,0.7812983154629668
280,False,8,8310,0.15599274635314941,0.8140949929088709
281,False,8,8311,0.1459662914276123,0.8051242547974522
282,False,8,8312,0.15300250053405762,0.8421216405085509
283,False,8,8313,0.1454324722290039,0.8760706023534849
284,False,8,8314,0.16628003120422363,0.9032800891436635
285,False,8,8315,0.157334566116333,0.7854804395742357
286,False,8,8316,0.14642882347106934,0.8229182830878665
287,False,8,8317,0.15425324440002441,0.7574508877559788
288,False,8,8318,0.14470911026000977,0.7567462644406727
289,False,8,8319,0.16347455978393555,0.8130288704165389
290,False,8,8320,0.15887069702148438,0.7891590391241369
291,False,8,8321,0.15071368217468262,0.8405062616802752
292,False,8,8322,0.15896081924438477,0.8662798251136251
293,False,8,8323,0.15643644332885742,0.7803333151996844
294,False,8,8324,0.15061116218566895,0.7968508097387496
295,False,8,8325,0.15123820304870605,0.846226724662951
296,False,8,8326,0.1504361629486084,0.798923749343625
297,False,8,8327,0.16437029838562012,0.7618193136128996
298,False,8,8328,0.14772891998291016,0.7527572297091996
299,False,8,8329,0.15584421157836914,0.7943160304622282
300,False,8,8330,0.144791841506958,0.8887266172761366
301,False,8,8331,0.15603995323181152,0.8384536453966229
302,False,8,8332,0.1625828742980957,0.8207498202543883
303,False,8,8333,0.14929747581481934,0.7933615764957807
304,False,8,8334,0.15888023376464844,0.8472366337997042
305,False,8,8335,0.15839815139770508,0.8064064828989407
306,False,8,8336,0.15063881874084473,0.7750124485852818
307,False,8,8337,0.16225099563598633,0.8020219073320429
308,False,8,8338,0.15821504592895508,0.7930645718283595
309,False,8,8339,0.14775562286376953,0.7787123136222363
310,False,8,8340,0.15679717063903809,0.8844743579005201
311,False,8,8341,0.1441495418548584,0.7959146655075962
312,False,8,8342,0.16390562057495117,0.8350861643751462
313,False,8,8343,0.15578651428222656,0.8367617222524826
314,False,8,8344,0.16227340698242188,0.8252932392725987
315,False,8,8345,0.15697336196899414,0.7758692195639015
316,False,8,8346,0.14493799209594727,0.8374878628002034
317,False,8,8347,0.16239094734191895,0.7951484091934704
318,False,8,8348,0.15629911422729492,0.8401752235367896
319,False,8,8349,0.14982295036315918,0.7931256412883244
320,False,8,8350,0.14838123321533203,0.7713112318777435
321,False,8,8351,0.1463325023651123,0.8125037738521184
322,False,8,8352,0.16189098358154297,0.8425804590362878
323,False,8,8353,0.15806341171264648,0.8023530452600902
324,False,8,8354,0.14982986450195312,0.7887028383889368
325,False,8,8355,0.15567922592163086,0.7417905091064139
326,False,8,8356,0.1453702449798584,0.7988035652032566
327,False,8,8357,0.1641836166381836,0.7675029501496327
328,False,8,8358,0.15642523765563965,0.7548855657334484
329,False,8,8359,0.14561080932617188,0.7988813319021748
330,False,8,8360,0.1534266471862793,0.8181701798568524
331,False,8,8361,0.14620113372802734,0.8548579469567077
332,False,8,8362,0.16351628303527832,0.8795246161697875
333,False,8,8363,0.15595436096191406,0.7657374505042321
334,False,8,8364,0.14508581161499023,0.7925930240280216
335,False,8,8365,0.15559625625610352,0.8480706488647096
336,False,8,8366,0.143265962600708,0.7911140663504955
337,False,8,8367,0.1524505615234375,0.7653648134853158
338,False,8,8368,0.1508347988128662,0.7572386328219659
339,False,8,8369,0.15463566780090332,0.8249982308175062
340,False,8,8370,0.15134739875793457,0.8078095197367173
341,False,8,8371,0.1429910659790039,0.9033531078270501
342,False,8,8372,0.15682482719421387,0.9157012500578452
343,False,8,8373,0.15678834915161133,0.8885284718791291
344,False,8,8374,0.14511680603027344,0.8340562069012476
345,False,8,8375,0.15141034126281738,0.8418262745475484
346,False,8,8376,0.15631484985351562,0.8123077284212091
347,False,8,8377,0.15526890754699707,0.796859572153716
348,False,8,8378,0.15755438804626465,0.8111732208524786
349,False,8,8379,0.1477196216583252,0.885395215159016
350,False,8,8380,0.16226720809936523,0.7971478127098331
351,False,8,8381,0.15529775619506836,0.761112993771565
352,False,8,8382,0.14684271812438965,0.8242613761131429
353,False,8,8383,0.15851998329162598,0.8394860615953806
354,False,8,8384,0.1469876766204834,0.8430133568943433
355,False,8,8385,0.16379308700561523,0.8005558633289876
356,False,8,8386,0.15500831604003906,0.8236411897066448
357,False,8,8387,0.14535307884216309,0.799757370148741
358,False,8,8388,0.15645790100097656,0.7512021532858765
359,False,8,8389,0.1489713191986084,0.7465484137425109
360,False,8,8390,0.16556954383850098,0.8872268101133937
361,False,8,8391,0.14708638191223145,0.8201454807228098
362,False,8,8392,0.15751099586486816,0.7908682069696842
363,False,8,8393,0.15598702430725098,0.873342965685186
364,False,8,8394,0.1478745937347412,0.8338721043075479
365,False,8,8395,0.15515875816345215,0.7646770469977389
366,False,8,8396,0.15322065353393555,0.727306506685203
367,False,8,8397,0.15463495254516602,0.7630228345016283
368,False,8,8398,0.15357375144958496,0.8192877495838772
369,False,8,8399,0.15595126152038574,0.8645313192779819
370,True,8,8400,0.18437790870666504,0.8891072943363161
371,False,8,8401,0.14590096473693848,0.8378225268263902
372,False,8,8402,0.14998459815979004,0.7698912785410704
373,False,8,8403,0.162764310836792,0.7639727509314461
374,False,8,8404,0.15580344200134277,0.7988843199841322
375,False,8,8405,0.14824771881103516,0.8407066648914701
376,False,8,8406,0.1523149013519287,0.8047157883244968
377,False,8,8407,0.1465151309967041,0.7385399619206077
378,False,8,8408,0.162689208984375,0.7705897802952676
379,False,8,8409,0.1545257568359375,0.7958826539771898
380,False,8,8410,0.14635872840881348,0.8208509876636699
381,False,8,8411,0.15651869773864746,0.9021294668893374
382,False,8,8412,0.14630627632141113,0.7652696697263134
383,False,8,8413,0.15271711349487305,0.8307798119882742
384,False,8,8414,0.15548181533813477,0.7442172734244238
385,False,8,8415,0.1527092456817627,0.8198340004531754
386,False,8,8416,0.15626096725463867,0.7864232552903038
387,False,8,8417,0.14546585083007812,0.8016791786067188
388,False,8,8418,0.16066288948059082,0.784193016411293
389,False,8,8419,0.153594970703125,0.8040865445066064
390,False,8,8420,0.14232182502746582,0.766296824296227
391,False,8,8421,0.1576087474822998,0.7786680317838632
392,False,8,8422,0.14986896514892578,0.8524706476101916
393,False,8,8423,0.15102910995483398,0.798792059666344
394,False,8,8424,0.14899873733520508,0.8459321806828182
395,False,8,8425,0.15774178504943848,0.7902933639651608
396,False,8,8426,0.15803098678588867,0.8156065591389224
397,False,8,8427,0.14521360397338867,0.8104445740270119
398,False,8,8428,0.16222691535949707,0.8243108529907961
399,False,8,8429,0.15586280822753906,0.8513393829842762
400,False,8,8430,0.15767216682434082,0.7887299427363491
401,False,8,8431,0.1868574619293213,0.8044529238360979
402,False,8,8432,0.14667391777038574,0.8273772018340726
403,False,8,8433,0.16370558738708496,0.7997871496426385
404,False,8,8434,0.15556740760803223,0.7302157462441496
405,False,8,8435,0.1679983139038086,0.8078150508614876
406,False,8,8436,0.15578484535217285,0.8390670234248752
407,False,8,8437,0.14994168281555176,0.8070519093778871
408,False,8,8438,0.15014076232910156,0.8627776911570911
409,False,8,8439,0.14713072776794434,0.768632800739613
410,False,8,8440,0.1559133529663086,0.8843726444146818
411,False,8,8441,0.15059447288513184,0.766826079404425
412,False,8,8442,0.15418553352355957,0.8691027973601152
413,False,8,8443,0.15450668334960938,0.8593336349530589
414,False,8,8444,0.1573176383972168,0.75009989818292
415,False,8,8445,0.1481773853302002,0.8140558901775096
416,False,8,8446,0.16546869277954102,0.7764103365507686
417,False,8,8447,0.15551543235778809,0.7865369031649261
418,False,8,8448,0.14540576934814453,0.7851153270651896
419,False,8,8449,0.15770936012268066,0.8124432961146036
420,False,8,8450,0.14608454704284668,0.8037604157413755
421,False,8,8451,0.15301752090454102,0.8272922280621492
422,False,8,8452,0.1558089256286621,0.8327524740071525
423,False,8,8453,0.15384197235107422,0.7956533685016136
424,False,8,8454,0.1584467887878418,0.8021248462388204
425,False,8,8455,0.14700961112976074,0.8000775418643441
426,False,8,8456,0.161790132522583,0.7546899992573474
427,False,8,8457,0.15555381774902344,0.8143135791954895
428,False,8,8458,0.1451096534729004,0.8748853753897406
429,False,8,8459,0.15401625633239746,0.8650834873274323
430,False,8,8460,0.15572309494018555,0.8170432401821015
431,False,8,8461,0.1573958396911621,0.7990653262850607
432,False,8,8462,0.15307116508483887,0.787199426398036
433,False,8,8463,0.15450024604797363,0.8235376339760565
434,False,8,8464,0.15206575393676758,0.8588366696522348
435,False,8,8465,0.15555763244628906,0.7903694894076103
436,False,8,8466,0.15930414199829102,0.8122696022148289
437,False,8,8467,0.14777565002441406,0.8394293549160163
438,False,8,8468,0.15662670135498047,0.8702177121525719
439,False,8,8469,0.15092086791992188,0.8208562211976164
440,False,8,8470,0.1438145637512207,0.8057641414038481
441,False,8,8471,0.1540539264678955,0.7913848586003518
442,False,8,8472,0.14453601837158203,0.8137431126974878
443,False,8,8473,0.1547069549560547,0.8324093983087337
444,False,8,8474,0.16062712669372559,0.8000622591491611
445,False,8,8475,0.1546478271484375,0.8098329668642863
446,False,8,8476,0.15494465827941895,0.8225439719722739
447,False,8,8477,0.15796852111816406,0.8478085402998008
448,False,8,8478,0.15636992454528809,0.817266946713928
449,False,8,8479,0.1612870693206787,0.794936030837042
450,False,8,8480,0.15779638290405273,0.8162177662320789
451,False,8,8481,0.15272879600524902,0.8855534029148876
452,False,8,8482,0.15843582153320312,0.8802303002060698
453,False,8,8483,0.14473867416381836,0.8666349080989938
454,False,8,8484,0.16308951377868652,0.796806855925492
455,False,8,8485,0.15300559997558594,0.7967470402918048
456,False,8,8486,0.1494140625,0.7351082817074797
457,False,8,8487,0.1590261459350586,0.7894336899542914
458,False,8,8488,0.14613795280456543,0.8020708620814341
459,False,8,8489,0.16669774055480957,0.8226742595212444
460,False,8,8490,0.1554396152496338,0.8409588957826297
461,False,8,8491,0.14631104469299316,0.8443897049652325
462,False,8,8492,0.15560030937194824,0.7998717980725424
463,False,8,8493,0.14635205268859863,0.7510449434187085
464,False,8,8494,0.16271400451660156,0.8115418911468059
465,False,8,8495,0.17989110946655273,0.8176326994739828
466,False,8,8496,0.1620492935180664,0.8175862745293195
467,False,8,8497,0.1513671875,0.7743679559567855
468,False,8,8498,0.14481306076049805,0.8159387608147447
469,False,8,8499,0.1615588665008545,0.7939013062333246
470,True,8,8500,0.1761796474456787,0.7668507603396262
471,False,8,8501,0.15283966064453125,0.7694521011518581
472,False,8,8502,0.14866900444030762,0.7898665594070086
473,False,8,8503,0.1523134708404541,0.795015736571735
474,False,8,8504,0.1640167236328125,0.7695652301689344
475,False,8,8505,0.14926862716674805,0.8251403750563482
476,False,8,8506,0.15480971336364746,0.8111495162537765
477,False,8,8507,0.15647625923156738,0.7868494954226274
478,False,8,8508,0.14666461944580078,0.9253682222195148
479,False,8,8509,0.15248560905456543,0.8368710545556884
480,False,8,8510,0.14373779296875,0.8544416256869832
481,False,8,8511,0.15720677375793457,0.7978054882869835
482,False,8,8512,0.15712237358093262,0.9076841344524706
483,False,8,8513,0.14679861068725586,0.8093617987774668
484,False,8,8514,0.14874839782714844,0.8040718012932866
485,False,8,8515,0.14801955223083496,0.7794891097361131
486,False,8,8516,0.1543128490447998,0.8182519300219914
487,False,8,8517,0.1493062973022461,0.7770667167469149
488,False,8,8518,0.14365243911743164,0.88494772699085
489,False,8,8519,0.15395331382751465,0.8110491549152705
490,False,8,8520,0.14128899574279785,0.7893595022504175
491,False,8,8521,0.14595842361450195,0.7903315479911508
492,False,8,8522,0.15982389450073242,0.813942343617479
493,False,8,8523,0.15306711196899414,0.8258129982499494
494,False,8,8524,0.1437985897064209,0.8111503649325597
495,False,8,8525,0.14696311950683594,0.7717962774248527
496,False,8,8526,0.1490614414215088,0.9159223692757743
497,False,8,8527,0.14252948760986328,0.7857360212974961
498,False,8,8528,0.1552104949951172,0.7937325295060874
499,False,8,8529,0.14429545402526855,0.8237815197734605
500,False,8,8530,0.15602469444274902,0.8078029356187298
501,False,8,8531,0.15625238418579102,0.7676623985171317
502,False,8,8532,0.14266753196716309,0.7652380208573526
503,False,8,8533,0.15467023849487305,0.8225959435415764
504,False,8,8534,0.14340829849243164,0.7875512777827681
505,False,8,8535,0.15167593955993652,0.7817803933063432
506,False,8,8536,0.15039396286010742,0.7802675470621103
507,False,8,8537,0.14466333389282227,0.8694517694945845
508,False,8,8538,0.14680027961730957,0.7556050045837072
509,False,8,8539,0.14468026161193848,0.803958577181523
510,False,8,8540,0.1568470001220703,0.7862532532640865
511,False,8,8541,0.14487051963806152,0.7643403265447842
512,False,8,8542,0.15404534339904785,0.7383842433004508
513,False,8,8543,0.16019558906555176,0.8031342496895896
514,False,8,8544,0.1459972858428955,0.8292925275330032
515,False,8,8545,0.14161109924316406,0.7323336127835014
516,False,8,8546,0.15751385688781738,0.8196536091688487
517,False,8,8547,0.1443157196044922,0.7427704862008492
518,False,8,8548,0.15419435501098633,0.7556916142459069
519,False,8,8549,0.15012907981872559,0.8348903405103124
520,False,8,8550,0.15468287467956543,0.8122626168852939
521,False,8,8551,0.15265226364135742,0.7961110803298654
522,False,8,8552,0.14105606079101562,0.8157834688290244
523,False,8,8553,0.15115714073181152,0.7357278840638519
524,False,8,8554,0.1410660743713379,0.8046789788419293
525,False,8,8555,0.1448967456817627,0.8333458370928254
526,False,8,8556,0.15389776229858398,0.8317390540392983
527,False,8,8557,0.14478778839111328,0.861917252707783
528,False,8,8558,0.1510772705078125,0.7720100151796248
529,False,8,8559,0.15044426918029785,0.7467851266264915
530,False,8,8560,0.15220189094543457,0.819604171883492
531,False,8,8561,0.15792369842529297,0.8495721840077924
532,False,8,8562,0.14705109596252441,0.8073267786364472
533,False,8,8563,0.14541983604431152,0.8391133645394194
534,False,8,8564,0.16134285926818848,0.7694683904715237
535,False,8,8565,0.15761017799377441,0.826168536020088
536,False,8,8566,0.14976191520690918,0.7898642416555611
537,False,8,8567,0.15940570831298828,0.797527197659725
538,False,8,8568,0.14682674407958984,0.8201401592010542
539,False,8,8569,0.16209006309509277,0.785067415064467
540,False,8,8570,0.1574704647064209,0.7860031820545417
541,False,8,8571,0.1421811580657959,0.8219644347471852
542,False,8,8572,0.15271782875061035,0.8021989203878636
543,False,8,8573,0.14570307731628418,0.7857319622167518
544,False,8,8574,0.16207647323608398,0.8185368026163253
545,False,8,8575,0.15608620643615723,0.7852920382061884
546,False,8,8576,0.14559268951416016,0.7931760029556851
547,False,8,8577,0.15034031867980957,0.788115168389465
548,False,8,8578,0.15241432189941406,0.8211276949871154
549,False,8,8579,0.16045641899108887,0.8310734303889885
550,False,8,8580,0.1520862579345703,0.7893479368649422
551,False,8,8581,0.1462101936340332,0.7801812433948119
552,False,8,8582,0.1602802276611328,0.819039470571581
553,False,8,8583,0.15557456016540527,0.7603969574196351
554,False,8,8584,0.15105485916137695,0.7553765991081794
555,False,8,8585,0.1542661190032959,0.8562107935015643
556,False,8,8586,0.14351320266723633,0.8264870856045966
557,False,8,8587,0.16428256034851074,0.7903856298154485
558,False,8,8588,0.15419435501098633,0.7856182185822123
559,False,8,8589,0.14313483238220215,0.8075788017207135
560,False,8,8590,0.15366911888122559,0.8004781063756949
561,False,8,8591,0.142350435256958,0.8114690770550319
562,False,8,8592,0.16200566291809082,0.8062192200727407
563,False,8,8593,0.15613913536071777,0.7844904996676462
564,False,8,8594,0.1544651985168457,0.8553348246828787
565,False,8,8595,0.15881562232971191,0.8341027425735125
566,False,8,8596,0.14602255821228027,0.8626837384820516
567,False,8,8597,0.1531507968902588,0.8368866530557476
568,False,8,8598,0.1491398811340332,0.8297814024900574
569,False,8,8599,0.1595604419708252,0.8293557421725597
570,True,8,8600,0.17618179321289062,0.7529374378999427
571,False,8,8601,0.14376521110534668,0.7966243883018338
572,False,8,8602,0.162933349609375,0.8333364305130783
573,False,8,8603,0.15653371810913086,0.8187849237916193
574,False,8,8604,0.1604018211364746,0.7752372229117013
575,False,8,8605,0.14971184730529785,0.8219844699127691
576,False,8,8606,0.15513181686401367,0.8053963551453004
577,False,8,8607,0.1591346263885498,0.8052793718164876
578,False,8,8608,0.15221166610717773,0.8630935890112248
579,False,8,8609,0.152069091796875,0.7794566996107323
580,False,8,8610,0.1509079933166504,0.8135068634569292
581,False,8,8611,0.15153145790100098,0.8837414682022339
582,False,8,8612,0.15764212608337402,0.7866239315120591
583,False,8,8613,0.12072992324829102,0.8452180236400592
584,False,8,8614,0.12081122398376465,0.8290386767614456
585,False,8,8615,0.14099502563476562,0.8890952814503441
586,False,8,8616,0.12658357620239258,0.770634918606707
587,False,8,8617,0.12082362174987793,0.8342846541532448
588,False,8,8618,0.1372377872467041,0.7598626589003419
589,False,8,8619,0.12268304824829102,0.7657525508354107
590,False,8,8620,0.12206006050109863,0.7750336834717365
591,False,8,8621,0.1329355239868164,0.7647592295626446
592,False,8,8622,0.11989569664001465,0.8970971656519742
593,False,8,8623,0.12028074264526367,0.8560970621183515
594,False,8,8624,0.13075971603393555,0.8038513386799467
595,False,8,8625,0.12088537216186523,0.9184570944468887
596,False,8,8626,0.12058591842651367,0.8292036002856631
597,False,8,8627,0.13174033164978027,0.7789295306207524
598,False,8,8628,0.12114143371582031,0.8290029101051567
599,False,8,8629,0.12363934516906738,0.7450055958969254
600,False,8,8630,0.13363313674926758,0.8623198629135176
601,False,8,8631,0.12223696708679199,0.7747722280965675
602,False,8,8632,0.12135863304138184,0.8204263379087762
603,False,8,8633,0.1329360008239746,0.777296424466407
604,False,8,8634,0.12195920944213867,0.7268090077587183
605,False,8,8635,0.12169408798217773,0.870053409288327
606,False,8,8636,0.13114476203918457,0.8908199998882732
607,False,8,8637,0.12076425552368164,0.8304476027731739
608,False,8,8638,0.12206912040710449,0.8107575657444873
609,False,8,8639,0.13398122787475586,0.883283936817731
610,False,8,8640,0.12019801139831543,0.7869242781085805
611,False,8,8641,0.11984944343566895,0.8144861866187835
612,False,8,8642,0.13403630256652832,0.7858640146663501
613,False,8,8643,0.13560819625854492,0.7777241275845362
614,False,8,8644,0.1225430965423584,0.8456386710140146
615,False,8,8645,0.1351606845855713,0.7774258123023345
616,False,8,8646,0.12418985366821289,0.816666772367344
617,False,8,8647,0.14220380783081055,0.8075400377357645
618,False,8,8648,0.13698220252990723,0.8529354605291571
619,False,8,8649,0.12284064292907715,0.7779385065216392
620,False,8,8650,0.12351179122924805,0.8374259925358709
621,False,8,8651,0.1351320743560791,0.7573449508109618
622,False,8,8652,0.12175321578979492,0.8051888517747144
623,False,8,8653,0.1218557357788086,0.7559043999229159
624,False,8,8654,0.13487577438354492,0.8322781356095912
625,False,8,8655,0.1222689151763916,0.8233287137533936
626,False,8,8656,0.12277436256408691,0.8557774803069023
627,False,8,8657,0.13246583938598633,0.8154200552519234
628,False,8,8658,0.14934039115905762,0.8446112333109512
629,False,8,8659,0.12399601936340332,0.7845914929972163
630,False,8,8660,0.13189291954040527,0.8865737051791732
631,False,8,8661,0.12237238883972168,0.8311328392342796
632,False,8,8662,0.1222994327545166,0.8321586257911154
633,False,8,8663,0.14623737335205078,0.8089212389951128
634,False,8,8664,0.12185049057006836,0.8227535043843089
635,False,8,8665,0.12311768531799316,0.7912328962813177
636,False,8,8666,0.13338208198547363,0.8090538344390334
637,False,8,8667,0.12150263786315918,0.7459212535593125
638,False,8,8668,0.12153911590576172,0.7280865865316063
639,False,8,8669,0.13397622108459473,0.7907539482472377
640,False,8,8670,0.12189769744873047,0.7872633048155834
641,False,8,8671,0.1217644214630127,0.8236256778861085
642,False,8,8672,0.1338355541229248,0.7916092627149606
643,False,8,8673,0.12282013893127441,0.8227286027256578
644,False,8,8674,0.12221741676330566,0.8763153248333506
645,False,8,8675,0.13547682762145996,0.7627902176408542
646,False,8,8676,0.12458920478820801,0.7867225340811448
647,False,8,8677,0.12204623222351074,0.7831534673903314
648,False,8,8678,0.13464045524597168,0.8167829659457009
649,False,8,8679,0.12214779853820801,0.8273807219894869
650,False,8,8680,0.12522482872009277,0.8195228989989986
651,False,8,8681,0.1336355209350586,0.8989100145796934
652,False,8,8682,0.12153911590576172,0.8158987565409569
653,False,8,8683,0.12255477905273438,0.8155380950442382
654,False,8,8684,0.13257336616516113,0.8143768396361598
655,False,8,8685,0.1307234764099121,0.7762926836897222
656,False,8,8686,0.12029504776000977,0.8004483827500647
657,False,8,8687,0.1325991153717041,0.8378219363678778
658,False,8,8688,0.12041926383972168,0.752345773624256
659,False,8,8689,0.12100839614868164,0.7761070619093343
660,False,8,8690,0.13296937942504883,0.7747484244450572
661,False,8,8691,0.12183833122253418,0.8380101007365046
662,False,8,8692,0.12319755554199219,0.8133735952544068
663,False,8,8693,0.13579964637756348,0.8090776103060869
664,False,8,8694,0.12250065803527832,0.7950896138458381
665,False,8,8695,0.13247323036193848,0.795024127577476
666,False,8,8696,0.13572168350219727,0.8248159314195317
667,False,8,8697,0.12236976623535156,0.9493190429084711
668,False,8,8698,0.12317061424255371,0.7775678408576088
669,False,8,8699,0.1359236240386963,0.8313404583771312
670,True,8,8700,0.13683366775512695,0.7770281793727052
671,False,8,8701,0.12129449844360352,0.8427544352487617
672,False,8,8702,0.13461637496948242,0.8309913083378758
673,False,8,8703,0.12097740173339844,0.7985952973055342
674,False,8,8704,0.12782549858093262,0.8023212814614886
675,False,8,8705,0.1318373680114746,0.8098832610994577
676,False,8,8706,0.12046194076538086,0.8061302928254008
677,False,8,8707,0.12616491317749023,0.8675623250726079
678,False,8,8708,0.13318824768066406,0.8450168547819236
679,False,8,8709,0.1219489574432373,0.7829946012103132
680,False,8,8710,0.1217198371887207,0.7948069934223202
681,False,8,8711,0.13338208198547363,0.825125438782076
682,False,8,8712,0.12170720100402832,0.8102263013300086
683,False,8,8713,0.1216878890991211,0.793104440860805
684,False,8,8714,0.14272832870483398,0.7892838832257049
685,False,8,8715,0.1204991340637207,0.8191219477892099
686,False,8,8716,0.12041592597961426,0.8166923445006387
687,False,8,8717,0.1314377784729004,0.797539901919663
688,False,8,8718,0.12303543090820312,0.8435979067303595
689,False,8,8719,0.12034225463867188,0.8644356375693207
690,False,8,8720,0.1329026222229004,0.7891051230309087
691,False,8,8721,0.12673473358154297,0.81057875142211
692,False,8,8722,0.12108922004699707,0.7673101099651486
693,False,8,8723,0.14350390434265137,0.7950500555757787
694,False,8,8724,0.11998295783996582,0.7728354284384598
695,False,8,8725,0.11991691589355469,0.8258419004490687
696,False,8,8726,0.1303095817565918,0.746528268725212
697,False,8,8727,0.11997103691101074,0.8447686136655862
698,False,8,8728,0.12022519111633301,0.7958744414860294
699,False,8,8729,0.1317896842956543,0.7752967418526253
700,False,8,8730,0.12392997741699219,0.8641823155339808
701,False,8,8731,0.12139368057250977,0.8583236252667293
702,False,8,8732,0.13582611083984375,0.7357743536454757
703,False,8,8733,0.12059307098388672,0.8057909451558122
704,False,8,8734,0.12115764617919922,0.8009186122300368
705,False,8,8735,0.13075518608093262,0.854414545620481
706,False,8,8736,0.12099838256835938,0.7686534557668936
707,False,8,8737,0.12316656112670898,0.7911181881402931
708,False,8,8738,0.13160324096679688,0.7650862304227692
709,False,8,8739,0.12123417854309082,0.8068739819739543
710,False,8,8740,0.12268424034118652,0.7733443832313198
711,False,8,8741,0.13428974151611328,0.8238966415214931
712,False,8,8742,0.1357111930847168,0.8567946109743345
713,False,8,8743,0.13494396209716797,0.8336649909282903
714,False,8,8744,0.16506147384643555,0.804383593345327
715,False,8,8745,0.4348123073577881,0.7729148254951549
716,False,8,8746,0.21977663040161133,0.8391840579653426
717,False,8,8747,0.13199281692504883,0.7602877733962878
718,False,8,8748,0.12455630302429199,0.7285290108550161
719,False,8,8749,0.12172937393188477,0.7627639155502299
720,False,8,8750,0.13153886795043945,0.8357162397310492
721,False,8,8751,0.12121295928955078,0.7874049809761343
722,False,8,8752,0.12311077117919922,0.8044800970570319
723,False,8,8753,0.13202571868896484,0.8435395845278567
724,False,8,8754,0.12103676795959473,0.8792147124407903
725,False,8,8755,0.12343525886535645,0.8004840707206835
726,False,8,8756,0.13248276710510254,0.8168186286819121
727,False,8,8757,0.12975740432739258,0.8287702762255709
728,False,8,8758,0.12136554718017578,0.8205860447182896
729,False,8,8759,0.13455510139465332,0.8554848499729166
730,False,8,8760,0.12063980102539062,0.7362578785091284
731,False,8,8761,0.12281394004821777,0.762131390206161
732,False,8,8762,0.13283848762512207,0.7780491800402246
733,False,8,8763,0.12098336219787598,0.7166409426856609
734,False,8,8764,0.12274742126464844,0.7573107204266957
735,False,8,8765,0.1340489387512207,0.8015400068169194
736,False,8,8766,0.13883638381958008,0.7669696813848401
737,False,8,8767,0.12277340888977051,0.7933517123927317
738,False,8,8768,0.13491344451904297,0.7652610209548757
739,False,8,8769,0.12132430076599121,0.8494101623073219
740,False,8,8770,0.1216893196105957,0.7493212554115982
741,False,8,8771,0.13337135314941406,0.8562548688080694
742,False,8,8772,0.12102222442626953,0.7858625536429742
743,False,8,8773,0.12341928482055664,0.886078858082848
744,False,8,8774,0.13514304161071777,0.8738707577854042
745,False,8,8775,0.13098764419555664,0.8570658765467148
746,False,8,8776,0.12173080444335938,0.7847764685949578
747,False,8,8777,0.1339256763458252,0.735682806421426
748,False,8,8778,0.12141656875610352,0.7146431876878654
749,False,8,8779,0.12213730812072754,0.76239854075192
750,False,8,8780,0.13361907005310059,0.8355163942933792
751,False,8,8781,0.12192249298095703,0.7818298976690995
752,False,8,8782,0.12182950973510742,0.7403293224162465
753,False,8,8783,0.1338186264038086,0.8082681918583278
754,False,8,8784,0.13111615180969238,0.8068563623819502
755,False,8,8785,0.12277531623840332,0.7849600177723915
756,False,8,8786,0.13436460494995117,0.8644240264381681
757,False,8,8787,0.12139034271240234,0.759445854008109
758,False,8,8788,0.12180471420288086,0.8464556316002493
759,False,8,8789,0.13761520385742188,0.8358458162817572
760,False,8,8790,0.12171244621276855,0.7934980237900857
761,False,8,8791,0.12166380882263184,0.7701912126725626
762,False,8,8792,0.13242578506469727,0.8209052867522196
763,False,8,8793,0.12534093856811523,0.785671488692363
764,False,8,8794,0.12386322021484375,0.8845844070116681
765,False,8,8795,0.13308358192443848,0.8010784988956791
766,False,8,8796,0.12002897262573242,0.7593077450015004
767,False,8,8797,0.12049412727355957,0.8489777197440466
768,False,8,8798,0.1322636604309082,0.803941985592246
769,False,8,8799,0.12056279182434082,0.7951202589486327
770,True,8,8800,0.1351456642150879,0.8011827116078208
771,False,8,8801,0.13539814949035645,0.8795631572692877
772,False,8,8802,0.12027311325073242,0.8884037109535364
773,False,8,8803,0.1220850944519043,0.8022998361737422
774,False,8,8804,0.13158512115478516,0.7931401917622202
775,False,8,8805,0.12035465240478516,0.7716086577357989
776,False,8,8806,0.11995863914489746,0.7561665344539853
777,False,8,8807,0.13226771354675293,0.803570554813459
778,False,8,8808,0.12279462814331055,0.7902528899721802
779,False,8,8809,0.12105560302734375,0.7932385279730495
780,False,8,8810,0.13199591636657715,0.8391495999614045
781,False,8,8811,0.12052202224731445,0.816545943951323
782,False,8,8812,0.12048172950744629,0.8523082689470834
783,False,8,8813,0.13946938514709473,0.8510251150776943
784,False,8,8814,0.12058877944946289,0.7385045468275034
785,False,8,8815,0.1208047866821289,0.8563570739767914
786,False,8,8816,0.131561279296875,0.7428769666834599
787,False,8,8817,0.12029051780700684,0.7663469816824153
788,False,8,8818,0.1204674243927002,0.7818605861892657
789,False,8,8819,0.1308879852294922,0.7723831687943034
790,False,8,8820,0.12384438514709473,0.8066548720955671
791,False,8,8821,0.1208035945892334,0.7659902778409776
792,False,8,8822,0.13436055183410645,0.7529803389084659
793,False,8,8823,0.12109875679016113,0.8371923911562633
794,False,8,8824,0.12003278732299805,0.803366314198467
795,False,8,8825,0.13037729263305664,0.7723929575932699
796,False,8,8826,0.12090396881103516,0.7502938067274435
797,False,8,8827,0.12073230743408203,0.8451714838877141
798,False,8,8828,0.13190674781799316,0.7884309069098286
799,False,8,8829,0.12047624588012695,0.8263848176935598
800,False,8,8830,0.12242317199707031,0.938106061802024
801,False,8,8831,0.14116597175598145,0.8276861518444047
802,False,8,8832,0.12012481689453125,0.80030353389503
803,False,8,8833,0.12079286575317383,0.8355356241975513
804,False,8,8834,0.13158845901489258,0.8418706702844552
805,False,8,8835,0.12071561813354492,0.8153655175784869
806,False,8,8836,0.12038087844848633,0.8211760008264155
807,False,8,8837,0.13116192817687988,0.8622989007937057
808,False,8,8838,0.12073993682861328,0.8282248383121831
809,False,8,8839,0.12054753303527832,0.8281296633538746
810,False,8,8840,0.1324477195739746,0.7955907703089039
811,False,8,8841,0.1305224895477295,0.8407937128185515
812,False,8,8842,0.11993551254272461,0.7603354356916887
813,False,8,8843,0.1334085464477539,0.8484662503913223
814,False,8,8844,0.11968803405761719,0.7389717127773024
815,False,8,8845,0.11968827247619629,0.8496912384538781
816,False,8,8846,0.13243889808654785,0.7690200775506949
817,False,8,8847,0.12044453620910645,0.7713304277442928
818,False,8,8848,0.12036395072937012,0.8216418119679606
819,False,8,8849,0.13158774375915527,0.8230997493845367
820,False,8,8850,0.12788820266723633,0.7871297331903839
821,False,8,8851,0.12010478973388672,0.7840932322045169
822,False,8,8852,0.1323702335357666,0.79074199182824
823,False,8,8853,0.11983990669250488,0.8374691861238153
824,False,8,8854,0.12043523788452148,0.8240516377125112
825,False,8,8855,0.13208675384521484,0.7943515502625986
826,False,8,8856,0.12005233764648438,0.7956369179300963
827,False,8,8857,0.12075519561767578,0.8237304612328963
828,False,8,8858,0.13175702095031738,0.7884846872627912
829,False,8,8859,0.1204829216003418,0.7683825204370632
830,False,8,8860,0.1337592601776123,0.8140877200224038
831,False,8,8861,0.13181400299072266,0.7887774768418498
832,False,8,8862,0.12033271789550781,0.7299967964978092
833,False,8,8863,0.12010383605957031,0.8202470627702062
834,False,8,8864,0.13243532180786133,0.7819140499147276
835,False,8,8865,0.12057304382324219,0.781831307159293
836,False,8,8866,0.11978697776794434,0.8556414079808055
837,False,8,8867,0.12964463233947754,0.7931289081905215
838,False,8,8868,0.12023305892944336,0.8295732194868227
839,False,8,8869,0.12024283409118652,0.7943505496230152
840,False,8,8870,0.14002251625061035,0.7811992968476955
841,False,8,8871,0.12141847610473633,0.8803203976047891
842,False,8,8872,0.12125349044799805,0.8117534417792089
843,False,8,8873,0.1327040195465088,0.852145235752687
844,False,8,8874,0.12093091011047363,0.9223510787622738
845,False,8,8875,0.12093400955200195,0.8291159824113404
846,False,8,8876,0.13170480728149414,0.7863988420770814
847,False,8,8877,0.12135195732116699,0.7508500749688772
848,False,8,8878,0.1210026741027832,0.8158417740016288
849,False,8,8879,0.13567733764648438,0.7695822701678567
850,False,8,8880,0.12324643135070801,0.7952132560867109
851,False,8,8881,0.12101602554321289,0.7923383484816267
852,False,8,8882,0.13187503814697266,0.8190773561419477
853,False,8,8883,0.12039446830749512,0.8240131690122541
854,False,8,8884,0.12564897537231445,0.8122610949378992
855,False,8,8885,0.13494110107421875,0.836524576004151
856,False,8,8886,0.11982035636901855,0.77384716174787
857,False,8,8887,0.12347793579101562,0.8597005408235071
858,False,8,8888,0.13437128067016602,0.8000815893479045
859,False,8,8889,0.13401460647583008,0.7722187598812438
860,False,8,8890,0.12103676795959473,0.8515136043230693
861,False,8,8891,0.1342611312866211,0.823230181598947
862,False,8,8892,0.12115812301635742,0.76473366429231
863,False,8,8893,0.12103557586669922,0.8477054586013159
864,False,8,8894,0.13339543342590332,0.7371111870965078
865,False,8,8895,0.12182497978210449,0.7295407000374761
866,False,8,8896,0.1215972900390625,0.7952323669922495
867,False,8,8897,0.13022708892822266,0.8243285625219524
868,False,8,8898,0.12889909744262695,0.76932061767383
869,False,8,8899,0.12528204917907715,0.8052658463628697
870,True,8,8900,0.1486067771911621,0.7979466104658232
871,False,8,8901,0.1224069595336914,0.7352064131493015
872,False,8,8902,0.12122178077697754,0.7674403093710898
873,False,8,8903,0.1359868049621582,0.8600367876324095
874,False,8,8904,0.1206963062286377,0.772952266669433
875,False,8,8905,0.12114334106445312,0.8006524980023858
876,False,8,8906,0.13235688209533691,0.8270378311475115
877,False,8,8907,0.12071967124938965,0.7424216969714811
878,False,8,8908,0.13460946083068848,0.7952583933337813
879,False,8,8909,0.13619661331176758,0.8627465766455447
880,False,8,8910,0.12141156196594238,0.8599592951082049
881,False,8,8911,0.12062454223632812,0.8215594724086778
882,False,8,8912,0.13339757919311523,0.8135810501518703
883,False,8,8913,0.12018299102783203,0.7784974537457205
884,False,8,8914,0.12112045288085938,0.8934062159221088
885,False,8,8915,0.13333725929260254,0.781430641787925
886,False,8,8916,0.1492137908935547,0.7948541476258209
887,False,8,8917,0.14207696914672852,0.8371811569446609
888,False,8,8918,0.13347768783569336,0.7640830182381683
889,False,8,8919,0.12208080291748047,0.7725868306699255
890,False,8,8920,0.12076950073242188,0.8552002501008765
891,False,8,8921,0.13123059272766113,0.8571932415167491
892,False,8,8922,0.12055420875549316,0.8113198504960607
893,False,8,8923,0.12102723121643066,0.760780286908682
894,False,8,8924,0.13246726989746094,0.7836564028458227
895,False,8,8925,0.12094283103942871,0.7563171063416769
896,False,8,8926,0.12117409706115723,0.8011474533095247
897,False,8,8927,0.13715267181396484,0.8251947595161343
898,False,8,8928,0.12064480781555176,0.8321150140836835
899,False,8,8929,0.12040519714355469,0.7821215531744419
900,False,8,8930,0.13260912895202637,0.8166305713488587
901,False,8,8931,0.12139177322387695,0.8268102250239324
902,False,8,8932,0.11971044540405273,0.8373076848330953
903,False,8,8933,0.13274264335632324,0.8454493702877135
904,False,8,8934,0.12359023094177246,0.7994442185874852
905,False,8,8935,0.12060689926147461,0.7905381846330349
906,False,8,8936,0.13832950592041016,0.7805658656039406
907,False,8,8937,0.12032818794250488,0.7763898600048076
908,False,8,8938,0.12039566040039062,0.8368991555623887
909,False,8,8939,0.13080072402954102,0.8273041490021917
910,False,8,8940,0.12037873268127441,0.7567208002853606
911,False,8,8941,0.12164545059204102,0.7840114349410646
912,False,8,8942,0.13097882270812988,0.7493488636932203
913,False,8,8943,0.12059283256530762,0.8100348828981321
914,False,8,8944,0.12028694152832031,0.800990726100281
915,False,8,8945,0.1290431022644043,0.8066762902197384
916,False,8,8946,0.13552618026733398,0.7821441549098209
917,False,8,8947,0.12100744247436523,0.8540024202693963
918,False,8,8948,0.1366732120513916,0.7161234114097341
919,False,8,8949,0.11984372138977051,0.8383599372048464
920,False,8,8950,0.11982321739196777,0.797076666284175
921,False,8,8951,0.13205742835998535,0.7930090474408296
922,False,8,8952,0.12060213088989258,0.8497931424284442
923,False,8,8953,0.12152099609375,0.8071146880476069
924,False,8,8954,0.13061904907226562,0.8263552998680442
925,False,8,8955,0.13036036491394043,0.8570572442951655
926,False,8,8956,0.12145304679870605,0.7833312221669725
927,False,8,8957,0.1328110694885254,0.7291195743850298
928,False,8,8958,0.11962604522705078,0.8040625156302537
929,False,8,8959,0.12014436721801758,0.7639496294182857
930,False,8,8960,0.13417410850524902,0.8287184313494002
931,False,8,8961,0.12024283409118652,0.8478004622406194
932,False,8,8962,0.12037158012390137,0.8152416387040701
933,False,8,8963,0.13206195831298828,0.789310441352427
934,False,8,8964,0.12013721466064453,0.785518035336974
935,False,8,8965,0.13416790962219238,0.8248100444741013
936,False,8,8966,0.13363075256347656,0.8280147363742193
937,False,8,8967,0.12057352066040039,0.7858612802367481
938,False,8,8968,0.12033367156982422,0.8978193753532
939,False,8,8969,0.13121366500854492,0.7834446459476437
940,False,8,8970,0.11993074417114258,0.7989806687193259
941,False,8,8971,0.12148833274841309,0.80554055098799
942,False,8,8972,0.1320018768310547,0.857730265795475
943,False,8,8973,0.12043619155883789,0.8578002255055167
944,False,8,8974,0.12154173851013184,0.8199063313326665
945,False,8,8975,0.13101482391357422,0.8184993978079761
946,False,8,8976,0.12110257148742676,0.8165505002696245
947,False,8,8977,0.12073206901550293,0.8007348036238302
948,False,8,8978,0.1329972743988037,0.8271203120460823
949,False,8,8979,0.1212928295135498,0.8099209024415664
950,False,8,8980,0.12072992324829102,0.7785816665605775
951,False,8,8981,0.1315009593963623,0.7454524404768433
952,False,8,8982,0.1205453872680664,0.7867831992251533
953,False,8,8983,0.12111759185791016,0.8310206752447856
954,False,8,8984,0.13108468055725098,0.8345486145643963
955,False,8,8985,0.14312338829040527,0.8271633827437956
956,False,8,8986,0.14219164848327637,0.8399904035031796
957,False,8,8987,0.1536390781402588,0.8697656708370363
958,False,8,8988,0.1405348777770996,0.836809141827481
959,False,8,8989,0.14267253875732422,0.7787750742974735
960,False,8,8990,0.15224981307983398,0.8696473252826505
961,False,8,8991,0.14072632789611816,0.8854051794679392
962,False,8,8992,0.1396009922027588,0.7905059061678392
963,False,8,8993,0.13896799087524414,0.7647543631915359
964,False,8,8994,0.14156413078308105,0.7628804539396826
965,False,8,8995,0.14126110076904297,0.8120085625088816
966,False,8,8996,0.14999175071716309,0.8476065317434924
967,False,8,8997,0.14034342765808105,0.7599156132367041
968,False,8,8998,0.14154410362243652,0.8059888815595988
969,False,8,8999,0.14784955978393555,0.8060444254051184
970,True,8,9000,0.16347074508666992,0.8577026433444448
971,False,8,9001,0.13913369178771973,0.8224983900075867
972,False,8,9002,0.1408092975616455,0.8074326188347881
973,False,8,9003,0.140641450881958,0.7921216276784736
974,False,8,9004,0.15053987503051758,0.7622502981906845
975,False,8,9005,0.14055824279785156,0.7531675121170425
976,False,8,9006,0.14183592796325684,0.8695884886242096
977,False,8,9007,0.15307068824768066,0.7879667613167496
978,False,8,9008,0.1416923999786377,0.7458517783809276
979,False,8,9009,0.13953185081481934,0.8498210914965186
980,False,8,9010,0.14493489265441895,0.8403743000678896
981,False,8,9011,0.14114952087402344,0.7647656100203417
982,False,8,9012,0.14145278930664062,0.8411379037868408
983,False,8,9013,0.14073491096496582,0.7768216168818375
984,False,8,9014,0.14168763160705566,0.764654126106983
985,False,8,9015,0.14911675453186035,0.8009004521937596
986,False,8,9016,0.1421799659729004,0.8074810378741296
987,False,8,9017,0.1429305076599121,0.8233396980379308
988,False,8,9018,0.14169049263000488,0.7572413169158001
989,False,8,9019,0.14062213897705078,0.8384243818443445
990,False,8,9020,0.1398634910583496,0.8273487768047266
991,False,8,9021,0.15432095527648926,0.7568453310523183
992,False,8,9022,0.1411271095275879,0.8107597024091299
993,False,8,9023,0.1418628692626953,0.8139423676101223
994,False,8,9024,0.1485905647277832,0.8300565520212764
995,False,8,9025,0.1428217887878418,0.7995950294037663
996,False,8,9026,0.1398768424987793,0.8294794602053506
997,False,8,9027,0.14342308044433594,0.8374360215938873
998,False,8,9028,0.14177823066711426,0.7933456997076671
999,False,8,9029,0.14067578315734863,0.799631850428081
1000,False,8,9030,0.14177560806274414,0.8706783048498133
1001,False,8,9031,0.13996481895446777,0.8347519956795232
1002,False,8,9032,0.15057778358459473,0.8672118538635828
1003,False,8,9033,0.14167499542236328,0.838882642753777
1004,False,8,9034,0.14116287231445312,0.7938220003353696
1005,False,8,9035,0.14471077919006348,0.7932665973813052
1006,False,8,9036,0.1404097080230713,0.8356193978162039
1007,False,8,9037,0.14187908172607422,0.8179914028871628
1008,False,8,9038,0.14124822616577148,0.823753796007839
1009,False,8,9039,0.14110636711120605,0.7854780916656767
1010,False,8,9040,0.14961600303649902,0.7925926942067842
1011,False,8,9041,0.1424403190612793,0.8528511438607462
1012,False,8,9042,0.14120697975158691,0.7602006024459287
1013,False,8,9043,0.14189839363098145,0.8676165845799484
1014,False,8,9044,0.13853716850280762,0.8023047153061876
1015,False,8,9045,0.14170145988464355,0.7903843765324426
1016,False,8,9046,0.1524488925933838,0.8284228616615844
1017,False,8,9047,0.14029383659362793,0.8542505971023012
1018,False,8,9048,0.14275884628295898,0.8276018565298899
1019,False,8,9049,0.15289616584777832,0.8298970474639816
1020,False,8,9050,0.1410841941833496,0.8872144461077238
1021,False,8,9051,0.1430985927581787,0.7988819057742753
1022,False,8,9052,0.1440119743347168,0.9048781166119234
1023,False,8,9053,0.14061594009399414,0.7889314048945726
1024,False,8,9054,0.1420142650604248,0.7462496508711153
1025,False,8,9055,0.13969016075134277,0.751250879029699
1026,False,8,9056,0.1402897834777832,0.8118088442743533
1027,False,8,9057,0.15117120742797852,0.7938728582202679
1028,False,8,9058,0.14231610298156738,0.8137601654244854
1029,False,8,9059,0.13990235328674316,0.7900873160743643
1030,False,8,9060,0.14381814002990723,0.8150740962564236
1031,False,8,9061,0.1382887363433838,0.7658632150629446
1032,False,8,9062,0.14209842681884766,0.8179020299797968
1033,False,8,9063,0.15261435508728027,0.7741525203122623
1034,False,8,9064,0.14268970489501953,0.8131375246725623
1035,False,8,9065,0.1425173282623291,0.8097182046622039
1036,False,8,9066,0.15374350547790527,0.8369067524382402
1037,False,8,9067,0.14035964012145996,0.8272453098491366
1038,False,8,9068,0.14266037940979004,0.7807335200763882
1039,False,8,9069,0.14492392539978027,0.8402027924811202
1040,False,8,9070,0.13885831832885742,0.8758111445321922
1041,False,8,9071,0.13089275360107422,0.7567208515302766
1042,False,8,9072,0.11994791030883789,0.8268994870928246
1043,False,8,9073,0.12073945999145508,0.7503324564590694
1044,False,8,9074,0.12580394744873047,0.8432664994948678
1045,False,8,9075,0.12234163284301758,0.795820145490801
1046,False,8,9076,0.12174773216247559,0.8663172505441166
1047,False,8,9077,0.1323397159576416,0.8634111953544477
1048,False,8,9078,0.12100696563720703,0.7736746819601171
1049,False,8,9079,0.12046527862548828,0.7317022761729148
1050,False,8,9080,0.1324758529663086,0.7967137366621975
1051,False,8,9081,0.12321066856384277,0.7935804052367098
1052,False,8,9082,0.1236121654510498,0.7969120237532826
1053,False,8,9083,0.13351154327392578,0.8285694738761299
1054,False,8,9084,0.12282323837280273,0.8253450761549175
1055,False,8,9085,0.12402820587158203,0.7187463438049669
1056,False,8,9086,0.12811660766601562,0.8445308433313456
1057,False,8,9087,0.12069416046142578,0.8288976247865886
1058,False,8,9088,0.12493610382080078,0.7629356500692664
1059,False,8,9089,0.15217208862304688,0.779814153388586
1060,False,8,9090,0.12317514419555664,0.8340378199327027
1061,False,8,9091,0.12300562858581543,0.7646790677681565
1062,False,8,9092,0.13578319549560547,0.7908125253660337
1063,False,8,9093,0.12207889556884766,0.8105773239596082
1064,False,8,9094,0.12175440788269043,0.7947617643734528
1065,False,8,9095,0.13499760627746582,0.8121533446302193
1066,False,8,9096,0.1217646598815918,0.7639857274701908
1067,False,8,9097,0.1220712661743164,0.7215568028124316
1068,False,8,9098,0.1353614330291748,0.8366061332635583
1069,False,8,9099,0.1256403923034668,0.8684328563866162
1070,True,8,9100,0.13953042030334473,0.8238074994158177
1071,False,8,9101,0.13512039184570312,0.7937772967630907
1072,False,8,9102,0.12226486206054688,0.8024464055252749
1073,False,8,9103,0.12218666076660156,0.7337617245281027
1074,False,8,9104,0.1362607479095459,0.822694445405865
1075,False,8,9105,0.12285113334655762,0.8534176722168922
1076,False,8,9106,0.12237954139709473,0.7713344199582934
1077,False,8,9107,0.1345813274383545,0.8210366154976543
1078,False,8,9108,0.1227715015411377,0.8138648569473022
1079,False,8,9109,0.1220853328704834,0.8388137434431839
1080,False,8,9110,0.13414311408996582,0.819653402925247
1081,False,8,9111,0.12085747718811035,0.9015982523560523
1082,False,8,9112,0.12140965461730957,0.8274316997710793
1083,False,8,9113,0.1336822509765625,0.7881792441808753
1084,False,8,9114,0.12196755409240723,0.8693033935768262
1085,False,8,9115,0.12208986282348633,0.779695105428497
1086,False,8,9116,0.13357138633728027,0.804204116131933
1087,False,8,9117,0.1257462501525879,0.7974067797684775
1088,False,8,9118,0.12450814247131348,0.7932549306258027
1089,False,8,9119,0.14170026779174805,0.8070079112159355
1090,False,8,9120,0.12117171287536621,0.8120919393730307
1091,False,8,9121,0.12228751182556152,0.7890127340242977
1092,False,8,9122,0.13460779190063477,0.878655715690305
1093,False,8,9123,0.12639832496643066,0.821244066647653
1094,False,8,9124,0.12337851524353027,0.7957208010678489
1095,False,8,9125,0.13636469841003418,0.8041342446757925
1096,False,8,9126,0.12348365783691406,0.8853561374403182
1097,False,8,9127,0.12436962127685547,0.8260132855114837
1098,False,8,9128,0.14319896697998047,0.8160598456549146
1099,False,8,9129,0.12177801132202148,0.7773238323917169
1100,False,8,9130,0.1224966049194336,0.7549549083535867
1101,False,8,9131,0.13425922393798828,0.7630141585666154
1102,False,8,9132,0.12451672554016113,0.799513496746797
1103,False,8,9133,0.12195491790771484,0.7820262068084308
1104,False,8,9134,0.1354658603668213,0.8225563370755741
1105,False,8,9135,0.1243281364440918,0.8203961242522514
1106,False,8,9136,0.12308645248413086,0.8305652212528957
1107,False,8,9137,0.1372673511505127,0.824621249156605
1108,False,8,9138,0.12647294998168945,0.8363878689484583
1109,False,8,9139,0.12081265449523926,0.8522668362905582
1110,False,8,9140,0.13347744941711426,0.7751251274631137
1111,False,8,9141,0.12175822257995605,0.7571928348902258
1112,False,8,9142,0.12425851821899414,0.857206660566763
1113,False,8,9143,0.13460803031921387,0.8575379999931014
1114,False,8,9144,0.12174391746520996,0.7613146782941408
1115,False,8,9145,0.12355828285217285,0.7802441535251482
1116,False,8,9146,0.13744163513183594,0.783510482781345
1117,False,8,9147,0.13477754592895508,0.7444894001819193
1118,False,8,9148,0.12126946449279785,0.7722494059375352
1119,False,8,9149,0.1362309455871582,0.7797264069030504
1120,False,8,9150,0.12154889106750488,0.78162293233687
1121,False,8,9151,0.12049508094787598,0.7839985201578764
1122,False,8,9152,0.13579511642456055,0.832033913759958
1123,False,8,9153,0.12080931663513184,0.7926408858371099
1124,False,8,9154,0.12330889701843262,0.7520846585809652
1125,False,8,9155,0.13418292999267578,0.8166407428105318
1126,False,8,9156,0.13208627700805664,0.7957455347003858
1127,False,8,9157,0.12128973007202148,0.8366380792465951
1128,False,8,9158,0.1368246078491211,0.7749349720820431
1129,False,8,9159,0.12085509300231934,0.8084908166589837
1130,False,8,9160,0.12142014503479004,0.8124305650569676
1131,False,8,9161,0.13440847396850586,0.7570355057361581
1132,False,8,9162,0.12119579315185547,0.7623004316285785
1133,False,8,9163,0.12076020240783691,0.8327629057956593
1134,False,8,9164,0.1325972080230713,0.7811346957016558
1135,False,8,9165,0.12723517417907715,0.8491058133187748
1136,False,8,9166,0.12390518188476562,0.7571800939428309
1137,False,8,9167,0.133622407913208,0.7487642286744502
1138,False,8,9168,0.12055468559265137,0.7989390389106811
1139,False,8,9169,0.12152576446533203,0.7806397751084572
1140,False,8,9170,0.1375119686126709,0.8555372742980363
1141,False,8,9171,0.1217038631439209,0.8843632155718905
1142,False,8,9172,0.12153363227844238,0.7772198582201132
1143,False,8,9173,0.1345539093017578,0.7815827650927185
1144,False,8,9174,0.12182021141052246,0.8027282099106481
1145,False,8,9175,0.13631057739257812,0.7491543659097738
1146,False,8,9176,0.10965228080749512,0.8118329520913817
