batch_in_epoch,epoch,global_step,train_loss_kl
0,1,1,4.192674517631532
1,1,2,3.9690687486103604
2,1,3,3.892624071666173
3,1,4,3.8096384377706616
4,1,5,3.7805251507532027
5,1,6,3.752448666663397
6,1,7,3.7720110075814386
7,1,8,3.6987163310959237
8,1,9,3.7045251017525085
9,1,10,3.7015833400544667
10,1,11,3.717958001863389
11,1,12,3.6694952249526978
12,1,13,3.6997322695595876
13,1,14,3.796024174917311
14,1,15,3.6555913686752324
15,1,16,3.6968418927419764
16,1,17,3.6898739451453797
17,1,18,3.61007140931629
18,1,19,3.657767488842918
19,1,20,3.6500945545378185
20,1,21,3.7394547065099077
21,1,22,3.721183107012794
22,1,23,3.6931486072994417
23,1,24,3.593880772590637
24,1,25,3.6701126950127736
25,1,26,3.6863594622839058
26,1,27,3.6174860681806287
27,1,28,3.6850697653634215
28,1,29,3.6701770566758656
29,1,30,3.5335740872791828
30,1,31,3.6974188032604394
31,1,32,3.616879974092756
32,1,33,3.689614494641622
33,1,34,3.6358388946169895
34,1,35,3.6390434333256314
35,1,36,3.652671444983709
36,1,37,3.606038019770668
37,1,38,3.6031338430586315
38,1,39,3.600695462453932
39,1,40,3.646490091369265
40,1,41,3.7279449303944903
41,1,42,3.657674233118692
42,1,43,3.6380257209142046
43,1,44,3.5525021212441583
44,1,45,3.595270872116089
45,1,46,3.5461193606967014
46,1,47,3.6576491310482937
47,1,48,3.6928571803229193
48,1,49,3.6178407782600037
49,1,50,3.679586138044085
50,1,51,3.5805351052965437
51,1,52,3.59108282838549
52,1,53,3.539332066263472
53,1,54,3.7049003782726473
54,1,55,3.593272896040053
55,1,56,3.568017891475133
56,1,57,3.7620163077399846
57,1,58,3.590692100070771
58,1,59,3.598448492231823
59,1,60,3.546852015313649
60,1,61,3.551420296941485
61,1,62,3.620014468828837
62,1,63,3.4850540728796093
63,1,64,3.5499250150862194
64,1,65,3.520739311263675
65,1,66,3.5824404784611286
66,1,67,3.627785966509865
67,1,68,3.5943339325132824
68,1,69,3.617441580409096
69,1,70,3.408906834466117
70,1,71,3.552516051701137
71,1,72,3.6099902504966375
72,1,73,3.5990786893027167
73,1,74,3.5494749886648993
74,1,75,3.550330837567647
75,1,76,3.5559853826250354
76,1,77,3.4486757658776783
77,1,78,3.5606978450502664
78,1,79,3.5878019105820433
79,1,80,3.700702485584077
80,1,81,3.5499415511176697
81,1,82,3.559290108226594
82,1,83,3.501071362268357
83,1,84,3.589864974930173
84,1,85,3.616777590342931
85,1,86,3.6467983779453093
86,1,87,3.5913861535844345
87,1,88,3.588432346071515
88,1,89,3.528807600339254
89,1,90,3.5552005086626317
90,1,91,3.494532749766395
91,1,92,3.492359870956057
92,1,93,3.5939563001905164
93,1,94,3.6572885683604652
94,1,95,3.4932492659205483
95,1,96,3.483126611936661
96,1,97,3.5422404890968684
97,1,98,3.5471758501870285
98,1,99,3.666496117909749
99,1,100,3.5024418603806273
100,1,101,3.555113048780533
101,1,102,3.5453788183984303
102,1,103,3.5124222721372336
103,1,104,3.4770177773066924
104,1,105,3.5904300837289727
105,1,106,3.520322578293937
106,1,107,3.65174302600679
107,1,108,3.6009638593310402
108,1,109,3.47342454251789
109,1,110,3.3891092198235646
110,1,111,3.529711450849261
111,1,112,3.5832014878590903
112,1,113,3.581101042883737
113,1,114,3.5637514818282354
114,1,115,3.497934659322103
115,1,116,3.6422989141373407
116,1,117,3.575875350407191
117,1,118,3.5467395896003358
118,1,119,3.544521445319766
119,1,120,3.494016346477327
120,1,121,3.5342436404455286
121,1,122,3.6225547676994685
122,1,123,3.5521111147744318
123,1,124,3.6346946784428185
124,1,125,3.600967236927577
125,1,126,3.426317623683384
126,1,127,3.5069026833488826
127,1,128,3.5205241839090977
128,1,129,3.5175450415838334
129,1,130,3.539106772059486
130,1,131,3.5854488497688655
131,1,132,3.5337592874254495
132,1,133,3.5732463030588058
133,1,134,3.537122295016334
134,1,135,3.5652134645552858
135,1,136,3.4958201930636457
136,1,137,3.508092709950038
137,1,138,3.554150229408628
138,1,139,3.6197352806727094
139,1,140,3.5283260402225305
140,1,141,3.516142016365416
141,1,142,3.417013429460072
142,1,143,3.5050375177746727
143,1,144,3.434380298569089
144,1,145,3.6005125613439644
145,1,146,3.54551591191973
146,1,147,3.627872285388765
147,1,148,3.5611775829678485
148,1,149,3.446191923958915
149,1,150,3.4785198767979937
150,1,151,3.5901960248038876
151,1,152,3.5090357803163075
152,1,153,3.496532252856663
153,1,154,3.481008575076149
154,1,155,3.4189508074805848
155,1,156,3.4267136993862337
156,1,157,3.50114491440001
157,1,158,3.452876204536075
158,1,159,3.457322058223543
159,1,160,3.362951429117294
160,1,161,3.4866882165273028
161,1,162,3.448891248021807
162,1,163,3.4524323032015847
163,1,164,3.4406020868392213
164,1,165,3.5086628823053263
165,1,166,3.4785248949414207
166,1,167,3.417237253416153
167,1,168,3.3866837422053018
168,1,169,3.3430104936872214
169,1,170,3.4289668855212976
170,1,171,3.3998785245986207
171,1,172,3.4193146909986223
172,1,173,3.361329072997684
173,1,174,3.3756936788558956
174,1,175,3.322541526385716
175,1,176,3.3768242654346285
176,1,177,3.4461490199679425
177,1,178,3.3859925383613225
178,1,179,3.384533859434582
179,1,180,3.4544736544291172
180,1,181,3.4296986375536234
181,1,182,3.3480988684154696
182,1,183,3.46399356070019
183,1,184,3.441306767009553
184,1,185,3.447615470205034
185,1,186,3.4386697099322356
186,1,187,3.2723399798075348
187,1,188,3.4074374437332158
188,1,189,3.49693336940947
189,1,190,3.360156797227406
190,1,191,3.3892252672286256
191,1,192,3.406120005108062
192,1,193,3.449797403244745
193,1,194,3.4570958954947333
194,1,195,3.36072123618353
195,1,196,3.3826287303652087
196,1,197,3.339244882265727
197,1,198,3.5036059050332926
198,1,199,3.463878251257397
199,1,200,3.312826173646109
200,1,201,3.2921512467520575
201,1,202,3.4167117050715854
202,1,203,3.3772332952136086
203,1,204,3.316174268722534
204,1,205,3.3116272063482377
205,1,206,3.2774793250220164
206,1,207,3.4862886610485257
207,1,208,3.3769809972672236
208,1,209,3.3810822963714595
209,1,210,3.361521647090003
210,1,211,3.466542533465794
211,1,212,3.337973821730841
212,1,213,3.3508802311761032
213,1,214,3.3829388618469243
214,1,215,3.317982338723682
215,1,216,3.347284799530393
216,1,217,3.409993438493638
217,1,218,3.4552865198680336
218,1,219,3.3912852151053294
219,1,220,3.4404813391821722
220,1,221,3.384916055770147
221,1,222,3.3783544585818337
222,1,223,3.379618803660075
223,1,224,3.3055825857889087
224,1,225,3.3318578345435004
225,1,226,3.2747445106506348
226,1,227,3.274025119486309
227,1,228,3.4112608092171803
228,1,229,3.3264668328421463
229,1,230,3.266318971202487
230,1,231,3.382929796264285
231,1,232,3.3670261076518466
232,1,233,3.355281710624695
233,1,234,3.343524779592241
234,1,235,3.355017809640794
235,1,236,3.379987858590625
236,1,237,3.3961644910630726
237,1,238,3.4606785320100335
238,1,239,3.4631205172765815
239,1,240,3.2529239143644064
240,1,241,3.462351980663481
241,1,242,3.2681822833560767
242,1,243,3.2957280817485994
243,1,244,3.2792559010641913
244,1,245,3.4549965347562512
245,1,246,3.374555281230381
246,1,247,3.3675170228594826
247,1,248,3.2900895902088716
248,1,249,3.3482134966623223
249,1,250,3.236389688083103
250,1,251,3.336846714928036
251,1,252,3.3824693361918126
252,1,253,3.2988262573877964
253,1,254,3.391695510773432
254,1,255,3.2872867243630544
255,1,256,3.3082043897537963
256,1,257,3.328078729765755
257,1,258,3.203386295409429
258,1,259,3.2466159661610914
259,1,260,3.220818894250052
260,1,261,3.3429945764087496
261,1,262,3.3204819418135147
262,1,263,3.2457591919671924
263,1,264,3.307800548417228
264,1,265,3.284756751287551
265,1,266,3.320221049445016
266,1,267,3.3405054239999683
267,1,268,3.344869789623079
268,1,269,3.3610947983605524
269,1,270,3.3081461872373312
270,1,271,3.3060644921802345
271,1,272,3.323806552659897
272,1,273,3.3418036926360353
273,1,274,3.300144008227756
274,1,275,3.308998337813786
275,1,276,3.3028077398027693
276,1,277,3.3641227086385093
277,1,278,3.296838039443606
278,1,279,3.2819983278002054
279,1,280,3.4015717676707675
280,1,281,3.296237627665202
281,1,282,3.353134223393032
282,1,283,3.307536607696896
283,1,284,3.256881895519438
284,1,285,3.328709034692674
285,1,286,3.2966866549991423
286,1,287,3.3499379782449634
287,1,288,3.3404507353192288
288,1,289,3.351750612258911
289,1,290,3.324126175471715
290,1,291,3.2975702583789834
291,1,292,3.3127355689094187
292,1,293,3.2625928436006815
293,1,294,3.281718549274263
294,1,295,3.28503696123759
295,1,296,3.3542769182296026
296,1,297,3.3138106039592197
297,1,298,3.3181565205256143
298,1,299,3.346610829943703
299,1,300,3.34335746651604
300,1,301,3.306245690300351
301,1,302,3.22152312596639
302,1,303,3.38120364575159
303,1,304,3.3468583992549354
304,1,305,3.2613102481478737
305,1,306,3.3687481766655334
306,1,307,3.3596675736563544
307,1,308,3.444736475036258
308,1,309,3.388386181422643
309,1,310,3.3232199067161203
310,1,311,3.3310633273351757
311,1,312,3.3800752957661953
312,1,313,3.256414308434441
313,1,314,3.2978756427764897
314,1,315,3.3080598626817976
315,1,316,3.372322604769752
316,1,317,3.3492423693339033
317,1,318,3.2835811915851774
318,1,319,3.394076744715373
319,1,320,3.351659593128023
320,1,321,3.365314585821969
321,1,322,3.327639937400817
322,1,323,3.3030238946278887
323,1,324,3.3341966583615257
324,1,325,3.183518449465434
325,1,326,3.324195759637014
326,1,327,3.355118961561294
327,1,328,3.3482944795063565
328,1,329,3.2980518341064453
329,1,330,3.282024576550438
330,1,331,3.297357627323695
331,1,332,3.2410363327889216
332,1,333,3.3562558208193094
333,1,334,3.3782186167580743
334,1,335,3.3317271357490896
335,1,336,3.3684158381961646
336,1,337,3.3644563073203684
337,1,338,3.435612048421587
338,1,339,3.404562467620486
339,1,340,3.3467371350242976
340,1,341,3.306550306933267
341,1,342,3.347676742644537
342,1,343,3.335733124188014
343,1,344,3.24830162525177
344,1,345,3.2303310689472005
345,1,346,3.302447915077209
346,1,347,3.3385436251049954
347,1,348,3.317948029154823
348,1,349,3.2983983017149425
349,1,350,3.3624279499053955
350,1,351,3.3166162116186952
351,1,352,3.343243082364401
352,1,353,3.385917152677264
353,1,354,3.299053714388893
354,1,355,3.2708383912131898
355,1,356,3.3446851060504015
356,1,357,3.4172211715153287
357,1,358,3.340838284719558
358,1,359,3.279475058828082
359,1,360,3.254742656435285
360,1,361,3.3611811002095533
361,1,362,3.277496990703401
362,1,363,3.3366445132664273
363,1,364,3.2962771937960667
364,1,365,3.348209312983922
365,1,366,3.3409481956845246
366,1,367,3.37141005765824
367,1,368,3.2383490857623873
368,1,369,3.3043887955801825
369,1,370,3.3267875512441
370,1,371,3.2619265090851552
371,1,372,3.2671770339920414
372,1,373,3.2319309314091997
373,1,374,3.311564930847714
374,1,375,3.442623450642541
375,1,376,3.3725041321345746
376,1,377,3.3369307007108415
377,1,378,3.255832930405935
378,1,379,3.285121696335929
379,1,380,3.266964952150981
380,1,381,3.2561929793584916
381,1,382,3.310977992557344
382,1,383,3.3513419628143306
383,1,384,3.3122880004701156
384,1,385,3.407329213051569
385,1,386,3.2901776801972167
386,1,387,3.3204692034494303
387,1,388,3.295878887176513
388,1,389,3.3563407262166347
389,1,390,3.264552729470389
390,1,391,3.287285265468416
391,1,392,3.20643753097171
392,1,393,3.373828462191991
393,1,394,3.3066858166740047
394,1,395,3.3624773422876997
395,1,396,3.2910104365575883
396,1,397,3.2526745171774003
397,1,398,3.2666013297580534
398,1,399,3.2742377065476918
399,1,400,3.401551882425944
400,1,401,3.3517579521451677
401,1,402,3.2392698129018145
402,1,403,3.310304471424648
403,1,404,3.165741738818941
404,1,405,3.281735715411958
405,1,406,3.3233414263952348
406,1,407,3.369981493268694
407,1,408,3.3258576279594783
408,1,409,3.405884175073533
409,1,410,3.3688076223645895
410,1,411,3.3412220421291527
411,1,412,3.374556830951146
412,1,413,3.424283470426287
413,1,414,3.3026913007100425
414,1,415,3.351163574627467
415,1,416,3.261378367741903
416,1,417,3.3305514539991106
417,1,418,3.363594883964175
418,1,419,3.3156024842035206
419,1,420,3.23546028137207
420,1,421,3.4333517892020082
421,1,422,3.391365346454439
422,1,423,3.290639411835444
423,1,424,3.3079563038689757
424,1,425,3.3923432372865223
425,1,426,3.227059642473856
426,1,427,3.327101894787379
427,1,428,3.3746771812438965
428,1,429,3.32824714978536
429,1,430,3.295620685531979
430,1,431,3.3764178412301202
431,1,432,3.2287049747648693
432,1,433,3.3224227769034247
433,1,434,3.479602518535796
434,1,435,3.42242135320391
435,1,436,3.3057839529854913
436,1,437,3.3738200778052927
437,1,438,3.236794468902407
438,1,439,3.3779715015774685
439,1,440,3.306268709046499
440,1,441,3.363952775796254
441,1,442,3.364508787790934
442,1,443,3.3561836254029047
443,1,444,3.343307551883516
444,1,445,3.2531033356984453
445,1,446,3.321791194734119
446,1,447,3.397734114101955
447,1,448,3.339961313066029
448,1,449,3.3027871733620056
449,1,450,3.352672664892106
450,1,451,3.2796690804617747
451,1,452,3.373461939039684
452,1,453,3.401234149932861
453,1,454,3.222004044623602
454,1,455,3.329850247928074
455,1,456,3.210011766070411
456,1,457,3.32202232451666
457,1,458,3.3532165459224155
458,1,459,3.2369101955777118
459,1,460,3.2504107100622988
460,1,461,3.2293911207289927
461,1,462,3.323887575240362
462,1,463,3.2498915138698763
463,1,464,3.278034868694487
464,1,465,3.325731112843468
465,1,466,3.2658562944048923
466,1,467,3.2913405214037206
467,1,468,3.28852006934938
468,1,469,3.285547494888306
469,1,470,3.1139835176013766
470,1,471,3.2753833645866033
471,1,472,3.2829841545649927
472,1,473,3.2365133194696343
473,1,474,3.3641060420445035
474,1,475,3.2769502855482555
475,1,476,3.3081905387696766
476,1,477,3.346953096843901
477,1,478,3.245664755503337
478,1,479,3.34270039058867
479,1,480,3.3297552948906306
480,1,481,3.2963861851465133
481,1,482,3.1562216111591885
482,1,483,3.2883167607443666
483,1,484,3.258946271169753
484,1,485,3.24820982274555
485,1,486,3.2675672542481196
486,1,487,3.3205856311888917
487,1,488,3.318243026733398
488,1,489,3.28191774232047
489,1,490,3.23622597399212
490,1,491,3.34683530671256
491,1,492,3.289380039487566
492,1,493,3.325840859186082
493,1,494,3.2112474271229337
494,1,495,3.2711260261989774
495,1,496,3.245470608983721
496,1,497,3.3296865111305602
497,1,498,3.39693520182655
498,1,499,3.215433949515933
499,1,500,3.3411124377023604
500,1,501,3.175076813924881
501,1,502,3.181019555954706
502,1,503,3.248318592707317
503,1,504,3.2158402261279875
504,1,505,3.2277157420203806
505,1,506,3.313006480534872
506,1,507,3.2798493930271686
507,1,508,3.2677696943283085
508,1,509,3.279658385685512
509,1,510,3.268000296183995
510,1,511,3.314092057091849
511,1,512,3.2518132981799903
512,1,513,3.3264526526133222
513,1,514,3.3198662371862504
514,1,515,3.2579985459645595
515,1,516,3.2125060217721115
516,1,517,3.374033751941863
517,1,518,3.280666402408055
518,1,519,3.3311279330934793
519,1,520,3.126629676137652
520,1,521,3.249616906756446
521,1,522,3.2824027992430183
522,1,523,3.279694579896473
523,1,524,3.2665137960797264
524,1,525,3.225456816809518
525,1,526,3.1423482724598477
526,1,527,3.3752058857963196
527,1,528,3.1898255575270875
528,1,529,3.1939922486032755
529,1,530,3.1888455152511597
530,1,531,3.0717818992478505
531,1,532,3.371074528921218
532,1,533,3.279621623811267
533,1,534,3.359276408240908
534,1,535,3.280374214762733
535,1,536,3.306585221063523
536,1,537,3.3015151421229048
537,1,538,3.283364330019269
538,1,539,3.238895035925366
539,1,540,3.1721657628104807
540,1,541,3.266336213974725
541,1,542,3.197011516207741
542,1,543,3.145023425420126
543,1,544,3.2991702443077453
544,1,545,3.18560794989268
545,1,546,3.2868488686425357
546,1,547,3.2542438790911716
547,1,548,3.300264528819493
548,1,549,3.3012640192395155
549,1,550,3.293723662694295
550,1,551,3.23666372753325
551,1,552,3.1760780470711847
552,1,553,3.2529507875442505
553,1,554,3.171092368307568
554,1,555,3.234481632709503
555,1,556,3.324406436511449
556,1,557,3.1901289451689943
557,1,558,3.170341338430133
558,1,559,3.283641815185547
559,1,560,3.2434852236793144
560,1,561,3.2284178393227716
561,1,562,3.178863644599914
562,1,563,3.1327738023939586
563,1,564,3.270642257872083
564,1,565,3.2445916505086982
565,1,566,3.3507509628931693
566,1,567,3.3165355239595686
567,1,568,3.2240696975163052
568,1,569,3.288100446973528
569,1,570,3.2173089413415816
570,1,571,3.250809482165745
571,1,572,3.1948386657805674
572,1,573,3.2979178371883577
573,1,574,3.261784099397205
574,1,575,3.245666625953856
575,1,576,3.1008367055938355
576,1,577,3.21250338497616
577,1,578,3.3161770218894593
578,1,579,3.1497775713602705
579,1,580,3.256912027086531
580,1,581,3.2346272383417407
581,1,582,3.251508196194966
582,1,583,3.260828063601539
583,1,584,3.333966181391762
584,1,585,3.2110129197438555
585,1,586,3.2115053222292946
586,1,587,3.3312600567227317
587,1,588,3.1959591252463198
588,1,589,3.3615574325834
589,1,590,3.267981954983303
590,1,591,3.2190389576412386
591,1,592,3.273086505276816
592,1,593,3.265813305264427
593,1,594,3.1850272303535823
594,1,595,3.3432256891613914
595,1,596,3.294398847080413
596,1,597,3.324600900922502
597,1,598,3.19655103910537
598,1,599,3.27251156171163
599,1,600,3.3011624699547184
600,1,601,3.2313475438526704
601,1,602,3.273510853449503
602,1,603,3.1598767723355965
603,1,604,3.2923165701684503
604,1,605,3.3239184958594183
605,1,606,3.210059205691019
606,1,607,3.2791971308844423
607,1,608,3.1251975127628864
608,1,609,3.2331084240050547
609,1,610,3.3166373116629457
610,1,611,3.3226959535053795
611,1,612,3.2010337511698412
612,1,613,3.1968114830198737
613,1,614,3.1868343012673517
614,1,615,3.2415230387733094
615,1,616,3.2785399385860994
616,1,617,3.190754311425346
617,1,618,3.2318141119820734
618,1,619,3.236302455266317
619,1,620,3.1507759661901558
620,1,621,3.2322079000018884
621,1,622,3.2906670967737837
622,1,623,3.181152122361319
623,1,624,3.2663400797616866
624,1,625,3.257291918709165
625,1,626,3.2089459612256
626,1,627,3.2279425632385976
627,1,628,3.2178674538930254
628,1,629,3.280495456286839
629,1,630,3.234627698148999
630,1,631,3.271155028116136
631,1,632,3.215316644736699
632,1,633,3.3040568374452137
633,1,634,3.344692003159296
634,1,635,3.1864789781116305
635,1,636,3.2396075271424785
636,1,637,3.3302553835369286
637,1,638,3.2319406696728294
638,1,639,3.2630724396024426
639,1,640,3.214154379708426
640,1,641,3.2371642873400734
641,1,642,3.22421209585099
642,1,643,3.2719402341615584
643,1,644,3.169022040707724
644,1,645,3.2397770938419157
645,1,646,3.3097455501556396
646,1,647,3.2130510693504686
647,1,648,3.2160906138874235
648,1,649,3.1904857272193543
649,1,650,3.263972571917943
650,1,651,3.2554186355499994
651,1,652,3.199810516266596
652,1,653,3.257491594269162
653,1,654,3.1761284612473983
654,1,655,3.1880576042901896
655,1,656,3.2566651049114412
656,1,657,3.243267262265796
657,1,658,3.2143602910495943
658,1,659,3.2598698025658015
659,1,660,3.2978799002511163
660,1,661,3.17412865729559
661,1,662,3.2014082840510776
662,1,663,3.157432192847842
663,1,664,3.2495056390762325
664,1,665,3.2676361231576836
665,1,666,3.255386693137032
666,1,667,3.2521357366016934
667,1,668,3.2227764186404997
668,1,669,3.252700294767108
669,1,670,3.299076596895853
670,1,671,3.1435891787211103
671,1,672,3.228886592955816
672,1,673,3.140042270932878
673,1,674,3.2115200672830855
674,1,675,3.3178859438214983
675,1,676,3.158352670215425
676,1,677,3.2423314139956525
677,1,678,3.1042759645552858
678,1,679,3.202775211561293
679,1,680,3.1102314733323593
680,1,681,3.1976802888370695
681,1,682,3.3424491030829295
682,1,683,3.2428303729920165
683,1,684,3.3087347859428045
684,1,685,3.206149589447748
685,1,686,3.24335173198155
686,1,687,3.2581508159637456
687,1,688,3.3061081057503108
688,1,689,3.1824623374711902
689,1,690,3.2552551144645325
690,1,691,3.249381496792748
691,1,692,3.238332135336739
692,1,693,3.253096484002613
693,1,694,3.2253929660433815
694,1,695,3.1615733930042804
695,1,696,3.1501708882195607
696,1,697,3.2140387580508274
697,1,698,3.3009214571544097
698,1,699,3.2322766440255295
699,1,700,3.275271239734831
700,1,701,3.062521338462829
701,1,702,3.181268033527193
702,1,703,3.227895543688819
703,1,704,3.2593763953163504
704,1,705,3.2608831950596406
705,1,706,3.197638091586885
706,1,707,3.1151646091824476
707,1,708,3.3179461445127214
708,1,709,3.1251863638559976
709,1,710,3.276959600902739
710,1,711,3.2762025197347007
711,1,712,3.2072711331503734
712,1,713,3.1615239325023827
713,1,714,3.2571635303043185
714,1,715,3.2112709454127724
715,1,716,3.2456072455360774
716,1,717,3.273784819103423
717,1,718,3.201402539298648
718,1,719,3.26106595993042
719,1,720,3.2904041040511345
720,1,721,3.186175312314715
721,1,722,3.2643834409259616
722,1,723,3.2859779993693037
723,1,724,3.1577799831117894
724,1,725,3.2401968978700184
725,1,726,3.3069960900715416
726,1,727,3.3032938014893305
727,1,728,3.319281515621004
728,1,729,3.167805024555751
729,1,730,3.240618075643267
730,1,731,3.1863669724691484
731,1,732,3.2600432350522004
732,1,733,3.259720121111189
733,1,734,3.269126279013498
734,1,735,3.186325595492408
735,1,736,3.1739265237535754
736,1,737,3.151147734551203
737,1,738,3.179162167367481
738,1,739,3.289721625191824
739,1,740,3.23037144115993
740,1,741,3.2051378885904946
741,1,742,3.2107364450182234
742,1,743,3.257811830157325
743,1,744,3.1363514832087933
744,1,745,3.307609944116501
745,1,746,3.295930714834304
746,1,747,3.2777640762783236
747,1,748,3.1084166935512
748,1,749,3.186958903358096
749,1,750,3.2346624079204744
750,1,751,3.2293268158322292
751,1,752,3.245916060038975
752,1,753,3.263138646171207
753,1,754,3.2773057846795943
754,1,755,3.162882555098761
755,1,756,3.297583284832182
756,1,757,3.1879830360412598
757,1,758,3.1593770441554843
758,1,759,3.1825227240721388
759,1,760,3.1951907050041926
760,1,761,3.1828048399516513
761,1,762,3.2665068762642995
762,1,763,3.259163538614909
763,1,764,3.192271147455488
764,1,765,3.2316624153228037
765,1,766,3.2479453711282638
766,1,767,3.205891853287106
767,1,768,3.226447059994652
768,1,769,3.2011358539263406
769,1,770,3.1821696360905967
770,1,771,3.1869573876971287
771,1,772,3.217552014759609
772,1,773,3.203181635765803
773,1,774,3.1281398250943138
774,1,775,3.1361941723596476
775,1,776,3.171694783937364
776,1,777,3.2616995232445856
777,1,778,3.193743155116126
778,1,779,3.1284734720275513
779,1,780,3.136457170758929
780,1,781,3.3217790978295465
781,1,782,3.248118951207115
782,1,783,3.142655633744739
783,1,784,3.204053015935988
784,1,785,3.2276953345253356
785,1,786,3.242892648492541
786,1,787,3.128241438241232
787,1,788,3.177452013606117
788,1,789,3.1266503617877057
789,1,790,3.2473907811301097
790,1,791,3.2808782146090545
791,1,792,3.1993507090068993
792,1,793,3.235160149279095
793,1,794,3.131844040893373
794,1,795,3.2915239561171754
795,1,796,3.207787996246701
796,1,797,3.2571607374009632
797,1,798,3.2010302884238104
798,1,799,3.2011425722213023
799,1,800,3.1549297684714905
800,1,801,3.1978246825081955
801,1,802,3.1936588571185154
802,1,803,3.236755609512329
803,1,804,3.277875185012818
804,1,805,3.167827268441518
805,1,806,3.2271274101166503
806,1,807,3.103934980574108
807,1,808,3.1843692291350596
808,1,809,3.2299518585205087
809,1,810,3.2321988514491493
810,1,811,3.226813861301967
811,1,812,3.0564756166367304
812,1,813,3.2660946278345016
813,1,814,3.1545873766853703
814,1,815,3.2941505511601767
815,1,816,3.2165028878620694
816,1,817,3.1631321566445485
817,1,818,3.25456770828792
818,1,819,3.16994833946228
819,1,820,3.2230127652486167
820,1,821,3.3169536136445545
821,1,822,3.2106965780258183
822,1,823,3.2237749270030434
823,1,824,3.2121597982588272
824,1,825,3.2263496035621277
825,1,826,3.1999531785647073
826,1,827,3.1436209224519276
827,1,828,3.2065316552207586
828,1,829,3.2334187882287155
829,1,830,3.1983653136662076
830,1,831,3.1216051124391107
831,1,832,3.145623979114352
832,1,833,3.247771351110368
833,1,834,3.144890643301464
834,1,835,3.216201515424819
835,1,836,3.1730448660396395
836,1,837,3.2272830860955377
837,1,838,3.1651769706181128
838,1,839,3.1601505506606324
839,1,840,3.2127450761340914
840,1,841,3.1672239190056213
841,1,842,3.1840457575661807
842,1,843,3.0865174759001963
843,1,844,3.2018342245192746
844,1,845,3.2682348092397047
845,1,846,3.232588268461681
846,1,847,3.271732619830539
847,1,848,3.2127075706209465
848,1,849,3.0871412810825167
849,1,850,3.1690842935017174
850,1,851,3.216602172170367
851,1,852,3.2622273990086152
852,1,853,3.088151551428296
853,1,854,3.218373270261855
854,1,855,3.2348913067863108
855,1,856,3.1495986779530836
856,1,857,3.128082627341861
857,1,858,3.2231976702099754
858,1,859,3.1492842379070463
859,1,860,3.2266615004766552
860,1,861,3.278203657695225
861,1,862,3.22836020446959
862,1,863,3.258397142092387
863,1,864,3.2415859131585982
864,1,865,3.2209728388559244
865,1,866,3.144396662712097
866,1,867,3.146778731119065
867,1,868,3.131243864695231
868,1,869,3.14109426453
869,1,870,3.246634000823612
870,1,871,3.1297129960287187
871,1,872,3.1747848079318084
872,1,873,3.179903921626863
873,1,874,3.268117558388483
874,1,875,3.2260554063887823
875,1,876,3.2378221182596114
876,1,877,3.1471621990203853
877,1,878,3.141270762398129
878,1,879,3.1495636417752224
879,1,880,3.1122212211290994
880,1,881,3.2457263356163386
881,1,882,3.2763547159376603
882,1,883,3.1883759328297208
883,1,884,3.1197720028105245
884,1,885,3.0692827190671643
885,1,886,3.050839239642733
886,1,887,3.22329850991567
887,1,888,3.0623726021675832
888,1,889,3.2643365462621055
889,1,890,3.185464348111833
890,1,891,3.2695549896785185
891,1,892,3.2034803685687843
892,1,893,3.003458363669259
893,1,894,3.215581763358343
894,1,895,3.3448307741255987
895,1,896,3.2094036567778814
896,1,897,3.1094497924759277
897,1,898,3.1650580394835703
898,1,899,3.089887919880095
899,1,900,3.1358232611701604
900,1,901,3.237496341977801
901,1,902,3.3175360759099326
902,1,903,3.247647728238787
903,1,904,3.2082713217962358
904,1,905,3.1994702021280923
905,1,906,3.2501952648162837
906,1,907,3.2021235000519526
907,1,908,3.252077613558088
908,1,909,3.263930456978934
909,1,910,3.177415904544649
910,1,911,3.1190061313765383
911,1,912,3.217531947862535
912,1,913,3.0857184614454
913,1,914,3.270704723539807
914,1,915,3.1489278078079224
915,1,916,3.232822951816378
916,1,917,3.198595972288223
917,1,918,3.126374244689941
918,1,919,3.119483964783805
919,1,920,3.2307614627338594
920,1,921,3.215040240968977
921,1,922,3.2262237128757296
922,1,923,3.0888611021496
923,1,924,3.1967596496854505
924,1,925,3.1758841957364763
925,1,926,3.2081363768804647
926,1,927,3.205873455320086
927,1,928,3.1409816231046404
928,1,929,3.1002208647273832
929,1,930,3.2180411758876977
930,1,931,3.2615071932474775
931,1,932,3.1004650479271296
932,1,933,3.2382886636824835
933,1,934,3.2145865474428446
934,1,935,3.245729877835229
935,1,936,3.2151302950722824
936,1,937,3.125782972290402
937,1,938,3.264425868079776
938,1,939,3.0955276716323126
939,1,940,3.265822013219198
940,1,941,3.2117337442579723
941,1,942,3.191745207423256
942,1,943,3.0242431674684793
943,1,944,3.1396252598081316
944,1,945,3.1208358321871077
945,1,946,3.1814234540576027
946,1,947,3.1985507749375843
947,1,948,3.2512425581614175
948,1,949,3.0920057949565707
949,1,950,3.257890440168836
950,1,951,3.1738735267094205
951,1,952,3.2760069994699386
952,1,953,3.011962575571878
953,1,954,3.14175325915927
954,1,955,3.1112190286318464
955,1,956,3.0728056260517658
956,1,957,3.1764140015556697
957,1,958,3.1766982163701742
958,1,959,3.137012606575375
959,1,960,3.234116009303502
960,1,961,3.20519236723582
961,1,962,3.0634033963793796
962,1,963,3.1540530494281223
963,1,964,3.2385892811275667
964,1,965,3.331471551032293
965,1,966,3.148459706987653
966,1,967,3.213936805725098
967,1,968,3.1620748724256242
968,1,969,3.1270713352021717
969,1,970,3.195823555900937
970,1,971,3.1334831714630127
971,1,972,3.1548448687507995
972,1,973,3.155392800058637
973,1,974,3.151099267460051
974,1,975,3.148420180593218
975,1,976,3.1594820590246293
976,1,977,3.1100107119196934
977,1,978,3.1357475391456058
978,1,979,3.293199561891102
979,1,980,3.1614104594503125
980,1,981,3.0808630727586297
981,1,982,3.0946600862911775
982,1,983,3.071663845153082
983,1,984,3.206455457778204
984,1,985,3.21834116890317
985,1,986,3.2031669957297186
986,1,987,3.147270940598987
987,1,988,3.258529878797986
988,1,989,3.209679402056194
989,1,990,3.0727140562874933
990,1,991,3.147257316680182
991,1,992,3.1735252198718844
992,1,993,3.193277588912419
993,1,994,3.1338611954734428
994,1,995,3.061403115590413
995,1,996,3.1039272603534527
996,1,997,3.2030404068174816
997,1,998,3.170975055013384
998,1,999,3.215100935527256
999,1,1000,3.1555440028508506
1000,1,1001,3.1748794146946504
1001,1,1002,3.162141788573492
1002,1,1003,3.1159213554291494
1003,1,1004,3.1631045455024354
1004,1,1005,3.1371954055059526
1005,1,1006,3.304120080811637
1006,1,1007,3.1845910378864835
1007,1,1008,3.2428768419084095
1008,1,1009,3.0552532332284112
1009,1,1010,3.2454770235788257
1010,1,1011,3.1403513522375195
1011,1,1012,3.204491280374073
1012,1,1013,3.1504581031345182
1013,1,1014,3.31404261361985
1014,1,1015,3.0474465688069663
1015,1,1016,3.025926005272639
1016,1,1017,3.184947303363255
1017,1,1018,3.2749653203146796
1018,1,1019,3.316957263719468
1019,1,1020,3.133393338748387
1020,1,1021,3.0993499812625704
1021,1,1022,3.172858618554615
1022,1,1023,3.161165748323713
1023,1,1024,3.2336848520097283
1024,1,1025,3.1183450676146007
1025,1,1026,3.181164060320173
1026,1,1027,3.1514792328789123
1027,1,1028,3.3019246317091446
1028,1,1029,3.1043490341731483
1029,1,1030,3.1944205988021133
1030,1,1031,3.1754479635329473
1031,1,1032,3.110209385553996
1032,1,1033,3.079568834531875
1033,1,1034,3.1129065979094728
1034,1,1035,3.0588499761763077
1035,1,1036,3.1314054330190015
1036,1,1037,3.2075692528770086
1037,1,1038,3.082040616444179
1038,1,1039,3.228130187307085
1039,1,1040,3.0963646287009827
1040,1,1041,3.039675011521293
1041,1,1042,3.1570614803405035
1042,1,1043,3.255319141206287
1043,1,1044,3.217307953607468
1044,1,1045,3.174616132463728
1045,1,1046,3.1721926246370584
1046,1,1047,3.0938970361437117
1047,1,1048,3.110763050260998
1048,1,1049,3.182766468751998
1049,1,1050,3.2475245963959463
1050,1,1051,3.1264417313394093
1051,1,1052,3.2154496170225597
1052,1,1053,3.1495907420203793
1053,1,1054,3.2387190659840908
1054,1,1055,3.1013647261120014
1055,1,1056,3.1286620951834174
1056,1,1057,3.1086306912558426
1057,1,1058,3.2291047005426314
1058,1,1059,3.138836247580392
1059,1,1060,3.3330251829964777
1060,1,1061,3.2123821179072056
1061,1,1062,3.1265034107934864
1062,1,1063,3.14905523686182
1063,1,1064,3.2540333725157238
1064,1,1065,3.2096638452439086
1065,1,1066,3.1311451083137873
1066,1,1067,3.2209963287625993
1067,1,1068,3.051176877248855
1068,1,1069,3.145173901603336
1069,1,1070,3.039197585412434
1070,1,1071,3.1216116377285554
1071,1,1072,3.1987131919179648
1072,1,1073,3.18325850509462
1073,1,1074,3.094302200135731
1074,1,1075,3.028516400428045
1075,1,1076,3.175602929932731
1076,1,1077,3.2293044726053868
1077,1,1078,3.2210361844017394
1078,1,1079,3.0471447677839363
1079,1,1080,3.2139694917769654
1080,1,1081,3.086410965238299
1081,1,1082,3.153870514460972
1082,1,1083,3.2332549151920134
1083,1,1084,3.2230356477555766
1084,1,1085,3.1102824722017566
1085,1,1086,3.1872105825515025
1086,1,1087,3.1733905900092347
1087,1,1088,3.1212815216609413
1088,1,1089,3.0840571153731573
1089,1,1090,3.1334004175095327
1090,1,1091,3.074187199274699
1091,1,1092,3.1414391199747715
1092,1,1093,3.0833318716003784
1093,1,1094,3.207537273565929
1094,1,1095,3.2275064332144594
1095,1,1096,3.1364069325583324
1096,1,1097,3.144917641367231
1097,1,1098,3.1318245217913674
1098,1,1099,3.2580060675030658
1099,1,1100,3.14554865871157
1100,1,1101,3.1150852271488736
1101,1,1102,3.1081973314285274
1102,1,1103,3.1654291777383707
1103,1,1104,3.17223334312439
1104,1,1105,3.22295123622531
1105,1,1106,3.144193507376171
1106,1,1107,3.1213556187493467
1107,1,1108,3.217034862155006
1108,1,1109,3.2179725681032445
1109,1,1110,3.2147828113465073
1110,1,1111,3.1717901286624723
1111,1,1112,3.117312874112811
1112,1,1113,3.163697960830869
1113,1,1114,3.1224385755402704
1114,1,1115,3.099699650491987
1115,1,1116,3.3400683516547796
1116,1,1117,3.16612206186567
1117,1,1118,3.138884266217549
1118,1,1119,3.2722123009817947
1119,1,1120,3.2160195736658004
1120,1,1121,3.136724449339367
1121,1,1122,3.0497798692612417
1122,1,1123,3.121583620707195
1123,1,1124,3.1473846549079534
1124,1,1125,3.193252512386867
1125,1,1126,3.0897190570831303
1126,1,1127,3.0798280579703197
1127,1,1128,3.235410962785993
1128,1,1129,3.184041136787051
1129,1,1130,3.0655970034145175
1130,1,1131,3.1044936918077015
1131,1,1132,3.1555736178443548
1132,1,1133,3.163651920500255
1133,1,1134,3.1838962520871843
1134,1,1135,3.077528896785918
1135,1,1136,3.1814807256062827
1136,1,1137,3.130876972561791
1137,1,1138,3.145554258709862
1138,1,1139,3.199463299342564
1139,1,1140,3.1538344564891996
1140,1,1141,3.1388222944168818
1141,1,1142,3.0699564388820106
1142,1,1143,3.125286193121048
1143,1,1144,3.220685476348514
1144,1,1145,3.210027098655701
1145,1,1146,3.15345367363521
1146,1,1147,3.087115307648977
0,2,1148,3.1336821346055896
1,2,1149,3.1726826713198713
2,2,1150,3.0915496179035724
3,2,1151,3.095282355944316
4,2,1152,3.1987886599131987
5,2,1153,3.177833642278399
6,2,1154,3.2306933857145763
7,2,1155,3.121593708083743
8,2,1156,3.094713256472633
9,2,1157,3.084255683989752
10,2,1158,2.970120892638252
11,2,1159,3.117911565871466
12,2,1160,3.0893011433737616
13,2,1161,3.2909584045410156
14,2,1162,3.1443907419840493
15,2,1163,3.1011678718385243
16,2,1164,3.0488390014285134
17,2,1165,3.1207735424950016
18,2,1166,3.0916320085525513
19,2,1167,3.047232355390277
20,2,1168,3.0457691067741037
21,2,1169,3.1148712436358137
22,2,1170,3.133084189324152
23,2,1171,3.1360711881092618
24,2,1172,3.0945651304154165
25,2,1173,3.141557676451547
26,2,1174,3.171719380787441
27,2,1175,3.2271548963728405
28,2,1176,3.0100001323790773
29,2,1177,3.086613399641854
30,2,1178,3.0755912746701917
31,2,1179,3.0367986190886715
32,2,1180,3.075511063848223
33,2,1181,3.150717406045823
34,2,1182,3.1949827671051025
35,2,1183,3.251221523398445
36,2,1184,3.190972475778489
37,2,1185,3.1239408197857084
38,2,1186,3.0484148093632286
39,2,1187,3.150562910806565
40,2,1188,3.0893587555204123
41,2,1189,3.2177386624472484
42,2,1190,3.002482226916722
43,2,1191,3.120335527828762
44,2,1192,3.098738976887295
45,2,1193,3.0909901062647505
46,2,1194,3.0527726525352112
47,2,1195,3.101538590022496
48,2,1196,3.134359413669223
49,2,1197,3.0680033025287443
50,2,1198,3.1879378046308244
51,2,1199,3.2100516784758795
52,2,1200,3.0664358536402383
53,2,1201,3.0545294171287902
54,2,1202,3.0450240316845125
55,2,1203,3.126486074356805
56,2,1204,3.040326788311913
57,2,1205,3.2105461131958735
58,2,1206,3.177217631112961
59,2,1207,3.119593319438753
60,2,1208,3.035396087737311
61,2,1209,3.213012706665766
62,2,1210,3.1133633624939687
63,2,1211,3.1099987030029297
64,2,1212,3.0018941220783057
65,2,1213,3.133629259609041
66,2,1214,3.06854826495761
67,2,1215,3.11947937238784
68,2,1216,3.049706124124073
69,2,1217,3.1131332261221747
70,2,1218,3.182655269191378
71,2,1219,3.1658464556648607
72,2,1220,3.1938845543634327
73,2,1221,3.0300996303558345
74,2,1222,3.0966433967862805
75,2,1223,3.0532134544281737
76,2,1224,3.1354856093724566
77,2,1225,2.9666049764269866
78,2,1226,3.027279981545039
79,2,1227,3.2103233961831954
80,2,1228,3.052172632444472
81,2,1229,3.0959636370340977
82,2,1230,3.05934926157906
83,2,1231,3.096078165939876
84,2,1232,3.119456433114552
85,2,1233,3.2526534738994783
86,2,1234,3.2128795725958685
87,2,1235,3.177152355511983
88,2,1236,3.2112777460189097
89,2,1237,3.003166124934242
90,2,1238,3.205881260690235
91,2,1239,3.1845692112332293
92,2,1240,3.094476404644195
93,2,1241,2.9931632280349727
94,2,1242,3.2495162827628
95,2,1243,3.0709928557986306
96,2,1244,3.144867386136736
97,2,1245,3.0101388919921153
98,2,1246,3.0229273012706215
99,2,1247,3.0769716813450767
100,2,1248,3.063826765332903
101,2,1249,3.1006314130056474
102,2,1250,3.2810257673263554
103,2,1251,3.0643609932490756
104,2,1252,3.199161881492251
105,2,1253,3.061936892214275
106,2,1254,3.0417464545794894
107,2,1255,3.128750290189471
108,2,1256,3.1696813106536865
109,2,1257,3.1951072159267606
110,2,1258,3.216932625997635
111,2,1259,3.1967496190752303
112,2,1260,3.2097649914877753
113,2,1261,3.088798239117577
114,2,1262,3.2480433043979464
115,2,1263,3.039270716054099
116,2,1264,3.0808402413413645
117,2,1265,3.1208422467822117
118,2,1266,3.183025808561416
119,2,1267,3.17191013268062
120,2,1268,3.184481643495105
121,2,1269,3.143805787676856
122,2,1270,3.1889123916625977
123,2,1271,3.2185889425731835
124,2,1272,3.158496453648522
125,2,1273,3.153138594967979
126,2,1274,3.152513435908726
127,2,1275,3.139133896146502
128,2,1276,3.108553403899783
129,2,1277,2.9696781748817074
130,2,1278,3.070992112159729
131,2,1279,3.1199414758455184
132,2,1280,3.173087120056153
133,2,1281,3.0606282835914973
134,2,1282,3.1968599841708234
135,2,1283,3.1200962634313676
136,2,1284,3.0032510360081988
137,2,1285,3.101420947483607
138,2,1286,3.1541759683972312
139,2,1287,3.146856574785142
140,2,1288,3.172771663892837
141,2,1289,3.0807155342329122
142,2,1290,3.2211470433643883
143,2,1291,3.1045434645244057
144,2,1292,3.2300302868797663
145,2,1293,3.036273241043091
146,2,1294,3.184215579714094
147,2,1295,3.191346883773804
148,2,1296,3.1005250527745196
149,2,1297,3.144495901607331
150,2,1298,3.0750640914553675
151,2,1299,3.1306668122609453
152,2,1300,3.1441849867502842
153,2,1301,3.121261897541228
154,2,1302,2.9965448634965077
155,2,1303,3.1913620630900064
156,2,1304,3.132333951336997
157,2,1305,3.0597207092103504
158,2,1306,3.240505076590038
159,2,1307,3.1369145995094665
160,2,1308,3.012750574520657
161,2,1309,3.0196917170570012
162,2,1310,3.1353506587800526
163,2,1311,3.21023448308309
164,2,1312,3.1580545391355246
165,2,1313,3.029588001114982
166,2,1314,3.0901293754577646
167,2,1315,3.1363651014509655
168,2,1316,3.107099998564948
169,2,1317,3.1067215544836864
170,2,1318,3.171337053889321
171,2,1319,3.173014890579951
172,2,1320,3.072864816302345
173,2,1321,3.134574197587512
174,2,1322,3.122592710313343
175,2,1323,2.9585451512109664
176,2,1324,3.082659511339097
177,2,1325,3.222481517564683
178,2,1326,3.087161223093669
179,2,1327,3.086926420529684
180,2,1328,3.2680917353857133
181,2,1329,3.0998627344767256
182,2,1330,3.191551889692034
183,2,1331,3.165907172929673
184,2,1332,3.2049274955477034
185,2,1333,3.1022390524546304
186,2,1334,3.0547148897534324
187,2,1335,3.2201856658572243
188,2,1336,3.1758795011611216
189,2,1337,3.114039977391562
190,2,1338,3.014008101962861
191,2,1339,3.085037748018901
192,2,1340,3.1692094973155434
193,2,1341,3.076751782780601
194,2,1342,3.1167664698192055
195,2,1343,3.0772309870946972
196,2,1344,3.1000549310729615
197,2,1345,3.0691164959044688
198,2,1346,3.136779728389922
199,2,1347,3.107443031810579
200,2,1348,3.2025099708920433
201,2,1349,3.1721665405091777
202,2,1350,3.111288053648813
203,2,1351,3.0979680901481994
204,2,1352,3.062401950359345
205,2,1353,3.076558629671732
206,2,1354,3.174829556828454
207,2,1355,3.0321278061185564
208,2,1356,3.0283766701107933
209,2,1357,3.1289636010215407
210,2,1358,3.093504743916647
211,2,1359,3.1285451934451145
212,2,1360,3.2254894744782225
213,2,1361,3.0725839365096324
214,2,1362,3.081428862753368
215,2,1363,3.120136357489086
216,2,1364,3.050721634001959
217,2,1365,3.2159424055190318
218,2,1366,3.1374920209248858
219,2,1367,3.1654100418090816
220,2,1368,3.175286088671003
221,2,1369,3.111338876542591
222,2,1370,3.099541238376072
223,2,1371,3.126550078392029
224,2,1372,3.0852676630020146
225,2,1373,3.0389619838623774
226,2,1374,2.9988946971439177
227,2,1375,3.059851833752223
228,2,1376,2.971007091658455
229,2,1377,2.994288484255473
230,2,1378,3.158066715512957
231,2,1379,3.098230381806692
232,2,1380,3.2029159352892926
233,2,1381,3.1178782951264155
234,2,1382,3.1140681448436918
235,2,1383,3.111806443759373
236,2,1384,3.1348922025589716
237,2,1385,3.104000683341707
238,2,1386,3.1175710587274463
239,2,1387,3.1186321349371053
240,2,1388,3.2056998809178667
241,2,1389,3.0038330327896845
242,2,1390,3.087802591777982
243,2,1391,3.1050908792586553
244,2,1392,3.1219662144070575
245,2,1393,3.1436312766302206
246,2,1394,3.099897799037752
247,2,1395,3.132273674011231
248,2,1396,3.020613596552894
249,2,1397,3.139667210124787
250,2,1398,3.1775232638631548
251,2,1399,3.1022575923374722
252,2,1400,3.120035143125625
253,2,1401,3.019510757355463
254,2,1402,3.1262898161297743
255,2,1403,3.011124497368222
256,2,1404,3.1140661296390357
257,2,1405,3.238203321184431
258,2,1406,3.0017405237470354
259,2,1407,3.0049103072711403
260,2,1408,3.126539287113008
261,2,1409,3.153162382897876
262,2,1410,3.025397822970436
263,2,1411,2.99849853345326
264,2,1412,3.134340836888268
265,2,1413,3.255137568428403
266,2,1414,2.9974228086925687
267,2,1415,3.094879666964214
268,2,1416,3.072198581127893
269,2,1417,3.1648599363508674
270,2,1418,3.0707668491772253
271,2,1419,3.225811294146946
272,2,1420,3.1502679699943177
273,2,1421,3.0849253790719167
274,2,1422,3.1760975519816075
275,2,1423,3.0699347768511087
276,2,1424,3.125281038738432
277,2,1425,3.0904404038474675
278,2,1426,3.072843514737629
279,2,1427,3.1430164291745144
280,2,1428,3.0769600754692443
281,2,1429,3.0750689279465453
282,2,1430,3.0742178190322145
283,2,1431,3.1686261608487087
284,2,1432,3.1031592459905717
285,2,1433,3.143017252286276
286,2,1434,3.1467134441648215
287,2,1435,3.049681794075739
288,2,1436,3.2064513365427656
289,2,1437,3.055377619607108
290,2,1438,3.064423510006496
291,2,1439,3.0428204479671654
292,2,1440,3.170536063966297
293,2,1441,3.02297819512231
294,2,1442,2.980853094941094
295,2,1443,3.134590506553651
296,2,1444,3.174191917691912
297,2,1445,3.1305855626151677
298,2,1446,3.075578309240795
299,2,1447,3.229279143469675
300,2,1448,3.0154437621434527
301,2,1449,3.1252298411868864
302,2,1450,3.163292388121287
303,2,1451,3.052381288437616
304,2,1452,3.0982376280285067
305,2,1453,3.1844857987903423
306,2,1454,3.118541927564712
307,2,1455,3.059294859568278
308,2,1456,3.045357204618908
309,2,1457,3.2191085503214882
310,2,1458,3.020544421105158
311,2,1459,3.109663645426433
312,2,1460,3.0494161617188227
313,2,1461,3.18001013142722
314,2,1462,3.116251860346113
315,2,1463,3.0890633832840693
316,2,1464,3.0977004766464233
317,2,1465,3.086137624013991
318,2,1466,3.1280706326166787
319,2,1467,3.07396734328497
320,2,1468,3.120576024055481
321,2,1469,3.006133970760164
322,2,1470,2.999386307739076
323,2,1471,3.093085459300449
324,2,1472,3.0424612192880542
325,2,1473,3.153187706356957
326,2,1474,3.1467508134387785
327,2,1475,3.1058129583086287
328,2,1476,3.0624508176531107
329,2,1477,3.016618399392991
330,2,1478,3.06724887234824
331,2,1479,3.045354102339063
332,2,1480,3.151549668539138
333,2,1481,3.0962093614396595
334,2,1482,3.0902966260910025
335,2,1483,3.0575011457715715
336,2,1484,3.1634910958153863
337,2,1485,3.116007816223872
338,2,1486,3.097953824769883
339,2,1487,3.038789476667132
340,2,1488,3.1032963820866177
341,2,1489,3.051734282856896
342,2,1490,3.085549025308518
343,2,1491,3.076075207619441
344,2,1492,3.064788602647327
345,2,1493,3.1599173432304744
346,2,1494,3.015285957427252
347,2,1495,3.229069709777831
348,2,1496,3.09977886790321
349,2,1497,3.0080248401278546
350,2,1498,3.0073536464146207
351,2,1499,3.0979170458657403
352,2,1500,3.005167887324379
353,2,1501,3.081966905366807
354,2,1502,2.968815684318543
355,2,1503,3.1111870805422464
356,2,1504,3.155058764276051
357,2,1505,3.0554781953493753
358,2,1506,3.093666922478448
359,2,1507,3.1275670131047573
360,2,1508,3.142345848537627
361,2,1509,3.1291836783999494
362,2,1510,3.0496588235809687
363,2,1511,3.029407183329264
364,2,1512,3.080865519387381
365,2,1513,3.0782254820778254
366,2,1514,3.082488400595529
367,2,1515,3.0725962548028853
368,2,1516,3.0052854191689264
369,2,1517,3.013677029382615
370,2,1518,3.0333895683288574
371,2,1519,3.0571741263071703
372,2,1520,3.107321296419417
373,2,1521,3.0533240238825483
374,2,1522,3.017758113997323
375,2,1523,3.0606033291135515
376,2,1524,3.04827785775775
377,2,1525,3.0519128129595803
378,2,1526,3.0732253846668067
379,2,1527,3.0374373140789217
380,2,1528,3.056303245680673
381,2,1529,3.070136251903716
382,2,1530,3.0682158583686463
383,2,1531,3.041889116877601
384,2,1532,3.064690013726553
385,2,1533,3.08574192296891
386,2,1534,3.038940554573423
387,2,1535,3.0855664866311203
388,2,1536,3.1969486020860214
389,2,1537,3.035607150622777
390,2,1538,3.0046581767854237
391,2,1539,3.0110073373431248
392,2,1540,3.062829948606945
393,2,1541,3.0067180565425327
394,2,1542,3.0823455651601153
395,2,1543,2.9915089323407127
396,2,1544,3.174744799023583
397,2,1545,3.182855736641656
398,2,1546,3.091981342860631
399,2,1547,3.0589612126350403
400,2,1548,3.062004648503802
401,2,1549,2.9364820520083112
402,2,1550,3.1154953922544206
403,2,1551,3.0269872517812817
404,2,1552,3.157273031416394
405,2,1553,3.045198815209525
406,2,1554,3.0868172106288734
407,2,1555,3.1249875114077605
408,2,1556,3.06681209518796
409,2,1557,3.090492555073329
410,2,1558,3.016223261753718
411,2,1559,3.0059762114570256
412,2,1560,2.9927800751867752
413,2,1561,3.097496554965064
414,2,1562,3.118965651307787
415,2,1563,3.017714511780512
416,2,1564,3.111514562652225
417,2,1565,3.1112041785603473
418,2,1566,3.0473364705131165
419,2,1567,3.0290640762874066
420,2,1568,3.071388341131665
421,2,1569,3.1103224527268187
422,2,1570,3.071062459832146
423,2,1571,3.173117149443853
424,2,1572,3.0319416182381764
425,2,1573,3.0694274221147815
426,2,1574,3.1379087879544216
427,2,1575,3.1467012791406543
428,2,1576,3.0842265259651915
429,2,1577,3.0020209465708056
430,2,1578,2.972253129595802
431,2,1579,2.9883895431246073
432,2,1580,3.1437524613879972
433,2,1581,3.0333849589029955
434,2,1582,3.1342443625132237
435,2,1583,2.9557566671144397
436,2,1584,3.0529021762666244
437,2,1585,3.1369686240241643
438,2,1586,3.1452375423340566
439,2,1587,3.173737043426151
440,2,1588,2.988595491363888
441,2,1589,2.9909096842720397
442,2,1590,3.018328087670462
443,2,1591,3.0637226133119495
444,2,1592,3.036907729648408
445,2,1593,2.975537251858484
446,2,1594,2.9830296039581294
447,2,1595,3.0608008702596026
448,2,1596,3.035826007525126
449,2,1597,3.1027794395174295
450,2,1598,3.198517748287746
451,2,1599,3.093223730723063
452,2,1600,3.0680391277585706
453,2,1601,2.9662841501690096
454,2,1602,3.1024094990321562
455,2,1603,3.063202313014439
456,2,1604,3.135745377767653
457,2,1605,3.0837639740535185
458,2,1606,3.133072654406229
459,2,1607,3.0941376771245688
460,2,1608,2.988060837700253
461,2,1609,3.0230899822144277
462,2,1610,3.1149966603233707
463,2,1611,3.158742234820411
464,2,1612,3.082210560639699
465,2,1613,3.0182753233682535
466,2,1614,3.113366345564524
467,2,1615,3.0289162936664766
468,2,1616,3.054104206107912
469,2,1617,3.0672798610868908
470,2,1618,3.0768929095495317
471,2,1619,3.0036902484439674
472,2,1620,3.1216145526795165
473,2,1621,2.9831339404696515
474,2,1622,3.0682061172667
475,2,1623,3.122016387326377
476,2,1624,3.1224140780312677
477,2,1625,3.168761250518617
478,2,1626,3.1308342161632727
479,2,1627,3.0515379905700684
480,2,1628,2.99810927254813
481,2,1629,2.991629992212568
482,2,1630,3.09591581707909
483,2,1631,3.1624885967799594
484,2,1632,2.9326407114664717
485,2,1633,3.003468050843193
486,2,1634,3.0098878258750554
487,2,1635,3.1283511604581555
488,2,1636,3.1134442658651444
489,2,1637,3.074391881624858
490,2,1638,3.1492899429230463
491,2,1639,3.0824327695937384
492,2,1640,3.0254321665990913
493,2,1641,3.1214121466591247
494,2,1642,3.06014716341382
495,2,1643,2.959125603948321
496,2,1644,3.1343659900483636
497,2,1645,3.0410920268013357
498,2,1646,3.196935619626726
499,2,1647,3.0723208274160108
500,2,1648,3.0622763804027016
501,2,1649,3.0414338509241747
502,2,1650,3.0889014232726324
503,2,1651,3.0369755114827823
504,2,1652,3.055029545511518
505,2,1653,3.0761864128566927
506,2,1654,3.048200170199077
507,2,1655,3.0408928621382936
508,2,1656,3.1149439102127436
509,2,1657,3.099335165250869
510,2,1658,3.2032697938737416
511,2,1659,2.9805476495197842
512,2,1660,3.0835842007682435
513,2,1661,3.0363530346325462
514,2,1662,3.1180234579812907
515,2,1663,3.0585985439164296
516,2,1664,3.081391768796103
517,2,1665,3.1549207766850786
518,2,1666,3.126964001428513
519,2,1667,3.068139316070648
520,2,1668,3.1043607422283714
521,2,1669,3.0202485351335433
522,2,1670,3.1118931997390025
523,2,1671,2.9814012675058277
524,2,1672,3.080703695615133
525,2,1673,3.0775296915145147
526,2,1674,3.146527381170364
527,2,1675,3.0902367943809144
528,2,1676,3.1899305582046513
529,2,1677,2.9998298826671785
530,2,1678,2.9655383427937823
531,2,1679,3.074431033361526
532,2,1680,3.1057048865727017
533,2,1681,3.0678779454458334
534,2,1682,3.1210527476810266
535,2,1683,3.0929543347585766
536,2,1684,3.0360984348115467
537,2,1685,2.98468698206402
538,2,1686,3.107257735161555
539,2,1687,2.9938501375062128
540,2,1688,3.1238126016798473
541,2,1689,3.053934528714135
542,2,1690,3.1252652179627187
543,2,1691,2.9991062709263394
544,2,1692,3.1379127275376093
545,2,1693,2.944844081288292
546,2,1694,3.046957918575832
547,2,1695,3.0309510231018066
548,2,1696,2.996311074211484
549,2,1697,3.121838200659979
550,2,1698,3.000365271454765
551,2,1699,3.1642210483551025
552,2,1700,3.017120474860782
553,2,1701,3.0268239009948004
554,2,1702,3.15089039575486
555,2,1703,3.08526637440636
556,2,1704,3.0500840800149103
557,2,1705,3.1509956632341662
558,2,1706,3.06700234753745
559,2,1707,3.0143079814456755
560,2,1708,2.9505069653193154
561,2,1709,3.011356955482847
562,2,1710,3.115200201670329
563,2,1711,3.0419610568455284
564,2,1712,3.116131941477457
565,2,1713,3.0572972865331742
566,2,1714,3.0911736885706578
567,2,1715,3.1088028692063836
568,2,1716,3.0348908276784985
569,2,1717,3.069746380760556
570,2,1718,3.116497618811471
571,2,1719,3.0227673905236374
572,2,1720,2.9498716621171863
573,2,1721,3.1098214842024303
574,2,1722,3.0481429951531545
575,2,1723,3.1079948289053783
576,2,1724,3.1071385088421057
577,2,1725,3.1567223299117315
578,2,1726,3.1281755992344435
579,2,1727,3.106816405341739
580,2,1728,3.0737252235412598
581,2,1729,3.087350618271601
582,2,1730,3.0791679677509123
583,2,1731,2.985423667090279
584,2,1732,3.0159209569295253
585,2,1733,2.9328837678545994
586,2,1734,3.0715228234018594
587,2,1735,2.9978650865100676
588,2,1736,2.953217642647879
589,2,1737,3.049569612457639
590,2,1738,3.1478260414940973
591,2,1739,2.986325834478651
592,2,1740,2.9859912338710966
593,2,1741,3.0904508772350487
594,2,1742,2.964334993135362
595,2,1743,2.999712751025245
596,2,1744,3.0522802670796714
597,2,1745,3.0839638539722984
598,2,1746,2.978756546974182
599,2,1747,3.054632430984861
600,2,1748,3.0466800928115854
601,2,1749,3.0471888326463246
602,2,1750,3.0059692973182313
603,2,1751,3.0197654167811083
604,2,1752,3.0463500874383107
605,2,1753,3.035360835847401
606,2,1754,3.0536835761297314
607,2,1755,3.000759675389245
608,2,1756,3.065781738076891
609,2,1757,3.0683030798321678
610,2,1758,3.092671286492121
611,2,1759,2.918931719802674
612,2,1760,3.1242623215629943
613,2,1761,3.0242966356731595
614,2,1762,3.079811419759478
615,2,1763,3.090853534993671
616,2,1764,3.0982781421570547
617,2,1765,2.9856635445640203
618,2,1766,3.134077651160104
619,2,1767,3.078429562704904
620,2,1768,3.09986838840303
621,2,1769,3.0969841906002586
622,2,1770,3.1042008570262367
623,2,1771,3.0515758139746536
624,2,1772,2.961550623178482
625,2,1773,3.1166518302190873
626,2,1774,3.043836241676693
627,2,1775,2.9892695574533374
628,2,1776,3.111336906750997
629,2,1777,3.0645101297469366
630,2,1778,3.19208228020441
631,2,1779,3.0847934541248136
632,2,1780,3.0678374994368784
633,2,1781,2.9531644753047397
634,2,1782,3.0630665506635393
635,2,1783,2.987305436815534
636,2,1784,3.0385029543013804
637,2,1785,3.0859518306595937
638,2,1786,3.1197167862029302
639,2,1787,2.989045358839489
640,2,1788,3.1073284347852077
641,2,1789,3.0417344570159908
642,2,1790,3.1082505612146285
643,2,1791,3.0040471837634124
644,2,1792,3.0335456956000564
645,2,1793,2.9711371404784064
646,2,1794,3.0044578540892823
647,2,1795,2.9388520944686167
648,2,1796,3.029001201902117
649,2,1797,3.064422383194878
650,2,1798,3.0191660495031445
651,2,1799,2.9502903166271386
652,2,1800,3.064644546735854
653,2,1801,2.9729875893819897
654,2,1802,3.1186210938862393
655,2,1803,3.0500531083061584
656,2,1804,2.9411710046586537
657,2,1805,3.085776856967381
658,2,1806,2.9860770390147255
659,2,1807,3.031587027368091
660,2,1808,3.053340066046942
661,2,1809,3.023338261104766
662,2,1810,3.043034303755987
663,2,1811,3.083667777833484
664,2,1812,2.983766657965524
665,2,1813,3.027907036599659
666,2,1814,3.0124204839978903
667,2,1815,3.0702097359157747
668,2,1816,2.968179765201751
669,2,1817,3.0775282837095714
670,2,1818,3.0313677844547087
671,2,1819,2.938680941150302
672,2,1820,2.894061758404686
673,2,1821,3.124000225748335
674,2,1822,2.9764947323572066
675,2,1823,3.116136988004049
676,2,1824,3.0161227271670383
677,2,1825,2.999262934639341
678,2,1826,3.0540678217297503
679,2,1827,3.0937883229482748
680,2,1828,3.0589749245416553
681,2,1829,3.0218137672969276
682,2,1830,3.0400843279702325
683,2,1831,3.0012451750891556
684,2,1832,2.9534539324896674
685,2,1833,3.0874772355670017
686,2,1834,3.037449456396556
687,2,1835,2.9804454162007286
688,2,1836,3.150629565829322
689,2,1837,2.9589027563730887
690,2,1838,3.0201585860479447
691,2,1839,3.132259255363828
692,2,1840,3.0409198204676313
693,2,1841,3.0329965977441695
694,2,1842,3.007650159654163
695,2,1843,2.9540615450768235
696,2,1844,3.036590093658084
697,2,1845,3.0146062941778267
698,2,1846,3.0818564352535067
699,2,1847,2.978311095918928
700,2,1848,3.1456167357308527
701,2,1849,2.962016156741551
702,2,1850,2.9544442835308256
703,2,1851,3.145854546910241
704,2,1852,3.1128207927658456
705,2,1853,3.05991039957319
706,2,1854,3.0186597619737894
707,2,1855,3.131060296580905
708,2,1856,3.0160628443672546
709,2,1857,3.070444544156393
710,2,1858,3.09904344308944
711,2,1859,3.100390757833208
712,2,1860,3.0262207644326344
713,2,1861,3.0403282017934896
714,2,1862,3.0567358107793896
715,2,1863,3.021491084780012
716,2,1864,3.046828848975045
717,2,1865,3.0016681353251142
718,2,1866,3.093842778887068
719,2,1867,2.977739697410947
720,2,1868,3.051711792037601
721,2,1869,2.9893540314265663
722,2,1870,3.0467298825581857
723,2,1871,3.074364611080715
724,2,1872,2.993732384272984
725,2,1873,3.0344243106387907
726,2,1874,3.003667649768647
727,2,1875,3.0038785593850266
728,2,1876,3.0188937811624434
729,2,1877,3.0605008715674984
730,2,1878,3.154984973725819
731,2,1879,3.0371922992524647
732,2,1880,2.9567881538754417
733,2,1881,3.1692162865684144
734,2,1882,3.091941209066482
735,2,1883,3.061085831551325
736,2,1884,3.0476490656534834
737,2,1885,3.0856534526461648
738,2,1886,3.006733465762366
739,2,1887,3.002411212239946
740,2,1888,3.019468262082055
741,2,1889,3.0548147587549126
742,2,1890,3.026867366972424
743,2,1891,3.000323108264378
744,2,1892,3.0555311696869984
745,2,1893,3.0383100509643555
746,2,1894,3.025121773992266
747,2,1895,3.020880736055828
748,2,1896,3.02447369552794
749,2,1897,3.0958008595875324
750,2,1898,3.000478540148054
751,2,1899,3.143153485797701
752,2,1900,3.094289109820411
753,2,1901,2.959314783414205
754,2,1902,2.971751306738172
755,2,1903,3.0504055931454612
756,2,1904,3.122262511934553
757,2,1905,2.962289710839589
758,2,1906,3.008544064703441
759,2,1907,3.008917581467401
760,2,1908,3.08465447028478
761,2,1909,2.9131078436261126
762,2,1910,3.015976224626814
763,2,1911,3.0215186959221256
764,2,1912,2.9955710853849133
765,2,1913,3.0475314685276573
766,2,1914,3.014308424223037
767,2,1915,2.964010573568798
768,2,1916,3.1599641300383072
769,2,1917,3.048476222015563
770,2,1918,2.885513322693961
771,2,1919,2.99942851350421
772,2,1920,3.0101334367479593
773,2,1921,2.933493301981971
774,2,1922,3.1248388347171603
775,2,1923,3.0907313710167306
776,2,1924,3.1001226277578438
777,2,1925,3.037899051393782
778,2,1926,2.918006522314889
779,2,1927,3.126291513442993
780,2,1928,2.9460529883702598
781,2,1929,2.995743314425151
782,2,1930,3.1201865843364174
783,2,1931,3.0158674347968337
784,2,1932,3.0349812422479907
785,2,1933,2.9840395564124687
786,2,1934,3.105433611642746
787,2,1935,2.9666017010098407
788,2,1936,3.0004501853670393
789,2,1937,3.034460453760057
790,2,1938,2.979439689999535
791,2,1939,3.1378490413938245
792,2,1940,2.924535342625209
793,2,1941,2.989216815857661
794,2,1942,2.961227587291172
795,2,1943,2.9843768959953665
796,2,1944,2.9574138947895596
797,2,1945,3.1576435509182157
798,2,1946,3.0452055022830056
799,2,1947,2.9920299734388083
800,2,1948,2.9623778661092124
801,2,1949,3.093271403085618
802,2,1950,2.978382794629961
803,2,1951,3.0196344710531684
804,2,1952,2.998575647672018
805,2,1953,3.0178113664899557
806,2,1954,3.103692287490481
807,2,1955,3.0715906903857277
808,2,1956,3.0255259105137418
809,2,1957,3.1127151194072904
810,2,1958,3.060939028149559
811,2,1959,3.066291763668968
812,2,1960,3.045846201124646
813,2,1961,3.1171092703228904
814,2,1962,3.024134650116875
815,2,1963,3.032935414995466
816,2,1964,2.996856363046736
817,2,1965,2.995007199900491
818,2,1966,2.8842434712818688
819,2,1967,2.9625659783681235
820,2,1968,3.0386349360148106
821,2,1969,3.042216746580033
822,2,1970,2.9905612752551125
823,2,1971,2.9030596415201817
824,2,1972,2.9621393794105164
825,2,1973,3.062825021289644
826,2,1974,2.9915274438403903
827,2,1975,2.928620588211786
828,2,1976,2.9203065662156957
829,2,1977,2.9742109321412586
830,2,1978,3.0369009631020676
831,2,1979,3.112082776569185
832,2,1980,2.998240902310326
833,2,1981,3.037055004210699
834,2,1982,3.0354715528942293
835,2,1983,3.0320297025498886
836,2,1984,3.0070203031812395
837,2,1985,3.136549347922916
838,2,1986,3.0771986813772294
839,2,1987,2.942190263952527
840,2,1988,3.067785070056007
841,2,1989,2.9672520501273016
842,2,1990,2.919758365267799
843,2,1991,3.0817574603216986
844,2,1992,3.018271281605675
845,2,1993,3.055860905420212
846,2,1994,3.02259472722099
847,2,1995,3.0356371033759344
848,2,1996,3.016339568864732
849,2,1997,3.0240533465430857
850,2,1998,3.0427488996869037
851,2,1999,3.015551260539463
852,2,2000,3.0250233582087924
853,2,2001,3.0876373677026656
854,2,2002,3.041491139502752
855,2,2003,3.094831364495413
856,2,2004,2.9889800889151434
857,2,2005,3.0858153956277024
858,2,2006,3.0047146025158105
859,2,2007,2.9348764078957696
860,2,2008,3.090634868258522
861,2,2009,3.0844003189177744
862,2,2010,3.013082714307876
863,2,2011,3.1009482883271717
864,2,2012,3.096880980900356
865,2,2013,2.857494643756322
866,2,2014,2.9493182102839146
867,2,2015,3.0612503517241705
868,2,2016,2.8778001921517506
869,2,2017,3.099019096011207
870,2,2018,2.968692944163368
871,2,2019,2.993367581140428
872,2,2020,3.094520551817758
873,2,2021,3.013376661709377
874,2,2022,2.9455249763670426
875,2,2023,3.0048175028392254
876,2,2024,2.9651664779299782
877,2,2025,3.0935767491658526
878,2,2026,3.0632049923851374
879,2,2027,3.0081474213373087
880,2,2028,3.0303252310979936
881,2,2029,3.0092729273296537
882,2,2030,3.0965700263068787
883,2,2031,3.023009856541951
884,2,2032,3.0512119928995767
885,2,2033,3.029386230877468
886,2,2034,2.9799339998336074
887,2,2035,2.9831396596772333
888,2,2036,2.9594501994905014
889,2,2037,3.0421035573596047
890,2,2038,3.061311097372146
891,2,2039,3.140950781958445
892,2,2040,2.9554144967169997
893,2,2041,3.0050136134738015
894,2,2042,3.0167596794310074
895,2,2043,2.9840230232193354
896,2,2044,2.968629121780395
897,2,2045,2.9527781350272044
898,2,2046,2.992556146212987
899,2,2047,2.979439976669493
900,2,2048,2.929841776688894
901,2,2049,2.950073191097805
902,2,2050,3.1228616578238353
903,2,2051,2.9714611342975075
904,2,2052,3.02095323517209
905,2,2053,3.0115914004189634
906,2,2054,3.0405720898083275
907,2,2055,3.0004439751307173
908,2,2056,3.106183347247896
909,2,2057,3.039105029333205
910,2,2058,3.0211725745882303
911,2,2059,2.9846875667572026
912,2,2060,2.987783715838478
913,2,2061,2.9298740611189893
914,2,2062,2.9449539468401955
915,2,2063,3.0059565589541477
916,2,2064,3.0007353396642773
917,2,2065,2.992491392862229
918,2,2066,2.936095243408566
919,2,2067,2.9208488095374343
920,2,2068,2.955165846007211
921,2,2069,3.0490134443555554
922,2,2070,3.165135951269241
923,2,2071,2.9260523148945397
924,2,2072,2.9853407031013854
925,2,2073,3.019938474609738
926,2,2074,3.0108780236471264
927,2,2075,2.9771069174721125
928,2,2076,2.9693451154799693
929,2,2077,3.0053769406818196
930,2,2078,3.1055724677585417
931,2,2079,2.993254888625372
932,2,2080,2.9465667974381216
933,2,2081,3.008431905791873
934,2,2082,2.8782813520658586
935,2,2083,2.959218961851937
936,2,2084,3.0093174945740477
937,2,2085,3.0408551352364674
938,2,2086,2.991485987390791
939,2,2087,3.071055117107573
940,2,2088,3.0569580055418464
941,2,2089,2.9820044040679927
942,2,2090,2.9936191354479105
943,2,2091,2.981502022062029
944,2,2092,2.9054224774951027
945,2,2093,2.947749518212817
946,2,2094,2.966197797230312
947,2,2095,2.9979973775999884
948,2,2096,3.075884302457174
949,2,2097,2.897270807198115
950,2,2098,3.015818505060105
951,2,2099,3.0453347194762452
952,2,2100,2.9734236966995966
953,2,2101,3.0378859894616266
954,2,2102,2.873695728324709
955,2,2103,3.0223159506207424
956,2,2104,2.9891408681869502
957,2,2105,3.031284803435916
958,2,2106,2.9860984512737816
959,2,2107,2.949307657423473
960,2,2108,3.020030172098251
961,2,2109,2.9727861256826493
962,2,2110,2.964871003514244
963,2,2111,3.0609484002703717
964,2,2112,3.000541363443647
965,2,2113,2.9371539723305475
966,2,2114,3.153729614757356
967,2,2115,3.0952129250481017
968,2,2116,2.9782454910732445
969,2,2117,2.908757096245175
970,2,2118,3.0885484388896396
971,2,2119,2.9769289834158763
972,2,2120,2.9889416978472747
973,2,2121,3.0500559977122723
974,2,2122,2.8952193033127553
975,2,2123,3.000446274167016
976,2,2124,3.020926838829404
977,2,2125,3.012874770732153
978,2,2126,3.102181105386643
979,2,2127,3.0548088493801298
980,2,2128,3.015097250541051
981,2,2129,3.0024755228133437
982,2,2130,2.9536301124663584
983,2,2131,2.998245747316451
984,2,2132,2.9466182504381453
985,2,2133,3.069858902976627
986,2,2134,2.956674695014953
987,2,2135,2.868305972644261
988,2,2136,2.8909989538646874
989,2,2137,2.888502972466606
990,2,2138,3.004787859462557
991,2,2139,2.921293712797619
992,2,2140,3.071766847655887
993,2,2141,2.9247283424649924
994,2,2142,2.96929855573745
995,2,2143,3.0466311119851612
996,2,2144,3.0197388614927023
997,2,2145,3.0660246270043503
998,2,2146,3.0328140826452357
999,2,2147,3.080619079726083
1000,2,2148,3.0133780411311557
1001,2,2149,2.9929439311935786
1002,2,2150,2.9792901589756924
1003,2,2151,3.0611067840031216
1004,2,2152,2.972366037822905
1005,2,2153,2.9909750620524087
1006,2,2154,2.97964775846118
1007,2,2155,2.9828212715330573
1008,2,2156,3.0917331491197864
1009,2,2157,3.0016176757358366
1010,2,2158,2.9317511972926913
1011,2,2159,2.9846112188838787
1012,2,2160,3.0626660188039145
1013,2,2161,3.0724352569807145
1014,2,2162,2.9946171556200296
1015,2,2163,2.9359584337189086
1016,2,2164,2.885507782300312
1017,2,2165,2.970806610016596
1018,2,2166,3.0558187564214068
1019,2,2167,3.0403529348827547
1020,2,2168,3.0637697265261705
1021,2,2169,3.002352061725798
1022,2,2170,3.0414514655158635
1023,2,2171,3.0598865690685444
1024,2,2172,2.9995208439372836
1025,2,2173,3.080941654386974
1026,2,2174,2.9419147400628947
1027,2,2175,3.05107931863694
1028,2,2176,3.077325332732427
1029,2,2177,2.98004336584182
1030,2,2178,2.9972659207525707
1031,2,2179,3.060281390235537
1032,2,2180,2.910028960023608
1033,2,2181,2.9131312313533964
1034,2,2182,3.0199666647684005
1035,2,2183,2.8852517718360535
1036,2,2184,2.9310326774915065
1037,2,2185,2.985265289034162
1038,2,2186,3.063311344101315
1039,2,2187,3.10658658118475
1040,2,2188,2.9520674135003775
1041,2,2189,3.1062833922249933
1042,2,2190,3.118252197901408
1043,2,2191,3.0586552279336114
1044,2,2192,2.83223288896538
1045,2,2193,2.976993047055744
1046,2,2194,3.0535836049488623
1047,2,2195,3.0897428648812424
1048,2,2196,2.9700765723273865
1049,2,2197,2.8952353000640874
1050,2,2198,2.970997674124582
1051,2,2199,3.023595392704009
1052,2,2200,3.0355444238299416
1053,2,2201,2.9913077638262795
1054,2,2202,2.9237752925781972
1055,2,2203,2.904017238389878
1056,2,2204,3.0242347660518827
1057,2,2205,3.0337789569582263
1058,2,2206,2.957495865367708
1059,2,2207,3.0065917741684687
1060,2,2208,3.070181415194557
1061,2,2209,2.940738513356162
1062,2,2210,2.961418614501045
1063,2,2211,3.069855076926095
1064,2,2212,2.9489905692282177
1065,2,2213,2.9322245575132833
1066,2,2214,2.974390046937125
1067,2,2215,2.952566038994562
1068,2,2216,2.9190906711987092
1069,2,2217,3.0185065099171235
1070,2,2218,2.9973095201310658
1071,2,2219,3.0208157811846057
1072,2,2220,2.9759422483898343
1073,2,2221,3.0606225076175875
1074,2,2222,3.0185449861344837
1075,2,2223,2.9792847122464856
1076,2,2224,3.099456991468157
1077,2,2225,2.8900617020470754
1078,2,2226,2.899418410800752
1079,2,2227,3.0604762832323718
1080,2,2228,2.9714966416358943
1081,2,2229,2.920081047784714
1082,2,2230,2.9899175167083736
1083,2,2231,2.919872031325386
1084,2,2232,2.9583668197904314
1085,2,2233,2.915959585280645
1086,2,2234,3.142843848183041
1087,2,2235,2.9557495684850785
1088,2,2236,2.8609268097650435
1089,2,2237,3.019274643489293
1090,2,2238,3.0425163507461552
1091,2,2239,2.9735039188748305
1092,2,2240,2.992690852710179
1093,2,2241,2.9039001748675393
1094,2,2242,3.05673737185342
1095,2,2243,2.91324512163798
1096,2,2244,2.9093232949574794
1097,2,2245,2.9961041325614572
1098,2,2246,3.018490325836909
1099,2,2247,2.9538108195577344
1100,2,2248,2.879864454269409
1101,2,2249,3.0857572158177695
1102,2,2250,3.125339735121954
1103,2,2251,3.1003638392403015
1104,2,2252,3.038867399806068
1105,2,2253,3.0193076304027016
1106,2,2254,2.9255463849930536
1107,2,2255,2.87903854960487
1108,2,2256,2.960226280348642
1109,2,2257,3.1024927865891225
1110,2,2258,2.947252966108776
1111,2,2259,3.0177217693555933
1112,2,2260,2.9220249596096224
1113,2,2261,2.942523144540333
1114,2,2262,3.0194979735783165
1115,2,2263,2.9390004192079817
1116,2,2264,2.9557664252462845
1117,2,2265,2.966957793349312
1118,2,2266,3.101087104706537
1119,2,2267,2.988809653690883
1120,2,2268,2.9447018532525933
1121,2,2269,2.9600757757822667
1122,2,2270,2.9470490614573164
1123,2,2271,2.958679536978404
1124,2,2272,2.956236209188189
1125,2,2273,3.0190813768477667
1126,2,2274,3.0174232380730768
1127,2,2275,3.0775524434589205
1128,2,2276,2.9601426011040095
1129,2,2277,2.9968020688919794
1130,2,2278,2.917713812419347
1131,2,2279,3.0207650264104213
1132,2,2280,2.989699477241153
1133,2,2281,3.02723441237495
1134,2,2282,2.984633610362099
1135,2,2283,3.0282400051752734
1136,2,2284,2.9852950118836903
1137,2,2285,3.0726573694319956
1138,2,2286,2.933974896158491
1139,2,2287,3.018987508047195
1140,2,2288,3.095922657421657
1141,2,2289,2.961916503452119
1142,2,2290,2.998267837933132
1143,2,2291,2.791208942731221
1144,2,2292,3.0425106514067872
1145,2,2293,2.989007424740564
1146,2,2294,2.8559197187423706
0,3,2295,2.9654739300409947
1,3,2296,3.0540541183380854
2,3,2297,2.897930119718824
3,3,2298,2.9791485695611866
4,3,2299,2.96183096794855
5,3,2300,2.9849300838652115
6,3,2301,3.010876377423604
7,3,2302,2.976175206048148
8,3,2303,3.010665643782843
9,3,2304,3.0221938973381404
10,3,2305,2.997103271030245
11,3,2306,2.8825868992578414
12,3,2307,2.9652199007215962
13,3,2308,2.980958166576567
14,3,2309,2.9544748011089506
15,3,2310,2.9013498170035232
16,3,2311,3.0001139584041785
17,3,2312,2.9915053844451895
18,3,2313,3.0055522294271557
19,3,2314,2.987924802870978
20,3,2315,2.9372541904449463
21,3,2316,3.0304497395242964
22,3,2317,2.97623678616115
23,3,2318,2.9358698072887606
24,3,2319,2.8921877940495815
25,3,2320,3.0050658384958897
26,3,2321,3.0040635892323078
27,3,2322,3.007236384210132
28,3,2323,2.879187998317537
29,3,2324,3.0403941671053563
30,3,2325,2.916802411987667
31,3,2326,3.0063546044485907
32,3,2327,3.030400401070004
33,3,2328,2.9114604904538117
34,3,2329,3.012008161771865
35,3,2330,2.931429107983907
36,3,2331,2.858624049595424
37,3,2332,2.89889623437609
38,3,2333,2.905492856389001
39,3,2334,2.9477988084157305
40,3,2335,2.745294809341431
41,3,2336,2.9292218514851163
42,3,2337,3.0160845801943825
43,3,2338,2.93999191125234
44,3,2339,3.010347687062763
45,3,2340,2.956044787452335
46,3,2341,3.098626534144084
47,3,2342,2.8804808457692466
48,3,2343,2.959496974945069
49,3,2344,3.0832381305240446
50,3,2345,2.9231076723053335
51,3,2346,2.9204170363289963
52,3,2347,2.906435932431902
53,3,2348,2.945319527671451
54,3,2349,2.9721864121300836
55,3,2350,3.0470123631613593
56,3,2351,3.078185285840715
57,3,2352,2.967328111330668
58,3,2353,2.971818549292428
59,3,2354,2.9334805806477857
60,3,2355,2.936503609021505
61,3,2356,2.9655332395008625
62,3,2357,2.928777095817384
63,3,2358,2.969444825535729
64,3,2359,3.041980822881063
65,3,2360,2.7955423167773654
66,3,2361,2.92954282391639
67,3,2362,3.044144187654767
68,3,2363,2.969596962134043
69,3,2364,2.925159962404342
70,3,2365,2.9457532167434692
71,3,2366,2.943299111865816
72,3,2367,2.867777148882548
73,3,2368,2.93490173135485
74,3,2369,3.027233430317469
75,3,2370,2.954760244914463
76,3,2371,3.0829671933537437
77,3,2372,2.9475732530866345
78,3,2373,2.9988942713964555
79,3,2374,2.9237745035262344
80,3,2375,3.012581916082474
81,3,2376,2.9329783802940734
82,3,2377,2.9902686675389605
83,3,2378,3.0551967337017962
84,3,2379,2.950749471074059
85,3,2380,3.0029129754929316
86,3,2381,2.9831393219175797
87,3,2382,3.0527633229891458
88,3,2383,2.901080557278224
89,3,2384,2.9508423180807206
90,3,2385,2.9506180116108482
91,3,2386,2.914270307336535
92,3,2387,2.967912072227115
93,3,2388,2.94678795337677
94,3,2389,2.7882044797851924
95,3,2390,3.0865237031664163
96,3,2391,2.9675654343196327
97,3,2392,2.8906123467854092
98,3,2393,2.9780359097889493
99,3,2394,3.0681487662451614
100,3,2395,2.9657685302552723
101,3,2396,3.018858972049895
102,3,2397,2.9438928763071703
103,3,2398,2.9322805660111557
104,3,2399,2.9249741548583623
105,3,2400,2.9407658491815836
106,3,2401,3.011427518867311
107,3,2402,2.9905538558959956
108,3,2403,2.987965203466869
109,3,2404,2.950144062439601
110,3,2405,2.9749858833494645
111,3,2406,2.9500439961751304
112,3,2407,3.0374687399182996
113,3,2408,2.842571008773078
114,3,2409,2.984557208560762
115,3,2410,2.9185283836864286
116,3,2411,2.9911896160670692
117,3,2412,3.0158704292206537
118,3,2413,2.9572291118758067
119,3,2414,2.963551095553807
120,3,2415,3.0674420595169063
121,3,2416,2.861829360326131
122,3,2417,2.9064570636976335
123,3,2418,2.9915087932632085
124,3,2419,2.914423062687829
125,3,2420,3.0478234688440953
126,3,2421,3.0555849018551045
127,3,2422,3.030930382864816
128,3,2423,2.906798056193761
129,3,2424,2.904223944459643
130,3,2425,2.9080693778537565
131,3,2426,2.9287424002374918
132,3,2427,3.002653434163048
133,3,2428,3.020668807483855
134,3,2429,2.9589865264438453
135,3,2430,2.9247333322252542
136,3,2431,2.9615849824178793
137,3,2432,2.970954509008499
138,3,2433,2.9413974966321668
139,3,2434,2.9681957278932845
140,3,2435,3.00690530027662
141,3,2436,2.9684898853301998
142,3,2437,3.0494346902483986
143,3,2438,2.972331631751287
144,3,2439,2.8545371421745847
145,3,2440,2.9823776483535767
146,3,2441,2.9642386095864426
147,3,2442,2.89107413093249
148,3,2443,2.9650007230894904
149,3,2444,2.9744137525558476
150,3,2445,2.894725436256045
151,3,2446,2.9712097644805913
152,3,2447,3.0552213589350394
153,3,2448,2.912281833943866
154,3,2449,2.912725227219718
155,3,2450,2.9590958782604755
156,3,2451,2.9701622327168784
157,3,2452,2.960730101381029
158,3,2453,3.0508842383112227
159,3,2454,2.8636950680187776
160,3,2455,2.8803043535777504
161,3,2456,3.0418684766406106
162,3,2457,2.9212897987592794
163,3,2458,2.930561621983846
164,3,2459,2.9722921734764465
165,3,2460,3.0025889816738314
166,3,2461,3.077343787465777
167,3,2462,3.022866918927147
168,3,2463,2.9611073959441416
169,3,2464,2.9950188171295897
170,3,2465,3.0108408189955207
171,3,2466,3.0042840128853205
172,3,2467,2.894817624773298
173,3,2468,3.0056275924046836
174,3,2469,3.0319013936179022
175,3,2470,3.02418000925155
176,3,2471,3.0285888002032326
177,3,2472,2.8961309421630124
178,3,2473,2.9871526729492914
179,3,2474,3.0421854484648927
180,3,2475,2.8913193714051015
181,3,2476,2.9439335124833246
182,3,2477,2.9652582009633384
183,3,2478,2.9804252783457437
184,3,2479,2.9436589961960204
185,3,2480,3.047612525167919
186,3,2481,3.0938768500373475
187,3,2482,2.996652302287874
188,3,2483,3.0334195352735964
189,3,2484,2.751090330736978
190,3,2485,2.964450915654501
191,3,2486,2.80716316756748
192,3,2487,2.9565422875540595
193,3,2488,2.908453864710672
194,3,2489,2.960402905941009
195,3,2490,3.0033828474226456
196,3,2491,3.0064812671570555
197,3,2492,2.9714805852799184
198,3,2493,2.9454975922902427
199,3,2494,2.898534252530052
200,3,2495,3.058169353575934
201,3,2496,2.9607445342200145
202,3,2497,2.9679000547954013
203,3,2498,3.071325171561469
204,3,2499,2.9876343976883657
205,3,2500,2.9913090921583625
206,3,2501,2.9579648687725966
207,3,2502,2.9223394564219882
208,3,2503,2.909632643063863
209,3,2504,2.9713046039853777
210,3,2505,2.8941853301865716
211,3,2506,2.9114599710419062
212,3,2507,2.9049151568185714
213,3,2508,2.9394101585660666
214,3,2509,2.9461692571640015
215,3,2510,2.8624089246704467
216,3,2511,2.8970815283911566
217,3,2512,2.981086940992446
218,3,2513,2.9874887466430664
219,3,2514,2.888519139516922
220,3,2515,2.9318968852361045
221,3,2516,2.9619618796166916
222,3,2517,2.9264338782855446
223,3,2518,2.90608358950842
224,3,2519,2.844841661907378
225,3,2520,2.9491597158568243
226,3,2521,2.908249063151223
227,3,2522,2.919097693193527
228,3,2523,2.8680529026758106
229,3,2524,2.8561095708892457
230,3,2525,2.8331150951839628
231,3,2526,2.910723277500697
232,3,2527,2.9773858274732317
233,3,2528,2.970769161269778
234,3,2529,3.000392471040997
235,3,2530,2.8939845732280185
236,3,2531,3.036753007343837
237,3,2532,2.8789240320523586
238,3,2533,3.0468380309286576
239,3,2534,3.0094804309663314
240,3,2535,2.8378139620735534
241,3,2536,2.916481168497176
242,3,2537,3.0257456927072437
243,3,2538,2.9936011064620236
244,3,2539,3.0123220199630367
245,3,2540,3.013048081170945
246,3,2541,2.952159211749122
247,3,2542,2.9360142946243286
248,3,2543,2.939482722963606
249,3,2544,2.9842646292277744
250,3,2545,3.00895695459275
251,3,2546,2.8945317098072603
252,3,2547,3.006051557404655
253,3,2548,2.961716129666283
254,3,2549,2.8759263952573146
255,3,2550,2.9614460241226928
256,3,2551,3.013938988958087
257,3,2552,3.0284928991681057
258,3,2553,3.0532175557953973
259,3,2554,3.1540520872388567
260,3,2555,2.9684726936476578
261,3,2556,2.966854277111235
262,3,2557,2.8599664767583213
263,3,2558,2.917720388798487
264,3,2559,3.0529026303972513
265,3,2560,2.9534306072053456
266,3,2561,2.9876354194822765
267,3,2562,2.9418007248923894
268,3,2563,3.037504054251171
269,3,2564,2.849865618206206
270,3,2565,2.921256769271124
271,3,2566,2.8624556518736335
272,3,2567,2.9210362831751504
273,3,2568,2.8956420081002365
274,3,2569,2.898800154527028
275,3,2570,3.0021273238318305
276,3,2571,3.064539296286447
277,3,2572,2.926273703575135
278,3,2573,2.9641360271544688
279,3,2574,2.887575887498402
280,3,2575,2.886496577944074
281,3,2576,2.9780012766520185
282,3,2577,2.8854510727382836
283,3,2578,2.8257270483743575
284,3,2579,2.8591050221806484
285,3,2580,2.9184352812312895
286,3,2581,2.9321185634249733
287,3,2582,2.967995649292355
288,3,2583,2.8752290407816563
289,3,2584,3.013128967512221
290,3,2585,2.9965109654835294
291,3,2586,2.9465527761550176
292,3,2587,2.933221044994536
293,3,2588,3.059726306370326
294,3,2589,2.8882428918566028
295,3,2590,2.930155595143636
296,3,2591,2.9787194161188038
297,3,2592,2.9958806605566117
298,3,2593,2.827714929978053
299,3,2594,2.9433610779898514
300,3,2595,2.8961054597582137
301,3,2596,3.018030501547314
302,3,2597,3.0422800836108976
303,3,2598,2.9439769812992638
304,3,2599,2.904883364836374
305,3,2600,3.011507227307274
306,3,2601,2.959718329565866
307,3,2602,2.8239677633558
308,3,2603,2.8952310567810424
309,3,2604,2.977886830057417
310,3,2605,2.9262181548845194
311,3,2606,2.9551942916143505
312,3,2607,2.9492658717291698
313,3,2608,3.0767181544076827
314,3,2609,2.885833235014052
315,3,2610,2.9957493884222846
316,3,2611,2.9359951416651406
317,3,2612,2.903772303036281
318,3,2613,2.9564417316800076
319,3,2614,2.9180338325954613
320,3,2615,2.9124509465126764
321,3,2616,2.9745406309763593
322,3,2617,2.9190396893592103
323,3,2618,2.982537374609992
324,3,2619,2.934535775865826
325,3,2620,2.8222192696162627
326,3,2621,3.0303742544991628
327,3,2622,2.891667053813025
328,3,2623,2.991280118624369
329,3,2624,3.128766281264169
330,3,2625,2.8629762274878368
331,3,2626,3.005957296916417
332,3,2627,2.9496180102938694
333,3,2628,2.936469018459319
334,3,2629,2.989493040811448
335,3,2630,2.880971034367879
336,3,2631,2.833077771323067
337,3,2632,2.9120549190612066
338,3,2633,2.794450212092626
339,3,2634,3.037128760701134
340,3,2635,2.979418016615368
341,3,2636,2.9240902605510897
342,3,2637,2.772447066647666
343,3,2638,2.956505261716389
344,3,2639,2.91554111526126
345,3,2640,2.965115121432713
346,3,2641,2.991723702067421
347,3,2642,2.9306694467862453
348,3,2643,2.824650176933834
349,3,2644,2.8824564332053777
350,3,2645,2.9017131555648072
351,3,2646,2.86335027217865
352,3,2647,3.0114362183071317
353,3,2648,2.837489094052996
354,3,2649,3.0094457978294007
355,3,2650,2.899793278603326
356,3,2651,3.04984382220677
357,3,2652,2.9801075969423567
358,3,2653,2.988178951399667
359,3,2654,2.988404282501766
360,3,2655,2.9613000665392195
361,3,2656,2.835604071617126
362,3,2657,2.9519401050749274
363,3,2658,3.026789517629715
364,3,2659,2.9609969173158923
365,3,2660,2.9285971181733266
366,3,2661,2.8218139069420953
367,3,2662,2.904219757942926
368,3,2663,2.844744284947714
369,3,2664,3.016356303578331
370,3,2665,2.982037771315802
371,3,2666,2.7777233634676257
372,3,2667,2.8710290917328423
373,3,2668,2.9782953148796443
374,3,2669,2.926959835347675
375,3,2670,2.926192888191768
376,3,2671,2.8486236929893494
377,3,2672,2.962943204811641
378,3,2673,3.0554153862453632
379,3,2674,2.832030571642376
380,3,2675,2.8931104682740707
381,3,2676,2.865216096242269
382,3,2677,2.8917056832994734
383,3,2678,2.8753786427634105
384,3,2679,2.98709872223082
385,3,2680,2.8936326787585305
386,3,2681,2.9266206026077266
387,3,2682,2.8858080421175276
388,3,2683,2.8183048566182447
389,3,2684,2.9047975000881014
390,3,2685,2.883321410133725
391,3,2686,3.003205884070624
392,3,2687,2.9552298841022315
393,3,2688,2.8835746731076926
394,3,2689,3.076220875694638
395,3,2690,2.882443203812554
396,3,2691,2.9242668605986104
397,3,2692,2.9250004461833408
398,3,2693,2.986608982086181
399,3,2694,3.024863146600269
400,3,2695,2.8905000913710817
401,3,2696,2.749907862572443
402,3,2697,2.9362381639934725
403,3,2698,2.987300889832632
404,3,2699,2.824469083831424
405,3,2700,2.9315108287902105
406,3,2701,2.9312673012415567
407,3,2702,2.9110524484089435
408,3,2703,2.932600776354472
409,3,2704,3.00265154668263
410,3,2705,2.9480794214067
411,3,2706,2.8693346239271618
412,3,2707,2.9498235413006375
413,3,2708,2.9040319011324933
414,3,2709,3.004596009140924
415,3,2710,2.9995549888837902
416,3,2711,2.9350903545107165
417,3,2712,3.0181771488416764
418,3,2713,2.9729822249639604
419,3,2714,2.887169667652675
420,3,2715,2.9088463272367204
421,3,2716,2.9803135054452077
422,3,2717,2.88613212108612
423,3,2718,2.9876784937722345
424,3,2719,2.8196053334644864
425,3,2720,2.8943259034838
426,3,2721,2.93913223629906
427,3,2722,2.8266006764911467
428,3,2723,2.9183559928621556
429,3,2724,3.0141723837171286
430,3,2725,2.9272499425070624
431,3,2726,2.9634988080887568
432,3,2727,3.008835213524955
433,3,2728,2.8905403670810514
434,3,2729,2.918547499747503
435,3,2730,2.8416677628244673
436,3,2731,2.8352717899140853
437,3,2732,2.882996837298075
438,3,2733,2.93999217237745
439,3,2734,2.9154332478841143
440,3,2735,2.857836286226908
441,3,2736,2.9825713520958317
442,3,2737,2.921832947503952
443,3,2738,2.943563427243914
444,3,2739,3.0125128541673925
445,3,2740,2.9560449776195346
446,3,2741,2.9726232687632246
447,3,2742,2.9668902272269837
448,3,2743,3.030365875789097
449,3,2744,2.941490513937814
450,3,2745,2.859084975151788
451,3,2746,2.9295015590531484
452,3,2747,2.8508286305836266
453,3,2748,2.9832039049693506
454,3,2749,3.0382406087148754
455,3,2750,3.007599143754869
456,3,2751,2.8935108695711405
457,3,2752,2.8517628170195084
458,3,2753,2.8948803033147543
459,3,2754,3.028841949644543
460,3,2755,2.8735604740324474
461,3,2756,2.965267800149463
462,3,2757,2.868692420777821
463,3,2758,2.9069175266084217
464,3,2759,3.0344435317175726
465,3,2760,2.925091715086074
466,3,2761,2.8575246844972884
467,3,2762,2.964178968043554
468,3,2763,2.90770659560249
469,3,2764,2.9302649554752174
470,3,2765,2.967031779743377
471,3,2766,3.012810326757886
472,3,2767,2.86432013909022
473,3,2768,2.9656195583797635
474,3,2769,3.0191351373990383
475,3,2770,2.929453838439214
476,3,2771,2.984316019784837
477,3,2772,2.8384688070842197
478,3,2773,2.8601610263188677
479,3,2774,2.9613615558260964
480,3,2775,2.8985130815278914
481,3,2776,2.965589125951131
482,3,2777,3.05572057337988
483,3,2778,2.9157652599470953
484,3,2779,2.89928776877267
485,3,2780,2.908192452930269
486,3,2781,2.995811008271717
487,3,2782,2.9522747369039624
488,3,2783,2.799500797476088
489,3,2784,3.019559462865194
490,3,2785,2.927000380697704
491,3,2786,2.9477941989898677
492,3,2787,2.9457324175607598
493,3,2788,3.0072884559631348
494,3,2789,2.9223781142916
495,3,2790,2.970791666280656
496,3,2791,2.903275143532526
497,3,2792,2.997399437995183
498,3,2793,2.9774585848762873
499,3,2794,2.879624874818893
500,3,2795,2.909465437843686
501,3,2796,2.9420542603447326
502,3,2797,2.87078389099666
503,3,2798,2.872991732188633
504,3,2799,2.8675433340526766
505,3,2800,2.898195005598523
506,3,2801,2.884230761300949
507,3,2802,2.989698642776126
508,3,2803,2.881775836149851
509,3,2804,2.9166378009886964
510,3,2805,3.0325521968659905
511,3,2806,2.9806931189128325
512,3,2807,2.984350442886352
513,3,2808,2.878594023840768
514,3,2809,2.8637527057102745
515,3,2810,2.9187343517939253
516,3,2811,2.913578158333188
517,3,2812,2.883155516215733
518,3,2813,2.864108763989948
519,3,2814,2.918708948861985
520,3,2815,2.937439555213565
521,3,2816,2.8524223679587952
522,3,2817,2.9584820440837314
523,3,2818,3.001605499358405
524,3,2819,2.954548898197355
525,3,2820,2.730451640628633
526,3,2821,2.849237586770739
527,3,2822,2.842655312447322
528,3,2823,2.9759067751112442
529,3,2824,2.9655957505816506
530,3,2825,2.824783824739002
531,3,2826,2.9909723542985467
532,3,2827,3.0413086925234114
533,3,2828,2.961375486283076
534,3,2829,2.8696690854572107
535,3,2830,2.8970148620151344
536,3,2831,2.830624520778655
537,3,2832,2.8562938031696143
538,3,2833,2.8411745854786474
539,3,2834,2.9902250085558206
540,3,2835,2.8630769962356206
541,3,2836,2.8926248663947693
542,3,2837,2.978485482079642
543,3,2838,3.0810320888246805
544,3,2839,2.9938230457760033
545,3,2840,3.0083798453921364
546,3,2841,2.865780166217259
547,3,2842,2.954225040617443
548,3,2843,2.926644018718175
549,3,2844,3.0205973216465547
550,3,2845,2.916481900782812
551,3,2846,2.811952040308998
552,3,2847,3.0056031431470602
553,3,2848,2.906594418344044
554,3,2849,2.915077459244501
555,3,2850,2.8963821672257923
556,3,2851,2.8957796323867075
557,3,2852,2.943188338052659
558,3,2853,2.8629046621776766
559,3,2854,2.9778596333095004
560,3,2855,2.960381507873535
561,3,2856,2.8280704276902333
562,3,2857,2.9799670378367105
563,3,2858,2.9222501573108497
564,3,2859,2.9433780000323346
565,3,2860,3.0087718509492425
566,3,2861,2.947972081956409
567,3,2862,3.0629147972379416
568,3,2863,2.9753387485231673
569,3,2864,2.9618563879103887
570,3,2865,2.9515815916515526
571,3,2866,3.0207903952825634
572,3,2867,2.9444757387751626
573,3,2868,3.0355659666515535
574,3,2869,2.896558579944429
575,3,2870,2.8267424631686437
576,3,2871,3.0227666355314717
577,3,2872,3.019473348345076
578,3,2873,2.9049548421587263
579,3,2874,2.8904832942145204
580,3,2875,2.939955064228603
581,3,2876,2.9052014776638573
582,3,2877,2.9150548321860184
583,3,2878,2.872228738807497
584,3,2879,2.81400240886779
585,3,2880,2.907304298310053
586,3,2881,2.8804013785861784
587,3,2882,2.9984469044776185
588,3,2883,2.8334770259403053
589,3,2884,2.819746721358527
590,3,2885,2.9200349421728227
591,3,2886,3.025171549547286
592,3,2887,2.9567692790712634
593,3,2888,3.0797926357814243
594,3,2889,2.92172026066553
595,3,2890,2.816469169798352
596,3,2891,2.8640330689293996
597,3,2892,2.837439224833534
598,3,2893,2.9431747538702826
599,3,2894,2.9483689240046904
600,3,2895,2.98754264059521
601,3,2896,2.7920546247845612
602,3,2897,3.0177333241417292
603,3,2898,2.9033264943531583
604,3,2899,2.8885695536931353
605,3,2900,2.916404976731255
606,3,2901,3.066432623636155
607,3,2902,2.899831646964664
608,3,2903,2.8629682064056396
609,3,2904,2.9819424038841618
610,3,2905,2.929596971897851
611,3,2906,2.8537365198135385
612,3,2907,2.807953709647769
613,3,2908,2.8729934011186877
614,3,2909,2.9852737018040245
615,3,2910,2.931202476932889
616,3,2911,2.897619128227234
617,3,2912,2.9124703038306463
618,3,2913,2.909016416186379
619,3,2914,2.9814703123910085
620,3,2915,3.012041330337525
621,3,2916,2.8887753060885837
622,3,2917,3.072441305433
623,3,2918,2.9407664452280318
624,3,2919,2.9748610882532027
625,3,2920,2.8048050034613836
626,3,2921,2.89784494468144
627,3,2922,2.972236057122548
628,3,2923,2.791869005986623
629,3,2924,2.9473757857368104
630,3,2925,2.8505102452777686
631,3,2926,3.0768612452915733
632,3,2927,2.9728947622435435
633,3,2928,2.8743011327016923
634,3,2929,3.068745141937619
635,3,2930,3.003864146414257
636,3,2931,2.912530603862945
637,3,2932,2.9740995395751226
638,3,2933,2.851549807048979
639,3,2934,2.8765922955104286
640,3,2935,2.915230143637885
641,3,2936,2.9566215333484465
642,3,2937,2.9254370842661173
643,3,2938,3.0172977788107733
644,3,2939,2.8859904266539065
645,3,2940,2.9429029737200056
646,3,2941,2.8946772870563326
647,3,2942,2.938495806285313
648,3,2943,2.876090146246411
649,3,2944,2.9363265945797874
650,3,2945,2.832106471061706
651,3,2946,2.9574462970097857
652,3,2947,2.8917642150606424
653,3,2948,2.9938063791819984
654,3,2949,2.907149459634509
655,3,2950,2.8759791056315103
656,3,2951,2.988961543355669
657,3,2952,2.821017526444935
658,3,2953,2.8741111017408825
659,3,2954,2.8106033234369185
660,3,2955,2.945377823852357
661,3,2956,2.924556164514451
662,3,2957,2.863060321126666
663,3,2958,2.869715372721353
664,3,2959,2.924174490429106
665,3,2960,2.9298406498772755
666,3,2961,2.737952345893496
667,3,2962,2.860511677605765
668,3,2963,2.9844899830364047
669,3,2964,2.9479773839314776
670,3,2965,3.033917324883597
671,3,2966,2.9190618140356883
672,3,2967,2.8068089910915917
673,3,2968,3.026198920749482
674,3,2969,3.0513682365417476
675,3,2970,2.9106777111689253
676,3,2971,2.9574368965058095
677,3,2972,2.92105529989515
678,3,2973,2.906488946505956
679,3,2974,2.918706400053842
680,3,2975,3.0601756629489714
681,3,2976,2.910578358741033
682,3,2977,2.8780150186447875
683,3,2978,2.9556280998956592
684,3,2979,2.931105105649857
685,3,2980,2.9395393530527754
686,3,2981,2.8429416304542907
687,3,2982,3.081370416141691
688,3,2983,2.922004035540989
689,3,2984,2.820179045200348
690,3,2985,2.841662310418628
691,3,2986,2.953807248955681
692,3,2987,3.0015781323115034
693,3,2988,2.93683907247725
694,3,2989,2.9813162372225808
695,3,2990,2.945533406166803
696,3,2991,2.9694921147255675
697,3,2992,2.8870467628751486
698,3,2993,2.8370751426333474
699,3,2994,2.8653660501752594
700,3,2995,2.987742588633583
701,3,2996,2.920754835719154
702,3,2997,2.957487523555756
703,3,2998,2.911138554414113
704,3,2999,2.919882008007595
705,3,3000,3.0124189229238607
706,3,3001,2.880020221074422
707,3,3002,2.921427249908447
708,3,3003,2.8745718229384645
709,3,3004,2.9176635855720163
710,3,3005,2.8843061611765903
711,3,3006,3.013229069255647
712,3,3007,2.9039948639415556
713,3,3008,2.962624646368481
714,3,3009,2.8473766758328396
715,3,3010,2.9624913022631687
716,3,3011,2.9979722499847408
717,3,3012,2.918280845596677
718,3,3013,2.9178703342165266
719,3,3014,2.963363687197367
720,3,3015,2.949557764189584
721,3,3016,2.887932062149048
722,3,3017,2.863768517971039
723,3,3018,2.9099307911736623
724,3,3019,2.943761922064282
725,3,3020,2.8534262407393682
726,3,3021,2.904789183820997
727,3,3022,2.9597798529125394
728,3,3023,2.9022019647416606
729,3,3024,2.8376877847171964
730,3,3025,2.8271962347484774
731,3,3026,2.961281526656378
732,3,3027,2.8019591740199505
733,3,3028,2.910176470166161
734,3,3029,2.9452477409726097
735,3,3030,2.8975935436430436
736,3,3031,2.8631590377716796
737,3,3032,2.997572842098417
738,3,3033,2.9097139494759694
739,3,3034,2.737850542579378
740,3,3035,2.855923363140651
741,3,3036,2.791904946168264
742,3,3037,2.8844373424847927
743,3,3038,2.9364823897679644
744,3,3039,2.9338857276099066
745,3,3040,2.8108382168270287
746,3,3041,2.858761997449965
747,3,3042,2.936744440169561
748,3,3043,2.9286632083711175
749,3,3044,2.8104819172904607
750,3,3045,2.855537133557456
751,3,3046,3.0504293952669417
752,3,3047,2.872326232138134
753,3,3048,2.783672236260913
754,3,3049,2.8469953650519964
755,3,3050,2.8891747480347045
756,3,3051,2.8478801477523077
757,3,3052,3.012471346628098
758,3,3053,2.8590029279390965
759,3,3054,2.8595177729924512
760,3,3055,2.987780718576341
761,3,3056,2.955773137864613
762,3,3057,2.826484016009739
763,3,3058,2.828109542528789
764,3,3059,2.9009653897512524
765,3,3060,2.898295521736145
766,3,3061,2.9761884666624527
767,3,3062,2.9686260109856013
768,3,3063,2.8134762786683587
769,3,3064,2.831950315407344
770,3,3065,2.8300889389855524
771,3,3066,2.8414161006609597
772,3,3067,2.961528698603312
773,3,3068,2.7934040909721745
774,3,3069,2.8533651459784735
775,3,3070,2.9411233691942122
776,3,3071,2.924599096888587
777,3,3072,2.9382755131948564
778,3,3073,2.906950706527347
779,3,3074,2.9751283441271106
780,3,3075,2.8678599056743437
781,3,3076,2.9654313723246255
782,3,3077,2.8931291841325306
783,3,3078,2.882604985010056
784,3,3079,3.0013706173215597
785,3,3080,3.0427925246102463
786,3,3081,2.871941169102986
787,3,3082,2.865067459288097
788,3,3083,2.9585867836361834
789,3,3084,2.9940287385668074
790,3,3085,2.841023388363066
791,3,3086,2.8926850415411454
792,3,3087,2.906198967070807
793,3,3088,2.848061164220174
794,3,3089,2.9985069206782757
795,3,3090,2.9388543764750157
796,3,3091,2.807785369101025
797,3,3092,2.81647809346517
798,3,3093,2.794725446473984
799,3,3094,2.9200349421728227
800,3,3095,3.0154218389874416
801,3,3096,2.9511388086137322
802,3,3097,2.8473348958151674
803,3,3098,3.0152050710859757
804,3,3099,2.9152626537141346
805,3,3100,2.999205384935651
806,3,3101,2.805889745553335
807,3,3102,2.9974749655950634
808,3,3103,2.9211689290546228
809,3,3104,2.9760834177335105
810,3,3105,2.901130528677077
811,3,3106,2.953512566430228
812,3,3107,2.9151640449251452
813,3,3108,2.8884007873989277
814,3,3109,2.9852906579063054
815,3,3110,2.958484825633821
816,3,3111,2.8839705898648207
817,3,3112,2.8384546495619274
818,3,3113,2.8634748799460272
819,3,3114,2.951403986840021
820,3,3115,2.7905115627107167
821,3,3116,2.9369535502933317
822,3,3117,2.93759427467982
823,3,3118,2.9408776334353846
824,3,3119,2.81276821238654
825,3,3120,2.8912413120269784
826,3,3121,2.9027011451267057
827,3,3122,2.9118551583517167
828,3,3123,2.841012591407413
829,3,3124,2.7559201972825185
830,3,3125,2.846754488490877
831,3,3126,2.837527794497354
832,3,3127,2.8410301322028753
833,3,3128,3.0454386472702026
834,3,3129,2.941188536939167
835,3,3130,2.9075073344366893
836,3,3131,2.938573488167354
837,3,3132,2.9589347782589144
838,3,3133,2.933323369139717
839,3,3134,2.9168801761808845
840,3,3135,2.955617456209092
841,3,3136,2.8484633990696495
842,3,3137,2.97172829083034
843,3,3138,2.849069882006872
844,3,3139,2.919398620015099
845,3,3140,2.847080060413906
846,3,3141,2.9579299177442278
847,3,3142,2.975643243108477
848,3,3143,2.8533887579327533
849,3,3144,2.960267648810432
850,3,3145,2.997965562911261
851,3,3146,2.966748589561099
852,3,3147,2.87589574995495
853,3,3148,2.908447975204104
854,3,3149,3.0264624016625548
855,3,3150,2.995084467388334
856,3,3151,2.8506624187741965
857,3,3152,2.875757160640898
858,3,3153,2.843591562339238
859,3,3154,2.8971754511197405
860,3,3155,2.9408129226593744
861,3,3156,2.8357317816643492
862,3,3157,2.9396377972194125
863,3,3158,2.8017920539492653
864,3,3159,2.8548440734545397
865,3,3160,2.913724808465867
866,3,3161,2.9897645541599815
867,3,3162,3.0191546678543095
868,3,3163,2.876620338076637
869,3,3164,2.8017445462090627
870,3,3165,2.8207213140669327
871,3,3166,2.9565939676193964
872,3,3167,2.9290556737354825
873,3,3168,2.7953913722719466
874,3,3169,2.816882337842669
875,3,3170,3.0125627290634887
876,3,3171,2.8798031466347833
877,3,3172,2.956408214001429
878,3,3173,2.9058585734594438
879,3,3174,2.8307280767531617
880,3,3175,2.881649437404814
881,3,3176,2.8529908713840304
882,3,3177,2.8879940453029818
883,3,3178,2.9151499668757124
884,3,3179,2.8122068530037283
885,3,3180,2.7979879663104095
886,3,3181,2.960973807743617
887,3,3182,3.0029184051922386
888,3,3183,2.94860545794169
889,3,3184,2.8711625734965014
890,3,3185,2.870401995522635
891,3,3186,2.9849406480789193
892,3,3187,2.9651628902980267
893,3,3188,2.9563820759455366
894,3,3189,2.9128089632306775
895,3,3190,2.960883004324777
896,3,3191,2.971270016261509
897,3,3192,2.829025228818258
898,3,3193,2.768670649755568
899,3,3194,2.8822023073832193
900,3,3195,2.838237563769023
901,3,3196,2.7963651248386925
902,3,3197,2.831879919483548
903,3,3198,2.8997455977258237
904,3,3199,2.9197794795036316
905,3,3200,2.9080670788174587
906,3,3201,2.982563546725682
907,3,3202,2.9016009398869103
908,3,3203,2.8360160844666615
909,3,3204,2.8947789782569524
910,3,3205,2.940837052606401
911,3,3206,2.8705516542707175
912,3,3207,2.755622764428457
913,3,3208,2.8037418155443103
914,3,3209,2.9155207758858093
915,3,3210,2.870300758452643
916,3,3211,2.7298966050148006
917,3,3212,2.875736951828003
918,3,3213,2.9440515779313596
919,3,3214,2.8193409669966925
920,3,3215,2.9341728857585356
921,3,3216,2.905327391056787
922,3,3217,2.911584584485917
923,3,3218,2.9465026514870774
924,3,3219,2.896811391626086
925,3,3220,2.966333037330991
926,3,3221,2.9757789259865173
927,3,3222,2.813140463261377
928,3,3223,2.867999678566343
929,3,3224,2.9327511503582917
930,3,3225,2.945805223215195
931,3,3226,2.827716288112459
932,3,3227,2.9465972923097152
933,3,3228,2.987419684727987
934,3,3229,2.907602403845106
935,3,3230,2.921428754216149
936,3,3231,2.881075342496236
937,3,3232,2.9172620886848093
938,3,3233,2.8096676326933365
939,3,3234,2.877526680628458
940,3,3235,2.896965299333845
941,3,3236,3.039984180813744
942,3,3237,2.8976190544310074
943,3,3238,2.82377324785505
944,3,3239,2.8732649683952336
945,3,3240,2.8478187067168097
946,3,3241,2.895742947147006
947,3,3242,2.996006517183213
948,3,3243,2.9617571546917874
949,3,3244,2.8924649755160012
950,3,3245,2.962973293803988
951,3,3246,2.8875688768568497
952,3,3247,2.9309478600819907
953,3,3248,2.8697802736645657
954,3,3249,2.890041351318359
955,3,3250,2.8680751721064244
956,3,3251,2.978953792935326
957,3,3252,2.824543067387172
958,3,3253,2.72609871058237
959,3,3254,2.9207794041860673
960,3,3255,2.8494575250716436
961,3,3256,2.9520975862230574
962,3,3257,2.8890327413876857
963,3,3258,2.927301333064124
964,3,3259,2.8433594363076344
965,3,3260,2.883025061516535
966,3,3261,2.802255670229594
967,3,3262,2.9900422436850405
968,3,3263,2.9349722294580367
969,3,3264,2.9707363616852533
970,3,3265,2.919910453614734
971,3,3266,2.954830850873675
972,3,3267,2.9179624489375526
973,3,3268,2.896883771533058
974,3,3269,2.8973701113746273
975,3,3270,2.9088050041879923
976,3,3271,2.9218587478001914
977,3,3272,2.846192493325188
978,3,3273,2.8943828571410406
979,3,3274,2.8836667537689213
980,3,3275,2.8995999097824097
981,3,3276,2.9124428260894053
982,3,3277,2.8297467174984154
983,3,3278,2.8175334476289295
984,3,3279,2.7754435198647633
985,3,3280,2.8809278465452643
986,3,3281,2.857565499487378
987,3,3282,2.9804918113208947
988,3,3283,2.952001855486915
989,3,3284,3.008423118364243
990,3,3285,2.9906254041762574
991,3,3286,2.8018696279752824
992,3,3287,2.8840238026210234
993,3,3288,2.9544809261957803
994,3,3289,2.8762275434675666
995,3,3290,2.8910236869539543
996,3,3291,2.8778108131317865
997,3,3292,2.852293235915048
998,3,3293,2.8187254951113747
999,3,3294,2.838342025166466
1000,3,3295,2.85726315066928
1001,3,3296,2.6778430257524755
1002,3,3297,2.915971415383475
1003,3,3298,2.881475198836554
1004,3,3299,2.8058191140492754
1005,3,3300,2.753482764675503
1006,3,3301,2.8739388897305447
1007,3,3302,2.9480869315919422
1008,3,3303,2.7776691431090947
1009,3,3304,2.925617638088408
1010,3,3305,2.8129189355032787
1011,3,3306,2.8892612883022855
1012,3,3307,2.896679492223831
1013,3,3308,2.8732229073842364
1014,3,3309,2.832254341670444
1015,3,3310,2.8435083627700806
1016,3,3311,2.8038643854005003
1017,3,3312,2.913151127951486
1018,3,3313,2.933127173355648
1019,3,3314,2.8039096111343023
1020,3,3315,2.78963569800059
1021,3,3316,2.876404299622491
1022,3,3317,2.9338812487465984
1023,3,3318,2.825423269044786
1024,3,3319,2.7916792659532454
1025,3,3320,2.8288654486338287
1026,3,3321,2.920510731992268
1027,3,3322,2.8866742395219345
1028,3,3323,2.9610641144570846
1029,3,3324,2.8201348327455062
1030,3,3325,2.8369711751029607
1031,3,3326,3.0578195026942656
1032,3,3327,2.852358182271322
1033,3,3328,2.837031858307974
1034,3,3329,2.8793028706596013
1035,3,3330,3.0214959411394027
1036,3,3331,2.968663928054629
1037,3,3332,2.932218023708889
1038,3,3333,2.835734341825759
1039,3,3334,2.9373899045444665
1040,3,3335,2.899044053895133
1041,3,3336,2.924815949939546
1042,3,3337,2.9481407631011236
1043,3,3338,2.88494880994161
1044,3,3339,2.926709339732215
1045,3,3340,2.885726565406436
1046,3,3341,2.857356741314843
1047,3,3342,2.9045657487142647
1048,3,3343,2.972196737925211
1049,3,3344,2.7965435414087207
1050,3,3345,2.8562021681240624
1051,3,3346,3.0553712277185348
1052,3,3347,2.914713490576971
1053,3,3348,2.8660648862520857
1054,3,3349,2.866564611593883
1055,3,3350,2.968047579129537
1056,3,3351,2.863802529516674
1057,3,3352,2.9861874693915955
1058,3,3353,2.8185011432284393
1059,3,3354,2.9310163089207237
1060,3,3355,2.931573524361566
1061,3,3356,2.8598205816178095
1062,3,3357,2.810424132006509
1063,3,3358,2.8694753079187305
1064,3,3359,2.7829199859074185
1065,3,3360,2.899392616181147
1066,3,3361,2.928923680668786
1067,3,3362,2.77865845816476
1068,3,3363,2.914184172948201
1069,3,3364,2.885997863042922
1070,3,3365,2.9521939413888116
1071,3,3366,2.840226014455159
1072,3,3367,2.8329159702573508
1073,3,3368,2.8770015920911516
1074,3,3369,2.929937981423877
1075,3,3370,2.8548981859570466
1076,3,3371,2.8532984767641336
1077,3,3372,2.9609033720833917
1078,3,3373,2.9477116493951714
1079,3,3374,3.058332687332517
1080,3,3375,2.8229010218665715
1081,3,3376,2.9318677470797585
1082,3,3377,2.789082700297947
1083,3,3378,2.836248922915686
1084,3,3379,2.964434975669498
1085,3,3380,2.850790636880057
1086,3,3381,2.934550512404669
1087,3,3382,2.952121524583726
1088,3,3383,2.7602843557085315
1089,3,3384,2.7133047978083296
1090,3,3385,2.9404830932617188
1091,3,3386,2.9015205701192217
1092,3,3387,2.794576730046954
1093,3,3388,2.842898641313826
1094,3,3389,2.731741277944474
1095,3,3390,2.9769106024787546
1096,3,3391,2.8325934637160537
1097,3,3392,2.8690790988150097
1098,3,3393,2.797010015873682
1099,3,3394,2.905946254730225
1100,3,3395,2.9001187880833945
1101,3,3396,2.855397532383601
1102,3,3397,2.8620767451467968
1103,3,3398,2.7966736058394113
1104,3,3399,2.900428675469898
1105,3,3400,2.899782226199195
1106,3,3401,2.779172295615787
1107,3,3402,2.944461635180882
1108,3,3403,2.827056782586234
1109,3,3404,2.7581310669581094
1110,3,3405,2.877325994627816
1111,3,3406,2.7764827609062195
1112,3,3407,2.8861653662863236
1113,3,3408,3.0239500091189426
1114,3,3409,2.931522568066915
1115,3,3410,2.781605649562109
1116,3,3411,2.9571847972415743
1117,3,3412,2.860730880782717
1118,3,3413,2.9959271975926
1119,3,3414,2.8020680802209044
1120,3,3415,2.983004144259862
1121,3,3416,2.7621379012153264
1122,3,3417,2.9075525772003896
1123,3,3418,2.9137242180960516
1124,3,3419,2.841999803270612
1125,3,3420,2.9473021881920953
1126,3,3421,2.7635231699262346
1127,3,3422,2.9020628815605525
1128,3,3423,2.9293413559595747
1129,3,3424,2.845611458732969
1130,3,3425,2.926658335186186
1131,3,3426,2.8747524023056026
1132,3,3427,2.8207064867019658
1133,3,3428,2.8818622373399285
1134,3,3429,2.7035528875532604
1135,3,3430,2.9367332600411915
1136,3,3431,2.936002776736305
1137,3,3432,2.9143690324964977
1138,3,3433,2.930258980819157
1139,3,3434,2.961617027010236
1140,3,3435,2.8638706746555513
1141,3,3436,2.952245882579258
1142,3,3437,2.893580439544859
1143,3,3438,2.9094076610746833
1144,3,3439,3.0130754993075417
1145,3,3440,2.817199235870725
1146,3,3441,3.030212430726915
0,4,3442,2.8476329587754745
1,4,3443,2.8833188386190507
2,4,3444,2.8435728010677157
3,4,3445,2.8163523872693386
4,4,3446,2.8705068826675424
5,4,3447,2.8978212617692494
6,4,3448,2.883004426956177
7,4,3449,2.7438496010644093
8,4,3450,2.9873352618444526
9,4,3451,2.8282896989867803
10,4,3452,2.814265926678976
11,4,3453,2.8246577155022394
12,4,3454,2.8773943583170576
13,4,3455,2.995824121293567
14,4,3456,2.8889109747750417
15,4,3457,2.8180116415023804
16,4,3458,2.8263536578132995
17,4,3459,2.78042418332327
18,4,3460,2.871877931413196
19,4,3461,2.8169623102460593
20,4,3462,2.8427514774458746
21,4,3463,2.9348789850870762
22,4,3464,2.88301173845927
23,4,3465,2.8947713857605346
24,4,3466,2.8776986002922063
25,4,3467,2.779590879167829
26,4,3468,2.760820303644453
27,4,3469,2.813379753203619
28,4,3470,2.909504657699948
29,4,3471,2.8135132505780174
30,4,3472,2.8545928114936463
31,4,3473,2.8580032643817717
32,4,3474,2.773868038540795
33,4,3475,2.905738177753631
34,4,3476,2.7752161934262225
35,4,3477,2.854814733777727
36,4,3478,2.86707413764227
37,4,3479,2.9036635103679838
38,4,3480,3.0267883652732483
39,4,3481,2.889647347586495
40,4,3482,2.909263315654936
41,4,3483,2.858002117701939
42,4,3484,2.8603684845424833
43,4,3485,2.8964987851324535
44,4,3486,2.9633263860430037
45,4,3487,2.9574257646288196
46,4,3488,2.933554149809338
47,4,3489,2.9255242574782603
48,4,3490,2.7980121828260875
49,4,3491,2.902522473108201
50,4,3492,2.8624843131928217
51,4,3493,2.762276958851587
52,4,3494,2.9163540459814525
53,4,3495,2.9325890285628184
54,4,3496,2.8217694021406627
55,4,3497,2.9930707159496492
56,4,3498,2.8662990842546736
57,4,3499,2.808212598164877
58,4,3500,2.906369680450076
59,4,3501,2.903096573693412
60,4,3502,2.924910096895127
61,4,3503,2.848203256016685
62,4,3504,2.9156296537035993
63,4,3505,2.793092159997849
64,4,3506,2.9264564514160156
65,4,3507,2.9244121937524707
66,4,3508,2.802662554241362
67,4,3509,2.8732643581572037
68,4,3510,2.8952183042253767
69,4,3511,2.8131386609304507
70,4,3512,2.828657371657235
71,4,3513,2.8131662522043506
72,4,3514,2.8884663865679787
73,4,3515,2.865625140212831
74,4,3516,2.8874749967030118
75,4,3517,2.8259067819232033
76,4,3518,2.9410353274572465
77,4,3519,2.925202968574706
78,4,3520,2.875959427583785
79,4,3521,2.809674853370303
80,4,3522,2.9452264933359062
81,4,3523,2.8585370551972167
82,4,3524,2.9029237599599935
83,4,3525,2.8661227084341507
84,4,3526,2.831311384836832
85,4,3527,2.8038227558135995
86,4,3528,2.8754857835315524
87,4,3529,2.9269776117233994
88,4,3530,2.8236596073423113
89,4,3531,2.83445436897732
90,4,3532,2.9135830288841613
91,4,3533,2.9097890598433365
92,4,3534,2.900939368066334
93,4,3535,2.722019893782479
94,4,3536,2.854327349435715
95,4,3537,2.9577906585875016
96,4,3538,2.947482370194934
97,4,3539,2.9378018946874707
98,4,3540,2.8511706363587153
99,4,3541,3.031062574613662
100,4,3542,2.966112131164188
101,4,3543,2.9330116850989207
102,4,3544,2.823591025102707
103,4,3545,2.8824081534431087
104,4,3546,2.912421589805966
105,4,3547,2.9490904921577084
106,4,3548,2.941867158526466
107,4,3549,2.9231707141512913
108,4,3550,2.7079295601163587
109,4,3551,2.9251494861784435
110,4,3552,2.884780083383833
111,4,3553,2.986090200287956
112,4,3554,2.979288975397745
113,4,3555,2.898446599642435
114,4,3556,2.8186306329000557
115,4,3557,2.873923809755416
116,4,3558,2.9074798652103966
117,4,3559,2.7722866450037276
118,4,3560,2.761691553252084
119,4,3561,2.9029246540296647
120,4,3562,2.9746818712779457
121,4,3563,2.9357977026984807
122,4,3564,2.9675972461700444
123,4,3565,2.789923315956479
124,4,3566,2.990731310276758
125,4,3567,2.857684339795794
126,4,3568,2.865180259659177
127,4,3569,2.9270972978501093
128,4,3570,2.9763502961113337
129,4,3571,2.8138025601704917
130,4,3572,2.8579866148176647
131,4,3573,2.851558512165433
132,4,3574,2.9064589227948874
133,4,3575,2.898798630351112
134,4,3576,2.868354876836141
135,4,3577,2.7951627856209167
136,4,3578,2.853938571044377
137,4,3579,2.8928317001887724
138,4,3580,2.9891122409275606
139,4,3581,2.82086345695314
140,4,3582,2.871896982192993
141,4,3583,2.843761205673218
142,4,3584,2.8178628228959584
143,4,3585,2.832488746870132
144,4,3586,2.7927217199688865
145,4,3587,2.784189553487869
146,4,3588,2.843637710525876
147,4,3589,3.034642071951004
148,4,3590,2.865110493841626
149,4,3591,2.801963806152344
150,4,3592,2.941017309824625
151,4,3593,2.994108909652347
152,4,3594,2.8388790857224233
153,4,3595,2.8102439869017823
154,4,3596,2.8223538455509
155,4,3597,2.813150933810643
156,4,3598,2.8931751137688053
157,4,3599,2.7855404927617027
158,4,3600,2.8036208209537326
159,4,3601,2.816386285282316
160,4,3602,2.9551354022253125
161,4,3603,2.870481309436616
162,4,3604,2.7876301152365546
163,4,3605,2.9112113033022204
164,4,3606,2.765323732580457
165,4,3607,2.8961395649682906
166,4,3608,2.8739826565697077
167,4,3609,2.815848435674395
168,4,3610,2.8857015484855295
169,4,3611,2.894097521191552
170,4,3612,2.839202233723232
171,4,3613,2.9266709373110813
172,4,3614,2.9892954599289663
173,4,3615,2.9608221508207784
174,4,3616,2.8648098991030735
175,4,3617,2.756084694748832
176,4,3618,2.850018523988269
177,4,3619,2.827021303631011
178,4,3620,2.827527528717404
179,4,3621,2.850624975704011
180,4,3622,2.825119642984299
181,4,3623,2.805914166427794
182,4,3624,2.8819111528850736
183,4,3625,2.7975765778904873
184,4,3626,2.8949498619352063
185,4,3627,2.789296178590684
186,4,3628,2.8698631127675367
187,4,3629,2.939293946538653
188,4,3630,2.8175332886832103
189,4,3631,2.973674444925218
190,4,3632,2.9248054765519638
191,4,3633,2.8097076983678906
192,4,3634,2.8082094703401834
193,4,3635,2.9380832626706077
194,4,3636,2.8929341974712557
195,4,3637,2.987238458224706
196,4,3638,2.8246695087069553
197,4,3639,2.920722030457996
198,4,3640,2.900323297296252
199,4,3641,2.967096669333322
200,4,3642,2.896374387400491
201,4,3643,2.836286340441023
202,4,3644,2.8949159270241145
203,4,3645,2.8125639699754257
204,4,3646,2.8556776500883556
205,4,3647,2.895892937978109
206,4,3648,2.7803866692951744
207,4,3649,2.8916112752187817
208,4,3650,2.9453494832629246
209,4,3651,2.807520792597816
210,4,3652,2.901595992701394
211,4,3653,2.900570034980774
212,4,3654,2.8739866699491223
213,4,3655,2.9495101883297883
214,4,3656,2.905693184761774
215,4,3657,2.8386606318610057
216,4,3658,2.787937107540313
217,4,3659,2.862655568690527
218,4,3660,2.949675571350824
219,4,3661,2.790407839275542
220,4,3662,2.8858248563039868
221,4,3663,2.8273378582227804
222,4,3664,2.8505364968663174
223,4,3665,2.8894461109524676
224,4,3666,2.903762604509082
225,4,3667,2.879962387539092
226,4,3668,2.869779586791992
227,4,3669,2.8994139716738747
228,4,3670,2.895625415302458
229,4,3671,2.7309455502600897
230,4,3672,2.824190366835821
231,4,3673,2.835805796441578
232,4,3674,2.8175863424936933
233,4,3675,2.9217614673432846
234,4,3676,2.78752726316452
235,4,3677,2.8885921495301385
236,4,3678,2.9561479261943275
237,4,3679,2.8761177573885233
238,4,3680,3.051908691724141
239,4,3681,2.7889739842641927
240,4,3682,2.9021419400260564
241,4,3683,2.8958405142738703
242,4,3684,2.901283235776992
243,4,3685,2.9268221968696233
244,4,3686,2.8862326712835404
245,4,3687,2.842308379354931
246,4,3688,2.894498921576001
247,4,3689,2.784648895263672
248,4,3690,2.8300008035841433
249,4,3691,2.866971152169364
250,4,3692,2.8537549035889764
251,4,3693,2.9382579496928622
252,4,3694,2.8774173827398393
253,4,3695,2.8856461729322156
254,4,3696,2.8653425233704706
255,4,3697,2.810620543502626
256,4,3698,2.8448929360934665
257,4,3699,2.8275895856675644
258,4,3700,2.9528508129574
259,4,3701,2.9177045765377225
260,4,3702,2.828914000874474
261,4,3703,2.853827817099435
262,4,3704,2.801316948164077
263,4,3705,2.73939946151915
264,4,3706,2.7595652058011004
265,4,3707,2.9486684515362693
266,4,3708,2.969255623363313
267,4,3709,2.8623562029429843
268,4,3710,2.813156457174392
269,4,3711,2.7846507799057734
270,4,3712,2.860817869504292
271,4,3713,2.8728931602977577
272,4,3714,2.8371552626291905
273,4,3715,2.7897801342464623
274,4,3716,2.835642275356111
275,4,3717,2.785335685525622
276,4,3718,2.800108739307949
277,4,3719,2.9956250247501193
278,4,3720,2.884428722517831
279,4,3721,2.876008607092357
280,4,3722,2.8328096866607666
281,4,3723,2.9409666004635038
282,4,3724,2.7979817276909236
283,4,3725,2.8912049248105007
284,4,3726,2.7883705865769164
285,4,3727,2.991831631887526
286,4,3728,2.806955416997274
287,4,3729,2.797637672651381
288,4,3730,2.9347776742208573
289,4,3731,2.8526256283124294
290,4,3732,2.8765461473237908
291,4,3733,2.9506877263387046
292,4,3734,2.7834482306525823
293,4,3735,2.8542569421586537
294,4,3736,2.83443161987123
295,4,3737,2.817681457315173
296,4,3738,2.996367965425763
297,4,3739,2.8955928200767156
298,4,3740,2.8267181487310498
299,4,3741,2.7849358206703556
300,4,3742,2.8227136759530933
301,4,3743,2.7407423342977246
302,4,3744,2.9156339225314913
303,4,3745,2.8109981275740124
304,4,3746,2.789432911645798
305,4,3747,2.811544750417982
306,4,3748,2.9408427476882935
307,4,3749,2.8495466936202276
308,4,3750,2.762241584204492
309,4,3751,2.8533518654959544
310,4,3752,2.91579228355771
311,4,3753,2.9304984410603843
312,4,3754,2.7984332243601484
313,4,3755,2.8821265583946594
314,4,3756,2.794581021581377
315,4,3757,2.883631087484814
316,4,3758,2.7522690040724616
317,4,3759,2.82158097482863
318,4,3760,2.8346733025142123
319,4,3761,2.8365476443654023
320,4,3762,2.7730281693594794
321,4,3763,2.901970630600339
322,4,3764,2.867174091793242
323,4,3765,2.911534263974144
324,4,3766,2.883356145450047
325,4,3767,2.9343750874201464
326,4,3768,2.8758607308069863
327,4,3769,2.879862552597409
328,4,3770,2.9171492003259205
329,4,3771,2.8025489761715843
330,4,3772,2.9133024272464567
331,4,3773,2.859231579871405
332,4,3774,2.9255298773447675
333,4,3775,2.868733238606226
334,4,3776,2.861750179813021
335,4,3777,2.978038379124232
336,4,3778,2.910635281176794
337,4,3779,2.9140598859105795
338,4,3780,2.9297484159469596
339,4,3781,2.8763020265670045
340,4,3782,2.803374659447443
341,4,3783,2.833912804013206
342,4,3784,2.8351298911230907
343,4,3785,2.7415022282373345
344,4,3786,2.8100737730662027
345,4,3787,2.887949926512582
346,4,3788,2.8205136060714726
347,4,3789,2.8615664641062413
348,4,3790,2.9013660351435338
349,4,3791,2.709810614585877
350,4,3792,2.7678537737755553
351,4,3793,2.8442302402995883
352,4,3794,2.867307640257336
353,4,3795,2.8143112091791065
354,4,3796,2.9159012493633085
355,4,3797,2.8965277842112953
356,4,3798,2.7889410995301738
357,4,3799,2.936651950790769
358,4,3800,2.7379464705785117
359,4,3801,2.866468951815651
360,4,3802,2.7751799907003134
361,4,3803,2.8508168061574306
362,4,3804,2.7781382174718954
363,4,3805,2.838792148090545
364,4,3806,2.8219915969031204
365,4,3807,2.9249816622052873
366,4,3808,2.8538663216999605
367,4,3809,2.988180410294306
368,4,3810,2.7940253161248703
369,4,3811,2.8969237123216898
370,4,3812,2.7887689556394304
371,4,3813,2.8279898166656494
372,4,3814,2.8992828641619
373,4,3815,2.8506590809140886
374,4,3816,2.9691039039975125
375,4,3817,2.7954970030557535
376,4,3818,2.731975475947062
377,4,3819,2.8614755726995917
378,4,3820,2.8922447590600875
379,4,3821,2.8386469511758716
380,4,3822,2.7644656697909036
381,4,3823,2.9035252332687382
382,4,3824,2.7618139925457186
383,4,3825,2.7961172064145408
384,4,3826,2.824802620070321
385,4,3827,2.858200016475859
386,4,3828,2.970942599432809
387,4,3829,2.942191084225973
388,4,3830,2.814977790628161
389,4,3831,2.7859740257263184
390,4,3832,2.6620789312181015
391,4,3833,2.788273408299401
392,4,3834,2.7133788211005085
393,4,3835,2.7770006713413053
394,4,3836,2.911096658025468
395,4,3837,2.9095481974737987
396,4,3838,2.878347186815171
397,4,3839,2.8674302782331194
398,4,3840,2.8968190295355654
399,4,3841,2.890756822767711
400,4,3842,2.752266321863447
401,4,3843,2.8034817633174716
402,4,3844,2.752903472809564
403,4,3845,2.819396217664083
404,4,3846,2.8283653401193165
405,4,3847,2.8913535277048745
406,4,3848,2.9459297997610907
407,4,3849,2.8173466949235824
408,4,3850,2.919972204026722
409,4,3851,2.86469726051603
410,4,3852,2.880275453839983
411,4,3853,2.923966895966303
412,4,3854,2.8586365779240928
413,4,3855,2.9545402782303944
414,4,3856,2.9140142997105913
415,4,3857,2.807218191169557
416,4,3858,2.836500746863228
417,4,3859,2.9616340285255798
418,4,3860,2.830464209829058
419,4,3861,2.76381044160752
420,4,3862,2.8888717889785767
421,4,3863,2.9863643305642262
422,4,3864,2.847501442545936
423,4,3865,2.826221602303641
424,4,3866,2.8730816500527516
425,4,3867,2.796724342164539
426,4,3868,2.892512270382473
427,4,3869,2.8443799643289474
428,4,3870,2.82299252351125
429,4,3871,2.8954401867730275
430,4,3872,2.95866387514841
431,4,3873,2.7753811308315823
432,4,3874,2.8826718046551667
433,4,3875,2.8941279195603875
434,4,3876,2.786638293947492
435,4,3877,2.857740107036772
436,4,3878,2.8657679472650797
437,4,3879,2.917220291637239
438,4,3880,2.879270468439375
439,4,3881,2.807495917592729
440,4,3882,2.8229282810574485
441,4,3883,2.8267974399385
442,4,3884,2.9918188026973183
443,4,3885,2.789906967253912
444,4,3886,2.869050780932108
445,4,3887,2.834156067598433
446,4,3888,2.886801799138387
447,4,3889,2.9535505147207353
448,4,3890,2.912244030407497
449,4,3891,2.7713558531942817
450,4,3892,2.7331854786191667
451,4,3893,2.8676585072562806
452,4,3894,2.8943742002759665
453,4,3895,2.8445176283518476
454,4,3896,2.9158377647399902
455,4,3897,2.739573779560271
456,4,3898,2.7487326235998246
457,4,3899,2.9359610080718994
458,4,3900,2.740769570782071
459,4,3901,2.8270043886843186
460,4,3902,2.80810676869892
461,4,3903,2.7528517019181025
462,4,3904,2.882464874358404
463,4,3905,2.8790955657050725
464,4,3906,2.8160056840805785
465,4,3907,2.81383680729639
466,4,3908,2.8859141128403802
467,4,3909,2.9127546094712757
468,4,3910,2.8309446346192124
469,4,3911,2.8330856902258734
470,4,3912,2.9214788164411267
471,4,3913,2.82255790914808
472,4,3914,2.916578202020555
473,4,3915,2.935852164313907
474,4,3916,2.775650992279961
475,4,3917,2.8622166315714512
476,4,3918,2.904360634940011
477,4,3919,2.8782733962649396
478,4,3920,2.9178818464279175
479,4,3921,2.840982681229001
480,4,3922,2.829040368398031
481,4,3923,2.9277697801589957
482,4,3924,2.7321995468366724
483,4,3925,2.817940374215444
484,4,3926,2.916841274216061
485,4,3927,2.7562018973486757
486,4,3928,2.7455096918912156
487,4,3929,2.771708772295997
488,4,3930,2.8485334033057805
489,4,3931,2.7782705568131947
490,4,3932,2.812536321935199
491,4,3933,2.7962015923999606
492,4,3934,2.7958631174904967
493,4,3935,2.9757527850923085
494,4,3936,3.0085904768535072
495,4,3937,2.85946794350942
496,4,3938,2.834905953634353
497,4,3939,2.8397932705425086
498,4,3940,2.862696397872198
499,4,3941,2.691352185748872
500,4,3942,2.90085050037929
501,4,3943,2.805078742049989
502,4,3944,2.795335258756366
503,4,3945,2.808509298733303
504,4,3946,2.9033714930216465
505,4,3947,2.6762472902025496
506,4,3948,2.8698624486014954
507,4,3949,2.7612964879898803
508,4,3950,2.8775315625326967
509,4,3951,2.836851154054914
510,4,3952,2.8310463882627936
511,4,3953,2.729029172942752
512,4,3954,2.8325824680782503
513,4,3955,2.895209899970463
514,4,3956,2.708670641694751
515,4,3957,2.764771319570996
516,4,3958,2.860560508001419
517,4,3959,2.857873076484317
518,4,3960,2.772879149232592
519,4,3961,2.830652253968374
520,4,3962,2.912658867381868
521,4,3963,2.941508860815139
522,4,3964,2.856705671265012
523,4,3965,2.7884975274403887
524,4,3966,2.7200865433329624
525,4,3967,2.8257026842662265
526,4,3968,2.7621087034543352
527,4,3969,2.85199046702612
528,4,3970,2.872590110415503
529,4,3971,2.7877930289223083
530,4,3972,2.8820546354566305
531,4,3973,2.7346850974219183
532,4,3974,2.9052169550032834
533,4,3975,2.8310531491325017
534,4,3976,2.7595023484457113
535,4,3977,2.859535055501121
536,4,3978,2.860500083083198
537,4,3979,2.757442582221258
538,4,3980,2.9187653093110946
539,4,3981,2.819478420984177
540,4,3982,2.807537584077745
541,4,3983,2.8672365943590794
542,4,3984,2.804252000082107
543,4,3985,2.882375654720125
544,4,3986,2.8632766973404657
545,4,3987,2.923444634392148
546,4,3988,2.8002240459124246
547,4,3989,2.812142900058201
548,4,3990,2.8139719736008413
549,4,3991,2.85548841669446
550,4,3992,2.90424903233846
551,4,3993,2.6890608710902075
552,4,3994,2.7322317049616855
553,4,3995,2.8192192429587957
554,4,3996,2.965340642702012
555,4,3997,2.9872083266576124
556,4,3998,2.894608741714841
557,4,3999,2.7316618533361523
558,4,4000,2.886946990376427
559,4,4001,2.722061713536581
560,4,4002,2.7198704594657537
561,4,4003,2.802033168928964
562,4,4004,2.825895783447084
563,4,4005,2.768007606267929
564,4,4006,2.8956938698178245
565,4,4007,2.894698145843687
566,4,4008,2.870079534394401
567,4,4009,2.901577268327986
568,4,4010,2.8817384924207414
569,4,4011,2.8131365407080873
570,4,4012,2.867493163971674
571,4,4013,2.7877026171911323
572,4,4014,2.811966099909373
573,4,4015,2.8502293683233715
574,4,4016,2.919140055066063
575,4,4017,3.0055759407225113
576,4,4018,2.801759498459952
577,4,4019,2.7562712771551947
578,4,4020,2.9105663923990157
579,4,4021,2.917939611843654
580,4,4022,2.7595941566285633
581,4,4023,2.938200099127633
582,4,4024,2.861648849078587
583,4,4025,2.697714703423636
584,4,4026,2.7314194412458512
585,4,4027,2.8244853133247014
586,4,4028,2.8077593956674844
587,4,4029,2.8696792125701904
588,4,4030,2.8869643154598417
589,4,4031,2.799755255381267
590,4,4032,2.8157323996225996
591,4,4033,2.8676126514162332
592,4,4034,2.829839303379967
593,4,4035,2.8630675701867965
594,4,4036,2.8455771775472734
595,4,4037,2.7970956223351617
596,4,4038,2.8787872734523954
597,4,4039,2.780738467261904
598,4,4040,2.788803742045449
599,4,4041,2.8459215873763672
600,4,4042,2.9112332434881303
601,4,4043,2.7244112690289812
602,4,4044,2.9256161110741754
603,4,4045,2.865715872673761
604,4,4046,2.9302710578555153
605,4,4047,2.798018319266183
606,4,4048,2.740625551768712
607,4,4049,2.8279289177485873
608,4,4050,2.9388885157448907
609,4,4051,2.7039627773421153
610,4,4052,2.7730107591265725
611,4,4053,2.8185040042513894
612,4,4054,2.884745177768526
613,4,4055,2.9336504482087635
614,4,4056,2.922236590158372
615,4,4057,2.759863297144572
616,4,4058,2.7298772079604015
617,4,4059,2.8114641649382452
618,4,4060,2.867314679282052
619,4,4061,2.951747553689139
620,4,4062,2.837041553996858
621,4,4063,2.8368455909547348
622,4,4064,2.902576974460057
623,4,4065,2.861185488246736
624,4,4066,2.7726642489433293
625,4,4067,2.763674582753863
626,4,4068,2.8515744436354873
627,4,4069,2.820117771625519
628,4,4070,2.81954517534801
629,4,4071,2.897861066318694
630,4,4072,2.825769696916852
631,4,4073,2.7638561470167975
632,4,4074,2.8831008615947904
633,4,4075,2.8303252742404026
634,4,4076,2.917773763338725
635,4,4077,2.9214175882793607
636,4,4078,2.8232776834851228
637,4,4079,2.904878048669724
638,4,4080,2.818493800503867
639,4,4081,2.8940284422465727
640,4,4082,2.9042129261153087
641,4,4083,2.826748683339074
642,4,4084,2.9299278429576328
643,4,4085,2.949881337937855
644,4,4086,2.8870767071133567
645,4,4087,2.8808904545647755
646,4,4088,2.8092789564813883
647,4,4089,2.8554994889668057
648,4,4090,2.8405635300136742
649,4,4091,2.84690796477454
650,4,4092,2.725048405783517
651,4,4093,2.7527010327293766
652,4,4094,2.873335770198277
653,4,4095,2.8206971798624307
654,4,4096,2.849248062996637
655,4,4097,2.7858980667023436
656,4,4098,2.796845861843654
657,4,4099,2.920613572711037
658,4,4100,2.799534726710547
659,4,4101,2.8326790446326844
660,4,4102,2.8773601168677923
661,4,4103,2.8082392556326727
662,4,4104,2.8267702971185953
663,4,4105,2.836339825675601
664,4,4106,2.893701292219616
665,4,4107,2.7651318198158625
666,4,4108,2.893948992093404
667,4,4109,2.8514937673296257
668,4,4110,2.92331085886274
669,4,4111,2.9206316613015666
670,4,4112,2.8521350962775096
671,4,4113,2.8367261943363
672,4,4114,2.755100278627305
673,4,4115,2.8155829111735025
674,4,4116,2.9746210603486922
675,4,4117,2.9815592936107094
676,4,4118,2.981718596957979
677,4,4119,2.743419431504749
678,4,4120,2.7974021094185963
679,4,4121,2.84377555336271
680,4,4122,2.7769476033392406
681,4,4123,2.826989009266808
682,4,4124,2.70679155417851
683,4,4125,2.8664190598896564
684,4,4126,2.851941284679231
685,4,4127,2.9582232463927496
686,4,4128,2.8639134622755504
687,4,4129,2.7824648107801173
688,4,4130,2.7543317022777742
689,4,4131,2.780107679821196
690,4,4132,2.7661454592432295
691,4,4133,2.775783061981201
692,4,4134,2.9114007211866837
693,4,4135,2.768334218433924
694,4,4136,2.9204269193467636
695,4,4137,2.87230521440506
696,4,4138,2.7784922804151257
697,4,4139,2.8768094806444076
698,4,4140,2.9243113483701433
699,4,4141,2.77608445144835
700,4,4142,2.8989131507419406
701,4,4143,2.8274491968609037
702,4,4144,2.8943105198088146
703,4,4145,2.928860190368834
704,4,4146,2.8922975801286244
705,4,4147,2.765229009446643
706,4,4148,2.8225865364074707
707,4,4149,2.7808621100017
708,4,4150,2.761366327603658
709,4,4151,2.8428985675175986
710,4,4152,2.7161719515210105
711,4,4153,2.9238579727354503
712,4,4154,2.848784736224583
713,4,4155,2.7589432710692994
714,4,4156,2.8239108380817224
715,4,4157,2.906367449533371
716,4,4158,2.791510105133056
717,4,4159,2.808055355435326
718,4,4160,2.77051264615286
719,4,4161,2.787232336543856
720,4,4162,2.836405720029559
721,4,4163,2.8177344231378463
722,4,4164,2.8983110530035843
723,4,4165,2.836638479005723
724,4,4166,2.84707298165276
725,4,4167,2.892070951915923
726,4,4168,2.9144209935551597
727,4,4169,2.867498834927877
728,4,4170,2.912433695225488
729,4,4171,2.7316931684811903
730,4,4172,2.887952935127985
731,4,4173,2.8320501929237727
732,4,4174,2.9173564229692737
733,4,4175,2.7817778871172942
734,4,4176,2.825146172727857
735,4,4177,2.9235978864488144
736,4,4178,2.793312839099339
737,4,4179,2.8689019850322177
738,4,4180,2.750173415456499
739,4,4181,2.8399793931416095
740,4,4182,2.89501462663923
741,4,4183,2.7769294693356468
742,4,4184,2.8698066416240877
743,4,4185,2.945557974633717
744,4,4186,2.996267523084369
745,4,4187,2.885888786542983
746,4,4188,2.851253237043109
747,4,4189,2.8128471289362222
748,4,4190,2.9201037032263617
749,4,4191,2.8013375940777006
750,4,4192,2.8455153590156916
751,4,4193,2.646023023696172
752,4,4194,2.794348830268497
753,4,4195,2.7651418106896535
754,4,4196,2.853966959885188
755,4,4197,2.7744684730257307
756,4,4198,2.805941050960905
757,4,4199,2.8297583914938427
758,4,4200,2.882097743806385
759,4,4201,2.810969874972389
760,4,4202,2.79553358895438
761,4,4203,2.8856369767870222
762,4,4204,2.8258064928508935
763,4,4205,2.700915731134869
764,4,4206,2.761181016763051
765,4,4207,2.763459314902623
766,4,4208,2.6402791369528993
767,4,4209,2.75459539322626
768,4,4210,2.771851812090193
769,4,4211,2.875933184510185
770,4,4212,2.892939255351113
771,4,4213,2.7963162121318637
772,4,4214,2.8253520727157593
773,4,4215,2.829954811504909
774,4,4216,2.848730189459665
775,4,4217,2.930878974142528
776,4,4218,2.7465691992214745
777,4,4219,2.9055880535216563
778,4,4220,2.8796936330341154
779,4,4221,2.8921692272027326
780,4,4222,2.7880660778000235
781,4,4223,2.833296015149071
782,4,4224,2.8027642738251455
783,4,4225,2.907432919456846
784,4,4226,2.7201997949963523
785,4,4227,2.923975853692918
786,4,4228,2.8085837449346274
787,4,4229,2.893827662581489
788,4,4230,2.723254287526721
789,4,4231,2.737978089423406
790,4,4232,2.9348194769450604
791,4,4233,2.8297813790185105
792,4,4234,2.79748238836016
793,4,4235,2.8929351965586343
794,4,4236,2.932256718476613
795,4,4237,2.898002082393283
796,4,4238,2.8765399683089483
797,4,4239,2.925882407597132
798,4,4240,2.7317108171326776
799,4,4241,2.8771341414678657
800,4,4242,2.8548139390491305
801,4,4243,2.7562252283096313
802,4,4244,2.784513615426563
803,4,4245,2.83646049385979
804,4,4246,2.8330837828772415
805,4,4247,2.7970656156539917
806,4,4248,2.8488452888670417
807,4,4249,2.843565021242414
808,4,4250,2.7318829042570933
809,4,4251,2.8859644560586846
810,4,4252,2.7470672017052062
811,4,4253,2.8631096482276917
812,4,4254,2.7970084008716403
813,4,4255,2.781388035842351
814,4,4256,2.731687406698863
815,4,4257,2.829088500567845
816,4,4258,2.8211604697363715
817,4,4259,2.7722897699901035
818,4,4260,2.775782800856091
819,4,4261,2.9795759518941245
820,4,4262,2.977899403799148
821,4,4263,2.856344367776598
822,4,4264,2.7432312213239216
823,4,4265,2.8203002696945556
824,4,4266,3.0303902342205964
825,4,4267,2.8137716849644976
826,4,4268,2.8118439458665403
827,4,4269,2.7869732975959773
828,4,4270,2.9408253630002346
829,4,4271,2.814624579179855
830,4,4272,2.879750138237363
831,4,4273,2.7745798882983976
832,4,4274,2.8516006469726567
833,4,4275,2.773531913757324
834,4,4276,2.790532106444949
835,4,4277,2.813300393876575
836,4,4278,2.8570796705427615
837,4,4279,2.853061480181558
838,4,4280,2.7787752690769385
839,4,4281,2.8200732810156683
840,4,4282,2.8675782396679828
841,4,4283,2.8401191546803424
842,4,4284,2.7815224244481036
843,4,4285,2.78540978829066
844,4,4286,2.847041073299589
845,4,4287,2.922878571919032
846,4,4288,2.8362666992914107
847,4,4289,2.8538141080311368
848,4,4290,2.8985595759891334
849,4,4291,2.9083938882464455
850,4,4292,2.7854561720575606
851,4,4293,2.82523471684683
852,4,4294,2.817950115317389
853,4,4295,2.8987023433049517
854,4,4296,2.800407477787563
855,4,4297,2.8020255622409636
856,4,4298,2.8396957147689093
857,4,4299,2.848485773517972
858,4,4300,2.828823495478857
859,4,4301,2.8739006405784973
860,4,4302,2.803849379221598
861,4,4303,2.7951640316418236
862,4,4304,2.887543428511847
863,4,4305,2.8600745712007796
864,4,4306,2.8700538306009205
865,4,4307,2.830561890488579
866,4,4308,2.793940089997791
867,4,4309,2.7931407065618603
868,4,4310,2.833034435908
869,4,4311,2.705216646194458
870,4,4312,2.9067039035615463
871,4,4313,2.81403367576145
872,4,4314,2.7010121061688377
873,4,4315,2.902252242678687
874,4,4316,2.851600561823163
875,4,4317,2.894724454198564
876,4,4318,2.654842002051218
877,4,4319,2.8774147771653675
878,4,4320,2.793553877444494
879,4,4321,2.819404443105062
880,4,4322,2.829412040256319
881,4,4323,2.796724109422593
882,4,4324,2.854412430808658
883,4,4325,2.9068379799524933
884,4,4326,2.854256780374618
885,4,4327,2.872763270423526
886,4,4328,2.803698153722854
887,4,4329,3.0195073684056593
888,4,4330,2.770383817808969
889,4,4331,2.811214259692601
890,4,4332,2.8720992973872597
891,4,4333,2.928354714597975
892,4,4334,2.7492312618664334
893,4,4335,2.789892298834664
894,4,4336,2.742306158656166
895,4,4337,2.736482887041001
896,4,4338,2.8950756107057853
897,4,4339,2.8598299395470392
898,4,4340,2.8693967035838535
899,4,4341,2.8368757509049916
900,4,4342,2.688246789432707
901,4,4343,2.83023248400007
902,4,4344,2.811970997424353
903,4,4345,2.8573953310648603
904,4,4346,2.7132769652775357
905,4,4347,2.7937049752190006
906,4,4348,2.746929299263727
907,4,4349,2.9638982557115097
908,4,4350,2.7343159545035594
909,4,4351,2.769117627825056
910,4,4352,2.7292640322730652
911,4,4353,2.8853719120933894
912,4,4354,2.8495885076976957
913,4,4355,2.779144218989781
914,4,4356,2.932291859672183
915,4,4357,2.7360180105481824
916,4,4358,2.7971812429882235
917,4,4359,2.875997832843235
918,4,4360,2.7296412331717357
919,4,4361,2.7196119966961088
920,4,4362,2.7585581711360385
921,4,4363,2.9168486368088495
922,4,4364,2.824229186489468
923,4,4365,2.725935527256557
924,4,4366,2.866409679253896
925,4,4367,2.8656058311462393
926,4,4368,2.8186520110993154
927,4,4369,2.8651501082238693
928,4,4370,2.796854302996681
929,4,4371,2.7648261671974548
930,4,4372,2.871732399577186
931,4,4373,2.844111499332246
932,4,4374,2.8575248831794373
933,4,4375,2.7902754601978117
934,4,4376,2.9117566744486494
935,4,4377,2.8932957308632994
936,4,4378,2.7917720136188326
937,4,4379,2.7347828547159825
938,4,4380,2.8136712710062666
939,4,4381,2.8792214790980024
940,4,4382,2.818789527529761
941,4,4383,2.851116855939229
942,4,4384,2.810363040083931
943,4,4385,2.7813495085352944
944,4,4386,2.807023161933536
945,4,4387,2.814940895353044
946,4,4388,2.8274727293423245
947,4,4389,2.8253125236147927
948,4,4390,2.8442273877915873
949,4,4391,2.826797678357079
950,4,4392,2.8481719266800654
951,4,4393,2.9132726249240695
952,4,4394,2.913034126872109
953,4,4395,2.9162406013125466
954,4,4396,2.8176892087573093
955,4,4397,2.802063465118408
956,4,4398,2.910213788350423
957,4,4399,2.841976387160166
958,4,4400,2.8218871837570547
959,4,4401,2.8777228707358953
960,4,4402,2.7645784843535646
961,4,4403,2.806326968329293
962,4,4404,2.887965503193082
963,4,4405,2.9148560024443126
964,4,4406,2.789446018991016
965,4,4407,2.762811921891712
966,4,4408,2.791076671509516
967,4,4409,2.849089457875207
968,4,4410,2.820802904310681
969,4,4411,2.817206944738116
970,4,4412,2.80153089761734
971,4,4413,2.7825913996923535
972,4,4414,2.822840616816567
973,4,4415,2.877297154494694
974,4,4416,2.940094170116243
975,4,4417,2.8248704501560757
976,4,4418,2.7663187867119206
977,4,4419,2.784333728608631
978,4,4420,2.74138088169552
979,4,4421,2.743013949621292
980,4,4422,2.883413013957796
981,4,4423,2.7686817021597006
982,4,4424,2.7003823234921405
983,4,4425,2.975953226997739
984,4,4426,2.8239116498402184
985,4,4427,2.764988768668402
986,4,4428,2.757113354546683
987,4,4429,2.867224409466698
988,4,4430,2.7871707166944235
989,4,4431,2.858537137508393
990,4,4432,2.7654844522476205
991,4,4433,2.777063849426451
992,4,4434,2.8458914416176926
993,4,4435,2.832404639039721
994,4,4436,2.7255769968032837
995,4,4437,2.751259806610289
996,4,4438,2.772065432298752
997,4,4439,2.7391467406636196
998,4,4440,2.7510024365924655
999,4,4441,2.8500704878852483
1000,4,4442,2.9377723932266235
1001,4,4443,2.941358168919881
1002,4,4444,2.881649902888707
1003,4,4445,2.7987657728649324
1004,4,4446,2.701008027508146
1005,4,4447,2.8527071277300515
1006,4,4448,2.818255353541601
1007,4,4449,2.8379594144367033
1008,4,4450,2.900499780972799
1009,4,4451,2.873824721290951
1010,4,4452,2.8559071790604365
1011,4,4453,2.9491020384288964
1012,4,4454,2.7542733521688554
1013,4,4455,2.8166023861794245
1014,4,4456,2.8198973309426085
1015,4,4457,2.7765748415674483
1016,4,4458,2.8905879656473794
1017,4,4459,2.7950059005192345
1018,4,4460,2.9011943794432145
1019,4,4461,2.8399798359189714
1020,4,4462,2.704880680356707
1021,4,4463,2.7126890477680017
1022,4,4464,2.928074938910348
1023,4,4465,2.7452370439256937
1024,4,4466,2.637437054089138
1025,4,4467,2.7443087909902846
1026,4,4468,2.7338962384632657
1027,4,4469,2.94406601360866
1028,4,4470,2.8128735394704907
1029,4,4471,2.826201086952573
1030,4,4472,2.7503071682793756
1031,4,4473,2.7735340737161183
1032,4,4474,2.909328108742123
1033,4,4475,2.7171517014503483
1034,4,4476,2.7629694370996383
1035,4,4477,2.90835063798087
1036,4,4478,2.855166128703526
1037,4,4479,2.850965928463709
1038,4,4480,2.869711938358489
1039,4,4481,2.8587468919299894
1040,4,4482,3.039525860831851
1041,4,4483,2.780021746953328
1042,4,4484,2.803535486970629
1043,4,4485,2.8740288473310933
1044,4,4486,2.7195345617475963
1045,4,4487,2.691204482600803
1046,4,4488,2.7543106703531173
1047,4,4489,2.7026150141443526
1048,4,4490,2.8596783280372615
1049,4,4491,2.8434208517982844
1050,4,4492,2.9034677914210723
1051,4,4493,2.783785644031706
1052,4,4494,2.851352265902928
1053,4,4495,2.845980397292546
1054,4,4496,2.7890784541765856
1055,4,4497,2.7293741901715602
1056,4,4498,2.8421113263993036
1057,4,4499,2.7633740788414363
1058,4,4500,2.8177877778098694
1059,4,4501,2.9090645511945086
1060,4,4502,2.873376676014492
1061,4,4503,2.73792983236767
1062,4,4504,2.795908822899773
1063,4,4505,2.8954466496195113
1064,4,4506,2.755807683581398
1065,4,4507,2.780776761827015
1066,4,4508,2.808231620561509
1067,4,4509,2.744333150840941
1068,4,4510,2.9643512992631824
1069,4,4511,2.804042924018133
1070,4,4512,2.8069864880471
1071,4,4513,2.752381381534395
1072,4,4514,2.786719376132602
1073,4,4515,2.825242093631199
1074,4,4516,2.740030805269877
1075,4,4517,2.758925622417814
1076,4,4518,2.789423525333405
1077,4,4519,2.9636935847146173
1078,4,4520,2.83655670994804
1079,4,4521,2.7945366132827036
1080,4,4522,2.8698107798894252
1081,4,4523,2.9132776033310663
1082,4,4524,2.7767393759318764
1083,4,4525,2.7613358128638494
1084,4,4526,2.790510943957738
1085,4,4527,2.8616354777699424
1086,4,4528,2.7740139223280402
1087,4,4529,2.6443405662264143
1088,4,4530,2.764677243573326
1089,4,4531,2.739827573299408
1090,4,4532,2.9815612406957714
1091,4,4533,2.886942318507603
1092,4,4534,2.766412178675334
1093,4,4535,2.7684419722784135
1094,4,4536,2.9595456974846974
1095,4,4537,2.9383462951296853
1096,4,4538,2.7569196053913654
1097,4,4539,2.80451336361113
1098,4,4540,2.839080878666469
1099,4,4541,2.7234024490628923
1100,4,4542,2.864495504470099
1101,4,4543,2.9006662482307064
1102,4,4544,2.7723213945116316
1103,4,4545,2.772896576495398
1104,4,4546,2.6658477754819963
1105,4,4547,2.795516718001593
1106,4,4548,2.7062595202809283
1107,4,4549,2.846628472918556
1108,4,4550,2.782983226435525
1109,4,4551,2.8397338475499834
1110,4,4552,2.728696300869897
1111,4,4553,2.7863018001828874
1112,4,4554,2.7328949826104303
1113,4,4555,2.8438011464618493
1114,4,4556,2.9025150707789833
1115,4,4557,2.7323433217548194
1116,4,4558,2.731700877348582
1117,4,4559,2.8409247653824945
1118,4,4560,2.6646409545625955
1119,4,4561,2.8098801147370107
1120,4,4562,2.680716767197563
1121,4,4563,2.8527612232026596
1122,4,4564,2.819612423578898
1123,4,4565,2.7800118398098714
1124,4,4566,2.8143642800194875
1125,4,4567,2.77011996223813
1126,4,4568,2.8607077485039127
1127,4,4569,2.957249034018744
1128,4,4570,2.8307589576357888
1129,4,4571,2.6341930060159595
1130,4,4572,2.731084312711443
1131,4,4573,2.915148235502697
1132,4,4574,2.7754763421558204
1133,4,4575,2.75613978930882
1134,4,4576,2.9295361666452315
1135,4,4577,2.7113699288595297
1136,4,4578,2.721218336196173
1137,4,4579,2.794248683112008
1138,4,4580,2.81284172762008
1139,4,4581,2.66442570799873
1140,4,4582,2.763037133784521
1141,4,4583,2.8698987847282775
1142,4,4584,2.8698932670411614
1143,4,4585,2.817130398182642
1144,4,4586,2.9058249677930563
1145,4,4587,2.8993030729747953
1146,4,4588,2.826840380827586
0,5,4589,2.900249623116993
1,5,4590,2.831249157587687
2,5,4591,2.8605510109946843
3,5,4592,2.8511875186647693
4,5,4593,2.747277665705908
5,5,4594,2.8749414568855642
6,5,4595,2.9351850691295804
7,5,4596,2.750489030565535
8,5,4597,2.8647411494028
9,5,4598,2.7201346102214994
10,5,4599,2.8296793983096165
11,5,4600,2.7948427313850033
12,5,4601,2.818745689732688
13,5,4602,2.9161317462012883
14,5,4603,2.7957986508096964
15,5,4604,2.727617927959987
16,5,4605,2.700359616960798
17,5,4606,2.7921174055054077
18,5,4607,2.8103452977680026
19,5,4608,2.866058508555095
20,5,4609,2.6724592106682916
21,5,4610,2.7852756352651693
22,5,4611,2.81803742476872
23,5,4612,2.5905478625070484
24,5,4613,2.7981396686463125
25,5,4614,2.846458088783991
26,5,4615,2.753270399002802
27,5,4616,2.8443201950618207
28,5,4617,2.7569308167412165
29,5,4618,2.84236356757936
30,5,4619,2.6956923518862044
31,5,4620,2.8602908196903414
32,5,4621,2.683674874759856
33,5,4622,2.883016972314744
34,5,4623,2.8518949860618235
35,5,4624,3.015353571800959
36,5,4625,2.9043583529336114
37,5,4626,2.7786443914685934
38,5,4627,2.8448952663512457
39,5,4628,2.6874709668613623
40,5,4629,2.7205073833465576
41,5,4630,2.7563343417076838
42,5,4631,2.7683360377947483
43,5,4632,2.76124008780434
44,5,4633,2.719522532962617
45,5,4634,2.8913627692631314
46,5,4635,2.9506949129558753
47,5,4636,2.9594335328964965
48,5,4637,2.7234574386051724
49,5,4638,2.853093794413976
50,5,4639,2.8611017806189403
51,5,4640,2.7671509186426797
52,5,4641,2.794614289488111
53,5,4642,2.752554615338644
54,5,4643,2.873246499470301
55,5,4644,2.7938842659904837
56,5,4645,2.82061809585208
57,5,4646,2.7983500049227765
58,5,4647,2.8512478726250787
59,5,4648,2.8730782639412653
60,5,4649,2.840419054031372
61,5,4650,2.827108422915141
62,5,4651,2.7593783367247813
63,5,4652,2.762506235213507
64,5,4653,2.8575114636194137
65,5,4654,2.7572903235753374
66,5,4655,2.829380790392558
67,5,4656,2.766239081110273
68,5,4657,2.764925511110397
69,5,4658,2.748473269598825
70,5,4659,2.752903884365445
71,5,4660,2.7024926117488324
72,5,4661,2.7076545045489357
73,5,4662,2.7980240469887137
74,5,4663,2.7294390627316063
75,5,4664,2.870633806501116
76,5,4665,2.8205335707891552
77,5,4666,2.8650201842898415
78,5,4667,2.7739288466317316
79,5,4668,2.7079658366384964
80,5,4669,2.6691583962667553
81,5,4670,2.858847351301284
82,5,4671,2.7433991261890953
83,5,4672,2.8677224261420116
84,5,4673,2.7662577912921
85,5,4674,2.7648531255267916
86,5,4675,2.9187612817400983
87,5,4676,2.8293706632795788
88,5,4677,2.796943976765587
89,5,4678,2.6721871693929042
90,5,4679,2.8823386402357194
91,5,4680,2.7996376469021746
92,5,4681,2.7962212732860015
93,5,4682,2.633866772765205
94,5,4683,2.8201945736294705
95,5,4684,2.8117021606082004
96,5,4685,2.668126600129264
97,5,4686,2.8175056917326784
98,5,4687,2.7935363849004116
99,5,4688,2.938850998878479
100,5,4689,2.7940073070071993
101,5,4690,2.8492190156664168
102,5,4691,2.888618378412155
103,5,4692,2.8127078584262306
104,5,4693,2.855324015730903
105,5,4694,2.7998683991886324
106,5,4695,2.778558665797824
107,5,4696,2.724200470106942
108,5,4697,2.7840967291877385
109,5,4698,2.6914282228265494
110,5,4699,2.848845095861526
111,5,4700,2.9113291388466247
112,5,4701,2.857840390432449
113,5,4702,2.8864050649461293
114,5,4703,2.687634609994434
115,5,4704,2.5536306017921087
116,5,4705,2.78806247597649
117,5,4706,2.70234292177927
118,5,4707,2.7708149836176914
119,5,4708,2.8609317143758135
120,5,4709,2.8466521671840126
121,5,4710,2.7308373578957146
122,5,4711,2.694672147432963
123,5,4712,2.8681994250842506
124,5,4713,2.8506299200512113
125,5,4714,2.81980882372175
126,5,4715,2.83793690658751
127,5,4716,2.6493076824006576
128,5,4717,2.8818722083455044
129,5,4718,2.8073709351675857
130,5,4719,2.7881156092598323
131,5,4720,2.7975010048775437
132,5,4721,2.7063316589310054
133,5,4722,2.814526154881432
134,5,4723,2.792914475713457
135,5,4724,2.926512224333627
136,5,4725,2.8955881027948283
137,5,4726,2.863961821510678
138,5,4727,2.8441140453020726
139,5,4728,2.6652498812902548
140,5,4729,2.7805293344316024
141,5,4730,2.744726771400088
142,5,4731,2.879129744711377
143,5,4732,2.7751676383472628
144,5,4733,2.8402186575390043
145,5,4734,2.7624538966587613
146,5,4735,2.787081718444824
147,5,4736,2.821274223781767
148,5,4737,2.84505353655134
149,5,4738,2.8125383030800597
150,5,4739,2.8582875473158698
151,5,4740,2.814826369285583
152,5,4741,2.8401612951641995
153,5,4742,2.6831694273721602
154,5,4743,2.792182286580404
155,5,4744,2.747511920474824
156,5,4745,2.88017178433282
157,5,4746,2.820392554714566
158,5,4747,2.735367122150603
159,5,4748,2.7240768841334755
160,5,4749,2.9254367294765657
161,5,4750,2.8476185117449084
162,5,4751,2.698189965316228
163,5,4752,2.7684951793579833
164,5,4753,2.771954309372675
165,5,4754,2.9203981927462985
166,5,4755,2.849770545959473
167,5,4756,2.9697350377128235
168,5,4757,2.849784010932559
169,5,4758,2.786031898998079
170,5,4759,2.7367986270359586
171,5,4760,3.034606144541786
172,5,4761,2.6984679273196623
173,5,4762,2.8842420890217735
174,5,4763,2.884061171894982
175,5,4764,2.7169838349024458
176,5,4765,2.761731505393981
177,5,4766,2.786976150103978
178,5,4767,2.7185032623154775
179,5,4768,2.8758301053728377
180,5,4769,2.7105997006098432
181,5,4770,2.655063084193638
182,5,4771,2.796651476905459
183,5,4772,2.693570457753681
184,5,4773,2.8052296979086737
185,5,4774,2.759901410057431
186,5,4775,2.7733818633215765
187,5,4776,2.726744702884129
188,5,4777,2.883662819862366
189,5,4778,2.8337165457861766
190,5,4779,2.7701369609151567
191,5,4780,2.784416772070385
192,5,4781,2.7170898687271836
193,5,4782,2.808096488316853
194,5,4783,2.9202936490376796
195,5,4784,2.758046771798815
196,5,4785,2.7442360662278675
197,5,4786,2.9123642558143255
198,5,4787,2.691123689923968
199,5,4788,2.790181841169085
200,5,4789,2.7802262476512363
201,5,4790,2.7220044419879
202,5,4791,2.8056266109148664
203,5,4792,2.8413104045958746
204,5,4793,2.7506441161746067
205,5,4794,2.6910377428645176
206,5,4795,2.8621988523574107
207,5,4796,2.7950706368400935
208,5,4797,2.812579484212966
209,5,4798,2.805505934215727
210,5,4799,2.7960655717622664
211,5,4800,2.8642131686210637
212,5,4801,2.762437610399155
213,5,4802,2.880414190746489
214,5,4803,2.7940606276194258
215,5,4804,2.729027793520973
216,5,4805,2.8381376834142777
217,5,4806,2.794515527430035
218,5,4807,2.8123997449874882
219,5,4808,2.825737723282405
220,5,4809,2.8743569794155297
221,5,4810,2.802448743865604
222,5,4811,2.7656102804910567
223,5,4812,2.9024140607743023
224,5,4813,2.751000869841803
225,5,4814,2.8363018816425685
226,5,4815,2.776899371828352
227,5,4816,2.7642954417637418
228,5,4817,2.791629626637413
229,5,4818,2.8315266285623824
230,5,4819,2.8905858539399656
231,5,4820,2.8532791393143793
232,5,4821,2.668164457593645
233,5,4822,2.8061790920439216
234,5,4823,2.732185886019752
235,5,4824,2.8414747544697354
236,5,4825,2.807562969979786
237,5,4826,2.8289463122685747
238,5,4827,2.9330153238205687
239,5,4828,2.846209951809474
240,5,4829,2.872710960251945
241,5,4830,2.85769358135405
242,5,4831,2.7971128707840323
243,5,4832,2.7782176789783297
244,5,4833,2.84177857921237
245,5,4834,2.742984272184827
246,5,4835,2.854123104186285
247,5,4836,2.744452663830348
248,5,4837,2.833267206237429
249,5,4838,2.8082137505213423
250,5,4839,2.924276828765869
251,5,4840,2.766933356012617
252,5,4841,2.766469387781053
253,5,4842,2.7327302325339544
254,5,4843,2.731185004824684
255,5,4844,2.757511991830099
256,5,4845,2.8416005798748567
257,5,4846,2.784555423827398
258,5,4847,2.813132024946667
259,5,4848,2.8095020282836183
260,5,4849,2.7607986756733487
261,5,4850,2.6379621397881277
262,5,4851,2.799914831206912
263,5,4852,2.7486252784729004
264,5,4853,2.720026564030421
265,5,4854,2.738948742548625
266,5,4855,2.787419532026563
267,5,4856,2.911132653554281
268,5,4857,2.7226449989137196
269,5,4858,2.6855310712541853
270,5,4859,2.831833368255978
271,5,4860,2.6811510948907764
272,5,4861,2.826745322772434
273,5,4862,2.7998869986761186
274,5,4863,2.7395840854871842
275,5,4864,2.6524017140978855
276,5,4865,2.789803277878534
277,5,4866,2.7768492358071457
278,5,4867,2.885428894133795
279,5,4868,2.7669477349235896
280,5,4869,2.8512033564703803
281,5,4870,2.909067380995978
282,5,4871,2.8851214647293095
283,5,4872,2.7234774317060197
284,5,4873,2.9141712529318675
285,5,4874,2.7922068493706838
286,5,4875,2.795206342424665
287,5,4876,2.75670766262781
288,5,4877,2.6683199338260155
289,5,4878,2.7499554497855057
290,5,4879,2.803936946959723
291,5,4880,2.7480125370479764
292,5,4881,2.7130555524712516
293,5,4882,2.8217129366738454
294,5,4883,2.8082189616702853
295,5,4884,2.7740198089962917
296,5,4885,2.7101458140781953
297,5,4886,2.710120388439724
298,5,4887,2.8222697064990094
299,5,4888,2.8196098634174893
300,5,4889,2.848829110463461
301,5,4890,2.7509699662526446
302,5,4891,2.8255333048956737
303,5,4892,2.8901953470139277
304,5,4893,2.7976586761928735
305,5,4894,2.8646667060397926
306,5,4895,2.7751181721687312
307,5,4896,2.692018679210118
308,5,4897,2.86139870825268
309,5,4898,2.8268328110376983
310,5,4899,2.8130461601983936
311,5,4900,2.663956732977005
312,5,4901,2.778809144383385
313,5,4902,2.8486694807098023
314,5,4903,2.872877575102306
315,5,4904,2.9115328959056312
316,5,4905,2.8214960211799256
317,5,4906,2.7391631574857804
318,5,4907,2.7794515235083446
319,5,4908,2.858148018519084
320,5,4909,2.817306759811583
321,5,4910,2.8092363788968044
322,5,4911,2.764549896830604
323,5,4912,2.672104404086159
324,5,4913,2.8022829691569004
325,5,4914,2.7226097441854935
326,5,4915,2.745504759606861
327,5,4916,2.7811461176191057
328,5,4917,2.88736879825592
329,5,4918,2.8628115426926386
330,5,4919,2.835216947964259
331,5,4920,2.870735912095933
332,5,4921,2.736875051543826
333,5,4922,2.787730824379694
334,5,4923,2.817820986111959
335,5,4924,2.7066189504805065
336,5,4925,2.818791244711194
337,5,4926,2.7550075962429954
338,5,4927,2.806209904806955
339,5,4928,2.808053777331397
340,5,4929,2.8457959890365605
341,5,4930,2.79160966191973
342,5,4931,2.8670930748894103
343,5,4932,2.85551921526591
344,5,4933,2.864501777149383
345,5,4934,2.804409330799466
346,5,4935,2.849493517762139
347,5,4936,2.781639127504258
348,5,4937,2.8179113013403763
349,5,4938,2.7976251641909284
350,5,4939,2.7037478912444346
351,5,4940,2.833217047509692
352,5,4941,2.73689140308471
353,5,4942,2.7170551759856094
354,5,4943,2.8327595392862954
355,5,4944,2.7631136178970346
356,5,4945,2.743697725591205
357,5,4946,2.789141365459987
358,5,4947,2.896554004578363
359,5,4948,2.8334327595574513
360,5,4949,2.774028528304327
361,5,4950,2.729467102459499
362,5,4951,2.6397038471131093
363,5,4952,2.799740496135893
364,5,4953,2.8522114640190486
365,5,4954,2.7985639742442543
366,5,4955,2.892923326719375
367,5,4956,2.775776817685082
368,5,4957,2.815323613938831
369,5,4958,2.768632985296703
370,5,4959,2.7005701746259416
371,5,4960,2.8840807335717336
372,5,4961,3.0133569410869057
373,5,4962,2.782403202283951
374,5,4963,2.7147588446026756
375,5,4964,2.6957837286449613
376,5,4965,2.8993643124898276
377,5,4966,2.789004700524467
378,5,4967,2.742442675999232
379,5,4968,2.8370002110799155
380,5,4969,2.737795097487313
381,5,4970,2.798178042684283
382,5,4971,2.878070967538017
383,5,4972,2.777301419348944
384,5,4973,2.7521059427942554
385,5,4974,2.7704582668486095
386,5,4975,2.744718699228195
387,5,4976,2.8113406896591187
388,5,4977,2.7921822071075444
389,5,4978,2.8450873181933454
390,5,4979,2.750902788979667
391,5,4980,2.8530476093292236
392,5,4981,2.8882560786746803
393,5,4982,2.918140967686971
394,5,4983,2.8305740242912654
395,5,4984,2.8242157896359763
396,5,4985,2.9044415042513894
397,5,4986,2.796761160805112
398,5,4987,2.774071159816924
399,5,4988,2.7098789158321566
400,5,4989,2.8991462957291376
401,5,4990,2.831150707744416
402,5,4991,2.9219398385002497
403,5,4992,2.8104431118283957
404,5,4993,2.890564308280036
405,5,4994,2.947069622221447
406,5,4995,2.828925882066999
407,5,4996,2.9109014499755133
408,5,4997,2.710204291911352
409,5,4998,2.699882152534667
410,5,4999,2.8130354029791698
411,5,5000,2.8707801217124578
412,5,5001,2.8411749686513637
413,5,5002,2.8408630575452527
414,5,5003,2.9177181380135675
415,5,5004,2.75089506875901
416,5,5005,2.7762635265077864
417,5,5006,2.781015112286522
418,5,5007,2.7859726519811723
419,5,5008,2.7117689365432374
420,5,5009,2.6952103773752847
421,5,5010,2.9118342967260458
422,5,5011,2.664925566741399
423,5,5012,2.7205350342251
424,5,5013,2.80240946156638
425,5,5014,2.8092889558701293
426,5,5015,2.84918533052717
427,5,5016,2.7735881408055625
428,5,5017,2.8388448244049433
429,5,5018,2.734891105265844
430,5,5019,2.8193476767767045
431,5,5020,2.7561056897753757
432,5,5021,2.803462774980636
433,5,5022,2.713683775493077
434,5,5023,2.847045642989022
435,5,5024,2.814834520930335
436,5,5025,2.7361594750767666
437,5,5026,2.793503840764363
438,5,5027,2.815156505221412
439,5,5028,2.8629995499338423
440,5,5029,2.8172460113252917
441,5,5030,2.8202095656167887
442,5,5031,2.8346089011146907
443,5,5032,2.913938335009984
444,5,5033,2.848038139797392
445,5,5034,2.8707607218197415
446,5,5035,2.7637306167965843
447,5,5036,2.788507021608807
448,5,5037,2.766712881269909
449,5,5038,2.768300510588146
450,5,5039,2.7534571318399337
451,5,5040,2.7120230112757002
452,5,5041,2.7280933743431452
453,5,5042,2.7864103146961754
454,5,5043,2.8743481976645335
455,5,5044,2.8123089898200266
456,5,5045,2.7409458869979497
457,5,5046,2.8936252366928823
458,5,5047,2.8194144084340054
459,5,5048,2.838520095461891
460,5,5049,2.859225693203154
461,5,5050,2.671823030426389
462,5,5051,2.7399700539452687
463,5,5052,2.731829626219613
464,5,5053,2.8107989004680087
465,5,5054,2.7784813074838546
466,5,5055,2.8008384874888823
467,5,5056,2.6645070342790516
468,5,5057,2.8089112724576677
469,5,5058,2.837801030703953
470,5,5059,2.757035760652451
471,5,5060,2.7917580349104747
472,5,5061,2.77090729418255
473,5,5062,2.6992013965334216
474,5,5063,2.8193349213827226
475,5,5064,2.830295483271281
476,5,5065,2.8150133802777235
477,5,5066,2.867209153515952
478,5,5067,2.8232634805497665
479,5,5068,2.6961713177817206
480,5,5069,2.8341872010912215
481,5,5070,2.800743920462473
482,5,5071,2.8138026822180984
483,5,5072,2.715998169921693
484,5,5073,2.8617073269117452
485,5,5074,2.795243314334324
486,5,5075,2.8354363413084123
487,5,5076,2.794584946972984
488,5,5077,2.8655848503112793
489,5,5078,2.840373419580005
490,5,5079,2.6789521546590893
491,5,5080,2.7483166938736328
492,5,5081,2.705512390250252
493,5,5082,2.8782137149856197
494,5,5083,2.8509838694617864
495,5,5084,2.7816343293303527
496,5,5085,2.790643777166094
497,5,5086,2.7140790905271257
498,5,5087,2.741010115260169
499,5,5088,2.737886445862907
500,5,5089,2.77222922870091
501,5,5090,2.843499336923871
502,5,5091,2.8386453503654114
503,5,5092,2.7670206796555297
504,5,5093,2.823602227937607
505,5,5094,2.7812131472996304
506,5,5095,2.7563031996999467
507,5,5096,2.84273164896738
508,5,5097,2.953075477055141
509,5,5098,2.8394086772487284
510,5,5099,2.7450633616674516
511,5,5100,2.835281201771328
512,5,5101,2.884876149041312
513,5,5102,2.8232833657945906
514,5,5103,2.8331425871167863
515,5,5104,2.748455575534275
516,5,5105,2.9007518234707055
517,5,5106,2.79065561862219
518,5,5107,2.775533908889407
519,5,5108,2.7212561028344293
520,5,5109,2.8399095194680344
521,5,5110,2.8154035664740067
522,5,5111,2.7327161970592675
523,5,5112,2.807638332957313
524,5,5113,2.830486428169977
525,5,5114,2.7297532899039134
526,5,5115,2.9067380201248896
527,5,5116,2.7152581441970103
528,5,5117,2.7514964058285667
529,5,5118,2.764293568474906
530,5,5119,2.731382892245338
531,5,5120,2.754723273572468
532,5,5121,2.8511620618048164
533,5,5122,2.8854444254012335
534,5,5123,2.7160591454732987
535,5,5124,2.7176141795657927
536,5,5125,2.838690053848993
537,5,5126,2.8669574090412686
538,5,5127,2.6276117818696156
539,5,5128,2.7836321053050814
540,5,5129,2.780489575295222
541,5,5130,2.6943208802314027
542,5,5131,2.8436916725976125
543,5,5132,2.7783252369789855
544,5,5133,2.870972037315368
545,5,5134,2.7523788071814033
546,5,5135,2.761107291494097
547,5,5136,2.6833183765411377
548,5,5137,2.862454085122971
549,5,5138,2.6927356634821207
550,5,5139,2.823356639771234
551,5,5140,2.7266819647380287
552,5,5141,2.868328801223209
553,5,5142,2.8170404831568407
554,5,5143,2.8431969483693447
555,5,5144,2.8292852526619323
556,5,5145,2.6506152890977406
557,5,5146,2.9328033753803795
558,5,5147,2.8027964489800588
559,5,5148,2.8586718979335966
560,5,5149,2.757533592837197
561,5,5150,2.85551609311785
562,5,5151,2.8226753813879832
563,5,5152,2.7091839654105048
564,5,5153,2.775666918073382
565,5,5154,2.7473031736555553
566,5,5155,2.766381331852504
567,5,5156,2.894081757182167
568,5,5157,2.7380639853931608
569,5,5158,2.8138884192421316
570,5,5159,2.8377967505227955
571,5,5160,2.8081619512467157
572,5,5161,2.9557609671638128
573,5,5162,2.8844849552427028
574,5,5163,2.729487555367606
575,5,5164,2.6256884762219017
576,5,5165,2.754785532043094
577,5,5166,2.8120932891255332
578,5,5167,2.7192707430748713
579,5,5168,2.6953846159435444
580,5,5169,2.782782520566668
581,5,5170,2.717606467860086
582,5,5171,2.851937705562228
583,5,5172,2.841323154313224
584,5,5173,2.8356900867961703
585,5,5174,2.776687184969584
586,5,5175,2.822610991341728
587,5,5176,2.706641004199073
588,5,5177,2.839719335238139
589,5,5178,2.7020316123962416
590,5,5179,2.8225412198475426
591,5,5180,2.711314939317248
592,5,5181,2.7245381758326577
593,5,5182,2.833103531882877
594,5,5183,2.8145265352158315
595,5,5184,2.8140839735666914
596,5,5185,2.831658709616888
597,5,5186,2.792428039369129
598,5,5187,2.789798378944397
599,5,5188,2.7049956889379594
600,5,5189,2.8473798717771253
601,5,5190,2.8136936653228033
602,5,5191,2.712413827578227
603,5,5192,2.684612118062519
604,5,5193,2.831060534431821
605,5,5194,2.8751606089728217
606,5,5195,2.8716027906962798
607,5,5196,2.9087808245704285
608,5,5197,2.6754215302921476
609,5,5198,2.7712149563289823
610,5,5199,2.885379711786905
611,5,5200,2.7986241408756802
612,5,5201,2.812880890710013
613,5,5202,2.695189524264563
614,5,5203,2.686437087399619
615,5,5204,2.6997657929148
616,5,5205,2.8508185261771795
617,5,5206,2.82436478989465
618,5,5207,2.6733934652237665
619,5,5208,2.7973355906350275
620,5,5209,2.7685188821383893
621,5,5210,2.73654028631392
622,5,5211,2.72575691200438
623,5,5212,2.7189397982188632
624,5,5213,2.843770855949038
625,5,5214,2.7726645753497174
626,5,5215,2.7783523003260298
627,5,5216,2.7876187761624656
628,5,5217,2.9313561150005887
629,5,5218,2.7345311868758424
630,5,5219,2.7889365128108428
631,5,5220,2.748676535629091
632,5,5221,2.6825609746433434
633,5,5222,2.715942746117001
634,5,5223,2.70773390361241
635,5,5224,2.7975902358690905
636,5,5225,2.7576078431946893
637,5,5226,2.77986561968213
638,5,5227,2.7490273714065556
639,5,5228,2.7976177136103306
640,5,5229,2.658034866764431
641,5,5230,2.7807007517133444
642,5,5231,2.7851532697677612
643,5,5232,2.673153218768892
644,5,5233,2.745049320516132
645,5,5234,2.6792628083910266
646,5,5235,2.656283412660871
647,5,5236,2.7725376458395097
648,5,5237,2.7514214600835527
649,5,5238,2.828644156455993
650,5,5239,2.8376191740944274
651,5,5240,2.845586424782162
652,5,5241,2.751626023224422
653,5,5242,2.7429443541027254
654,5,5243,2.8120659078870505
655,5,5244,2.900714397430419
656,5,5245,2.7808960051763627
657,5,5246,2.7959368626276646
658,5,5247,2.786588776679266
659,5,5248,2.82027530670166
660,5,5249,2.932306843144553
661,5,5250,2.6752281785011287
662,5,5251,2.6479691096714566
663,5,5252,2.856802273364295
664,5,5253,2.742604156335194
665,5,5254,2.87777498790196
666,5,5255,2.6806162028085616
667,5,5256,2.7886814389910013
668,5,5257,2.6718781618844893
669,5,5258,2.8059983139946354
670,5,5259,2.6713100785300843
671,5,5260,2.7847887646584284
672,5,5261,2.950179667699905
673,5,5262,2.778728556065332
674,5,5263,2.7324179183869135
675,5,5264,2.641174571854727
676,5,5265,2.7352533425603593
677,5,5266,2.7888162930806484
678,5,5267,2.7309776260739285
679,5,5268,2.7543817616644364
680,5,5269,2.7532097072828385
681,5,5270,2.785770660354978
682,5,5271,2.7428211882000877
683,5,5272,2.8134919206301374
684,5,5273,2.8017496040889194
685,5,5274,2.673486340613593
686,5,5275,2.8382470437458585
687,5,5276,2.7712301526750838
688,5,5277,2.864532124428523
689,5,5278,2.75454516637893
690,5,5279,2.7882866518838063
691,5,5280,2.8097545476186845
692,5,5281,2.930048624674479
693,5,5282,2.8407408623468307
694,5,5283,2.772795506886073
695,5,5284,2.8040734245663606
696,5,5285,2.9071122379530037
697,5,5286,2.8812771865299767
698,5,5287,2.7347680557341807
699,5,5288,2.7310001282464893
700,5,5289,2.7734484445481074
701,5,5290,2.9238692720731105
702,5,5291,2.8035968144734706
703,5,5292,2.847807271139963
704,5,5293,2.826473661831447
705,5,5294,2.778075703552791
706,5,5295,2.8060790300369267
707,5,5296,2.928576747576395
708,5,5297,2.7753300950640725
709,5,5298,2.727319728760492
710,5,5299,2.7731251120567326
711,5,5300,2.782294381232488
712,5,5301,2.744448837779817
713,5,5302,2.818759032658168
714,5,5303,2.7408855727740695
715,5,5304,2.8203765153884883
716,5,5305,2.7806349226406644
717,5,5306,2.7498811369850515
718,5,5307,2.8539418152400424
719,5,5308,2.8923553086462475
720,5,5309,2.734065033140636
721,5,5310,2.7491303937775746
722,5,5311,2.895760073548271
723,5,5312,2.7353986955824348
724,5,5313,2.7569167386917837
725,5,5314,2.7158835274832587
726,5,5315,2.7852382404463634
727,5,5316,2.6777646428062805
728,5,5317,2.728611174083891
729,5,5318,2.6886338847024103
730,5,5319,2.85168665363675
731,5,5320,2.7211389768691285
732,5,5321,2.821988874957675
733,5,5322,2.822610179583231
734,5,5323,2.9567692932628447
735,5,5324,2.7698475406283425
736,5,5325,2.751827222960336
737,5,5326,2.8472091328530085
738,5,5327,2.813229657354809
739,5,5328,2.6902592465991066
740,5,5329,2.864522667158217
741,5,5330,2.676553274903979
742,5,5331,2.8211244742075596
743,5,5332,2.783755381902059
744,5,5333,2.711683735961006
745,5,5334,2.729733319509597
746,5,5335,2.8931365524019506
747,5,5336,2.734823329108102
748,5,5337,2.675396169934954
749,5,5338,2.757066871438708
750,5,5339,2.824584997835614
751,5,5340,2.822171568870544
752,5,5341,2.7842818668910443
753,5,5342,2.7987712394623525
754,5,5343,2.7364276988165717
755,5,5344,2.594475763184684
756,5,5345,2.783196977206639
757,5,5346,2.768201206411634
758,5,5347,2.7513082651864913
759,5,5348,2.816463629404704
760,5,5349,2.7787624171801975
761,5,5350,2.730303838139488
762,5,5351,2.7327129159654895
763,5,5352,2.7915195056370328
764,5,5353,2.7627652883529668
765,5,5354,2.683521492140634
766,5,5355,2.6819840045202343
767,5,5356,2.748889923095703
768,5,5357,2.7279252793107713
769,5,5358,2.801885406176249
770,5,5359,2.8430347953523905
771,5,5360,2.6984818038486296
772,5,5361,2.6802472216742377
773,5,5362,2.7029887693268915
774,5,5363,2.7790098105158125
775,5,5364,2.760451444557735
776,5,5365,2.7304070904141384
777,5,5366,2.6873630427178883
778,5,5367,2.7161344289779663
779,5,5368,2.764526162828717
780,5,5369,2.8747998589561097
781,5,5370,2.6361937551271346
782,5,5371,2.6475936401458013
783,5,5372,2.579263113793872
784,5,5373,2.8646487224669688
785,5,5374,2.7751454398745588
786,5,5375,2.715396279380435
787,5,5376,2.7374826811608814
788,5,5377,2.756265325205666
789,5,5378,2.8754008213679003
790,5,5379,2.8117592675345278
791,5,5380,2.855980333827791
792,5,5381,2.8875880298160372
793,5,5382,2.884039322535197
794,5,5383,2.7518590092659
795,5,5384,2.7557320254189634
796,5,5385,2.6364852700914656
797,5,5386,2.871452757290432
798,5,5387,2.7856677146185014
799,5,5388,2.8131122702643987
800,5,5389,2.7800567859695073
801,5,5390,2.8278769566899253
802,5,5391,2.8514460665839056
803,5,5392,2.6187218597957065
804,5,5393,2.801739811897277
805,5,5394,2.777290508860634
806,5,5395,2.780966219447908
807,5,5396,2.8065836486362272
808,5,5397,2.733862828640711
809,5,5398,2.7220339917001266
810,5,5399,2.7655651654515947
811,5,5400,2.7531263147081653
812,5,5401,2.7127543517521455
813,5,5402,2.703271848814828
814,5,5403,2.771465539932251
815,5,5404,2.881544090452649
816,5,5405,2.7118968481109254
817,5,5406,2.9141721555164883
818,5,5407,2.7063097613198415
819,5,5408,2.7678555448849997
820,5,5409,2.692471095493861
821,5,5410,2.8131631385712392
822,5,5411,2.6556629169554937
823,5,5412,2.701749103409904
824,5,5413,2.790031064124334
825,5,5414,2.7604241484687444
826,5,5415,2.7352310078484674
827,5,5416,2.754204937389919
828,5,5417,2.7421852974664596
829,5,5418,2.7593997433072044
830,5,5419,2.7195239010311307
831,5,5420,2.8259994643075124
832,5,5421,2.678822650795891
833,5,5422,2.7047375383831205
834,5,5423,2.6645977270035517
835,5,5424,2.6561661213636394
836,5,5425,2.7334772348403935
837,5,5426,2.7934965008781063
838,5,5427,2.6235464896474565
839,5,5428,2.602516520591009
840,5,5429,2.7427833818254013
841,5,5430,2.8646167516708374
842,5,5431,2.9479775144940334
843,5,5432,2.8255083050046648
844,5,5433,2.7944233303978327
845,5,5434,2.7826716303825383
846,5,5435,2.8073694677579972
847,5,5436,2.8672311362766085
848,5,5437,2.857252126648312
849,5,5438,2.8359786442347934
850,5,5439,2.8539243709473383
851,5,5440,2.728100878851755
852,5,5441,2.7704135576883964
853,5,5442,2.701597781408401
854,5,5443,2.7552722068060005
855,5,5444,2.840796394007546
856,5,5445,2.861956539608183
857,5,5446,2.8332467987423846
858,5,5447,2.845019476754324
859,5,5448,2.7630172967910767
860,5,5449,2.9108875081652683
861,5,5450,2.853981690747397
862,5,5451,2.8213809671856103
863,5,5452,2.7826641031673978
864,5,5453,2.7193038293293545
865,5,5454,2.7785963558015365
866,5,5455,2.6947124515260974
867,5,5456,2.9004196439470564
868,5,5457,2.8329169920512607
869,5,5458,2.8418329443250387
870,5,5459,2.8020775772276383
871,5,5460,2.8289284706115723
872,5,5461,2.6108720841861905
873,5,5462,2.71822627669289
874,5,5463,2.7954529637382146
875,5,5464,2.802340121496291
876,5,5465,2.711870951311929
877,5,5466,2.6853783017113098
878,5,5467,2.7275851113455634
879,5,5468,2.7602703798384893
880,5,5469,2.6548183475221907
881,5,5470,2.7695510387420654
882,5,5471,2.7312309231076917
883,5,5472,2.826170677230471
884,5,5473,2.7820101976394653
885,5,5474,2.80516140801566
886,5,5475,2.7746512151899787
887,5,5476,2.7605926025481455
888,5,5477,2.8435275526273815
889,5,5478,2.7239265938599906
890,5,5479,2.758233899161929
891,5,5480,2.9028973465874093
892,5,5481,2.6373157160622736
893,5,5482,2.865481830778576
894,5,5483,2.736845425197056
895,5,5484,2.7963109953062877
896,5,5485,2.775235017140707
897,5,5486,2.705654388382321
898,5,5487,2.6974964964957464
899,5,5488,2.8799094699677967
900,5,5489,2.971378896917616
901,5,5490,2.680595424913225
902,5,5491,2.868404223805382
903,5,5492,2.8254851216361634
904,5,5493,2.7249901124409273
905,5,5494,2.799454058919634
906,5,5495,2.889548256283715
907,5,5496,2.7293513559159783
908,5,5497,2.7753358171099705
909,5,5498,2.7459430467514774
910,5,5499,2.7297665278116865
911,5,5500,2.773067343802679
912,5,5501,2.7576419739496143
913,5,5502,2.7185800529661632
914,5,5503,2.824312959398542
915,5,5504,2.802717282658532
916,5,5505,2.793868598483858
917,5,5506,2.8544148093178157
918,5,5507,2.886177023251851
919,5,5508,2.867217906883785
920,5,5509,2.8538699689365568
921,5,5510,2.7706910627228876
922,5,5511,2.807575115135738
923,5,5512,2.7694400435402278
924,5,5513,2.799326093423934
925,5,5514,2.665096737089611
926,5,5515,2.758703470230102
927,5,5516,2.8573576155162987
928,5,5517,2.8752631516683667
929,5,5518,2.7348708084651396
930,5,5519,2.585910297575451
931,5,5520,2.7988723346165254
932,5,5521,2.8125199107896712
933,5,5522,2.770981652396065
934,5,5523,2.717033749534971
935,5,5524,2.717015524705251
936,5,5525,2.753806886218843
937,5,5526,2.862362986519223
938,5,5527,2.7614346912928984
939,5,5528,2.81040894985199
940,5,5529,2.71338943640391
941,5,5530,2.828642811094012
942,5,5531,2.923449641182309
943,5,5532,2.8263754475684397
944,5,5533,2.7376968548411416
945,5,5534,2.778568500564212
946,5,5535,2.836638507388887
947,5,5536,2.7556701671509516
948,5,5537,2.7444660323006755
949,5,5538,2.737425029277802
950,5,5539,2.7412052438372663
951,5,5540,2.765486419200897
952,5,5541,2.852218940144493
953,5,5542,2.741118766012645
954,5,5543,2.721484837077913
955,5,5544,2.776794538611458
956,5,5545,2.633800886926197
957,5,5546,2.853206319468362
958,5,5547,2.722311110723587
959,5,5548,2.714866002400716
960,5,5549,2.755717975752695
961,5,5550,2.700778328237079
962,5,5551,2.769195383503324
963,5,5552,2.807738383611043
964,5,5553,2.814097580455598
965,5,5554,2.847323948428745
966,5,5555,2.69059347538721
967,5,5556,2.7369605586642307
968,5,5557,2.788177030427115
969,5,5558,2.7081429050082253
970,5,5559,2.8461606672831947
971,5,5560,2.8620964913141167
972,5,5561,2.8231498400370287
973,5,5562,2.82833971296038
974,5,5563,2.7987253382092434
975,5,5564,2.822708935964675
976,5,5565,2.850841158912295
977,5,5566,2.7466479511488058
978,5,5567,2.8494716229892907
979,5,5568,2.6371475656827292
980,5,5569,2.766919056574503
981,5,5570,2.7314179213274095
982,5,5571,2.773791409674145
983,5,5572,2.93088280019306
984,5,5573,2.7948710095314757
985,5,5574,2.827148102578663
986,5,5575,2.697169391881852
987,5,5576,2.7105387789862494
988,5,5577,2.6718722695396058
989,5,5578,2.7508617128644675
990,5,5579,2.71991921606518
991,5,5580,2.7337433894475303
992,5,5581,2.8429910909561884
993,5,5582,2.7054805358250933
994,5,5583,2.802180920328413
995,5,5584,2.752362342107863
996,5,5585,2.803572728520347
997,5,5586,2.817223514829363
998,5,5587,2.801635168847584
999,5,5588,2.7080518035661605
1000,5,5589,2.740537109829131
1001,5,5590,2.812476024741218
1002,5,5591,2.692516074294135
1003,5,5592,2.718179787908282
1004,5,5593,2.846423750831968
1005,5,5594,2.78594662461962
1006,5,5595,2.788346164283298
1007,5,5596,2.808325645469484
1008,5,5597,2.8148323467799594
1009,5,5598,2.723442616916837
1010,5,5599,2.8604389485858737
1011,5,5600,2.8393884613400417
1012,5,5601,2.7629006590162004
1013,5,5602,2.8006865921474633
1014,5,5603,2.7756568448884145
1015,5,5604,2.8150729224795388
1016,5,5605,2.7756092463220865
1017,5,5606,2.74935568798156
1018,5,5607,2.872242876461574
1019,5,5608,2.7931981540861583
1020,5,5609,2.8787381989615306
1021,5,5610,2.770208026681628
1022,5,5611,2.876049859183175
1023,5,5612,2.8444156760261174
1024,5,5613,2.8051246433031
1025,5,5614,2.8062738236926847
1026,5,5615,2.6450406426475164
1027,5,5616,2.8700416712533854
1028,5,5617,2.7025794784228014
1029,5,5618,2.8053741029330657
1030,5,5619,2.9246960026877264
1031,5,5620,2.8008128972280595
1032,5,5621,2.747385059084211
1033,5,5622,2.70667203551247
1034,5,5623,2.8724348658607117
1035,5,5624,2.733513485817682
1036,5,5625,2.758798287028358
1037,5,5626,2.770638011750721
1038,5,5627,2.6712776507650102
1039,5,5628,2.7569034724008463
1040,5,5629,2.711487852391743
1041,5,5630,2.765923653330121
1042,5,5631,2.741164758091881
1043,5,5632,2.62660106590816
1044,5,5633,2.7225816647211714
1045,5,5634,2.7834374195053466
1046,5,5635,2.768621436187199
1047,5,5636,2.836696692875454
1048,5,5637,2.8985070444288707
1049,5,5638,2.751076755069551
1050,5,5639,2.6429660036450344
1051,5,5640,2.8125204302015754
1052,5,5641,2.853007413092114
1053,5,5642,2.784524554298038
1054,5,5643,2.823493506227221
1055,5,5644,2.8109493255615225
1056,5,5645,2.884024117674146
1057,5,5646,2.796918216205779
1058,5,5647,2.7938124367168973
1059,5,5648,2.7849361896514893
1060,5,5649,2.7515279906136647
1061,5,5650,2.8004923633166716
1062,5,5651,2.801182122457595
1063,5,5652,2.81556456997281
1064,5,5653,2.730280109814235
1065,5,5654,2.7307772977011546
1066,5,5655,2.745590757756006
1067,5,5656,2.807321168127514
1068,5,5657,2.8964810484931585
1069,5,5658,2.7648117428734187
1070,5,5659,2.6815335438365024
1071,5,5660,2.732392101060777
1072,5,5661,2.6816759450095042
1073,5,5662,2.7187105502401083
1074,5,5663,2.7626445634024477
1075,5,5664,2.7404912625040323
1076,5,5665,2.8274018991561163
1077,5,5666,2.6497134481157576
1078,5,5667,2.6598904544398896
1079,5,5668,2.7075092934426803
1080,5,5669,2.787445434502193
1081,5,5670,2.8002391713006163
1082,5,5671,2.7579706055777415
1083,5,5672,2.7280711673554925
1084,5,5673,2.9832340308598106
1085,5,5674,2.7240750590960183
1086,5,5675,2.838278954937345
1087,5,5676,2.6955090647652034
1088,5,5677,2.823202076412382
1089,5,5678,2.822557131449382
1090,5,5679,2.6950848499933873
1091,5,5680,2.7331205492927912
1092,5,5681,2.8568239836465743
1093,5,5682,2.7987929241997853
1094,5,5683,2.782649318377177
1095,5,5684,2.7631592523484
1096,5,5685,2.740701533499219
1097,5,5686,2.7443966354642595
1098,5,5687,2.7716315984725943
1099,5,5688,2.76971101193201
1100,5,5689,2.7159768853868758
1101,5,5690,2.7328269254593622
1102,5,5691,2.754214122181847
1103,5,5692,2.7527068768228804
1104,5,5693,2.760832054274423
1105,5,5694,2.755387317566645
1106,5,5695,2.639408057644254
1107,5,5696,2.8146800427209766
1108,5,5697,2.894392547153291
1109,5,5698,2.7782465929076787
1110,5,5699,2.715344190597534
1111,5,5700,2.7864687414396387
1112,5,5701,2.791442749046144
1113,5,5702,2.732515230065301
1114,5,5703,2.72836176554362
1115,5,5704,2.671336060478574
1116,5,5705,2.844575688952492
1117,5,5706,2.7143416518256775
1118,5,5707,2.7878903320857455
1119,5,5708,2.8043732614744274
1120,5,5709,2.8613999911717007
1121,5,5710,2.722660223642985
1122,5,5711,2.8578202667690458
1123,5,5712,2.7827589029357545
1124,5,5713,2.8606058472678773
1125,5,5714,2.805373986562093
1126,5,5715,2.8354047934214277
1127,5,5716,2.7299342155456547
1128,5,5717,2.6547402767908013
1129,5,5718,2.7208500050363087
1130,5,5719,2.753242600531806
1131,5,5720,2.8571849039622705
1132,5,5721,2.839197510764712
1133,5,5722,2.5687182503087174
1134,5,5723,2.75868866273335
1135,5,5724,2.8448851136934183
1136,5,5725,2.6449263436453685
1137,5,5726,2.645011862119039
1138,5,5727,2.7436585199265253
1139,5,5728,2.7585774943942116
1140,5,5729,2.7768745195297964
1141,5,5730,2.7822112639745074
1142,5,5731,2.781039652370271
1143,5,5732,2.7434834752764017
1144,5,5733,2.70377386751629
1145,5,5734,2.775295734405517
1146,5,5735,2.7188792455764044
0,6,5736,2.69769184078489
1,6,5737,2.7597157188824246
2,6,5738,2.822406723385765
3,6,5739,2.6998481864020936
4,6,5740,2.82542115733737
5,6,5741,2.699554295766921
6,6,5742,2.791281478745597
7,6,5743,2.712517630486261
8,6,5744,2.7551375570751375
9,6,5745,2.794780311130342
10,6,5746,2.654961191472553
11,6,5747,2.771333657559895
12,6,5748,2.869917903627668
13,6,5749,2.8237445581526988
14,6,5750,2.852770748592558
15,6,5751,2.7349610215141666
16,6,5752,2.8072628861381896
17,6,5753,2.816018672216507
18,6,5754,2.7834355916295737
19,6,5755,2.8169323716844836
20,6,5756,2.767081555866059
21,6,5757,2.691976277601151
22,6,5758,2.741031987326486
23,6,5759,2.7137914186432255
24,6,5760,2.7031810397193548
25,6,5761,2.7879152979169572
26,6,5762,2.7695568998654685
27,6,5763,2.7037915275210422
28,6,5764,2.696608418510074
29,6,5765,2.7416983104887462
30,6,5766,2.778799999327886
31,6,5767,2.825461486975352
32,6,5768,2.760320561272758
33,6,5769,2.609973952883766
34,6,5770,2.70299335036959
35,6,5771,2.6275783947535922
36,6,5772,2.722833851973215
37,6,5773,2.7894251119522817
38,6,5774,2.6624362326803666
39,6,5775,2.6497271515074226
40,6,5776,2.741000396864755
41,6,5777,2.819773043904986
42,6,5778,2.69906188760485
43,6,5779,2.843762372221266
44,6,5780,2.7770370841026306
45,6,5781,2.8477093378702794
46,6,5782,2.7715454669225785
47,6,5783,2.7831905881563817
48,6,5784,2.7733238538106284
49,6,5785,2.6699002101307823
50,6,5786,2.763612525803703
51,6,5787,2.8184619063422787
52,6,5788,2.76211991196587
53,6,5789,2.7400833183810827
54,6,5790,2.783160890851702
55,6,5791,2.8257161095028835
56,6,5792,2.7219669705345515
57,6,5793,2.723654224759057
58,6,5794,2.8175752389998667
59,6,5795,2.760883561202458
60,6,5796,2.6957847362472895
61,6,5797,2.7520939509073896
62,6,5798,2.7861942421822325
63,6,5799,2.9129687263852073
64,6,5800,2.7680953570774625
65,6,5801,2.7631829749970214
66,6,5802,2.7576493308657692
67,6,5803,2.83520671867189
68,6,5804,2.7248498428435552
69,6,5805,2.714567794686272
70,6,5806,2.7101427203132995
71,6,5807,2.861542951493036
72,6,5808,2.7787762653260004
73,6,5809,2.8370536253565835
74,6,5810,2.7451400529770624
75,6,5811,2.8103963931401568
76,6,5812,2.719829496883211
77,6,5813,2.804705148651486
78,6,5814,2.7226072691735768
79,6,5815,2.749487022558848
80,6,5816,2.7931470899354847
81,6,5817,2.6641474905468168
82,6,5818,2.7170139891760696
83,6,5819,2.723177444367182
84,6,5820,2.6841600026403154
85,6,5821,2.672874616725104
86,6,5822,2.741021962392898
87,6,5823,2.7611054238818933
88,6,5824,2.6046480791909357
89,6,5825,2.768011314528329
90,6,5826,2.852293576513018
91,6,5827,2.8363323495501565
92,6,5828,2.707749335538773
93,6,5829,2.8263745024090716
94,6,5830,2.672647254807609
95,6,5831,2.8618900179862976
96,6,5832,2.7027148746308827
97,6,5833,2.680295047305879
98,6,5834,2.7116750563893994
99,6,5835,2.702222344421205
100,6,5836,2.8850986616952077
101,6,5837,2.7639416399456205
102,6,5838,2.6339795532680697
103,6,5839,2.727792126791818
104,6,5840,2.6577065473511103
105,6,5841,2.7668881586619785
106,6,5842,2.8686290979385376
107,6,5843,2.819765573456174
108,6,5844,2.7577929156167165
109,6,5845,2.729635794957479
110,6,5846,2.65923687957582
111,6,5847,2.766892643201918
112,6,5848,2.7760620173953825
113,6,5849,2.8186809108370827
114,6,5850,2.598882590021406
115,6,5851,2.821021556854248
116,6,5852,2.806826807203747
117,6,5853,2.7217915256818133
118,6,5854,2.657328822783061
119,6,5855,2.859944045543671
120,6,5856,2.872313590276809
121,6,5857,2.7723981766473673
122,6,5858,2.738400868007115
123,6,5859,2.7716056505839033
124,6,5860,2.7261657828376404
125,6,5861,2.7832011949448363
126,6,5862,2.7597466593696955
127,6,5863,2.7850312562215893
128,6,5864,2.780035087040493
129,6,5865,2.719012334233239
130,6,5866,2.7080045455978037
131,6,5867,2.671621873265221
132,6,5868,2.561035735266549
133,6,5869,2.8995398822284875
134,6,5870,2.8227320483752654
135,6,5871,2.723253184840792
136,6,5872,2.8180075316202076
137,6,5873,2.681314241318476
138,6,5874,2.719146609306335
139,6,5875,2.6727845952624367
140,6,5876,2.878643444606236
141,6,5877,2.8601964314778643
142,6,5878,2.631059791360582
143,6,5879,2.8180944238390238
144,6,5880,2.74208474726904
145,6,5881,2.6701190216200685
146,6,5882,2.7924658968335105
147,6,5883,2.7318903519993736
148,6,5884,2.741654782068162
149,6,5885,2.659290841647557
150,6,5886,2.664657365708124
151,6,5887,2.7244928195362994
152,6,5888,2.741619694800604
153,6,5889,2.7692744930585222
154,6,5890,2.728647408031282
155,6,5891,2.7681286334991455
156,6,5892,2.7678370021638417
157,6,5893,2.686669940040225
158,6,5894,2.6977777679761257
159,6,5895,2.7890058642341975
160,6,5896,2.690140729858762
161,6,5897,2.8273537499564037
162,6,5898,2.6973373265493485
163,6,5899,2.715765480484281
164,6,5900,2.771721124649048
165,6,5901,2.7540567290215265
166,6,5902,2.6099873128391446
167,6,5903,2.662687676293509
168,6,5904,2.768766874358767
169,6,5905,2.746549549556914
170,6,5906,2.778786999838693
171,6,5907,2.8857910462788174
172,6,5908,2.6809644642330355
173,6,5909,2.7877873920259026
174,6,5910,2.748397628466288
175,6,5911,2.7873896473929993
176,6,5912,2.907855204173497
177,6,5913,2.723619086401803
178,6,5914,2.810152042479742
179,6,5915,2.6450636443637667
180,6,5916,2.6494691400300896
181,6,5917,2.677831246739342
182,6,5918,2.772273793106988
183,6,5919,2.6833962429137452
184,6,5920,2.8653763135274253
185,6,5921,2.744446785677047
186,6,5922,2.75949646177746
187,6,5923,2.7518153446061273
188,6,5924,2.652255518095834
189,6,5925,2.6612925699778964
190,6,5926,2.8464392026265464
191,6,5927,2.7325038739613126
192,6,5928,2.555084103629703
193,6,5929,2.6396348703475225
194,6,5930,2.8566803137461347
195,6,5931,2.7461840113004055
196,6,5932,2.7429348287128263
197,6,5933,2.707037275745755
198,6,5934,2.7058221499125166
199,6,5935,2.799292269207182
200,6,5936,2.8631428650447304
201,6,5937,2.855717346781776
202,6,5938,2.748996578511737
203,6,5939,2.8100395827066333
204,6,5940,2.728538132849194
205,6,5941,2.7431817792710804
206,6,5942,2.7387459448405678
207,6,5943,2.67945038704645
208,6,5944,2.7144895337876824
209,6,5945,2.827518219039553
210,6,5946,2.7133344695681614
211,6,5947,2.757682408605304
212,6,5948,2.7814543020157587
213,6,5949,2.809598871639796
214,6,5950,2.7255266422317144
215,6,5951,2.635443352517628
216,6,5952,2.7392880348932174
217,6,5953,2.959996019090925
218,6,5954,2.737019402640206
219,6,5955,2.724012647356306
220,6,5956,2.7947129919415428
221,6,5957,2.7041001036053616
222,6,5958,2.7372312091645736
223,6,5959,2.7058265663328624
224,6,5960,2.7298741425786694
225,6,5961,2.63202508858272
226,6,5962,2.741487855002994
227,6,5963,2.7196188540685746
228,6,5964,2.690599651563735
229,6,5965,2.6938561683609374
230,6,5966,2.772482679003761
231,6,5967,2.8409364195097053
232,6,5968,2.717837225823175
233,6,5969,2.7991767355373924
234,6,5970,2.866824916430882
235,6,5971,2.735896207037426
236,6,5972,2.7989639214106963
237,6,5973,2.7114658526011874
238,6,5974,2.7437099729265495
239,6,5975,2.7322727044423427
240,6,5976,2.68082449833552
241,6,5977,2.7663331883294244
242,6,5978,2.789634420758202
243,6,5979,2.6280177888416114
244,6,5980,2.6979880900610063
245,6,5981,2.8396579311007546
246,6,5982,2.831326027711232
247,6,5983,2.7406293324061797
248,6,5984,2.6489918175197777
249,6,5985,2.6700055939810614
250,6,5986,2.7343064546585083
251,6,5987,2.7643421831585115
252,6,5988,2.7956248237973176
253,6,5989,2.767223650500888
254,6,5990,2.8160911401112867
255,6,5991,2.737824178877331
256,6,5992,2.7095213163466685
257,6,5993,2.6980378571010775
258,6,5994,2.8459063314256214
259,6,5995,2.754031242359252
260,6,5996,2.6889689905302867
261,6,5997,2.761820310638065
262,6,5998,2.737244980675834
263,6,5999,2.5287177193732493
264,6,6000,2.7950391428811208
265,6,6001,2.7509362867900298
266,6,6002,2.8551765623546776
267,6,6003,2.7264147883369807
268,6,6004,2.6304188228788834
269,6,6005,2.7868333089919317
270,6,6006,2.764988899230957
271,6,6007,2.713776599793207
272,6,6008,2.7537463506062827
273,6,6009,2.858428075200035
274,6,6010,2.7284997190747937
275,6,6011,2.794257893448784
276,6,6012,2.7860820690790815
277,6,6013,2.7681310829662147
278,6,6014,2.724201139949617
279,6,6015,2.8713864939553404
280,6,6016,2.7323628436951406
281,6,6017,2.812021709623791
282,6,6018,2.7858367902891983
283,6,6019,2.687747447263627
284,6,6020,2.8246618452526278
285,6,6021,2.6667233478455317
286,6,6022,2.7576453941208974
287,6,6023,2.855029685156686
288,6,6024,2.738990687188649
289,6,6025,2.706328673022134
290,6,6026,2.605833467983064
291,6,6027,2.8684905653908133
292,6,6028,2.7362251508803594
293,6,6029,2.744802645274571
294,6,6030,2.7168966872351508
295,6,6031,2.7916661245482306
296,6,6032,2.7930308495249063
297,6,6033,2.891171387263706
298,6,6034,2.7112479664030533
299,6,6035,2.733787354968843
300,6,6036,2.7356733764920915
301,6,6037,2.7790680953434537
302,6,6038,2.747274662767138
303,6,6039,2.823884481475466
304,6,6040,2.781468936375209
305,6,6041,2.8715515534083047
306,6,6042,2.765721922829038
307,6,6043,2.8179834286371865
308,6,6044,2.7014999701863243
309,6,6045,2.7246413287662326
310,6,6046,2.658243965534936
311,6,6047,2.690535653205145
312,6,6048,2.71578556015378
313,6,6049,2.704565002804711
314,6,6050,2.885126829147339
315,6,6051,2.744287803059532
316,6,6052,2.7152443187577386
317,6,6053,2.674351760319301
318,6,6054,2.7721932161422003
319,6,6055,2.792916439828419
320,6,6056,2.6665856809843156
321,6,6057,2.7928551265171597
322,6,6058,2.8893353428159454
323,6,6059,2.7775327705201645
324,6,6060,2.877296334221249
325,6,6061,2.732526466959999
326,6,6062,2.8398505420911886
327,6,6063,2.7350765778904873
328,6,6064,2.8297842116582963
329,6,6065,2.6183932906105403
330,6,6066,2.7151543753487717
331,6,6067,2.853798605146862
332,6,6068,2.6905125975608826
333,6,6069,2.66303692261378
334,6,6070,2.8776821295420327
335,6,6071,2.81276794274648
336,6,6072,2.7232402165730796
337,6,6073,2.8925408522288
338,6,6074,2.7511218899772274
339,6,6075,2.7820705629530407
340,6,6076,2.6492513020833335
341,6,6077,2.8320605158805847
342,6,6078,2.7058096442903787
343,6,6079,2.657043630168551
344,6,6080,2.769838838350205
345,6,6081,2.7164291881379627
346,6,6082,2.769183085078285
347,6,6083,2.7873300143650606
348,6,6084,2.801260051273164
349,6,6085,2.6993478139241542
350,6,6086,2.8118349767866584
351,6,6087,2.7686955247606555
352,6,6088,2.7842192962056105
353,6,6089,2.7903197152273993
354,6,6090,2.713647521677471
355,6,6091,2.7115243503025592
356,6,6092,2.7220272677285324
357,6,6093,2.698872949395861
358,6,6094,2.802441367081233
359,6,6095,2.784788608551026
360,6,6096,2.7721136127199437
361,6,6097,2.8634801648911976
362,6,6098,2.7728705235889977
363,6,6099,2.8668994108835855
364,6,6100,2.783987814471835
365,6,6101,2.785036149479094
366,6,6102,2.654670701140449
367,6,6103,2.7557001397723244
368,6,6104,2.679621040821075
369,6,6105,2.630745603924706
370,6,6106,2.634410983040219
371,6,6107,2.7488471297990706
372,6,6108,2.885236365454538
373,6,6109,2.9060127167474663
374,6,6110,2.663935823099954
375,6,6111,2.754176679111662
376,6,6112,2.6257161980583548
377,6,6113,2.778433217888787
378,6,6114,2.7809071115085056
379,6,6115,2.781031739144098
380,6,6116,2.855257829030355
381,6,6117,2.709493903886704
382,6,6118,2.6719941354933243
383,6,6119,2.8260575987043834
384,6,6120,2.7881068984667468
385,6,6121,2.682715623151689
386,6,6122,2.8277506601242797
387,6,6123,2.8430019361632204
388,6,6124,2.7747572490147183
389,6,6125,2.693032826696123
390,6,6126,2.752591984612601
391,6,6127,2.788367208980378
392,6,6128,2.8604615018481296
393,6,6129,2.797460470880781
394,6,6130,2.680504375980014
395,6,6131,2.8224346353894187
396,6,6132,2.7901454255694427
397,6,6133,2.8213075853529426
398,6,6134,2.7845232600257512
399,6,6135,2.6947096245629445
400,6,6136,2.680708198320298
401,6,6137,2.7431681695438566
402,6,6138,2.7980264851025165
403,6,6139,2.7760511750266668
404,6,6140,2.6277890035084317
405,6,6141,2.8589585962749657
406,6,6142,2.7372966493879045
407,6,6143,2.840478672867729
408,6,6144,2.7252340032940827
409,6,6145,2.7948018766584855
410,6,6146,2.80456108706338
411,6,6147,2.636105526061285
412,6,6148,2.8122065975552513
413,6,6149,2.7413842280705776
414,6,6150,2.780467337086087
415,6,6151,2.743259872709002
416,6,6152,2.702576137724377
417,6,6153,2.755895092373802
418,6,6154,2.8319395780563346
419,6,6155,2.683251368147986
420,6,6156,2.664901591482616
421,6,6157,2.772081221852984
422,6,6158,2.7815391733532864
423,6,6159,2.826463727723985
424,6,6160,2.737511166504451
425,6,6161,2.617058421884264
426,6,6162,2.8686665012722927
427,6,6163,2.7713076869646707
428,6,6164,2.7296364733151037
429,6,6165,2.7490211185954863
430,6,6166,2.614309335038776
431,6,6167,2.787846846239907
432,6,6168,2.8259883608136858
433,6,6169,2.804585104896909
434,6,6170,2.7581080141521634
435,6,6171,2.791925623303368
436,6,6172,2.775203267733256
437,6,6173,2.774578281811306
438,6,6174,2.7389901223636812
439,6,6175,2.673912049759002
440,6,6176,2.618702281089056
441,6,6177,2.736466016088213
442,6,6178,2.7304095370428905
443,6,6179,2.782202984605517
444,6,6180,2.8173214821588424
445,6,6181,2.7708295754023955
446,6,6182,2.8134877057302563
447,6,6183,2.701365539005825
448,6,6184,2.769903918107351
449,6,6185,2.6910013187499273
450,6,6186,2.818668683369955
451,6,6187,2.7674796524501986
452,6,6188,2.8778235656874527
453,6,6189,2.7850429898216613
454,6,6190,2.68746565920966
455,6,6191,2.704504875909714
456,6,6192,2.6573559102557955
457,6,6193,2.8150869238944276
458,6,6194,2.7246788683391747
459,6,6195,2.7876980106035862
460,6,6196,2.6935045775913062
461,6,6197,2.7531003270830428
462,6,6198,2.842537630172003
463,6,6199,2.7658568989662893
464,6,6200,2.774467825889588
465,6,6201,2.6544356757686254
466,6,6202,2.8475027311415904
467,6,6203,2.676592730340503
468,6,6204,2.7245507807958695
469,6,6205,2.6109928971245178
470,6,6206,2.8305184557324363
471,6,6207,2.7671080032984414
472,6,6208,2.7699295963559836
473,6,6209,2.80234082823708
474,6,6210,2.6852783929734
475,6,6211,2.7750489938826783
476,6,6212,2.6405818746203473
477,6,6213,2.8105067071460543
478,6,6214,2.7555675875572936
479,6,6215,2.8492651837212697
480,6,6216,2.711110285350255
481,6,6217,2.7975395917892456
482,6,6218,2.7740747077124452
483,6,6219,2.7865730524063115
484,6,6220,2.8193153029396427
485,6,6221,2.775349574429649
486,6,6222,2.6635801905677434
487,6,6223,2.7423504080091194
488,6,6224,2.695493505114601
489,6,6225,2.782788648491814
490,6,6226,2.710393780753726
491,6,6227,2.739240722996848
492,6,6228,2.6012987920216157
493,6,6229,2.7295131626583284
494,6,6230,2.6687156018756686
495,6,6231,2.7634730225517643
496,6,6232,2.6636123486927574
497,6,6233,2.7177075658525736
498,6,6234,2.7875252224150158
499,6,6235,2.897179824965341
500,6,6236,2.820088298547836
501,6,6237,2.7475788763591225
502,6,6238,2.6823968858945935
503,6,6239,2.8560150010245193
504,6,6240,2.7689490261532015
505,6,6241,2.784832488922846
506,6,6242,2.760205637840998
507,6,6243,2.6848171324956986
508,6,6244,2.783904552459717
509,6,6245,2.694686844235375
510,6,6246,2.859033107757569
511,6,6247,2.605721934920266
512,6,6248,2.764126408667791
513,6,6249,2.691775060835339
514,6,6250,2.6706891003109163
515,6,6251,2.80785843588057
516,6,6252,2.8716598238263806
517,6,6253,2.737145299003238
518,6,6254,2.6610394829795476
519,6,6255,2.749166738419306
520,6,6256,2.6778362364996053
521,6,6257,2.573567055520557
522,6,6258,2.7126135428746543
523,6,6259,2.75256211417062
524,6,6260,2.824911668187096
525,6,6261,2.73760035492125
526,6,6262,2.7581562768845336
527,6,6263,2.773125949360075
528,6,6264,2.731287638346354
529,6,6265,2.608001215117318
530,6,6266,2.7867436068398614
531,6,6267,2.638974218141465
532,6,6268,2.7157195068541022
533,6,6269,2.6635070585069194
534,6,6270,2.742559064002264
535,6,6271,2.731008495603289
536,6,6272,2.8150313837187633
537,6,6273,2.773009890601748
538,6,6274,2.7951901356379185
539,6,6275,2.8368982303710206
540,6,6276,2.7247485773903986
541,6,6277,2.6873665083022344
542,6,6278,2.8612717134611954
543,6,6279,2.6975172190439136
544,6,6280,2.6161629387310574
545,6,6281,2.6639912014915827
546,6,6282,2.77001930986132
547,6,6283,2.687916568347386
548,6,6284,2.787208557128907
549,6,6285,2.7998931691760105
550,6,6286,2.6263832478296187
551,6,6287,2.7652042082377837
552,6,6288,2.8436820223217922
553,6,6289,2.754839343684061
554,6,6290,2.6803651224999205
555,6,6291,2.7446738367988948
556,6,6292,2.737503454798744
557,6,6293,2.6701698303222656
558,6,6294,2.79514141309829
559,6,6295,2.873674159958249
560,6,6296,2.738938053448994
561,6,6297,2.746384580930074
562,6,6298,2.8426226774851484
563,6,6299,2.6571633531933734
564,6,6300,2.8552178087688627
565,6,6301,2.7787618069421676
566,6,6302,2.7486685173852106
567,6,6303,2.7508295064880737
568,6,6304,2.659583137148903
569,6,6305,2.6880605731691634
570,6,6306,2.645291033245269
571,6,6307,2.6696091379438127
572,6,6308,2.8023641648746667
573,6,6309,2.7757648626963296
574,6,6310,2.677238262835003
575,6,6311,2.838237603505452
576,6,6312,2.6919627728916353
577,6,6313,2.776942253112792
578,6,6314,2.8459038337071743
579,6,6315,2.6878616355714344
580,6,6316,2.6529734645571024
581,6,6317,2.624970915771666
582,6,6318,2.7665353502546037
583,6,6319,2.8140668074289956
584,6,6320,2.758384920301892
585,6,6321,2.830094419774555
586,6,6322,2.8719396789868674
587,6,6323,2.7190821170806885
588,6,6324,2.6620028416315713
589,6,6325,2.7246308497020175
590,6,6326,2.7801676818302696
591,6,6327,2.6155582623822347
592,6,6328,2.679696457726615
593,6,6329,2.648055797531491
594,6,6330,2.6132971786317367
595,6,6331,2.7294448897952117
596,6,6332,2.775273640950521
597,6,6333,2.6129066206160045
598,6,6334,2.6588884024393
599,6,6335,2.6454829460098632
600,6,6336,2.7731284130187257
601,6,6337,2.658286077635629
602,6,6338,2.7375427967026122
603,6,6339,2.785041093826294
604,6,6340,2.7433019422349476
605,6,6341,2.7651046145529974
606,6,6342,2.681233122235253
607,6,6343,2.7119938702810376
608,6,6344,2.8537226915359497
609,6,6345,2.70391515323094
610,6,6346,2.8126761005038308
611,6,6347,2.7020787539936246
612,6,6348,2.7588804335821244
613,6,6349,2.684839407602946
614,6,6350,2.6690006596701488
615,6,6351,2.837342091969081
616,6,6352,2.7274669068200246
617,6,6353,2.840676744778951
618,6,6354,2.783006100427536
619,6,6355,2.787464226995196
620,6,6356,2.749054202011653
621,6,6357,2.754894787356967
622,6,6358,2.644963119711195
623,6,6359,2.7071297849927634
624,6,6360,2.7493572717621206
625,6,6361,2.715433580534799
626,6,6362,2.717838608083271
627,6,6363,2.8962749384698414
628,6,6364,2.715558205332075
629,6,6365,2.771183394250415
630,6,6366,2.8201030549548918
631,6,6367,2.729027603353772
632,6,6368,2.8262773071016585
633,6,6369,2.804696639378865
634,6,6370,2.6310564676920576
635,6,6371,2.745817760626475
636,6,6372,2.752885370027452
637,6,6373,2.7692457891645885
638,6,6374,2.6622821262904575
639,6,6375,2.771076560020447
640,6,6376,2.758475666954404
641,6,6377,2.879240047364007
642,6,6378,2.72210389091855
643,6,6379,2.786379848207746
644,6,6380,2.6608018307458785
645,6,6381,2.82006117275783
646,6,6382,2.78215031396775
647,6,6383,2.769719770976475
648,6,6384,2.8041089319047474
649,6,6385,2.7585892790839783
650,6,6386,2.7648743561335976
651,6,6387,2.7271954303696044
652,6,6388,2.8394334259487337
653,6,6389,2.794723204204014
654,6,6390,2.6780443674042114
655,6,6391,2.6937775498344787
656,6,6392,2.8331320115498135
657,6,6393,2.740841962042309
658,6,6394,2.750151339031401
659,6,6395,2.742882359595526
660,6,6396,2.663795000030881
661,6,6397,2.82546828758149
662,6,6398,2.8626267853237333
663,6,6399,2.7148529347919275
664,6,6400,2.649363435450054
665,6,6401,2.754657836187453
666,6,6402,2.7659596289907187
667,6,6403,2.8398728768030796
668,6,6404,2.6675541457675753
669,6,6405,2.8024369733674184
670,6,6406,2.6295687584649947
671,6,6407,2.5777729153633118
672,6,6408,2.7606366532189504
673,6,6409,2.7876337255750383
674,6,6410,2.8361371642067312
675,6,6411,2.742097468603225
676,6,6412,2.7337127157620023
677,6,6413,2.78265122572581
678,6,6414,2.7322235561552497
679,6,6415,2.772863223439171
680,6,6416,2.7095019533520652
681,6,6417,2.7563666672933675
682,6,6418,2.725724729753676
683,6,6419,2.8346705720538186
684,6,6420,2.7229897237959357
685,6,6421,2.7188868948391507
686,6,6422,2.6794171106247675
687,6,6423,2.831560435749236
688,6,6424,2.7893475095431004
689,6,6425,2.675480331693377
690,6,6426,2.7564991882869174
691,6,6427,2.8397702546346757
692,6,6428,2.6528843584514803
693,6,6429,2.8105265413011824
694,6,6430,2.604629783403306
695,6,6431,2.6725350107465466
696,6,6432,2.6352742030507046
697,6,6433,2.780149425779069
698,6,6434,2.7387546187355407
699,6,6435,2.726586764767056
700,6,6436,2.7061760312034964
701,6,6437,2.6381960936955036
702,6,6438,2.7212143597148715
703,6,6439,2.6703189866883412
704,6,6440,2.6599067506336027
705,6,6441,2.856843846184867
706,6,6442,2.79837034145991
707,6,6443,2.71885183311644
708,6,6444,2.5991662229810446
709,6,6445,2.6405397596813382
710,6,6446,2.727976191611517
711,6,6447,2.8095252854483466
712,6,6448,2.7038357428142006
713,6,6449,2.749042306627546
714,6,6450,2.715091316472917
715,6,6451,2.8145616707347685
716,6,6452,2.6922485544568024
717,6,6453,2.774761801674253
718,6,6454,2.735665690331232
719,6,6455,2.8188743988672895
720,6,6456,2.7678224699837815
721,6,6457,2.612252062275296
722,6,6458,2.7424527974355786
723,6,6459,2.763999780019124
724,6,6460,2.7319894319488895
725,6,6461,2.660367886225383
726,6,6462,2.7515491020111815
727,6,6463,2.6581881330126804
728,6,6464,2.730627454462506
729,6,6465,2.7679240022386824
730,6,6466,2.7559442207926796
731,6,6467,2.701365391413371
732,6,6468,2.7907826900482178
733,6,6469,2.7979911196799505
734,6,6470,2.7371103195917037
735,6,6471,2.657027145226796
736,6,6472,2.823242204529899
737,6,6473,2.7738703205471946
738,6,6474,2.7335521096274973
739,6,6475,2.814568275497073
740,6,6476,2.7568666083472113
741,6,6477,2.7843976758775257
742,6,6478,2.821268195197696
743,6,6479,2.741695821285248
744,6,6480,2.9194334546724963
745,6,6481,2.729586904957181
746,6,6482,2.847957596892402
747,6,6483,2.756163852555411
748,6,6484,2.6964446419761297
749,6,6485,2.8039585380327137
750,6,6486,2.6671899670646306
751,6,6487,2.8143429188501266
752,6,6488,2.792476517813546
753,6,6489,2.8879320280892498
754,6,6490,2.79638459568932
755,6,6491,2.6963428258895883
756,6,6492,2.743585416248867
757,6,6493,2.782658889180138
758,6,6494,2.773965880984351
759,6,6495,2.6429479491143
760,6,6496,2.8016269036701753
761,6,6497,2.7712174937838596
762,6,6498,2.7885312125796364
763,6,6499,2.6836664392834617
764,6,6500,2.6296171631131857
765,6,6501,2.7532292888278054
766,6,6502,2.7494998716172723
767,6,6503,2.75984267393748
768,6,6504,2.7770482017880393
769,6,6505,2.6756423399561933
770,6,6506,2.735991724899837
771,6,6507,2.723110181944711
772,6,6508,2.7679633100827536
773,6,6509,2.7801288082486115
774,6,6510,2.657992924962725
775,6,6511,2.832231118565514
776,6,6512,2.6598008700779503
777,6,6513,2.7494054578599476
778,6,6514,2.860531012217204
779,6,6515,2.6922466811679655
780,6,6516,2.663326961653573
781,6,6517,2.723538097881135
782,6,6518,2.6782782531919938
783,6,6519,2.6015860949243814
784,6,6520,2.7286812350863507
785,6,6521,2.683996546836126
786,6,6522,2.7303151601836793
787,6,6523,2.7193625938324706
788,6,6524,2.669408593858992
789,6,6525,2.6788624808901838
790,6,6526,2.7930606319790794
791,6,6527,2.6681154568990073
792,6,6528,2.7585171404339013
793,6,6529,2.6818914044471014
794,6,6530,2.7394292184284756
795,6,6531,2.780321887561253
796,6,6532,2.8284985508237566
797,6,6533,2.8815615971883135
798,6,6534,2.8100869002796354
799,6,6535,2.646879179137093
800,6,6536,2.694560331957681
801,6,6537,2.737572107996259
802,6,6538,2.881275239444914
803,6,6539,2.6763093499910258
804,6,6540,2.815962626820519
805,6,6541,2.7364556647482368
806,6,6542,2.802294555164519
807,6,6543,2.721790824617658
808,6,6544,2.779442804200308
809,6,6545,2.783548284144628
810,6,6546,2.7526888506753107
811,6,6547,2.802594176360539
812,6,6548,2.7036538805280412
813,6,6549,2.67740117368244
814,6,6550,2.8583484036581854
815,6,6551,2.7012619830313183
816,6,6552,2.673714359601339
817,6,6553,2.6895824216660995
818,6,6554,2.922264487970443
819,6,6555,2.7367148001988726
820,6,6556,2.74130445151102
821,6,6557,2.7669261183057516
822,6,6558,2.6606482267379765
823,6,6559,2.6615371760867896
824,6,6560,2.8436852636791414
825,6,6561,2.8191027584530053
826,6,6562,2.7716457418033063
827,6,6563,2.784528096516927
828,6,6564,2.7011470964976723
829,6,6565,2.7617847578866135
830,6,6566,2.735458717459724
831,6,6567,2.7301464421408514
832,6,6568,2.7851372673397976
833,6,6569,2.7974343924295333
834,6,6570,2.722392820176624
835,6,6571,2.6362055540084834
836,6,6572,2.7426810236204235
837,6,6573,2.8055145059313094
838,6,6574,2.802756110827128
839,6,6575,2.854932041395278
840,6,6576,2.773274200303214
841,6,6577,2.8048746529079622
842,6,6578,2.7760981888998124
843,6,6579,2.696659721079327
844,6,6580,2.759745404833839
845,6,6581,2.855410368669601
846,6,6582,2.7093536513192316
847,6,6583,2.7788523038228354
848,6,6584,2.6998813265845887
849,6,6585,2.6635992754073365
850,6,6586,2.7256378673371815
851,6,6587,2.7754601978120346
852,6,6588,2.841872555868967
853,6,6589,2.7819360778445295
854,6,6590,2.7500829980486916
855,6,6591,2.8222779347783047
856,6,6592,2.7297599145344327
857,6,6593,2.661050932747977
858,6,6594,2.692220208190736
859,6,6595,2.7328516159738814
860,6,6596,2.7150153716405234
861,6,6597,2.8380213635308404
862,6,6598,2.861885876882644
863,6,6599,2.797358155250549
864,6,6600,2.5951103255862287
865,6,6601,2.7362594661258517
866,6,6602,2.7362516692706516
867,6,6603,2.706117967764536
868,6,6604,2.573357618990398
869,6,6605,2.758609198388599
870,6,6606,2.7491189354941956
871,6,6607,2.731077764715467
872,6,6608,2.696969270706177
873,6,6609,2.688949267069499
874,6,6610,2.625640460423061
875,6,6611,2.757406399363563
876,6,6612,2.767491079512096
877,6,6613,2.8968670822325198
878,6,6614,2.817617416381836
879,6,6615,2.807329552514212
880,6,6616,2.8358445962270102
881,6,6617,2.735036742119562
882,6,6618,2.7999258041381836
883,6,6619,2.6572137389864237
884,6,6620,2.685768138794672
885,6,6621,2.781912352357593
886,6,6622,2.7253716758319313
887,6,6623,2.638293680690584
888,6,6624,2.7865240119752426
889,6,6625,2.6878475972584313
890,6,6626,2.629928401538304
891,6,6627,2.7153493364651995
892,6,6628,2.85101242292495
893,6,6629,2.85279951776777
894,6,6630,2.7095125629788352
895,6,6631,2.6711922798837935
896,6,6632,2.880445332754226
897,6,6633,2.6959790615808394
898,6,6634,2.7351439879054116
899,6,6635,2.740583459536235
900,6,6636,2.7679938588823587
901,6,6637,2.7413432314282367
902,6,6638,2.7691817652611506
903,6,6639,2.7647643940789353
904,6,6640,2.601972264902933
905,6,6641,2.781536420186361
906,6,6642,2.743380966640654
907,6,6643,2.864886862891061
908,6,6644,2.7090481917063394
909,6,6645,2.6852116925375804
910,6,6646,2.6783259482610795
911,6,6647,2.8082299856912525
912,6,6648,2.6569703306470602
913,6,6649,2.6399057961645584
914,6,6650,2.757956340199425
915,6,6651,2.5894876718521123
916,6,6652,2.596189249129522
917,6,6653,2.719164888064067
918,6,6654,2.697637336594718
919,6,6655,2.7302685323215665
920,6,6656,2.6574843894867675
921,6,6657,2.609049042065938
922,6,6658,2.6529852918216164
923,6,6659,2.808702531315031
924,6,6660,2.636931847958338
925,6,6661,2.7402526991707945
926,6,6662,2.754138120583125
927,6,6663,2.7780833982286
928,6,6664,2.809445369811285
929,6,6665,2.7148860749744235
930,6,6666,2.59616683494477
931,6,6667,2.7715003547214323
932,6,6668,2.64302054473332
933,6,6669,2.6506846149762473
934,6,6670,2.7376881326947893
935,6,6671,2.7461658631052295
936,6,6672,2.692884711992173
937,6,6673,2.7298323512077327
938,6,6674,2.6358196990830556
939,6,6675,2.8257262337775453
940,6,6676,2.6539868315060935
941,6,6677,2.835647739115215
942,6,6678,2.6936905667895368
943,6,6679,2.6959918737411495
944,6,6680,2.749495954740615
945,6,6681,2.8612177144913447
946,6,6682,2.7782156580970394
947,6,6683,2.70708623954228
948,6,6684,2.690209916659763
949,6,6685,2.7735417967750915
950,6,6686,2.654286960760752
951,6,6687,2.745624440056937
952,6,6688,2.8002564282644364
953,6,6689,2.8015855238551186
954,6,6690,2.7481518245878678
955,6,6691,2.611963145789646
956,6,6692,2.778764631067003
957,6,6693,2.708874878429231
958,6,6694,2.746420292627244
959,6,6695,2.791598050367264
960,6,6696,2.744792177563622
961,6,6697,2.7639748198645457
962,6,6698,2.7630919388362343
963,6,6699,2.6113614354814803
964,6,6700,2.7736697565941584
965,6,6701,2.667045300915128
966,6,6702,2.634118977047149
967,6,6703,2.6445886663028166
968,6,6704,2.6905275072370256
969,6,6705,2.7274206138792487
970,6,6706,2.759191779863267
971,6,6707,2.697179870946067
972,6,6708,2.749581529980614
973,6,6709,2.8301782806714373
974,6,6710,2.7746105932054066
975,6,6711,2.621704612459455
976,6,6712,2.8195880027044384
977,6,6713,2.7338370453743708
978,6,6714,2.738179842631022
979,6,6715,2.756032603127615
980,6,6716,2.7660829680306573
981,6,6717,2.705033202966054
982,6,6718,2.8508786473955428
983,6,6719,2.905007169360207
984,6,6720,2.7255380721319287
985,6,6721,2.7068218106315243
986,6,6722,2.7182157777604603
987,6,6723,2.75485380490621
988,6,6724,2.7109202884492416
989,6,6725,2.782612505413237
990,6,6726,2.7225148237886883
991,6,6727,2.757774455206735
992,6,6728,2.620887727964492
993,6,6729,2.70310096797489
994,6,6730,2.7268869422730946
995,6,6731,2.6494814129102795
996,6,6732,2.6980893924122764
997,6,6733,2.8137334471657165
998,6,6734,2.7229695802643183
999,6,6735,2.745914402462187
1000,6,6736,2.6113429949397133
1001,6,6737,2.815667158081418
1002,6,6738,2.701626851445153
1003,6,6739,2.7945903426124934
1004,6,6740,2.6965936933244983
1005,6,6741,2.713687709399632
1006,6,6742,2.772934113230024
1007,6,6743,2.6583339486803323
1008,6,6744,2.80922505117598
1009,6,6745,2.7072106486275076
1010,6,6746,2.7603058843385613
1011,6,6747,2.7722939990815663
1012,6,6748,2.7636672598975043
1013,6,6749,2.7749060676211403
1014,6,6750,2.663243759246099
1015,6,6751,2.8437254428863525
1016,6,6752,2.621195798828488
1017,6,6753,2.81110125496274
1018,6,6754,2.616582027503423
1019,6,6755,2.7335698207219443
1020,6,6756,2.674520242781866
1021,6,6757,2.7493271061352313
1022,6,6758,2.8271215813500543
1023,6,6759,2.766624798377355
1024,6,6760,2.833973881744203
1025,6,6761,2.811429988770258
1026,6,6762,2.710826493444897
1027,6,6763,2.7137499820618403
1028,6,6764,2.809498542831058
1029,6,6765,2.7457729918616156
1030,6,6766,2.749588622933342
1031,6,6767,2.5531661567233854
1032,6,6768,2.72466432480585
1033,6,6769,2.7324749685469127
1034,6,6770,2.682878153664725
1035,6,6771,2.7823516868409657
1036,6,6772,2.842960851533072
1037,6,6773,2.784310817718506
1038,6,6774,2.754346603438967
1039,6,6775,2.7516789578256153
1040,6,6776,2.7590898672739668
1041,6,6777,2.7567444415319526
1042,6,6778,2.6853717281704865
1043,6,6779,2.6936989710444497
1044,6,6780,2.6710951796599796
1045,6,6781,2.7994358142216997
1046,6,6782,2.793264014380319
1047,6,6783,2.6503676403136485
1048,6,6784,2.7279546885263346
1049,6,6785,2.6060891775857837
1050,6,6786,2.750300132092976
1051,6,6787,2.68601325580052
1052,6,6788,2.7037149554207214
1053,6,6789,2.7023638940992805
1054,6,6790,2.681323448816935
1055,6,6791,2.6796084755942933
1056,6,6792,2.881237574986049
1057,6,6793,2.7353255237851823
1058,6,6794,2.687401669366019
1059,6,6795,2.7781009730838595
1060,6,6796,2.6591817310878207
1061,6,6797,2.6795954988116306
1062,6,6798,2.7139327213877724
1063,6,6799,2.882199341342563
1064,6,6800,2.7216446456455046
1065,6,6801,2.8485779478436424
1066,6,6802,2.74114465713501
1067,6,6803,2.7137164061977748
1068,6,6804,2.7282755772272744
1069,6,6805,2.8280586259705682
1070,6,6806,2.771742443243663
1071,6,6807,2.6761233863376432
1072,6,6808,2.7090344201950796
1073,6,6809,2.7170369284493576
1074,6,6810,2.8362489995502287
1075,6,6811,2.7020181928362166
1076,6,6812,2.7346864200773693
1077,6,6813,2.7443854468209405
1078,6,6814,2.856422605968657
1079,6,6815,2.548425603480566
1080,6,6816,2.7798167495500476
1081,6,6817,2.8375164951596936
1082,6,6818,2.8478006862458733
1083,6,6819,2.802189128739493
1084,6,6820,2.735974930581592
1085,6,6821,2.694168772016252
1086,6,6822,2.756198338099889
1087,6,6823,2.755102674166362
1088,6,6824,2.7768597148713607
1089,6,6825,2.839874312991188
1090,6,6826,2.7383793989817304
1091,6,6827,2.830111412774949
1092,6,6828,2.7416116141137623
1093,6,6829,2.7710367157345726
1094,6,6830,2.6593411905424933
1095,6,6831,2.6943807828994024
1096,6,6832,2.5979507849329986
1097,6,6833,2.6214562995093216
1098,6,6834,2.763379817917234
1099,6,6835,2.6597553491592403
1100,6,6836,2.77643827029637
1101,6,6837,2.6715901522409347
1102,6,6838,2.723079601923625
1103,6,6839,2.7774535985220044
1104,6,6840,2.803665206545875
1105,6,6841,2.83299594266074
1106,6,6842,2.6907331971895125
1107,6,6843,2.8281077316829135
1108,6,6844,2.6529476869673956
1109,6,6845,2.6677120469865345
1110,6,6846,2.67031573113941
1111,6,6847,2.789729629244123
1112,6,6848,2.7873935472397577
1113,6,6849,2.6459075950440907
1114,6,6850,2.6540888093766712
1115,6,6851,2.704832917168027
1116,6,6852,2.7222727338472996
1117,6,6853,2.621912706465948
1118,6,6854,2.7186346394675116
1119,6,6855,2.588149104799543
1120,6,6856,2.767191549142202
1121,6,6857,2.827192005657014
1122,6,6858,2.683085674331301
1123,6,6859,2.807464554196312
1124,6,6860,2.74988884017581
1125,6,6861,2.769477807340168
1126,6,6862,2.6393862792423795
1127,6,6863,2.669860927831559
1128,6,6864,2.643527394249326
1129,6,6865,2.7055912670635043
1130,6,6866,2.65840955007644
1131,6,6867,2.694760989575159
1132,6,6868,2.796979370571319
1133,6,6869,2.684272487958272
1134,6,6870,2.767211559272948
1135,6,6871,2.615039717583429
1136,6,6872,2.6464621850422443
1137,6,6873,2.7100901149568104
1138,6,6874,2.7959430160976595
1139,6,6875,2.6009925376801264
1140,6,6876,2.740051258177984
1141,6,6877,2.6012803543181646
1142,6,6878,2.716964454877944
1143,6,6879,2.6883538280214583
1144,6,6880,2.6760826139223006
1145,6,6881,2.7593634270486374
1146,6,6882,2.690837519509451
