channel,epoch,max,mean,median,p10,p50,p90,side,std,step
0,0,1.1920928955078125e-07,-4.353933036327362e-08,0.0,-1.1920928955078125e-07,0.0,0.0,query,6.681251818463352e-08,0
0,0,1.7881393432617188e-07,-4.204564874044081e-08,0.0,-1.1920928955078125e-07,0.0,0.0,candidate,6.492599169405366e-08,0
1,0,1.7881393432617188e-07,-4.1211023926734924e-08,0.0,-1.1920928955078125e-07,0.0,0.0,query,6.704345167918291e-08,0
1,0,1.7881393432617188e-07,-4.2941586286815436e-08,0.0,-1.1920928955078125e-07,0.0,0.0,candidate,6.570478916501088e-08,0
2,0,1.7881393432617188e-07,-4.7497451305389404e-08,0.0,-1.1920928955078125e-07,0.0,0.0,query,6.99735736020557e-08,0
2,0,1.7881393432617188e-07,-4.350595972368865e-08,0.0,-1.1920928955078125e-07,0.0,0.0,candidate,6.506797234351325e-08,0
3,0,1.1920928955078125e-07,-4.6566128730773926e-08,0.0,-1.1920928955078125e-07,0.0,0.0,query,6.632567561837277e-08,0
3,0,1.7881393432617188e-07,-4.266645703410177e-08,0.0,-1.1920928955078125e-07,0.0,0.0,candidate,6.623710646636027e-08,0
4,0,1.1920928955078125e-07,-4.0978193283081055e-08,0.0,-1.1920928955078125e-07,0.0,0.0,query,6.49727596169214e-08,0
4,0,1.7881393432617188e-07,-4.285693222527698e-08,0.0,-1.1920928955078125e-07,0.0,0.0,candidate,6.456612311467325e-08,0
5,0,1.1920928955078125e-07,-4.330649971961975e-08,0.0,-1.1920928955078125e-07,0.0,0.0,query,6.538523678045749e-08,0
5,0,2.384185791015625e-07,-4.1996266020305484e-08,0.0,-1.1920928955078125e-07,0.0,0.0,candidate,6.410751041130425e-08,0
6,0,1.1920928955078125e-07,-3.67872416973114e-08,0.0,-1.1920928955078125e-07,0.0,0.0,query,5.977787509436894e-08,0
6,0,1.7881393432617188e-07,-4.1453059651530566e-08,0.0,-1.1920928955078125e-07,0.0,0.0,candidate,6.498966342860513e-08,0
0,1,1.0224450826644897,0.6571283340454102,0.6683893203735352,0.49583786725997925,0.6684554815292358,0.8149642944335938,query,0.12821750342845917,20
0,1,1.1232960224151611,0.6371225118637085,0.641639232635498,0.4504484236240387,0.641639232635498,0.8154536485671997,candidate,0.13895021378993988,20
1,1,1.0127694606781006,0.6641228199005127,0.6779786944389343,0.45992302894592285,0.678504228591919,0.8731145858764648,query,0.15586529672145844,20
1,1,1.1368329524993896,0.6211256384849548,0.6196253895759583,0.42543303966522217,0.6196253895759583,0.8157978057861328,candidate,0.1490577906370163,20
2,1,0.9870821237564087,0.6639179587364197,0.6615368127822876,0.5104541778564453,0.6635178923606873,0.8208152055740356,query,0.1240420788526535,20
2,1,1.0652681589126587,0.6268635392189026,0.6294960975646973,0.4372778534889221,0.6294960975646973,0.8067800402641296,candidate,0.139471635222435,20
3,1,1.0121153593063354,0.651661217212677,0.6556059718132019,0.4349983334541321,0.6564092636108398,0.8493678569793701,query,0.15341949462890625,20
3,1,1.0518754720687866,0.6060739159584045,0.6026722192764282,0.4128947854042053,0.6026722192764282,0.8000465631484985,candidate,0.14816711843013763,20
4,1,1.0480291843414307,0.6220612525939941,0.6068699955940247,0.3941466808319092,0.6073015928268433,0.8658824563026428,query,0.17574821412563324,20
4,1,1.122757911682129,0.6729925870895386,0.6726383566856384,0.4744775891304016,0.6726383566856384,0.8707185387611389,candidate,0.1510937213897705,20
5,1,1.0638246536254883,0.6295447945594788,0.6251212358474731,0.4093920886516571,0.6253215074539185,0.8857666254043579,query,0.18152552843093872,20
5,1,1.1204510927200317,0.6089430451393127,0.6039234399795532,0.4012744724750519,0.6039234399795532,0.8276252746582031,candidate,0.1610247641801834,20
6,1,0.9115995168685913,0.5382248163223267,0.5334867835044861,0.3471807837486267,0.5340797901153564,0.7280372381210327,query,0.14905516803264618,20
6,1,1.1360541582107544,0.5975687503814697,0.5996876955032349,0.38133829832077026,0.5996876955032349,0.805515706539154,candidate,0.1613210141658783,20
0,1,1.0454838275909424,0.7219486236572266,0.7400851249694824,0.540874719619751,0.7402263283729553,0.8591926693916321,query,0.12602880597114563,40
0,1,1.1841747760772705,0.7142874002456665,0.7187780737876892,0.5337245464324951,0.7187780737876892,0.8855708837509155,candidate,0.13583333790302277,40
1,1,1.1158769130706787,0.7398477792739868,0.7317132949829102,0.5614166855812073,0.7336172461509705,0.9386052489280701,query,0.14766979217529297,40
1,1,1.2057708501815796,0.7054970860481262,0.7001673579216003,0.526320219039917,0.7001673579216003,0.902595579624176,candidate,0.1443760246038437,40
2,1,1.016782522201538,0.7271232604980469,0.7477763891220093,0.5520114898681641,0.7480753064155579,0.8621947765350342,query,0.12180760502815247,40
2,1,1.1505213975906372,0.704987645149231,0.708269476890564,0.525229275226593,0.708269476890564,0.8718495965003967,candidate,0.13527406752109528,40
3,1,1.105600357055664,0.7256712913513184,0.7203747034072876,0.5500534772872925,0.7212441563606262,0.92233806848526,query,0.1461503505706787,40
3,1,1.1476895809173584,0.6928114891052246,0.6825379133224487,0.5119130611419678,0.6825379133224487,0.8923311233520508,candidate,0.1444355547428131,40
4,1,1.1572527885437012,0.6941208839416504,0.6888100504875183,0.47591432929039,0.6896223425865173,0.9177432656288147,query,0.16334427893161774,40
4,1,1.1887603998184204,0.7459200024604797,0.7400819063186646,0.5574562549591064,0.7400819063186646,0.9537164568901062,candidate,0.14854061603546143,40
5,1,1.155055284500122,0.7090398073196411,0.6883425116539001,0.4899834990501404,0.6888899803161621,0.9447845220565796,query,0.17563898861408234,40
5,1,1.2034080028533936,0.6948845982551575,0.6872075200080872,0.4985305070877075,0.6872075200080872,0.9057194590568542,candidate,0.15594680607318878,40
6,1,1.0017414093017578,0.6132553815841675,0.6133664846420288,0.4331354796886444,0.6135492324829102,0.8314228057861328,query,0.15143020451068878,40
6,1,1.1963287591934204,0.6745467782020569,0.6651332974433899,0.4711425304412842,0.6651332974433899,0.8919249176979065,candidate,0.16057217121124268,40
0,1,1.0085163116455078,0.7257197499275208,0.7358419299125671,0.5620858669281006,0.7360571622848511,0.8678024411201477,query,0.11547047644853592,60
0,1,1.1731927394866943,0.7267652153968811,0.7275577783584595,0.5614275336265564,0.7275577783584595,0.8892842531204224,candidate,0.1261240690946579,60
1,1,1.0965421199798584,0.7400071620941162,0.7325829267501831,0.5752100348472595,0.73505699634552,0.9324498176574707,query,0.13234484195709229,60
1,1,1.1942906379699707,0.7209135890007019,0.714898943901062,0.5585897564888,0.714898943901062,0.8957380652427673,candidate,0.1302509605884552,60
2,1,1.0005875825881958,0.7284967303276062,0.7346779704093933,0.5807057619094849,0.7356950044631958,0.8729163408279419,query,0.11570194363594055,60
2,1,1.1385242938995361,0.7205048203468323,0.7201141119003296,0.5578687787055969,0.7201141119003296,0.8803908228874207,candidate,0.12409792840480804,60
3,1,1.111724615097046,0.7249737977981567,0.7164583206176758,0.5545259714126587,0.71799635887146,0.8974127769470215,query,0.13214826583862305,60
3,1,1.1538163423538208,0.7115283608436584,0.7041498422622681,0.5506933331489563,0.7041498422622681,0.8899581432342529,candidate,0.13003763556480408,60
4,1,1.1511512994766235,0.7028182744979858,0.6993651390075684,0.5111645460128784,0.6995250582695007,0.8936155438423157,query,0.1430833637714386,60
4,1,1.1667001247406006,0.7442206740379333,0.7351921796798706,0.5741907358169556,0.7351921796798706,0.9416247606277466,candidate,0.13934512436389923,60
5,1,1.1535698175430298,0.7311490774154663,0.7123461961746216,0.5417884588241577,0.712432324886322,0.9465333223342896,query,0.15436948835849762,60
5,1,1.1976304054260254,0.7228037118911743,0.7158430218696594,0.5420955419540405,0.7158430218696594,0.916176974773407,candidate,0.14132064580917358,60
6,1,1.0288646221160889,0.6568892002105713,0.6438822150230408,0.49338918924331665,0.6449025869369507,0.8507291078567505,query,0.13982781767845154,60
6,1,1.1852121353149414,0.709923505783081,0.7006468176841736,0.5245193243026733,0.7006468176841736,0.9091356992721558,candidate,0.1465303897857666,60
0,1,1.0823590755462646,0.7709516286849976,0.793131947517395,0.586904764175415,0.7942610383033752,0.9184905290603638,query,0.1307661086320877,80
0,1,1.2141001224517822,0.7713561654090881,0.7796666026115417,0.5831995606422424,0.7796666026115417,0.9418610334396362,candidate,0.1379319578409195,80
1,1,1.1627798080444336,0.7843562364578247,0.776461124420166,0.5906025171279907,0.777876615524292,0.9768514633178711,query,0.14707380533218384,80
1,1,1.231776237487793,0.7660562992095947,0.7622214555740356,0.5875375866889954,0.7622214555740356,0.953218936920166,candidate,0.14066442847251892,80
2,1,1.0693217515945435,0.7738008499145508,0.7981268167495728,0.5972328782081604,0.7982054948806763,0.922921359539032,query,0.13068002462387085,80
2,1,1.207959771156311,0.7665373086929321,0.7756615877151489,0.5812401175498962,0.7756615877151489,0.9322397112846375,candidate,0.13597045838832855,80
3,1,1.1757254600524902,0.7688060998916626,0.7672235369682312,0.5811350345611572,0.7673133611679077,0.9595050811767578,query,0.146707683801651,80
3,1,1.2129915952682495,0.7573692202568054,0.7518290281295776,0.5813897252082825,0.7518290281295776,0.9435656070709229,candidate,0.13846921920776367,80
4,1,1.2062861919403076,0.7508661150932312,0.7539490461349487,0.5472792983055115,0.7541022300720215,0.9467895030975342,query,0.14743094146251678,80
4,1,1.2278432846069336,0.7785682678222656,0.7668864727020264,0.5942811965942383,0.7668864727020264,0.9886348247528076,candidate,0.14867621660232544,80
5,1,1.2128163576126099,0.7714701890945435,0.7433004379272461,0.5947457551956177,0.7434785962104797,1.0042064189910889,query,0.16197627782821655,80
5,1,1.2513158321380615,0.762804388999939,0.7543038129806519,0.5777302980422974,0.7543038129806519,0.9669123888015747,candidate,0.14602883160114288,80
6,1,1.0701260566711426,0.6975089311599731,0.6758478283882141,0.5220136046409607,0.6767756938934326,0.90425705909729,query,0.1464763879776001,80
6,1,1.2248001098632812,0.7502986788749695,0.7379975914955139,0.5555531978607178,0.7379975914955139,0.9612118601799011,candidate,0.15458068251609802,80
0,1,1.044564962387085,0.7578034996986389,0.7678005695343018,0.5742918252944946,0.7680994272232056,0.9041609764099121,query,0.12604448199272156,100
0,1,1.179908037185669,0.7632920742034912,0.769907534122467,0.5911115407943726,0.769907534122467,0.9259640574455261,candidate,0.13058218359947205,100
1,1,1.0946022272109985,0.7718278765678406,0.7638677954673767,0.5966248512268066,0.7642941474914551,0.934231162071228,query,0.13075830042362213,100
1,1,1.2306807041168213,0.7616665363311768,0.7587673664093018,0.5978661775588989,0.7587673664093018,0.9331858158111572,candidate,0.12922973930835724,100
2,1,1.046305537223816,0.7604223489761353,0.7736766338348389,0.5831707715988159,0.7743476033210754,0.9102085828781128,query,0.12719252705574036,100
2,1,1.1779670715332031,0.7590462565422058,0.7658240795135498,0.5863240957260132,0.7658240795135498,0.918530285358429,candidate,0.13008856773376465,100
3,1,1.1255171298980713,0.7576626539230347,0.7658752202987671,0.583747148513794,0.7663244605064392,0.9236700534820557,query,0.13160023093223572,100
3,1,1.225098967552185,0.7540795207023621,0.7488331198692322,0.5905536413192749,0.7488331198692322,0.9256250858306885,candidate,0.12884898483753204,100
4,1,1.2142999172210693,0.7393366098403931,0.7405634522438049,0.5605764389038086,0.7430055141448975,0.9013028144836426,query,0.1340409815311432,100
4,1,1.2325613498687744,0.7713010311126709,0.7700443267822266,0.5981903076171875,0.7700443267822266,0.9504290223121643,candidate,0.13730578124523163,100
5,1,1.158877968788147,0.7572643160820007,0.7453140020370483,0.5894494652748108,0.7461084723472595,0.9734985828399658,query,0.14333541691303253,100
5,1,1.230384349822998,0.7592487335205078,0.7524668574333191,0.5845528841018677,0.7524668574333191,0.9535529017448425,candidate,0.1392267346382141,100
6,1,1.077269434928894,0.6949034929275513,0.6696908473968506,0.5285119414329529,0.6699994206428528,0.8937063217163086,query,0.14096824824810028,100
6,1,1.1650047302246094,0.747481644153595,0.7326396107673645,0.5624606609344482,0.7326396107673645,0.9505336880683899,candidate,0.1481429487466812,100
0,1,1.0944162607192993,0.7566273212432861,0.7656596899032593,0.5836816430091858,0.7661458849906921,0.938647985458374,query,0.1422421783208847,120
0,1,1.1835459470748901,0.7580521702766418,0.7521693110466003,0.5818597078323364,0.7521693110466003,0.9545398950576782,candidate,0.1404845416545868,120
1,1,1.1246695518493652,0.7571567296981812,0.7431880235671997,0.5793066024780273,0.7442115545272827,0.9586137533187866,query,0.14460407197475433,120
1,1,1.2438318729400635,0.7469844222068787,0.7325736284255981,0.5737250447273254,0.7325736284255981,0.9495671391487122,candidate,0.14201803505420685,120
2,1,1.1102962493896484,0.7613659501075745,0.7665784358978271,0.5833863019943237,0.7667638659477234,0.943952202796936,query,0.14263203740119934,120
2,1,1.1801599264144897,0.7539017200469971,0.7480151653289795,0.5797011256217957,0.7480151653289795,0.9494982957839966,candidate,0.14037029445171356,120
3,1,1.1447495222091675,0.7463763356208801,0.7367525100708008,0.5603036880493164,0.7378964424133301,0.9460830688476562,query,0.14130449295043945,120
3,1,1.2239339351654053,0.7403968572616577,0.7239833474159241,0.5712802410125732,0.7239833474159241,0.9442001581192017,candidate,0.1408541053533554,120
4,1,1.189186692237854,0.722038209438324,0.7183422446250916,0.5230175256729126,0.7199429273605347,0.9179961681365967,query,0.14553388953208923,120
4,1,1.276933193206787,0.7519463896751404,0.735822319984436,0.5735354423522949,0.735822319984436,0.9750614166259766,candidate,0.1506449431180954,120
5,1,1.1680797338485718,0.7373321652412415,0.7072314620018005,0.5637558698654175,0.7083754539489746,0.9539527893066406,query,0.15232031047344208,120
5,1,1.2475286722183228,0.7408296465873718,0.7193190455436707,0.5590195655822754,0.7193190455436707,0.9669833183288574,candidate,0.15200096368789673,120
6,1,1.0449650287628174,0.6782059669494629,0.6469148397445679,0.5043372511863708,0.6478481292724609,0.9022469520568848,query,0.15320247411727905,120
6,1,1.1505035161972046,0.7317559719085693,0.7063227295875549,0.5364453196525574,0.7063227295875549,0.9626747965812683,candidate,0.1619122177362442,120
0,1,1.1159310340881348,0.812279462814331,0.814574122428894,0.6358265280723572,0.8146840929985046,0.9943010807037354,query,0.13409042358398438,140
0,1,1.2126188278198242,0.7875262498855591,0.7819516658782959,0.6163085103034973,0.7819516658782959,0.9733337163925171,candidate,0.13560116291046143,140
1,1,1.1597192287445068,0.778907299041748,0.7616586685180664,0.58938068151474,0.7625989317893982,0.9855062961578369,query,0.14740246534347534,140
1,1,1.2721461057662964,0.7649779915809631,0.7532111406326294,0.588699460029602,0.7532111406326294,0.9639611840248108,candidate,0.14159902930259705,140
2,1,1.1222692728042603,0.8178377151489258,0.8234871625900269,0.6366332173347473,0.823917031288147,1.0015661716461182,query,0.13476327061653137,140
2,1,1.210098147392273,0.7843363285064697,0.7804731130599976,0.6097697019577026,0.7804731130599976,0.9726502895355225,candidate,0.1359686702489853,140
3,1,1.137508511543274,0.7664328217506409,0.7648184299468994,0.5843397378921509,0.7649815082550049,0.9684611558914185,query,0.14392392337322235,140
3,1,1.2268649339675903,0.7557777762413025,0.7433410882949829,0.5855461359024048,0.7433410882949829,0.9520949125289917,candidate,0.13970418274402618,140
4,1,1.2650156021118164,0.7454075217247009,0.7434756755828857,0.5448083877563477,0.744907021522522,0.9385676383972168,query,0.14676249027252197,140
4,1,1.3029320240020752,0.7642789483070374,0.7483047246932983,0.5853727459907532,0.7483047246932983,0.9804097414016724,candidate,0.14950458705425262,140
5,1,1.1905268430709839,0.753259539604187,0.7244422435760498,0.5858709812164307,0.7246667146682739,0.959157407283783,query,0.15365926921367645,140
5,1,1.2333016395568848,0.7504144906997681,0.7306243777275085,0.5752048492431641,0.7306243777275085,0.9599286913871765,candidate,0.14573433995246887,140
6,1,1.0588401556015015,0.6916362643241882,0.6552848815917969,0.5244282484054565,0.6554494500160217,0.8992570638656616,query,0.14607486128807068,140
6,1,1.2096409797668457,0.7444082498550415,0.7216019630432129,0.5580568909645081,0.7216019630432129,0.9626582264900208,candidate,0.15609414875507355,140
0,1,1.1596496105194092,0.8685765266418457,0.8852351903915405,0.6913043260574341,0.8853474855422974,1.030381202697754,query,0.12709484994411469,160
0,1,1.2163082361221313,0.8296114206314087,0.8203608989715576,0.6577666401863098,0.8203608989715576,1.0187276601791382,candidate,0.13630376756191254,160
1,1,1.143381118774414,0.8199561834335327,0.7981350421905518,0.6345911026000977,0.7984806895256042,1.0306942462921143,query,0.14394338428974152,160
1,1,1.2562687397003174,0.7994639873504639,0.7808168530464172,0.622936487197876,0.7808168530464172,1.0148972272872925,candidate,0.14593717455863953,160
2,1,1.1660674810409546,0.8759775757789612,0.8961391448974609,0.6963707208633423,0.8975374698638916,1.039266586303711,query,0.127997487783432,160
2,1,1.2350585460662842,0.8265458345413208,0.8143816590309143,0.6544923782348633,0.8143816590309143,1.0209648609161377,candidate,0.13841590285301208,160
3,1,1.1333720684051514,0.8102198839187622,0.8015939593315125,0.6257347464561462,0.8029651641845703,1.0136470794677734,query,0.14073002338409424,160
3,1,1.2275331020355225,0.7893319129943848,0.76778244972229,0.618471622467041,0.76778244972229,1.0079118013381958,candidate,0.1460385024547577,160
4,1,1.2517640590667725,0.7802579402923584,0.7664584517478943,0.597175121307373,0.7665040493011475,0.987033486366272,query,0.14528696238994598,160
4,1,1.2673592567443848,0.7980026602745056,0.7845151424407959,0.6210758686065674,0.7845151424407959,1.0108013153076172,candidate,0.14490580558776855,160
5,1,1.2054097652435303,0.7824859619140625,0.7397080659866333,0.5933522582054138,0.7397912740707397,1.0259764194488525,query,0.16336879134178162,160
5,1,1.2184313535690308,0.773914635181427,0.7504961490631104,0.5945409536361694,0.7504961490631104,0.9951118230819702,candidate,0.15024608373641968,160
6,1,1.103925108909607,0.7102566957473755,0.6627205610275269,0.5495331287384033,0.6633633971214294,0.9480279684066772,query,0.1517966240644455,160
6,1,1.2146449089050293,0.765678346157074,0.7319899201393127,0.5770578980445862,0.7319899201393127,1.0026438236236572,candidate,0.1622137874364853,160
0,1,1.1972692012786865,0.8751007318496704,0.8869103193283081,0.6929917335510254,0.8872095346450806,1.0518910884857178,query,0.1334989070892334,180
0,1,1.2118102312088013,0.8382539749145508,0.8267675042152405,0.6636339426040649,0.8267675042152405,1.0359691381454468,candidate,0.13969261944293976,180
1,1,1.1821292638778687,0.8232645988464355,0.8123487234115601,0.6395432353019714,0.812999427318573,1.0220367908477783,query,0.14081349968910217,180
1,1,1.250382661819458,0.8114010691642761,0.7949719429016113,0.6341426372528076,0.7949719429016113,1.0223692655563354,candidate,0.14563946425914764,180
2,1,1.19041907787323,0.8804001212120056,0.8917139768600464,0.6852836608886719,0.8927394151687622,1.0578656196594238,query,0.13499242067337036,180
2,1,1.24473237991333,0.8371670842170715,0.8229780197143555,0.6613709330558777,0.8229780197143555,1.0414005517959595,candidate,0.14222252368927002,180
3,1,1.1267428398132324,0.8130367994308472,0.8061093091964722,0.6249542236328125,0.8074750900268555,1.001909613609314,query,0.13856498897075653,180
3,1,1.2440704107284546,0.8016982674598694,0.7828068137168884,0.6287010908126831,0.7828068137168884,1.0189132690429688,candidate,0.14571022987365723,180
4,1,1.251937985420227,0.7925882339477539,0.7845256924629211,0.6031597852706909,0.7850596904754639,0.9711892604827881,query,0.13836391270160675,180
4,1,1.2439607381820679,0.801863431930542,0.7921006679534912,0.6305896639823914,0.7921006679534912,0.9910505414009094,candidate,0.1366167664527893,180
5,1,1.1876826286315918,0.79409259557724,0.7717833518981934,0.6132025718688965,0.7724870443344116,1.0155874490737915,query,0.15249879658222198,180
5,1,1.2301437854766846,0.7896486520767212,0.7686346769332886,0.6130016446113586,0.7686346769332886,1.0015491247177124,candidate,0.14550258219242096,180
6,1,1.1207414865493774,0.7308796644210815,0.6810855269432068,0.5615057945251465,0.681248664855957,0.9709854125976562,query,0.1533074826002121,180
6,1,1.2194147109985352,0.7842155694961548,0.7527810335159302,0.5940737724304199,0.7527810335159302,1.0175652503967285,candidate,0.16161327064037323,180
0,1,1.1871066093444824,0.8960165977478027,0.9140005707740784,0.7312237024307251,0.9140737056732178,1.0463800430297852,query,0.12221917510032654,200
0,1,1.2574533224105835,0.8673339486122131,0.8569366931915283,0.6969648599624634,0.8569366931915283,1.057120442390442,candidate,0.13604846596717834,200
1,1,1.191465139389038,0.8506852388381958,0.835344135761261,0.6697021126747131,0.8358891010284424,1.0495266914367676,query,0.14082536101341248,200
1,1,1.2821776866912842,0.8448006510734558,0.8261421918869019,0.6693136692047119,0.8261421918869019,1.0592020750045776,candidate,0.14637582004070282,200
2,1,1.1772626638412476,0.8986470699310303,0.9172155857086182,0.7282048463821411,0.9189114570617676,1.0448534488677979,query,0.12279874086380005,200
2,1,1.2911293506622314,0.8674240112304688,0.8542536497116089,0.6952711939811707,0.8542536497116089,1.065447449684143,candidate,0.1384105682373047,200
3,1,1.1679364442825317,0.8427826762199402,0.8389678597450256,0.6650146245956421,0.8392664194107056,1.043402910232544,query,0.1385156661272049,200
3,1,1.2878245115280151,0.8382068276405334,0.8160039782524109,0.6625651717185974,0.8160039782524109,1.0610294342041016,candidate,0.14750804007053375,200
4,1,1.279853105545044,0.8233928680419922,0.8049255609512329,0.6517693996429443,0.8052387237548828,1.0184909105300903,query,0.13748233020305634,200
4,1,1.2640479803085327,0.8274610638618469,0.8182563781738281,0.6627197861671448,0.8182563781738281,1.01192307472229,candidate,0.13462504744529724,200
5,1,1.221604585647583,0.8260160088539124,0.8031377792358398,0.6445223093032837,0.8039407730102539,1.0548256635665894,query,0.15792344510555267,200
5,1,1.2647483348846436,0.8303943872451782,0.8059778809547424,0.6511274576187134,0.8059778809547424,1.0506622791290283,candidate,0.15001441538333893,200
6,1,1.2013499736785889,0.782127857208252,0.7310649156570435,0.6005674600601196,0.7315691709518433,1.04966139793396,query,0.1688932329416275,200
6,1,1.27089262008667,0.829904317855835,0.7962737679481506,0.6228297352790833,0.7962737679481506,1.083557367324829,candidate,0.17591500282287598,200
0,1,1.2184704542160034,0.9219064712524414,0.9327487945556641,0.7399823069572449,0.9350274205207825,1.1020584106445312,query,0.13302728533744812,220
0,1,1.2677435874938965,0.8869332671165466,0.8699762225151062,0.7087794542312622,0.8699762225151062,1.0940403938293457,candidate,0.14400464296340942,220
1,1,1.2508864402770996,0.8695060610771179,0.8600967526435852,0.6828954815864563,0.861321210861206,1.071707010269165,query,0.15077346563339233,220
1,1,1.2951507568359375,0.864679217338562,0.8402661085128784,0.6812187433242798,0.8402661085128784,1.0968443155288696,candidate,0.15567262470722198,220
2,1,1.2042382955551147,0.9243073463439941,0.9324787855148315,0.7437201142311096,0.9329727292060852,1.0936033725738525,query,0.13234256207942963,220
2,1,1.284616470336914,0.888307511806488,0.8686994910240173,0.710693359375,0.8686994910240173,1.1033895015716553,candidate,0.14681267738342285,220
3,1,1.2302747964859009,0.8635385036468506,0.8582521080970764,0.6766356825828552,0.8585832118988037,1.0667331218719482,query,0.146424800157547,220
3,1,1.2822123765945435,0.8581642508506775,0.8323332071304321,0.6752217411994934,0.8323332071304321,1.0975146293640137,candidate,0.15600036084651947,220
4,1,1.2811486721038818,0.8410555124282837,0.8173903226852417,0.6743545532226562,0.8195623159408569,1.042054295539856,query,0.14255963265895844,220
4,1,1.2589654922485352,0.8368346691131592,0.8239994049072266,0.6674439311027527,0.8239994049072266,1.033405065536499,candidate,0.1401073932647705,220
5,1,1.2180315256118774,0.8437027931213379,0.805932879447937,0.6623694896697998,0.8068991899490356,1.086679458618164,query,0.1591482311487198,220
5,1,1.2735249996185303,0.8479119539260864,0.8175439834594727,0.6692602634429932,0.8175439834594727,1.076997995376587,candidate,0.15220196545124054,220
6,1,1.2143034934997559,0.8066811561584473,0.750723123550415,0.6327638030052185,0.7519716620445251,1.0680360794067383,query,0.16464899480342865,220
6,1,1.277562141418457,0.8498920798301697,0.80809086561203,0.6511039137840271,0.80809086561203,1.1068674325942993,candidate,0.17391452193260193,220
0,1,1.192238688468933,0.9295490980148315,0.9316353797912598,0.7959124445915222,0.9316844940185547,1.0710110664367676,query,0.11007944494485855,240
0,1,1.2746355533599854,0.9002225399017334,0.8820182681083679,0.7410196661949158,0.8820182681083679,1.085296392440796,candidate,0.13080225884914398,240
1,1,1.2488795518875122,0.8712247014045715,0.8584424257278442,0.7205815315246582,0.8592462539672852,1.0386874675750732,query,0.12588223814964294,240
1,1,1.3024647235870361,0.8795202374458313,0.8514524698257446,0.7189438343048096,0.8514524698257446,1.091212511062622,candidate,0.1411968171596527,240
2,1,1.1754761934280396,0.9310219883918762,0.9342001676559448,0.7940149307250977,0.9343383312225342,1.0688960552215576,query,0.10808660089969635,240
2,1,1.3073545694351196,0.9039992690086365,0.8840426206588745,0.740364670753479,0.8840426206588745,1.1008164882659912,candidate,0.1360749900341034,240
3,1,1.2158417701721191,0.8703335523605347,0.8575061559677124,0.725959300994873,0.8579232692718506,1.0638782978057861,query,0.12655434012413025,240
3,1,1.310901165008545,0.8765747547149658,0.8464210033416748,0.7135558128356934,0.8464210033416748,1.094653606414795,candidate,0.14463137090206146,240
4,1,1.2419224977493286,0.8525488972663879,0.8308818340301514,0.7194324135780334,0.8312568664550781,1.0165367126464844,query,0.12274160981178284,240
4,1,1.2231404781341553,0.8431742787361145,0.8358783721923828,0.7023991346359253,0.8358783721923828,0.9967066049575806,candidate,0.11452345550060272,240
5,1,1.2130926847457886,0.8622408509254456,0.8291950225830078,0.7040205001831055,0.8295586109161377,1.0724525451660156,query,0.1395285427570343,240
5,1,1.3347052335739136,0.8730769157409668,0.8458920121192932,0.7041993737220764,0.8458920121192932,1.0810924768447876,candidate,0.1424849033355713,240
6,1,1.2653448581695557,0.8577227592468262,0.8004243969917297,0.6830980777740479,0.800499439239502,1.1068416833877563,query,0.16553010046482086,240
6,1,1.2973761558532715,0.8892498016357422,0.8546754121780396,0.696772575378418,0.8546754121780396,1.1326159238815308,candidate,0.1684884876012802,240
0,1,1.1819946765899658,0.9392404556274414,0.9453248977661133,0.7893807291984558,0.9460188150405884,1.0694339275360107,query,0.10882554948329926,260
0,1,1.2637526988983154,0.907062292098999,0.9011405110359192,0.7444254159927368,0.9011405110359192,1.081201434135437,candidate,0.12921828031539917,260
1,1,1.2387659549713135,0.889938235282898,0.8832818865776062,0.724064290523529,0.883431077003479,1.048910140991211,query,0.1275324821472168,260
1,1,1.302284598350525,0.8886269330978394,0.8650999665260315,0.7250853776931763,0.8650999665260315,1.0892970561981201,candidate,0.138876810669899,260
2,1,1.1808832883834839,0.9401548504829407,0.9505439400672913,0.7876732349395752,0.9508298635482788,1.0685102939605713,query,0.10839489847421646,260
2,1,1.2727760076522827,0.910015344619751,0.9037783741950989,0.7385319471359253,0.9037783741950989,1.0939979553222656,candidate,0.13356542587280273,260
3,1,1.1951239109039307,0.8910970687866211,0.8830906748771667,0.7332935333251953,0.8833814263343811,1.066129446029663,query,0.12471150606870651,260
3,1,1.3419166803359985,0.8852538466453552,0.8633436560630798,0.7199888229370117,0.8633436560630798,1.0896257162094116,candidate,0.14127254486083984,260
4,1,1.2731250524520874,0.8734646439552307,0.8603829145431519,0.7258665561676025,0.861083447933197,1.0439238548278809,query,0.12691403925418854,260
4,1,1.2334723472595215,0.8575127720832825,0.8519339561462402,0.7054351568222046,0.8519339561462402,1.020863652229309,candidate,0.12034014612436295,260
5,1,1.21221923828125,0.8810344934463501,0.8604528307914734,0.7092772722244263,0.8624012470245361,1.0837515592575073,query,0.14271418750286102,260
5,1,1.3275821208953857,0.8818446397781372,0.8668877482414246,0.7139886617660522,0.8668877482414246,1.071408748626709,candidate,0.1361711025238037,260
6,1,1.2353863716125488,0.8756726980209351,0.8407823443412781,0.6973283290863037,0.84079909324646,1.0972257852554321,query,0.15298910439014435,260
6,1,1.302690029144287,0.8943182229995728,0.8841068148612976,0.7037780284881592,0.8841068148612976,1.104554295539856,candidate,0.15404623746871948,260
0,1,1.1466984748840332,0.9195235371589661,0.9285107254981995,0.7754327654838562,0.9286044239997864,1.035409927368164,query,0.10078959912061691,265
0,1,1.2594244480133057,0.8938353061676025,0.8911191821098328,0.7395448088645935,0.8911191821098328,1.0557353496551514,candidate,0.12091519683599472,265
1,1,1.2124892473220825,0.8738115429878235,0.8696762323379517,0.721240222454071,0.8698322772979736,1.0354292392730713,query,0.12382405996322632,265
1,1,1.2985137701034546,0.8767645955085754,0.8563984632492065,0.7222563028335571,0.8563984632492065,1.0696104764938354,candidate,0.13183610141277313,265
2,1,1.145883560180664,0.9198958873748779,0.9344483613967896,0.7717193365097046,0.9345903992652893,1.0348172187805176,query,0.09995251148939133,265
2,1,1.2566592693328857,0.8973677754402161,0.892663300037384,0.7385734915733337,0.892663300037384,1.0716909170150757,candidate,0.125168114900589,265
3,1,1.1699707508087158,0.8740804195404053,0.8679882884025574,0.7262831926345825,0.8690899610519409,1.0432863235473633,query,0.12064136564731598,265
3,1,1.318056344985962,0.8743180632591248,0.8544923067092896,0.7183153629302979,0.8544923067092896,1.06991708278656,candidate,0.1342788189649582,265
4,1,1.2799792289733887,0.8583865165710449,0.8416398763656616,0.7191376090049744,0.8430854082107544,1.0147336721420288,query,0.12141907960176468,265
4,1,1.2280073165893555,0.8403648138046265,0.8350114822387695,0.6945781707763672,0.8350114822387695,0.9977198243141174,candidate,0.1157584935426712,265
5,1,1.20894193649292,0.8707929253578186,0.8495800495147705,0.7054443359375,0.8523528575897217,1.0674667358398438,query,0.13708604872226715,265
5,1,1.3161708116531372,0.8745587468147278,0.8604878187179565,0.7122271060943604,0.8604878187179565,1.0567713975906372,candidate,0.1309339553117752,265
6,1,1.2412183284759521,0.8719507455825806,0.8350349068641663,0.698182225227356,0.8358368873596191,1.092511534690857,query,0.15116603672504425,265
6,1,1.3014943599700928,0.890062153339386,0.8784797787666321,0.7032746076583862,0.8784797787666321,1.0983814001083374,candidate,0.15190206468105316,265
0,2,1.1869959831237793,0.9089174270629883,0.9120096564292908,0.7626746892929077,0.912086009979248,1.0382487773895264,query,0.10440407693386078,300
0,2,1.255157709121704,0.87834233045578,0.8742073774337769,0.7433614730834961,0.8742073774337769,1.0222597122192383,candidate,0.10579483956098557,300
1,2,1.1855032444000244,0.8596403002738953,0.8545008897781372,0.7205812931060791,0.8551415205001831,1.0060725212097168,query,0.114658422768116,300
1,2,1.2745552062988281,0.8607403635978699,0.8558523654937744,0.7244651317596436,0.8558523654937744,1.0122708082199097,candidate,0.11023411154747009,300
2,2,1.1971557140350342,0.9110410809516907,0.9064923524856567,0.767718493938446,0.9067978858947754,1.0449721813201904,query,0.10433629155158997,300
2,2,1.2877401113510132,0.8804110884666443,0.8745622634887695,0.7426871657371521,0.8745622634887695,1.0288163423538208,candidate,0.10753434151411057,300
3,2,1.1430020332336426,0.8608695268630981,0.8593065142631531,0.7117791175842285,0.8593457937240601,1.0052787065505981,query,0.11166470497846603,300
3,2,1.290688157081604,0.857643723487854,0.8493920564651489,0.7189227938652039,0.8493920564651489,1.0141220092773438,candidate,0.1123952865600586,300
4,2,1.257180094718933,0.8511848449707031,0.8438313603401184,0.7142344117164612,0.8450441360473633,0.9876788854598999,query,0.11081232875585556,300
4,2,1.193421483039856,0.83554607629776,0.8356369733810425,0.6877536773681641,0.8356369733810425,0.981978714466095,candidate,0.11241752654314041,300
5,2,1.1169856786727905,0.8515229225158691,0.8385270833969116,0.7248630523681641,0.8395745754241943,1.0018235445022583,query,0.10515253990888596,300
5,2,1.2428349256515503,0.8547687530517578,0.8464540839195251,0.7285983562469482,0.8464540839195251,0.9930244088172913,candidate,0.10091623663902283,300
6,2,1.1502668857574463,0.8505793809890747,0.8288127779960632,0.7176368236541748,0.8288578987121582,1.0194954872131348,query,0.10928968340158463,300
6,2,1.2139840126037598,0.864665687084198,0.8518199920654297,0.7272372841835022,0.8518199920654297,1.0193628072738647,candidate,0.11178017407655716,300
0,2,1.1428630352020264,0.9180212616920471,0.9152629375457764,0.8011229038238525,0.9161838293075562,1.037558674812317,query,0.09268157929182053,350
0,2,1.2788774967193604,0.9125394225120544,0.9127258062362671,0.8015068769454956,0.9127258062362671,1.022268533706665,candidate,0.08566633611917496,350
1,2,1.1318446397781372,0.8975249528884888,0.9021971225738525,0.7756372690200806,0.9022015333175659,1.0248792171478271,query,0.09520095586776733,350
1,2,1.2388916015625,0.905485212802887,0.9064657688140869,0.7910448908805847,0.9064657688140869,1.019060730934143,candidate,0.09064045548439026,350
2,2,1.1486388444900513,0.9169204831123352,0.9165252447128296,0.7989583611488342,0.9166102409362793,1.0380210876464844,query,0.09365912526845932,350
2,2,1.27972412109375,0.9169812202453613,0.9155221581459045,0.808707594871521,0.9155221581459045,1.0278931856155396,candidate,0.08510670065879822,350
3,2,1.1575207710266113,0.8990281820297241,0.9013985991477966,0.7722523212432861,0.9017606973648071,1.0026826858520508,query,0.0923520177602768,350
3,2,1.2303073406219482,0.9073154926300049,0.9088742136955261,0.792912483215332,0.9088742136955261,1.0213850736618042,candidate,0.09017275273799896,350
4,2,1.2522711753845215,0.9010828733444214,0.8996813893318176,0.7850738763809204,0.8998410701751709,1.0237919092178345,query,0.09423357993364334,350
4,2,1.247077226638794,0.8768742680549622,0.8737398386001587,0.7519298791885376,0.8737398386001587,1.0058200359344482,candidate,0.09934645891189575,350
5,2,1.1375255584716797,0.9134159088134766,0.909701943397522,0.811245322227478,0.9107882976531982,1.0218524932861328,query,0.08392883837223053,350
5,2,1.1830540895462036,0.916382372379303,0.9135981798171997,0.8169915676116943,0.9135981798171997,1.0195090770721436,candidate,0.07937818765640259,350
6,2,1.170614242553711,0.9355496168136597,0.9317989349365234,0.8492571115493774,0.9324067831039429,1.0322929620742798,query,0.06816347688436508,350
6,2,1.2035949230194092,0.9292947053909302,0.9284509420394897,0.8437053561210632,0.9284509420394897,1.0177651643753052,candidate,0.06802447140216827,350
0,2,1.26793372631073,0.8976610898971558,0.9205079674720764,0.6811187267303467,0.9211703538894653,1.0948668718338013,query,0.1600867211818695,400
0,2,1.3163626194000244,0.8949711322784424,0.9097115397453308,0.701789140701294,0.9097115397453308,1.061923861503601,candidate,0.13790687918663025,400
1,2,1.1580214500427246,0.8724762201309204,0.8845319747924805,0.6744076609611511,0.8850603103637695,1.0314117670059204,query,0.13439907133579254,400
1,2,1.3060156106948853,0.8862433433532715,0.9058852195739746,0.7015798687934875,0.9058852195739746,1.0349037647247314,candidate,0.1276104599237442,400
2,2,1.2548508644104004,0.8971493244171143,0.9237397313117981,0.6697092652320862,0.9238288402557373,1.1037588119506836,query,0.16481734812259674,400
2,2,1.3375498056411743,0.9020387530326843,0.9203634858131409,0.7024599313735962,0.9203634858131409,1.067358374595642,candidate,0.13771849870681763,400
3,2,1.1955991983413696,0.8711212873458862,0.8963488340377808,0.6740748882293701,0.8978594541549683,1.0278353691101074,query,0.13744446635246277,400
3,2,1.2421703338623047,0.8919358253479004,0.9127682447433472,0.7034723162651062,0.9127682447433472,1.0391314029693604,candidate,0.12837156653404236,400
4,2,1.1882286071777344,0.8913974761962891,0.897342324256897,0.7186456918716431,0.8979703187942505,1.0475175380706787,query,0.12472321838140488,400
4,2,1.2454661130905151,0.8547075390815735,0.8666831254959106,0.6590943932533264,0.8666831254959106,1.0264679193496704,candidate,0.139065220952034,400
5,2,1.137771487236023,0.9081940650939941,0.9275888204574585,0.7230008840560913,0.927749514579773,1.0481312274932861,query,0.1215658187866211,400
5,2,1.2225266695022583,0.9113612174987793,0.9314391613006592,0.7278324961662292,0.9314391613006592,1.0464997291564941,candidate,0.11966263502836227,400
6,2,1.111990213394165,0.9554980993270874,0.9621685743331909,0.8509953618049622,0.9622175693511963,1.0418660640716553,query,0.07401926070451736,400
6,2,1.159479022026062,0.9323556423187256,0.94206702709198,0.8126488924026489,0.94206702709198,1.0346510410308838,candidate,0.087635837495327,400
0,2,1.1886122226715088,0.8515568971633911,0.8456151485443115,0.6565158367156982,0.8460071682929993,1.0607073307037354,query,0.15154245495796204,450
0,2,1.2686669826507568,0.8353243470191956,0.8419221639633179,0.6513977646827698,0.8419221639633179,1.0045416355133057,candidate,0.13480913639068604,450
1,2,1.0632258653640747,0.8159176707267761,0.8293918371200562,0.6294804215431213,0.8326805830001831,0.9718877077102661,query,0.1292693316936493,450
1,2,1.2258951663970947,0.8211055397987366,0.8359670639038086,0.6417214274406433,0.8359670639038086,0.975228488445282,candidate,0.12603215873241425,450
2,2,1.1982667446136475,0.8514586687088013,0.8505409955978394,0.6469265818595886,0.8513447642326355,1.0683236122131348,query,0.15710115432739258,450
2,2,1.2627167701721191,0.8408752083778381,0.8500082492828369,0.6542913317680359,0.8500082492828369,1.0082497596740723,candidate,0.13520397245883942,450
3,2,1.0692557096481323,0.8117501735687256,0.8273279666900635,0.6125711798667908,0.8275979161262512,0.9692808389663696,query,0.13121046125888824,450
3,2,1.214141607284546,0.8232498168945312,0.8394882082939148,0.6414850354194641,0.8394882082939148,0.9771566390991211,candidate,0.1272793859243393,450
4,2,1.1190367937088013,0.8271671533584595,0.8336326479911804,0.6676099300384521,0.8337956666946411,0.9850094318389893,query,0.12118790298700333,450
4,2,1.252190351486206,0.8091479539871216,0.8169770240783691,0.6326518058776855,0.8169770240783691,0.9726102948188782,candidate,0.1297745257616043,450
5,2,1.060725450515747,0.8227394819259644,0.8341948390007019,0.6582139730453491,0.8356537818908691,0.9732315540313721,query,0.11795230209827423,450
5,2,1.1918776035308838,0.8242248892784119,0.8457087874412537,0.6448132991790771,0.8457087874412537,0.9678424596786499,candidate,0.12148622423410416,450
6,2,1.0023572444915771,0.8323729634284973,0.8424349427223206,0.6954684257507324,0.8427631855010986,0.9418448209762573,query,0.09340282529592514,450
6,2,1.0608139038085938,0.8211886286735535,0.836064338684082,0.6781972646713257,0.836064338684082,0.9445880651473999,candidate,0.10151559114456177,450
0,2,1.216328740119934,0.9334374666213989,0.9177720546722412,0.7601830959320068,0.9178088903427124,1.1140484809875488,query,0.13716301321983337,500
0,2,1.31943678855896,0.8800687193870544,0.8726189136505127,0.7277167439460754,0.8726189136505127,1.0459555387496948,candidate,0.12281770259141922,500
1,2,1.1479666233062744,0.8639903664588928,0.8643070459365845,0.7137188911437988,0.8644334077835083,1.0041245222091675,query,0.10770268738269806,500
1,2,1.2960121631622314,0.8506695032119751,0.8548536896705627,0.715807318687439,0.8548536896705627,0.9757485389709473,candidate,0.10363475978374481,500
2,2,1.2273743152618408,0.9369823932647705,0.9335761070251465,0.7569749355316162,0.9336410760879517,1.1210870742797852,query,0.13958708941936493,500
2,2,1.2816836833953857,0.8818514347076416,0.8760553598403931,0.7282935380935669,0.8760553598403931,1.0497578382492065,candidate,0.12265925854444504,500
3,2,1.1059753894805908,0.8601783514022827,0.8654984831809998,0.721301794052124,0.8660875558853149,0.9889696836471558,query,0.10609160363674164,500
3,2,1.2703123092651367,0.8471025824546814,0.8521699905395508,0.7131229043006897,0.8521699905395508,0.9688201546669006,candidate,0.10010369122028351,500
4,2,1.1286057233810425,0.8675960898399353,0.8501517176628113,0.7416259050369263,0.8511860370635986,1.007493019104004,query,0.10444097220897675,500
4,2,1.2360310554504395,0.8676430583000183,0.868747353553772,0.7251586318016052,0.868747353553772,1.0082781314849854,candidate,0.1105448305606842,500
5,2,1.0836186408996582,0.8270280361175537,0.8318737149238586,0.7117732763290405,0.8320406675338745,0.9388933777809143,query,0.08860796689987183,500
5,2,1.1679872274398804,0.8289844989776611,0.8289284706115723,0.7135820984840393,0.8289284706115723,0.9412793517112732,candidate,0.09045824408531189,500
6,2,0.9746149778366089,0.7955892086029053,0.7976064085960388,0.7106056809425354,0.7984747290611267,0.8715689778327942,query,0.06537135690450668,500
6,2,1.116493582725525,0.8123310208320618,0.8176552057266235,0.7154635787010193,0.8176552057266235,0.8962804675102234,candidate,0.07100969552993774,500
0,2,1.2774102687835693,0.9654173851013184,0.9474427700042725,0.8054594993591309,0.948520302772522,1.1410107612609863,query,0.13306786119937897,530
0,2,1.3526105880737305,0.9149129986763,0.90598064661026,0.7572440505027771,0.90598064661026,1.089974284172058,candidate,0.12728369235992432,530
1,2,1.2359492778778076,0.8958759307861328,0.8939832448959351,0.7494351863861084,0.8939955234527588,1.0500330924987793,query,0.11610604077577591,530
1,2,1.3333213329315186,0.8866164684295654,0.8892656564712524,0.7387328743934631,0.8892656564712524,1.02792227268219,candidate,0.11464978754520416,530
2,2,1.2791038751602173,0.9703611135482788,0.957387387752533,0.79891037940979,0.9576737880706787,1.1481842994689941,query,0.13443350791931152,530
2,2,1.299999475479126,0.9165127873420715,0.9085749387741089,0.761161744594574,0.9085749387741089,1.0879383087158203,candidate,0.1257200539112091,530
3,2,1.196100115776062,0.893462061882019,0.8915019631385803,0.7474415302276611,0.8921017646789551,1.0382475852966309,query,0.11589600890874863,530
3,2,1.3246455192565918,0.8828675150871277,0.8845747709274292,0.7382863759994507,0.8845747709274292,1.0186281204223633,candidate,0.1112763062119484,530
4,2,1.18992280960083,0.8958256244659424,0.8748278617858887,0.7591612339019775,0.8754834532737732,1.0565884113311768,query,0.11379405856132507,530
4,2,1.3102891445159912,0.8946576714515686,0.8949373364448547,0.7470409274101257,0.8949373364448547,1.0435227155685425,candidate,0.116305410861969,530
5,2,1.1827192306518555,0.8586595058441162,0.8652248382568359,0.7350439429283142,0.8659478425979614,0.969068706035614,query,0.09623931348323822,530
5,2,1.243261694908142,0.864464282989502,0.8643162250518799,0.7362368702888489,0.8643162250518799,0.9936696887016296,candidate,0.10139468312263489,530
6,2,1.0687443017959595,0.8316486477851868,0.8279454112052917,0.7343692779541016,0.8285508155822754,0.9284415245056152,query,0.07705757021903992,530
6,2,1.212930679321289,0.8511156439781189,0.8529614806175232,0.7390150427818298,0.8529614806175232,0.9617801308631897,candidate,0.08494925498962402,530
0,3,1.3062610626220703,1.0185751914978027,1.0145576000213623,0.8579467535018921,1.0165023803710938,1.1816926002502441,query,0.12385174632072449,550
0,3,1.3522555828094482,0.951951801776886,0.9488521814346313,0.7789255976676941,0.9488521814346313,1.130748987197876,candidate,0.13440018892288208,550
1,3,1.2481331825256348,0.9302047491073608,0.9281376600265503,0.7834112644195557,0.9287685751914978,1.1027283668518066,query,0.12195947766304016,550
1,3,1.374455213546753,0.9164695739746094,0.918718695640564,0.7492533326148987,0.918718695640564,1.0779213905334473,candidate,0.12802435457706451,550
2,3,1.3142019510269165,1.024662971496582,1.0284807682037354,0.87040114402771,1.0295381546020508,1.1824884414672852,query,0.12182100117206573,550
2,3,1.3586606979370117,0.95241779088974,0.9486310482025146,0.7806949615478516,0.9486310482025146,1.1333292722702026,candidate,0.13397188484668732,550
3,3,1.218265175819397,0.9301388263702393,0.9273881316184998,0.769240140914917,0.9281482696533203,1.0907787084579468,query,0.12229350209236145,550
3,3,1.3690440654754639,0.9100991487503052,0.9100378751754761,0.7508217096328735,0.9100378751754761,1.0701959133148193,candidate,0.12506677210330963,550
4,3,1.2380897998809814,0.9293201565742493,0.9233267903327942,0.765426754951477,0.9244318008422852,1.1018552780151367,query,0.12703850865364075,550
4,3,1.3684709072113037,0.934100329875946,0.9361903667449951,0.7737470865249634,0.9361903667449951,1.0882682800292969,candidate,0.12242722511291504,550
5,3,1.1953908205032349,0.8861713409423828,0.8844377398490906,0.7330193519592285,0.884724497795105,1.0249874591827393,query,0.11650267243385315,550
5,3,1.3023579120635986,0.8891554474830627,0.8864849805831909,0.7312632203102112,0.8864849805831909,1.052016258239746,candidate,0.1230960264801979,550
6,3,1.1374372243881226,0.8519803285598755,0.8346455097198486,0.7181211709976196,0.8352091908454895,1.0136480331420898,query,0.1098121628165245,550
6,3,1.2694090604782104,0.8776935935020447,0.8672795295715332,0.7303779125213623,0.8672795295715332,1.0342919826507568,candidate,0.1146993413567543,550
0,3,1.2990264892578125,1.0368354320526123,1.0234918594360352,0.8866633176803589,1.026458501815796,1.1993852853775024,query,0.1178860142827034,600
0,3,1.3001749515533447,0.9568139314651489,0.9627657532691956,0.7771928906440735,0.9627657532691956,1.12809157371521,candidate,0.1333559900522232,600
1,3,1.2327457666397095,0.9388396739959717,0.9354528784751892,0.7838141918182373,0.9354665875434875,1.107640266418457,query,0.1255282759666443,600
1,3,1.3094371557235718,0.9163383841514587,0.9196109175682068,0.7426567673683167,0.9196109175682068,1.0829492807388306,candidate,0.12969721853733063,600
2,3,1.2840410470962524,1.0430727005004883,1.0306940078735352,0.9129444360733032,1.0314128398895264,1.2023899555206299,query,0.11440616846084595,600
2,3,1.3235971927642822,0.9554136395454407,0.9600393176078796,0.7735321521759033,0.9600393176078796,1.1294947862625122,candidate,0.13485842943191528,600
3,3,1.2031508684158325,0.939141035079956,0.9442996978759766,0.7626405954360962,0.9445842504501343,1.1027584075927734,query,0.12656497955322266,600
3,3,1.3026061058044434,0.9077138900756836,0.9074760675430298,0.739861249923706,0.9074760675430298,1.07522714138031,candidate,0.1288572996854782,600
4,3,1.2259491682052612,0.9197511672973633,0.9112235307693481,0.7436032891273499,0.9125992655754089,1.0807710886001587,query,0.13207340240478516,600
4,3,1.2600574493408203,0.9301669597625732,0.9357131719589233,0.7664247751235962,0.9357131719589233,1.0844364166259766,candidate,0.12212476879358292,600
5,3,1.1598026752471924,0.8741199970245361,0.8656519651412964,0.7181421518325806,0.8663780689239502,1.0427515506744385,query,0.12589961290359497,600
5,3,1.2173174619674683,0.8808827996253967,0.8774127960205078,0.7138102054595947,0.8774127960205078,1.0546797513961792,candidate,0.12943780422210693,600
6,3,1.1208441257476807,0.842521607875824,0.8124449849128723,0.7014143466949463,0.8127691745758057,1.0173625946044922,query,0.120734803378582,600
6,3,1.2209949493408203,0.870121955871582,0.8589639663696289,0.7136422991752625,0.8589639663696289,1.0371630191802979,candidate,0.1242498904466629,600
0,3,1.262378215789795,0.9981738924980164,1.0016390085220337,0.8759175539016724,1.0017699003219604,1.122025489807129,query,0.09635330736637115,650
0,3,1.3242690563201904,0.9523510932922363,0.9552675485610962,0.8111371994018555,0.9552675485610962,1.089308261871338,candidate,0.10766874998807907,650
1,3,1.227464199066162,0.9431464672088623,0.9421830773353577,0.8135910034179688,0.9436477422714233,1.0709307193756104,query,0.10541008412837982,650
1,3,1.3308228254318237,0.9309948086738586,0.9343023300170898,0.787193775177002,0.9343023300170898,1.0717328786849976,candidate,0.11155584454536438,650
2,3,1.262215256690979,0.9999447464942932,1.000390648841858,0.8764311671257019,1.0005369186401367,1.1220144033432007,query,0.09662140905857086,650
2,3,1.3498486280441284,0.9514223337173462,0.9549181461334229,0.8136591911315918,0.9549181461334229,1.086704134941101,candidate,0.10726817697286606,650
3,3,1.2520160675048828,0.9444284439086914,0.9434725046157837,0.8252109289169312,0.9435161352157593,1.0708012580871582,query,0.10069751739501953,650
3,3,1.3191077709197998,0.9268329739570618,0.9276983141899109,0.7856391072273254,0.9276983141899109,1.0669801235198975,candidate,0.11027561128139496,650
4,3,1.2928787469863892,0.9320254921913147,0.9243770241737366,0.8017233610153198,0.9249072074890137,1.0796605348587036,query,0.11042395979166031,650
4,3,1.304469347000122,0.9335690140724182,0.9320993423461914,0.7958846688270569,0.9320993423461914,1.074542760848999,candidate,0.10717413574457169,650
5,3,1.1783709526062012,0.9057785272598267,0.9026699066162109,0.7613327503204346,0.9029814004898071,1.0603845119476318,query,0.11188726127147675,650
5,3,1.3123565912246704,0.9139780402183533,0.9139357805252075,0.7694913148880005,0.9139357805252075,1.0607850551605225,candidate,0.1132577657699585,650
6,3,1.219931721687317,0.9005547761917114,0.8808467984199524,0.770321249961853,0.8812786340713501,1.0609663724899292,query,0.11327341198921204,650
6,3,1.2790262699127197,0.9106813073158264,0.9014127254486084,0.764625072479248,0.9014127254486084,1.0719623565673828,candidate,0.11854559183120728,650
0,3,1.2923552989959717,1.006147027015686,0.991568386554718,0.878932535648346,0.9916561245918274,1.1651616096496582,query,0.11439009010791779,700
0,3,1.3352770805358887,0.9578527212142944,0.958207905292511,0.8106744885444641,0.958207905292511,1.108952522277832,candidate,0.11618106067180634,700
1,3,1.2744048833847046,0.9572188854217529,0.9597055315971375,0.8270468711853027,0.9598456025123596,1.0868127346038818,query,0.10578382760286331,700
1,3,1.2902367115020752,0.9343376755714417,0.9402098059654236,0.7903563976287842,0.9402098059654236,1.0671643018722534,candidate,0.10847626626491547,700
2,3,1.293215274810791,1.009631872177124,0.9952617883682251,0.8749002814292908,0.996056318283081,1.1774461269378662,query,0.11420369148254395,700
2,3,1.3519206047058105,0.955755889415741,0.9551476240158081,0.8092890977859497,0.9551476240158081,1.1094036102294922,candidate,0.11604318022727966,700
3,3,1.2877670526504517,0.9586805701255798,0.9538899660110474,0.8300575613975525,0.9542710781097412,1.086989164352417,query,0.09930142015218735,700
3,3,1.3088204860687256,0.9298090934753418,0.9344862699508667,0.789682149887085,0.9344862699508667,1.060158133506775,candidate,0.10745151340961456,700
4,3,1.2590057849884033,0.938846230506897,0.9471129179000854,0.7961162328720093,0.9477941989898682,1.065785527229309,query,0.10899797827005386,700
4,3,1.29085111618042,0.940234363079071,0.9427245259284973,0.7976232767105103,0.9427245259284973,1.0748299360275269,candidate,0.10739793628454208,700
5,3,1.182679533958435,0.9118418097496033,0.9100736379623413,0.7681884765625,0.9100778102874756,1.0582855939865112,query,0.11091804504394531,700
5,3,1.3145982027053833,0.9122390747070312,0.911967396736145,0.7739351987838745,0.911967396736145,1.0499485731124878,candidate,0.10712461918592453,700
6,3,1.1831730604171753,0.8936663866043091,0.8853893280029297,0.7754224538803101,0.8865810632705688,1.019097089767456,query,0.09854672104120255,700
6,3,1.2614593505859375,0.9007881283760071,0.8960616588592529,0.7711882591247559,0.8960616588592529,1.0402507781982422,candidate,0.10540026426315308,700
0,3,1.2513189315795898,1.0028796195983887,0.9932152032852173,0.8814798593521118,0.9934561252593994,1.1521961688995361,query,0.10798632353544235,750
0,3,1.2901264429092407,0.9668042063713074,0.9689536690711975,0.8290503025054932,0.9689536690711975,1.1032260656356812,candidate,0.10734464228153229,750
1,3,1.2377479076385498,0.9761207103729248,0.9874642491340637,0.8435460329055786,0.9875707626342773,1.0981287956237793,query,0.10172029584646225,750
1,3,1.262249231338501,0.9488817453384399,0.9555270075798035,0.8190115690231323,0.9555270075798035,1.0684174299240112,candidate,0.09907827526330948,750
2,3,1.2565463781356812,1.0054481029510498,0.9915144443511963,0.8885738253593445,0.9922212958335876,1.1605465412139893,query,0.10800382494926453,750
2,3,1.2992864847183228,0.9642355442047119,0.9645606279373169,0.8296223282814026,0.9645606279373169,1.0997025966644287,candidate,0.10734421014785767,750
3,3,1.2391268014907837,0.9750697016716003,0.976584792137146,0.8498459458351135,0.9770618081092834,1.0942058563232422,query,0.09465991705656052,750
3,3,1.2552497386932373,0.9445086121559143,0.9491565823554993,0.8157825469970703,0.9491565823554993,1.0664070844650269,candidate,0.0983758270740509,750
4,3,1.2615525722503662,0.9554319381713867,0.954675018787384,0.8155768513679504,0.9546949863433838,1.0890902280807495,query,0.10641588270664215,750
4,3,1.309781551361084,0.9560269117355347,0.9592811465263367,0.8170000910758972,0.9592811465263367,1.0871608257293701,candidate,0.10502457618713379,750
5,3,1.190434217453003,0.9349195957183838,0.9286324381828308,0.7977240681648254,0.9287596940994263,1.079681634902954,query,0.1066947802901268,750
5,3,1.3152412176132202,0.9281904101371765,0.9276571273803711,0.8030627369880676,0.9276571273803711,1.0516563653945923,candidate,0.09560969471931458,750
6,3,1.184541940689087,0.9036238193511963,0.9014803171157837,0.802730917930603,0.9021049737930298,1.0069262981414795,query,0.08335692435503006,750
6,3,1.239391565322876,0.9145756959915161,0.9128965139389038,0.8045306205749512,0.9128965139389038,1.0279347896575928,candidate,0.08953239768743515,750
0,3,1.282665729522705,1.024856686592102,1.0113567113876343,0.890096127986908,1.0118478536605835,1.179039478302002,query,0.11855015158653259,795
0,3,1.3253982067108154,1.0046600103378296,1.0082510709762573,0.8566997051239014,1.0082510709762573,1.1460545063018799,candidate,0.11201813071966171,795
1,3,1.2575938701629639,1.014187216758728,1.0240850448608398,0.8886795043945312,1.024425745010376,1.1319580078125,query,0.10208844393491745,795
1,3,1.2929787635803223,0.9960405826568604,1.0039318799972534,0.8578761219978333,1.0039318799972534,1.1237645149230957,candidate,0.1045963242650032,795
2,3,1.28502357006073,1.0258183479309082,1.0141099691390991,0.8843023180961609,1.0152983665466309,1.181667447090149,query,0.11848943680524826,795
2,3,1.335538625717163,1.0041836500167847,1.0060843229293823,0.8586872816085815,1.0060843229293823,1.1479905843734741,candidate,0.11199503391981125,795
3,3,1.2325119972229004,1.012437105178833,1.0212684869766235,0.8910094499588013,1.0221226215362549,1.1349260807037354,query,0.09996811300516129,795
3,3,1.3174333572387695,0.9948091506958008,1.001168966293335,0.8586621880531311,1.001168966293335,1.1215790510177612,candidate,0.10280193388462067,795
4,3,1.3095805644989014,0.9971299171447754,0.9875679612159729,0.8589991927146912,0.9881179928779602,1.1359937191009521,query,0.10386916995048523,795
4,3,1.3093199729919434,0.9852859377861023,0.9927486777305603,0.8430798053741455,0.9927486777305603,1.1162059307098389,candidate,0.10608024895191193,795
5,3,1.2494312524795532,0.9937898516654968,0.9937762022018433,0.8642474412918091,0.9944541454315186,1.1245344877243042,query,0.10237354785203934,795
5,3,1.3087053298950195,0.9871797561645508,0.9888685941696167,0.8639633059501648,0.9888685941696167,1.1069867610931396,candidate,0.09395190328359604,795
6,3,1.2483224868774414,0.9778989553451538,0.9723596572875977,0.8854936957359314,0.9724066257476807,1.0768241882324219,query,0.07692143321037292,795
6,3,1.2717933654785156,0.9841269850730896,0.9842921495437622,0.8740872740745544,0.9842921495437622,1.092905879020691,candidate,0.08662267029285431,795
0,4,1.2678265571594238,1.010960578918457,1.001883625984192,0.8729954957962036,1.0019475221633911,1.161347508430481,query,0.11785940825939178,800
0,4,1.3049719333648682,0.9982177019119263,1.0019439458847046,0.8557339310646057,1.0019439458847046,1.1348246335983276,candidate,0.10800197720527649,800
1,4,1.231184959411621,1.0085828304290771,1.0180178880691528,0.8928903341293335,1.019027829170227,1.1236815452575684,query,0.09573320299386978,800
1,4,1.2923457622528076,0.9941562414169312,1.001601219177246,0.8614235520362854,1.001601219177246,1.113957405090332,candidate,0.10013162344694138,800
2,4,1.2707949876785278,1.0102514028549194,1.0016613006591797,0.8615406155586243,1.0018056631088257,1.1636006832122803,query,0.11867514252662659,800
2,4,1.31355881690979,0.9981630444526672,0.9993699193000793,0.8567818403244019,0.9993699193000793,1.1373459100723267,candidate,0.10778340697288513,800
3,4,1.2036778926849365,1.0069236755371094,1.0126659870147705,0.8766425848007202,1.013213872909546,1.1287888288497925,query,0.09586416184902191,800
3,4,1.3218926191329956,0.9936356544494629,0.9996224045753479,0.8632819652557373,0.9996224045753479,1.1134281158447266,candidate,0.09820713847875595,800
4,4,1.314575433731079,0.9954974055290222,0.9903661012649536,0.8728049993515015,0.9905107617378235,1.120675802230835,query,0.09726030379533768,800
4,4,1.296241044998169,0.983022928237915,0.9897102117538452,0.8416473269462585,0.9897102117538452,1.110372543334961,candidate,0.10441171377897263,800
5,4,1.234246015548706,0.9954814910888672,0.9987087249755859,0.8702607750892639,0.9987685680389404,1.1151001453399658,query,0.09481023997068405,800
5,4,1.3258576393127441,0.9879041910171509,0.9903040528297424,0.8690635561943054,0.9903040528297424,1.1021604537963867,candidate,0.09033778309822083,800
6,4,1.2410205602645874,0.9787659049034119,0.9712111353874207,0.8935847878456116,0.9713208675384521,1.0687265396118164,query,0.07133954018354416,800
6,4,1.254555344581604,0.9854130744934082,0.9849076271057129,0.8850327730178833,0.9849076271057129,1.0876284837722778,candidate,0.07976288348436356,800
0,4,1.231641173362732,1.0390214920043945,1.0499818325042725,0.9126390218734741,1.0521211624145508,1.167297601699829,query,0.10664382576942444,850
0,4,1.308239459991455,1.0246541500091553,1.0377305746078491,0.8783175349235535,1.0377305746078491,1.1515262126922607,candidate,0.10639638453722,850
1,4,1.2595254182815552,1.0268481969833374,1.0398335456848145,0.9069219827651978,1.0405056476593018,1.1406357288360596,query,0.09914596378803253,850
1,4,1.3211326599121094,1.0165603160858154,1.0288065671920776,0.8729974031448364,1.0288065671920776,1.14078950881958,candidate,0.10645764321088791,850
2,4,1.2211683988571167,1.0408267974853516,1.0541460514068604,0.9048544764518738,1.0542712211608887,1.1690285205841064,query,0.10690601170063019,850
2,4,1.3104768991470337,1.0258469581604004,1.0384610891342163,0.8792550563812256,1.0384610891342163,1.1513696908950806,candidate,0.10533231496810913,850
3,4,1.2593286037445068,1.024634838104248,1.030010461807251,0.8905476331710815,1.030911922454834,1.1385340690612793,query,0.09803108870983124,850
3,4,1.3314547538757324,1.015866994857788,1.0260542631149292,0.8743194341659546,1.0260542631149292,1.1399470567703247,candidate,0.10401609539985657,850
4,4,1.322282075881958,1.0180909633636475,1.0254093408584595,0.8952353000640869,1.0257736444473267,1.1386077404022217,query,0.09751953929662704,850
4,4,1.3334813117980957,1.001675009727478,1.0114883184432983,0.8529244661331177,1.0114883184432983,1.1309373378753662,candidate,0.10807835310697556,850
5,4,1.2471364736557007,1.0160292387008667,1.020640254020691,0.8822948932647705,1.0217792987823486,1.1423633098602295,query,0.10012876242399216,850
5,4,1.3524342775344849,1.0115028619766235,1.0160006284713745,0.8830940127372742,1.0160006284713745,1.1336151361465454,candidate,0.097617968916893,850
6,4,1.23365318775177,0.9997771382331848,0.9881636500358582,0.9071698188781738,0.9888306856155396,1.1034002304077148,query,0.07986800372600555,850
6,4,1.3107147216796875,1.0099477767944336,1.0082566738128662,0.8934410214424133,1.0082566738128662,1.1304744482040405,candidate,0.09012337774038315,850
0,4,1.2315304279327393,1.0043237209320068,1.006295919418335,0.8825139999389648,1.0064020156860352,1.1371028423309326,query,0.10234440863132477,900
0,4,1.336158275604248,0.9991999268531799,1.0084255933761597,0.8541415929794312,1.0084255933761597,1.1296411752700806,candidate,0.10672441124916077,900
1,4,1.241296410560608,1.0046781301498413,1.0225714445114136,0.8781866431236267,1.0233104228973389,1.106085181236267,query,0.0981835424900055,900
1,4,1.3601839542388916,0.9973652958869934,1.0108593702316284,0.8462401032447815,1.0108593702316284,1.1251057386398315,candidate,0.11115451157093048,900
2,4,1.2207064628601074,1.005204677581787,1.0102636814117432,0.8829853534698486,1.0104249715805054,1.1330595016479492,query,0.09995152801275253,900
2,4,1.3376574516296387,1.0007755756378174,1.010635495185852,0.8564326763153076,1.010635495185852,1.1285994052886963,candidate,0.10595761984586716,900
3,4,1.2253670692443848,1.0054845809936523,1.0171377658843994,0.876236081123352,1.0172728300094604,1.1128753423690796,query,0.09779351949691772,900
3,4,1.3426294326782227,0.9974104762077332,1.0079129934310913,0.8503720760345459,1.0079129934310913,1.1242539882659912,candidate,0.10800597816705704,900
4,4,1.3174006938934326,1.0027501583099365,1.006988525390625,0.8762650489807129,1.0074913501739502,1.1289693117141724,query,0.09941790252923965,900
4,4,1.319584608078003,0.9804040193557739,0.9874935150146484,0.8357492089271545,0.9874935150146484,1.1141023635864258,candidate,0.10821732133626938,900
5,4,1.258664846420288,1.0002756118774414,1.00788414478302,0.8603121042251587,1.0079081058502197,1.1293320655822754,query,0.10173392295837402,900
5,4,1.3122601509094238,0.9932136535644531,0.9988160133361816,0.8637657761573792,0.9988160133361816,1.1151716709136963,candidate,0.09929133951663971,900
6,4,1.2320890426635742,0.9898958206176758,0.9848366975784302,0.8879483938217163,0.9855935573577881,1.1017868518829346,query,0.08628267049789429,900
6,4,1.2948607206344604,0.9975310564041138,1.0035631656646729,0.8675365447998047,1.0035631656646729,1.118222713470459,candidate,0.09561960399150848,900
0,4,1.2860400676727295,1.0151604413986206,1.0056672096252441,0.8945472240447998,1.0057095289230347,1.1789195537567139,query,0.1113281175494194,950
0,4,1.3246338367462158,0.9888423085212708,0.9933755397796631,0.8465744853019714,0.9933755397796631,1.124716877937317,candidate,0.11116540431976318,950
1,4,1.2121829986572266,0.9892255067825317,0.9995840787887573,0.8630177974700928,0.9996395111083984,1.1083333492279053,query,0.102379709482193,950
1,4,1.3221125602722168,0.9791145920753479,0.9876352548599243,0.8324323892593384,0.9876352548599243,1.1126230955123901,candidate,0.10983991622924805,950
2,4,1.2821898460388184,1.0167076587677002,1.0123404264450073,0.8874340653419495,1.0124123096466064,1.1780471801757812,query,0.10938982665538788,950
2,4,1.3018403053283691,0.989632785320282,0.9944929480552673,0.8460717797279358,0.9944929480552673,1.1236302852630615,candidate,0.11062794178724289,950
3,4,1.2229572534561157,0.9911396503448486,0.9895274043083191,0.8628121018409729,0.9900076389312744,1.1205577850341797,query,0.10108709335327148,950
3,4,1.2807769775390625,0.9760618209838867,0.9844035506248474,0.8311119079589844,0.9844035506248474,1.1064296960830688,candidate,0.1062304824590683,950
4,4,1.2496598958969116,0.9931870102882385,0.9909797310829163,0.8690407276153564,0.9929668307304382,1.1395447254180908,query,0.10595069080591202,950
4,4,1.3214976787567139,0.9705386757850647,0.9742703437805176,0.8299350142478943,0.9742703437805176,1.1098390817642212,candidate,0.10772889852523804,950
5,4,1.2466524839401245,0.9805343151092529,0.9824002385139465,0.8352985382080078,0.9824395179748535,1.1088485717773438,query,0.10521826893091202,950
5,4,1.302548885345459,0.9708734750747681,0.9745882153511047,0.8418772220611572,0.9745882153511047,1.09437096118927,candidate,0.09972177445888519,950
6,4,1.2467306852340698,0.9657477140426636,0.9599506855010986,0.8545780777931213,0.9605372548103333,1.081228494644165,query,0.09578420966863632,950
6,4,1.2759978771209717,0.9735293388366699,0.9765744805335999,0.8378316164016724,0.9765744805335999,1.1041879653930664,candidate,0.10222518444061279,950
0,4,1.175804615020752,0.9594786763191223,0.962608277797699,0.8377026319503784,0.9626560211181641,1.0824772119522095,query,0.09042102098464966,1000
0,4,1.239790439605713,0.9359259009361267,0.9433934092521667,0.8084502220153809,0.9433934092521667,1.0533292293548584,candidate,0.0958225205540657,1000
1,4,1.1658620834350586,0.9395768642425537,0.944629430770874,0.8245609998703003,0.9448146224021912,1.0499889850616455,query,0.0902264192700386,1000
1,4,1.273386001586914,0.92661052942276,0.9381095767021179,0.7923223972320557,0.9381095767021179,1.0410624742507935,candidate,0.09800876677036285,1000
2,4,1.183791995048523,0.9598640203475952,0.9598946571350098,0.851184606552124,0.9600974321365356,1.0774602890014648,query,0.08689399063587189,1000
2,4,1.2624984979629517,0.936266303062439,0.943743884563446,0.8097092509269714,0.943743884563446,1.052110195159912,candidate,0.09535741806030273,1000
3,4,1.1769030094146729,0.9420974850654602,0.9418373107910156,0.831577479839325,0.941886305809021,1.0601634979248047,query,0.08811779320240021,1000
3,4,1.2339460849761963,0.9233627319335938,0.9341623187065125,0.7897843718528748,0.9341623187065125,1.038022756576538,candidate,0.09603498876094818,1000
4,4,1.1808958053588867,0.9436178207397461,0.9343367218971252,0.8270816802978516,0.9350510239601135,1.0785009860992432,query,0.09754659980535507,1000
4,4,1.2981584072113037,0.9193760752677917,0.9263689517974854,0.7801544666290283,0.9263689517974854,1.045027732849121,candidate,0.10305772721767426,1000
5,4,1.1637526750564575,0.9295938014984131,0.9365699887275696,0.7913909554481506,0.9369555711746216,1.0506269931793213,query,0.09740643203258514,1000
5,4,1.2505099773406982,0.9187361001968384,0.923974871635437,0.7936450839042664,0.923974871635437,1.0331453084945679,candidate,0.09408347308635712,1000
6,4,1.20065438747406,0.9121277332305908,0.9094344973564148,0.7982446551322937,0.9094717502593994,1.033951759338379,query,0.09759816527366638,1000
6,4,1.265139102935791,0.9222412705421448,0.9252070784568787,0.7869981527328491,0.9252070784568787,1.0507874488830566,candidate,0.10075432807207108,1000
0,4,1.1440738439559937,0.9602892398834229,0.9668006300926208,0.8435235023498535,0.9669637084007263,1.064774990081787,query,0.08714045584201813,1050
0,4,1.2172770500183105,0.9323825836181641,0.9417734146118164,0.8043199777603149,0.9417734146118164,1.0440797805786133,candidate,0.0937870517373085,1050
1,4,1.1593319177627563,0.9387518763542175,0.9445348381996155,0.822857141494751,0.944891095161438,1.0395581722259521,query,0.08929514139890671,1050
1,4,1.2696738243103027,0.9264588952064514,0.938831090927124,0.7953861355781555,0.938831090927124,1.0383363962173462,candidate,0.09539789706468582,1050
2,4,1.1647709608078003,0.96085125207901,0.9675624966621399,0.8488852977752686,0.968017578125,1.0586504936218262,query,0.08321606367826462,1050
2,4,1.2345532178878784,0.9319586157798767,0.942207932472229,0.8037526607513428,0.942207932472229,1.0426762104034424,candidate,0.09379149973392487,1050
3,4,1.165314793586731,0.9393907785415649,0.9462785124778748,0.818610429763794,0.9471046924591064,1.0429015159606934,query,0.0868244543671608,1050
3,4,1.2277987003326416,0.9210282564163208,0.9319409728050232,0.7929195761680603,0.9319409728050232,1.0315338373184204,candidate,0.0932905524969101,1050
4,4,1.2017055749893188,0.937303900718689,0.9371155500411987,0.8144087195396423,0.9371583461761475,1.060831069946289,query,0.09483809024095535,1050
4,4,1.2634493112564087,0.9196645021438599,0.9244901537895203,0.7840319275856018,0.9244901537895203,1.0446428060531616,candidate,0.10254711657762527,1050
5,4,1.1715610027313232,0.9247671365737915,0.9374364614486694,0.8024637699127197,0.9377557039260864,1.0427815914154053,query,0.09244975447654724,1050
5,4,1.2486997842788696,0.9125288128852844,0.9178358316421509,0.7942026853561401,0.9178358316421509,1.0218029022216797,candidate,0.0904468297958374,1050
6,4,1.165795087814331,0.9004836082458496,0.8995432257652283,0.7872332334518433,0.9001158475875854,1.0251011848449707,query,0.09816466271877289,1050
6,4,1.270171046257019,0.9145920872688293,0.9187352657318115,0.7825420498847961,0.9187352657318115,1.0392932891845703,candidate,0.0991198942065239,1050
0,4,1.1167904138565063,0.9518021941184998,0.9656341075897217,0.833389163017273,0.9661550521850586,1.0514540672302246,query,0.08818641304969788,1060
0,4,1.2167561054229736,0.9257829785346985,0.9351699352264404,0.7957496047019958,0.9351699352264404,1.0388137102127075,candidate,0.09614355862140656,1060
1,4,1.1664692163467407,0.934097409248352,0.9407858848571777,0.80775386095047,0.9412486553192139,1.0462753772735596,query,0.0945579931139946,1060
1,4,1.259069800376892,0.9208102226257324,0.9311305284500122,0.7873087525367737,0.9311305284500122,1.0389442443847656,candidate,0.09826639294624329,1060
2,4,1.1318929195404053,0.9524351358413696,0.9681543707847595,0.8239632844924927,0.9687027931213379,1.0475856065750122,query,0.08367998898029327,1060
2,4,1.2249207496643066,0.9249396324157715,0.9354972839355469,0.7944581508636475,0.9354972839355469,1.0376604795455933,candidate,0.09620850533246994,1060
3,4,1.1754804849624634,0.9342163801193237,0.941019594669342,0.8042647838592529,0.9412500858306885,1.0467027425765991,query,0.09216171503067017,1060
3,4,1.248024344444275,0.9153896570205688,0.9242404699325562,0.7848673462867737,0.9242404699325562,1.0294042825698853,candidate,0.09608043730258942,1060
4,4,1.215442419052124,0.9319872260093689,0.9320289492607117,0.8014845848083496,0.9323074221611023,1.0672478675842285,query,0.09782804548740387,1060
4,4,1.2762938737869263,0.9153400659561157,0.9203073978424072,0.7807947993278503,0.9203073978424072,1.0416570901870728,candidate,0.1024901494383812,1060
5,4,1.1776728630065918,0.9177854061126709,0.9205154776573181,0.7962793111801147,0.9212654829025269,1.0387756824493408,query,0.09464041888713837,1060
5,4,1.2488166093826294,0.9056123495101929,0.9093329310417175,0.7853246331214905,0.9093329310417175,1.0165395736694336,candidate,0.09247303754091263,1060
6,4,1.1633769273757935,0.8936350345611572,0.8918243050575256,0.7775934934616089,0.8918486833572388,1.025994062423706,query,0.10067788511514664,1060
6,4,1.2585642337799072,0.908512532711029,0.9118789434432983,0.7752882242202759,0.9118789434432983,1.0384830236434937,candidate,0.10158068686723709,1060
0,5,1.2090754508972168,0.9862762689590454,0.9986029267311096,0.84025639295578,0.9987000226974487,1.112154245376587,query,0.10442458093166351,1100
0,5,1.271098256111145,0.9400728940963745,0.9484900832176208,0.7845599055290222,0.9484900832176208,1.080718994140625,candidate,0.11429735273122787,1100
1,5,1.219044804573059,0.9409816265106201,0.9428720474243164,0.7878303527832031,0.9436080455780029,1.0785279273986816,query,0.11183349788188934,1100
1,5,1.2700908184051514,0.923604428768158,0.929593026638031,0.7721947431564331,0.929593026638031,1.0671007633209229,candidate,0.11387047916650772,1100
2,5,1.2176530361175537,0.9894582033157349,0.9975597858428955,0.8486945629119873,0.9981542825698853,1.1142535209655762,query,0.10062269121408463,1100
2,5,1.2802746295928955,0.9389629364013672,0.9472382068634033,0.7825468182563782,0.9472382068634033,1.0803641080856323,candidate,0.11524896323680878,1100
3,5,1.2169569730758667,0.9391602277755737,0.943798840045929,0.7798964977264404,0.9449930191040039,1.0626546144485474,query,0.10839009284973145,1100
3,5,1.286313772201538,0.9159074425697327,0.9216198921203613,0.7693801522254944,0.9216198921203613,1.0555001497268677,candidate,0.11129902303218842,1100
4,5,1.3108303546905518,0.9281271696090698,0.9316691160202026,0.7757080793380737,0.9321932792663574,1.0805139541625977,query,0.11394903808832169,1100
4,5,1.2933404445648193,0.9251895546913147,0.922395646572113,0.7697717547416687,0.922395646572113,1.0831012725830078,candidate,0.11993514746427536,1100
5,5,1.1983356475830078,0.912143349647522,0.9131917357444763,0.7801169753074646,0.9132251739501953,1.0576969385147095,query,0.10636459290981293,1100
5,5,1.2770099639892578,0.9024477005004883,0.9021913409233093,0.7660862803459167,0.9021913409233093,1.0370327234268188,candidate,0.10523863136768341,1100
6,5,1.2009117603302002,0.8821452260017395,0.8728156685829163,0.7624006271362305,0.8729431629180908,1.0399384498596191,query,0.10867336392402649,1100
6,5,1.2746515274047852,0.9002320170402527,0.8987011313438416,0.7553935050964355,0.8987011313438416,1.048657774925232,candidate,0.11096428334712982,1100
0,5,1.248337984085083,0.9842941761016846,0.9848951101303101,0.8429982662200928,0.9865838289260864,1.1164170503616333,query,0.10866846144199371,1150
0,5,1.3147510290145874,0.951943039894104,0.9563863277435303,0.7927436828613281,0.9563863277435303,1.1022489070892334,candidate,0.11723414063453674,1150
1,5,1.2362689971923828,0.9602980613708496,0.9587715864181519,0.8111867904663086,0.9588357210159302,1.1148643493652344,query,0.1138206496834755,1150
1,5,1.2944519519805908,0.9405584931373596,0.9471273422241211,0.788564920425415,0.9471273422241211,1.0829226970672607,candidate,0.11502115428447723,1150
2,5,1.2191828489303589,0.986438512802124,0.9870931506156921,0.8416918516159058,0.987155556678772,1.1175808906555176,query,0.1054324135184288,1150
2,5,1.3224347829818726,0.9494433403015137,0.953210175037384,0.7922624349594116,0.953210175037384,1.098418116569519,candidate,0.11714229732751846,1150
3,5,1.23556387424469,0.9579838514328003,0.9605252742767334,0.804358959197998,0.9607793688774109,1.088536262512207,query,0.11078378558158875,1150
3,5,1.3087068796157837,0.9330969452857971,0.9389387369155884,0.7839686274528503,0.9389387369155884,1.0735177993774414,candidate,0.1132550984621048,1150
4,5,1.3104703426361084,0.9437706470489502,0.9491544961929321,0.7901335954666138,0.9492527842521667,1.0808295011520386,query,0.1127057895064354,1150
4,5,1.3247308731079102,0.9435703158378601,0.9409855008125305,0.7944514751434326,0.9409855008125305,1.0974419116973877,candidate,0.11761882156133652,1150
5,5,1.1911633014678955,0.9242873191833496,0.9202677011489868,0.7871078252792358,0.9209691286087036,1.0752023458480835,query,0.1092127189040184,1150
5,5,1.286644458770752,0.9172090291976929,0.9183846712112427,0.7744405269622803,0.9183846712112427,1.057612419128418,candidate,0.10988670587539673,1150
6,5,1.2005506753921509,0.8911269307136536,0.8768691420555115,0.7669647932052612,0.8787523508071899,1.0510952472686768,query,0.10755788534879684,1150
6,5,1.2925032377243042,0.9108455777168274,0.9072368741035461,0.7691982984542847,0.9072368741035461,1.0624628067016602,candidate,0.11081772297620773,1150
0,5,1.231126070022583,0.9900143146514893,0.9923568964004517,0.8430492877960205,0.9926102161407471,1.1292672157287598,query,0.11518523097038269,1200
0,5,1.3181309700012207,0.9789493083953857,0.9795445203781128,0.8221849799156189,0.9795445203781128,1.1369142532348633,candidate,0.11656419932842255,1200
1,5,1.2489999532699585,0.9888145923614502,0.9871249198913574,0.8424981832504272,0.9872945547103882,1.1433169841766357,query,0.11316534131765366,1200
1,5,1.3512996435165405,0.9740771055221558,0.9731976389884949,0.8273601531982422,0.9731976389884949,1.1273213624954224,candidate,0.1147579625248909,1200
2,5,1.22368323802948,0.992095947265625,0.9842792749404907,0.8532074093818665,0.9852895736694336,1.1339848041534424,query,0.11114071309566498,1200
2,5,1.3261710405349731,0.9769328236579895,0.9770144820213318,0.8246926665306091,0.9770144820213318,1.133579134941101,candidate,0.11471192538738251,1200
3,5,1.2380505800247192,0.987480878829956,0.9822676777839661,0.8426541686058044,0.9827995300292969,1.1280854940414429,query,0.11053288727998734,1200
3,5,1.3646130561828613,0.9703735113143921,0.9699109792709351,0.8252411484718323,0.9699109792709351,1.1199500560760498,candidate,0.11298985034227371,1200
4,5,1.3062214851379395,0.9696069955825806,0.9668375253677368,0.8323494791984558,0.9672021865844727,1.114697813987732,query,0.10787146538496017,1200
4,5,1.3376439809799194,0.9673386216163635,0.962806761264801,0.8066855072975159,0.962806761264801,1.1387819051742554,candidate,0.12537744641304016,1200
5,5,1.212437391281128,0.9620847105979919,0.9525918960571289,0.8435800075531006,0.9533573985099792,1.111609697341919,query,0.10308951884508133,1200
5,5,1.2904820442199707,0.9605369567871094,0.9551078677177429,0.8267587423324585,0.9551078677177429,1.1085213422775269,candidate,0.1066162958741188,1200
6,5,1.2260841131210327,0.9432777166366577,0.9302473664283752,0.8353098630905151,0.9305131435394287,1.0857532024383545,query,0.09545803815126419,1200
6,5,1.307089924812317,0.9588894844055176,0.9480136632919312,0.8349332809448242,0.9480136632919312,1.1016901731491089,candidate,0.1019967570900917,1200
0,5,1.2484958171844482,0.9797440767288208,0.9865720868110657,0.8241002559661865,0.9870530962944031,1.132340669631958,query,0.1184871718287468,1250
0,5,1.325150728225708,0.9966053366661072,1.000267505645752,0.8463816046714783,1.000267505645752,1.139265537261963,candidate,0.11063072830438614,1250
1,5,1.2557556629180908,1.0032658576965332,0.9998716711997986,0.8588466644287109,1.0000180006027222,1.1521475315093994,query,0.11009210348129272,1250
1,5,1.3182432651519775,1.000550389289856,1.0038455724716187,0.8570561408996582,1.0038455724716187,1.1381174325942993,candidate,0.10839132219552994,1250
2,5,1.24679696559906,0.9810951948165894,0.9897500276565552,0.8193209767341614,0.9898340702056885,1.1300289630889893,query,0.11334296315908432,1250
2,5,1.334791660308838,0.9978864192962646,1.0014773607254028,0.8489182591438293,1.0014773607254028,1.139591932296753,candidate,0.10930623859167099,1250
3,5,1.2411389350891113,1.0026192665100098,1.0066508054733276,0.85225909948349,1.007216453552246,1.1488150358200073,query,0.1085638776421547,1250
3,5,1.3215057849884033,1.0029057264328003,1.005938172340393,0.8647488355636597,1.005938172340393,1.1377841234207153,candidate,0.10562300682067871,1250
4,5,1.3235610723495483,0.9949678182601929,0.9918530583381653,0.8474212288856506,0.9925117492675781,1.1301493644714355,query,0.10655020922422409,1250
4,5,1.3139245510101318,0.9753352403640747,0.9761393666267395,0.8194711208343506,0.9761393666267395,1.1300379037857056,candidate,0.11859335750341415,1250
5,5,1.202458143234253,1.0060718059539795,1.0018441677093506,0.8929965496063232,1.0028194189071655,1.14176344871521,query,0.09213246405124664,1250
5,5,1.3061838150024414,1.006405234336853,1.003577709197998,0.8858720064163208,1.003577709197998,1.1335639953613281,candidate,0.09532521665096283,1250
6,5,1.2409268617630005,1.0199025869369507,1.0090190172195435,0.9204165935516357,1.009573221206665,1.1391156911849976,query,0.08278876543045044,1250
6,5,1.2991886138916016,1.0217925310134888,1.0106639862060547,0.9192660450935364,1.0106639862060547,1.1420271396636963,candidate,0.08647353202104568,1250
0,5,1.2225284576416016,0.939624547958374,0.9617971181869507,0.7735094428062439,0.9621590375900269,1.0692932605743408,query,0.11143043637275696,1300
0,5,1.3377045392990112,0.9698854684829712,0.9806199073791504,0.8225211501121521,0.9806199073791504,1.0987248420715332,candidate,0.10647016763687134,1300
1,5,1.2660149335861206,0.9756813049316406,0.969009518623352,0.8388221263885498,0.9694470167160034,1.126435399055481,query,0.10907498747110367,1300
1,5,1.296452283859253,0.9809292554855347,0.9859405159950256,0.841536819934845,0.9859405159950256,1.1106406450271606,candidate,0.10372581332921982,1300
2,5,1.2105209827423096,0.9392749667167664,0.9561240077018738,0.7814176082611084,0.9569425582885742,1.0572538375854492,query,0.1043286845088005,1300
2,5,1.3371334075927734,0.9722118377685547,0.9835072159767151,0.8277114033699036,0.9835072159767151,1.096935749053955,candidate,0.10406427085399628,1300
3,5,1.2280548810958862,0.9759674668312073,0.9771920442581177,0.8336190581321716,0.9772674441337585,1.1127996444702148,query,0.10928117483854294,1300
3,5,1.305450439453125,0.9859026670455933,0.9895176887512207,0.8531224131584167,0.9895176887512207,1.1137276887893677,candidate,0.10134300589561462,1300
4,5,1.3238766193389893,0.977110743522644,0.9856305718421936,0.8289215564727783,0.9869617223739624,1.1158335208892822,query,0.10839368402957916,1300
4,5,1.3038618564605713,0.949259340763092,0.9503008127212524,0.7966848015785217,0.9503008127212524,1.0983386039733887,candidate,0.11605644971132278,1300
5,5,1.224749207496643,0.9965518116950989,0.9978850483894348,0.8838346004486084,0.9984983205795288,1.1094083786010742,query,0.08845346421003342,1300
5,5,1.32249116897583,0.9977604746818542,0.997880220413208,0.8810766935348511,0.997880220413208,1.115330457687378,candidate,0.09015343338251114,1300
6,5,1.2615535259246826,1.0267795324325562,1.01251220703125,0.9292367100715637,1.01271653175354,1.1501567363739014,query,0.0855507031083107,1300
6,5,1.304645299911499,1.020737886428833,1.0087573528289795,0.915584146976471,1.0087573528289795,1.1436342000961304,candidate,0.0876455307006836,1300
0,5,1.166658878326416,0.9174971580505371,0.9200779795646667,0.7634477019309998,0.9223490953445435,1.0586965084075928,query,0.10836327821016312,1325
0,5,1.308379888534546,0.9474297761917114,0.9513691067695618,0.8069654703140259,0.9513691067695618,1.075144648551941,candidate,0.10380139946937561,1325
1,5,1.2443442344665527,0.9517673254013062,0.9506903290748596,0.8247445821762085,0.9518874883651733,1.0827958583831787,query,0.10172808170318604,1325
1,5,1.2889177799224854,0.9582210183143616,0.9598320722579956,0.8310146331787109,0.9598320722579956,1.085263967514038,candidate,0.09915035963058472,1325
2,5,1.151489019393921,0.9169346690177917,0.921624481678009,0.7781230211257935,0.923507809638977,1.0505448579788208,query,0.10306715220212936,1325
2,5,1.2978516817092896,0.9503275156021118,0.9592418670654297,0.812017023563385,0.9592418670654297,1.0712295770645142,candidate,0.10051115602254868,1325
3,5,1.2254127264022827,0.9521157741546631,0.9518255591392517,0.8199610710144043,0.9528142213821411,1.0806899070739746,query,0.10067079961299896,1325
3,5,1.3020182847976685,0.9640289545059204,0.9634227752685547,0.8431575894355774,0.9634227752685547,1.0891656875610352,candidate,0.09700581431388855,1325
4,5,1.2545666694641113,0.9563097953796387,0.9656875133514404,0.8159086108207703,0.9657770395278931,1.0839552879333496,query,0.09988289326429367,1325
4,5,1.2811362743377686,0.9288700819015503,0.9266459345817566,0.7867859601974487,0.9266459345817566,1.0715714693069458,candidate,0.110501728951931,1325
5,5,1.2345540523529053,0.9724247455596924,0.9711663126945496,0.8576021194458008,0.9714425802230835,1.0768488645553589,query,0.08502901345491409,1325
5,5,1.3050607442855835,0.9764924645423889,0.9761175513267517,0.8639885783195496,0.9761175513267517,1.0887285470962524,candidate,0.08712886273860931,1325
6,5,1.2238967418670654,1.0135841369628906,1.007624626159668,0.9218661785125732,1.0086846351623535,1.1122550964355469,query,0.07755636423826218,1325
6,5,1.2571814060211182,1.0001287460327148,0.9937160611152649,0.9008081555366516,0.9937160611152649,1.1116689443588257,candidate,0.0803670883178711,1325
0,6,1.1367841958999634,0.9056610465049744,0.9063124060630798,0.7636871933937073,0.9077406525611877,1.0372511148452759,query,0.10386066883802414,1350
0,6,1.2965233325958252,0.9262802004814148,0.9271118640899658,0.7862691879272461,0.9271118640899658,1.0604263544082642,candidate,0.10677863657474518,1350
1,6,1.2513842582702637,0.9252903461456299,0.9225108623504639,0.8011853098869324,0.9231047034263611,1.06449556350708,query,0.10464765131473541,1350
1,6,1.279447317123413,0.9297651648521423,0.9291308522224426,0.7999191284179688,0.9291308522224426,1.065096139907837,candidate,0.10415779799222946,1350
2,6,1.1474649906158447,0.9071180820465088,0.9061154723167419,0.7683601379394531,0.9070550203323364,1.0321812629699707,query,0.09990508109331131,1350
2,6,1.2705938816070557,0.9294055104255676,0.9340144991874695,0.7911074757575989,0.9340144991874695,1.0557358264923096,candidate,0.10219468176364899,1350
3,6,1.2117581367492676,0.926028847694397,0.9245532751083374,0.8049913048744202,0.9258558750152588,1.0633630752563477,query,0.10459890216588974,1350
3,6,1.2900397777557373,0.935041069984436,0.9342567324638367,0.8084056377410889,0.9342567324638367,1.0673441886901855,candidate,0.10231143236160278,1350
4,6,1.2107657194137573,0.9282318353652954,0.9273289442062378,0.7963892221450806,0.9283239841461182,1.059950590133667,query,0.10151245445013046,1350
4,6,1.2879747152328491,0.9059467315673828,0.9021707773208618,0.7585522532463074,0.9021707773208618,1.0572863817214966,candidate,0.11640596389770508,1350
5,6,1.2191184759140015,0.9416294097900391,0.9380078315734863,0.8268305659294128,0.9380893111228943,1.0512986183166504,query,0.08734381198883057,1350
5,6,1.2611163854599,0.9451024532318115,0.9446116089820862,0.8240576982498169,0.9446116089820862,1.0650604963302612,candidate,0.09280262887477875,1350
6,6,1.2064495086669922,0.9771072864532471,0.9724754691123962,0.876334011554718,0.9725508689880371,1.0849449634552002,query,0.08205490559339523,1350
6,6,1.226171612739563,0.9653348326683044,0.9608530402183533,0.8568407893180847,0.9608530402183533,1.0826942920684814,candidate,0.08615230768918991,1350
0,6,1.1883397102355957,0.9317836165428162,0.9257760643959045,0.8133260607719421,0.9264731407165527,1.0594241619110107,query,0.09711098670959473,1400
0,6,1.3782544136047363,0.9469290375709534,0.9416371583938599,0.8213191628456116,0.9416371583938599,1.0792218446731567,candidate,0.10055173933506012,1400
1,6,1.2885448932647705,0.9337925314903259,0.9299300909042358,0.7982989549636841,0.9299914836883545,1.0772408246994019,query,0.10740731656551361,1400
1,6,1.3249170780181885,0.9432621002197266,0.9399913549423218,0.8109353184700012,0.9399913549423218,1.0804637670516968,candidate,0.10405591875314713,1400
2,6,1.194449782371521,0.9319614768028259,0.9181363582611084,0.8189006447792053,0.9199509024620056,1.0556046962738037,query,0.09309280663728714,1400
2,6,1.3423441648483276,0.95053631067276,0.9486478567123413,0.828106701374054,0.9486478567123413,1.0740883350372314,candidate,0.09510783851146698,1400
3,6,1.2823529243469238,0.9351664781570435,0.9294856786727905,0.7953648567199707,0.9295045137405396,1.0801347494125366,query,0.11038108915090561,1400
3,6,1.3185433149337769,0.9490341544151306,0.9463391900062561,0.8192532062530518,0.9463391900062561,1.0821815729141235,candidate,0.10231556743383408,1400
4,6,1.200767159461975,0.9375957250595093,0.9285902380943298,0.79012131690979,0.9301850199699402,1.0880874395370483,query,0.11561441421508789,1400
4,6,1.352757453918457,0.9225236773490906,0.9199240803718567,0.7685446739196777,0.9199240803718567,1.0787615776062012,candidate,0.12017261981964111,1400
5,6,1.2490109205245972,0.9523646235466003,0.9546389579772949,0.8384579420089722,0.9548836946487427,1.0723484754562378,query,0.0918240025639534,1400
5,6,1.2779916524887085,0.9584254622459412,0.9591097831726074,0.830525815486908,0.9591097831726074,1.0845831632614136,candidate,0.0969860702753067,1400
6,6,1.2638169527053833,0.993191123008728,0.9927949905395508,0.8851354122161865,0.9931159019470215,1.0937352180480957,query,0.0803501307964325,1400
6,6,1.2769707441329956,0.9744066596031189,0.970890998840332,0.8666957020759583,0.970890998840332,1.0859770774841309,candidate,0.08355826139450073,1400
0,6,1.2052464485168457,0.9611431956291199,0.9537000060081482,0.8471435308456421,0.9538975954055786,1.0922858715057373,query,0.09317067265510559,1450
0,6,1.3632028102874756,0.9641542434692383,0.9552401304244995,0.8462304472923279,0.9552401304244995,1.0988224744796753,candidate,0.09646377712488174,1450
1,6,1.2362619638442993,0.9457188844680786,0.9428885579109192,0.8293554782867432,0.9434365034103394,1.0723912715911865,query,0.0955161452293396,1450
1,6,1.321389079093933,0.9526060223579407,0.9496018290519714,0.8367393016815186,0.9496018290519714,1.073596715927124,candidate,0.09313055872917175,1450
2,6,1.2110625505447388,0.9632151126861572,0.9528010487556458,0.8571535348892212,0.9530620574951172,1.0999559164047241,query,0.0911063626408577,1450
2,6,1.3333394527435303,0.9682093262672424,0.9605662822723389,0.855614185333252,0.9605662822723389,1.0964075326919556,candidate,0.09320340305566788,1450
3,6,1.2334924936294556,0.9447013139724731,0.9373186826705933,0.8273281455039978,0.9377714991569519,1.0619854927062988,query,0.09468148648738861,1450
3,6,1.2726197242736816,0.9560651183128357,0.952844500541687,0.8396165370941162,0.952844500541687,1.077042579650879,candidate,0.09289760887622833,1450
4,6,1.195313811302185,0.9431378841400146,0.9360200762748718,0.8287786841392517,0.9367967844009399,1.058410882949829,query,0.09295046329498291,1450
4,6,1.313288688659668,0.9369108080863953,0.9356282949447632,0.7992758750915527,0.9356282949447632,1.0805822610855103,candidate,0.11001034826040268,1450
5,6,1.2254462242126465,0.9549546241760254,0.9488642811775208,0.8647369742393494,0.9492031335830688,1.0553864240646362,query,0.07747231423854828,1450
5,6,1.2631323337554932,0.9626715779304504,0.9619240164756775,0.8516119718551636,0.9619240164756775,1.0757992267608643,candidate,0.08733868598937988,1450
6,6,1.251149296760559,0.9870765805244446,0.9799385070800781,0.9113733172416687,0.9800465106964111,1.069973349571228,query,0.06361669301986694,1450
6,6,1.2438405752182007,0.9698308110237122,0.9631237983703613,0.8859118223190308,0.9631237983703613,1.0658552646636963,candidate,0.06980335712432861,1450
0,6,1.1364717483520508,0.9474391937255859,0.9492279887199402,0.8489646911621094,0.9495806097984314,1.05088472366333,query,0.07959593832492828,1500
0,6,1.299898624420166,0.9554588794708252,0.953791081905365,0.839651346206665,0.953791081905365,1.0733237266540527,candidate,0.0897340178489685,1500
1,6,1.193801760673523,0.9371065497398376,0.9310023188591003,0.809180498123169,0.9311878681182861,1.0667675733566284,query,0.09976211935281754,1500
1,6,1.259562611579895,0.95196533203125,0.9502570629119873,0.8334347009658813,0.9502570629119873,1.0745763778686523,candidate,0.09269174933433533,1500
2,6,1.15113365650177,0.9484866261482239,0.9483613967895508,0.8412078619003296,0.9486993551254272,1.0518748760223389,query,0.07948664575815201,1500
2,6,1.2935314178466797,0.9600174427032471,0.9598521590232849,0.847319483757019,0.9598521590232849,1.0720173120498657,candidate,0.08596659451723099,1500
3,6,1.1736427545547485,0.9354872703552246,0.9314146041870117,0.803866982460022,0.9325907230377197,1.073030948638916,query,0.10013800859451294,1500
3,6,1.264214277267456,0.9535093307495117,0.9526689052581787,0.8366236686706543,0.9526689052581787,1.0738946199417114,candidate,0.09203295409679413,1500
4,6,1.164282202720642,0.9367319941520691,0.9319733381271362,0.8245656490325928,0.9320590496063232,1.056039810180664,query,0.09044238924980164,1500
4,6,1.2906092405319214,0.9226604104042053,0.9193059206008911,0.7844798564910889,0.9193059206008911,1.0671597719192505,candidate,0.10866270214319229,1500
5,6,1.1741117238998413,0.9506739377975464,0.9478009343147278,0.8573905229568481,0.9478849172592163,1.051382303237915,query,0.07576771825551987,1500
5,6,1.2659670114517212,0.9569778442382812,0.954704761505127,0.8513563275337219,0.954704761505127,1.0698347091674805,candidate,0.08541881293058395,1500
6,6,1.2124526500701904,0.9754194021224976,0.9684047698974609,0.918442964553833,0.9684209823608398,1.041783332824707,query,0.05181462690234184,1500
6,6,1.199846863746643,0.9661843776702881,0.9632834792137146,0.892911970615387,0.9632834792137146,1.042664647102356,candidate,0.05883178114891052,1500
0,6,1.234427571296692,0.9988612532615662,0.9944614171981812,0.890557050704956,0.9947636127471924,1.1080238819122314,query,0.08198200166225433,1550
0,6,1.2612965106964111,0.9929268956184387,0.9962300658226013,0.8712621331214905,0.9962300658226013,1.108153223991394,candidate,0.09152799099683762,1550
1,6,1.2587683200836182,0.9747244715690613,0.9780343770980835,0.8414075374603271,0.9799202084541321,1.111039400100708,query,0.1015864834189415,1550
1,6,1.3016252517700195,0.9828863143920898,0.9861818552017212,0.8512786626815796,0.9861818552017212,1.1085262298583984,candidate,0.0987156555056572,1550
2,6,1.2152529954910278,1.00234055519104,1.0024572610855103,0.897052526473999,1.002868890762329,1.103308916091919,query,0.07782451063394547,1550
2,6,1.2592159509658813,0.9961637854576111,1.000886082649231,0.8788039684295654,1.000886082649231,1.1057161092758179,candidate,0.08731435239315033,1550
3,6,1.2091994285583496,0.969123899936676,0.9714825749397278,0.8349135518074036,0.97230064868927,1.1008973121643066,query,0.10255850106477737,1550
3,6,1.2704250812530518,0.9805632829666138,0.9845371246337891,0.8528376221656799,0.9845371246337891,1.1026055812835693,candidate,0.09696832299232483,1550
4,6,1.182370662689209,0.9548559188842773,0.9490857720375061,0.83389812707901,0.9515526294708252,1.076987862586975,query,0.09528916329145432,1550
4,6,1.3267351388931274,0.9566730856895447,0.9568630456924438,0.8005748391151428,0.9568630456924438,1.1156704425811768,candidate,0.1212020069360733,1550
5,6,1.1853848695755005,0.9657241702079773,0.9553411602973938,0.8534976243972778,0.9559861421585083,1.0854477882385254,query,0.08817800134420395,1550
5,6,1.2778925895690918,0.9724739789962769,0.9740504622459412,0.8469328284263611,0.9740504622459412,1.095716118812561,candidate,0.09515609592199326,1550
6,6,1.1400506496429443,0.9608631134033203,0.9613425135612488,0.8878804445266724,0.9615119695663452,1.0336856842041016,query,0.05830305069684982,1550
6,6,1.2214730978012085,0.972261905670166,0.9739596843719482,0.8860288858413696,0.9739596843719482,1.054862141609192,candidate,0.06563207507133484,1550
0,6,1.3301513195037842,1.0162434577941895,0.9996943473815918,0.9056602716445923,0.9999063014984131,1.149418592453003,query,0.09421956539154053,1590
0,6,1.3208119869232178,1.0012283325195312,0.9990024566650391,0.8762893676757812,0.9990024566650391,1.1308242082595825,candidate,0.09932374209165573,1590
1,6,1.2159212827682495,0.9836118221282959,0.982979416847229,0.857189953327179,0.983069121837616,1.1219481229782104,query,0.10211504250764847,1590
1,6,1.3107397556304932,0.9892646074295044,0.9906731843948364,0.8534330129623413,0.9906731843948364,1.1252398490905762,candidate,0.10440076142549515,1590
2,6,1.2995684146881104,1.0197325944900513,1.014186978340149,0.9073822498321533,1.0144546031951904,1.1535744667053223,query,0.09099256247282028,1590
2,6,1.2959654331207275,1.0034397840499878,1.0022636651992798,0.877032458782196,1.0022636651992798,1.1308833360671997,candidate,0.09836583584547043,1590
3,6,1.2155487537384033,0.97713702917099,0.9718209505081177,0.8532428741455078,0.9724677801132202,1.1101713180541992,query,0.10122060775756836,1590
3,6,1.296318531036377,0.9849207997322083,0.9876350164413452,0.8488728404045105,0.9876350164413452,1.1170071363449097,candidate,0.10322622954845428,1590
4,6,1.2204231023788452,0.9644460678100586,0.9653478860855103,0.8436715602874756,0.9659395217895508,1.0942387580871582,query,0.09844262897968292,1590
4,6,1.3083000183105469,0.9638802409172058,0.963599681854248,0.8154378533363342,0.963599681854248,1.1155054569244385,candidate,0.11519511789083481,1590
5,6,1.1887657642364502,0.9662490487098694,0.9578516483306885,0.852235734462738,0.9580977559089661,1.0973567962646484,query,0.09543786197900772,1590
5,6,1.2395159006118774,0.9709317684173584,0.9713467359542847,0.8431879878044128,0.9713467359542847,1.0982916355133057,candidate,0.09743931889533997,1590
6,6,1.0921746492385864,0.9480453729629517,0.949432909488678,0.8612896800041199,0.9494600296020508,1.035125732421875,query,0.06687860935926437,1590
6,6,1.2145190238952637,0.9678187370300293,0.9697707295417786,0.8701363801956177,0.9697707295417786,1.0653212070465088,candidate,0.07554329931735992,1590
0,7,1.305014729499817,1.0169813632965088,1.0152345895767212,0.8863568902015686,1.0156627893447876,1.1519584655761719,query,0.09881272912025452,1600
0,7,1.3264005184173584,0.9961062073707581,0.9996520280838013,0.8604299426078796,0.9996520280838013,1.1290056705474854,candidate,0.10545618087053299,1600
1,7,1.223982572555542,0.9815805554389954,0.9790223836898804,0.840962290763855,0.9794826507568359,1.122131109237671,query,0.10764601826667786,1600
1,7,1.3088775873184204,0.98176109790802,0.9871286749839783,0.834519624710083,0.9871286749839783,1.124887228012085,candidate,0.11143867671489716,1600
2,7,1.2804830074310303,1.021610975265503,1.0203453302383423,0.906886875629425,1.0208635330200195,1.1571531295776367,query,0.0955372080206871,1600
2,7,1.3038150072097778,0.9973152279853821,1.0028904676437378,0.8569985628128052,1.0028904676437378,1.1287343502044678,candidate,0.10623965412378311,1600
3,7,1.2035571336746216,0.9749984741210938,0.9672841429710388,0.8388370275497437,0.9675432443618774,1.1121644973754883,query,0.10718004405498505,1600
3,7,1.298107385635376,0.9762596487998962,0.9815425276756287,0.8315101861953735,0.9815425276756287,1.115817666053772,candidate,0.10982482880353928,1600
4,7,1.229332685470581,0.9602588415145874,0.9670870304107666,0.822128176689148,0.9677681922912598,1.103231430053711,query,0.10457127541303635,1600
4,7,1.288212537765503,0.9648987650871277,0.9603262543678284,0.815628707408905,0.9603262543678284,1.128387451171875,candidate,0.11901585757732391,1600
5,7,1.1838181018829346,0.9599097967147827,0.957785964012146,0.831703782081604,0.9585093259811401,1.097350835800171,query,0.10477142035961151,1600
5,7,1.2226800918579102,0.9610992670059204,0.9624542593955994,0.8287742137908936,0.9624542593955994,1.0936753749847412,candidate,0.10050792992115021,1600
6,7,1.087193489074707,0.9301479458808899,0.9343199133872986,0.8304426670074463,0.9343641996383667,1.0274136066436768,query,0.07393383979797363,1600
6,7,1.1998369693756104,0.9542611241340637,0.9601800441741943,0.8426793813705444,0.9601800441741943,1.0567125082015991,candidate,0.0825527235865593,1600
0,7,1.33320951461792,1.0494458675384521,1.0294443368911743,0.8809210062026978,1.0321869850158691,1.2308366298675537,query,0.1303170919418335,1650
0,7,1.3810091018676758,1.0420608520507812,1.03810453414917,0.8678372502326965,1.03810453414917,1.2235065698623657,candidate,0.13275253772735596,1650
1,7,1.3499459028244019,1.0254899263381958,1.0324856042861938,0.8616516590118408,1.0327599048614502,1.2049477100372314,query,0.13412749767303467,1650
1,7,1.401387095451355,1.0314157009124756,1.0322221517562866,0.8565220236778259,1.0322221517562866,1.2136266231536865,candidate,0.13475140929222107,1650
2,7,1.3433982133865356,1.05405592918396,1.0441091060638428,0.8806432485580444,1.044877052307129,1.2283730506896973,query,0.12935826182365417,1650
2,7,1.3647654056549072,1.044826865196228,1.0420994758605957,0.8629031181335449,1.0420994758605957,1.2294518947601318,candidate,0.1355450600385666,1650
3,7,1.318655252456665,1.0222481489181519,1.0228960514068604,0.8521237969398499,1.0233150720596313,1.2029783725738525,query,0.13715481758117676,1650
3,7,1.3832893371582031,1.0301556587219238,1.0307437181472778,0.853658139705658,1.0307437181472778,1.2118217945098877,candidate,0.13372516632080078,1650
4,7,1.3301029205322266,1.007613182067871,1.0011932849884033,0.8621864318847656,1.0013867616653442,1.1734747886657715,query,0.12595973908901215,1650
4,7,1.3407926559448242,0.9912075996398926,0.9865875244140625,0.828549325466156,0.9865875244140625,1.1605567932128906,candidate,0.12769366800785065,1650
5,7,1.308984637260437,1.0237985849380493,1.016379952430725,0.8738827705383301,1.0165220499038696,1.1984076499938965,query,0.12279683351516724,1650
5,7,1.3270413875579834,1.0269593000411987,1.0267001390457153,0.8779170513153076,1.0267001390457153,1.1854199171066284,candidate,0.1175687238574028,1650
6,7,1.2535499334335327,1.0165092945098877,1.0082643032073975,0.8858441114425659,1.0083558559417725,1.1587549448013306,query,0.10090124607086182,1650
6,7,1.3259342908859253,1.037627935409546,1.0349087715148926,0.8972092270851135,1.0349087715148926,1.184446096420288,candidate,0.10885738581418991,1650
0,7,1.3283467292785645,1.0851566791534424,1.0846070051193237,0.9287194013595581,1.0857460498809814,1.2486107349395752,query,0.12358556687831879,1700
0,7,1.3876769542694092,1.0879708528518677,1.0834527015686035,0.9338206648826599,1.0834527015686035,1.2470613718032837,candidate,0.11766725778579712,1700
1,7,1.34068763256073,1.0783941745758057,1.0792953968048096,0.9365938901901245,1.079842448234558,1.225635290145874,query,0.11345313489437103,1700
1,7,1.4224398136138916,1.0854688882827759,1.0824496746063232,0.9373988509178162,1.0824496746063232,1.23708176612854,candidate,0.11377651989459991,1700
2,7,1.34377920627594,1.0880165100097656,1.086431622505188,0.9242883324623108,1.0878407955169678,1.2494335174560547,query,0.1236613392829895,1700
2,7,1.3723154067993164,1.091064691543579,1.0856214761734009,0.9325416684150696,1.0856214761734009,1.2538045644760132,candidate,0.11967980116605759,1700
3,7,1.3647713661193848,1.0770193338394165,1.0734771490097046,0.9276086091995239,1.0755290985107422,1.2286643981933594,query,0.11852521449327469,1700
3,7,1.407461166381836,1.0864139795303345,1.081913709640503,0.9415489435195923,1.081913709640503,1.2401305437088013,candidate,0.1133628562092781,1700
4,7,1.324953317642212,1.068489909172058,1.0639419555664062,0.9209827184677124,1.0644546747207642,1.2063884735107422,query,0.11105145514011383,1700
4,7,1.370768427848816,1.0363028049468994,1.035946011543274,0.8863905668258667,1.035946011543274,1.18381929397583,candidate,0.11417651921510696,1700
5,7,1.3550901412963867,1.0865795612335205,1.0867044925689697,0.9465579986572266,1.0882439613342285,1.2268340587615967,query,0.10484792292118073,1700
5,7,1.3786488771438599,1.0887573957443237,1.0895806550979614,0.9559313058853149,1.0895806550979614,1.2200363874435425,candidate,0.10069540143013,1700
6,7,1.307777762413025,1.1031620502471924,1.0984444618225098,0.9864463210105896,1.0992825031280518,1.230389952659607,query,0.09193132817745209,1700
6,7,1.362036108970642,1.11149263381958,1.1094231605529785,0.9884098172187805,1.1094231605529785,1.2395421266555786,candidate,0.09523886442184448,1700
0,7,1.313868522644043,0.9880673885345459,0.9819925427436829,0.8614767789840698,0.9828281998634338,1.1170135736465454,query,0.10312522202730179,1750
0,7,1.3070456981658936,1.0097041130065918,1.0132983922958374,0.8856506943702698,1.0132983922958374,1.1316485404968262,candidate,0.09474191069602966,1750
1,7,1.3376960754394531,1.0064517259597778,1.0092767477035522,0.8787912130355835,1.0093421936035156,1.1419997215270996,query,0.09761568158864975,1750
1,7,1.34852933883667,1.0235657691955566,1.0208032131195068,0.9090138673782349,1.0208032131195068,1.1436209678649902,candidate,0.09126178175210953,1750
2,7,1.3002073764801025,0.9868686199188232,0.9884258508682251,0.8642185926437378,0.9888051748275757,1.1157646179199219,query,0.10027511417865753,1750
2,7,1.3017772436141968,1.0145875215530396,1.0175325870513916,0.8953777551651001,1.0175325870513916,1.1353254318237305,candidate,0.0923982486128807,1750
3,7,1.3570914268493652,1.0086591243743896,1.0045946836471558,0.8842301368713379,1.0048754215240479,1.1406508684158325,query,0.10423414409160614,1750
3,7,1.373963475227356,1.029582142829895,1.0268961191177368,0.9156543016433716,1.0268961191177368,1.149048924446106,candidate,0.09077933430671692,1750
4,7,1.2276736497879028,1.0134371519088745,1.0178128480911255,0.894357442855835,1.0180232524871826,1.1386654376983643,query,0.10110209882259369,1750
4,7,1.3242857456207275,0.9691556692123413,0.9674261212348938,0.8348172307014465,0.9674261212348938,1.1080087423324585,candidate,0.10802679508924484,1750
5,7,1.280578851699829,1.0414326190948486,1.032962679862976,0.919884443283081,1.0330044031143188,1.1625382900238037,query,0.09237954765558243,1750
5,7,1.3555541038513184,1.0457826852798462,1.0457628965377808,0.9443163275718689,1.0457628965377808,1.1455260515213013,candidate,0.07884335517883301,1750
6,7,1.2364450693130493,1.0853077173233032,1.082085132598877,1.014812707901001,1.0826709270477295,1.1641803979873657,query,0.05817735567688942,1750
6,7,1.2730445861816406,1.070508360862732,1.0705230236053467,0.9869838356971741,1.0705230236053467,1.1551116704940796,candidate,0.06470070034265518,1750
0,7,1.231567144393921,0.9312096834182739,0.9426215887069702,0.7895635366439819,0.9426591396331787,1.0481475591659546,query,0.09680495411157608,1800
0,7,1.2486357688903809,0.9461110830307007,0.9492475986480713,0.8258915543556213,0.9492475986480713,1.05986487865448,candidate,0.09069033712148666,1800
1,7,1.297886848449707,0.9438424110412598,0.943215012550354,0.8284285068511963,0.9434491395950317,1.0709025859832764,query,0.0913044810295105,1800
1,7,1.2705860137939453,0.9563924074172974,0.9563232660293579,0.8454539775848389,0.9563232660293579,1.064731478691101,candidate,0.08540400117635727,1800
2,7,1.223315715789795,0.9319026470184326,0.944324254989624,0.8018326759338379,0.9443718194961548,1.0291366577148438,query,0.09465345740318298,1800
2,7,1.2550902366638184,0.9493522644042969,0.9535487294197083,0.8350403308868408,0.9535487294197083,1.0555943250656128,candidate,0.08644242584705353,1800
3,7,1.2758071422576904,0.9478896856307983,0.9347017407417297,0.8296412229537964,0.9358041286468506,1.079092025756836,query,0.09477966278791428,1800
3,7,1.3039801120758057,0.9610620141029358,0.9617217779159546,0.8508277535438538,0.9617217779159546,1.070113182067871,candidate,0.08557747304439545,1800
4,7,1.1634602546691895,0.9491800665855408,0.9603639245033264,0.816443681716919,0.9610443115234375,1.0575512647628784,query,0.09211215376853943,1800
4,7,1.3385026454925537,0.9179975986480713,0.9168218970298767,0.7886776328086853,0.9168218970298767,1.0564676523208618,candidate,0.1061481460928917,1800
5,7,1.2101976871490479,0.9652689695358276,0.9713972806930542,0.8403434753417969,0.9725185036659241,1.0765247344970703,query,0.09566442668437958,1800
5,7,1.292304277420044,0.9695032835006714,0.9723524451255798,0.8697675466537476,0.9723524451255798,1.0666178464889526,candidate,0.07930905371904373,1800
6,7,1.156362533569336,0.9973292946815491,1.0015511512756348,0.9204734563827515,1.0018634796142578,1.073164939880371,query,0.06058235466480255,1800
6,7,1.2055323123931885,0.9818449020385742,0.9856861233711243,0.8899815678596497,0.9856861233711243,1.0671238899230957,candidate,0.06986034661531448,1800
0,7,1.1351842880249023,0.9026749134063721,0.9045930504798889,0.795609176158905,0.9046764373779297,1.0024871826171875,query,0.08212178200483322,1850
0,7,1.2136778831481934,0.9048588275909424,0.9026695489883423,0.7989803552627563,0.9026695489883423,1.013893723487854,candidate,0.08537817001342773,1850
1,7,1.1787480115890503,0.8952695727348328,0.8836167454719543,0.7939474582672119,0.8852090835571289,1.009990930557251,query,0.08620470017194748,1850
1,7,1.2239235639572144,0.9050882458686829,0.9056735634803772,0.7976868152618408,0.9056735634803772,1.0135772228240967,candidate,0.0857698917388916,1850
2,7,1.1298456192016602,0.9043399691581726,0.9070189595222473,0.8010890483856201,0.9073994159698486,1.0071382522583008,query,0.0797656700015068,1850
2,7,1.2016830444335938,0.9068012237548828,0.9064122438430786,0.8038220405578613,0.9064122438430786,1.0100109577178955,candidate,0.08203526586294174,1850
3,7,1.188330054283142,0.8977497816085815,0.8919176459312439,0.7962104678153992,0.8919743299484253,1.0128897428512573,query,0.08532235771417618,1850
3,7,1.252340316772461,0.9072864651679993,0.9078058004379272,0.7965673804283142,0.9078058004379272,1.018041729927063,candidate,0.08777039498090744,1850
4,7,1.120367169380188,0.8942821025848389,0.9024964570999146,0.7668586373329163,0.9024964570999146,1.008209228515625,query,0.09359519928693771,1850
4,7,1.2803466320037842,0.8844157457351685,0.8801071643829346,0.7598336935043335,0.8801071643829346,1.0149626731872559,candidate,0.1011754497885704,1850
5,7,1.2087137699127197,0.9034857153892517,0.9046279788017273,0.7693321108818054,0.9056801199913025,1.0296086072921753,query,0.10177117586135864,1850
5,7,1.2295615673065186,0.907701849937439,0.906352698802948,0.79704749584198,0.906352698802948,1.018269419670105,candidate,0.08764543384313583,1850
6,7,1.189152717590332,0.9104899764060974,0.8982306122779846,0.8047200441360474,0.8983561992645264,1.0444103479385376,query,0.09199254959821701,1850
6,7,1.2341111898422241,0.9003480672836304,0.8924034833908081,0.7857081294059753,0.8924034833908081,1.0334059000015259,candidate,0.09490978717803955,1850
0,7,1.1358646154403687,0.906926155090332,0.9094082713127136,0.7917685508728027,0.9095762372016907,1.009037971496582,query,0.08367171138525009,1855
0,7,1.219995141029358,0.9089891910552979,0.9090384244918823,0.7984744906425476,0.9090384244918823,1.0194921493530273,candidate,0.08664260059595108,1855
1,7,1.1870557069778442,0.8979456424713135,0.8875454664230347,0.8013801574707031,0.8878270983695984,1.0157833099365234,query,0.08606880903244019,1855
1,7,1.2239196300506592,0.908102810382843,0.9090276956558228,0.7973489165306091,0.9090276956558228,1.0183627605438232,candidate,0.08745244145393372,1855
2,7,1.1274299621582031,0.9089468717575073,0.9210987687110901,0.7967244386672974,0.9211045503616333,1.0041534900665283,query,0.08141493797302246,1855
2,7,1.2090955972671509,0.9112909436225891,0.912934422492981,0.8043482899665833,0.912934422492981,1.0162055492401123,candidate,0.08360746502876282,1855
3,7,1.1824713945388794,0.899986207485199,0.8911852240562439,0.7976169586181641,0.8913625478744507,1.010507345199585,query,0.0862007662653923,1855
3,7,1.2557775974273682,0.910287082195282,0.9105831384658813,0.7981176376342773,0.9105831384658813,1.0223175287246704,candidate,0.08965308964252472,1855
4,7,1.1343101263046265,0.8969188928604126,0.901711642742157,0.7695179581642151,0.9017467498779297,1.0201412439346313,query,0.09517397731542587,1855
4,7,1.2756984233856201,0.8861082196235657,0.8816840648651123,0.7604425549507141,0.8816840648651123,1.0194692611694336,candidate,0.10185547173023224,1855
5,7,1.209356427192688,0.9059921503067017,0.9054518938064575,0.7708026170730591,0.9055236577987671,1.0388445854187012,query,0.10219380259513855,1855
5,7,1.2378236055374146,0.9105335474014282,0.9084123373031616,0.7995285987854004,0.9084123373031616,1.0226857662200928,candidate,0.08899245411157608,1855
6,7,1.191899299621582,0.9105100631713867,0.8961781859397888,0.8034787178039551,0.8968405723571777,1.0501964092254639,query,0.09439030289649963,1855
6,7,1.233538031578064,0.9021228551864624,0.8926737904548645,0.7843117117881775,0.8926737904548645,1.0392024517059326,candidate,0.09702224284410477,1855
