batch_in_epoch,did_refresh,epoch,global_step,step_wall_seconds,train_loss
0,False,1,1,2.3948144912719727,2.49016280968984
1,False,1,2,0.8722419738769531,2.6572166120722183
2,False,1,3,0.8610470294952393,1.8268632917177112
3,False,1,4,0.8435952663421631,1.7301321512176873
4,False,1,5,0.8299009799957275,1.6516212565558297
5,False,1,6,0.8527443408966064,1.5255131260270167
6,False,1,7,0.8680751323699951,1.4971864287342342
7,False,1,8,0.8554131984710693,1.5472928881645205
8,False,1,9,0.812807559967041,1.4765175204901466
9,False,1,10,0.8737635612487793,1.494464407009738
10,False,1,11,0.8531699180603027,1.4347092913729802
11,False,1,12,0.8915958404541016,1.4195964804717474
12,False,1,13,0.90360426902771,1.4596833998248693
13,False,1,14,0.9189181327819824,1.3861743715547374
14,False,1,15,0.9004459381103516,1.3070223540777253
15,False,1,16,0.84586501121521,1.4396088165896277
16,False,1,17,0.8427832126617432,1.4005225584620522
17,False,1,18,0.8805749416351318,1.3580157458782198
18,False,1,19,0.8434586524963379,1.3259948758142337
19,False,1,20,0.833052396774292,1.300735921022438
20,False,1,21,0.8594026565551758,1.368676516271773
21,False,1,22,0.8509829044342041,1.2724029492764248
22,False,1,23,0.8621318340301514,1.2915934522946675
23,False,1,24,0.8309409618377686,1.2608686855861118
24,False,1,25,0.8560640811920166,1.3620013197263083
25,False,1,26,0.847214937210083,1.301704933245977
26,False,1,27,0.8560535907745361,1.2540118002465792
27,False,1,28,0.8629872798919678,1.297210870221967
28,False,1,29,0.8927788734436035,1.264556551263446
29,False,1,30,0.9309673309326172,1.3012117076487768
30,False,1,31,0.8984260559082031,1.30593279784634
31,False,1,32,0.8273963928222656,1.3322909158610161
32,False,1,33,0.8616018295288086,1.2495569231964296
33,False,1,34,0.8440127372741699,1.2864974609443116
34,False,1,35,0.8571984767913818,1.263871141132854
35,False,1,36,0.8139457702636719,1.243599505651565
36,False,1,37,0.8600573539733887,1.2025191500073387
37,False,1,38,0.8504118919372559,1.2421438310827528
38,False,1,39,0.8598263263702393,1.251872685693559
39,False,1,40,0.8043115139007568,1.2292444074437732
40,False,1,41,0.8665156364440918,1.2584800855034874
41,False,1,42,0.8430125713348389,1.1900498732214881
42,False,1,43,0.8603646755218506,1.227597463698614
43,False,1,44,0.8292202949523926,1.2244160970052083
44,False,1,45,0.8678781986236572,1.1501782731640908
45,False,1,46,0.8812751770019531,1.2436701690866834
46,False,1,47,0.916942834854126,1.2831819327104657
47,False,1,48,0.8860876560211182,1.2767484571252548
48,False,1,49,0.8665173053741455,1.2835760308163504
49,False,1,50,0.8460690975189209,1.2039353035035587
50,False,1,51,0.8773379325866699,1.2585712202957702
51,False,1,52,0.8672926425933838,1.2382942097527638
52,False,1,53,0.8513884544372559,1.2758910813856692
53,False,1,54,0.8635222911834717,1.1914629208899676
54,False,1,55,0.8406832218170166,1.2942259609699251
55,False,1,56,0.8564436435699463,1.2170169396059853
56,False,1,57,0.8631594181060791,1.289922268617721
57,False,1,58,0.8458211421966553,1.225619021625746
58,False,1,59,0.8629622459411621,1.213317834195637
59,False,1,60,0.8405370712280273,1.2072183975861186
60,False,1,61,0.8648815155029297,1.231828111977804
61,False,1,62,0.846834659576416,1.1657794958778793
62,False,1,63,0.8473696708679199,1.228984827087039
63,False,1,64,0.8482992649078369,1.2854644372349695
64,False,1,65,0.8438427448272705,1.201181251023497
65,False,1,66,0.8561201095581055,1.245641106650943
66,False,1,67,0.8463077545166016,1.2398090078717183
67,False,1,68,0.8403716087341309,1.2118338786420373
68,False,1,69,0.8456535339355469,1.208680667692707
69,False,1,70,0.8641457557678223,1.1968983099574135
70,False,1,71,0.8586423397064209,1.1879119241521472
71,False,1,72,0.8373022079467773,1.2031835636922288
72,False,1,73,0.8574278354644775,1.1408969362576804
73,False,1,74,0.8823723793029785,1.2059569028871402
74,False,1,75,0.9322834014892578,1.164209029504231
75,False,1,76,0.8393430709838867,1.2652708547455926
76,False,1,77,0.864422082901001,1.2137834493603026
77,False,1,78,0.842498779296875,1.0989060577537333
78,False,1,79,0.8765909671783447,1.1450263013442357
79,False,1,80,0.8755545616149902,1.2096661890723872
80,False,1,81,0.8493266105651855,1.1235543986161551
81,False,1,82,0.8833518028259277,1.1844655949444998
82,False,1,83,0.8119611740112305,1.1847983094907941
83,False,1,84,0.8611710071563721,1.1857491474421251
84,False,1,85,0.8624258041381836,1.1624718379406702
85,False,1,86,0.8508622646331787,1.1463609525845162
86,False,1,87,0.8329887390136719,1.226225950888225
87,False,1,88,0.8519585132598877,1.214410614399683
88,False,1,89,0.8722505569458008,1.1467713685262768
89,False,1,90,0.9302613735198975,1.1621439166012266
90,False,1,91,0.8406295776367188,1.1802156773351486
91,False,1,92,0.8613169193267822,1.1994861683675218
92,False,1,93,0.8525698184967041,1.176759613411767
93,False,1,94,0.867527961730957,1.1534602414994013
94,False,1,95,0.8503563404083252,1.1383473419007801
95,False,1,96,0.8450870513916016,1.2225493989175276
96,False,1,97,0.8897130489349365,1.1718133052899722
97,False,1,98,0.8443112373352051,1.1695949442329863
98,False,1,99,0.8221237659454346,1.178291122828211
99,True,1,100,0.9496254920959473,1.137930201632636
100,False,1,101,0.8464674949645996,1.4902196427186327
101,False,1,102,0.8625073432922363,1.3379628942126323
102,False,1,103,0.8172638416290283,1.4185130227179756
103,False,1,104,0.8565306663513184,1.3430202418849582
104,False,1,105,0.8646488189697266,1.2915432992435638
105,False,1,106,0.8669173717498779,1.3476995527744293
106,False,1,107,0.8263788223266602,1.291697416986738
107,False,1,108,0.8699090480804443,1.240978036608015
108,False,1,109,0.928614616394043,1.2597061026664007
109,False,1,110,0.9088668823242188,1.2453385584411165
110,False,1,111,0.8491272926330566,1.2313136408726377
111,False,1,112,0.8435466289520264,1.2269117207754228
112,False,1,113,0.8820722103118896,1.2209822975453881
113,False,1,114,0.8550219535827637,1.2160869595550357
114,False,1,115,0.8456716537475586,1.1672182682724228
115,False,1,116,0.8828892707824707,1.1716183147260117
116,False,1,117,0.8464808464050293,1.1707932147241775
117,False,1,118,0.8392963409423828,1.1764619009835382
118,False,1,119,0.8914411067962646,1.173475892061279
119,False,1,120,0.8491296768188477,1.181977818409602
120,False,1,121,0.8594036102294922,1.1153767009576163
121,False,1,122,0.8072409629821777,1.2231341224341168
122,False,1,123,0.8673129081726074,1.2082636994974953
123,False,1,124,0.864039421081543,1.213904513489632
124,False,1,125,0.8432021141052246,1.1612880386057354
125,False,1,126,0.8252832889556885,1.1587642814431873
126,False,1,127,0.8447413444519043,1.1587034839959371
127,False,1,128,0.8625423908233643,1.1763181147121247
128,False,1,129,0.8608226776123047,1.2124162358897075
129,False,1,130,0.7925271987915039,1.1972060345468065
130,False,1,131,0.8911137580871582,1.1073846270640693
131,False,1,132,0.8513607978820801,1.1020609949316296
132,False,1,133,0.934704065322876,1.2271087013539816
133,False,1,134,0.923081636428833,1.2315346910839984
134,False,1,135,0.9217145442962646,1.1353218974102113
135,False,1,136,0.9296748638153076,1.1262882060947872
136,False,1,137,0.9115984439849854,1.1876504052252996
137,False,1,138,0.9322655200958252,1.1548827929156167
138,False,1,139,0.9245669841766357,1.097758786309333
139,False,1,140,0.8844969272613525,1.1445340166489286
140,False,1,141,0.8228955268859863,1.1861605193643343
141,False,1,142,0.8466520309448242,1.1636104803709761
142,False,1,143,0.8592989444732666,1.1270664561362491
143,False,1,144,0.8527336120605469,1.1370122446900324
144,False,1,145,0.807807445526123,1.0749811707508
145,False,1,146,0.8431615829467773,1.1945423540614901
146,False,1,147,0.8494899272918701,1.1110219969635917
147,False,1,148,0.8663313388824463,1.166484729165123
148,False,1,149,0.8214540481567383,1.129458779380435
149,False,1,150,0.86252760887146,1.1431672835633866
150,False,1,151,0.8446714878082275,1.1079524652588937
151,False,1,152,0.8648130893707275,1.1356616225980576
152,False,1,153,0.8432104587554932,1.1535691533769885
153,False,1,154,0.8489160537719727,1.1545295871439436
154,False,1,155,0.8810529708862305,1.1140853601197402
155,False,1,156,0.8519718647003174,1.1558028495027908
156,False,1,157,0.8081440925598145,1.1462514187608448
157,False,1,158,0.8621151447296143,1.164595435063044
158,False,1,159,0.8432230949401855,1.099464300842512
159,False,1,160,0.8614554405212402,1.142387734637374
160,False,1,161,0.8024356365203857,1.1677833419470558
161,False,1,162,0.8624453544616699,1.1182287342491606
162,False,1,163,0.8579096794128418,1.1366505424181619
163,False,1,164,0.8450448513031006,1.1758577380151976
164,False,1,165,0.8323991298675537,1.1408932336739133
165,False,1,166,0.843883752822876,1.137099482473873
166,False,1,167,0.8600368499755859,1.1134381297798386
167,False,1,168,0.8482604026794434,1.1470921614340372
168,False,1,169,0.835533618927002,1.1199798225646926
169,False,1,170,0.8438918590545654,1.1678195166445915
170,False,1,171,0.8490581512451172,1.1433568380418277
171,False,1,172,0.8657436370849609,1.1678294752325327
172,False,1,173,0.8572218418121338,1.1568102652118317
173,False,1,174,0.8517947196960449,1.1409776576218151
174,False,1,175,0.848212480545044,1.115802377462387
175,False,1,176,0.8649241924285889,1.1054242451985676
176,False,1,177,0.8439552783966064,1.1458711936360313
177,False,1,178,0.851233959197998,1.1366192556562877
178,False,1,179,0.8501670360565186,1.1027119503844354
179,False,1,180,0.8568313121795654,1.1198870653197879
180,False,1,181,0.8619985580444336,1.093586351545084
181,False,1,182,0.8229894638061523,1.118945487198376
182,False,1,183,0.8598117828369141,1.154142365214371
183,False,1,184,0.8502380847930908,1.0744330971723512
184,False,1,185,0.8863418102264404,1.0715784728527067
185,False,1,186,0.8712520599365234,1.1482140726986385
186,False,1,187,0.8508176803588867,1.143841524918874
187,False,1,188,0.8776042461395264,1.1318402481930596
188,False,1,189,0.8326601982116699,1.0892146311345552
189,False,1,190,0.8521773815155029,1.1123632199707487
190,False,1,191,0.8665711879730225,1.1756632626056671
191,False,1,192,0.8570115566253662,1.1274875750144322
192,False,1,193,0.8387093544006348,1.1157760336285545
193,False,1,194,0.841620683670044,1.1448704323598318
194,False,1,195,0.8623008728027344,1.0898058134175483
195,False,1,196,0.8579041957855225,1.1383090799763087
196,False,1,197,0.8283069133758545,1.1430912706113998
197,False,1,198,0.8615505695343018,1.129253591809954
198,False,1,199,0.8455324172973633,1.103525322817621
199,True,1,200,0.9748518466949463,1.1255091003009252
200,False,1,201,0.8540740013122559,1.2216880559211687
201,False,1,202,0.8396899700164795,1.1341222038581258
202,False,1,203,0.865656852722168,1.0951932838984897
203,False,1,204,0.8459079265594482,1.083749292507058
204,False,1,205,0.8421211242675781,1.0764369758821672
205,False,1,206,0.8445308208465576,1.074053260009913
206,False,1,207,0.8576836585998535,1.0757582886588006
207,False,1,208,0.8631706237792969,1.1226118384372616
208,False,1,209,0.8387613296508789,1.1124468321601548
209,False,1,210,0.8469176292419434,1.103664876449676
210,False,1,211,0.862410306930542,1.144406271122751
211,False,1,212,0.8584744930267334,1.0999101978682335
212,False,1,213,0.8218972682952881,1.1156821222532365
213,False,1,214,0.8811237812042236,1.1707734408832728
214,False,1,215,0.8512380123138428,1.1140980269937288
215,False,1,216,0.8672513961791992,1.1059864127919783
216,False,1,217,0.8787097930908203,1.1581680866934008
217,False,1,218,0.8509297370910645,1.1079656460455487
218,False,1,219,0.892310619354248,1.1006091066769192
219,False,1,220,0.7931265830993652,1.1278486918835413
220,False,1,221,0.8549931049346924,1.0867892095730418
221,False,1,222,0.8620750904083252,1.0317917845788458
222,False,1,223,0.8461618423461914,1.1370539246570495
223,False,1,224,0.8254823684692383,1.0815725830339251
224,False,1,225,0.8480193614959717,1.1144624941405799
225,False,1,226,0.8609170913696289,1.1182265512290452
226,False,1,227,0.862215518951416,1.1022119114086744
227,False,1,228,0.806887149810791,1.1030849871181305
228,False,1,229,0.86226487159729,1.0723616436478636
229,False,1,230,0.8507366180419922,1.1107220025289628
230,False,1,231,0.8809487819671631,1.1150729187897273
231,False,1,232,0.8219008445739746,1.086321843876725
232,False,1,233,0.8496646881103516,1.1003128666253317
233,False,1,234,0.8594295978546143,1.1101216498230186
234,False,1,235,0.8499221801757812,1.105903619102069
235,False,1,236,0.8067324161529541,1.0821221208288556
236,False,1,237,0.8460252285003662,1.0409209285641003
237,False,1,238,0.8610680103302002,1.0754985302864086
238,False,1,239,0.8489303588867188,1.0829047163327536
239,False,1,240,0.8191335201263428,1.066363072821072
240,False,1,241,0.8881428241729736,1.0600958587158293
241,False,1,242,0.8637070655822754,1.0946009368413974
242,False,1,243,0.8824365139007568,1.109693586471535
243,False,1,244,0.8811671733856201,1.1331493187518344
244,False,1,245,0.9359245300292969,1.1483709758945875
245,False,1,246,0.914217472076416,1.1061027607037908
246,False,1,247,0.9312610626220703,1.0909087952403795
247,False,1,248,0.9084656238555908,1.0580992602876254
248,False,1,249,0.919985294342041,1.0286372287110204
249,False,1,250,0.8963079452514648,1.09242838638879
250,False,1,251,0.862415075302124,1.1061725077174955
251,False,1,252,0.8189361095428467,1.065601551816577
252,False,1,253,0.8734712600708008,1.1057690289758497
253,False,1,254,0.8502795696258545,1.1471481014575275
254,False,1,255,0.884819507598877,1.0878916286996432
255,False,1,256,0.8746428489685059,1.099347888802489
256,False,1,257,0.85135817527771,1.0695225472251575
257,False,1,258,0.874298095703125,1.0821580171939873
258,False,1,259,0.8272149562835693,1.0922823754094895
259,False,1,260,0.8548872470855713,1.117023746172587
260,False,1,261,0.856269359588623,1.1215176883907545
261,False,1,262,0.8469521999359131,1.1033025964030199
262,False,1,263,0.8374278545379639,1.1658811826436293
263,False,1,264,0.840876579284668,1.1112168161641984
264,False,1,265,0.8582501411437988,1.1448149539175485
265,False,1,266,0.8596322536468506,1.1285255487476074
266,False,1,267,0.8389196395874023,1.1128224654211885
267,False,1,268,0.8550491333007812,1.1145845477779708
268,False,1,269,0.8452374935150146,1.1883751650651297
269,False,1,270,0.8867974281311035,1.0877140799448601
270,False,1,271,0.8302419185638428,1.0797556589047115
271,False,1,272,0.8619184494018555,1.140493474545933
272,False,1,273,0.8607950210571289,1.1009605775276823
273,False,1,274,0.8466620445251465,1.1599822981016976
274,False,1,275,0.8540546894073486,1.0778464715750444
275,False,1,276,0.8757972717285156,1.077865150357996
276,False,1,277,0.8706982135772705,1.0970359586534049
277,False,1,278,0.8469359874725342,1.1171748047428471
278,False,1,279,0.8562884330749512,1.0844598710536957
279,False,1,280,0.8397359848022461,1.1022408622361364
280,False,1,281,0.8616337776184082,1.132387420251256
281,False,1,282,0.8589146137237549,1.073494000626462
282,False,1,283,0.848581075668335,1.101778782904148
283,False,1,284,0.8454875946044922,1.0653560456065905
284,False,1,285,0.845576286315918,1.0630210299222242
285,False,1,286,0.8819897174835205,1.0582612295235907
286,False,1,287,0.8535287380218506,1.103741826046081
287,False,1,288,0.84731125831604,1.0549496314710098
288,False,1,289,0.8774411678314209,1.076336995654163
289,False,1,290,0.8509786128997803,1.1153550779535655
290,False,1,291,0.8502357006072998,1.0637265794156563
291,False,1,292,0.8710799217224121,1.071237269434191
292,False,1,293,0.8440794944763184,1.1133340593604815
293,False,1,294,0.8581802845001221,1.050244138176952
294,False,1,295,0.8076314926147461,1.0571600399201824
295,False,1,296,0.43325066566467285,1.117061843474706
296,False,1,297,0.7560961246490479,1.1046409794972054
297,False,1,298,0.9256618022918701,1.0667789994428554
298,False,1,299,0.9063653945922852,1.1468391209131195
299,True,1,300,0.9875895977020264,1.076819720190196
300,False,1,301,0.921837329864502,1.0681579726792518
301,False,1,302,0.8958759307861328,1.0557853810134388
302,False,1,303,0.9077351093292236,1.066641348281077
303,False,1,304,0.9232006072998047,1.1219020033521312
304,False,1,305,0.8961334228515625,1.0999293178319933
305,False,1,306,0.918135404586792,1.1191327577190742
306,False,1,307,0.8965933322906494,1.068031811288425
307,False,1,308,0.9008471965789795,1.061505469183127
308,False,1,309,0.926569938659668,1.1225150875037624
309,False,1,310,0.906970739364624,1.070943365937897
310,False,1,311,0.9222581386566162,1.0323479767179204
311,False,1,312,0.8932774066925049,1.0973203434121044
312,False,1,313,0.9255053997039795,1.080055442062162
313,False,1,314,0.9173483848571777,1.0836615840948765
314,False,1,315,0.8943052291870117,1.048226856050037
315,False,1,316,0.9341602325439453,1.1493360598882036
316,False,1,317,0.9039745330810547,1.0800834198792777
317,False,1,318,0.9002220630645752,1.0948334854273571
318,False,1,319,0.9224894046783447,1.1419973047006697
319,False,1,320,0.8894455432891846,1.0928880664564313
320,False,1,321,0.9258697032928467,1.1372139876087504
321,False,1,322,0.9208848476409912,1.0847671274982746
322,False,1,323,0.8977930545806885,1.0668392213327544
323,False,1,324,0.9255414009094238,1.102800464701085
324,False,1,325,0.9042928218841553,1.0937191602729615
325,False,1,326,0.9063379764556885,1.081196874380112
326,False,1,327,0.924161434173584,1.0578253922008334
327,False,1,328,0.8916640281677246,1.1001561603375842
328,False,1,329,0.9200046062469482,1.1308195865934803
329,False,1,330,0.9080126285552979,1.0866854896857625
330,False,1,331,0.8951992988586426,1.0816546089592434
331,False,1,332,0.9219050407409668,1.0646400416181203
332,False,1,333,0.9089107513427734,1.066728924445453
333,False,1,334,0.9097092151641846,1.070653376125154
334,False,1,335,0.9210565090179443,1.1412266624115763
335,False,1,336,0.8991737365722656,1.1689000019714946
336,False,1,337,0.9176774024963379,1.0878027145351683
337,False,1,338,0.9198477268218994,1.1193863657258807
338,False,1,339,0.9053220748901367,1.051619937732106
339,False,1,340,0.9259929656982422,1.097142380263124
340,False,1,341,0.894050121307373,1.072251743681374
341,False,1,342,0.9184489250183105,1.0764695012143681
342,False,1,343,0.9204847812652588,1.0432255844629945
343,False,1,344,0.9146723747253418,1.0652592167967843
344,False,1,345,0.92020583152771,1.0640813279010002
345,False,1,346,0.8954520225524902,1.0815373864911852
346,False,1,347,0.9193904399871826,1.0710253921293076
347,False,1,348,0.8967154026031494,1.0243739890200751
348,False,1,349,0.8931667804718018,1.113997940506254
349,False,1,350,0.9199268817901611,1.0677706664871602
350,False,1,351,0.8956615924835205,1.1513577997684479
351,False,1,352,0.9220762252807617,1.1284908652305603
352,False,1,353,0.912825345993042,1.0355726504432303
353,False,1,354,0.9007256031036377,1.0906048991850446
354,False,1,355,0.9374933242797852,1.092021376249336
355,False,1,356,0.9129073619842529,1.080620882411798
356,False,1,357,0.8959033489227295,1.1075479554988088
357,False,1,358,0.9277589321136475,1.0332416340353945
358,False,1,359,0.8951387405395508,1.0713080762042886
359,False,1,360,0.9190828800201416,1.1243395312201407
360,False,1,361,0.9194948673248291,1.0930050866944447
361,False,1,362,0.8991739749908447,1.046604667391096
362,False,1,363,0.9289412498474121,1.0887971690722875
363,False,1,364,0.9662795066833496,1.0831975677893273
364,False,1,365,0.9572293758392334,1.0570166476425673
365,False,1,366,0.9799129962921143,1.1113261484674044
366,False,1,367,0.9681782722473145,1.1557997951195356
367,False,1,368,0.9656612873077393,1.03687879939874
368,False,1,369,0.9659707546234131,1.0860580312354224
369,False,1,370,0.9573285579681396,1.0457235821301027
370,False,1,371,0.8994691371917725,1.063252697388331
371,False,1,372,0.910125732421875,1.092913392931223
372,False,1,373,0.9040617942810059,1.052864541610082
373,False,1,374,0.9061708450317383,1.0937527815500894
374,False,1,375,0.9243283271789551,1.0543717839533373
375,False,1,376,0.9174530506134033,1.0911428538106733
376,False,1,377,0.905022382736206,1.0916932283767633
377,False,1,378,0.9022247791290283,1.1082819480271566
378,False,1,379,0.9079713821411133,1.1422777335558618
379,False,1,380,0.9088037014007568,1.0774162679555868
380,False,1,381,0.9161016941070557,1.062670522679885
381,False,1,382,0.9157545566558838,1.1029537444313369
382,False,1,383,0.9087154865264893,1.0844879710958117
383,False,1,384,0.9219696521759033,1.092724529405435
384,False,1,385,0.9078786373138428,1.0906369615168796
385,False,1,386,0.9107315540313721,1.125646885661852
386,False,1,387,0.9080018997192383,1.0853578019000234
387,False,1,388,0.9059643745422363,1.0778817814730464
388,False,1,389,0.9003405570983887,1.1633819320372174
389,False,1,390,0.9043340682983398,1.075260456119265
390,False,1,391,0.9081380367279053,1.074423896414893
391,False,1,392,0.9134790897369385,1.0924513105835234
392,False,1,393,0.5918941497802734,1.0965437484639031
393,False,1,394,0.7988831996917725,1.0542662977462722
394,False,1,395,0.8683874607086182,1.0862488377661932
395,False,1,396,0.8067660331726074,1.1413447051530792
396,False,1,397,0.8604485988616943,1.0593938536587217
397,False,1,398,0.8500654697418213,1.0766550096727554
398,False,1,399,0.8655421733856201,1.1165171464284265
399,True,1,400,0.9306941032409668,1.125237608239764
400,False,1,401,0.8491637706756592,1.1000874975607506
401,False,1,402,0.8810510635375977,1.0896736520032089
402,False,1,403,0.7956545352935791,1.1249519785245259
403,False,1,404,0.857093334197998,1.1003485604943264
404,False,1,405,0.8615922927856445,1.0443442740610667
405,False,1,406,0.8473224639892578,1.0792839583896456
406,False,1,407,0.8233025074005127,1.097906949974242
407,False,1,408,0.8860495090484619,1.1182145547299158
408,False,1,409,0.8619968891143799,1.076614601537585
409,False,1,410,0.8463382720947266,1.099582889959926
410,False,1,411,0.8065991401672363,1.1101181201991581
411,False,1,412,0.8515071868896484,1.116827558193888
412,False,1,413,0.8680920600891113,1.0999987522761026
413,False,1,414,0.8548312187194824,1.0985615842399141
414,False,1,415,0.8123140335083008,0.99788496873918
415,False,1,416,0.8799057006835938,1.0221955478191376
416,False,1,417,0.8472247123718262,1.0751790193219979
417,False,1,418,0.8899986743927002,1.12455434742428
418,False,1,419,0.8622970581054688,1.1043248737142202
419,False,1,420,0.8475894927978516,1.0746387083615576
420,False,1,421,0.8680570125579834,1.0272587589209987
421,False,1,422,0.8474657535552979,1.0650389588304927
422,False,1,423,0.8563127517700195,1.1389660466284979
423,False,1,424,0.8647475242614746,1.0642183768075135
424,False,1,425,0.8426516056060791,1.079327877433527
425,False,1,426,0.8591694831848145,1.080452777090527
426,False,1,427,0.836677074432373,1.114640229514667
427,False,1,428,0.8630955219268799,1.1071649999136017
428,False,1,429,0.8433623313903809,1.087671697849319
429,False,1,430,0.8450832366943359,1.1526490400234863
430,False,1,431,0.8261678218841553,1.0669572087270873
431,False,1,432,0.8546953201293945,1.0798980175029664
432,False,1,433,0.8637020587921143,1.0895521795111043
433,False,1,434,0.8482372760772705,1.0882272278623923
434,False,1,435,0.8231253623962402,1.0679809779283547
435,False,1,436,0.8567590713500977,1.0499640972841355
436,False,1,437,0.8477461338043213,1.0934812199501764
437,False,1,438,0.8596737384796143,1.115843481251172
438,False,1,439,0.8067598342895508,1.0928179717489652
439,False,1,440,0.8749101161956787,1.0503037837999207
440,False,1,441,0.8526525497436523,1.0671921755586353
441,False,1,442,0.8654251098632812,1.1396932034265428
442,False,1,443,0.8277103900909424,1.0724645178942456
443,False,1,444,0.8832502365112305,1.0770085865543
444,False,1,445,0.8469231128692627,1.040340332757859
445,False,1,446,0.8803324699401855,1.0817669704556465
446,False,1,447,0.8474621772766113,1.0497401179302306
447,False,1,448,0.843827486038208,1.0201391716088568
448,False,1,449,0.863147497177124,1.0790563747286794
449,False,1,450,0.8477985858917236,1.0953252787391343
450,False,1,451,0.8305697441101074,1.0058546541702178
451,False,1,452,0.8473963737487793,1.0163245392697198
452,False,1,453,0.8462564945220947,1.1324687266633624
453,False,1,454,0.8613088130950928,1.0482110242758478
454,False,1,455,0.7943747043609619,1.0787959240731737
455,False,1,456,0.8651607036590576,1.0486414686200165
456,False,1,457,0.8521847724914551,1.0895913942229178
457,False,1,458,0.86757493019104,1.1560538758834205
458,False,1,459,0.8317282199859619,1.0400260587533314
459,False,1,460,0.846139669418335,1.0861532170148123
460,False,1,461,0.8939275741577148,1.062333053776196
461,False,1,462,0.8472309112548828,1.1039470084721137
462,False,1,463,0.8535618782043457,1.0676171804467836
463,False,1,464,0.8671114444732666,1.0766013647828783
464,False,1,465,0.8427550792694092,1.0440111515067871
465,False,1,466,0.8638167381286621,1.0849620084322635
466,False,1,467,0.8422648906707764,1.0890462625594368
467,False,1,468,0.8595750331878662,1.051164458550158
468,False,1,469,0.8628993034362793,1.0729195021447682
469,False,1,470,0.8492708206176758,1.0567839140338557
470,False,1,471,0.8567483425140381,1.0920237544037048
471,False,1,472,0.852205753326416,1.028859061144647
472,False,1,473,0.9012954235076904,1.1214005673925085
473,False,1,474,0.8175332546234131,1.0686336951773792
474,False,1,475,0.8585960865020752,1.069599924342973
475,False,1,476,0.8391969203948975,1.1045202485152656
476,False,1,477,0.8480744361877441,1.0553630249840873
477,False,1,478,0.8622674942016602,1.1037583017633072
478,False,1,479,0.858940839767456,1.1088363372144245
479,False,1,480,0.8541686534881592,1.1136582380249385
480,False,1,481,0.8518087863922119,1.0812947679133642
481,False,1,482,0.8668637275695801,1.0876004369485945
482,False,1,483,0.8453700542449951,1.0681669447748436
483,False,1,484,0.862821102142334,1.0861836615062892
484,False,1,485,0.8436410427093506,1.0424219604049407
485,False,1,486,0.8638215065002441,1.0831979293198815
486,False,1,487,0.8865492343902588,1.098040608423097
487,False,1,488,0.8480122089385986,1.0821232458665258
488,False,1,489,0.8569831848144531,1.1220186036967095
489,False,1,490,0.810906171798706,1.1072081391300477
490,False,1,491,0.8611996173858643,1.1147085974613828
491,False,1,492,0.8545587062835693,1.0668871906541644
492,False,1,493,0.8529784679412842,1.1073198306063807
493,False,1,494,0.8268711566925049,1.0761166910330453
494,False,1,495,0.8470008373260498,0.9881742043154581
495,False,1,496,0.8563883304595947,1.1084550273205553
496,False,1,497,0.8583564758300781,1.1266081120286668
497,False,1,498,0.8307368755340576,1.087251504617078
498,False,1,499,0.8780269622802734,1.114737753357206
499,True,1,500,0.944061279296875,1.107590037442389
500,False,1,501,0.8819904327392578,1.0900207388968697
501,False,1,502,0.874192476272583,1.1500474037159059
502,False,1,503,0.8552026748657227,1.1075934462604067
503,False,1,504,0.8612966537475586,1.0653538595707646
504,False,1,505,0.8280587196350098,1.1282057169647444
505,False,1,506,0.8581883907318115,1.0787411511299154
506,False,1,507,0.8583111763000488,1.0528997803727784
507,False,1,508,0.8474819660186768,1.0760338412863866
508,False,1,509,0.8590216636657715,1.042518085134881
509,False,1,510,0.8391797542572021,1.1212435442776907
510,False,1,511,0.8858129978179932,1.149201277820837
511,False,1,512,0.860729455947876,1.1032708897477104
512,False,1,513,0.8480536937713623,1.0930194954077401
513,False,1,514,0.8405699729919434,1.0988125531446364
514,False,1,515,0.8774499893188477,1.1556703398625054
515,False,1,516,0.8459622859954834,1.0226581545457953
516,False,1,517,0.8397910594940186,1.0409713140910581
517,False,1,518,0.877199649810791,1.0849933495656365
518,False,1,519,0.8093852996826172,1.0701783819212798
519,False,1,520,0.863856315612793,1.0254681520164013
520,False,1,521,0.8166837692260742,1.0535765872115181
521,False,1,522,0.860069990158081,1.0649956241250038
522,False,1,523,0.8622393608093262,1.0955965231571878
523,False,1,524,0.8513481616973877,1.090058409830644
524,False,1,525,0.8389303684234619,1.0834675285787807
525,False,1,526,0.8404760360717773,1.068954949932439
526,False,1,527,0.8585090637207031,1.06944708916403
527,False,1,528,0.8607101440429688,1.088098700557436
528,False,1,529,0.8394036293029785,1.05937774621305
529,False,1,530,0.8620843887329102,1.0805159636906216
530,False,1,531,0.8451712131500244,1.1001426474679081
531,False,1,532,0.8849787712097168,1.0418457207935201
532,False,1,533,0.8417997360229492,1.1012188391316504
533,False,1,534,0.8402011394500732,1.0543932020664215
534,False,1,535,0.8825290203094482,1.0555502431733266
535,False,1,536,0.8405325412750244,1.1493504920176099
536,False,1,537,0.8294854164123535,1.0322765998897099
537,False,1,538,0.8578236103057861,1.0232293034593265
538,False,1,539,0.8467655181884766,1.0891636751946945
539,False,1,540,0.8621487617492676,1.0905930336032594
540,False,1,541,0.8145060539245605,1.0349503304986725
541,False,1,542,0.861936092376709,1.0999546380979677
542,False,1,543,0.8735854625701904,1.0976926655996417
543,False,1,544,0.9419820308685303,1.0403639294561884
544,False,1,545,0.9035921096801758,1.0281864461444672
545,False,1,546,0.9352753162384033,1.0977399746576944
546,False,1,547,0.9392478466033936,1.0610724318595157
547,False,1,548,0.9124054908752441,1.0269150494464805
548,False,1,549,0.9030892848968506,1.0638967454433441
549,False,1,550,0.8757686614990234,1.0709019260747092
550,False,1,551,0.8585989475250244,1.0735480728603546
551,False,1,552,0.8593206405639648,1.0432669378462294
552,False,1,553,0.8140735626220703,1.1238594899574919
553,False,1,554,0.8602888584136963,1.0488796319280356
554,False,1,555,0.8476405143737793,1.0784695801280797
555,False,1,556,0.880075216293335,1.0961595007351466
556,False,1,557,0.8616514205932617,1.0692891937990983
557,False,1,558,0.8518698215484619,1.0616732787873062
558,False,1,559,0.8641819953918457,1.0936587243562654
559,False,1,560,0.846735954284668,1.087427101674534
560,False,1,561,0.8561253547668457,1.117469099305925
561,False,1,562,0.8662416934967041,1.0970773716412838
562,False,1,563,0.8504936695098877,1.0345072416322572
563,False,1,564,0.8604633808135986,1.0649493081229073
564,False,1,565,0.829444408416748,1.0713558147350948
565,False,1,566,0.858891487121582,1.0681904128619604
566,False,1,567,0.8612024784088135,1.082315563978184
567,False,1,568,0.8504321575164795,1.1342510910970822
568,False,1,569,0.8405213356018066,1.114044594622794
569,False,1,570,0.8524641990661621,1.076479026959056
570,False,1,571,0.8797755241394043,1.06444818845817
571,False,1,572,0.8517251014709473,1.0145475924724625
572,False,1,573,0.8407821655273438,1.054200665936584
573,False,1,574,0.8810296058654785,1.1271542700983228
574,False,1,575,0.8458490371704102,1.0885282996154968
575,False,1,576,0.8340232372283936,1.1282943284937312
576,False,1,577,0.8494982719421387,1.0981531001272657
577,False,1,578,0.8613979816436768,1.0923558844342118
578,False,1,579,0.862816333770752,1.1140189511435374
579,False,1,580,0.8404510021209717,1.081878040872869
580,False,1,581,0.8615741729736328,1.1416462837230594
581,False,1,582,0.8446123600006104,1.0502562968149072
582,False,1,583,0.8649959564208984,1.0536903323871747
583,False,1,584,0.8201138973236084,1.0848775591169084
584,False,1,585,0.8601813316345215,1.103250815754845
585,False,1,586,0.846066951751709,1.155438664058844
586,False,1,587,0.8604862689971924,1.113343009281726
587,False,1,588,0.8269472122192383,1.1129720725473906
588,False,1,589,0.8457615375518799,1.0687734360496204
589,False,1,590,0.886890172958374,1.1261816340542974
590,False,1,591,0.8433597087860107,1.0285943281792458
591,False,1,592,0.8083815574645996,1.057339084290323
592,False,1,593,0.8597428798675537,1.0825046511987844
593,False,1,594,0.8461835384368896,1.0936973033738988
594,False,1,595,0.863271951675415,1.077766524184318
595,False,1,596,0.80426025390625,1.074455709684463
596,False,1,597,0.8560588359832764,1.1088589866246494
597,False,1,598,0.8425352573394775,1.0371859705164317
598,False,1,599,0.8668661117553711,1.0568412031446182
599,True,1,600,0.9162766933441162,1.0704253617496717
600,False,1,601,0.8481552600860596,1.071591683796474
601,False,1,602,0.8626954555511475,1.0706313126498745
602,False,1,603,0.8460197448730469,1.099098710609334
603,False,1,604,0.8580269813537598,1.0585064334528789
604,False,1,605,0.8644919395446777,1.0526167393795083
605,False,1,606,0.8496546745300293,1.0671368752207075
606,False,1,607,0.8599393367767334,1.0742946295511155
607,False,1,608,0.8370254039764404,1.029960739115874
608,False,1,609,0.8660838603973389,1.0623174625493235
609,False,1,610,0.8486249446868896,1.113229119351932
610,False,1,611,0.8654112815856934,1.0367561947731743
611,False,1,612,0.8771095275878906,1.0807931341585655
612,False,1,613,0.8503413200378418,1.0175787393181097
613,False,1,614,0.8673255443572998,1.0924343594482966
614,False,1,615,0.8362274169921875,1.0385451806443076
615,False,1,616,0.8806109428405762,1.08198160891022
616,False,1,617,0.8494782447814941,1.1103546253982044
617,False,1,618,0.8622550964355469,1.0592721498438291
618,False,1,619,0.7965965270996094,1.0820422811167578
619,False,1,620,0.8635740280151367,1.0938670475568089
620,False,1,621,0.8664047718048096,1.063857213372276
621,False,1,622,0.8516621589660645,1.1092651110319862
622,False,1,623,0.8203339576721191,1.045162207668736
623,False,1,624,0.8474428653717041,1.0876286718107406
624,False,1,625,0.8611397743225098,1.1195461863563176
625,False,1,626,0.8622465133666992,1.062892800108308
626,False,1,627,0.8195302486419678,1.0839809413467132
627,False,1,628,0.8693845272064209,1.0865425602311178
628,False,1,629,0.8496091365814209,1.0478198957585152
629,False,1,630,0.8810288906097412,1.0599152293233642
630,False,1,631,0.837975025177002,1.0709693839862233
631,False,1,632,0.8454101085662842,1.0458070202952336
632,False,1,633,0.8642303943634033,1.103276744130112
633,False,1,634,0.8467943668365479,1.026377957846437
634,False,1,635,0.821049690246582,1.058514020627453
635,False,1,636,0.8462495803833008,1.095828795007297
636,False,1,637,0.8526546955108643,1.0790250886763844
637,False,1,638,0.8616542816162109,1.073721367688406
638,False,1,639,0.793919563293457,1.0709637914385115
639,False,1,640,0.8596823215484619,1.0251421222374557
640,False,1,641,0.8506693840026855,1.0649452922599656
641,False,1,642,0.8836660385131836,1.0775033104277791
642,False,1,643,0.8427257537841797,1.0662711684015536
643,False,1,644,0.8491451740264893,1.0538029789569834
644,False,1,645,0.862851619720459,1.0539366084904898
645,False,1,646,0.8496415615081787,1.0412873980544861
646,False,1,647,0.8367395401000977,1.1067513544999417
647,False,1,648,0.8497829437255859,1.0320804445516496
648,False,1,649,0.8739516735076904,1.0255981738723459
649,False,1,650,0.8621182441711426,1.0505759354148592
650,False,1,651,0.8468358516693115,1.0574802888468615
651,False,1,652,0.8509092330932617,1.1038603910378049
652,False,1,653,0.8685784339904785,1.0893231460026334
653,False,1,654,0.8580141067504883,1.0492667124739714
654,False,1,655,0.8408107757568359,1.139332170287768
655,False,1,656,0.8857161998748779,1.0784356643756232
656,False,1,657,0.8507306575775146,1.0740630129973092
657,False,1,658,0.8451499938964844,1.0267920774363337
658,False,1,659,0.8806867599487305,1.0311679096803779
659,False,1,660,0.8485090732574463,1.0530563768531593
660,False,1,661,0.8625297546386719,1.0413023669804844
661,False,1,662,0.7991478443145752,1.0625357258887516
662,False,1,663,0.8615357875823975,1.0623035863751458
663,False,1,664,0.9257915019989014,1.063468062097118
664,False,1,665,0.9197821617126465,1.0463830213106813
665,False,1,666,0.9031102657318115,1.0717673081727257
666,False,1,667,0.9211385250091553,1.0917936215798059
667,False,1,668,0.9330813884735107,1.0496542648900125
668,False,1,669,0.9397444725036621,1.0848155521920748
669,False,1,670,0.8958814144134521,1.032340537401892
670,False,1,671,0.8709299564361572,1.081976990969408
671,False,1,672,0.8596267700195312,1.0693762043402308
672,False,1,673,0.8476104736328125,1.068568922934078
673,False,1,674,0.8263580799102783,1.0519656588633854
674,False,1,675,0.8452343940734863,1.07705566074167
675,False,1,676,0.8871393203735352,1.056450592620032
676,False,1,677,0.8635644912719727,1.1297661974316553
677,False,1,678,0.8151695728302002,1.0571661211905026
678,False,1,679,0.8907608985900879,1.0531357934787158
679,False,1,680,0.846519947052002,1.0815408591713223
680,False,1,681,0.8560361862182617,1.011267859311331
681,False,1,682,0.82554030418396,1.0386369769417105
682,False,1,683,0.8622303009033203,1.0437473321244828
683,False,1,684,0.8846299648284912,1.0621043340790841
684,False,1,685,0.8600952625274658,1.1157124461162657
685,False,1,686,0.8460538387298584,1.049600843694948
686,False,1,687,0.8649439811706543,1.001096887247903
687,False,1,688,0.8665752410888672,1.0673387458636647
688,False,1,689,0.8437540531158447,1.1182238885334561
689,False,1,690,0.8557066917419434,1.0510180230651585
690,False,1,691,0.8474631309509277,1.0578875953242894
691,False,1,692,0.8675148487091064,1.0652572753883542
692,False,1,693,0.8550500869750977,1.1064818288598743
693,False,1,694,0.846907377243042,1.1018975327412288
694,False,1,695,0.8791103363037109,1.082058139322769
695,False,1,696,0.8441691398620605,1.0524523549136662
696,False,1,697,0.8390798568725586,1.0324250736850358
697,False,1,698,0.8578488826751709,1.0970815760748727
698,False,1,699,0.8493971824645996,1.043251211444537
699,True,1,700,0.9561944007873535,1.045717560819217
700,False,1,701,0.8244664669036865,1.0440940150902382
701,False,1,702,0.8665721416473389,1.1290058394273121
702,False,1,703,0.8617684841156006,1.059358352706546
703,False,1,704,0.847071647644043,1.050590500235558
704,False,1,705,0.8406600952148438,1.0441714417011962
705,False,1,706,0.8478941917419434,1.1172421727152098
706,False,1,707,0.8684227466583252,1.1313911520299453
707,False,1,708,0.8601584434509277,1.0060547836834477
708,False,1,709,0.8152081966400146,1.0999246044527917
709,False,1,710,0.88118577003479,1.0505329938161938
710,False,1,711,0.8640530109405518,1.0384068563580515
711,False,1,712,0.8990390300750732,1.047118679398582
712,False,1,713,0.9441406726837158,1.0669470491508641
713,False,1,714,0.9242770671844482,1.0957940348557063
714,False,1,715,0.9386396408081055,1.0789851354701179
715,False,1,716,0.8972549438476562,1.054343852258864
716,False,1,717,0.9359855651855469,1.0829147153667045
717,False,1,718,0.9361512660980225,1.082844938639374
718,False,1,719,0.9393622875213623,1.0566311882187922
719,False,1,720,0.891413688659668,1.0562023089400359
720,False,1,721,0.9040989875793457,1.0287306642248517
721,False,1,722,0.9398107528686523,1.07470600094114
722,False,1,723,0.9280562400817871,1.0494579878591355
723,False,1,724,0.884343147277832,1.0777965675862062
724,False,1,725,0.9389300346374512,1.101300316552321
725,False,1,726,0.9184813499450684,1.129910690089067
726,False,1,727,0.9435691833496094,1.1242148425607454
727,False,1,728,0.8574345111846924,1.0620337987229937
728,False,1,729,0.8472936153411865,1.083663854570616
729,False,1,730,0.8839602470397949,1.0662197314557575
730,False,1,731,0.84735107421875,1.0326957628130913
731,False,1,732,0.811448335647583,1.0978583177285537
732,False,1,733,0.8805317878723145,1.0642969290770237
733,False,1,734,0.8488802909851074,1.1101801338649933
734,False,1,735,0.8797650337219238,0.9974880145774
735,False,1,736,0.8725028038024902,1.049100689589977
736,False,1,737,0.8455169200897217,1.0463290973788215
737,False,1,738,0.8620326519012451,1.0556622144012224
738,False,1,739,0.8355779647827148,1.1224994159170558
739,False,1,740,0.8587253093719482,1.1067188389244533
740,False,1,741,0.860020637512207,1.0399506492096753
741,False,1,742,0.8521521091461182,1.037325957080438
742,False,1,743,0.8606247901916504,1.02456991871198
743,False,1,744,0.8432943820953369,1.0470339496220862
744,False,1,745,0.8662681579589844,1.055737881433396
745,False,1,746,0.8442776203155518,1.1123167698582015
746,False,1,747,0.8689713478088379,1.1341515151517734
747,False,1,748,0.8836879730224609,1.0333304405212402
748,False,1,749,0.8507254123687744,1.0300085512655122
749,False,1,750,0.8555591106414795,1.0646831590150083
750,False,1,751,0.8250346183776855,1.0474592475664046
751,False,1,752,0.8610718250274658,1.0659454615697972
752,False,1,753,0.844353437423706,1.0544903038867883
753,False,1,754,0.8599560260772705,1.0557209118491127
754,False,1,755,0.8254013061523438,1.0453687606468087
755,False,1,756,0.8570876121520996,1.10025523993231
756,False,1,757,0.8590774536132812,1.045409169048071
757,False,1,758,0.8440251350402832,1.0342580734619071
758,False,1,759,0.852299690246582,1.0313172590519704
759,False,1,760,0.8411879539489746,1.0925283740673748
760,False,1,761,0.8630034923553467,1.0733751237747216
761,False,1,762,0.8517796993255615,1.0980314278886432
762,False,1,763,0.8449709415435791,1.0591285069073948
763,False,1,764,0.8449306488037109,1.0718805896384374
764,False,1,765,0.8360223770141602,1.021744037224423
765,False,1,766,0.8816356658935547,1.0568029192231951
766,False,1,767,0.8444108963012695,1.0643095645521368
767,False,1,768,0.8485267162322998,1.0642607183683486
768,False,1,769,0.8710722923278809,1.023486113441842
769,False,1,770,0.84588623046875,1.0349374115467074
770,False,1,771,0.8573873043060303,1.041563149009432
771,False,1,772,0.8374519348144531,1.090042160735244
772,False,1,773,0.8724534511566162,1.0814122447655312
773,False,1,774,0.8625080585479736,1.016714403317088
774,False,1,775,0.849290132522583,1.0796365936597188
775,False,1,776,0.8503475189208984,1.0451930044662388
776,False,1,777,0.8568642139434814,1.0346679612994196
777,False,1,778,0.8842570781707764,1.0306795267831712
778,False,1,779,0.8473770618438721,1.0483515894129163
779,False,1,780,0.838639497756958,1.031674242268006
780,False,1,781,0.868096113204956,1.0969184821560272
781,False,1,782,0.8458080291748047,1.0764304271766116
782,False,1,783,0.8476870059967041,1.1477984388669333
783,False,1,784,0.8396098613739014,1.0594963885488964
784,False,1,785,0.8692636489868164,1.0284898976484933
785,False,1,786,0.8877365589141846,1.043709933757782
786,False,1,787,0.8179545402526855,1.0173164819855065
787,False,1,788,0.8453657627105713,1.0455745870158788
788,False,1,789,0.8684515953063965,1.0689508020877838
789,False,1,790,0.858605146408081,1.1407707865749086
790,False,1,791,0.8104476928710938,1.0202031472609154
791,False,1,792,0.869478702545166,1.0150185858919507
792,False,1,793,0.8489246368408203,1.0108722769433542
793,False,1,794,0.8862426280975342,1.056289502197788
794,False,1,795,0.8179624080657959,1.0336880063904184
795,False,1,796,0.8472898006439209,0.9934658260927314
796,False,1,797,0.8627419471740723,1.1219293290660497
797,False,1,798,0.8529350757598877,1.0763165070897058
798,False,1,799,0.8073108196258545,1.035067671821231
799,True,1,800,0.9520442485809326,1.0130753424905594
800,False,1,801,0.8427200317382812,1.0871347575670198
801,False,1,802,0.8610141277313232,1.0410832909955865
802,False,1,803,0.8268280029296875,1.0203293968169462
803,False,1,804,0.8665611743927002,1.0631502032989546
804,False,1,805,0.849294900894165,1.0889541332920392
805,False,1,806,0.8808062076568604,1.0166849587112665
806,False,1,807,0.8770923614501953,1.0373700395936056
807,False,1,808,0.8539388179779053,0.9975472377347095
808,False,1,809,0.890739917755127,1.0561636814049313
809,False,1,810,0.8019804954528809,1.078012400439807
810,False,1,811,0.8571264743804932,1.0550128131040506
811,False,1,812,0.8655848503112793,1.076030212144057
812,False,1,813,0.8480243682861328,1.0728302285784765
813,False,1,814,0.8146297931671143,1.0851314600024904
814,False,1,815,0.8446352481842041,1.1345857899813425
815,False,1,816,0.8680968284606934,1.0961179279145743
816,False,1,817,0.8421761989593506,1.0620976954343773
817,False,1,818,0.8223710060119629,1.0130003257876348
818,False,1,819,0.8484523296356201,1.0033102926044235
819,False,1,820,0.8502616882324219,1.0965997406414576
820,False,1,821,0.8583254814147949,1.0557778761500405
821,False,1,822,0.8536968231201172,1.0551699563151316
822,False,1,823,0.8561327457427979,0.9965316277174722
823,False,1,824,0.851332426071167,1.0866681106743357
824,False,1,825,0.8648619651794434,1.0622615164944103
825,False,1,826,0.8472936153411865,1.0195383096025104
826,False,1,827,0.8504397869110107,0.9963913797622636
827,False,1,828,0.8632771968841553,1.0650239781964395
828,False,1,829,0.8487539291381836,1.0764411542387233
829,False,1,830,0.867572546005249,1.0592984338069245
830,False,1,831,0.8285892009735107,1.090417403550375
831,False,1,832,0.863898515701294,0.9947081084052722
832,False,1,833,0.8572161197662354,1.015325048849696
833,False,1,834,0.849564790725708,1.0477277819244633
834,False,1,835,0.8338067531585693,1.0680782651262626
835,False,1,836,0.8484408855438232,1.1098561758796375
836,False,1,837,0.8803653717041016,1.0545047399188792
837,False,1,838,0.8534696102142334,1.0258070383043516
838,False,1,839,0.8137397766113281,1.0440292463061354
839,False,1,840,0.8764951229095459,1.0461160980519792
840,False,1,841,0.8515903949737549,1.0797102806114014
841,False,1,842,0.8846945762634277,1.1017104387283323
842,False,1,843,0.8801729679107666,1.0261334673989386
843,False,1,844,0.8469204902648926,1.0416240252199627
844,False,1,845,0.87471604347229,1.0183055164913337
845,False,1,846,0.8477394580841064,1.0572688226543723
846,False,1,847,0.9417343139648438,1.0691255086234637
847,False,1,848,0.938936710357666,1.0286559888294762
848,False,1,849,0.9247009754180908,1.0892814780984608
849,False,1,850,0.9055256843566895,1.0657267907545682
850,False,1,851,0.9318063259124756,1.0363359305830229
851,False,1,852,0.9448511600494385,1.0278194773764837
852,False,1,853,0.9418356418609619,1.0202192410471895
853,False,1,854,0.9019286632537842,1.047145346977881
854,False,1,855,0.9443240165710449,1.0991412042861894
855,False,1,856,0.929671049118042,1.1032346504784765
856,False,1,857,0.9410626888275146,1.1005319896198456
857,False,1,858,0.9083502292633057,1.1030650342858972
858,False,1,859,0.9337210655212402,1.0336085717592922
859,False,1,860,0.9468109607696533,1.059549960174731
860,False,1,861,0.9273421764373779,1.0605321889299721
861,False,1,862,0.8727707862854004,1.0407571318958488
862,False,1,863,0.8572592735290527,1.1135512242714563
863,False,1,864,0.843634843826294,1.0583133356911796
864,False,1,865,0.8637230396270752,1.0196687781385014
865,False,1,866,0.8153254985809326,1.054988286147515
866,False,1,867,0.8669226169586182,1.0339272148197602
867,False,1,868,0.8605766296386719,1.0915190192560356
868,False,1,869,0.8474950790405273,1.0273490527733453
869,False,1,870,0.8352165222167969,1.0333758683076928
870,False,1,871,0.8496859073638916,0.9818192211290201
871,False,1,872,0.8787457942962646,1.0735237555844444
872,False,1,873,0.8634474277496338,1.0869066559133076
873,False,1,874,0.8304836750030518,1.0470590548855918
874,False,1,875,0.88033127784729,1.10164460397902
875,False,1,876,0.8462941646575928,0.9869456575030372
876,False,1,877,0.8646223545074463,1.057824174385695
877,False,1,878,0.8587901592254639,1.0517280197569303
878,False,1,879,0.8478090763092041,1.0361552564870744
879,False,1,880,0.8609309196472168,1.0310909595517885
880,False,1,881,0.8265202045440674,1.0745947799157527
881,False,1,882,0.8607988357543945,1.031636255837622
882,False,1,883,0.8456976413726807,1.067819276026317
883,False,1,884,0.8646118640899658,1.0385010746263321
884,False,1,885,0.8366448879241943,1.0448219829371999
885,False,1,886,0.8462979793548584,1.0759997353667305
886,False,1,887,0.8616616725921631,1.0763805274452483
887,False,1,888,0.8617477416992188,1.0377134783636954
888,False,1,889,0.8280196189880371,1.0577580534986086
889,False,1,890,0.8565490245819092,1.0363137798295134
890,False,1,891,0.8909807205200195,1.038646597415209
891,False,1,892,0.8487644195556641,1.0898391739243554
892,False,1,893,0.8214898109436035,1.0732101794509663
893,False,1,894,0.8591148853302002,1.0925826011669066
894,False,1,895,0.8521170616149902,1.0549869601215636
895,False,1,896,0.8660376071929932,1.0066374673375063
896,False,1,897,0.7948596477508545,1.061644439541158
897,False,1,898,0.856900691986084,1.0503754289377303
898,False,1,899,0.8423128128051758,1.0576929794180963
899,True,1,900,0.9562039375305176,1.0903282779313268
900,False,1,901,0.8431358337402344,1.0882863097247626
901,False,1,902,0.8513786792755127,1.0279049028952914
902,False,1,903,0.8799703121185303,1.052774496021725
903,False,1,904,0.844806432723999,1.1301482078574951
904,False,1,905,0.8375880718231201,1.0545753533286708
905,False,1,906,0.8820643424987793,1.0772835168810115
906,False,1,907,0.850550651550293,1.008955331962733
907,False,1,908,0.8567779064178467,1.1238680918301853
908,False,1,909,0.8720009326934814,1.1182797451814017
909,False,1,910,0.8496017456054688,1.1078932611715229
910,False,1,911,0.861562967300415,1.066904761251949
911,False,1,912,0.8114428520202637,1.0596025323583966
912,False,1,913,0.8589048385620117,1.011203504921425
913,False,1,914,0.8499164581298828,1.143989229486102
914,False,1,915,0.8509871959686279,1.0593756919815425
915,False,1,916,0.8439159393310547,1.0272420046939739
916,False,1,917,0.8435289859771729,1.0194233762366431
917,False,1,918,0.8765761852264404,1.1087667927855538
918,False,1,919,0.8481912612915039,1.0142504915240265
919,False,1,920,0.8276565074920654,1.0610961649744284
920,False,1,921,0.8454275131225586,1.0576261129407656
921,False,1,922,0.86055588722229,1.0043487233065422
922,False,1,923,0.864004373550415,1.0540802375901313
923,False,1,924,0.8228750228881836,1.020693217005048
924,False,1,925,0.8474736213684082,1.0417696691694713
925,False,1,926,0.8529152870178223,1.1157698673861367
926,False,1,927,0.8663861751556396,1.0378104934380166
927,False,1,928,0.8191370964050293,1.1345734064068114
928,False,1,929,0.8588893413543701,1.0664433255082086
929,False,1,930,0.8470568656921387,1.0573977726910793
930,False,1,931,0.8637700080871582,1.0684564085233779
931,False,1,932,0.8414030075073242,1.0530409869693576
932,False,1,933,0.8451569080352783,1.0454213418776077
933,False,1,934,0.8821656703948975,1.0180670592401706
934,False,1,935,0.8475480079650879,1.0658485648177918
935,False,1,936,0.8273320198059082,1.0958006978034973
936,False,1,937,0.857149600982666,1.0736175181255456
937,False,1,938,0.8485658168792725,1.0003960608016875
938,False,1,939,0.8593301773071289,1.1263210585429555
939,False,1,940,0.7993440628051758,1.0670737656099454
940,False,1,941,0.8615584373474121,1.058364488894031
941,False,1,942,0.8628296852111816,1.0634856479508537
942,False,1,943,0.843207597732544,1.0809213912912776
943,False,1,944,0.807990312576294,1.119669381351698
944,False,1,945,0.8447165489196777,1.1132260035900843
945,False,1,946,0.862452507019043,1.0605319183142414
946,False,1,947,0.8424322605133057,1.0350591382455256
947,False,1,948,0.824730396270752,1.084804499433154
948,False,1,949,0.8929955959320068,1.1113270521163943
949,False,1,950,0.8549141883850098,1.047048526505629
950,False,1,951,0.8611476421356201,1.0479606458296378
951,False,1,952,0.8111922740936279,1.0597967704137166
952,False,1,953,0.8652844429016113,1.0743296760178747
953,False,1,954,0.8506145477294922,1.0584038371841114
954,False,1,955,0.8452033996582031,1.0303740973273912
955,False,1,956,0.8308975696563721,1.0443085453339986
956,False,1,957,0.8618485927581787,1.0518670291418122
957,False,1,958,0.8520023822784424,1.0587587963257519
958,False,1,959,0.8467140197753906,1.045207858085632
959,False,1,960,0.814875602722168,1.0846387013083412
960,False,1,961,0.8472461700439453,1.0208218197027843
961,False,1,962,0.8816349506378174,1.0127966604417278
962,False,1,963,0.8441245555877686,1.0113869458436966
963,False,1,964,0.8236587047576904,1.0077304605926785
964,False,1,965,0.8925914764404297,1.0544190083940825
965,False,1,966,0.8510613441467285,1.0281231098231816
966,False,1,967,0.859532356262207,1.0632976087785901
967,False,1,968,0.8262643814086914,1.0383553604284923
968,False,1,969,0.8621525764465332,1.0447925370009172
969,False,1,970,0.8647909164428711,1.071454088602747
970,False,1,971,0.850250244140625,1.0299050807952879
971,False,1,972,0.8457653522491455,1.0068459067316284
972,False,1,973,0.843998908996582,1.0635479518345423
973,False,1,974,0.8724219799041748,1.058692663021031
974,False,1,975,0.8566854000091553,1.0695268036354155
975,False,1,976,0.8245046138763428,1.001155484999929
976,False,1,977,0.8691368103027344,1.0338010637178308
977,False,1,978,0.8543567657470703,1.0453818798774765
978,False,1,979,0.8693227767944336,1.0703265352972917
979,False,1,980,0.8766875267028809,1.0181480676290535
980,False,1,981,0.8479585647583008,1.0904459215345836
981,False,1,982,0.8634090423583984,1.055989646840663
982,False,1,983,0.8036849498748779,1.1534144172356247
983,False,1,984,0.864020586013794,1.059543553739786
984,False,1,985,0.859102725982666,1.041306717409974
985,False,1,986,0.8469371795654297,1.032305066074644
986,False,1,987,0.8300423622131348,1.0625358670949936
987,False,1,988,0.8433177471160889,1.0859406764308612
988,False,1,989,0.8818774223327637,1.0522547087499075
989,False,1,990,0.845196008682251,1.065328639178049
990,False,1,991,0.8082616329193115,1.0553225610582604
991,False,1,992,0.8633832931518555,1.084447673921074
992,False,1,993,0.8599576950073242,1.0486434731809866
993,False,1,994,0.8474061489105225,1.0327382907271387
994,False,1,995,0.807377815246582,1.0505312198684327
995,False,1,996,0.8473200798034668,1.0700863720405671
996,False,1,997,0.8651936054229736,1.0527840320553097
997,False,1,998,0.8601949214935303,1.0469108926398416
998,False,1,999,0.7947611808776855,1.0621991334926515
999,True,1,1000,0.9593579769134521,1.0586150549352167
1000,False,1,1001,0.839144229888916,1.0312730272610984
1001,False,1,1002,0.8695368766784668,1.0815948034148841
1002,False,1,1003,0.8598225116729736,1.0927176631632305
1003,False,1,1004,0.8485004901885986,1.0858526896862757
1004,False,1,1005,0.8853609561920166,1.0619472841776552
1005,False,1,1006,0.9216704368591309,1.1057611327795756
1006,False,1,1007,0.925443172454834,1.0234623413000787
1007,False,1,1008,0.9349231719970703,1.0164131064500128
1008,False,1,1009,0.9243261814117432,1.0107876958236808
1009,False,1,1010,0.9191927909851074,1.0054473358960379
1010,False,1,1011,0.9348297119140625,1.0307048750775198
1011,False,1,1012,0.9125127792358398,1.0524162508192518
1012,False,1,1013,0.9326791763305664,1.0702418010859265
1013,False,1,1014,0.8944735527038574,1.0800785088822957
1014,False,1,1015,0.9369218349456787,1.1214388818258332
1015,False,1,1016,0.938920259475708,1.062591171690396
1016,False,1,1017,0.9243040084838867,1.049835875630379
1017,False,1,1018,0.8983426094055176,1.049167442534651
1018,False,1,1019,0.9332528114318848,1.0644281027572495
1019,False,1,1020,0.9217281341552734,1.0513557174376078
1020,False,1,1021,0.8627607822418213,1.0845665044727781
1021,False,1,1022,0.7972586154937744,1.040427036938213
1022,False,1,1023,0.8606810569763184,1.1071847748188743
1023,False,1,1024,0.8471341133117676,1.073096796692837
1024,False,1,1025,0.8790810108184814,1.0935399173980664
1025,False,1,1026,0.8073074817657471,1.1144474695126216
1026,False,1,1027,0.8633804321289062,1.0201945535483814
1027,False,1,1028,0.849928617477417,1.0512082768338067
1028,False,1,1029,0.8797852993011475,1.0478300009632395
1029,False,1,1030,0.8397226333618164,1.0865958034992218
1030,False,1,1031,0.8468835353851318,1.026281823004995
1031,False,1,1032,0.8635110855102539,1.0581600949877783
1032,False,1,1033,0.8481712341308594,0.9794752753916243
1033,False,1,1034,0.8365817070007324,1.085060044413521
1034,False,1,1035,0.8547244071960449,1.0976970912445159
1035,False,1,1036,0.8480193614959717,1.0347308012701215
1036,False,1,1037,0.8670694828033447,1.0914256420163881
1037,False,1,1038,0.80820631980896,1.1203905400775727
1038,False,1,1039,0.8597478866577148,1.0746470313696632
1039,False,1,1040,0.8639881610870361,1.0670139484462284
1040,False,1,1041,0.8440468311309814,1.0296231057672274
1041,False,1,1042,0.8081951141357422,1.078945351853257
1042,False,1,1043,0.850085973739624,1.0260344672770727
1043,False,1,1044,0.8827404975891113,1.072027700287955
1044,False,1,1045,0.8468992710113525,1.0523528051340862
1045,False,1,1046,0.811408281326294,1.1047721835119384
1046,False,1,1047,0.8876380920410156,1.0840547453789482
1047,False,1,1048,0.8466577529907227,1.053346163992371
1048,False,1,1049,0.8568429946899414,1.0490446827773536
1049,False,1,1050,0.8054969310760498,1.028074788550536
1050,False,1,1051,0.8587334156036377,1.0191653973999477
1051,False,1,1052,0.8586878776550293,1.077815027464004
1052,False,1,1053,0.840660572052002,1.0417045954437485
1053,False,1,1054,0.810034990310669,1.0455050723893302
1054,False,1,1055,0.8460984230041504,1.0462803581640834
1055,False,1,1056,0.8852035999298096,1.009955935357582
1056,False,1,1057,0.848618745803833,1.0979784844177107
1057,False,1,1058,0.8125076293945312,1.07978559533755
1058,False,1,1059,0.8467745780944824,1.0360135269306954
1059,False,1,1060,0.8593196868896484,1.0374491952714462
1060,False,1,1061,0.8834173679351807,1.0228552871516772
1061,False,1,1062,0.8304932117462158,1.090386457386471
1062,False,1,1063,0.8593063354492188,1.0471027919224332
1063,False,1,1064,0.8464400768280029,0.9912351036355606
1064,False,1,1065,0.86077880859375,1.144270442780994
1065,False,1,1066,0.7964575290679932,1.0761418825104123
1066,False,1,1067,0.8633177280426025,1.0643370712087268
1067,False,1,1068,0.8467788696289062,1.0618287413602785
1068,False,1,1069,0.8624916076660156,1.0796907778297151
1069,False,1,1070,0.832329273223877,1.060453795606182
1070,False,1,1071,0.8466684818267822,1.0038176998496056
1071,False,1,1072,0.8848628997802734,1.0655880463974816
1072,False,1,1073,0.8518705368041992,1.0552912889314547
1073,False,1,1074,0.8536934852600098,1.0742662525957538
1074,False,1,1075,0.8658449649810791,1.0644959530660085
1075,False,1,1076,0.8487958908081055,1.0378351970797492
1076,False,1,1077,0.8594169616699219,1.0359558287475792
1077,False,1,1078,0.8419086933135986,1.0445102715776078
1078,False,1,1079,0.861616849899292,1.0037060443844115
1079,False,1,1080,0.8597688674926758,1.0175423911284833
1080,False,1,1081,0.8439295291900635,1.0776594408920834
1081,False,1,1082,0.8456840515136719,0.9793566782914458
1082,False,1,1083,0.8544924259185791,1.005524412861892
1083,False,1,1084,0.873586893081665,1.150532845939909
1084,False,1,1085,0.8566784858703613,1.0880904598605068
1085,False,1,1086,0.8448145389556885,1.031548510349932
1086,False,1,1087,0.880988597869873,1.0890053794497534
1087,False,1,1088,0.845050573348999,1.0431047881997768
1088,False,1,1089,0.8467154502868652,1.0393353590653056
1089,False,1,1090,0.8597466945648193,1.0776722445374445
1090,False,1,1091,0.8414669036865234,1.046078574089777
1091,False,1,1092,0.8658881187438965,1.0385667291425527
1092,False,1,1093,0.8208253383636475,1.0221994739203228
1093,False,1,1094,0.8584609031677246,1.0629594279896644
1094,False,1,1095,0.8777611255645752,1.0993566580471539
1095,False,1,1096,0.8700485229492188,1.0640501213215645
1096,False,1,1097,0.8049275875091553,1.0630150263508162
1097,False,1,1098,0.8573522567749023,1.0622713840788316
1098,False,1,1099,0.8475048542022705,1.0247891360805146
1099,True,1,1100,0.9723913669586182,1.0076014686908041
1100,False,1,1101,0.8651456832885742,1.0950224562769846
1101,False,1,1102,0.8532359600067139,1.1247828475066595
1102,False,1,1103,0.8789784908294678,1.0444966662852537
1103,False,1,1104,0.8305363655090332,1.0508767749582018
1104,False,1,1105,0.8571517467498779,1.088917178767068
1105,False,1,1106,0.8587315082550049,1.024937605928807
1106,False,1,1107,0.8487160205841064,1.067609856526057
1107,False,1,1108,1.0425455570220947,1.0538290795825775
0,False,2,1109,0.8070178031921387,1.0730325608026414
1,False,2,1110,0.8701186180114746,1.0235287623391265
2,False,2,1111,0.8452298641204834,1.058982904468264
3,False,2,1112,0.8640921115875244,1.046165943145752
4,False,2,1113,0.8042137622833252,1.078207240927787
5,False,2,1114,0.8635509014129639,1.020231544971466
6,False,2,1115,0.8697843551635742,1.0840422372732843
7,False,2,1116,0.8627688884735107,1.0286660985577674
8,False,2,1117,0.8050286769866943,1.0212598790725071
9,False,2,1118,0.8625538349151611,1.1162749610486487
10,False,2,1119,0.8596956729888916,1.0328432371219
11,False,2,1120,0.8442084789276123,1.0297000741674787
12,False,2,1121,0.8115785121917725,1.0142963672322887
13,False,2,1122,0.8455328941345215,1.1019080192560244
14,False,2,1123,0.8617165088653564,1.0839384496212006
15,False,2,1124,0.8458032608032227,1.063274072039695
16,False,2,1125,0.8226194381713867,1.0419865695848354
17,False,2,1126,0.8834166526794434,1.0917554277749288
18,False,2,1127,0.8484907150268555,1.0558762749036155
19,False,2,1128,0.8905720710754395,1.0503857469274887
20,False,2,1129,0.8473012447357178,1.0352949361716
21,False,2,1130,0.8459529876708984,1.026199137525899
22,False,2,1131,0.8600766658782959,1.0536421203897115
23,False,2,1132,0.8420045375823975,1.080584586731025
24,False,2,1133,0.8231568336486816,1.0701159496037735
25,False,2,1134,0.8502569198608398,1.051038343281973
26,False,2,1135,0.8542807102203369,1.053667236651693
27,False,2,1136,0.8673374652862549,1.0456155680474783
28,False,2,1137,0.7946755886077881,0.9962320730444932
29,False,2,1138,0.8565421104431152,1.070810470907461
30,False,2,1139,0.8553977012634277,1.0580296136793637
31,False,2,1140,0.8745532035827637,1.0105749217882043
32,False,2,1141,0.8409595489501953,1.078119589814118
33,False,2,1142,0.8458418846130371,1.0167202637309118
34,False,2,1143,0.8740928173065186,1.055836562954244
35,False,2,1144,0.8420193195343018,1.0807906609205968
36,False,2,1145,0.8512001037597656,1.0335035131623347
37,False,2,1146,0.8430697917938232,1.078565404528663
38,False,2,1147,0.8764805793762207,1.068904537352778
39,False,2,1148,0.9030094146728516,1.0961785887678464
40,False,2,1149,0.9092786312103271,1.0195064594348273
41,False,2,1150,0.9204761981964111,1.1278374024799893
42,False,2,1151,0.8881525993347168,1.0621757894044834
43,False,2,1152,0.9243662357330322,1.0402058904014881
44,False,2,1153,0.8969097137451172,1.0617790633723851
45,False,2,1154,0.9125716686248779,1.047826723860843
46,False,2,1155,0.9248583316802979,1.042891064215274
47,False,2,1156,0.8898320198059082,1.0059364682861733
48,False,2,1157,0.9242901802062988,0.9963278765124934
49,False,2,1158,0.9124066829681396,1.0438595726376487
50,False,2,1159,0.8909902572631836,1.0613296973918167
51,False,2,1160,0.9282135963439941,1.0314824432134628
52,False,2,1161,0.8931281566619873,1.0273691470779123
53,False,2,1162,0.9136872291564941,1.0486511946434067
54,False,2,1163,0.9248025417327881,1.0531674664290178
55,False,2,1164,0.8980329036712646,1.0568270887292563
56,False,2,1165,0.9231038093566895,1.0705653123912358
57,False,2,1166,0.9096639156341553,1.0645932058493295
58,False,2,1167,0.9090795516967773,1.0751482429248944
59,False,2,1168,0.9225308895111084,1.046631670069127
60,False,2,1169,0.9049801826477051,1.0678488488885618
61,False,2,1170,0.9083049297332764,0.9618292408330099
62,False,2,1171,0.9049956798553467,1.0577176372919765
63,False,2,1172,0.8952150344848633,1.0723696457488197
64,False,2,1173,0.930058479309082,1.0262498910583202
65,False,2,1174,0.9132356643676758,1.0391200110316277
66,False,2,1175,0.9078483581542969,1.0480673339750084
67,False,2,1176,0.9163177013397217,1.0956870471792561
68,False,2,1177,0.8948943614959717,1.01781757087225
69,False,2,1178,0.9065971374511719,0.9992879167908714
70,False,2,1179,0.9159071445465088,1.0595783121174291
71,False,2,1180,0.9101347923278809,1.0250549610881576
72,False,2,1181,0.9173140525817871,1.0661851075433548
73,False,2,1182,0.9045259952545166,1.080116388343629
74,False,2,1183,0.9295928478240967,1.1253027880475635
75,False,2,1184,0.8949570655822754,0.9828034334239507
76,False,2,1185,0.9239614009857178,1.0642719820496582
77,False,2,1186,0.9230482578277588,1.0971478319593837
78,False,2,1187,0.8930172920227051,1.0890591577405022
79,False,2,1188,0.9247260093688965,1.0086983402392693
80,False,2,1189,0.9057652950286865,1.0473677693378358
81,False,2,1190,0.8962540626525879,1.0341849334183193
82,False,2,1191,0.9229588508605957,1.0238889945404872
83,False,2,1192,0.8962786197662354,1.028968859641325
84,False,2,1193,0.9164164066314697,1.0169533572736242
85,False,2,1194,0.9236049652099609,1.0650469926851138
86,False,2,1195,0.8911771774291992,1.0131646834668657
87,False,2,1196,0.9235060214996338,1.0375128303255354
88,False,2,1197,0.9121253490447998,0.9908610341094789
89,False,2,1198,0.9067726135253906,1.0916837744769596
90,False,2,1199,0.9161179065704346,0.9905175506359054
91,True,2,1200,0.9977602958679199,1.0153603355089822
92,False,2,1201,0.9065241813659668,1.0913703455811457
93,False,2,1202,0.9258275032043457,1.0540423581287977
94,False,2,1203,0.8852286338806152,1.05483477119179
95,False,2,1204,0.9231925010681152,1.0371142370360238
96,False,2,1205,0.9109547138214111,1.0323455605123724
97,False,2,1206,0.90104079246521,1.133885877118224
98,False,2,1207,0.9173696041107178,0.9991770180917922
99,False,2,1208,0.9178907871246338,1.003606736482609
100,False,2,1209,0.9093360900878906,1.04646678623699
101,False,2,1210,0.9092731475830078,1.0828690159888494
102,False,2,1211,0.8921778202056885,1.0530024983343624
103,False,2,1212,0.9202418327331543,1.0565396721164386
104,False,2,1213,0.9064314365386963,1.0989004756723135
105,False,2,1214,0.9224603176116943,1.0740498772689273
106,False,2,1215,0.911221981048584,1.0406529183189075
107,False,2,1216,0.8965549468994141,1.0481074196951732
108,False,2,1217,0.9313297271728516,1.0722572938317343
109,False,2,1218,0.8964169025421143,1.0346771443173999
110,False,2,1219,0.9260449409484863,1.1385360470130328
111,False,2,1220,0.9219779968261719,1.020241069296996
112,False,2,1221,0.8970394134521484,1.0311069396280104
113,False,2,1222,0.9335381984710693,1.0314241626432965
114,False,2,1223,0.9037606716156006,1.0484266148081847
115,False,2,1224,0.9083192348480225,1.1387544501395452
116,False,2,1225,0.9229345321655273,1.0334453407142845
117,False,2,1226,0.8941853046417236,0.9908688460432347
118,False,2,1227,0.9061529636383057,1.0217123418336822
119,False,2,1228,0.9161975383758545,1.1125373716155689
120,False,2,1229,0.8978457450866699,1.0802624651363921
121,False,2,1230,0.9233429431915283,1.0280500936011474
122,False,2,1231,0.9012191295623779,1.0176180305757694
123,False,2,1232,0.9067041873931885,1.0773219473305202
124,False,2,1233,0.9089987277984619,1.0435210943576834
125,False,2,1234,0.8915936946868896,1.0417230068927719
126,False,2,1235,0.9265270233154297,1.0106186001073747
127,False,2,1236,0.9166321754455566,1.0763712213152932
128,False,2,1237,0.9053733348846436,1.055461529287554
129,False,2,1238,0.9231395721435547,0.9776795389396803
130,False,2,1239,0.9121527671813965,1.0376038955790656
131,False,2,1240,0.9091098308563232,1.0507560936467988
132,False,2,1241,0.9134504795074463,1.0231221011351972
133,False,2,1242,0.9046502113342285,1.0413935764559679
134,False,2,1243,0.9462981224060059,1.0047196717489333
135,False,2,1244,0.940535306930542,1.0615002883686906
136,False,2,1245,0.9180474281311035,0.9690369747224307
137,False,2,1246,0.9382660388946533,1.0648018001090915
138,False,2,1247,0.8934891223907471,1.0346529497986747
139,False,2,1248,0.9349017143249512,1.0127979240247182
140,False,2,1249,0.9163763523101807,1.0082459694572856
141,False,2,1250,0.9404516220092773,1.0381516257212275
142,False,2,1251,0.8959665298461914,1.0441100985876148
143,False,2,1252,0.9211256504058838,1.019380545687108
144,False,2,1253,0.9401848316192627,1.034144298661323
145,False,2,1254,0.9343445301055908,1.0510082475486255
146,False,2,1255,0.9088020324707031,1.0874286325914517
147,False,2,1256,0.9348642826080322,1.021393576725608
148,False,2,1257,0.9238483905792236,1.0068690741345994
149,False,2,1258,0.925673246383667,0.9993401389746439
150,False,2,1259,0.8586552143096924,1.0318973465334802
151,False,2,1260,0.8507781028747559,0.9976673271684421
152,False,2,1261,0.8812518119812012,1.0603733694269544
153,False,2,1262,0.8461310863494873,1.0234929294813249
154,False,2,1263,0.8467521667480469,1.0210531559728442
155,False,2,1264,0.8825273513793945,1.0563177452200936
156,False,2,1265,0.8486506938934326,1.0828639659143633
157,False,2,1266,0.8080062866210938,0.987818492310388
158,False,2,1267,0.8565032482147217,1.0436406898356623
159,False,2,1268,0.8523235321044922,1.0116446252380102
160,False,2,1269,0.8581531047821045,1.064937122166157
161,False,2,1270,0.8149158954620361,1.0490470187117655
162,False,2,1271,0.8577265739440918,1.0278957926091694
163,False,2,1272,0.8547592163085938,1.0907554271675293
164,False,2,1273,0.8821165561676025,1.058044183112326
165,False,2,1274,0.830949068069458,1.0292360991062153
166,False,2,1275,0.8490407466888428,1.0580936432594343
167,False,2,1276,0.8626804351806641,1.0562015033903578
168,False,2,1277,0.8475301265716553,1.0764225756838206
169,False,2,1278,0.8177812099456787,1.0563190009977137
170,False,2,1279,0.843590497970581,1.044113066224825
171,False,2,1280,0.8684539794921875,1.0733977882635026
172,False,2,1281,0.8636496067047119,1.0955900145428523
173,False,2,1282,0.820021390914917,1.0827400634686153
174,False,2,1283,0.8445219993591309,0.99818566406057
175,False,2,1284,0.8668262958526611,1.0869579031353906
176,False,2,1285,0.862412691116333,1.0352078536081883
177,False,2,1286,0.8063509464263916,1.009169059495131
178,False,2,1287,0.881023645401001,1.043179178166957
179,False,2,1288,0.848153829574585,1.0759233094397045
180,False,2,1289,0.8861069679260254,1.0154097123692432
181,False,2,1290,0.8671753406524658,1.1278155389286224
182,False,2,1291,0.8497328758239746,0.9803191653142371
183,False,2,1292,0.8643457889556885,0.9889245104222071
184,False,2,1293,0.8477768898010254,1.067068806716374
185,False,2,1294,0.8546252250671387,1.0397545035396303
186,False,2,1295,0.8582193851470947,1.019858775039514
187,False,2,1296,0.8464040756225586,0.9942507928326015
188,False,2,1297,0.8657586574554443,1.0619627460837364
189,False,2,1298,0.8392691612243652,1.0368810803407715
190,False,2,1299,0.8692944049835205,1.049719680632864
191,True,2,1300,0.9614641666412354,1.0369588399217242
192,False,2,1301,0.7982547283172607,1.0479207223369962
193,False,2,1302,0.8749723434448242,1.0461207142188438
194,False,2,1303,0.849522590637207,1.0308170786925728
195,False,2,1304,0.8811893463134766,1.0999818586167835
196,False,2,1305,0.8530476093292236,1.0790962938751496
197,False,2,1306,0.8491902351379395,1.0531387875477474
198,False,2,1307,0.8671038150787354,1.1309246520201366
199,False,2,1308,0.8424828052520752,1.0797308424399015
200,False,2,1309,0.8466038703918457,1.0136263498238158
201,False,2,1310,0.8619248867034912,1.1101697772031738
202,False,2,1311,0.862297534942627,1.0626716092228892
203,False,2,1312,0.8558402061462402,1.083078328342665
204,False,2,1313,0.8392477035522461,0.9857504807767413
205,False,2,1314,0.8827481269836426,1.044312109195051
206,False,2,1315,0.8607523441314697,1.058766443104971
207,False,2,1316,0.8482575416564941,1.0287215624536787
208,False,2,1317,0.8414273262023926,1.0305848884440603
209,False,2,1318,0.883944034576416,1.0063440469758849
210,False,2,1319,0.8522288799285889,1.1206964687222527
211,False,2,1320,0.8323078155517578,0.9841874066208091
212,False,2,1321,0.8625669479370117,1.0283929407596586
213,False,2,1322,0.8445496559143066,1.0649828818582352
214,False,2,1323,0.8616013526916504,1.0518823574696268
215,False,2,1324,0.7956862449645996,1.0455364453650657
216,False,2,1325,0.8612089157104492,1.1131914477972757
217,False,2,1326,0.8623042106628418,1.0619328208267689
218,False,2,1327,0.8481817245483398,1.050115904992535
219,False,2,1328,0.8184280395507812,1.057867541909218
220,False,2,1329,0.84527587890625,1.0933803713747434
221,False,2,1330,0.8602087497711182,1.0325096473097801
222,False,2,1331,0.8468599319458008,1.0062385903937479
223,False,2,1332,0.8344206809997559,1.0237168946436472
224,False,2,1333,0.8830687999725342,1.0609339383386434
225,False,2,1334,0.8492655754089355,1.0319917233926907
226,False,2,1335,0.8836450576782227,1.0380169703137305
227,False,2,1336,0.7960958480834961,1.008937741674128
228,False,2,1337,0.8627033233642578,1.0341355625007833
229,False,2,1338,0.8594672679901123,1.0346083424630617
230,False,2,1339,0.8518099784851074,1.0317156721083889
231,False,2,1340,0.8097326755523682,0.9924707295639172
232,False,2,1341,0.8465502262115479,1.0637128521643935
233,False,2,1342,0.8602421283721924,1.0502250386135918
234,False,2,1343,0.856834888458252,1.0581363804993176
235,False,2,1344,0.8047831058502197,1.1293617387612664
236,False,2,1345,0.8875575065612793,1.0382705811588537
237,False,2,1346,0.8534040451049805,1.0311885323552858
238,False,2,1347,0.865776777267456,1.0564771457797006
239,False,2,1348,0.7989647388458252,1.0553744020206586
240,False,2,1349,0.8583905696868896,1.0094269258635387
241,False,2,1350,0.8804070949554443,1.050132972498735
242,False,2,1351,0.8597545623779297,1.0789960211231597
243,False,2,1352,0.8047590255737305,0.9918245563194864
244,False,2,1353,0.862891435623169,1.011121099016496
245,False,2,1354,0.8480358123779297,1.061033106985546
246,False,2,1355,0.8820617198944092,1.0338970931867757
247,False,2,1356,0.8482160568237305,1.051517634874298
248,False,2,1357,0.8458988666534424,1.0573677143880296
249,False,2,1358,0.8727297782897949,0.9826673588582449
250,False,2,1359,0.8452284336090088,1.0180936070779958
251,False,2,1360,0.8475799560546875,1.0116129749942393
252,False,2,1361,0.8563897609710693,1.0478285260143734
253,False,2,1362,0.8431155681610107,1.03411373992761
254,False,2,1363,0.8676073551177979,1.0584927087738398
255,False,2,1364,0.8267779350280762,1.083234728092239
256,False,2,1365,0.8557417392730713,0.9949753295098032
257,False,2,1366,0.8620467185974121,1.0566561697494414
258,False,2,1367,0.8467471599578857,0.9982095561212018
259,False,2,1368,0.8214893341064453,1.0521609330815929
260,False,2,1369,0.8425331115722656,1.0177388184127352
261,False,2,1370,0.8636918067932129,1.0678090305910224
262,False,2,1371,0.8489751815795898,1.0694632193162328
263,False,2,1372,0.8052418231964111,0.988156259059906
264,False,2,1373,0.8803551197052002,1.0606823137828283
265,False,2,1374,0.8509073257446289,1.0068947005839575
266,False,2,1375,0.8873069286346436,1.0094720519014768
267,False,2,1376,0.8364765644073486,1.0670446207125985
268,False,2,1377,0.8487050533294678,1.0481558701112157
269,False,2,1378,0.8606123924255371,0.9953983482860383
270,False,2,1379,0.8492522239685059,0.9901853934639976
271,False,2,1380,0.8202149868011475,1.071702213514419
272,False,2,1381,0.8503918647766113,1.0569856315851212
273,False,2,1382,0.8624591827392578,1.0476039066201164
274,False,2,1383,0.8461346626281738,1.0728907134561312
275,False,2,1384,0.8295927047729492,1.0891911841574171
276,False,2,1385,0.8523917198181152,1.0419044536316677
277,False,2,1386,0.8594090938568115,1.0645418216784794
278,False,2,1387,0.8646960258483887,1.0344306180874507
279,False,2,1388,0.8119759559631348,1.0588429499240148
280,False,2,1389,0.8778564929962158,1.0412731830562862
281,False,2,1390,0.8418619632720947,1.0150579519215084
282,False,2,1391,0.8852293491363525,1.0191897015486444
283,False,2,1392,0.861652135848999,1.038564143791085
284,False,2,1393,0.8545408248901367,1.0469968441341604
285,False,2,1394,0.8619165420532227,0.9786224543516125
286,False,2,1395,0.8442592620849609,1.055858510590735
287,False,2,1396,0.8619649410247803,1.031562751602559
288,False,2,1397,0.8686690330505371,1.0252075706209456
289,False,2,1398,0.8534855842590332,1.0462450969609478
290,False,2,1399,0.8509745597839355,1.0334499467696463
291,True,2,1400,0.9346027374267578,1.0575958263306389
292,False,2,1401,0.8625292778015137,1.095218123424621
293,False,2,1402,0.8637838363647461,0.9966879511872927
294,False,2,1403,0.8056700229644775,1.0351418239020167
295,False,2,1404,0.8670105934143066,0.9688812132392611
296,False,2,1405,0.8483059406280518,1.024420441083965
297,False,2,1406,0.8874194622039795,1.060558635209288
298,False,2,1407,0.8571536540985107,1.0346830600783938
299,False,2,1408,0.8523259162902832,1.0530637837946415
300,False,2,1409,0.8664634227752686,1.0834310278296468
301,False,2,1410,0.8410806655883789,0.9833229970009554
302,False,2,1411,0.8576629161834717,0.9824200797648659
303,False,2,1412,0.8572409152984619,1.0171238623914263
304,False,2,1413,0.849022388458252,1.0118328162602015
305,False,2,1414,0.857250452041626,1.034297805456888
306,False,2,1415,0.8437988758087158,1.0693920343404726
307,False,2,1416,0.8684320449829102,1.0472766111294431
308,False,2,1417,0.8492825031280518,1.0550796818875132
309,False,2,1418,0.8664109706878662,1.0589704116185505
310,False,2,1419,0.855072021484375,1.055985707967054
311,False,2,1420,0.879763126373291,1.0087914999042236
312,False,2,1421,0.8469359874725342,1.0308642206447465
313,False,2,1422,0.8432228565216064,0.9956831548895153
314,False,2,1423,0.8566524982452393,1.0073495044239928
315,False,2,1424,0.8446595668792725,1.0556867640642895
316,False,2,1425,0.8622901439666748,0.9894363312494188
317,False,2,1426,0.8023338317871094,1.0250712100948607
318,False,2,1427,0.8557944297790527,1.0782475024461744
319,False,2,1428,0.8584399223327637,1.0414828622624988
320,False,2,1429,0.8489925861358643,1.0023628682607697
321,False,2,1430,0.8301818370819092,1.0221936159900258
322,False,2,1431,0.8522067070007324,1.0596936302525655
323,False,2,1432,0.8630146980285645,0.9610448131958644
324,False,2,1433,0.8648514747619629,1.0629990139887449
325,False,2,1434,0.8142678737640381,0.9982202489461217
326,False,2,1435,0.8786420822143555,1.0344444059190296
327,False,2,1436,0.8529577255249023,1.0747175596299625
328,False,2,1437,0.888185977935791,1.0400380460279328
329,False,2,1438,0.843059778213501,1.087493271345184
330,False,2,1439,0.844914436340332,1.0719201327079817
331,False,2,1440,0.8503389358520508,1.0358026634369577
332,False,2,1441,0.8479061126708984,1.0768969105113122
333,False,2,1442,0.814246654510498,1.0299398118541356
334,False,2,1443,0.8455479145050049,1.0334576299147946
335,False,2,1444,0.859999418258667,1.0667650940872373
336,False,2,1445,0.8633947372436523,1.0522384033316659
337,False,2,1446,0.7951116561889648,0.9957081072387243
338,False,2,1447,0.8627781867980957,1.0727581523713612
339,False,2,1448,0.8481099605560303,1.041385169362738
340,False,2,1449,0.8764951229095459,1.1133263444616683
341,False,2,1450,0.806342601776123,1.0525193459221296
342,False,2,1451,0.8581724166870117,1.0423610845492
343,False,2,1452,0.8606345653533936,1.0499903481631052
344,False,2,1453,0.8489797115325928,1.0215271008866174
345,False,2,1454,0.8048157691955566,1.0154324612092405
346,False,2,1455,0.8613085746765137,1.0455649982960449
347,False,2,1456,0.8585724830627441,1.0753899929778918
348,False,2,1457,0.846580982208252,1.0605497480857942
349,False,2,1458,0.822404146194458,0.984383954356114
350,False,2,1459,0.8441812992095947,1.0101565083577517
351,False,2,1460,0.8555910587310791,1.0362811780401637
352,False,2,1461,0.8559367656707764,1.002935188157218
353,False,2,1462,0.8315320014953613,1.0207746933613504
354,False,2,1463,0.8778877258300781,1.0162113365672885
355,False,2,1464,0.8461205959320068,1.0245344901368731
356,False,2,1465,0.8868021965026855,1.0341481108750616
357,False,2,1466,0.7876725196838379,1.0704845796738351
358,False,2,1467,0.8560531139373779,0.9941435955642235
359,False,2,1468,0.8651719093322754,1.0706081989975205
360,False,2,1469,0.8483357429504395,1.0283033365295045
361,False,2,1470,0.8275454044342041,0.9744155238426867
362,False,2,1471,0.9049112796783447,1.0438284810100282
363,False,2,1472,0.9280767440795898,1.0811651767719361
364,False,2,1473,0.9444491863250732,1.0194853120261713
365,False,2,1474,0.8930528163909912,1.041763115851652
366,False,2,1475,0.9430623054504395,0.9766904144060043
367,False,2,1476,0.9390087127685547,1.0254887555326737
368,False,2,1477,0.9241092205047607,0.987723814944426
369,False,2,1478,0.8987522125244141,1.009886661455745
370,False,2,1479,0.9287676811218262,1.0769635169279006
371,False,2,1480,0.9423668384552002,1.0894086169345036
372,False,2,1481,0.9405293464660645,1.0172354041465692
373,False,2,1482,0.892822265625,1.078498002319109
374,False,2,1483,0.9427099227905273,1.0051091057913644
375,False,2,1484,0.9401443004608154,1.0806562591876305
376,False,2,1485,0.9300081729888916,0.9954354841084706
377,False,2,1486,0.9267568588256836,1.0667627467995597
378,False,2,1487,0.8963196277618408,1.0619928297542391
379,False,2,1488,0.8651926517486572,1.0740671601323855
380,False,2,1489,0.841731071472168,1.0157049397627511
381,False,2,1490,0.8541057109832764,1.0895635173434302
382,False,2,1491,0.8461558818817139,1.0487649430121697
383,False,2,1492,0.8562629222869873,1.0520564466714861
384,False,2,1493,0.8641829490661621,1.013014446411814
385,False,2,1494,0.8360965251922607,1.0337053941828864
386,False,2,1495,0.8633913993835449,1.025397302139373
387,False,2,1496,0.8459475040435791,1.042899949298728
388,False,2,1497,0.8604440689086914,1.0871009819564366
389,False,2,1498,0.8875229358673096,1.0318396730082378
390,False,2,1499,0.8439457416534424,0.9973576491077742
391,True,2,1500,0.956043004989624,1.0716425191078867
392,False,2,1501,0.8421669006347656,1.0557617273713864
393,False,2,1502,0.8490474224090576,1.0237083896285015
394,False,2,1503,0.8649511337280273,1.019974721329553
395,False,2,1504,0.8530800342559814,1.055113897437141
396,False,2,1505,0.8336660861968994,1.0475966978285993
397,False,2,1506,0.8487739562988281,1.0109368050027459
398,False,2,1507,0.8635063171386719,0.9825851903075264
399,False,2,1508,0.8635928630828857,1.0954076058807827
400,False,2,1509,0.8157358169555664,1.105983555316925
401,False,2,1510,0.8720400333404541,1.1065056497852008
402,False,2,1511,0.8478028774261475,1.061319181074699
403,False,2,1512,0.885756254196167,0.9949576471533096
404,False,2,1513,0.8879585266113281,0.9970268777438573
405,False,2,1514,0.8460254669189453,0.9673935144784905
406,False,2,1515,0.8616387844085693,1.061714265318144
407,False,2,1516,0.833101749420166,1.033482697393213
408,False,2,1517,0.8598268032073975,1.0713220391245115
409,False,2,1518,0.8516457080841064,1.0346079028788069
410,False,2,1519,0.8672759532928467,0.9845722648536875
411,False,2,1520,0.8397581577301025,1.0452422955561251
412,False,2,1521,0.8577995300292969,1.0405951277131127
413,False,2,1522,0.8518798351287842,1.0798733276980264
414,False,2,1523,0.8651523590087891,1.0094609643731798
415,False,2,1524,0.8448390960693359,1.0011889012086959
416,False,2,1525,0.8454687595367432,1.0255879229378129
417,False,2,1526,0.8765535354614258,1.0207284667662213
418,False,2,1527,0.8508892059326172,1.0858277075347447
419,False,2,1528,0.8112773895263672,1.0025217071885155
420,False,2,1529,0.8652863502502441,1.019442050584725
421,False,2,1530,0.8416509628295898,1.0609553853670755
422,False,2,1531,0.8664536476135254,1.0113811372291475
423,False,2,1532,0.7911784648895264,1.047611302030938
424,False,2,1533,0.8656554222106934,1.0315286800974892
425,False,2,1534,0.8578603267669678,1.0203650529895507
426,False,2,1535,0.8482961654663086,1.0502455802190873
427,False,2,1536,0.8245882987976074,1.04010749040615
428,False,2,1537,0.8386518955230713,1.0124145425146536
429,False,2,1538,0.8631017208099365,1.054051918288072
430,False,2,1539,0.8422722816467285,1.0870812294029055
431,False,2,1540,0.833712100982666,1.033766298421792
432,False,2,1541,0.8664121627807617,0.9956022846911633
433,False,2,1542,0.849074125289917,0.9921175571424622
434,False,2,1543,0.8827192783355713,1.1071467853727797
435,False,2,1544,0.8255350589752197,1.0396996119192667
436,False,2,1545,0.8479268550872803,1.06279769202783
437,False,2,1546,0.883568525314331,1.0209109910896845
438,False,2,1547,0.8402128219604492,0.9953293438468661
439,False,2,1548,0.8084766864776611,1.0138659381440707
440,False,2,1549,0.860933780670166,1.0044544885555904
441,False,2,1550,0.8505058288574219,1.0486614193235126
442,False,2,1551,0.8618195056915283,1.0038104504346845
443,False,2,1552,0.8146891593933105,1.0635461555350394
444,False,2,1553,0.8594934940338135,1.0239475741982462
445,False,2,1554,0.8477847576141357,0.9372306380953107
446,False,2,1555,0.8847463130950928,0.987026690372399
447,False,2,1556,0.8068447113037109,1.0329086805383365
448,False,2,1557,0.8856399059295654,1.0340105869940348
449,False,2,1558,0.8469264507293701,1.031301016608874
450,False,2,1559,0.8715715408325195,1.0284864897174495
451,False,2,1560,0.8145020008087158,1.069145284238316
452,False,2,1561,0.8468151092529297,1.0338168520303002
453,False,2,1562,0.8657610416412354,1.0273992575350264
454,False,2,1563,0.8551938533782959,1.0295949182694863
455,False,2,1564,0.8064343929290771,1.045635045993896
456,False,2,1565,0.8468539714813232,1.0186035610025839
457,False,2,1566,0.8588955402374268,1.0544773501654465
458,False,2,1567,0.8597867488861084,1.0266689225321723
459,False,2,1568,0.8083012104034424,0.977652188567888
460,False,2,1569,0.8751180171966553,1.027131623810246
461,False,2,1570,0.8497891426086426,1.0616195379268554
462,False,2,1571,0.8827955722808838,0.9986204529802002
463,False,2,1572,0.8330705165863037,1.0570103380651703
464,False,2,1573,0.849297285079956,1.0083648047986487
465,False,2,1574,0.8630633354187012,1.0881222802258674
466,False,2,1575,0.8447844982147217,1.007391367639814
467,False,2,1576,0.8142213821411133,1.0595170976150603
468,False,2,1577,0.8481345176696777,1.0034817975191843
469,False,2,1578,0.8539175987243652,1.0366812454802647
470,False,2,1579,0.8618266582489014,0.995432256587914
471,False,2,1580,0.803175687789917,1.037629116060478
472,False,2,1581,0.8604938983917236,1.015964724833057
473,False,2,1582,0.8476874828338623,1.012366133786383
474,False,2,1583,0.8821229934692383,1.0587475420463652
475,False,2,1584,0.8261153697967529,1.0167660768188183
476,False,2,1585,0.842315673828125,1.044876315852716
477,False,2,1586,0.856903076171875,0.9898633952474309
478,False,2,1587,0.8499903678894043,1.0064212892736708
479,False,2,1588,0.8255846500396729,1.0186874178193865
480,False,2,1589,0.8500139713287354,0.9854748399839517
481,False,2,1590,0.9359538555145264,1.043568315250533
482,False,2,1591,0.949876070022583,1.0310072973370557
483,False,2,1592,0.9154784679412842,0.9517516651678651
484,False,2,1593,0.8674755096435547,1.0599228622657912
485,False,2,1594,0.8627173900604248,1.0031165743157977
486,False,2,1595,0.8621683120727539,0.9832214127693858
487,False,2,1596,0.8270690441131592,0.9819977411202024
488,False,2,1597,0.8806157112121582,1.0200320437905337
489,False,2,1598,0.8503344058990479,1.0138885932309287
490,False,2,1599,0.8689467906951904,1.0635800723518647
491,True,2,1600,0.9679174423217773,1.0105216045464787
492,False,2,1601,0.8414406776428223,1.026497898357255
493,False,2,1602,0.8797786235809326,1.0724390401017099
494,False,2,1603,0.8312458992004395,1.0174592117823305
495,False,2,1604,0.8449697494506836,1.008228891662189
496,False,2,1605,0.8631417751312256,1.0767859717210135
497,False,2,1606,0.8495440483093262,1.0029048460225267
498,False,2,1607,0.824528694152832,1.0687669529801325
499,False,2,1608,0.8470194339752197,1.0832116053927512
500,False,2,1609,0.8600215911865234,0.9932948114971318
501,False,2,1610,0.8666162490844727,0.9304348203752721
502,False,2,1611,0.8083584308624268,1.0392043051265534
503,False,2,1612,0.864825963973999,0.9699229963478591
504,False,2,1613,0.8474364280700684,1.0672810059927758
505,False,2,1614,0.8824570178985596,1.0151304819044613
506,False,2,1615,0.8579857349395752,1.0157316665919054
507,False,2,1616,0.8497426509857178,1.066154841865812
508,False,2,1617,0.8892054557800293,1.0493647300061724
509,False,2,1618,0.8324916362762451,1.0652023591988142
510,False,2,1619,0.8615047931671143,1.0108328461647034
511,False,2,1620,0.8658881187438965,1.010866388678551
512,False,2,1621,0.8501818180084229,0.9974972932111649
513,False,2,1622,0.8577158451080322,0.9533051351706188
514,False,2,1623,0.8464515209197998,0.9807980995447865
515,False,2,1624,0.8842196464538574,1.0116884531009767
516,False,2,1625,0.8777050971984863,1.0580150336027145
517,False,2,1626,0.8663864135742188,1.0395637779008775
518,False,2,1627,0.9222602844238281,1.0014786612065067
519,False,2,1628,0.9377181529998779,1.0074308060464405
520,False,2,1629,0.9314877986907959,1.0676883721635455
521,False,2,1630,0.8831682205200195,1.0171203338319346
522,False,2,1631,0.9350190162658691,1.0216235043037507
523,False,2,1632,0.9216470718383789,1.0305827955404914
524,False,2,1633,0.9203052520751953,1.0489129883547623
525,False,2,1634,0.8937492370605469,1.0465002812090374
526,False,2,1635,0.9188852310180664,1.0047126669614088
527,False,2,1636,0.934680700302124,1.0149928349114599
528,False,2,1637,0.9328174591064453,1.0936181864568169
529,False,2,1638,0.892756462097168,1.02639472200757
530,False,2,1639,0.9391248226165771,0.9959764345770792
531,False,2,1640,0.9173922538757324,0.9953870812342277
532,False,2,1641,0.9225270748138428,1.0281023131239981
533,False,2,1642,0.8594863414764404,1.032577477040745
534,False,2,1643,0.8482847213745117,1.0214420134822528
535,False,2,1644,0.8361928462982178,1.1025241790782834
536,False,2,1645,0.8388164043426514,1.0453385015328724
537,False,2,1646,0.8245954513549805,0.9849531199960484
538,False,2,1647,0.8603911399841309,1.0354649754507201
539,False,2,1648,0.8481926918029785,1.005069240218117
540,False,2,1649,0.8623130321502686,0.9988828255307106
541,False,2,1650,0.8054585456848145,1.0171925225073382
542,False,2,1651,0.8637733459472656,0.982673648567427
543,False,2,1652,0.8573594093322754,0.9948859470231192
544,False,2,1653,0.8477532863616943,1.0090055334426107
545,False,2,1654,0.8207840919494629,1.066957351707277
546,False,2,1655,0.8427698612213135,1.010718601445357
547,False,2,1656,0.8621640205383301,1.040499702450775
548,False,2,1657,0.8467273712158203,1.017094074260621
549,False,2,1658,0.8205952644348145,1.0211211109445208
550,False,2,1659,0.8609578609466553,1.011744031061729
551,False,2,1660,0.8668773174285889,1.0616646619247538
552,False,2,1661,0.8484694957733154,1.037441438862256
553,False,2,1662,0.8209471702575684,1.0718683994242122
554,False,2,1663,0.8419713973999023,1.0201058588212444
555,False,2,1664,0.8590264320373535,1.0675343509231294
556,False,2,1665,0.8625543117523193,1.01099860952014
557,False,2,1666,0.7957291603088379,1.0320342442109471
558,False,2,1667,0.8730177879333496,1.028510551012698
559,False,2,1668,0.8475563526153564,1.0363155127990815
560,False,2,1669,0.8732373714447021,1.0567818354992642
561,False,2,1670,0.8127470016479492,1.0470996598402662
562,False,2,1671,0.8439664840698242,1.0218742081806773
563,False,2,1672,0.8639562129974365,1.0185410687256424
564,False,2,1673,0.8483436107635498,1.0168017248312635
565,False,2,1674,0.8128376007080078,1.0157316355478196
566,False,2,1675,0.8429627418518066,1.0700619295239449
567,False,2,1676,0.8645691871643066,1.0627123273554302
568,False,2,1677,0.8604416847229004,0.9887554592319899
569,False,2,1678,0.8153250217437744,1.0231257081031802
570,False,2,1679,0.8623876571655273,0.996005110265244
571,False,2,1680,0.8508322238922119,1.0632781400567013
572,False,2,1681,0.8814964294433594,0.9928937886087669
573,False,2,1682,0.827263355255127,0.9879785368130318
574,False,2,1683,0.8485260009765625,1.0569245375338057
575,False,2,1684,0.8795607089996338,0.9829716022525516
576,False,2,1685,0.8453676700592041,1.011476275821527
577,False,2,1686,0.8293612003326416,1.0309540689701127
578,False,2,1687,0.8543975353240967,1.0872400903276034
579,False,2,1688,0.847541332244873,0.9958481377079373
580,False,2,1689,0.858102560043335,1.0290616282394955
581,False,2,1690,0.7965710163116455,1.0292511876849901
582,False,2,1691,0.8788177967071533,0.9906089760008312
583,False,2,1692,0.8493340015411377,1.0411695687188987
584,False,2,1693,0.8611986637115479,1.026935178254332
585,False,2,1694,0.8225483894348145,0.9989278896578722
586,False,2,1695,0.8803915977478027,1.0273403539544061
587,False,2,1696,0.8508195877075195,1.0462408069343794
588,False,2,1697,0.8621053695678711,1.0972432217427663
589,False,2,1698,0.8139822483062744,1.0538740417077428
590,False,2,1699,0.8547346591949463,1.0035714450336637
591,True,2,1700,0.957451343536377,1.0095081077445123
592,False,2,1701,0.8288769721984863,1.007549303805544
593,False,2,1702,0.8648428916931152,1.0379654071515514
594,False,2,1703,0.8410251140594482,1.0960876636561894
595,False,2,1704,0.8570661544799805,0.9650757197468055
596,False,2,1705,0.8399045467376709,1.063401892426468
597,False,2,1706,0.8399174213409424,1.0288086565477508
598,False,2,1707,0.8792204856872559,1.0559687007750784
599,False,2,1708,0.8462457656860352,1.0200615518149874
600,False,2,1709,0.8357577323913574,1.0719297077684178
601,False,2,1710,0.8562242984771729,1.0266255608626773
602,False,2,1711,0.8444643020629883,1.025816851428577
603,False,2,1712,0.864631175994873,1.0153563104215122
604,False,2,1713,0.7894704341888428,1.0612451932614757
605,False,2,1714,0.8652887344360352,1.0305036448297047
606,False,2,1715,0.860994815826416,1.0875067572508539
607,False,2,1716,0.8437857627868652,0.9983728556405932
608,False,2,1717,0.827376127243042,1.0165598859921807
609,False,2,1718,0.846930980682373,1.0100730749822797
610,False,2,1719,0.8681559562683105,1.0180696884081475
611,False,2,1720,0.8487670421600342,1.0534361040308364
612,False,2,1721,0.8239576816558838,0.9936462333869368
613,False,2,1722,0.8808791637420654,0.9777920437710627
614,False,2,1723,0.8481385707855225,0.9603513821604706
615,False,2,1724,0.8584518432617188,1.072526087363561
616,False,2,1725,0.806873083114624,1.017863564725433
617,False,2,1726,0.8592073917388916,1.023080433763209
618,False,2,1727,0.8459396362304688,1.0442007540592126
619,False,2,1728,0.881718635559082,0.9715567403251217
620,False,2,1729,0.8129913806915283,1.0252458085971219
621,False,2,1730,0.8734209537506104,1.0135419783847672
622,False,2,1731,0.8506555557250977,0.9950787877397879
623,False,2,1732,0.8846640586853027,1.0337317383715083
624,False,2,1733,0.8336403369903564,1.0575056544372015
625,False,2,1734,0.8502025604248047,0.9681782738438675
626,False,2,1735,0.8654508590698242,1.0379749402581226
627,False,2,1736,0.8457491397857666,1.064074907274473
628,False,2,1737,0.8284542560577393,1.0162291945446105
629,False,2,1738,0.8501038551330566,1.1001959698540822
630,False,2,1739,0.8524754047393799,1.0986314327234314
631,False,2,1740,0.8635199069976807,1.0510110227125034
632,False,2,1741,0.8019795417785645,0.9766119764674277
633,False,2,1742,0.8585164546966553,0.9965851035501275
634,False,2,1743,0.8512625694274902,1.0036357792005652
635,False,2,1744,0.8782248497009277,1.0439993371920926
636,False,2,1745,0.8444797992706299,1.0332320272212938
637,False,2,1746,0.8489999771118164,1.0096209256776745
638,False,2,1747,0.8889234066009521,1.0553752070381526
639,False,2,1748,0.8392302989959717,0.9894175366276788
640,False,2,1749,0.8409483432769775,1.005660826429015
641,False,2,1750,0.8822505474090576,0.953210595817793
642,False,2,1751,0.8490543365478516,1.038077410133112
643,False,2,1752,0.8381998538970947,1.0599414585601716
644,False,2,1753,0.8599362373352051,0.9727752089855216
645,False,2,1754,0.8458611965179443,1.0146798597914835
646,False,2,1755,0.8640091419219971,0.9557308075683457
647,False,2,1756,0.8214623928070068,1.010293409937904
648,False,2,1757,0.8577132225036621,1.0292986312082837
649,False,2,1758,0.8476195335388184,1.032081772617641
650,False,2,1759,0.8626856803894043,0.9925085535006862
651,False,2,1760,0.8345415592193604,1.0027812777885368
652,False,2,1761,0.8444948196411133,1.009317348223357
653,False,2,1762,0.8689188957214355,1.0426092225880847
654,False,2,1763,0.8629090785980225,0.9680323086324193
655,False,2,1764,0.8036956787109375,1.0117512245972953
656,False,2,1765,0.8586513996124268,1.0485007848058425
657,False,2,1766,0.8599212169647217,1.1113007270864077
658,False,2,1767,0.8443934917449951,1.044784154920351
659,False,2,1768,0.8146402835845947,1.0358090453914237
660,False,2,1769,0.8481237888336182,1.0029486350360373
661,False,2,1770,0.8602452278137207,1.0264562460638227
662,False,2,1771,0.860821008682251,1.0421123712190559
663,False,2,1772,0.8140013217926025,1.0769505731406668
664,False,2,1773,0.886009693145752,0.9937486960774377
665,False,2,1774,0.8482139110565186,1.0662604552649315
666,False,2,1775,0.8936793804168701,1.003736145616997
667,False,2,1776,0.8388934135437012,1.0519163523401531
668,False,2,1777,0.8487453460693359,1.0553211062437013
669,False,2,1778,0.8631138801574707,1.0310801175378619
670,False,2,1779,0.8453919887542725,1.01131391951016
671,False,2,1780,0.8290331363677979,1.0367160239035176
672,False,2,1781,0.8528614044189453,1.051657691243149
673,False,2,1782,0.8513216972351074,1.0374662897416524
674,False,2,1783,0.8578081130981445,1.0457581329558576
675,False,2,1784,0.7938764095306396,1.004842670900481
676,False,2,1785,0.861330509185791,1.0191254317760468
677,False,2,1786,0.8559739589691162,1.0200151403745017
678,False,2,1787,0.8781874179840088,1.041512016739164
679,False,2,1788,0.8458521366119385,0.9907213767014799
680,False,2,1789,0.8471167087554932,1.0783994889685085
681,False,2,1790,0.8651266098022461,1.0042753295884246
682,False,2,1791,0.848395586013794,1.0104278794356756
683,False,2,1792,0.8356189727783203,0.9860451931932142
684,False,2,1793,0.845458984375,1.0263489511396204
685,False,2,1794,0.8622961044311523,0.9788115421930946
686,False,2,1795,0.8667252063751221,1.0021236881258941
687,False,2,1796,0.8284621238708496,1.0299928816301482
688,False,2,1797,0.8801958560943604,0.9960670992732051
689,False,2,1798,0.8563108444213867,0.9772121583422025
690,False,2,1799,0.8601560592651367,1.017826006526039
691,True,2,1800,0.9372045993804932,0.993422389385246
692,False,2,1801,0.8808541297912598,1.0361975037625857
693,False,2,1802,0.8505122661590576,1.0224362008628394
694,False,2,1803,0.80696702003479,1.0605263153002376
695,False,2,1804,0.8845977783203125,0.9976226818703471
696,False,2,1805,0.8424930572509766,0.9812298440152691
697,False,2,1806,0.8620541095733643,1.0815689542463847
698,False,2,1807,0.8076164722442627,1.0415287195217042
699,False,2,1808,0.860858678817749,1.02715671452738
700,False,2,1809,0.8637816905975342,1.0291455338398616
701,False,2,1810,0.8717555999755859,1.1061316835028785
702,False,2,1811,0.8522655963897705,1.0187513047740573
703,False,2,1812,0.850020170211792,1.0746847041660834
704,False,2,1813,0.86295485496521,0.9980466050051507
705,False,2,1814,0.8650703430175781,1.0353065509171713
706,False,2,1815,0.8449900150299072,0.9759670944795722
707,False,2,1816,0.8857345581054688,1.0700555039303645
708,False,2,1817,0.8470275402069092,1.0419469883754142
709,False,2,1818,0.8456480503082275,1.0330934428742955
710,False,2,1819,0.8883357048034668,1.0217242535381093
711,False,2,1820,0.8530960083007812,1.029366533316317
712,False,2,1821,0.8645570278167725,0.9768178578288783
713,False,2,1822,0.7961075305938721,1.0311675298781622
714,False,2,1823,0.8621737957000732,1.0351108791572707
715,False,2,1824,0.8580987453460693,1.0447097388761384
716,False,2,1825,0.84814453125,0.9993312891040528
717,False,2,1826,0.8137989044189453,0.9829723771129337
718,False,2,1827,0.8493921756744385,1.013489958608434
719,False,2,1828,0.8747260570526123,1.0257398691915331
720,False,2,1829,0.8473255634307861,1.0684080939917338
721,False,2,1830,0.8081967830657959,1.0633759463117236
722,False,2,1831,0.8506522178649902,1.004648892297631
723,False,2,1832,0.8458003997802734,1.0283324860391163
724,False,2,1833,0.8694274425506592,1.0133365970991908
725,False,2,1834,0.8325161933898926,1.077779627272061
726,False,2,1835,0.8447117805480957,0.9912251256228911
727,False,2,1836,0.8635396957397461,0.9963287363449732
728,False,2,1837,0.8643288612365723,1.037213638070084
729,False,2,1838,0.8153495788574219,0.9648643166181585
730,False,2,1839,0.8635532855987549,1.0336682420401346
731,False,2,1840,0.8448724746704102,1.0474796131962822
732,False,2,1841,0.8791186809539795,1.0489844913993565
733,False,2,1842,0.833451509475708,1.0062527535926729
734,False,2,1843,0.8432395458221436,0.9571583487448238
735,False,2,1844,0.8814804553985596,1.0078650918744856
736,False,2,1845,0.8493778705596924,1.0567318972732338
737,False,2,1846,0.8280909061431885,0.9996717419652711
738,False,2,1847,0.8626253604888916,0.9825718048072998
739,False,2,1848,0.8482489585876465,1.033376348870141
740,False,2,1849,0.8673722743988037,1.0004117783336413
741,False,2,1850,0.817631721496582,0.9899629001461324
742,False,2,1851,0.8584413528442383,1.045442876716455
743,False,2,1852,0.8469521999359131,1.0365625697942007
744,False,2,1853,0.8486158847808838,0.9519889397280556
745,False,2,1854,0.8304214477539062,1.068312495946884
746,False,2,1855,0.8534657955169678,0.9785183643301327
747,False,2,1856,0.876774787902832,1.0120114471231187
748,False,2,1857,0.8483195304870605,1.0216219584856716
749,False,2,1858,0.8575456142425537,1.0332739296413602
750,False,2,1859,0.8662848472595215,1.0714877155565081
751,False,2,1860,0.8518035411834717,1.0539113935970126
752,False,2,1861,0.8585686683654785,0.9832113578560806
753,False,2,1862,0.8412563800811768,1.0068454103810447
754,False,2,1863,0.8687014579772949,1.0207278010036265
755,False,2,1864,0.8484623432159424,1.0266265748512178
756,False,2,1865,0.8603007793426514,0.9968631290608926
757,False,2,1866,0.8690214157104492,1.0247872542767296
758,False,2,1867,0.863558292388916,1.0146275535225868
759,False,2,1868,0.847703218460083,1.0175397346417108
760,False,2,1869,0.8408801555633545,1.0354149767330714
761,False,2,1870,0.8571240901947021,1.0277207383797282
762,False,2,1871,0.8459827899932861,1.0351778380572798
763,False,2,1872,0.857295036315918,1.005940107362611
764,False,2,1873,0.8135597705841064,1.0966770876021614
765,False,2,1874,0.8648476600646973,0.9729915289651779
766,False,2,1875,0.8537120819091797,1.0590071018253053
767,False,2,1876,0.8456442356109619,0.9809361682051705
768,False,2,1877,0.8387033939361572,0.9956076322566896
769,False,2,1878,0.850165843963623,0.9809873504120681
770,False,2,1879,0.8681149482727051,1.0343907711406548
771,False,2,1880,0.8447253704071045,1.047347388984192
772,False,2,1881,0.8338863849639893,1.0198931119271688
773,False,2,1882,0.8904740810394287,1.0582440676433702
774,False,2,1883,0.8475768566131592,0.9854502876599631
775,False,2,1884,0.8581042289733887,0.9841308309918358
776,False,2,1885,0.8084585666656494,1.0414633459988094
777,False,2,1886,0.8636467456817627,1.0214834553854808
778,False,2,1887,0.9303967952728271,1.0293521185715993
779,False,2,1888,0.9269225597381592,1.0864433859075822
780,False,2,1889,0.9167988300323486,1.0077350934346516
781,False,2,1890,0.9338679313659668,0.9746116814868792
782,False,2,1891,0.9264283180236816,0.9862370448453086
783,False,2,1892,0.9317009449005127,1.0632177931921822
784,False,2,1893,0.9179728031158447,1.0385862681127729
785,False,2,1894,0.9253950119018555,1.0430341458746364
786,False,2,1895,0.9368312358856201,1.0127534823758262
787,False,2,1896,0.8999900817871094,0.978726906613225
788,False,2,1897,0.9319319725036621,1.0033272424978867
789,False,2,1898,0.9148044586181641,1.0193341599688643
790,False,2,1899,0.936403751373291,1.0408683543403945
791,True,2,1900,1.0000009536743164,1.0244995327222914
792,False,2,1901,0.9363205432891846,1.0131854276571954
793,False,2,1902,0.9114446640014648,1.041138095515115
794,False,2,1903,0.8502428531646729,1.0297030375472138
795,False,2,1904,0.8555846214294434,1.005163762895834
796,False,2,1905,0.8479483127593994,0.985533148937282
797,False,2,1906,0.8788015842437744,1.0234876168625697
798,False,2,1907,0.8538360595703125,0.9921716361173563
799,False,2,1908,0.8485491275787354,1.0858374195439475
800,False,2,1909,0.8756592273712158,1.1086305096035909
801,False,2,1910,0.848665714263916,1.093779936078049
802,False,2,1911,0.8418445587158203,1.020397037977264
803,False,2,1912,0.85968017578125,0.9887995091932159
804,False,2,1913,0.8471319675445557,0.9909706385362717
805,False,2,1914,0.8606257438659668,1.0653021351567338
806,False,2,1915,0.8008651733398438,1.009720905905678
807,False,2,1916,0.8641605377197266,1.063757231547719
808,False,2,1917,0.8602724075317383,1.0288936609313604
809,False,2,1918,0.8437166213989258,0.9927820261745225
810,False,2,1919,0.8322947025299072,0.9744960318009059
811,False,2,1920,0.8390769958496094,1.0475047516326108
812,False,2,1921,0.8624293804168701,1.0280175797996065
813,False,2,1922,0.8484783172607422,1.0265154050929206
814,False,2,1923,0.8508396148681641,1.0257510528677987
815,False,2,1924,0.8759825229644775,1.0523176459329469
816,False,2,1925,0.8486001491546631,1.0632946867318378
817,False,2,1926,0.8896644115447998,1.0059295537925905
818,False,2,1927,0.7966699600219727,1.0112581661059745
819,False,2,1928,0.8466446399688721,1.009721428865478
820,False,2,1929,0.8597524166107178,0.9986072044287408
821,False,2,1930,0.8473870754241943,0.9968301150060835
822,False,2,1931,0.8365786075592041,0.991993436323745
823,False,2,1932,0.8469290733337402,1.0207531455726853
824,False,2,1933,0.8660078048706055,1.0257473226104463
825,False,2,1934,0.8491795063018799,1.03569808673291
826,False,2,1935,0.8340637683868408,1.0197475793815793
827,False,2,1936,0.8663640022277832,0.9785016638537248
828,False,2,1937,0.8823959827423096,1.0468696941222464
829,False,2,1938,0.8403971195220947,1.018833301251843
830,False,2,1939,0.8171811103820801,0.9677491046133495
831,False,2,1940,0.8577077388763428,1.0311240738346463
832,False,2,1941,0.8525397777557373,1.0294880349011648
833,False,2,1942,0.859360933303833,0.9642151847836519
834,False,2,1943,0.8001809120178223,0.9969228119367644
835,False,2,1944,0.8639214038848877,0.9940015290464675
836,False,2,1945,0.8509640693664551,1.0529095388594127
837,False,2,1946,0.8524916172027588,1.0246104415328732
838,False,2,1947,0.8318831920623779,1.0139193414222625
839,False,2,1948,0.8474619388580322,0.9756837999891667
840,False,2,1949,0.877030611038208,0.9933528893050694
841,False,2,1950,0.8467891216278076,1.0392859273013615
842,False,2,1951,0.8196902275085449,1.0064081077774367
843,False,2,1952,0.8854014873504639,1.0060932079241391
844,False,2,1953,0.8517208099365234,1.0676962172701248
845,False,2,1954,0.8640298843383789,0.9891029349749995
846,False,2,1955,0.7963252067565918,0.9811752138748056
847,False,2,1956,0.8642704486846924,1.0234062877439316
848,False,2,1957,0.8621196746826172,1.0095280680716747
849,False,2,1958,0.8479642868041992,0.9847535278115953
850,False,2,1959,0.8106651306152344,0.9909338825160549
851,False,2,1960,0.8418793678283691,1.0898001112398645
852,False,2,1961,0.8635880947113037,0.9783538448668658
853,False,2,1962,0.8480253219604492,0.9871924902711599
854,False,2,1963,0.8225171566009521,0.9783685661497571
855,False,2,1964,0.8793177604675293,0.9797768188374384
856,False,2,1965,0.8474478721618652,1.0050768092984246
857,False,2,1966,0.8572971820831299,1.0300000297526517
858,False,2,1967,0.795844554901123,0.960142499456803
859,False,2,1968,0.8675942420959473,0.999381608551457
860,False,2,1969,0.8479654788970947,1.0141270644962788
861,False,2,1970,0.8736097812652588,0.9810203671277989
862,False,2,1971,0.8277726173400879,1.0832649135873433
863,False,2,1972,0.855161190032959,1.0706613063812258
864,False,2,1973,0.8475918769836426,0.9337403398184548
865,False,2,1974,0.8824434280395508,1.0060803727025076
866,False,2,1975,0.8660924434661865,1.042893637592594
867,False,2,1976,0.8650147914886475,1.0454251304978415
868,False,2,1977,0.8637611865997314,0.9760309429395768
869,False,2,1978,0.8216867446899414,0.9727860763669014
870,False,2,1979,0.856640100479126,0.9932062224972815
871,False,2,1980,0.860027551651001,1.0097997045765321
872,False,2,1981,0.8540134429931641,1.0953935757279396
873,False,2,1982,0.8455841541290283,1.0398748822155452
874,False,2,1983,0.8451447486877441,1.0266458559781313
875,False,2,1984,0.8636810779571533,1.0115195949162756
876,False,2,1985,0.8617327213287354,1.0590203957898277
877,False,2,1986,0.8386836051940918,1.003488760973726
878,False,2,1987,0.865635871887207,1.0474332961298172
879,False,2,1988,0.8491148948669434,0.9607845051657585
880,False,2,1989,0.8841829299926758,1.0087215872037978
881,False,2,1990,0.8401131629943848,1.0193250221865515
882,False,2,1991,0.837228536605835,1.0329775992958319
883,False,2,1992,0.8806452751159668,1.014693634141059
884,False,2,1993,0.8500022888183594,1.013759833538816
885,False,2,1994,0.8175108432769775,1.0244037164818673
886,False,2,1995,0.8592145442962646,1.0232376463356472
887,False,2,1996,0.8384511470794678,0.994223024341322
888,False,2,1997,0.8628687858581543,1.012070434788863
889,False,2,1998,0.8213183879852295,0.9979430224214282
890,False,2,1999,0.8648998737335205,1.0059949143656663
891,True,2,2000,0.9447567462921143,0.9890376324100153
892,False,2,2001,0.8499693870544434,0.9901465319451832
893,False,2,2002,0.8424539566040039,1.0017550846650483
894,False,2,2003,0.8513705730438232,1.021203844674996
895,False,2,2004,0.8655209541320801,1.0619532238869438
896,False,2,2005,0.868272066116333,0.9927144121556056
897,False,2,2006,0.8521080017089844,0.9926111733629589
898,False,2,2007,0.8483903408050537,1.0227075527821265
899,False,2,2008,0.8670029640197754,0.9615773558616637
900,False,2,2009,0.84259033203125,0.9919712422859103
901,False,2,2010,0.8552758693695068,0.9488304752324307
902,False,2,2011,0.856539249420166,1.0121759463633808
903,False,2,2012,0.8435206413269043,0.9983978576603393
904,False,2,2013,0.8661086559295654,1.0148850551673345
905,False,2,2014,0.8379666805267334,1.022536734562545
906,False,2,2015,0.8705570697784424,1.0131904408335686
907,False,2,2016,0.8617634773254395,1.0356634709806671
908,False,2,2017,0.8515970706939697,1.025337598153523
909,False,2,2018,0.841249942779541,1.0418712290979566
910,False,2,2019,0.8533251285552979,0.9916705812017124
911,False,2,2020,0.8821737766265869,0.987953780662446
912,False,2,2021,0.8566019535064697,1.0051737427711487
913,False,2,2022,0.8473401069641113,1.0119625234178138
914,False,2,2023,0.8857536315917969,1.0333836923042934
915,False,2,2024,0.8501932621002197,1.0752628995549112
916,False,2,2025,0.8396728038787842,1.0063739500585058
917,False,2,2026,0.8627665042877197,1.0171399350677217
918,False,2,2027,0.843595027923584,1.0264247549431664
919,False,2,2028,0.8623151779174805,1.0463173119794755
920,False,2,2029,0.7975831031799316,1.013292072784333
921,False,2,2030,0.8627471923828125,0.9639565680353416
922,False,2,2031,0.8542640209197998,1.013356196028846
923,False,2,2032,0.8463807106018066,0.9635633336646218
924,False,2,2033,0.8315553665161133,1.016354871913791
925,False,2,2034,0.8435299396514893,1.0708722809240931
926,False,2,2035,0.8820643424987793,1.0475101045199804
927,False,2,2036,0.8473443984985352,0.9658172755014327
928,False,2,2037,0.808424711227417,1.0069080818267095
929,False,2,2038,0.8445422649383545,0.958059035951183
930,False,2,2039,0.8644428253173828,1.000722895420733
931,False,2,2040,0.8770263195037842,0.9937566596837272
932,False,2,2041,0.8200798034667969,1.008179634809494
933,False,2,2042,0.8440389633178711,0.964588733656066
934,False,2,2043,0.8510212898254395,0.9834781216368786
935,False,2,2044,0.8609206676483154,1.0575232920902116
936,False,2,2045,0.8016769886016846,1.0289974308439662
937,False,2,2046,0.8539502620697021,1.010883740371182
938,False,2,2047,0.8493702411651611,0.944400070856015
939,False,2,2048,0.8700871467590332,0.9699427354193867
940,False,2,2049,0.8616070747375488,1.0188157437812717
941,False,2,2050,0.9223017692565918,1.0032121063697905
942,False,2,2051,0.9379022121429443,0.9830995723605157
943,False,2,2052,0.9315478801727295,1.0104061038721175
944,False,2,2053,0.8878304958343506,1.01347466185689
945,False,2,2054,0.9343829154968262,1.0043700195494154
946,False,2,2055,0.9232292175292969,1.0215716142029991
947,False,2,2056,0.9377496242523193,0.9995935497184595
948,False,2,2057,0.9223580360412598,0.9341621895631154
949,False,2,2058,0.922523021697998,0.9663274440736996
950,False,2,2059,0.9353206157684326,1.019916386121795
951,False,2,2060,0.9272644519805908,1.0187048053457624
952,False,2,2061,0.9121310710906982,1.0161250482002893
953,False,2,2062,0.937140703201294,0.9716298455993335
954,False,2,2063,0.919954776763916,0.9748280630225226
955,False,2,2064,0.9131033420562744,1.0226691904522123
956,False,2,2065,0.8709425926208496,1.0507003178908711
957,False,2,2066,0.8461742401123047,0.9870222299581484
958,False,2,2067,0.8785369396209717,0.9626079103244206
959,False,2,2068,0.8108935356140137,0.9857490154958906
960,False,2,2069,0.8579516410827637,1.028278663754463
961,False,2,2070,0.8642723560333252,1.0158747785857747
962,False,2,2071,0.8490579128265381,1.0013874556337083
963,False,2,2072,0.8356218338012695,1.0207621455192566
964,False,2,2073,0.8932621479034424,1.002829990926243
965,False,2,2074,0.8650588989257812,1.050823151355698
966,False,2,2075,0.8509323596954346,0.9795851232040498
967,False,2,2076,0.8128440380096436,0.9829062521457671
968,False,2,2077,0.8452053070068359,0.9817863591015339
969,False,2,2078,0.8606503009796143,1.0563108339196163
970,False,2,2079,0.8523037433624268,0.9793130377573627
971,False,2,2080,0.8293783664703369,1.011143959526505
972,False,2,2081,0.8847172260284424,1.0292924887367658
973,False,2,2082,0.845372200012207,1.0569830437501273
974,False,2,2083,0.8835680484771729,0.9903400999804339
975,False,2,2084,0.8027215003967285,1.002830118473087
976,False,2,2085,0.8472390174865723,1.0229644697336924
977,False,2,2086,0.8631765842437744,0.9736725115882497
978,False,2,2087,0.8511738777160645,0.9932342111354783
979,False,2,2088,0.8187167644500732,0.9966462807995935
980,False,2,2089,0.8466663360595703,0.9908869660326415
981,False,2,2090,0.8618266582489014,1.0195373016453926
982,False,2,2091,0.8612549304962158,1.0457284620829992
983,False,2,2092,0.8058328628540039,1.0624829608769644
984,False,2,2093,0.8631565570831299,0.9979095487367539
985,False,2,2094,0.8490331172943115,0.9924987739040737
986,False,2,2095,0.8808896541595459,1.0242326401528854
987,False,2,2096,0.8253576755523682,1.0104717544856525
988,False,2,2097,0.8465371131896973,1.0111187260065762
989,False,2,2098,0.8648736476898193,0.9752432327894939
990,False,2,2099,0.8466894626617432,0.9679838764880385
991,True,2,2100,0.9086306095123291,0.9457831498058069
992,False,2,2101,0.8566980361938477,1.0142670642761955
993,False,2,2102,0.8379848003387451,1.0108564137702896
994,False,2,2103,0.8623926639556885,1.0234479049131986
995,False,2,2104,0.8208193778991699,1.0078857235965275
996,False,2,2105,0.885761022567749,0.9931185522249766
997,False,2,2106,0.8502376079559326,1.0471113345452718
998,False,2,2107,0.8624303340911865,1.0438995616776603
999,False,2,2108,0.861304521560669,1.0605478378988449
1000,False,2,2109,0.8702843189239502,1.0233331542639506
1001,False,2,2110,0.8534576892852783,1.0354061151544252
1002,False,2,2111,0.8470757007598877,1.0682661618505203
1003,False,2,2112,0.8487224578857422,1.0267415788202061
1004,False,2,2113,0.8514900207519531,0.9998645830367293
1005,False,2,2114,0.8685758113861084,1.0304360460667383
1006,False,2,2115,0.8507449626922607,1.0654492204387982
1007,False,2,2116,0.8554739952087402,0.9747541675432806
1008,False,2,2117,0.8417179584503174,1.112002037820362
1009,False,2,2118,0.8697285652160645,1.0395417642735298
1010,False,2,2119,0.8565683364868164,1.0023796473230633
1011,False,2,2120,0.8431751728057861,1.0319213214374723
1012,False,2,2121,0.8727817535400391,1.0111680119520141
1013,False,2,2122,0.8430819511413574,1.0409579865989231
1014,False,2,2123,0.8566844463348389,0.9517855718731881
1015,False,2,2124,0.8860318660736084,0.9992246500083378
1016,False,2,2125,0.8480851650238037,0.9938942481364523
1017,False,2,2126,0.8601944446563721,1.0152566897727193
1018,False,2,2127,0.7953245639801025,0.9901398532092571
1019,False,2,2128,0.8612117767333984,1.1004494726657867
1020,False,2,2129,0.8584005832672119,1.0301073803788139
1021,False,2,2130,0.8461086750030518,1.0212243121294748
1022,False,2,2131,0.8247544765472412,1.0226361236224575
1023,False,2,2132,0.8463191986083984,1.0290121725272563
1024,False,2,2133,0.8607211112976074,1.028863323231538
1025,False,2,2134,0.8474888801574707,1.0347271490664711
1026,False,2,2135,0.8341248035430908,1.0130381715439616
1027,False,2,2136,0.8802664279937744,0.9759890400760232
1028,False,2,2137,0.8459181785583496,0.9981972876758803
1029,False,2,2138,0.8596541881561279,1.005690535973935
1030,False,2,2139,0.7940244674682617,1.0312412118627912
1031,False,2,2140,0.8310773372650146,1.0074946873244786
1032,False,2,2141,0.8507180213928223,0.9677199554585277
1033,False,2,2142,0.8900110721588135,1.0210290309928711
1034,False,2,2143,0.8210430145263672,1.030284352245785
1035,False,2,2144,0.8716981410980225,0.9980588871098699
1036,False,2,2145,0.8948533535003662,1.0461831461815603
1037,False,2,2146,0.9222366809844971,1.0192878771395912
1038,False,2,2147,0.9075124263763428,1.052132732101849
1039,False,2,2148,0.9122600555419922,0.9820406646246002
1040,False,2,2149,0.9098377227783203,0.9922811882126898
1041,False,2,2150,0.9158346652984619,0.9435661181452729
1042,False,2,2151,0.9059545993804932,0.9935525451742466
1043,False,2,2152,0.9014956951141357,1.064745495539336
1044,False,2,2153,0.9041237831115723,0.9691104520821854
1045,False,2,2154,0.9223194122314453,1.0473833985271908
1046,False,2,2155,0.9069890975952148,1.004147225192615
1047,False,2,2156,0.9134182929992676,0.9811517337248435
1048,False,2,2157,0.904334306716919,0.9684337987786249
1049,False,2,2158,0.9167428016662598,0.9880999793254195
1050,False,2,2159,0.9053897857666016,1.0192105748823712
1051,False,2,2160,0.9148979187011719,1.0113559171912216
1052,False,2,2161,0.9030635356903076,0.9777944471154895
1053,False,2,2162,0.9002878665924072,1.0242720892031987
1054,False,2,2163,0.9157252311706543,1.0296153915779929
1055,False,2,2164,0.9115984439849854,1.0266504628317699
1056,False,2,2165,0.9115324020385742,1.0313487620580761
1057,False,2,2166,0.9238910675048828,1.0008972741308668
1058,False,2,2167,0.8959143161773682,0.9234554187527724
1059,False,2,2168,0.9106118679046631,0.9786218163513002
1060,False,2,2169,0.9164984226226807,1.0058526687678837
1061,False,2,2170,0.8931324481964111,0.9949116188855401
1062,False,2,2171,0.9250431060791016,1.047902407390731
1063,False,2,2172,0.8931925296783447,0.9567788548412778
1064,False,2,2173,0.9092307090759277,0.9727272889798595
1065,False,2,2174,0.9059464931488037,1.0532950134504409
1066,False,2,2175,0.9243390560150146,1.0542616056544443
1067,False,2,2176,0.920945405960083,1.0074696200234547
1068,False,2,2177,0.9219067096710205,0.9540545564322245
1069,False,2,2178,0.9148423671722412,0.9969321741234689
1070,False,2,2179,0.9042439460754395,1.0729368385814486
1071,False,2,2180,0.9039230346679688,1.0270648243881408
1072,False,2,2181,0.8996288776397705,1.054955003871804
1073,False,2,2182,0.922814130783081,0.9725031356016797
1074,False,2,2183,0.9177005290985107,1.0039630220049902
1075,False,2,2184,0.8994855880737305,0.9626641138678506
1076,False,2,2185,0.9150199890136719,1.033399991336323
1077,False,2,2186,0.9143416881561279,1.0604596599226905
1078,False,2,2187,0.9103493690490723,1.0551205213580812
1079,False,2,2188,0.9029066562652588,1.0494243183306284
1080,False,2,2189,0.9044499397277832,0.9824808509576887
1081,False,2,2190,0.9165012836456299,1.0005370754571188
1082,False,2,2191,0.911738395690918,0.9725331830836478
1083,False,2,2192,0.903388500213623,0.9810915397746222
1084,False,2,2193,0.9072012901306152,1.0315427162817548
1085,False,2,2194,0.9149773120880127,1.0240952521562576
1086,False,2,2195,0.9058756828308105,0.9801176282621562
1087,False,2,2196,0.9065790176391602,1.0046591568915615
1088,False,2,2197,0.9064574241638184,1.0327626268068948
1089,False,2,2198,0.9033629894256592,0.996096937606732
1090,False,2,2199,0.9177463054656982,0.9419714780080887
1091,True,2,2200,1.003005027770996,0.9760318128835588
1092,False,2,2201,0.9079680442810059,0.9693445686605716
1093,False,2,2202,0.916478157043457,0.9730131115232197
1094,False,2,2203,0.9012556076049805,1.0419765668255945
1095,False,2,2204,0.908062219619751,0.9904612483722823
1096,False,2,2205,0.9066762924194336,1.0836133595023836
1097,False,2,2206,0.9141373634338379,1.003388803629648
1098,False,2,2207,0.907602071762085,1.0173885070142292
1099,False,2,2208,0.920163631439209,1.0903084994781584
1100,False,2,2209,0.9065804481506348,1.0203727182178273
1101,False,2,2210,0.9077918529510498,1.019769562851815
1102,False,2,2211,0.9114294052124023,0.9804451039859226
1103,False,2,2212,0.8900537490844727,1.0492170382113684
1104,False,2,2213,0.9226934909820557,1.0107348759969073
1105,False,2,2214,0.9067673683166504,1.0315849227564675
1106,False,2,2215,0.9050254821777344,0.974770609112013
1107,False,2,2216,0.7148497104644775,1.0151567994838668
0,False,3,2217,0.8728940486907959,1.0284170448070482
1,False,3,2218,0.8516006469726562,1.0082474762485139
2,False,3,2219,0.8627660274505615,1.0065822289103554
3,False,3,2220,0.8229329586029053,0.9812837136643273
4,False,3,2221,0.8608005046844482,1.0117985897120978
5,False,3,2222,0.8398935794830322,0.9562084777724176
6,False,3,2223,0.8479492664337158,1.0641290996046293
7,False,3,2224,0.8539769649505615,0.9796395959953466
8,False,3,2225,0.8464779853820801,0.9950300398327057
9,False,3,2226,0.8941736221313477,0.9900160925019356
10,False,3,2227,0.8648436069488525,0.9739754473169645
11,False,3,2228,0.8347229957580566,1.0186823067210966
12,False,3,2229,0.8447003364562988,0.9988093376159668
13,False,3,2230,0.8805699348449707,1.024001738854817
14,False,3,2231,0.8426163196563721,0.9572057297364589
15,False,3,2232,0.8068389892578125,0.9916543433708803
16,False,3,2233,0.8566462993621826,1.0085057999406541
17,False,3,2234,0.8369424343109131,1.0040562280586791
18,False,3,2235,0.8627231121063232,1.0203790267308555
19,False,3,2236,0.8118393421173096,0.9803096024053438
20,False,3,2237,0.8605189323425293,0.9928915521928242
21,False,3,2238,0.8424749374389648,0.9750035587875616
22,False,3,2239,0.8584191799163818,1.0073607996815728
23,False,3,2240,0.8302130699157715,0.9578532329982237
24,False,3,2241,0.8402342796325684,0.9651021960945358
25,False,3,2242,0.8761186599731445,1.0022497397093546
26,False,3,2243,0.8447532653808594,1.0026055900823503
27,False,3,2244,0.8066680431365967,0.9939354792946863
28,False,3,2245,0.856285572052002,1.080811198978197
29,False,3,2246,0.8497254848480225,1.0527896402137622
30,False,3,2247,0.8561136722564697,1.0040159493329979
31,False,3,2248,0.8113753795623779,0.9982199094125203
32,False,3,2249,0.8597655296325684,0.9998241998255253
33,False,3,2250,0.8459727764129639,1.0643933518301871
34,False,3,2251,0.8593044281005859,1.0105917914992286
35,False,3,2252,0.8361408710479736,1.0462314543269928
36,False,3,2253,0.8424947261810303,1.0875935093277975
37,False,3,2254,0.882418155670166,1.030572956516629
38,False,3,2255,0.8466689586639404,0.9948251574699366
39,False,3,2256,0.8273561000823975,0.9885011116663615
40,False,3,2257,0.8455181121826172,1.0350314783198493
41,False,3,2258,0.8585038185119629,0.9076906571253424
42,False,3,2259,0.8422806262969971,1.0321916703666962
43,False,3,2260,0.8370575904846191,1.0043388959907351
44,False,3,2261,0.854987382888794,0.9970986747315952
45,False,3,2262,0.862973690032959,1.006203009436528
46,False,3,2263,0.8572940826416016,0.9678264075801488
47,False,3,2264,0.8496389389038086,1.0658893276538166
48,False,3,2265,0.8394479751586914,1.008739127289681
49,False,3,2266,0.8428099155426025,1.0338217247100103
50,False,3,2267,0.8850226402282715,1.0201838264862697
51,False,3,2268,0.8427441120147705,1.0224577763250895
52,False,3,2269,0.8242464065551758,1.0077664312862213
53,False,3,2270,0.8677074909210205,0.9769354247975915
54,False,3,2271,0.8440349102020264,0.976777928925696
55,False,3,2272,0.8813474178314209,0.969824733656077
56,False,3,2273,0.8719749450683594,0.9408439077614319
57,False,3,2274,0.8401930332183838,0.9633586819150621
58,False,3,2275,0.8566546440124512,1.0148665457963946
59,False,3,2276,0.8333661556243896,0.9648000484421139
60,False,3,2277,0.8482921123504639,0.9825530704997835
61,False,3,2278,0.8574066162109375,0.9670400328579403
62,False,3,2279,0.8463249206542969,1.002721708445322
63,False,3,2280,0.865084171295166,0.9653480636576812
64,False,3,2281,0.8266329765319824,0.999682294470923
65,False,3,2282,0.8587453365325928,0.9760101710756619
66,False,3,2283,0.8488214015960693,0.950872053702672
67,False,3,2284,0.8759658336639404,0.9824098305155834
68,False,3,2285,0.8540863990783691,0.8995958951612315
69,False,3,2286,0.8448691368103027,0.9908448628016882
70,False,3,2287,0.8861916065216064,1.0396804751030038
71,False,3,2288,0.8190958499908447,0.9797239239726748
72,False,3,2289,0.855670690536499,0.9963756948709489
73,False,3,2290,0.8638505935668945,1.0358290569413275
74,False,3,2291,0.8496429920196533,1.0070842463700542
75,False,3,2292,0.840029239654541,1.0105119255327044
76,False,3,2293,0.8426644802093506,0.9656199044769719
77,False,3,2294,0.8776719570159912,0.9598029309085435
78,False,3,2295,0.8479351997375488,1.0385094469501859
79,False,3,2296,0.8307843208312988,0.9680668032240299
80,False,3,2297,0.8551607131958008,0.9969346966771853
81,False,3,2298,0.8797283172607422,1.0282060597978886
82,False,3,2299,0.841076135635376,0.9624511902885777
83,True,3,2300,0.8761522769927979,1.0151797334353128
84,False,3,2301,0.8552355766296387,0.9714920194376083
85,False,3,2302,0.8443601131439209,1.0294423525532086
86,False,3,2303,0.8640596866607666,0.9647674720202173
87,False,3,2304,0.7981836795806885,0.9243451058864594
88,False,3,2305,0.8601036071777344,1.0055422236522038
89,False,3,2306,0.8451981544494629,1.0298473018975485
90,False,3,2307,0.8467299938201904,0.9911940807387944
91,False,3,2308,0.8264224529266357,1.015375783400876
92,False,3,2309,0.8452703952789307,1.0170727652453242
93,False,3,2310,0.8741104602813721,0.9803557160000006
94,False,3,2311,0.8396298885345459,0.9823991035421689
95,False,3,2312,0.829458475112915,0.9968771320723352
96,False,3,2313,0.8747785091400146,1.0644537692978269
97,False,3,2314,0.916771650314331,0.9287192392207329
98,False,3,2315,0.9232349395751953,1.0616690278762861
99,False,3,2316,0.8734040260314941,0.9599439274697078
100,False,3,2317,0.9193003177642822,0.971672752783412
101,False,3,2318,0.9316496849060059,0.954243359732486
102,False,3,2319,0.9201552867889404,0.9648583094988549
103,False,3,2320,0.8980567455291748,1.0286975261710938
104,False,3,2321,0.9006383419036865,1.0251364152701128
105,False,3,2322,0.9202773571014404,0.9965249058746156
106,False,3,2323,0.9264163970947266,1.0144425176438832
107,False,3,2324,0.8772094249725342,0.9860541245767049
108,False,3,2325,0.931269645690918,1.010655383268992
109,False,3,2326,0.9352045059204102,1.0460027133425076
110,False,3,2327,0.9190049171447754,0.9292965542879842
111,False,3,2328,0.9073081016540527,1.0195984081143425
112,False,3,2329,0.9077672958374023,0.9712992920762018
113,False,3,2330,0.8657586574554443,0.9560799172946385
114,False,3,2331,0.8646254539489746,0.9893928744963237
115,False,3,2332,0.8526959419250488,0.9841663880007606
116,False,3,2333,0.8487224578857422,0.9843893952312924
117,False,3,2334,0.8710498809814453,1.006937323226815
118,False,3,2335,0.8542568683624268,1.0158967191264745
119,False,3,2336,0.8457436561584473,0.9750757189024061
120,False,3,2337,0.8792040348052979,1.0146666836170921
121,False,3,2338,0.8486733436584473,1.043552743182296
122,False,3,2339,0.8321058750152588,1.0005257067581017
123,False,3,2340,0.8563625812530518,1.009335695987656
124,False,3,2341,0.848534107208252,0.9960237585362937
125,False,3,2342,0.8640472888946533,1.0317828555901847
126,False,3,2343,0.7963428497314453,0.9943982015053431
127,False,3,2344,0.86580491065979,1.0450958765688396
128,False,3,2345,0.8555688858032227,0.9939221606722897
129,False,3,2346,0.8474066257476807,1.0268852448179608
130,False,3,2347,0.8278663158416748,1.026127896848179
131,False,3,2348,0.8518671989440918,0.968703262862705
132,False,3,2349,0.8747329711914062,0.996097756106229
133,False,3,2350,0.8412797451019287,1.0621074970279423
134,False,3,2351,0.8273406028747559,1.0471764490717934
135,False,3,2352,0.8884580135345459,0.997194860662733
136,False,3,2353,0.8512701988220215,1.0013796367815564
137,False,3,2354,0.8568668365478516,0.9525721337468853
138,False,3,2355,0.8066420555114746,1.0070792323067075
139,False,3,2356,0.8635766506195068,0.9749073405705747
140,False,3,2357,0.8703145980834961,0.9899836743161793
141,False,3,2358,0.8464057445526123,0.9319204354570024
142,False,3,2359,0.8259506225585938,1.0208781287961064
143,False,3,2360,0.8482589721679688,0.979705262663109
144,False,3,2361,0.8819577693939209,1.0214395296005976
145,False,3,2362,0.8457996845245361,0.9672247355892544
146,False,3,2363,0.8462707996368408,0.9603822025514783
147,False,3,2364,0.8442456722259521,1.0055285074881144
148,False,3,2365,0.8589050769805908,0.9601728447846004
149,False,3,2366,0.8793489933013916,0.9641079849430494
150,False,3,2367,0.8524982929229736,0.9823699009915191
151,False,3,2368,0.8459033966064453,1.0416266307944342
152,False,3,2369,0.847200870513916,0.9367182865029289
153,False,3,2370,0.8613109588623047,1.0175440066627095
154,False,3,2371,0.8295629024505615,1.0357760318687985
155,False,3,2372,0.8772964477539062,1.0295030424992242
156,False,3,2373,0.8445289134979248,0.9784233330615928
157,False,3,2374,0.8661324977874756,0.974753942518007
158,False,3,2375,0.8838765621185303,1.021712499715033
159,False,3,2376,0.8477835655212402,0.9776762482665835
160,False,3,2377,0.8551228046417236,0.9837400182372048
161,False,3,2378,0.8161368370056152,1.0039226895286926
162,False,3,2379,0.8600859642028809,1.0039474061202436
163,False,3,2380,0.852592945098877,0.9492932880918185
164,False,3,2381,0.8482785224914551,1.010340729462249
165,False,3,2382,0.8298764228820801,0.9837121622903006
166,False,3,2383,0.8430624008178711,1.0030179445942244
167,False,3,2384,0.8525879383087158,1.0005986863481147
168,False,3,2385,0.8460040092468262,1.0051188820174761
169,False,3,2386,0.8363111019134521,0.934206869275797
170,False,3,2387,0.877202033996582,0.9923162272288686
171,False,3,2388,0.8468351364135742,1.0584510742198854
172,False,3,2389,0.8791968822479248,0.9894043764188176
173,False,3,2390,0.8247287273406982,1.0013394926985106
174,False,3,2391,0.844672441482544,0.9452838161516756
175,False,3,2392,0.87319016456604,0.939389203275953
176,False,3,2393,0.8450844287872314,1.0170077433188756
177,False,3,2394,0.8038632869720459,1.0664196103101684
178,False,3,2395,0.8438940048217773,0.9731387268929254
179,False,3,2396,0.8647851943969727,1.0178829289617992
180,False,3,2397,0.8617215156555176,0.9609006284957841
181,False,3,2398,0.8015291690826416,0.9730597390305429
182,False,3,2399,0.8751466274261475,1.0019178220203946
183,True,3,2400,0.9520554542541504,0.9679001896154312
184,False,3,2401,0.845684289932251,0.9967377604473204
185,False,3,2402,0.8115355968475342,0.9884189133133205
186,False,3,2403,0.8845620155334473,0.9582289434259847
187,False,3,2404,0.8477911949157715,0.9341328342755636
188,False,3,2405,0.88167405128479,1.000560250842855
189,False,3,2406,0.8816680908203125,0.9739411899021694
190,False,3,2407,0.8468396663665771,0.9820885590854146
191,False,3,2408,0.8639888763427734,0.9380133130720684
192,False,3,2409,0.8195161819458008,1.0026541671582632
193,False,3,2410,0.8563437461853027,1.1131408714822362
194,False,3,2411,0.8562297821044922,0.9747258256233874
195,False,3,2412,0.8482270240783691,1.0758833743277048
196,False,3,2413,0.8357298374176025,0.971119046920822
197,False,3,2414,0.8444275856018066,0.9465603409778505
198,False,3,2415,0.8621823787689209,0.924631489529496
199,False,3,2416,0.8539772033691406,0.9518650830501602
200,False,3,2417,0.8397996425628662,0.9695102522770563
201,False,3,2418,0.8686184883117676,0.9687625315217746
202,False,3,2419,0.8454301357269287,0.9542773484828925
203,False,3,2420,0.8811244964599609,0.995588976712454
204,False,3,2421,0.8218603134155273,0.9389169648112284
205,False,3,2422,0.8411455154418945,1.0048441287307512
206,False,3,2423,0.878532886505127,1.0424935533886863
207,False,3,2424,0.8477334976196289,0.9614221503337226
208,False,3,2425,0.8105432987213135,0.9845838954760914
209,False,3,2426,0.8569588661193848,0.9459485943828309
210,False,3,2427,0.8453400135040283,1.0215313622639293
211,False,3,2428,0.8621816635131836,0.9777015694195316
212,False,3,2429,0.8040716648101807,1.0621774331444787
213,False,3,2430,0.8601861000061035,1.0180257674129236
214,False,3,2431,0.8442282676696777,1.031093347995054
215,False,3,2432,0.8567302227020264,0.9445045631201494
216,False,3,2433,0.8151774406433105,0.9851441291116532
217,False,3,2434,0.8572888374328613,0.9938416193638528
218,False,3,2435,0.8660695552825928,1.0251650196455775
219,False,3,2436,0.8673193454742432,0.9982242463600067
220,False,3,2437,0.8006832599639893,0.9882596619427205
221,False,3,2438,0.8655662536621094,1.0248556307383947
222,False,3,2439,0.8459377288818359,1.0116580761969092
223,False,3,2440,0.8569839000701904,0.9826301318548974
224,False,3,2441,0.8210628032684326,1.0282561913842247
225,False,3,2442,0.8468449115753174,0.9935805407308395
226,False,3,2443,0.8765692710876465,0.9613521943489712
227,False,3,2444,0.8403549194335938,0.9686381160503341
228,False,3,2445,0.8238492012023926,0.9666663248624122
229,False,3,2446,0.8620679378509521,0.9857563008332536
230,False,3,2447,0.8493976593017578,0.9879918153442087
231,False,3,2448,0.8588857650756836,0.9506021812558174
232,False,3,2449,0.8067147731781006,0.9638807539428982
233,False,3,2450,0.8593385219573975,0.9348223069239232
234,False,3,2451,0.846829891204834,1.025928576077734
235,False,3,2452,0.8500711917877197,0.9667549316904376
236,False,3,2453,0.8216791152954102,0.965192148018451
237,False,3,2454,0.8426926136016846,0.9680812025354023
238,False,3,2455,0.8856494426727295,0.9338884059162366
239,False,3,2456,0.8388187885284424,0.9705549340162959
240,False,3,2457,0.8278672695159912,0.9804012747037979
241,False,3,2458,0.8612551689147949,0.9705638317834765
242,False,3,2459,0.8402974605560303,0.9702205877928507
243,False,3,2460,0.8611769676208496,0.9645995121626627
244,False,3,2461,0.8133571147918701,0.9901362295661653
245,False,3,2462,0.8603129386901855,0.9875065306467667
246,False,3,2463,0.846574068069458,1.0257911745991026
247,False,3,2464,0.8470356464385986,0.925527310442357
248,False,3,2465,0.8404726982116699,1.0011358390606586
249,False,3,2466,0.8440253734588623,1.0431250745341896
250,False,3,2467,0.8666021823883057,0.9810575979451337
251,False,3,2468,0.847343921661377,1.0056521055244267
252,False,3,2469,0.8191063404083252,0.9601205613996302
253,False,3,2470,0.8805685043334961,1.0113747801099506
254,False,3,2471,0.8564374446868896,0.9750656584898634
255,False,3,2472,0.8481349945068359,1.0041116947929065
256,False,3,2473,0.8371913433074951,1.0102092233442124
257,False,3,2474,0.8476026058197021,1.002693988028027
258,False,3,2475,0.8615458011627197,0.981103474362975
259,False,3,2476,0.8608522415161133,0.97123059630394
260,False,3,2477,0.8291006088256836,1.0035947798973037
261,False,3,2478,0.8775608539581299,0.9913979371388754
262,False,3,2479,0.8428919315338135,0.9840517865405196
263,False,3,2480,0.8674321174621582,1.0036904176785832
264,False,3,2481,0.8551185131072998,0.9295946898914517
265,False,3,2482,0.8488950729370117,1.0065899360037986
266,False,3,2483,0.8628654479980469,1.0260859766886345
267,False,3,2484,0.8466975688934326,1.0446425889219557
268,False,3,2485,0.8545169830322266,1.0132866217976524
269,False,3,2486,0.8459949493408203,0.9312652390272844
270,False,3,2487,0.8591504096984863,0.9602720765840439
271,False,3,2488,0.8601229190826416,0.9931686790216534
272,False,3,2489,0.8374202251434326,0.97775069269396
273,False,3,2490,0.8879954814910889,1.046072018554523
274,False,3,2491,0.850447416305542,0.9420112878793762
275,False,3,2492,0.895871639251709,0.9901024353291309
276,False,3,2493,0.9472413063049316,0.9456860458567028
277,False,3,2494,0.9178497791290283,0.9676412677481061
278,False,3,2495,0.934539794921875,0.9998680088846458
279,False,3,2496,0.8998162746429443,0.9984677685868174
280,False,3,2497,0.9206006526947021,1.0389255051101955
281,False,3,2498,0.9397258758544922,0.944206715339706
282,False,3,2499,0.9150516986846924,1.0044477454253604
283,True,3,2500,1.0277390480041504,0.9890408152270885
284,False,3,2501,0.9309296607971191,1.0500951643501009
285,False,3,2502,0.9157018661499023,0.9669476965708392
286,False,3,2503,0.8922421932220459,0.9549247377685137
287,False,3,2504,0.9354043006896973,1.0228702291136695
288,False,3,2505,0.9332447052001953,1.026065122336149
289,False,3,2506,0.9179902076721191,0.9708653457817576
290,False,3,2507,0.8739173412322998,0.9434820227324962
291,False,3,2508,0.8594732284545898,0.9905702178144739
292,False,3,2509,0.8455333709716797,1.0360384352859997
293,False,3,2510,0.8596498966217041,0.974284665215583
294,False,3,2511,0.7974562644958496,1.0007509638865788
295,False,3,2512,0.8569164276123047,1.0055692909019334
296,False,3,2513,0.8499026298522949,1.031612843984649
297,False,3,2514,0.863400936126709,0.9427247661210243
298,False,3,2515,0.8253011703491211,0.9776392882423742
299,False,3,2516,0.8472092151641846,1.021461596446378
300,False,3,2517,0.8825998306274414,1.0106028368075688
301,False,3,2518,0.8478386402130127,0.9737778384061087
302,False,3,2519,0.8325586318969727,1.0222801143924394
303,False,3,2520,0.8876385688781738,0.949317516315551
304,False,3,2521,0.8404979705810547,0.9753606587293603
305,False,3,2522,0.8564834594726562,0.9265234512942178
306,False,3,2523,0.8370692729949951,0.9541081598117236
307,False,3,2524,0.8507769107818604,1.0367087714728855
308,False,3,2525,0.8637518882751465,0.9740093227121094
309,False,3,2526,0.8397042751312256,1.0230281337031297
310,False,3,2527,0.828730583190918,1.0093317180871964
311,False,3,2528,0.8448753356933594,0.9774939517180126
312,False,3,2529,0.8620991706848145,0.9804979669196264
313,False,3,2530,0.8527977466583252,1.0053822355610982
314,False,3,2531,0.7950279712677002,1.0078929605938138
315,False,3,2532,0.8823440074920654,1.0070739629722776
316,False,3,2533,0.8515245914459229,1.0357202355350767
317,False,3,2534,0.860541820526123,0.996291372392859
318,False,3,2535,0.8077900409698486,0.9364150290687878
319,False,3,2536,0.8635885715484619,0.9753208848692121
320,False,3,2537,0.8481495380401611,0.9756462112778711
321,False,3,2538,0.8474087715148926,1.0121459382630529
322,False,3,2539,0.835486650466919,0.9565971917694521
323,False,3,2540,0.8579061031341553,0.9741335317847275
324,False,3,2541,0.856698751449585,0.989064790663265
325,False,3,2542,0.8496520519256592,0.9924152202549437
326,False,3,2543,0.8139276504516602,1.0328653209975789
327,False,3,2544,0.8481698036193848,0.9769786131523907
328,False,3,2545,0.8689815998077393,1.0001161336189224
329,False,3,2546,0.8549599647521973,0.9892047758968102
330,False,3,2547,0.8249382972717285,1.0161358151762259
331,False,3,2548,0.876746416091919,0.9632891388166519
332,False,3,2549,0.8471505641937256,0.9909119095121109
333,False,3,2550,0.8892316818237305,0.979072168469429
334,False,3,2551,0.8253982067108154,1.0194620933561098
335,False,3,2552,0.8449137210845947,0.987479367071674
336,False,3,2553,0.8619043827056885,0.9677463922472227
337,False,3,2554,0.846168041229248,0.9643018224409651
338,False,3,2555,0.8133928775787354,0.9584212714717502
339,False,3,2556,0.8448624610900879,0.9951734904732025
340,False,3,2557,0.8617103099822998,0.977800470022928
341,False,3,2558,0.8653090000152588,0.9998300281308945
342,False,3,2559,0.7949199676513672,1.000941648014954
343,False,3,2560,0.8732254505157471,0.9774767504561515
344,False,3,2561,0.8473236560821533,0.9767016913919221
345,False,3,2562,0.8787326812744141,0.9542394266242072
346,False,3,2563,0.8459339141845703,0.9505867564252445
347,False,3,2564,0.844757080078125,0.9651531555822915
348,False,3,2565,0.859788179397583,1.00589778841961
349,False,3,2566,0.8539197444915771,1.049292259273075
350,False,3,2567,0.8289034366607666,0.9828601777553558
351,False,3,2568,0.8470520973205566,0.9830728361294383
352,False,3,2569,0.8619260787963867,0.9700779265591076
353,False,3,2570,0.8589744567871094,0.9936084190294856
354,False,3,2571,0.801581859588623,0.9840651700894039
355,False,3,2572,0.8825199604034424,0.9917393922805786
356,False,3,2573,0.8701581954956055,0.9534134602262859
357,False,3,2574,0.8583722114562988,0.9532940740741437
358,False,3,2575,0.7995035648345947,0.9607411152904941
359,False,3,2576,0.8713207244873047,0.956673648030985
360,False,3,2577,0.8465044498443604,0.9516635785500208
361,False,3,2578,0.8867835998535156,0.9989377389706315
362,False,3,2579,0.8620502948760986,0.9347477408037301
363,False,3,2580,0.8470993041992188,0.9883951728365252
364,False,3,2581,0.8658826351165771,0.9727499754655928
365,False,3,2582,0.8447349071502686,0.967578268476895
366,False,3,2583,0.8582906723022461,0.9807367119051161
367,False,3,2584,0.8622374534606934,0.965982526540756
368,False,3,2585,0.8405489921569824,1.0194307654386474
369,False,3,2586,0.8545451164245605,0.9913513646239325
370,False,3,2587,0.8271605968475342,0.9824136836188182
371,False,3,2588,0.8639273643493652,0.9931523196754003
372,False,3,2589,0.8457388877868652,0.9520447468828587
373,False,3,2590,0.8495829105377197,0.9557205043023543
374,False,3,2591,0.8303449153900146,0.9365930032162441
375,False,3,2592,0.8463442325592041,0.9338953979313375
376,False,3,2593,0.8857450485229492,0.998245025674502
377,False,3,2594,0.8439159393310547,0.9711365572043826
378,False,3,2595,0.8369536399841309,0.9578985337700164
379,False,3,2596,0.860788106918335,0.999265987071253
380,False,3,2597,0.8513059616088867,0.9467276370241527
381,False,3,2598,0.8543028831481934,0.9448542888498024
382,False,3,2599,0.8178741931915283,1.0047323849229586
383,True,3,2600,0.9539732933044434,0.9991143707718169
384,False,3,2601,0.8588848114013672,1.0319251641631126
385,False,3,2602,0.8292815685272217,1.0349830946042422
386,False,3,2603,0.878575325012207,0.98414221370504
387,False,3,2604,0.8434295654296875,0.964794507338887
388,False,3,2605,0.861231803894043,1.0152815841138363
389,False,3,2606,0.8216440677642822,0.9867527456510634
390,False,3,2607,0.8545088768005371,1.0099992707726502
391,False,3,2608,0.8646728992462158,1.0271154691775641
392,False,3,2609,0.8643035888671875,0.973978179019122
393,False,3,2610,0.8166558742523193,0.9661614910832474
394,False,3,2611,0.8581626415252686,1.0144838988780973
395,False,3,2612,0.8478429317474365,1.030454580272947
396,False,3,2613,0.8527107238769531,1.0557854746778805
397,False,3,2614,0.8364379405975342,1.0318303920683407
398,False,3,2615,0.8474910259246826,0.9558434507676534
399,False,3,2616,0.8819901943206787,0.9674380293027274
400,False,3,2617,0.8491411209106445,0.9750806472840764
401,False,3,2618,0.8135561943054199,1.0171519728998342
402,False,3,2619,0.8578755855560303,0.980021009487765
403,False,3,2620,0.8467628955841064,0.9952134844802675
404,False,3,2621,0.8630518913269043,1.0135344564914703
405,False,3,2622,0.8023035526275635,0.9334940713431156
406,False,3,2623,0.8635284900665283,0.9420368614650909
407,False,3,2624,0.8458335399627686,0.9836893269703504
408,False,3,2625,0.8408033847808838,0.9925447840775762
409,False,3,2626,0.8410472869873047,0.988529536340918
410,False,3,2627,0.8408756256103516,0.9835547205238114
411,False,3,2628,0.8682107925415039,0.9545418627205349
412,False,3,2629,0.8521304130554199,1.0070677392539524
413,False,3,2630,0.8436355590820312,0.9649150815038453
414,False,3,2631,0.8795185089111328,0.9352459299067655
415,False,3,2632,0.849855899810791,0.9887405094646272
416,False,3,2633,0.8609619140625,0.9719604950930391
417,False,3,2634,0.8094875812530518,1.0220191251663935
418,False,3,2635,0.8621416091918945,0.9719004712644078
419,False,3,2636,0.8568682670593262,0.9859789208996864
420,False,3,2637,0.8460383415222168,0.9523725428041959
421,False,3,2638,0.8233211040496826,0.9593455053511117
422,False,3,2639,0.8480849266052246,1.0041995289779844
423,False,3,2640,0.8617086410522461,1.0046503863164358
424,False,3,2641,0.8506631851196289,0.9998586248783838
425,False,3,2642,0.8074939250946045,0.944980845210098
426,False,3,2643,0.8596947193145752,0.965129803866148
427,False,3,2644,0.8645145893096924,0.9780844173261098
428,False,3,2645,0.8467082977294922,0.9293168962356588
429,False,3,2646,0.8168032169342041,0.9888875422378381
430,False,3,2647,0.843635082244873,0.9490039879012676
431,False,3,2648,0.8634178638458252,1.021452574148065
432,False,3,2649,0.8666484355926514,1.014938696509316
433,False,3,2650,0.796067476272583,0.9781865506832091
434,False,3,2651,0.8718781471252441,0.9936500660010749
435,False,3,2652,0.8494696617126465,1.0907266452198936
436,False,3,2653,0.8831439018249512,1.0555114412591573
437,False,3,2654,0.8131563663482666,0.9671739740740686
438,False,3,2655,0.8515489101409912,0.984559495534216
439,False,3,2656,0.8660426139831543,1.0097480437585287
440,False,3,2657,0.8414661884307861,1.004022987115951
441,False,3,2658,0.8100993633270264,0.9730277402060372
442,False,3,2659,0.8424139022827148,0.999927248983156
443,False,3,2660,0.8623149394989014,0.9837030931597662
444,False,3,2661,0.8616504669189453,0.986244538710231
445,False,3,2662,0.7963590621948242,1.0213403364732154
446,False,3,2663,0.8644616603851318,1.0104367346281098
447,False,3,2664,0.8464100360870361,0.9785495079344226
448,False,3,2665,0.8852050304412842,1.0138127269844215
449,False,3,2666,0.8337306976318359,1.0339839678435099
450,False,3,2667,0.842116117477417,1.0102645786745208
451,False,3,2668,0.8623952865600586,0.9532949615802083
452,False,3,2669,0.8495886325836182,1.0035368005434673
453,False,3,2670,0.8210175037384033,0.9662760368415287
454,False,3,2671,0.8456392288208008,0.9930542693251654
455,False,3,2672,0.8609044551849365,1.0029749387786502
456,False,3,2673,0.8615858554840088,0.932605532219722
457,False,3,2674,0.7881221771240234,1.0028172685276895
458,False,3,2675,0.8938934803009033,0.9884211467135521
459,False,3,2676,0.8454091548919678,0.9780495865713984
460,False,3,2677,0.8634366989135742,1.0213761322555088
461,False,3,2678,0.8353805541992188,0.9631742881167503
462,False,3,2679,0.8557782173156738,1.006601592614537
463,False,3,2680,0.8499875068664551,1.0672831506956189
464,False,3,2681,0.8603305816650391,0.9669234341099147
465,False,3,2682,0.8196589946746826,0.9804655551200822
466,False,3,2683,0.8647868633270264,0.985031796885388
467,False,3,2684,0.854121208190918,0.9909006520396187
468,False,3,2685,0.8518941402435303,1.0020038606155488
469,False,3,2686,0.8225877285003662,0.9346701302343892
470,False,3,2687,0.8468551635742188,0.9746682599541687
471,False,3,2688,0.8919739723205566,0.9514602891036444
472,False,3,2689,0.8440549373626709,1.0186380169221334
473,False,3,2690,0.8403627872467041,0.9975489908385845
474,False,3,2691,0.8585841655731201,1.0116328029405506
475,False,3,2692,0.8511614799499512,0.9566815284391245
476,False,3,2693,0.8614017963409424,0.917149150832778
477,False,3,2694,0.8272809982299805,0.9309999272227286
478,False,3,2695,0.8617784976959229,0.9749994281501996
479,False,3,2696,0.8517615795135498,0.990046143709194
480,False,3,2697,0.8533215522766113,1.0048480725714137
481,False,3,2698,0.8308076858520508,0.9983053611857549
482,False,3,2699,0.8443186283111572,0.9577263274363108
483,True,3,2700,0.9856338500976562,0.9460565390154005
484,False,3,2701,0.8078715801239014,0.9850097484886646
485,False,3,2702,0.8479363918304443,1.0153854152276403
486,False,3,2703,0.8566131591796875,1.0129294163059621
487,False,3,2704,0.8487653732299805,0.9806308926393588
488,False,3,2705,0.8311853408813477,1.0204690120049886
489,False,3,2706,0.8455750942230225,0.9846348742998782
490,False,3,2707,0.8605432510375977,0.9970702823428881
491,False,3,2708,0.8523299694061279,0.9983163195706549
492,False,3,2709,0.834352970123291,0.9459012374281883
493,False,3,2710,0.8784785270690918,0.9382588590184847
494,False,3,2711,0.8495748043060303,0.9637201423091547
495,False,3,2712,0.8543522357940674,0.9842692581670622
496,False,3,2713,0.8256590366363525,0.9885932512226557
497,False,3,2714,0.8640191555023193,0.9305547028779984
498,False,3,2715,0.8514983654022217,0.9555226830499511
499,False,3,2716,0.8658864498138428,0.9843991413002923
500,False,3,2717,0.8092069625854492,0.9735120889686403
501,False,3,2718,0.8683891296386719,0.9616431664852869
502,False,3,2719,0.8534698486328125,1.0474098346063065
503,False,3,2720,0.8504207134246826,0.9870052330550692
504,False,3,2721,0.8345661163330078,1.0301360521642933
505,False,3,2722,0.8421530723571777,0.9948432413595064
506,False,3,2723,0.8713219165802002,0.9833047476907572
507,False,3,2724,0.8448710441589355,0.9825007752293631
508,False,3,2725,0.8335564136505127,0.9748438594951517
509,False,3,2726,0.8780782222747803,0.9893347649347215
510,False,3,2727,0.8507022857666016,1.025936145158041
511,False,3,2728,0.8639979362487793,0.9446938179788135
512,False,3,2729,0.8010807037353516,0.9911896836544788
513,False,3,2730,0.8590188026428223,0.9624448102854547
514,False,3,2731,0.8475759029388428,0.9707093834877013
515,False,3,2732,0.8461244106292725,0.9208800957671234
516,False,3,2733,0.8320143222808838,0.9879269335596333
517,False,3,2734,0.846724271774292,0.9871266406206854
518,False,3,2735,0.8832881450653076,0.9891810532481897
519,False,3,2736,0.8484373092651367,1.0071636097771783
520,False,3,2737,0.8203730583190918,1.025049117349443
521,False,3,2738,0.8733699321746826,0.9547621923543157
522,False,3,2739,0.846411943435669,1.0095241431679047
523,False,3,2740,0.8611626625061035,0.9836143737747556
524,False,3,2741,0.7975523471832275,0.9504852138814471
525,False,3,2742,0.8670468330383301,0.9918800938342298
526,False,3,2743,0.841796875,0.9708818002116114
527,False,3,2744,0.8700559139251709,1.0001628132803098
528,False,3,2745,0.8366110324859619,0.9337288297358014
529,False,3,2746,0.8422834873199463,0.9815444179943631
530,False,3,2747,0.8642723560333252,0.9720813532670338
531,False,3,2748,0.8642969131469727,0.9919213986112958
532,False,3,2749,0.828589677810669,0.9661813862621782
533,False,3,2750,0.848555326461792,1.00667222873086
534,False,3,2751,0.8600993156433105,0.9524423542122047
535,False,3,2752,0.8488240242004395,0.958039681826319
536,False,3,2753,0.8166356086730957,0.9693928320138225
537,False,3,2754,0.8481643199920654,1.0062074334848496
538,False,3,2755,0.8593666553497314,0.9533418626302763
539,False,3,2756,0.8593366146087646,1.0031167786745798
540,False,3,2757,0.802680253982544,0.931135013788229
541,False,3,2758,0.8794357776641846,1.00835146825938
542,False,3,2759,0.844937801361084,0.9352120406748284
543,False,3,2760,0.884852409362793,0.9839382932654448
544,False,3,2761,0.8538403511047363,0.9518480208658036
545,False,3,2762,0.8444950580596924,0.9910687587800482
546,False,3,2763,0.8647167682647705,0.9700690064401853
547,False,3,2764,0.8483095169067383,1.0037167323309752
548,False,3,2765,0.8411195278167725,0.9870079642250424
549,False,3,2766,0.8593499660491943,0.9617133225713459
550,False,3,2767,0.8414976596832275,0.9698098795044989
551,False,3,2768,0.8604912757873535,0.9900580786523366
552,False,3,2769,0.8092837333679199,0.9505126164073036
553,False,3,2770,0.8610892295837402,0.948478001036814
554,False,3,2771,0.8533749580383301,0.9536522283617942
555,False,3,2772,0.8713333606719971,0.9279313358877388
556,False,3,2773,0.8485164642333984,0.9889237951664697
557,False,3,2774,0.8542182445526123,0.974419270597753
558,False,3,2775,0.888455867767334,0.9530318418429009
559,False,3,2776,0.8444664478302002,0.9078106766655332
560,False,3,2777,0.8563511371612549,0.936986800815378
561,False,3,2778,0.8576452732086182,1.0087030004887354
562,False,3,2779,0.8513853549957275,1.0250327425698442
563,False,3,2780,0.8607468605041504,1.0239163686831794
564,False,3,2781,0.8396024703979492,1.015821507998875
565,False,3,2782,0.8826560974121094,1.0193621413338751
566,False,3,2783,0.8619961738586426,0.951216136593194
567,False,3,2784,0.8618476390838623,0.9960517367081984
568,False,3,2785,0.8405475616455078,0.9961865196625391
569,False,3,2786,0.881969690322876,1.016587976188887
570,False,3,2787,0.846693754196167,0.9703419746032783
571,False,3,2788,0.8355422019958496,0.9687723905912466
572,False,3,2789,0.8559489250183105,0.9645474166387601
573,False,3,2790,0.8504436016082764,0.947067333119256
574,False,3,2791,0.8656508922576904,0.9943358898162841
575,False,3,2792,0.8335976600646973,0.939075917005539
576,False,3,2793,0.8591632843017578,1.0198945935283386
577,False,3,2794,0.8587770462036133,0.9856321400120143
578,False,3,2795,0.8523614406585693,0.9741273983603432
579,False,3,2796,0.8611714839935303,0.9772728291295821
580,False,3,2797,0.8436279296875,1.028722970968201
581,False,3,2798,0.8585050106048584,0.9568805165943643
582,False,3,2799,0.845954418182373,0.9344021241579737
583,True,3,2800,0.9121677875518799,1.0082777727927483
584,False,3,2801,0.8928892612457275,0.9535438433466922
585,False,3,2802,0.8500339984893799,0.9614584885892413
586,False,3,2803,0.8569812774658203,0.9661284436782203
587,False,3,2804,0.8218154907226562,0.9880527988785788
588,False,3,2805,0.8659889698028564,0.974695786833763
589,False,3,2806,0.8570752143859863,0.9314761654961676
590,False,3,2807,0.8527982234954834,0.9383345242767107
591,False,3,2808,0.8512928485870361,0.9828495986404875
592,False,3,2809,0.8530569076538086,0.9638554829926715
593,False,3,2810,0.8820345401763916,0.9549435380668869
594,False,3,2811,0.8515305519104004,1.0018835550262812
595,False,3,2812,0.8414506912231445,0.9891423128900074
596,False,3,2813,0.8763129711151123,0.9891545350352923
597,False,3,2814,0.8419318199157715,1.0000288626622584
598,False,3,2815,0.8367838859558105,0.937784569604056
599,False,3,2816,0.8463647365570068,0.9475900123694115
600,False,3,2817,0.8646247386932373,0.9405592186819941
601,False,3,2818,0.9124391078948975,0.9392430981000266
602,False,3,2819,0.8988070487976074,0.990122723437491
603,False,3,2820,0.9206445217132568,1.0377579248022464
604,False,3,2821,0.9359145164489746,0.9940516524726437
605,False,3,2822,0.9367022514343262,1.0340993574687412
606,False,3,2823,0.9207162857055664,0.9913875960877963
607,False,3,2824,0.9430122375488281,0.9382896360364696
608,False,3,2825,0.9364423751831055,0.9679806952675184
609,False,3,2826,0.9146387577056885,0.9276584785963807
610,False,3,2827,0.9178669452667236,0.9665503945379029
611,False,3,2828,0.9162173271179199,0.9982558306129206
612,False,3,2829,0.9295361042022705,0.9507521683616298
613,False,3,2830,0.9327828884124756,0.9941684759798505
614,False,3,2831,0.9180335998535156,0.9417792700585865
615,False,3,2832,0.9353756904602051,1.0386035413969132
616,False,3,2833,0.9347867965698242,0.9477256862890153
617,False,3,2834,0.8399877548217773,0.9648024329826947
618,False,3,2835,0.8605806827545166,0.9432003370353155
619,False,3,2836,0.846872091293335,0.9531397730821657
620,False,3,2837,0.8747100830078125,0.9855700152970496
621,False,3,2838,0.8482344150543213,0.9364254268861952
622,False,3,2839,0.8439390659332275,1.0155517664693652
623,False,3,2840,0.8786642551422119,1.0053765234493073
624,False,3,2841,0.8489692211151123,0.9935579867590043
625,False,3,2842,0.832068920135498,0.9870784736814953
626,False,3,2843,0.8633663654327393,0.9393526677574429
627,False,3,2844,0.8475439548492432,0.9642086884095555
628,False,3,2845,0.8633465766906738,0.9078835578901425
629,False,3,2846,0.827239990234375,0.9765895942137358
630,False,3,2847,0.8583776950836182,0.977637535759381
631,False,3,2848,0.8468582630157471,1.0220841545434225
632,False,3,2849,0.885366678237915,0.9445301833606902
633,False,3,2850,0.8173370361328125,0.9691043481940316
634,False,3,2851,0.8451032638549805,0.9869982635691052
635,False,3,2852,0.8658075332641602,0.9360197122607911
636,False,3,2853,0.8820040225982666,0.9464389511517116
637,False,3,2854,0.8389556407928467,0.9539574508865675
638,False,3,2855,0.8520565032958984,0.9449067809397266
639,False,3,2856,0.8861496448516846,0.9546657921302886
640,False,3,2857,0.8499524593353271,0.9451157904806591
641,False,3,2858,0.8199894428253174,0.954994834249928
642,False,3,2859,0.8549749851226807,0.964922323822975
643,False,3,2860,0.8474853038787842,0.9850247456204325
644,False,3,2861,0.8639791011810303,0.9799358032289005
645,False,3,2862,0.7963287830352783,0.9783876666000912
646,False,3,2863,0.8609120845794678,1.004089096472377
647,False,3,2864,0.8445470333099365,1.0283334262314296
648,False,3,2865,0.8707890510559082,1.0159789795676868
649,False,3,2866,0.8496379852294922,0.9888878500177745
650,False,3,2867,0.8464818000793457,0.94501788630372
651,False,3,2868,0.8677213191986084,0.9380688559086549
652,False,3,2869,0.8498737812042236,0.9952266212730183
653,False,3,2870,0.8431861400604248,0.9709732692156519
654,False,3,2871,0.862492561340332,1.0062061072815032
655,False,3,2872,0.8505048751831055,0.9426961699057193
656,False,3,2873,0.8581230640411377,1.0004885448586374
657,False,3,2874,0.8298020362854004,0.9912548320634023
658,False,3,2875,0.863030195236206,0.9407860388358433
659,False,3,2876,0.8488447666168213,0.8938454728396168
660,False,3,2877,0.8464539051055908,0.972557356847184
661,False,3,2878,0.8412196636199951,0.9006613129306406
662,False,3,2879,0.8505713939666748,0.9581506330342522
663,False,3,2880,0.8875203132629395,0.9759234966976303
664,False,3,2881,0.8492946624755859,1.0003745343003956
665,False,3,2882,0.8479793071746826,0.9482683209436281
666,False,3,2883,0.8606283664703369,0.9402240780847411
667,False,3,2884,0.8514578342437744,0.939557884598062
668,False,3,2885,0.8639135360717773,0.9775741958901996
669,False,3,2886,0.8584473133087158,1.0032955136682307
670,False,3,2887,0.8632748126983643,0.9787486227495329
671,False,3,2888,0.8463141918182373,0.9190636057229268
672,False,3,2889,0.8620309829711914,0.9091764789606843
673,False,3,2890,0.8236038684844971,0.878394819263901
674,False,3,2891,0.8601219654083252,0.9808944268595605
675,False,3,2892,0.8548276424407959,0.9654366377563705
676,False,3,2893,0.8584160804748535,0.9401072788806187
677,False,3,2894,0.8406708240509033,0.9215574246786887
678,False,3,2895,0.8532330989837646,0.993894189596176
679,False,3,2896,0.8930025100708008,0.9749748809706598
680,False,3,2897,0.8393254280090332,0.9861466476605052
681,False,3,2898,0.842526912689209,0.9615445530840332
682,False,3,2899,0.8614997863769531,1.0072678008249827
683,True,3,2900,0.944861650466919,0.9369936730890048
684,False,3,2901,0.8117382526397705,0.9980833097582773
685,False,3,2902,0.842750072479248,1.0296539479777924
686,False,3,2903,0.8617963790893555,0.9618676783783096
687,False,3,2904,0.8550653457641602,0.9425818992867356
688,False,3,2905,0.8181567192077637,0.9517037097719454
689,False,3,2906,0.8658473491668701,0.9740993135741779
690,False,3,2907,0.8489532470703125,0.9812117765347164
691,False,3,2908,0.8929593563079834,0.9462695355926242
692,False,3,2909,0.8008956909179688,0.9488696381449699
693,False,3,2910,0.8443238735198975,1.0237059600296474
694,False,3,2911,0.8671450614929199,0.9874627902394247
695,False,3,2912,0.8458380699157715,1.004158665736516
696,False,3,2913,0.8331243991851807,0.983213694145282
697,False,3,2914,0.8394186496734619,0.9540756639270557
698,False,3,2915,0.8591296672821045,0.9006529053052266
699,False,3,2916,0.8495497703552246,0.9744675106235912
700,False,3,2917,0.8407077789306641,0.951105962019591
701,False,3,2918,0.879988431930542,1.0026932270044373
702,False,3,2919,0.8473892211914062,1.0353103925784428
703,False,3,2920,0.8681106567382812,0.9484372646326112
704,False,3,2921,0.837834358215332,0.890850522688457
705,False,3,2922,0.8823976516723633,0.9428065578852382
706,False,3,2923,0.8540105819702148,0.9626491921288626
707,False,3,2924,0.8662328720092773,0.9575041653144927
708,False,3,2925,0.7944116592407227,0.9540173888561273
709,False,3,2926,0.8606686592102051,0.9567050202971414
710,False,3,2927,0.8611149787902832,0.9714493914729073
711,False,3,2928,0.8488390445709229,1.001635173956553
712,False,3,2929,0.8270108699798584,0.9877894939411255
713,False,3,2930,0.8406624794006348,0.949896014162472
714,False,3,2931,0.8597679138183594,0.9215228389061632
715,False,3,2932,0.844597578048706,0.9268913120031359
716,False,3,2933,0.8513519763946533,0.9881586510510671
717,False,3,2934,0.8617377281188965,0.9148429302232606
718,False,3,2935,0.85030198097229,0.8953584193118981
719,False,3,2936,0.8841829299926758,0.9552253690503894
720,False,3,2937,0.8143866062164307,0.9487284881373245
721,False,3,2938,0.847165584564209,0.9649285319305602
722,False,3,2939,0.876030683517456,0.9472249927265304
723,False,3,2940,0.8482565879821777,0.9761951143542925
724,False,3,2941,0.8197779655456543,0.9688401754413328
725,False,3,2942,0.8553955554962158,0.9752705012048993
726,False,3,2943,0.8458216190338135,1.001812318606036
727,False,3,2944,0.8603031635284424,0.9346071261735189
728,False,3,2945,0.8218412399291992,0.9471727454413971
729,False,3,2946,0.8583323955535889,1.0149560769399009
730,False,3,2947,0.8453741073608398,0.9340121086154666
731,False,3,2948,0.870166540145874,0.937029358886537
732,False,3,2949,0.8442699909210205,0.9305884029184069
733,False,3,2950,0.845139741897583,0.92390637809322
734,False,3,2951,0.8704466819763184,0.9970692585976352
735,False,3,2952,0.8486752510070801,0.9115619386235873
736,False,3,2953,0.8246982097625732,0.9353644342294759
737,False,3,2954,0.8465189933776855,0.9244476184248923
738,False,3,2955,0.8655824661254883,0.9309112401235673
739,False,3,2956,0.8690402507781982,0.9739513634925796
740,False,3,2957,0.833796501159668,0.9775339262116522
741,False,3,2958,0.8500263690948486,0.9541278188782081
742,False,3,2959,0.8594226837158203,0.9599224226105781
743,False,3,2960,0.8464713096618652,0.9415172877765838
744,False,3,2961,0.8293719291687012,0.9268308418492477
745,False,3,2962,0.8835139274597168,0.9627731114271141
746,False,3,2963,0.849658727645874,0.9403322239716848
747,False,3,2964,0.866065263748169,0.9379042944028265
748,False,3,2965,0.7989394664764404,0.9018092818913007
749,False,3,2966,0.8641777038574219,0.9469926412261667
750,False,3,2967,0.8572337627410889,0.9374417196959257
751,False,3,2968,0.8504881858825684,0.979776052846795
752,False,3,2969,0.8109047412872314,0.969560457837014
753,False,3,2970,0.8516905307769775,0.9963000560445445
754,False,3,2971,0.8691680431365967,0.9777777980835666
755,False,3,2972,0.8503515720367432,0.9539502239120858
756,False,3,2973,0.8219826221466064,0.9329366222733543
757,False,3,2974,0.8826601505279541,0.937945653285299
758,False,3,2975,0.8492069244384766,0.9400280721130824
759,False,3,2976,0.8625078201293945,0.96824333603893
760,False,3,2977,0.8239099979400635,0.9354176547910487
761,False,3,2978,0.846764087677002,0.9499332330943573
762,False,3,2979,0.8627357482910156,0.9857646666821979
763,False,3,2980,0.8505072593688965,0.9660952027354922
764,False,3,2981,0.8219637870788574,0.9167310396830239
765,False,3,2982,0.8456964492797852,0.9273571084652629
766,False,3,2983,0.8620240688323975,0.9695648229902699
767,False,3,2984,0.8614535331726074,0.9535938888078643
768,False,3,2985,0.7952179908752441,0.9629315826154893
769,False,3,2986,0.8667941093444824,0.981393889302299
770,False,3,2987,0.8443493843078613,0.9844162581222398
771,False,3,2988,0.8569061756134033,0.9348403770653976
772,False,3,2989,0.7984998226165771,0.9592940945710453
773,False,3,2990,0.8622152805328369,1.0439788323073156
774,False,3,2991,0.8581304550170898,0.9210486529128892
775,False,3,2992,0.8575921058654785,0.9590810413161913
776,False,3,2993,0.8101341724395752,0.9216765438516933
777,False,3,2994,0.8631975650787354,0.9339735426363491
778,False,3,2995,0.8463671207427979,0.9629944570007778
779,False,3,2996,0.8850619792938232,0.8981032975550208
780,False,3,2997,0.8361079692840576,0.9316238672250792
781,False,3,2998,0.8904986381530762,0.9315513450474967
782,False,3,2999,0.9072263240814209,0.9636945160371915
783,True,3,3000,0.9876887798309326,0.9601799224813778
784,False,3,3001,0.9136204719543457,0.9370271047311169
785,False,3,3002,0.9069867134094238,0.9441698055182185
786,False,3,3003,0.9030172824859619,0.9635360099020459
787,False,3,3004,0.9177865982055664,0.9532490660037313
788,False,3,3005,0.9180397987365723,0.9831233109746661
789,False,3,3006,0.9166982173919678,0.9489824204217818
790,False,3,3007,0.907665491104126,1.0088886799556867
791,False,3,3008,0.9076211452484131,0.946909697992461
792,False,3,3009,0.906292200088501,0.9212503493541762
793,False,3,3010,0.9197180271148682,0.9245300140409243
794,False,3,3011,0.9057016372680664,0.9144218053136552
795,False,3,3012,0.9085211753845215,0.9274521523288319
796,False,3,3013,0.9153392314910889,0.9491331435385205
797,False,3,3014,0.9134049415588379,0.9010446786525701
798,False,3,3015,0.9101009368896484,0.9746800270818529
799,False,3,3016,0.9047327041625977,0.9922060533648446
800,False,3,3017,0.9223878383636475,0.979558446577617
801,False,3,3018,0.9064280986785889,0.9444071886440117
802,False,3,3019,0.9094226360321045,0.9771965617934862
803,False,3,3020,0.9091532230377197,0.9661034899098532
804,False,3,3021,0.9001200199127197,0.9070195325073744
805,False,3,3022,0.9191267490386963,1.0207717259015356
806,False,3,3023,0.917370080947876,0.9520724765246823
807,False,3,3024,0.925095796585083,0.9903526217454955
808,False,3,3025,0.9266672134399414,1.0159666655319077
809,False,3,3026,0.8988642692565918,0.9762121964068641
810,False,3,3027,0.9273004531860352,0.9690846758229392
811,False,3,3028,0.8954174518585205,0.9763167280526389
812,False,3,3029,0.9226155281066895,0.8965415394022352
813,False,3,3030,0.9231815338134766,0.9971033937874294
814,False,3,3031,0.9048511981964111,0.9909331731143451
815,False,3,3032,0.9359660148620605,0.9748699828272774
816,False,3,3033,0.9687316417694092,0.9822959630262286
817,False,3,3034,0.9592959880828857,0.9642578154092744
818,False,3,3035,0.9828002452850342,0.9196892645919608
819,False,3,3036,0.9633848667144775,0.9766735503716129
820,False,3,3037,0.9645261764526367,0.9510074128352461
821,False,3,3038,0.9676642417907715,0.9916381037661008
822,False,3,3039,0.9731333255767822,0.972048648766109
823,False,3,3040,0.9538085460662842,0.9650489847574915
824,False,3,3041,0.9763162136077881,0.9392051589453505
825,False,3,3042,0.9783000946044922,1.0287870665391285
826,False,3,3043,0.9516942501068115,0.954791526709284
827,False,3,3044,0.9777672290802002,0.9351946933283691
828,False,3,3045,0.9755957126617432,0.9620203787372226
829,False,3,3046,0.9541614055633545,0.9653745259912242
830,False,3,3047,0.9779465198516846,0.9554339920481045
831,False,3,3048,0.9284238815307617,0.9189005554431959
832,False,3,3049,0.906015157699585,0.9202668617169062
833,False,3,3050,0.9256529808044434,0.9521623172220728
834,False,3,3051,0.8948934078216553,0.9345433949714615
835,False,3,3052,0.9242763519287109,0.9249093209703764
836,False,3,3053,0.8908917903900146,0.9637444494735627
837,False,3,3054,0.921619176864624,0.9033291687568029
838,False,3,3055,0.9166975021362305,0.9296615925573166
839,False,3,3056,0.9113659858703613,0.937587043359166
840,False,3,3057,0.9226469993591309,0.969248560567697
841,False,3,3058,0.8982923030853271,0.9914093791019349
842,False,3,3059,0.9194338321685791,0.929804638737724
843,False,3,3060,0.9070749282836914,0.9445628762422575
844,False,3,3061,0.9108054637908936,0.9718362130224705
845,False,3,3062,0.9259347915649414,0.9893867614723386
846,False,3,3063,0.9060890674591064,0.9888717297996795
847,False,3,3064,0.9113640785217285,0.9666611381939478
848,False,3,3065,0.9132037162780762,0.9235124041636783
849,False,3,3066,0.9027698040008545,0.9659747985147296
850,False,3,3067,0.9152970314025879,0.9626346620775403
851,False,3,3068,0.9045782089233398,0.9852463418529147
852,False,3,3069,0.9153861999511719,0.9583240442332767
853,False,3,3070,0.92626953125,0.9682337528183346
854,False,3,3071,0.8916733264923096,0.9690003366697404
855,False,3,3072,0.9165043830871582,0.9316972994378636
856,False,3,3073,0.9024264812469482,0.9482243635824746
857,False,3,3074,0.8911247253417969,0.9830083165849959
858,False,3,3075,0.9215762615203857,0.9655533413447084
859,False,3,3076,0.8977715969085693,0.9539035689972696
860,False,3,3077,0.9173877239227295,1.0011335256553833
861,False,3,3078,0.921515703201294,0.9870175768931705
862,False,3,3079,0.8997082710266113,0.9054897459489961
863,False,3,3080,0.9248554706573486,0.9522631132886523
864,False,3,3081,0.9030685424804688,0.9732363559305668
865,False,3,3082,0.908444881439209,0.9483097253278608
866,False,3,3083,0.9195172786712646,0.9316613424037185
867,False,3,3084,0.8965942859649658,0.9557162462955427
868,False,3,3085,0.9277689456939697,0.9472932492693265
869,False,3,3086,0.9082520008087158,0.9669684870612054
870,False,3,3087,0.9157049655914307,0.9142959696196374
871,False,3,3088,0.9253325462341309,0.9147232295501799
872,False,3,3089,0.9146831035614014,0.9412680753462372
873,False,3,3090,0.9117865562438965,0.9519438067717211
874,False,3,3091,0.9006171226501465,0.9624456011113668
875,False,3,3092,0.9031457901000977,0.9855401664972303
876,False,3,3093,0.9083428382873535,0.8781902121291274
877,False,3,3094,0.8463630676269531,0.9397187144273802
878,False,3,3095,0.8618276119232178,0.9300662580700149
879,False,3,3096,0.8435592651367188,0.9514212941839584
880,False,3,3097,0.8706858158111572,0.9517966239225297
881,False,3,3098,0.8472652435302734,0.9025331068606602
882,False,3,3099,0.8562030792236328,0.941699790103095
883,True,3,3100,0.9517385959625244,0.9629615243701708
884,False,3,3101,0.8425076007843018,0.9539469265866846
885,False,3,3102,0.8642928600311279,0.934834471061116
886,False,3,3103,0.8105545043945312,1.0058950955669086
887,False,3,3104,0.8619117736816406,0.9032909827572957
888,False,3,3105,0.8480191230773926,0.95926280479346
889,False,3,3106,0.8581316471099854,0.9432231805154255
890,False,3,3107,0.8133668899536133,0.9741667207507861
891,False,3,3108,0.8458631038665771,0.9341633600138483
892,False,3,3109,0.8783137798309326,0.970032407769135
893,False,3,3110,0.848644495010376,0.9608521191846756
894,False,3,3111,0.8199033737182617,0.955350287879507
895,False,3,3112,0.8572220802307129,0.9102182178979826
896,False,3,3113,0.8410184383392334,0.9517221163426128
897,False,3,3114,0.8635289669036865,0.9592933764769915
898,False,3,3115,0.792168140411377,0.9742735539163861
899,False,3,3116,0.8584122657775879,0.9060098284057208
900,False,3,3117,0.8491268157958984,0.9262558062161719
901,False,3,3118,0.8660397529602051,0.9559259102458045
902,False,3,3119,0.8342804908752441,0.9476261154881546
903,False,3,3120,0.8468616008758545,0.9914323861400287
904,False,3,3121,0.862382173538208,0.9933970489406161
905,False,3,3122,0.8533728122711182,0.9400175144629819
906,False,3,3123,0.8210601806640625,0.9518311747482843
907,False,3,3124,0.8823161125183105,0.9199705723495711
908,False,3,3125,0.8610296249389648,0.983288742956661
909,False,3,3126,0.8536560535430908,0.920923205003852
910,False,3,3127,0.840137243270874,0.9938051491266205
911,False,3,3128,0.8513820171356201,0.9446968986164955
912,False,3,3129,0.8650350570678711,0.9355655060637567
913,False,3,3130,0.859320878982544,0.9337756101574217
914,False,3,3131,0.819270133972168,0.9409769205819991
915,False,3,3132,0.8804619312286377,0.9846362918615341
916,False,3,3133,0.8513202667236328,0.9703983235217277
917,False,3,3134,0.8754513263702393,0.9765543710617792
918,False,3,3135,0.8566102981567383,0.9395646389041626
919,False,3,3136,0.845388650894165,1.0091365536763555
920,False,3,3137,0.8621847629547119,1.0078905643451783
921,False,3,3138,0.852755069732666,1.0107910973685128
922,False,3,3139,0.8516426086425781,0.9661295555886767
923,False,3,3140,0.850745677947998,0.9680544123763133
924,False,3,3141,0.8533244132995605,0.9430451343456906
925,False,3,3142,0.8671596050262451,0.995450365224055
926,False,3,3143,0.8173606395721436,0.9320008158683778
927,False,3,3144,0.8680472373962402,0.9637062726985841
928,False,3,3145,0.8492193222045898,0.9784770948546274
929,False,3,3146,0.8766827583312988,0.934429737428824
930,False,3,3147,0.8854694366455078,0.9250025884026573
931,False,3,3148,0.8570661544799805,0.9760499944289523
932,False,3,3149,0.8611369132995605,0.9626762742797533
933,False,3,3150,0.8106334209442139,0.9671642010410626
934,False,3,3151,0.8619580268859863,0.9775706196115129
935,False,3,3152,0.8453283309936523,0.9470032425153824
936,False,3,3153,0.8621511459350586,0.9229391348503884
937,False,3,3154,0.8240232467651367,0.9224416104455789
938,False,3,3155,0.8453478813171387,0.9785580890519276
939,False,3,3156,0.8666856288909912,0.9859842650947116
940,False,3,3157,0.8491227626800537,0.9498965690533322
941,False,3,3158,0.8118188381195068,0.9686992446936313
942,False,3,3159,0.8765869140625,0.9304453656077384
943,False,3,3160,0.865494966506958,0.9502617305233365
944,False,3,3161,0.8505399227142334,0.9131793014350391
945,False,3,3162,0.8212113380432129,0.9033173297842343
946,False,3,3163,0.8450987339019775,0.9110776771392141
947,False,3,3164,0.8667614459991455,0.9589027968190966
948,False,3,3165,0.8606858253479004,0.9752702347579458
949,False,3,3166,0.7977447509765625,0.9528966118537244
950,False,3,3167,0.8744163513183594,1.0218108849866048
951,False,3,3168,0.8538119792938232,0.9398784099945
952,False,3,3169,0.8890211582183838,0.93775996388424
953,False,3,3170,0.8662784099578857,0.9846177546396141
954,False,3,3171,0.8491127490997314,0.941234207401673
955,False,3,3172,0.8672440052032471,0.9190040667142189
956,False,3,3173,0.8455076217651367,0.9761745056935718
957,False,3,3174,0.8523716926574707,0.9336760874305454
958,False,3,3175,0.8635175228118896,0.9724358429333992
959,False,3,3176,0.8466579914093018,0.9357311228911084
960,False,3,3177,0.8655359745025635,0.938411349341983
961,False,3,3178,0.8275401592254639,0.9603366404771805
962,False,3,3179,0.8602168560028076,0.9537350996619179
963,False,3,3180,0.8500807285308838,0.9643087372893379
964,False,3,3181,0.8530416488647461,0.9642134198830242
965,False,3,3182,0.8303673267364502,0.9285499212287721
966,False,3,3183,0.8462369441986084,0.957128043508246
967,False,3,3184,0.8926718235015869,0.9867430996327174
968,False,3,3185,0.8536324501037598,0.9744614330785615
969,False,3,3186,0.8572497367858887,0.9573826257671628
970,False,3,3187,0.85654616355896,0.9629399584872381
971,False,3,3188,0.8434324264526367,0.9156786473024459
972,False,3,3189,0.8567547798156738,0.9098127301604976
973,False,3,3190,0.8222401142120361,0.9184827304312161
974,False,3,3191,0.8795866966247559,0.923328478953668
975,False,3,3192,0.8531835079193115,0.9482871812014352
976,False,3,3193,0.8604798316955566,0.936018588997069
977,False,3,3194,0.8551042079925537,0.9484607715691838
978,False,3,3195,0.8891019821166992,0.975951268204621
979,False,3,3196,0.8492844104766846,0.9014333747327329
980,False,3,3197,0.8463819026947021,1.000869299684252
981,False,3,3198,0.8456869125366211,0.9253980638015837
982,False,3,3199,0.8517389297485352,0.9460550153716689
983,True,3,3200,0.9620227813720703,0.9647174763182796
984,False,3,3201,0.801490306854248,1.0001402266678354
985,False,3,3202,0.8588719367980957,0.9610061468113036
986,False,3,3203,0.8481900691986084,0.9329937299092611
987,False,3,3204,0.8601565361022949,0.9615047811752273
988,False,3,3205,0.8145785331726074,0.9140744863876274
989,False,3,3206,0.8481547832489014,0.9888316112614813
990,False,3,3207,0.8799490928649902,0.9288711955859547
991,False,3,3208,0.8463990688323975,0.9471560102843103
992,False,3,3209,0.8124909400939941,0.901978260172265
993,False,3,3210,0.8592126369476318,0.9266871827698887
994,False,3,3211,0.8470704555511475,0.9346704364177726
995,False,3,3212,0.8608355522155762,0.9538850784301759
996,False,3,3213,0.7964696884155273,0.9642867513355754
997,False,3,3214,0.8583576679229736,0.9159227634469667
998,False,3,3215,0.8472919464111328,0.9435306294333365
999,False,3,3216,0.862626314163208,0.9950275201173056
1000,False,3,3217,0.8258085250854492,0.9638849383308774
1001,False,3,3218,0.8471653461456299,0.9904352705038729
1002,False,3,3219,0.8834936618804932,0.9607879821033705
1003,False,3,3220,0.8437457084655762,0.9561747605247155
1004,False,3,3221,0.8091187477111816,0.9674285930537043
1005,False,3,3222,0.8535900115966797,0.9653364441224507
1006,False,3,3223,0.849156379699707,1.009751574978942
1007,False,3,3224,0.8606173992156982,0.9540015203612192
1008,False,3,3225,0.8058028221130371,0.9385296418553306
1009,False,3,3226,0.8799581527709961,0.9569436403967083
1010,False,3,3227,0.8408699035644531,0.9591834701242902
1011,False,3,3228,0.8602423667907715,0.9055168245519912
1012,False,3,3229,0.8149292469024658,0.9524464490158215
1013,False,3,3230,0.873021125793457,0.9282957120310693
1014,False,3,3231,0.8516383171081543,0.9355047753169424
1015,False,3,3232,0.8620386123657227,0.9144586594331832
1016,False,3,3233,0.8057878017425537,0.9261839968107995
1017,False,3,3234,0.8587987422943115,0.9669625132034223
1018,False,3,3235,0.8606865406036377,0.985010197474843
1019,False,3,3236,0.8462820053100586,0.9336216943781999
1020,False,3,3237,0.8080368041992188,0.899346194096974
1021,False,3,3238,0.8450589179992676,0.9237527535075233
1022,False,3,3239,0.8834218978881836,0.9542197386423747
1023,False,3,3240,0.846294641494751,0.9453728493480454
1024,False,3,3241,0.8077354431152344,0.9798293071133749
1025,False,3,3242,0.8800191879272461,0.9542704955452963
1026,False,3,3243,0.8485729694366455,0.9470883763971784
1027,False,3,3244,0.8613390922546387,0.9682781589882714
1028,False,3,3245,0.7992246150970459,0.8916801482084252
1029,False,3,3246,0.8607778549194336,0.9692415424755642
1030,False,3,3247,0.8566470146179199,1.0011800477902095
1031,False,3,3248,0.8480091094970703,0.9171086329789387
1032,False,3,3249,0.8120982646942139,0.9765821902879646
1033,False,3,3250,0.8502070903778076,0.9530308736222131
1034,False,3,3251,0.8675224781036377,0.9598644503525322
1035,False,3,3252,0.9302835464477539,0.9225255522344796
1036,False,3,3253,0.8927981853485107,0.907261601161389
1037,False,3,3254,0.9429876804351807,0.9806027320169266
1038,False,3,3255,0.9193422794342041,0.9781323710367795
1039,False,3,3256,0.9377639293670654,0.9682189793813797
1040,False,3,3257,0.9222874641418457,0.9078941813537053
1041,False,3,3258,0.9220380783081055,0.9299819387850308
1042,False,3,3259,0.933211088180542,0.9674368990319117
1043,False,3,3260,0.9142584800720215,0.9128528716308729
1044,False,3,3261,0.8607213497161865,0.9672053435019086
1045,False,3,3262,0.8630223274230957,0.9559148587286473
1046,False,3,3263,0.8627986907958984,0.9369760957502183
1047,False,3,3264,0.8445384502410889,0.9771833061462358
1048,False,3,3265,0.8564486503601074,0.9927435073824156
1049,False,3,3266,0.8599486351013184,0.9781997409604846
1050,False,3,3267,0.8433706760406494,0.9892614824431282
1051,False,3,3268,0.8625247478485107,0.9501715510019234
1052,False,3,3269,0.8332903385162354,0.9308369464817502
1053,False,3,3270,0.8585262298583984,0.9265111762852898
1054,False,3,3271,0.8604743480682373,0.9261188684474857
1055,False,3,3272,0.8437271118164062,0.918139243587142
1056,False,3,3273,0.8347115516662598,0.9097282294006577
1057,False,3,3274,0.847470760345459,0.9819648705777668
1058,False,3,3275,0.8771457672119141,0.9534355678728649
1059,False,3,3276,0.8487982749938965,0.9522075415367172
1060,False,3,3277,0.8004062175750732,0.9134910883648056
1061,False,3,3278,0.883995771408081,0.9675066251130332
1062,False,3,3279,0.8411695957183838,0.9599057914955273
1063,False,3,3280,0.8644437789916992,0.9481417912812461
1064,False,3,3281,0.811060905456543,0.9766116876687323
1065,False,3,3282,0.8614721298217773,0.9480477912972372
1066,False,3,3283,0.8554432392120361,0.9339589944907596
1067,False,3,3284,0.8540558815002441,0.9038176956985678
1068,False,3,3285,0.8181142807006836,0.9364114254713056
1069,False,3,3286,0.8454558849334717,0.9628515101614451
1070,False,3,3287,0.8651905059814453,0.9391891441884496
1071,False,3,3288,0.8522982597351074,0.9521367560539925
1072,False,3,3289,0.8053240776062012,0.9785552326412429
1073,False,3,3290,0.8843863010406494,0.96928090211891
1074,False,3,3291,0.8494668006896973,0.9426853067818142
1075,False,3,3292,0.8593833446502686,0.8882759266666006
1076,False,3,3293,0.7996218204498291,0.9039368196612312
1077,False,3,3294,0.8609464168548584,0.9781095979823953
1078,False,3,3295,0.8439679145812988,0.9230192424285978
1079,False,3,3296,0.8747220039367676,0.9962544432353405
1080,False,3,3297,0.8418450355529785,0.97527920880488
1081,False,3,3298,0.8653469085693359,0.9124585576355458
1082,False,3,3299,0.8417782783508301,0.9529875623328344
1083,True,3,3300,0.9430890083312988,0.9326815324879827
1084,False,3,3301,0.8775713443756104,0.9754416605546361
1085,False,3,3302,0.8478302955627441,0.9524727371476945
1086,False,3,3303,0.8833255767822266,0.924645425042226
1087,False,3,3304,0.7980833053588867,0.9580700049797692
1088,False,3,3305,0.8620355129241943,0.935722959538301
1089,False,3,3306,0.858701229095459,0.9680718197709037
1090,False,3,3307,0.8528697490692139,0.9348296003327484
1091,False,3,3308,0.8063831329345703,1.0134855764252797
1092,False,3,3309,0.8500206470489502,0.9472211939947945
1093,False,3,3310,0.8621325492858887,0.9177988130776655
1094,False,3,3311,0.8498857021331787,0.9258994437044574
1095,False,3,3312,0.818270206451416,0.9401153929176782
1096,False,3,3313,0.8817811012268066,0.9419616977018973
1097,False,3,3314,0.8469705581665039,0.9317149111912362
1098,False,3,3315,0.8566567897796631,0.9323622062802313
1099,False,3,3316,0.798760175704956,0.9458608879219919
1100,False,3,3317,0.8587558269500732,0.9811684035119552
1101,False,3,3318,0.8573040962219238,0.8745891615925802
1102,False,3,3319,0.8485941886901855,0.9841491228767806
1103,False,3,3320,0.8314902782440186,0.9501162731931322
1104,False,3,3321,0.844862699508667,0.8826150471965473
1105,False,3,3322,0.8599052429199219,0.9104384496098471
1106,False,3,3323,0.8499550819396973,0.9658852187650544
1107,False,3,3324,0.6831097602844238,0.98018872347616
0,False,4,3325,0.8580422401428223,0.9349571430966969
1,False,4,3326,0.8467257022857666,0.9358465139354978
2,False,4,3327,0.8688538074493408,0.9195289576337451
3,False,4,3328,0.7932803630828857,0.9330267146939322
4,False,4,3329,0.8599483966827393,0.9289357593016966
5,False,4,3330,0.8430831432342529,0.9541000220037641
6,False,4,3331,0.8864409923553467,0.8897706774019059
7,False,4,3332,0.8442347049713135,0.937741386837193
8,False,4,3333,0.8438899517059326,0.8855229711958341
9,False,4,3334,0.864804744720459,0.9520747526770547
10,False,4,3335,0.8458046913146973,0.981035202032044
11,False,4,3336,0.8395848274230957,0.9759938638834724
12,False,4,3337,0.8556416034698486,0.9267032128714379
13,False,4,3338,0.8405675888061523,0.947340303765876
14,False,4,3339,0.8650064468383789,0.9096560103907471
15,False,4,3340,0.8180756568908691,0.9333638584329967
16,False,4,3341,0.8648486137390137,0.9051470337879092
17,False,4,3342,0.8448374271392822,0.9293038717338019
18,False,4,3343,0.8844254016876221,0.9194191692485694
19,False,4,3344,0.8553621768951416,0.9346988694298834
20,False,4,3345,0.8474516868591309,0.9971263578959875
21,False,4,3346,0.8808422088623047,1.0190984507401784
22,False,4,3347,0.8360161781311035,0.9413129446052368
23,False,4,3348,0.8492746353149414,0.9098602029539291
24,False,4,3349,0.8664023876190186,0.9331744600619586
25,False,4,3350,0.853262186050415,0.9756402444271812
26,False,4,3351,0.8647582530975342,0.951891086640812
27,False,4,3352,0.8353519439697266,0.9155580958440188
28,False,4,3353,0.8816907405853271,0.9061223023704119
29,False,4,3354,0.845766544342041,0.937945420543353
30,False,4,3355,0.853053092956543,0.9493200924424898
31,False,4,3356,0.857569694519043,0.8613085895776748
32,False,4,3357,0.889772891998291,0.9951700830743426
33,False,4,3358,0.8498189449310303,0.9450527230898541
34,False,4,3359,0.8307068347930908,1.0009147815761112
35,False,4,3360,0.8485524654388428,0.9318510322343735
36,False,4,3361,0.8503000736236572,0.9443501833648908
37,False,4,3362,0.8674323558807373,0.9654319960446586
38,False,4,3363,0.8237671852111816,0.9656265977592696
39,False,4,3364,0.8559262752532959,0.9293223101468313
40,False,4,3365,0.8477017879486084,0.9903021121308917
41,False,4,3366,0.8730185031890869,0.9028863239855993
42,False,4,3367,0.8387815952301025,0.9100906052404926
43,False,4,3368,0.8525516986846924,0.9429212719911622
44,False,4,3369,0.8815770149230957,0.9644469363348823
45,False,4,3370,0.8434343338012695,0.9695831743024645
46,False,4,3371,0.8146610260009766,0.8993122293835595
47,False,4,3372,0.8533952236175537,0.9516776172178134
48,False,4,3373,0.8455691337585449,0.9551699830307848
49,False,4,3374,0.8644013404846191,0.9249071159533093
50,False,4,3375,0.8183434009552002,0.9968798149909293
51,False,4,3376,0.8544836044311523,0.9902584730159669
52,False,4,3377,0.8413372039794922,0.9694114834779787
53,False,4,3378,0.8694920539855957,0.954664883869035
54,False,4,3379,0.8330545425415039,0.9456539359830675
55,False,4,3380,0.8456764221191406,0.9613650363116036
56,False,4,3381,0.8835704326629639,0.9075739369505927
57,False,4,3382,0.8457581996917725,0.9280699459569793
58,False,4,3383,0.8093843460083008,0.9718484488271533
59,False,4,3384,0.8473434448242188,0.9534661918878555
60,False,4,3385,0.8430116176605225,0.9686792269349099
61,False,4,3386,0.8576796054840088,0.9735677123424553
62,False,4,3387,0.833153486251831,0.9073734524704161
63,False,4,3388,0.86126708984375,0.9512524175502005
64,False,4,3389,0.8472120761871338,0.9284562198888686
65,False,4,3390,0.8676636219024658,0.9575402843100681
66,False,4,3391,0.8413352966308594,0.8767851587562333
67,False,4,3392,0.8883695602416992,0.9826829327004297
68,False,4,3393,0.8502926826477051,0.929799255515848
69,False,4,3394,0.8584277629852295,0.9238253853150775
70,False,4,3395,0.7965900897979736,0.944423143352781
71,False,4,3396,0.862551212310791,0.9299149286179318
72,False,4,3397,0.8561005592346191,0.9467914448607534
73,False,4,3398,0.8425824642181396,1.032867402547882
74,False,4,3399,0.8363349437713623,0.9285510735852378
75,True,4,3400,0.9324221611022949,0.9358774088323114
76,False,4,3401,0.8650705814361572,0.9486123575341133
77,False,4,3402,0.8625590801239014,0.9940650612115858
78,False,4,3403,0.7974910736083984,0.9400071365137896
79,False,4,3404,0.8785226345062256,0.9646160742711452
80,False,4,3405,0.843040943145752,0.9399691096373968
81,False,4,3406,0.8867394924163818,0.9042040194783891
82,False,4,3407,0.8360464572906494,0.9634046943059987
83,False,4,3408,0.8413796424865723,0.9609504349174953
84,False,4,3409,0.8648276329040527,0.9238121305548009
85,False,4,3410,0.8517377376556396,0.9599520152523405
86,False,4,3411,0.8132407665252686,0.9766598466251577
87,False,4,3412,0.8523364067077637,0.924710797412055
88,False,4,3413,0.8612270355224609,0.9817083719230834
89,False,4,3414,0.860020637512207,0.9724469834140371
90,False,4,3415,0.8024606704711914,0.9640380498908813
91,False,4,3416,0.8792984485626221,0.9636342828827243
92,False,4,3417,0.8486013412475586,0.9109076179918788
93,False,4,3418,0.8862118721008301,0.9751362009417444
94,False,4,3419,0.8449020385742188,0.9286642450661886
95,False,4,3420,0.847736120223999,0.9080566377157259
96,False,4,3421,0.8629856109619141,0.8875438218847627
97,False,4,3422,0.8498682975769043,0.8850877331126306
98,False,4,3423,0.8342421054840088,0.9628265242846241
99,False,4,3424,0.8523256778717041,0.9141565348420824
100,False,4,3425,0.8842911720275879,0.9487668116177832
101,False,4,3426,0.8589210510253906,0.889572431466409
102,False,4,3427,0.8473937511444092,0.921259619295597
103,False,4,3428,0.8530745506286621,0.9073803600456034
104,False,4,3429,0.8876509666442871,0.9373025895938986
105,False,4,3430,0.850217342376709,0.9318606590940837
106,False,4,3431,0.8409147262573242,0.9475739873236133
107,False,4,3432,0.8881559371948242,0.9646219164133073
108,False,4,3433,0.8503444194793701,0.9354950515996844
109,False,4,3434,0.8329694271087646,0.9609817748978025
110,False,4,3435,0.8562688827514648,0.9258629576790899
111,False,4,3436,0.8445401191711426,0.9431324760828699
112,False,4,3437,0.8588016033172607,0.9421203037103016
113,False,4,3438,0.8087830543518066,0.8982438574589435
114,False,4,3439,0.863919734954834,0.9162850617652848
115,False,4,3440,0.8521404266357422,0.9198913464233988
116,False,4,3441,0.8483364582061768,0.9583866830383028
117,False,4,3442,0.8428845405578613,0.9552961186993689
118,False,4,3443,0.848029375076294,0.940393269062042
119,False,4,3444,0.8835210800170898,0.9388024881482124
120,False,4,3445,0.8548765182495117,0.9675918001504173
121,False,4,3446,0.8170225620269775,0.9262849078291937
122,False,4,3447,0.8628227710723877,0.9579425376086007
123,False,4,3448,0.8537082672119141,0.8763005584478378
124,False,4,3449,0.8590233325958252,0.9460034703924542
125,False,4,3450,0.7931709289550781,0.9428264778994379
126,False,4,3451,0.8597681522369385,1.0472622584728968
127,False,4,3452,0.8487660884857178,0.960185957806451
128,False,4,3453,0.859295129776001,0.9112807710965475
129,False,4,3454,0.8232376575469971,0.8999840524934586
130,False,4,3455,0.8516736030578613,0.9309469106651489
131,False,4,3456,0.8693749904632568,0.9677696749567988
132,False,4,3457,0.9314248561859131,0.9520036209197272
133,False,4,3458,0.9078691005706787,0.9682703138816922
134,False,4,3459,0.9286859035491943,0.9143460873691809
135,False,4,3460,0.934088945388794,0.9116726332299765
136,False,4,3461,0.9414515495300293,0.9506755407367433
137,False,4,3462,0.9032864570617676,0.8881865862224783
138,False,4,3463,0.9460487365722656,0.9295706007452239
139,False,4,3464,0.9216837882995605,0.9315379379051071
140,False,4,3465,0.9460828304290771,0.9334576867875596
141,False,4,3466,0.8941667079925537,0.9516355491110255
142,False,4,3467,0.9372544288635254,0.9285473348129364
143,False,4,3468,0.9395124912261963,0.8846085644548847
144,False,4,3469,0.927893877029419,0.9093412664674577
145,False,4,3470,0.9154932498931885,0.9380226078487578
146,False,4,3471,0.9432563781738281,0.9879045915745552
147,False,4,3472,0.917905330657959,0.9175974462358725
148,False,4,3473,0.8572690486907959,0.9001425146347002
149,False,4,3474,0.8286957740783691,0.9381395787710237
150,False,4,3475,0.868518590927124,0.9728857397678353
151,False,4,3476,0.8620083332061768,0.920005935288611
152,False,4,3477,0.8406181335449219,0.9083222062105226
153,False,4,3478,0.8373222351074219,0.9233850847397533
154,False,4,3479,0.8533565998077393,0.8950053389583316
155,False,4,3480,0.8821821212768555,0.955233837877001
156,False,4,3481,0.856940746307373,0.9061751761251972
157,False,4,3482,0.836925745010376,0.9548463073692152
158,False,4,3483,0.8801741600036621,0.919233814059269
159,False,4,3484,0.8496193885803223,0.8667866901627608
160,False,4,3485,0.861558198928833,0.9362897120770954
161,False,4,3486,0.8560962677001953,0.9458015582391193
162,False,4,3487,0.8515110015869141,0.9231357162907011
163,False,4,3488,0.860283374786377,0.8882349889193263
164,False,4,3489,0.837799072265625,0.9235524350688571
165,False,4,3490,0.8511464595794678,0.9192096488106817
166,False,4,3491,0.84824538230896,1.0114252077681678
167,False,4,3492,0.8733298778533936,0.9581715500070934
168,False,4,3493,0.8442845344543457,0.9865930719035012
169,False,4,3494,0.8585405349731445,0.9474486737024217
170,False,4,3495,0.8655610084533691,0.9314612824292412
171,False,4,3496,0.8842394351959229,0.9519376094852173
172,False,4,3497,0.8269519805908203,0.8667941705456802
173,False,4,3498,0.8422033786773682,0.93996295829614
174,False,4,3499,0.8765854835510254,0.9055933931044171
175,True,4,3500,0.9254217147827148,0.9050756434776954
176,False,4,3501,0.8569917678833008,0.8960966618642923
177,False,4,3502,0.8651103973388672,0.9576405858000119
178,False,4,3503,0.8457906246185303,0.9066333559652169
179,False,4,3504,0.8526768684387207,0.9179368384537244
180,False,4,3505,0.8439640998840332,0.9583252977047649
181,False,4,3506,0.8614108562469482,0.9811783333619437
182,False,4,3507,0.8605968952178955,1.0012793026509739
183,False,4,3508,0.8453104496002197,0.9728860315822422
184,False,4,3509,0.8508756160736084,0.9343212516534897
185,False,4,3510,0.8476996421813965,0.9841205977967806
186,False,4,3511,0.885305643081665,0.9528232294888723
187,False,4,3512,0.8396928310394287,0.9777048971681369
188,False,4,3513,0.852410078048706,0.9405412626053608
189,False,4,3514,0.8661022186279297,0.9480501402701651
190,False,4,3515,0.8452379703521729,0.9193243870422955
191,False,4,3516,0.8611094951629639,0.9473187228043876
192,False,4,3517,0.8405666351318359,0.943600579386666
193,False,4,3518,0.8607099056243896,0.8867339477652596
194,False,4,3519,0.8639073371887207,0.9938003662086669
195,False,4,3520,0.8443279266357422,0.9055319996107192
196,False,4,3521,0.8429920673370361,0.9633638610442481
197,False,4,3522,0.8469815254211426,0.937386509208452
198,False,4,3523,0.879310131072998,0.9532470887615568
199,False,4,3524,0.8481724262237549,0.9463287873991898
200,False,4,3525,0.8505868911743164,0.9516665282703582
201,False,4,3526,0.8624534606933594,0.9463391633970396
202,False,4,3527,0.8433971405029297,0.911039999641833
203,False,4,3528,0.8627457618713379,0.9067610521756466
204,False,4,3529,0.8627851009368896,0.9073903553542636
205,False,4,3530,0.8688056468963623,0.8928477114864758
206,False,4,3531,0.849738597869873,0.9583980430449757
207,False,4,3532,0.8626730442047119,0.9410565988648505
208,False,4,3533,0.8255875110626221,0.8894253080444675
209,False,4,3534,0.8608143329620361,0.9690434492769695
210,False,4,3535,0.8509988784790039,0.8849608128269513
211,False,4,3536,0.8747620582580566,0.8959276408311867
212,False,4,3537,0.8610422611236572,0.9162761373888879
213,False,4,3538,0.851137638092041,0.938822974761327
214,False,4,3539,0.8712279796600342,0.9250737095162982
215,False,4,3540,0.8380954265594482,0.947968905525548
216,False,4,3541,0.8565337657928467,0.9731773936322755
217,False,4,3542,0.8630623817443848,0.8957289139784519
218,False,4,3543,0.8474643230438232,0.9073991967099054
219,False,4,3544,0.8574376106262207,0.9068335294723511
220,False,4,3545,0.8420250415802002,0.9049731264156955
221,False,4,3546,0.8625597953796387,0.9712752575675646
222,False,4,3547,0.8624742031097412,0.9383090512738339
223,False,4,3548,0.8492188453674316,0.9327432697727568
224,False,4,3549,0.838341474533081,0.8912761766640912
225,False,4,3550,0.846865177154541,0.901075740123079
226,False,4,3551,0.8773350715637207,0.9716432055547124
227,False,4,3552,0.8584468364715576,0.9718432430000532
228,False,4,3553,0.8378105163574219,0.8918870668858289
229,False,4,3554,0.8825955390930176,0.9219503906511125
230,False,4,3555,0.8438260555267334,0.9328857944125223
231,False,4,3556,0.8531432151794434,0.9285188877866383
232,False,4,3557,0.8483161926269531,0.9119087067388351
233,False,4,3558,0.8500230312347412,0.8990566682602679
234,False,4,3559,0.8639180660247803,0.8746985154492515
235,False,4,3560,0.8466939926147461,0.9350596918236641
236,False,4,3561,0.8610885143280029,0.8903505394146555
237,False,4,3562,0.848975419998169,0.9346245534363248
238,False,4,3563,0.8816769123077393,0.968180212236586
239,False,4,3564,0.8414323329925537,0.9388587483692736
240,False,4,3565,0.8683285713195801,0.8999253883957862
241,False,4,3566,0.8478834629058838,0.9422501220944381
242,False,4,3567,0.8893318176269531,0.9517675645294642
243,False,4,3568,0.8032190799713135,0.9291636915433973
244,False,4,3569,0.8606116771697998,0.8957652078852767
245,False,4,3570,0.8578512668609619,0.9594495509352003
246,False,4,3571,0.8488583564758301,0.9136380132819925
247,False,4,3572,0.8302297592163086,0.8718525448015757
248,False,4,3573,0.8383817672729492,0.968850246497563
249,False,4,3574,0.8617527484893799,0.8991766988876321
250,False,4,3575,0.8648054599761963,0.92355885888849
251,False,4,3576,0.8294961452484131,0.9446445313237963
252,False,4,3577,0.8710227012634277,0.926974968541236
253,False,4,3578,0.8587989807128906,0.9031319114423935
254,False,4,3579,0.9399442672729492,0.9063291005080655
255,False,4,3580,0.9130856990814209,0.9564486804107826
256,False,4,3581,0.9214272499084473,0.9304865627061754
257,False,4,3582,0.9398603439331055,0.9430745112754049
258,False,4,3583,0.936492919921875,0.9003357402980329
259,False,4,3584,0.8861606121063232,0.9150837730793728
260,False,4,3585,0.9334571361541748,0.9266386255621909
261,False,4,3586,0.9144916534423828,0.9553545952907629
262,False,4,3587,0.9353141784667969,0.8920684109131497
263,False,4,3588,0.8968901634216309,0.8854683260655121
264,False,4,3589,0.9183366298675537,0.8988072276115416
265,False,4,3590,0.9409449100494385,0.9608018270560675
266,False,4,3591,0.9354021549224854,0.974238570956957
267,False,4,3592,0.8952951431274414,0.9573969379776999
268,False,4,3593,0.9425888061523438,0.9436511549921263
269,False,4,3594,0.907813549041748,0.9569064002661478
270,False,4,3595,0.8625185489654541,0.9064462851910363
271,False,4,3596,0.8235654830932617,0.9702312783116387
272,False,4,3597,0.8605704307556152,0.8794952815487269
273,False,4,3598,0.860121488571167,0.9176616299720036
274,False,4,3599,0.8604609966278076,0.9236003653634162
275,True,4,3600,0.9002277851104736,0.9020675956493331
276,False,4,3601,0.8617863655090332,0.891112737712406
277,False,4,3602,0.8585996627807617,0.9641933930771692
278,False,4,3603,0.8336572647094727,0.9074340774899439
279,False,4,3604,0.8579695224761963,0.957733172745932
280,False,4,3605,0.8574681282043457,0.8892946177650064
281,False,4,3606,0.885591983795166,0.9225881440298901
282,False,4,3607,0.8353815078735352,0.9116287554303806
283,False,4,3608,0.8499023914337158,0.9054803138687497
284,False,4,3609,0.8834762573242188,0.8848689326218196
285,False,4,3610,0.8442392349243164,0.9588032643355074
286,False,4,3611,0.812201738357544,0.9354378385912805
287,False,4,3612,0.8584072589874268,0.9461464406478973
288,False,4,3613,0.8422720432281494,0.9193724546404114
289,False,4,3614,0.860445499420166,0.9090528395913894
290,False,4,3615,0.8042995929718018,0.9336901193573361
291,False,4,3616,0.8581490516662598,0.9899106254535064
292,False,4,3617,0.84804368019104,0.9309727946917215
293,False,4,3618,0.8585121631622314,0.8987416809513454
294,False,4,3619,0.8307754993438721,0.9168253636785915
295,False,4,3620,0.843508243560791,0.9373539182401837
296,False,4,3621,0.8819489479064941,0.8646303081796283
297,False,4,3622,0.8460345268249512,0.9177353786570687
298,False,4,3623,0.8096842765808105,0.9188401878234886
299,False,4,3624,0.8557572364807129,0.9579295278305099
300,False,4,3625,0.8433294296264648,0.950313028125536
301,False,4,3626,0.8676400184631348,0.9443926513195037
302,False,4,3627,0.8053228855133057,0.932208890716235
303,False,4,3628,0.8582062721252441,0.8902488900792029
304,False,4,3629,0.8506238460540771,0.922361431909459
305,False,4,3630,0.8831207752227783,0.9743930906766937
306,False,4,3631,0.7936732769012451,0.9194465488905
307,False,4,3632,0.860060453414917,0.9509212704641476
308,False,4,3633,0.8645322322845459,0.9225309863686559
309,False,4,3634,0.8620214462280273,0.952809093253953
310,False,4,3635,0.8001878261566162,0.9477870648815515
311,False,4,3636,0.8622720241546631,0.9110639552984917
312,False,4,3637,0.8641250133514404,0.9388585537672042
313,False,4,3638,0.8462016582489014,0.9234136393559833
314,False,4,3639,0.8301074504852295,0.9011537374130314
315,False,4,3640,0.8455748558044434,0.9614041206382568
316,False,4,3641,0.8643383979797363,0.9254555052944591
317,False,4,3642,0.8481667041778564,0.8875103674474217
318,False,4,3643,0.8334217071533203,0.9256031300340378
319,False,4,3644,0.8574783802032471,0.8749891015745342
320,False,4,3645,0.8502213954925537,0.9444131687993093
321,False,4,3646,0.8807852268218994,1.080948906285422
322,False,4,3647,0.8309800624847412,0.9232313491049269
323,False,4,3648,0.8523249626159668,0.9515920391394976
324,False,4,3649,0.8858816623687744,0.9520345578591028
325,False,4,3650,0.8497719764709473,0.8809152820280621
326,False,4,3651,0.8258306980133057,0.9135220167892321
327,False,4,3652,0.856743574142456,0.8897204574729716
328,False,4,3653,0.8462693691253662,0.965009869564147
329,False,4,3654,0.8621671199798584,0.9338435637099403
330,False,4,3655,0.7942402362823486,0.9104974278736683
331,False,4,3656,0.8656494617462158,0.9190263223080409
332,False,4,3657,0.8521285057067871,0.889715374935241
333,False,4,3658,0.8581030368804932,0.9117827963616165
334,False,4,3659,0.8266453742980957,0.8956585043952576
335,False,4,3660,0.8443422317504883,0.9623605963729674
336,False,4,3661,0.8915891647338867,0.9600701672690256
337,False,4,3662,0.8541858196258545,0.9113705938770659
338,False,4,3663,0.8345754146575928,0.9341884397325061
339,False,4,3664,0.8480818271636963,0.974490218928882
340,False,4,3665,0.8640727996826172,0.9504409865254446
341,False,4,3666,0.8619179725646973,0.9608589737188248
342,False,4,3667,0.8399555683135986,0.9429786778276873
343,False,4,3668,0.8464138507843018,0.9530210260834011
344,False,4,3669,0.860950231552124,0.9123160824889227
345,False,4,3670,0.8600513935089111,0.9697960664828618
346,False,4,3671,0.8192989826202393,0.8771288927112307
347,False,4,3672,0.87569260597229,0.8966504711480369
348,False,4,3673,0.8458526134490967,0.9104079909267878
349,False,4,3674,0.8883404731750488,0.9648930983883994
350,False,4,3675,0.8802454471588135,0.9437303876592997
351,False,4,3676,0.8522360324859619,0.9460080972030049
352,False,4,3677,0.8660166263580322,0.936967548869905
353,False,4,3678,0.827639102935791,0.8979700051602865
354,False,4,3679,0.8623862266540527,0.9055546798876352
355,False,4,3680,0.8595783710479736,0.9347207397222519
356,False,4,3681,0.8406143188476562,0.932620712688991
357,False,4,3682,0.8535537719726562,0.9106094154218832
358,False,4,3683,0.8436095714569092,0.9626848566390218
359,False,4,3684,0.8563666343688965,0.9734514210195769
360,False,4,3685,0.8473589420318604,0.9087711028932105
361,False,4,3686,0.8492932319641113,0.9565433249587105
362,False,4,3687,0.8509337902069092,0.8701513258829003
363,False,4,3688,0.8520128726959229,0.9434008520273935
364,False,4,3689,0.890794038772583,0.9236065834051087
365,False,4,3690,0.8256828784942627,0.9870188250428154
366,False,4,3691,0.8550305366516113,0.9460870164136091
367,False,4,3692,0.8628039360046387,0.944387666526295
368,False,4,3693,0.8441743850708008,0.9086825283510345
369,False,4,3694,0.8441696166992188,0.9046687710852852
370,False,4,3695,0.8444435596466064,0.9358013669649761
371,False,4,3696,0.8586702346801758,0.9819028242712928
372,False,4,3697,0.8497776985168457,0.9792262170286405
373,False,4,3698,0.8460876941680908,0.9789486846753528
374,False,4,3699,0.870969295501709,0.9476311813507762
375,True,4,3700,0.9382777214050293,0.8554135953031835
376,False,4,3701,0.8667449951171875,0.8654984650867326
377,False,4,3702,0.8391833305358887,0.9316801673599653
378,False,4,3703,0.8647689819335938,0.9404020476199333
379,False,4,3704,0.8479559421539307,0.9225356064382053
380,False,4,3705,0.8636417388916016,0.931235530901523
381,False,4,3706,0.8206145763397217,0.96406095794269
382,False,4,3707,0.8623521327972412,0.8741845414042473
383,False,4,3708,0.8473763465881348,0.9189736422683511
384,False,4,3709,0.8566431999206543,0.9621920046352206
385,False,4,3710,0.9141764640808105,0.9109733551740645
386,False,4,3711,0.9357309341430664,0.9510435107208434
387,False,4,3712,0.947704553604126,0.9981495620948929
388,False,4,3713,0.9473922252655029,0.9247420204892045
389,False,4,3714,0.9150733947753906,0.9628400614573843
390,False,4,3715,0.9438977241516113,0.9260313161427068
391,False,4,3716,0.9389247894287109,0.9531194638638267
392,False,4,3717,0.9271321296691895,0.9190588971333844
393,False,4,3718,0.9449279308319092,0.9445772582576386
394,False,4,3719,0.9242329597473145,0.9407537380854291
395,False,4,3720,0.9428560733795166,0.9693036689644767
396,False,4,3721,0.928830623626709,0.93209811548392
397,False,4,3722,0.929175853729248,0.8926583581737109
398,False,4,3723,0.9489550590515137,0.9637870760191056
399,False,4,3724,0.9418015480041504,0.9154704947556769
400,False,4,3725,0.8630025386810303,0.9222459894205842
401,False,4,3726,0.8629050254821777,0.9272770367207982
402,False,4,3727,0.8435766696929932,0.9511476897058032
403,False,4,3728,0.8797082901000977,0.9469336704129265
404,False,4,3729,0.8226218223571777,0.9192722971950259
405,False,4,3730,0.8454251289367676,0.9102386452612422
406,False,4,3731,0.8579082489013672,0.9272027334996634
407,False,4,3732,0.8471848964691162,0.8971530223886173
408,False,4,3733,0.8154869079589844,0.9436285454957261
409,False,4,3734,0.8456480503082275,0.9580662271806173
410,False,4,3735,0.8715000152587891,0.9135266726925261
411,False,4,3736,0.8584628105163574,0.9164039577756607
412,False,4,3737,0.8558924198150635,0.8826525617568264
413,False,4,3738,0.8496201038360596,0.9330207989329384
414,False,4,3739,0.8913328647613525,0.9625991930564247
415,False,4,3740,0.849287748336792,0.9070715050079993
416,False,4,3741,0.8416762351989746,0.8820282745928992
417,False,4,3742,0.8621721267700195,0.9432539560255552
418,False,4,3743,0.8448774814605713,0.9020192814724786
419,False,4,3744,0.8600521087646484,0.9814576840116865
420,False,4,3745,0.8140082359313965,0.9122249668552762
421,False,4,3746,0.8632309436798096,0.9213561219651073
422,False,4,3747,0.8586652278900146,0.917801966269811
423,False,4,3748,0.8483967781066895,0.9268531696427436
424,False,4,3749,0.8137836456298828,0.9117942856890814
425,False,4,3750,0.8443343639373779,0.9155796947223799
426,False,4,3751,0.8779518604278564,0.8964138360960143
427,False,4,3752,0.8431932926177979,0.9217596855901535
428,False,4,3753,0.8279736042022705,0.940107294934846
429,False,4,3754,0.8643932342529297,0.8973277126926751
430,False,4,3755,0.8447103500366211,0.9893907054903962
431,False,4,3756,0.8584342002868652,0.999447558607374
432,False,4,3757,0.8045775890350342,0.9306202098017647
433,False,4,3758,0.8619205951690674,0.8983784683403515
434,False,4,3759,0.8580536842346191,0.9039257720467591
435,False,4,3760,0.8468992710113525,0.94016209315686
436,False,4,3761,0.8129744529724121,0.913878117288862
437,False,4,3762,0.8466167449951172,0.8613852242983523
438,False,4,3763,0.8806893825531006,0.9250955070768087
439,False,4,3764,0.8478522300720215,0.9796155900472687
440,False,4,3765,0.8388683795928955,0.8646206249083789
441,False,4,3766,0.8628301620483398,0.9051878083319891
442,False,4,3767,0.8451716899871826,0.8554079479404858
443,False,4,3768,0.8586547374725342,0.9077816222395214
444,False,4,3769,0.8024978637695312,0.9115557847988036
445,False,4,3770,0.8647058010101318,0.9299181463817756
446,False,4,3771,0.8623349666595459,0.9318592562561944
447,False,4,3772,0.8626644611358643,0.9318637262497631
448,False,4,3773,0.835700273513794,0.8924364695946376
449,False,4,3774,0.8788492679595947,0.9307547995731943
450,False,4,3775,0.8497226238250732,0.9359958203775542
451,False,4,3776,0.8847179412841797,0.9436951322214945
452,False,4,3777,0.8328540325164795,0.9540948246916133
453,False,4,3778,0.8493738174438477,0.9295753794057028
454,False,4,3779,0.8628196716308594,0.9379381814173291
455,False,4,3780,0.8454992771148682,0.8927119352987836
456,False,4,3781,0.8288524150848389,0.9235309944266366
457,False,4,3782,0.846358060836792,0.9419527109712365
458,False,4,3783,0.8548715114593506,0.9447620534116311
459,False,4,3784,0.8655068874359131,0.8963941278911771
460,False,4,3785,0.810814380645752,0.9243258881781782
461,False,4,3786,0.8613905906677246,0.9030959620362238
462,False,4,3787,0.8509426116943359,0.8751771273978411
463,False,4,3788,0.8886182308197021,0.9094688399207024
464,False,4,3789,0.8616487979888916,0.9420197531580926
465,False,4,3790,0.8504502773284912,0.9303203572829566
466,False,4,3791,0.8690695762634277,0.9524982685134523
467,False,4,3792,0.8473396301269531,0.9191921147562209
468,False,4,3793,0.8508656024932861,0.9036665849742436
469,False,4,3794,0.8652076721191406,0.8928739332727024
470,False,4,3795,0.8448634147644043,0.8674890516059739
471,False,4,3796,0.8574850559234619,0.9147727679283845
472,False,4,3797,0.8125519752502441,0.9398598690472898
473,False,4,3798,0.87001633644104,0.9328045671184857
474,False,4,3799,0.8485808372497559,0.8962173914270739
475,True,4,3800,0.9306323528289795,0.8832077447857175
476,False,4,3801,0.8727498054504395,0.9937747965256373
477,False,4,3802,0.8458452224731445,0.9539224775064559
478,False,4,3803,0.8619832992553711,0.9698820007698878
479,False,4,3804,0.7983665466308594,0.9536870388048037
480,False,4,3805,0.855888843536377,0.8701702281832696
481,False,4,3806,0.8628127574920654,0.9397634459393364
482,False,4,3807,0.8651111125946045,0.9288526436402684
483,False,4,3808,0.8120772838592529,0.8822635224177723
484,False,4,3809,0.8633723258972168,0.9661533399706795
485,False,4,3810,0.8440670967102051,0.9178463060941013
486,False,4,3811,0.8802204132080078,0.9094067538777986
487,False,4,3812,0.8301513195037842,0.888835292841707
488,False,4,3813,0.8486826419830322,0.9283001373211542
489,False,4,3814,0.8802623748779297,0.9455484513725554
490,False,4,3815,0.8408889770507812,0.9239829459360668
491,False,4,3816,0.807448148727417,0.907658838445232
492,False,4,3817,0.8499939441680908,0.9716300999834423
493,False,4,3818,0.8521938323974609,0.9376551906267803
494,False,4,3819,0.8623466491699219,0.9438990042323157
495,False,4,3820,0.8088619709014893,0.8964824562981012
496,False,4,3821,0.8596401214599609,0.9107225564796301
497,False,4,3822,0.8537354469299316,0.9579035519134429
498,False,4,3823,0.8829092979431152,0.923106210838471
499,False,4,3824,0.8309545516967773,1.0158956622083983
500,False,4,3825,0.9082283973693848,0.908047726643937
501,False,4,3826,0.9357690811157227,0.9912830073209036
502,False,4,3827,0.9326350688934326,0.9028867257847674
503,False,4,3828,0.897895097732544,0.9483862976942746
504,False,4,3829,0.9334132671356201,0.8824225763479868
505,False,4,3830,0.921034574508667,0.9188890105911666
506,False,4,3831,0.926966667175293,0.9131183865524471
507,False,4,3832,0.9249427318572998,0.9554625657342731
508,False,4,3833,0.9158804416656494,0.8956126357827868
509,False,4,3834,0.938582181930542,0.9360941595264842
510,False,4,3835,0.9014673233032227,0.9357565247586794
511,False,4,3836,0.8433358669281006,0.8811431406509309
512,False,4,3837,0.8848567008972168,0.8599223703855561
513,False,4,3838,0.8469409942626953,0.9407569090170519
514,False,4,3839,0.826056718826294,0.913800740525836
515,False,4,3840,0.8619410991668701,0.8997778417099092
516,False,4,3841,0.8626172542572021,0.9172885263604779
517,False,4,3842,0.8497304916381836,0.9264392258510704
518,False,4,3843,0.8210251331329346,0.8726562128535341
519,False,4,3844,0.8490452766418457,0.9598606179157892
520,False,4,3845,0.8614897727966309,0.89774009230591
521,False,4,3846,0.8539412021636963,0.92175442317412
522,False,4,3847,0.8062524795532227,0.9016990132984661
523,False,4,3848,0.8705625534057617,0.9176926087765466
524,False,4,3849,0.8523938655853271,0.9387702510825225
525,False,4,3850,0.8776533603668213,0.9403063007408664
526,False,4,3851,0.8803739547729492,0.9040073589200066
527,False,4,3852,0.9021072387695312,0.9143349042250996
528,False,4,3853,0.9288413524627686,0.9062437851514135
529,False,4,3854,0.900592565536499,0.9266516520153908
530,False,4,3855,0.9062991142272949,0.8854567064415843
531,False,4,3856,0.9172649383544922,0.8757047112144174
532,False,4,3857,0.8984148502349854,0.8779451084278878
533,False,4,3858,0.924288272857666,0.9671251766738439
534,False,4,3859,0.9063034057617188,0.81589470111898
535,False,4,3860,0.9051275253295898,0.914268958426657
536,False,4,3861,0.9214386940002441,0.8966158697647705
537,False,4,3862,0.8969590663909912,0.9145401957489195
538,False,4,3863,0.9167945384979248,0.9500195114385513
539,False,4,3864,0.9063229560852051,0.9217212122111093
540,False,4,3865,0.9013674259185791,0.9512650563958145
541,False,4,3866,0.9193623065948486,0.8682087218122824
542,False,4,3867,0.9129712581634521,0.92784398155553
543,False,4,3868,0.9081299304962158,0.9302442680512156
544,False,4,3869,0.9101881980895996,0.8952589950391225
545,False,4,3870,0.903214693069458,0.9098411869435082
546,False,4,3871,0.9221115112304688,0.982334988457816
547,False,4,3872,0.90297532081604,0.9353288557557832
548,False,4,3873,0.9210948944091797,0.9476580841555483
549,False,4,3874,0.895209789276123,0.8888724221005324
550,False,4,3875,0.909893274307251,0.9121972726924078
551,False,4,3876,0.9244916439056396,0.9537128021142312
552,False,4,3877,0.8973805904388428,0.9362276288725081
553,False,4,3878,0.9239599704742432,0.9183281269811449
554,False,4,3879,0.9029576778411865,0.9297954539457955
555,False,4,3880,0.9014160633087158,0.9112341413717894
556,False,4,3881,0.9258596897125244,0.8764103633307274
557,False,4,3882,0.8940062522888184,0.9127384275197981
558,False,4,3883,0.9248392581939697,0.9184247780413856
559,False,4,3884,0.9168787002563477,0.9147519536671185
560,False,4,3885,0.9034230709075928,0.8791797439612095
561,False,4,3886,0.9192349910736084,0.9109070547634647
562,False,4,3887,0.9093670845031738,0.8947776009639105
563,False,4,3888,0.9110391139984131,0.9469800595016706
564,False,4,3889,0.925370454788208,0.9043964537836258
565,False,4,3890,0.8955042362213135,0.9537433293603718
566,False,4,3891,0.9180428981781006,1.000162240295183
567,False,4,3892,0.9171760082244873,0.9030656460672616
568,False,4,3893,0.9093630313873291,0.8886421952574024
569,False,4,3894,0.9262545108795166,0.9199394376150201
570,False,4,3895,0.9102811813354492,0.8625754671437399
571,False,4,3896,0.910207986831665,0.9534129755837578
572,False,4,3897,0.9117774963378906,0.9000560252794196
573,False,4,3898,0.8899931907653809,0.8655405734621341
574,False,4,3899,0.9222192764282227,0.9544539139384315
575,True,4,3900,1.0080711841583252,0.8550678328389213
576,False,4,3901,0.8931355476379395,0.9438015307698931
577,False,4,3902,0.9250199794769287,0.882201211793082
578,False,4,3903,0.8949224948883057,0.8778623016107651
579,False,4,3904,0.9077811241149902,0.9449562558106014
580,False,4,3905,0.9308702945709229,0.9125933923891612
581,False,4,3906,0.9049112796783447,0.9309088701293583
582,False,4,3907,0.9178133010864258,0.863551699334667
583,False,4,3908,0.8907756805419922,0.9089262870450817
584,False,4,3909,0.9182496070861816,0.8876545849655356
585,False,4,3910,0.9086933135986328,0.8710430016120275
586,False,4,3911,0.9158422946929932,0.8742050092135157
587,False,4,3912,0.9182286262512207,0.8866663550337155
588,False,4,3913,0.8860447406768799,0.8654096878710247
589,False,4,3914,0.9212734699249268,0.9510485414592993
590,False,4,3915,0.9152035713195801,0.8853486677010852
591,False,4,3916,0.8823873996734619,0.8864747101352327
592,False,4,3917,0.9199306964874268,0.9039735772780011
593,False,4,3918,0.8925318717956543,0.832505399627345
594,False,4,3919,0.9120151996612549,0.9558176045261676
595,False,4,3920,0.9225113391876221,0.9142086853583653
596,False,4,3921,0.8974692821502686,0.8967600479012444
597,False,4,3922,0.9231128692626953,0.898571863326998
598,False,4,3923,0.9268393516540527,0.9063482277450107
599,False,4,3924,0.8949165344238281,0.880806443237123
600,False,4,3925,0.92753005027771,0.9052013832898368
601,False,4,3926,0.8962321281433105,0.8717696042287916
602,False,4,3927,0.9191408157348633,0.917296868704614
603,False,4,3928,0.9283533096313477,0.9834020712545939
604,False,4,3929,0.8917667865753174,0.8750766451869693
605,False,4,3930,0.9193341732025146,0.8692995982155913
606,False,4,3931,0.9033920764923096,0.8664657086843536
607,False,4,3932,0.9048864841461182,0.9215270124730608
608,False,4,3933,0.9273884296417236,0.8766385163402275
609,False,4,3934,0.896857500076294,0.9064025218997682
610,False,4,3935,0.9241583347320557,0.8927564528726395
611,False,4,3936,0.9068076610565186,0.873199241147155
612,False,4,3937,0.890629768371582,0.9461233811009496
613,False,4,3938,0.9265704154968262,0.8701696005605516
614,False,4,3939,0.9071502685546875,0.9532193012890362
615,False,4,3940,0.9231743812561035,0.9326415906349818
616,False,4,3941,0.9106738567352295,0.9216906453172367
617,False,4,3942,0.915153980255127,0.9170517772436143
618,False,4,3943,0.9179964065551758,0.896408998363075
619,False,4,3944,0.8959226608276367,0.9032878843801364
620,False,4,3945,0.9185531139373779,0.9019400927992096
621,False,4,3946,0.9033386707305908,0.9094142111993971
622,False,4,3947,0.832632303237915,0.9033149544681823
623,False,4,3948,0.8597908020019531,0.9018183953705288
624,False,4,3949,0.8461833000183105,0.8677747520130306
625,False,4,3950,0.8259003162384033,1.0039367934777623
626,False,4,3951,0.8478500843048096,0.8731865630972953
627,False,4,3952,0.8658363819122314,0.9010241996674311
628,False,4,3953,0.8620686531066895,0.8552084265365489
629,False,4,3954,0.7983312606811523,0.8995398361058465
630,False,4,3955,0.8810787200927734,0.8880306186065787
631,False,4,3956,0.8504791259765625,0.889327083492563
632,False,4,3957,0.8894021511077881,0.9299912195475328
633,False,4,3958,0.8793542385101318,0.9045837344158264
634,False,4,3959,0.8558263778686523,0.8888610707862037
635,False,4,3960,0.8604166507720947,0.9241849400457883
636,False,4,3961,0.8320529460906982,0.8859049268066884
637,False,4,3962,0.8608605861663818,0.8976098531413649
638,False,4,3963,0.8607003688812256,0.8561916438241801
639,False,4,3964,0.8455464839935303,0.9069635355401606
640,False,4,3965,0.854896068572998,0.8974698884856135
641,False,4,3966,0.837153434753418,0.8896953578860987
642,False,4,3967,0.8625288009643555,0.8975267043071135
643,False,4,3968,0.8466780185699463,0.9363920683307307
644,False,4,3969,0.8787062168121338,0.8388571121862954
645,False,4,3970,0.8529796600341797,0.9240979417448953
646,False,4,3971,0.846137285232544,0.9254847708202544
647,False,4,3972,0.9366872310638428,0.8350901520323185
648,False,4,3973,0.9468348026275635,0.8953895377261297
649,False,4,3974,0.9354820251464844,0.9147140124724026
650,False,4,3975,0.9226047992706299,0.9660369711262838
651,False,4,3976,0.9479265213012695,0.9209299868061429
652,False,4,3977,0.9291841983795166,0.9274394185770126
653,False,4,3978,0.9203147888183594,0.8793826557341078
654,False,4,3979,0.930121660232544,0.9185910177017962
655,False,4,3980,0.9394075870513916,0.8654435422448885
656,False,4,3981,0.9102475643157959,0.9304309249633833
657,False,4,3982,0.8638186454772949,0.9299190576587406
658,False,4,3983,0.8455450534820557,0.9196249670570806
659,False,4,3984,0.8810279369354248,0.9038450568914412
660,False,4,3985,0.8377721309661865,0.8896596311103727
661,False,4,3986,0.8460609912872314,0.9118881580375491
662,False,4,3987,0.8876175880432129,0.9212507633935838
663,False,4,3988,0.8517837524414062,0.9135830813930148
664,False,4,3989,0.8084261417388916,0.90020841094
665,False,4,3990,0.8513715267181396,0.9212942797513236
666,False,4,3991,0.8446969985961914,0.8848062585152331
667,False,4,3992,0.8669354915618896,0.9447875164804004
668,False,4,3993,0.8172237873077393,0.8555135460836547
669,False,4,3994,0.8637440204620361,0.8838894642179921
670,False,4,3995,0.8407230377197266,0.911266075713294
671,False,4,3996,0.8717830181121826,0.9360600365769296
672,False,4,3997,0.8246021270751953,0.9046954672251429
673,False,4,3998,0.8467926979064941,0.9609578975609371
674,False,4,3999,0.8858392238616943,0.8742760528056395
675,True,4,4000,0.9301021099090576,0.8796906435773485
676,False,4,4001,0.8576138019561768,0.9286642663535617
677,False,4,4002,0.8655176162719727,0.921833986859946
678,False,4,4003,0.8469312191009521,0.9042233477036159
679,False,4,4004,0.8594017028808594,0.9186672433501196
680,False,4,4005,0.83780837059021,0.9119723009921256
681,False,4,4006,0.8739378452301025,0.9096253876175199
682,False,4,4007,0.8621265888214111,0.9405422386314188
683,False,4,4008,0.8656792640686035,0.8976800785887811
684,False,4,4009,0.8440046310424805,0.9003319530969572
685,False,4,4010,0.8816704750061035,0.9711469074799903
686,False,4,4011,0.847388744354248,0.8890993282908485
687,False,4,4012,0.842792272567749,0.9678276564393726
688,False,4,4013,0.8605270385742188,0.9417756318691232
689,False,4,4014,0.849379301071167,0.9319197102671576
690,False,4,4015,0.8603577613830566,0.9175443425774575
691,False,4,4016,0.8300609588623047,0.9393130583422524
692,False,4,4017,0.8581433296203613,0.9226186371275357
693,False,4,4018,0.8620407581329346,0.9397773380790437
694,False,4,4019,0.8466956615447998,0.8893710380153997
695,False,4,4020,0.8534200191497803,0.8720204872744424
696,False,4,4021,0.8364698886871338,0.8907925337553022
697,False,4,4022,0.8663294315338135,0.9638815905366626
698,False,4,4023,0.8489630222320557,0.8885108569548242
699,False,4,4024,0.8709914684295654,0.9403907543136961
700,False,4,4025,0.8779313564300537,0.8524551029716221
701,False,4,4026,0.8474631309509277,0.8798948727725515
702,False,4,4027,0.8736124038696289,0.9191064893135004
703,False,4,4028,0.8181335926055908,0.9062945303462799
704,False,4,4029,0.8590414524078369,0.9174507384498913
705,False,4,4030,0.8535947799682617,0.919422305765606
706,False,4,4031,0.8446621894836426,0.893313996848606
707,False,4,4032,0.8485233783721924,0.9463181864647638
708,False,4,4033,0.8440577983856201,0.8727936299429054
709,False,4,4034,0.860802173614502,0.9375713971399124
710,False,4,4035,0.8470280170440674,0.9103411670242036
711,False,4,4036,0.8545031547546387,0.8812298299301239
712,False,4,4037,0.85933518409729,0.8976923468567075
713,False,4,4038,0.8538620471954346,0.9341702127740495
714,False,4,4039,0.8630557060241699,0.9005413474071594
715,False,4,4040,0.8316242694854736,0.9331963119052705
716,False,4,4041,0.8580083847045898,0.9264494155844052
717,False,4,4042,0.8888318538665771,0.9562020759497372
718,False,4,4043,0.8739056587219238,0.9180746291364941
719,False,4,4044,0.8013427257537842,0.952406202753385
720,False,4,4045,0.9206948280334473,0.9388257580853644
721,False,4,4046,0.9229753017425537,0.8922427356952712
722,False,4,4047,0.9341058731079102,0.9045717347235908
723,False,4,4048,0.896432638168335,0.9070086479187014
724,False,4,4049,0.9306864738464355,0.9207414998894647
725,False,4,4050,0.9394962787628174,0.8456334391874925
726,False,4,4051,0.9390690326690674,0.8911400373492924
727,False,4,4052,0.8963196277618408,0.9014837188380105
728,False,4,4053,0.9318933486938477,0.8840693792416937
729,False,4,4054,0.9335598945617676,0.9064871814279328
730,False,4,4055,0.9216194152832031,0.8824324214032718
731,False,4,4056,0.9170079231262207,0.8966660774534658
732,False,4,4057,0.9236009120941162,0.8948750886179151
733,False,4,4058,0.9474451541900635,0.8907920510641165
734,False,4,4059,0.922795295715332,0.918166362813541
735,False,4,4060,0.9062774181365967,0.8842417909985497
736,False,4,4061,0.8751041889190674,0.8976665988919279
737,False,4,4062,0.8498404026031494,0.9519020766019821
738,False,4,4063,0.8804359436035156,0.875773072242737
739,False,4,4064,0.872899055480957,0.8830997470234121
740,False,4,4065,0.850562572479248,0.9148835993948438
741,False,4,4066,0.864387035369873,0.9241439210517066
742,False,4,4067,0.8394203186035156,0.9193260118010497
743,False,4,4068,0.854527473449707,0.9152951087980045
744,False,4,4069,0.8564698696136475,0.894014837841193
745,False,4,4070,0.8495237827301025,0.8905094971969014
746,False,4,4071,0.8645358085632324,0.874593667331196
747,False,4,4072,0.8358957767486572,0.9014651633444286
748,False,4,4073,0.880746603012085,0.8730125072456545
749,False,4,4074,0.8480331897735596,0.9378097561143693
750,False,4,4075,0.8559041023254395,0.9681514471414542
751,False,4,4076,0.8526492118835449,0.9009340270644141
752,False,4,4077,0.8851935863494873,0.8941876008397055
753,False,4,4078,0.8510029315948486,0.8896108124227752
754,False,4,4079,0.8460478782653809,0.8748778995303882
755,False,4,4080,0.8554649353027344,0.9062095596676781
756,False,4,4081,0.8454959392547607,0.9594536881361692
757,False,4,4082,0.8600070476531982,0.8648504410826025
758,False,4,4083,0.8511550426483154,0.8528781423256511
759,False,4,4084,0.8609828948974609,0.8541308080866223
760,False,4,4085,0.8491983413696289,0.9219340547209695
761,False,4,4086,0.8519649505615234,0.9061060632978166
762,False,4,4087,0.8642489910125732,0.8419970225187992
763,False,4,4088,0.8182065486907959,0.8419192014705567
764,False,4,4089,0.8653619289398193,0.8436810319267568
765,False,4,4090,0.8477802276611328,0.9181771920550436
766,False,4,4091,0.881690263748169,0.8695142921947299
767,False,4,4092,0.8671553134918213,0.9200364706062134
768,False,4,4093,0.8451383113861084,0.876400262117386
769,False,4,4094,0.8394947052001953,0.8904966499124255
770,False,4,4095,0.8508987426757812,0.9135250129870008
771,False,4,4096,0.8413143157958984,0.9062854707950637
772,False,4,4097,0.8498725891113281,0.8856447136827876
773,False,4,4098,0.8488936424255371,0.9004535284780323
774,False,4,4099,0.8599011898040771,0.8623608063374247
775,True,4,4100,0.9010918140411377,0.8751618631538892
776,False,4,4101,0.8685989379882812,0.9271824743066513
777,False,4,4102,0.8536365032196045,0.905427251898107
778,False,4,4103,0.8487789630889893,0.9114304738385335
779,False,4,4104,0.8812849521636963,0.9185020824273428
780,False,4,4105,0.8490166664123535,0.9210069967167718
781,False,4,4106,0.8592240810394287,0.918509825354531
782,False,4,4107,0.8135054111480713,0.8988600437130247
783,False,4,4108,0.8634500503540039,0.8730117751374132
784,False,4,4109,0.8450696468353271,0.9609255606219881
785,False,4,4110,0.8672628402709961,0.8998916252028374
786,False,4,4111,0.8206071853637695,0.9103804181019466
787,False,4,4112,0.8541867733001709,0.9081253803202084
788,False,4,4113,0.83107590675354,0.9536090567708015
789,False,4,4114,0.88006591796875,0.8931950948068074
790,False,4,4115,0.8398776054382324,0.8875078393944674
791,False,4,4116,0.845374345779419,0.9437193744594143
792,False,4,4117,0.8834500312805176,0.9133593227182115
793,False,4,4118,0.8484978675842285,0.8710128970089411
794,False,4,4119,0.834892988204956,0.9458549803211577
795,False,4,4120,0.8624176979064941,0.8768364939661252
796,False,4,4121,0.8435184955596924,0.8434605788262118
797,False,4,4122,0.8637270927429199,0.8964056555359137
798,False,4,4123,0.7991764545440674,0.8870378693654426
799,False,4,4124,0.8615975379943848,0.8501066175245102
800,False,4,4125,0.8591043949127197,0.893720211372489
801,False,4,4126,0.8503100872039795,0.8903326218326886
802,False,4,4127,0.8094117641448975,0.8761753486912874
803,False,4,4128,0.8458077907562256,0.9355966530385471
804,False,4,4129,0.8780484199523926,0.8639709901596819
805,False,4,4130,0.8393151760101318,0.8518752299603962
806,False,4,4131,0.8311176300048828,0.9059439312134469
807,False,4,4132,0.864572286605835,0.8839333272051242
808,False,4,4133,0.8536036014556885,0.9303262624002638
809,False,4,4134,0.8599598407745361,0.9542240010840554
810,False,4,4135,0.8044304847717285,0.9284316698710123
811,False,4,4136,0.8614075183868408,0.9021221612180982
812,False,4,4137,0.8487503528594971,0.9605716630106882
813,False,4,4138,0.8469133377075195,0.9123302983740966
814,False,4,4139,0.8114500045776367,0.9226127281075432
815,False,4,4140,0.8464794158935547,0.8699963523873262
816,False,4,4141,0.8627161979675293,0.917884042575246
817,False,4,4142,0.84922194480896,0.9182251649243491
818,False,4,4143,0.8106575012207031,0.9448981139631499
819,False,4,4144,0.8467988967895508,0.9215001584518523
820,False,4,4145,0.8592991828918457,0.9681974468486649
821,False,4,4146,0.8597841262817383,0.9377118001381552
822,False,4,4147,0.8107643127441406,0.9035441002675467
823,False,4,4148,0.8473150730133057,0.9079880473159609
824,False,4,4149,0.8817758560180664,0.8889288148354916
825,False,4,4150,0.844419002532959,0.8885141909122467
826,False,4,4151,0.8455164432525635,0.896500966910805
827,False,4,4152,0.861983060836792,0.8958150403840202
828,False,4,4153,0.8521215915679932,0.9308103220093819
829,False,4,4154,0.86077880859375,0.943866518281755
830,False,4,4155,0.8243296146392822,0.8744256478689967
831,False,4,4156,0.8598001003265381,0.9336492149602799
832,False,4,4157,0.8593411445617676,0.8791302664294127
833,False,4,4158,0.8418827056884766,0.934517284943944
834,False,4,4159,0.8305771350860596,0.8772335385992414
835,False,4,4160,0.8526761531829834,0.8880852572619917
836,False,4,4161,0.8723404407501221,0.8724801554566337
837,False,4,4162,0.863539457321167,0.9015431262197949
838,False,4,4163,0.8270149230957031,0.8906052282878331
839,False,4,4164,0.8839364051818848,0.9745388641243891
840,False,4,4165,0.8513691425323486,0.8497067054822331
841,False,4,4166,0.8650908470153809,0.9238449193182446
842,False,4,4167,0.8741130828857422,0.8683211640233086
843,False,4,4168,0.8467507362365723,0.8545028436042015
844,False,4,4169,0.8612484931945801,0.9312712734653835
845,False,4,4170,0.813948392868042,0.8870878808555149
846,False,4,4171,0.8610191345214844,0.8526268345969064
847,False,4,4172,0.8481554985046387,0.8977609420461312
848,False,4,4173,0.8569729328155518,0.9012618698179723
849,False,4,4174,0.8285772800445557,0.8878795314757599
850,False,4,4175,0.8528540134429932,0.987931594607376
851,False,4,4176,0.8641693592071533,0.8584366836363361
852,False,4,4177,0.8477792739868164,0.8780273092644554
853,False,4,4178,0.8207137584686279,0.874814955606347
854,False,4,4179,0.8431658744812012,0.9358039313838598
855,False,4,4180,0.8665001392364502,0.8589188903570174
856,False,4,4181,0.924187183380127,0.9140062999157681
857,False,4,4182,0.9028964042663574,0.9061206346821217
858,False,4,4183,0.9275686740875244,0.8757043555378915
859,False,4,4184,0.9313945770263672,0.8867570807536445
860,False,4,4185,0.9395654201507568,0.8899374313297724
861,False,4,4186,0.8913061618804932,0.8963710154805866
862,False,4,4187,0.9375040531158447,0.8564824133756614
863,False,4,4188,0.9298536777496338,0.8989112387810434
864,False,4,4189,0.9201407432556152,0.8959629858533541
865,False,4,4190,0.9240972995758057,0.8947313394220102
866,False,4,4191,0.9208395481109619,0.8841117609824454
867,False,4,4192,0.925342321395874,0.8873484688145772
868,False,4,4193,0.9341075420379639,0.9028575235889074
869,False,4,4194,0.9162642955780029,0.9227425626346043
870,False,4,4195,0.9417695999145508,0.8718643149449711
871,False,4,4196,0.9264016151428223,0.8605490553946723
872,False,4,4197,0.8334770202636719,0.9319155003343311
873,False,4,4198,0.8595399856567383,0.898974806070328
874,False,4,4199,0.852379322052002,0.9242026577038422
875,True,4,4200,0.9696044921875,0.8411422996293929
876,False,4,4201,0.8500442504882812,0.9296096029380957
877,False,4,4202,0.8496544361114502,0.8687085158058577
878,False,4,4203,0.884392499923706,0.9160537386224382
879,False,4,4204,0.8484609127044678,0.8985419351430165
880,False,4,4205,0.8499493598937988,0.9284126467648006
881,False,4,4206,0.8567149639129639,0.8807370446267583
882,False,4,4207,0.8454654216766357,0.8716549309236661
883,False,4,4208,0.859511137008667,0.9268623837048099
884,False,4,4209,0.8049895763397217,0.8699602397779622
885,False,4,4210,0.8640940189361572,0.9383457281759808
886,False,4,4211,0.8500001430511475,0.8552156747097063
887,False,4,4212,0.8659944534301758,0.8590936618191855
888,False,4,4213,0.7995634078979492,0.8927569698010173
889,False,4,4214,0.8612635135650635,0.955404200724193
890,False,4,4215,0.8751094341278076,0.839335438751039
891,False,4,4216,0.8586761951446533,0.8956682091312748
892,False,4,4217,0.8068757057189941,0.8867710374650501
893,False,4,4218,0.8620789051055908,0.8971739815814153
894,False,4,4219,0.8425965309143066,0.8989950581675484
895,False,4,4220,0.8558645248413086,0.9280736499599049
896,False,4,4221,0.8213028907775879,0.9149119062792688
897,False,4,4222,0.8517673015594482,0.9216782266185397
898,False,4,4223,0.8863599300384521,0.8717983599220004
899,False,4,4224,0.8455939292907715,0.9257746125970565
900,False,4,4225,0.8251850605010986,0.9510677002725144
901,False,4,4226,0.8609533309936523,0.901717575887839
902,False,4,4227,0.8506753444671631,0.8977935569626945
903,False,4,4228,0.8613193035125732,0.90082249045372
904,False,4,4229,0.807020902633667,0.8942263623078662
905,False,4,4230,0.8569908142089844,0.9142268261029607
906,False,4,4231,0.8514750003814697,0.8813914135098457
907,False,4,4232,0.8536293506622314,0.874927988364583
908,False,4,4233,0.8153157234191895,0.8629591112424221
909,False,4,4234,0.8493001461029053,0.9166407987830186
910,False,4,4235,0.8841521739959717,0.8944249036056653
911,False,4,4236,0.846750020980835,0.8943521311240534
912,False,4,4237,0.8240244388580322,0.8686269624602226
913,False,4,4238,0.8591630458831787,0.8915380353019352
914,False,4,4239,0.8452892303466797,0.9302478327992417
915,False,4,4240,0.8590438365936279,0.8975570657778351
916,False,4,4241,0.799048662185669,0.8898902315469016
917,False,4,4242,0.8590447902679443,0.8421172040204208
918,False,4,4243,0.8464710712432861,0.9163419833140715
919,False,4,4244,0.8755896091461182,0.8819974836494243
920,False,4,4245,0.8219544887542725,0.8857836517549695
921,False,4,4246,0.8499913215637207,0.8989203359399525
922,False,4,4247,0.8619067668914795,0.8826134311301368
923,False,4,4248,0.8497848510742188,0.8774150091977344
924,False,4,4249,0.8131160736083984,0.8900501275701183
925,False,4,4250,0.8834104537963867,0.8793163152322883
926,False,4,4251,0.8669114112854004,0.8931665757582299
927,False,4,4252,0.8514914512634277,0.927058513675417
928,False,4,4253,0.8259377479553223,0.8714141022591366
929,False,4,4254,0.8510956764221191,0.8788417293911889
930,False,4,4255,0.8793284893035889,0.8821522139367606
931,False,4,4256,0.8575124740600586,0.893593389363516
932,False,4,4257,0.8244774341583252,0.9185782954806375
933,False,4,4258,0.8847122192382812,0.8914986926884877
934,False,4,4259,0.8485732078552246,0.8970839604735377
935,False,4,4260,0.8640496730804443,0.9010868029935019
936,False,4,4261,0.8601400852203369,0.941442042234398
937,False,4,4262,0.8488454818725586,0.8814840582864624
938,False,4,4263,0.8656182289123535,0.9193539115644638
939,False,4,4264,0.8293766975402832,0.8764915964787916
940,False,4,4265,0.8521783351898193,0.9180523813480421
941,False,4,4266,0.8526358604431152,0.9148455155747277
942,False,4,4267,0.8485293388366699,0.9504938359771457
943,False,4,4268,0.859689474105835,0.8963631249609448
944,False,4,4269,0.8447022438049316,0.8621607740365325
945,False,4,4270,0.8684532642364502,0.8701274494330088
946,False,4,4271,0.8471195697784424,0.8326691055581682
947,False,4,4272,0.8612949848175049,0.8560183640746841
948,False,4,4273,0.8830838203430176,0.9414797914879661
949,False,4,4274,0.8489689826965332,0.8556221837089175
950,False,4,4275,0.863724946975708,0.838080773750941
951,False,4,4276,0.8002960681915283,0.8442896029778892
952,False,4,4277,0.8596079349517822,0.8606376342830203
953,False,4,4278,0.8574566841125488,0.9341202392464593
954,False,4,4279,0.8789784908294678,0.8520221073357833
955,False,4,4280,0.8139011859893799,0.9604382408516748
956,False,4,4281,0.8481481075286865,0.9124166303802103
957,False,4,4282,0.874575138092041,0.9131045440832771
958,False,4,4283,0.8435764312744141,0.9221265915603865
959,False,4,4284,0.809502363204956,0.8790184090889637
960,False,4,4285,0.8787224292755127,0.8655379116535185
961,False,4,4286,0.866107702255249,0.9620213185747464
962,False,4,4287,0.8480086326599121,0.8805934428459121
963,False,4,4288,0.8200175762176514,0.8862522443135579
964,False,4,4289,0.8420572280883789,0.8904189733522277
965,False,4,4290,0.8627936840057373,0.8967957413267524
966,False,4,4291,0.8617637157440186,0.8411818716142861
967,False,4,4292,0.7973966598510742,0.8954386072499412
968,False,4,4293,0.8699984550476074,0.8716717882170562
969,False,4,4294,0.847672700881958,0.8855628722480365
970,False,4,4295,0.8857285976409912,0.9243624543859845
971,False,4,4296,0.8554203510284424,0.8936332638065021
972,False,4,4297,0.8520474433898926,0.9066271590335031
973,False,4,4298,0.8617672920227051,0.9092888296360061
974,False,4,4299,0.8430831432342529,0.8753813817387535
975,True,4,4300,0.9287240505218506,0.8876611150446391
976,False,4,4301,0.8651115894317627,0.9504856580779665
977,False,4,4302,0.8493857383728027,0.9114042587933088
978,False,4,4303,0.8388454914093018,0.9530865451587097
979,False,4,4304,0.8447706699371338,0.9526548424646969
980,False,4,4305,0.8662152290344238,0.8357343056372233
981,False,4,4306,0.8624472618103027,0.9128631300159862
982,False,4,4307,0.8319017887115479,0.9358272165769623
983,False,4,4308,0.8559672832489014,0.8421381532791115
984,False,4,4309,0.8525223731994629,0.9273783376529101
985,False,4,4310,0.8839313983917236,0.9115322587035952
986,False,4,4311,0.8241226673126221,0.9476562717131205
987,False,4,4312,0.844566822052002,0.8690252114264737
988,False,4,4313,0.8870279788970947,0.9556147193624859
989,False,4,4314,0.8488254547119141,0.8868083616807348
990,False,4,4315,0.8087072372436523,0.9364653350341886
991,False,4,4316,0.8423957824707031,0.8718525898598488
992,False,4,4317,0.8657126426696777,0.8725971199926875
993,False,4,4318,0.8425414562225342,0.9124023914337158
994,False,4,4319,0.8184332847595215,0.9326390361502057
995,False,4,4320,0.861748456954956,0.9846893343187513
996,False,4,4321,0.878957986831665,0.8881171963044574
997,False,4,4322,0.8414173126220703,0.9204467996245338
998,False,4,4323,0.8378355503082275,0.9064418276151021
999,False,4,4324,0.8576674461364746,0.9566891108240401
1000,False,4,4325,0.893953800201416,0.9510162295330137
1001,False,4,4326,0.9362821578979492,0.8425470445127714
1002,False,4,4327,0.8978188037872314,0.8476601741498427
1003,False,4,4328,0.9260280132293701,0.867584323599225
1004,False,4,4329,0.9369757175445557,0.9801278696173712
1005,False,4,4330,0.9182825088500977,0.9063518331164409
1006,False,4,4331,0.9179508686065674,0.9053094500587099
1007,False,4,4332,0.9358618259429932,0.8983039541081305
1008,False,4,4333,0.9095666408538818,0.9390189959889366
1009,False,4,4334,0.9280078411102295,0.9425328732246446
1010,False,4,4335,0.91880202293396,0.9013921398492085
1011,False,4,4336,0.9250435829162598,0.9393727644568398
1012,False,4,4337,0.9342281818389893,0.8745457019124713
1013,False,4,4338,0.9032275676727295,0.9325489859495842
1014,False,4,4339,0.927912712097168,0.8758289898257879
1015,False,4,4340,0.932025671005249,0.9133311183679675
1016,False,4,4341,0.8517618179321289,0.8934974542685918
1017,False,4,4342,0.8402857780456543,0.8946876124966712
1018,False,4,4343,0.8444993495941162,0.8550831221398852
1019,False,4,4344,0.8633198738098145,0.8656900830212092
1020,False,4,4345,0.852370023727417,0.8629916200325604
1021,False,4,4346,0.8473286628723145,0.884751417984565
1022,False,4,4347,0.8734972476959229,0.894382376755987
1023,False,4,4348,0.8498339653015137,0.9165657105899995
1024,False,4,4349,0.8654413223266602,0.9714978245042621
1025,False,4,4350,0.8217275142669678,0.870821441922869
1026,False,4,4351,0.8670961856842041,0.9301941820553371
1027,False,4,4352,0.8448104858398438,0.8349757705415998
1028,False,4,4353,0.8774392604827881,0.8317826611122916
1029,False,4,4354,0.8274972438812256,0.9062855538158192
1030,False,4,4355,0.8697574138641357,0.9178295688969748
1031,False,4,4356,0.847712516784668,0.9080704989887418
1032,False,4,4357,0.8791165351867676,0.934590938190619
1033,False,4,4358,0.8174848556518555,0.9245806662809283
1034,False,4,4359,0.8426971435546875,0.8406914302280971
1035,False,4,4360,0.8646371364593506,0.8627059794962406
1036,False,4,4361,0.8527820110321045,0.8683330682771547
1037,False,4,4362,0.8084464073181152,0.9468790374341466
1038,False,4,4363,0.8515527248382568,0.9776638834958984
1039,False,4,4364,0.8622658252716064,0.8837589653474944
1040,False,4,4365,0.8578212261199951,0.8473321020248391
1041,False,4,4366,0.7939119338989258,0.9230795669413748
1042,False,4,4367,0.8634889125823975,0.8730599376417343
1043,False,4,4368,0.8501198291778564,0.8367399775556156
1044,False,4,4369,0.8871827125549316,0.9101692764531998
1045,False,4,4370,0.8365986347198486,0.86387595250493
1046,False,4,4371,0.8462827205657959,0.8341402180847668
1047,False,4,4372,0.8555431365966797,0.8819315855701765
1048,False,4,4373,0.8397040367126465,0.8898357983146397
1049,False,4,4374,0.8193719387054443,0.8813585149390357
1050,False,4,4375,0.85050368309021,0.8888566832812059
1051,False,4,4376,0.856586217880249,0.8933977555660976
1052,False,4,4377,0.8602404594421387,0.9338149350313915
1053,False,4,4378,0.7951314449310303,0.952927762199016
1054,False,4,4379,0.856431245803833,0.8477079552553948
1055,False,4,4380,0.8464438915252686,0.9185805893724874
1056,False,4,4381,0.8856360912322998,0.8951715766673997
1057,False,4,4382,0.8463952541351318,0.9226006893884566
1058,False,4,4383,0.8515110015869141,0.9776914687383742
1059,False,4,4384,0.860588550567627,0.9082681557961872
1060,False,4,4385,0.8514742851257324,0.9138509311846326
1061,False,4,4386,0.8359596729278564,0.8603936206726799
1062,False,4,4387,0.8485255241394043,0.8381825919662202
1063,False,4,4388,0.8893997669219971,0.914426693604106
1064,False,4,4389,0.8568434715270996,0.8722515180706978
1065,False,4,4390,0.8500058650970459,0.9241496143596516
1066,False,4,4391,0.8475091457366943,0.8698832243680956
1067,False,4,4392,0.8853752613067627,0.8986458354407834
1068,False,4,4393,0.838895320892334,0.9289164133369922
1069,False,4,4394,0.8376033306121826,0.9076744193832081
1070,False,4,4395,0.8862025737762451,0.9291340589878104
1071,False,4,4396,0.8507957458496094,0.8596609742158934
1072,False,4,4397,0.848181962966919,0.954709136769885
1073,False,4,4398,0.8562228679656982,0.8674644451765787
1074,False,4,4399,0.8479535579681396,0.8228000077818123
1075,True,4,4400,0.952073335647583,0.8902885331994012
1076,False,4,4401,0.8116805553436279,0.9491032759348553
1077,False,4,4402,0.8626608848571777,0.9133573855672562
1078,False,4,4403,0.8590919971466064,0.9366675615310668
1079,False,4,4404,0.8490498065948486,0.8885313045410883
1080,False,4,4405,0.8253655433654785,0.8864680320201884
1081,False,4,4406,0.8510541915893555,0.8538869579455683
1082,False,4,4407,0.8703162670135498,0.8995374260204179
1083,False,4,4408,0.8590271472930908,0.8805202272321496
1084,False,4,4409,0.8074216842651367,0.8869607842394284
1085,False,4,4410,0.8842785358428955,0.9079059667530515
1086,False,4,4411,0.8444180488586426,0.9272170638044677
1087,False,4,4412,0.8874409198760986,0.8798066242819741
1088,False,4,4413,0.8659911155700684,0.8892975838056634
1089,False,4,4414,0.8537330627441406,0.959283704913798
1090,False,4,4415,0.8602302074432373,0.8990165506090435
1091,False,4,4416,0.8430883884429932,0.8655387982726095
1092,False,4,4417,0.8569602966308594,0.8815378694839423
1093,False,4,4418,0.8507177829742432,0.8783565947697277
1094,False,4,4419,0.8662257194519043,0.9640048227849459
1095,False,4,4420,0.8517680168151855,0.8329694867134096
1096,False,4,4421,0.8483145236968994,0.8592849084663962
1097,False,4,4422,0.8951175212860107,0.8713188206865673
1098,False,4,4423,0.8266699314117432,0.8701332108605475
1099,False,4,4424,0.8526091575622559,0.8854699528643066
1100,False,4,4425,0.8405373096466064,0.8518117090598458
1101,False,4,4426,0.8838682174682617,0.8810650000259991
1102,False,4,4427,0.8527963161468506,0.8974165423285395
1103,False,4,4428,0.8525516986846924,0.9012862145900727
1104,False,4,4429,0.8540511131286621,0.8919160479591004
1105,False,4,4430,0.8510668277740479,0.8581267989107539
1106,False,4,4431,0.8667750358581543,0.9371928437834695
1107,False,4,4432,0.6445801258087158,0.9289551980438687
0,False,5,4433,0.8248274326324463,0.9253420322423892
1,False,5,4434,0.8794033527374268,0.8402371115627745
2,False,5,4435,0.8472414016723633,0.9042550665991647
3,False,5,4436,0.861682653427124,0.9191932674674761
4,False,5,4437,0.800790548324585,0.9036056530617532
5,False,5,4438,0.8617630004882812,0.8481633255169504
6,False,5,4439,0.8564639091491699,0.8399613604304335
7,False,5,4440,0.8421788215637207,0.8486611140625818
8,False,5,4441,0.830610990524292,0.9027018639303389
9,False,5,4442,0.8495943546295166,0.8865471443250067
10,False,5,4443,0.8884017467498779,0.8620665882314954
11,False,5,4444,0.8546106815338135,0.8632286873956521
12,False,5,4445,0.8038392066955566,0.8808805903508551
13,False,5,4446,0.8613739013671875,0.9518198629929907
14,False,5,4447,0.8649897575378418,0.9145528539305642
15,False,5,4448,0.8495690822601318,0.8621353489302452
16,False,5,4449,0.8098282814025879,0.8870513102128393
17,False,5,4450,0.8440032005310059,0.9226568944397427
18,False,5,4451,0.8594932556152344,0.90879632213286
19,False,5,4452,0.8629875183105469,0.8738807734279403
20,False,5,4453,0.8121569156646729,0.8967143041746956
21,False,5,4454,0.8597819805145264,0.8874375788228852
22,False,5,4455,0.8510239124298096,0.9281239381858282
23,False,5,4456,0.8667068481445312,0.898405339036669
24,False,5,4457,0.8118915557861328,0.9480924240890005
25,False,5,4458,0.8611915111541748,0.8682851408209121
26,False,5,4459,0.8595588207244873,0.8622225356243908
27,False,5,4460,0.8443524837493896,0.8593378081208185
28,False,5,4461,0.8306176662445068,0.8971335916292101
29,False,5,4462,0.8412542343139648,0.872745456440108
30,False,5,4463,0.8593864440917969,0.8521062346796194
31,False,5,4464,0.8444020748138428,0.9048989784149897
32,False,5,4465,0.8399391174316406,0.8963995082747368
33,False,5,4466,0.8849530220031738,0.8697466949621838
34,False,5,4467,0.8481707572937012,0.9078546308335803
35,False,5,4468,0.8668313026428223,0.8541563238416399
36,False,5,4469,0.7946641445159912,0.879765018465973
37,False,5,4470,0.858837366104126,0.8743421066375007
38,False,5,4471,0.8544321060180664,0.9482356246028626
39,False,5,4472,0.8419795036315918,0.874380593498548
40,False,5,4473,0.8233449459075928,0.8339899558396566
41,False,5,4474,0.8507530689239502,0.8611343240454086
42,False,5,4475,0.8607993125915527,0.943691244437581
43,False,5,4476,0.8440845012664795,0.8719813220557714
44,False,5,4477,0.8240735530853271,0.8936005589507875
45,False,5,4478,0.8485760688781738,0.8480172639801389
46,False,5,4479,0.8493814468383789,0.8770845681428907
47,False,5,4480,0.8584532737731934,0.9012177941345031
48,False,5,4481,0.8471684455871582,0.8619714216107413
49,False,5,4482,0.8450064659118652,0.9004437015170142
50,False,5,4483,0.8655838966369629,0.8618363979316893
51,False,5,4484,0.8630096912384033,0.8632248996623924
52,False,5,4485,0.8207008838653564,0.8758999786916234
53,False,5,4486,0.8622357845306396,0.8592204446239131
54,False,5,4487,0.8536548614501953,0.9305884334303082
55,False,5,4488,0.8828842639923096,0.8818146025850659
56,False,5,4489,0.82708740234375,0.8860775196836109
57,False,5,4490,0.8458473682403564,0.8463244647497223
58,False,5,4491,0.8824536800384521,0.888095315013613
59,False,5,4492,0.8477950096130371,0.9239303647052671
60,False,5,4493,0.82071852684021,0.9087716128144945
61,False,5,4494,0.846350908279419,0.8599073407905443
62,False,5,4495,0.8507528305053711,0.8932928434085278
63,False,5,4496,0.85611891746521,0.9486403873278982
64,False,5,4497,0.8112039566040039,0.8789077983016057
65,False,5,4498,0.8595514297485352,0.8589065032345911
66,False,5,4499,0.8490371704101562,0.9045725585449307
67,True,5,4500,0.9731845855712891,0.9197650722094944
68,False,5,4501,0.8530879020690918,0.8873940394038244
69,False,5,4502,0.8492677211761475,0.9070982675822009
70,False,5,4503,0.8928422927856445,0.9412279157411485
71,False,5,4504,0.8324418067932129,0.8562618749482291
72,False,5,4505,0.84840989112854,0.9159797673069296
73,False,5,4506,0.8619248867034912,0.8929612040519713
74,False,5,4507,0.8478407859802246,0.9165754460153125
75,False,5,4508,0.8579676151275635,0.9237471776349204
76,False,5,4509,0.8422174453735352,0.945404978380317
77,False,5,4510,0.8629167079925537,0.8674733503943398
78,False,5,4511,0.8569209575653076,0.918724517204932
79,False,5,4512,0.8700098991394043,0.8663138711736315
80,False,5,4513,0.8727622032165527,0.9120407679251261
81,False,5,4514,0.8482515811920166,0.9030606831823076
82,False,5,4515,0.8677713871002197,0.8721699938178061
83,False,5,4516,0.8400938510894775,0.9210512377321719
84,False,5,4517,0.8540487289428711,0.8996467178776151
85,False,5,4518,0.843217134475708,0.9139817825385503
86,False,5,4519,0.8602724075317383,0.8789402892192205
87,False,5,4520,0.8479135036468506,0.8659826041687103
88,False,5,4521,0.8591976165771484,0.8507648061606146
89,False,5,4522,0.8489282131195068,0.9158883513439269
90,False,5,4523,0.8622794151306152,0.8728149504888627
91,False,5,4524,0.8606023788452148,0.8544590308197907
92,False,5,4525,0.8488137722015381,0.9031796425226188
93,False,5,4526,0.8881878852844238,0.8705060613297282
94,False,5,4527,0.8474621772766113,0.9000536558173953
95,False,5,4528,0.8325703144073486,0.9200519365923744
96,False,5,4529,0.8642010688781738,0.8652354681953076
97,False,5,4530,0.844703197479248,0.9078553741176921
98,False,5,4531,0.8625524044036865,0.8416771033690089
99,False,5,4532,0.8163008689880371,0.9024487524515109
100,False,5,4533,0.8628437519073486,0.8622813253175644
101,False,5,4534,0.8390145301818848,0.8575008660554884
102,False,5,4535,0.8644003868103027,0.8900092822455226
103,False,5,4536,0.8356363773345947,0.9184182392699378
104,False,5,4537,0.8492212295532227,0.8216861287752786
105,False,5,4538,0.8876607418060303,0.8774277127924419
106,False,5,4539,0.8500320911407471,0.869993962702297
107,False,5,4540,0.8107225894927979,0.8736342924336592
108,False,5,4541,0.8522546291351318,0.901061256371793
109,False,5,4542,0.8515138626098633,0.8638294385302635
110,False,5,4543,0.8674788475036621,0.8911899629802931
111,False,5,4544,0.79837965965271,0.9485553134055366
112,False,5,4545,0.8624646663665771,0.9067018145606631
113,False,5,4546,0.8526561260223389,0.8667490556836129
114,False,5,4547,0.8831915855407715,0.8840124419047719
115,False,5,4548,0.8312058448791504,0.8735453970730306
116,False,5,4549,0.8447146415710449,0.9020647988432928
117,False,5,4550,0.8660516738891602,0.8617000139894944
118,False,5,4551,0.8652105331420898,0.8955028418983729
119,False,5,4552,0.8728506565093994,0.8546696074661754
120,False,5,4553,0.9228870868682861,0.9151583633252556
121,False,5,4554,0.9343976974487305,0.8930221636380465
122,False,5,4555,0.9219789505004883,0.8716774029391156
123,False,5,4556,0.9166154861450195,0.8896141404374722
124,False,5,4557,0.9411649703979492,0.8215548196097924
125,False,5,4558,0.9181680679321289,0.8768113837355659
126,False,5,4559,0.9352109432220459,0.8532416146425972
127,False,5,4560,0.9281258583068848,0.8644581087643193
128,False,5,4561,0.9250340461730957,0.8973917964668501
129,False,5,4562,0.9377880096435547,0.8591684564238504
130,False,5,4563,0.9005410671234131,0.8823798919717472
131,False,5,4564,0.930656909942627,0.8902689828759147
132,False,5,4565,0.9386641979217529,0.846814038675456
133,False,5,4566,0.9201767444610596,0.89957699463481
134,False,5,4567,0.9010050296783447,0.8642589985614728
135,False,5,4568,0.8420436382293701,0.8538927164460931
136,False,5,4569,0.8467483520507812,0.8561741324762504
137,False,5,4570,0.8626863956451416,0.9197953992656298
138,False,5,4571,0.8180017471313477,0.8363235692183176
139,False,5,4572,0.8596341609954834,0.8936968348210768
140,False,5,4573,0.8479666709899902,0.954125307855152
141,False,5,4574,0.868110179901123,0.9149504460039595
142,False,5,4575,0.83133864402771,0.875487409088583
143,False,5,4576,0.8488419055938721,0.8252707311794872
144,False,5,4577,0.890125036239624,0.8983754242459935
145,False,5,4578,0.8504927158355713,0.890715908436548
146,False,5,4579,0.8290715217590332,0.8890003313620886
147,False,5,4580,0.843397855758667,0.9368458235902446
148,False,5,4581,0.8527340888977051,0.8966327621823266
149,False,5,4582,0.8675200939178467,0.8674903648595018
150,False,5,4583,0.7934091091156006,0.8832327581587293
151,False,5,4584,0.8879082202911377,0.9045748497758592
152,False,5,4585,0.8594293594360352,0.8739182360115505
153,False,5,4586,0.8638122081756592,0.8983172476291655
154,False,5,4587,0.7914443016052246,0.9218969643115997
155,False,5,4588,0.8844363689422607,0.8703573360329583
156,False,5,4589,0.8439505100250244,0.9025479154217813
157,False,5,4590,0.8948218822479248,0.9037369071018125
158,False,5,4591,0.8593518733978271,0.872792269857157
159,False,5,4592,0.8514578342437744,0.8795490222317833
160,False,5,4593,0.8622786998748779,0.8527294904703184
161,False,5,4594,0.852078914642334,0.8754887634090015
162,False,5,4595,0.8568131923675537,0.9135019090913591
163,False,5,4596,0.8634326457977295,0.8833688032769023
164,False,5,4597,0.8496065139770508,0.8958702039505754
165,False,5,4598,0.8622260093688965,0.9073664723407654
166,False,5,4599,0.8384101390838623,0.8674084622235525
167,True,5,4600,0.9612433910369873,0.8250857433747677
168,False,5,4601,0.8619821071624756,0.9450572303363256
169,False,5,4602,0.8085670471191406,0.8984540708008265
170,False,5,4603,0.8812558650970459,0.9083626589604786
171,False,5,4604,0.8550539016723633,0.8903501464852263
172,False,5,4605,0.8880300521850586,0.864191845148092
173,False,5,4606,0.82932448387146,0.9206040129065515
174,False,5,4607,0.8525819778442383,0.8285312365208354
175,False,5,4608,0.8623046875,0.9067768933517594
176,False,5,4609,0.8471369743347168,0.8987318610861186
177,False,5,4610,0.8251116275787354,0.907300503924489
178,False,5,4611,0.8490395545959473,0.8644077868333885
179,False,5,4612,0.8584976196289062,0.867067565875394
180,False,5,4613,0.8647890090942383,0.9135969167663937
181,False,5,4614,0.80731201171875,0.8910308196431115
182,False,5,4615,0.8826510906219482,0.8625209574543293
183,False,5,4616,0.8492605686187744,0.8340663771544182
184,False,5,4617,0.8623068332672119,0.8763457958896954
185,False,5,4618,0.8181662559509277,0.8722218376185213
186,False,5,4619,0.859619140625,0.8548838576035841
187,False,5,4620,0.8804965019226074,0.8494427846301171
188,False,5,4621,0.8655216693878174,0.893327703788167
189,False,5,4622,0.8255579471588135,0.8812144040351823
190,False,5,4623,0.8623425960540771,0.8969256304914043
191,False,5,4624,0.8565309047698975,0.8568440693474951
192,False,5,4625,0.8437118530273438,0.9247062887464254
193,False,5,4626,0.8300662040710449,0.8640893122979574
194,False,5,4627,0.8484909534454346,0.8531409871010553
195,False,5,4628,0.8800418376922607,0.8583388280655655
196,False,5,4629,0.847693681716919,0.863491551507087
197,False,5,4630,0.8189611434936523,0.911514644821485
198,False,5,4631,0.874420166015625,0.8916142377115431
199,False,5,4632,0.8534061908721924,0.9449696214426132
200,False,5,4633,0.8866317272186279,0.886194857103484
201,False,5,4634,0.8724031448364258,0.9129477749977792
202,False,5,4635,0.8471193313598633,0.8905410039282983
203,False,5,4636,0.8649420738220215,0.8752108585266839
204,False,5,4637,0.8431439399719238,0.8997480812526887
205,False,5,4638,0.8733148574829102,0.8911622603024755
206,False,5,4639,0.8728542327880859,0.8312854777489389
207,False,5,4640,0.8496017456054688,0.8273583741060324
208,False,5,4641,0.857672929763794,0.8270159328267688
209,False,5,4642,0.8447372913360596,0.8950972585451035
210,False,5,4643,0.8632667064666748,0.8530745529347941
211,False,5,4644,0.8464224338531494,0.8886453370962822
212,False,5,4645,0.8549466133117676,0.9116643340814683
213,False,5,4646,0.8726556301116943,0.9005723755274501
214,False,5,4647,0.8513007164001465,0.9071122867365679
215,False,5,4648,0.8619499206542969,0.8820579828960556
216,False,5,4649,0.8005743026733398,0.9043608868405932
217,False,5,4650,0.8591277599334717,0.9206058468137469
218,False,5,4651,0.8483672142028809,0.8763296444501196
219,False,5,4652,0.8792779445648193,0.9003152723113695
220,False,5,4653,0.8464033603668213,0.941927666820231
221,False,5,4654,0.858689546585083,0.8749546188683736
222,False,5,4655,0.8535804748535156,0.8912575399237018
223,False,5,4656,0.8827648162841797,0.9398611493053889
224,False,5,4657,0.8656511306762695,0.8847228774712199
225,False,5,4658,0.847369909286499,0.8184907947267804
226,False,5,4659,0.8607141971588135,0.8697205700335051
227,False,5,4660,0.8457355499267578,0.861283635809308
228,False,5,4661,0.849163293838501,0.8861903186355319
229,False,5,4662,0.8567852973937988,0.8452040959326994
230,False,5,4663,0.849614143371582,0.9106665152524199
231,False,5,4664,0.8629097938537598,0.8941835014238245
232,False,5,4665,0.8334639072418213,0.8869417621975854
233,False,5,4666,0.8663299083709717,0.8843857376348405
234,False,5,4667,0.8532228469848633,0.8865460026122276
235,False,5,4668,0.865659236907959,0.903952368313358
236,False,5,4669,0.8588039875030518,0.8772839272306079
237,False,5,4670,0.8539948463439941,0.864024829651628
238,False,5,4671,0.8766965866088867,0.8840916965688976
239,False,5,4672,0.8319754600524902,0.8980420824317705
240,False,5,4673,0.8589835166931152,0.9224842476348082
241,False,5,4674,0.8577075004577637,0.8608584011949245
242,False,5,4675,0.8511688709259033,0.9331442713737488
243,False,5,4676,0.8578019142150879,0.9177892903486887
244,False,5,4677,0.8184049129486084,0.8665925421352899
245,False,5,4678,0.8573739528656006,0.8562102523587998
246,False,5,4679,0.8478975296020508,0.8897738570258727
247,False,5,4680,0.8683056831359863,0.9122932212693351
248,False,5,4681,0.8524236679077148,0.8757935150393419
249,False,5,4682,0.8435697555541992,0.8774173515183585
250,False,5,4683,0.8728823661804199,0.8788612754572008
251,False,5,4684,0.8282186985015869,0.8432913649649848
252,False,5,4685,0.8563442230224609,0.877767580250899
253,False,5,4686,0.8481168746948242,0.8271909340151719
254,False,5,4687,0.8657398223876953,0.8924875422602608
255,False,5,4688,0.8485424518585205,0.8622355886868067
256,False,5,4689,0.8569319248199463,0.9149454406329562
257,False,5,4690,0.8558588027954102,0.9184091135504701
258,False,5,4691,0.8549964427947998,0.8665078051743055
259,False,5,4692,0.8610451221466064,0.8673163709186372
260,False,5,4693,0.8380327224731445,0.9123549283969971
261,False,5,4694,0.8745734691619873,0.8420412845554807
262,False,5,4695,0.8418612480163574,0.881290602542105
263,False,5,4696,0.8650515079498291,0.8424284557501475
264,False,5,4697,0.8756487369537354,0.841274151489848
265,False,5,4698,0.8431463241577148,0.8777713903359005
266,False,5,4699,0.8620877265930176,0.8402241450690087
267,True,5,4700,0.8784236907958984,0.8766955413988657
268,False,5,4701,0.8615179061889648,0.8670707581830875
269,False,5,4702,0.8609912395477295,0.9249651279477846
270,False,5,4703,0.8458318710327148,0.8735476794342201
271,False,5,4704,0.8796710968017578,0.8435878232121468
272,False,5,4705,0.9071943759918213,0.8578825667500494
273,False,5,4706,0.9208037853240967,0.8588857324350448
274,False,5,4707,0.9060852527618408,0.8662765785342171
275,False,5,4708,0.8994879722595215,0.9497750869819098
276,False,5,4709,0.9102315902709961,0.871665928601509
277,False,5,4710,0.912846565246582,0.8666300894249053
278,False,5,4711,0.9083616733551025,0.8360543996982631
279,False,5,4712,0.9067232608795166,0.8733564214337439
280,False,5,4713,0.9222366809844971,0.8845305203327112
281,False,5,4714,0.9175136089324951,0.8127447396871591
282,False,5,4715,0.9085628986358643,0.8627487584238962
283,False,5,4716,0.9095630645751953,0.9064395718631292
284,False,5,4717,0.9130103588104248,0.898759309734617
285,False,5,4718,0.8859531879425049,0.8758860312047458
286,False,5,4719,0.9261858463287354,0.8607861715413271
287,False,5,4720,0.9040329456329346,0.8623300950442042
288,False,5,4721,0.9012103080749512,0.8464519764695849
289,False,5,4722,0.9244048595428467,0.8265662785796891
290,False,5,4723,0.9111819267272949,0.8568763724040416
291,False,5,4724,0.9245524406433105,0.9013648199893181
292,False,5,4725,0.8924968242645264,0.8614289874122257
293,False,5,4726,0.911177396774292,0.842437713983513
294,False,5,4727,0.9222257137298584,0.9213896031890597
295,False,5,4728,0.8951480388641357,0.8505327167610327
296,False,5,4729,0.924020528793335,0.8869282809041794
297,False,5,4730,0.9020309448242188,0.8635113592303932
298,False,5,4731,0.8945755958557129,0.8462393949074405
299,False,5,4732,0.9212284088134766,0.8671340463416919
300,False,5,4733,0.8863112926483154,0.8626573124811763
301,False,5,4734,0.9273040294647217,0.9009854130092122
302,False,5,4735,0.920682430267334,0.865055484076341
303,False,5,4736,0.8943464756011963,0.8720659487659024
304,False,5,4737,0.9246370792388916,0.8737717717885973
305,False,5,4738,0.8921515941619873,0.8598569638672329
306,False,5,4739,0.9104864597320557,0.8252276707263219
307,False,5,4740,0.9232561588287354,0.903098505167734
308,False,5,4741,0.9009792804718018,0.9416794266019551
309,False,5,4742,0.9236307144165039,0.8601185477205686
310,False,5,4743,0.917212963104248,0.8328459329370939
311,False,5,4744,0.8961565494537354,0.8520472415146373
312,False,5,4745,0.9261744022369385,0.8465404106037956
313,False,5,4746,0.88352370262146,0.8012426845019772
314,False,5,4747,0.9199111461639404,0.8841106384283021
315,False,5,4748,0.9205906391143799,0.8397483147148574
316,False,5,4749,0.8986797332763672,0.8407499300582065
317,False,5,4750,0.9242603778839111,0.9351060177598679
318,False,5,4751,0.8914401531219482,0.8583533643257047
319,False,5,4752,0.9026310443878174,0.8948319994267964
320,False,5,4753,0.9278359413146973,0.8400211564841724
321,False,5,4754,0.8989686965942383,0.8224873975628898
322,False,5,4755,0.9234132766723633,0.8535267313321433
323,False,5,4756,0.914625883102417,0.8844624019804455
324,False,5,4757,0.9085381031036377,0.8725841190843353
325,False,5,4758,0.9097414016723633,0.8374926297082788
326,False,5,4759,0.9106545448303223,0.8286629359991777
327,False,5,4760,0.9204447269439697,0.8769099249371461
328,False,5,4761,0.9083147048950195,0.8653502343665986
329,False,5,4762,0.9183099269866943,0.8929629914817355
330,False,5,4763,0.9141750335693359,0.8438386354772819
331,False,5,4764,0.888237476348877,0.8799432466427486
332,False,5,4765,0.9000453948974609,0.8839709783593813
333,False,5,4766,0.9060027599334717,0.8717361319632758
334,False,5,4767,0.8959152698516846,0.8756180795885269
335,False,5,4768,0.9217567443847656,0.8871729808549088
336,False,5,4769,0.9042484760284424,0.8460565379687719
337,False,5,4770,0.9101259708404541,0.8560202072064083
338,False,5,4771,0.9202580451965332,0.8629322860922133
339,False,5,4772,0.8959228992462158,0.8899624368974142
340,False,5,4773,0.9261260032653809,0.8694133258291654
341,False,5,4774,0.9167523384094238,0.8366619674932391
342,False,5,4775,0.8912274837493896,0.849664211627983
343,False,5,4776,0.923163652420044,0.8663660834232966
344,False,5,4777,0.8928987979888916,0.9869278917709984
345,False,5,4778,0.9097459316253662,0.8646454498881386
346,False,5,4779,0.924321174621582,0.8371746224306882
347,False,5,4780,0.8921008110046387,0.8344278995479859
348,False,5,4781,0.9201805591583252,0.7937100962513968
349,False,5,4782,0.9222416877746582,0.8684862986916587
350,False,5,4783,0.8922772407531738,0.8497997493970961
351,False,5,4784,0.9184417724609375,0.8942110268842606
352,False,5,4785,0.8932487964630127,0.8439138829708098
353,False,5,4786,0.9206509590148926,0.866094844681876
354,False,5,4787,0.91562819480896,0.8273789485295614
355,False,5,4788,0.8994147777557373,0.8221535833463783
356,False,5,4789,0.9112753868103027,0.8560452876346449
357,False,5,4790,0.9093878269195557,0.8943428851309277
358,False,5,4791,0.929844856262207,0.8720340402353377
359,False,5,4792,0.9103879928588867,0.8659388848713466
360,False,5,4793,0.9165451526641846,0.8609531841107779
361,False,5,4794,0.917407751083374,0.8621622714258376
362,False,5,4795,0.889150857925415,0.8604538192351658
363,False,5,4796,0.914048433303833,0.8663577022297041
364,False,5,4797,0.9099829196929932,0.9139882652532487
365,False,5,4798,0.9065842628479004,0.8657385330824625
366,False,5,4799,0.9190247058868408,0.8693425811472393
367,True,5,4800,0.9206702709197998,0.8798450004486811
368,False,5,4801,0.8307271003723145,0.8173304875159548
369,False,5,4802,0.8574843406677246,0.8873776917656261
370,False,5,4803,0.842064619064331,0.8669200702792125
371,False,5,4804,0.8628313541412354,0.8013185972259158
372,False,5,4805,0.8235337734222412,0.8916505529057412
373,False,5,4806,0.8586416244506836,0.912141041386695
374,False,5,4807,0.8557040691375732,0.8627259706457459
375,False,5,4808,0.9181005954742432,0.924003809601778
376,False,5,4809,0.9154133796691895,0.9084294459649495
377,False,5,4810,0.9226663112640381,0.8774716433669839
378,False,5,4811,0.9345743656158447,0.8464889356068203
379,False,5,4812,0.9372527599334717,0.9155740769846099
380,False,5,4813,0.8908183574676514,0.8585101781146866
381,False,5,4814,0.9370787143707275,0.8884054975850242
382,False,5,4815,0.9244191646575928,0.8757911810562725
383,False,5,4816,0.9256446361541748,0.9190947037367592
384,False,5,4817,0.908787727355957,0.8375862638155618
385,False,5,4818,0.9286453723907471,0.9092586388190588
386,False,5,4819,0.9415163993835449,0.9140925205179624
387,False,5,4820,0.9318046569824219,0.8535912505217961
388,False,5,4821,0.9348201751708984,0.8635949790477753
389,False,5,4822,0.9345531463623047,0.8786341288969631
390,False,5,4823,0.9202771186828613,0.893220247612113
391,False,5,4824,0.8409643173217773,0.9004508753617608
392,False,5,4825,0.8435461521148682,0.8499183722195172
393,False,5,4826,0.864539623260498,0.8843774027412848
394,False,5,4827,0.862830638885498,0.8478923947328615
395,False,5,4828,0.8269081115722656,0.8943150721135592
396,False,5,4829,0.8578357696533203,0.8993157400261789
397,False,5,4830,0.8517906665802002,0.8373937328301724
398,False,5,4831,0.8898515701293945,0.8591236823371478
399,False,5,4832,0.8232283592224121,0.864362270349548
400,False,5,4833,0.8506205081939697,0.8920705708719434
401,False,5,4834,0.884890079498291,0.8708639606123877
402,False,5,4835,0.8457472324371338,0.8416013471072629
403,False,5,4836,0.8211064338684082,0.8615532893510093
404,False,5,4837,0.8587086200714111,0.8742348956210274
405,False,5,4838,0.8484025001525879,0.858539757274446
406,False,5,4839,0.8607029914855957,0.8518205114773342
407,False,5,4840,0.8026211261749268,0.8819070678381693
408,False,5,4841,0.8661885261535645,0.8203255559007325
409,False,5,4842,0.8609268665313721,0.908782480373269
410,False,5,4843,0.8544719219207764,0.8800476328248069
411,False,5,4844,0.8101117610931396,0.8618307628092311
412,False,5,4845,0.8483185768127441,0.9209125425134383
413,False,5,4846,0.8759608268737793,0.8263539052790118
414,False,5,4847,0.8456237316131592,0.8333652046109948
415,False,5,4848,0.8126904964447021,0.8669195100665094
416,False,5,4849,0.8839108943939209,0.8083912182067121
417,False,5,4850,0.8494794368743896,0.8744932193131676
418,False,5,4851,0.8612418174743652,0.8507597478372712
419,False,5,4852,0.8092606067657471,0.8644510502261777
420,False,5,4853,0.8646202087402344,0.8771665415593555
421,False,5,4854,0.8506410121917725,0.8675700986669176
422,False,5,4855,0.8813571929931641,0.8342325045239355
423,False,5,4856,0.8377869129180908,0.8661729608263289
424,False,5,4857,0.8674547672271729,0.9199065519940286
425,False,5,4858,0.850135326385498,0.8722911537403152
426,False,5,4859,0.8813245296478271,0.8623675650783948
427,False,5,4860,0.8638613224029541,0.8792141331803232
428,False,5,4861,0.8531625270843506,0.8118972774772416
429,False,5,4862,0.8886599540710449,0.8583961931012924
430,False,5,4863,0.8252153396606445,0.8698904379492713
431,False,5,4864,0.8575856685638428,0.8957058382885797
432,False,5,4865,0.8764464855194092,0.8251835946880638
433,False,5,4866,0.8509926795959473,0.8751839292900901
434,False,5,4867,0.8326766490936279,0.8465240430973826
435,False,5,4868,0.8527076244354248,0.8539293916629894
436,False,5,4869,0.8607840538024902,0.8229094871452878
437,False,5,4870,0.8599860668182373,0.8176213747688701
438,False,5,4871,0.8517909049987793,0.8222354879336699
439,False,5,4872,0.8406286239624023,0.8589805903888884
440,False,5,4873,0.8484225273132324,0.857304830458902
441,False,5,4874,0.8767616748809814,0.8626517312867299
442,False,5,4875,0.8431365489959717,0.8450103779988629
443,False,5,4876,0.8678760528564453,0.9143340882091292
444,False,5,4877,0.8557963371276855,0.8725625496535074
445,False,5,4878,0.8510603904724121,0.8101570544143518
446,False,5,4879,0.8656866550445557,0.8579796245765119
447,False,5,4880,0.854482889175415,0.8173479090134304
448,False,5,4881,0.8642127513885498,0.9036724120378493
449,False,5,4882,0.8421669006347656,0.8421203437305633
450,False,5,4883,0.8680844306945801,0.9081947239381927
451,False,5,4884,0.8782987594604492,0.8147409215924287
452,False,5,4885,0.8560624122619629,0.871542961824508
453,False,5,4886,0.8518416881561279,0.8655304724261873
454,False,5,4887,0.8259704113006592,0.8727347625508194
455,False,5,4888,0.8568778038024902,0.8093527786078908
456,False,5,4889,0.8545787334442139,0.9072785515870367
457,False,5,4890,0.8484759330749512,0.8099758795329504
458,False,5,4891,1.2176306247711182,0.9094834476709366
459,False,5,4892,1.214623212814331,0.8139446661585852
460,False,5,4893,1.2101948261260986,0.857307062883462
461,False,5,4894,1.2344627380371094,0.84628484894832
462,False,5,4895,1.232374906539917,0.9036068398328055
463,False,5,4896,1.2086334228515625,0.8261523463186764
464,False,5,4897,1.2077422142028809,0.9217247246276764
465,False,5,4898,1.21258544921875,0.8395500885588784
466,False,5,4899,1.2298598289489746,0.8515661226674205
467,True,5,4900,1.3375191688537598,0.8334345235711051
468,False,5,4901,1.1964247226715088,0.9060287660076506
469,False,5,4902,1.2074806690216064,0.8956096704517094
470,False,5,4903,1.1892249584197998,0.8583981565066744
471,False,5,4904,1.2107093334197998,0.9349684154703505
472,False,5,4905,1.182957410812378,0.8081008218938395
473,False,5,4906,1.2292001247406006,0.8373392158675761
474,False,5,4907,1.225717544555664,0.8670192573751723
475,False,5,4908,1.2100040912628174,0.8821474537253379
476,False,5,4909,1.1858136653900146,0.8615749025096495
477,False,5,4910,1.227553129196167,0.9044871032238004
478,False,5,4911,1.2283618450164795,0.855102274389494
479,False,5,4912,1.1545319557189941,0.8539925579513822
480,False,5,4913,1.210967779159546,0.7753290152620702
481,False,5,4914,1.2106130123138428,0.9158262823309217
482,False,5,4915,1.1811225414276123,0.85046021427427
483,False,5,4916,1.1889622211456299,0.8228691110298748
484,False,5,4917,1.219768762588501,0.8590972288733436
485,False,5,4918,1.2285921573638916,0.9492975445020767
486,False,5,4919,1.2102923393249512,0.8863307762713659
487,False,5,4920,1.164670467376709,0.8551722803995723
488,False,5,4921,1.2296266555786133,0.8655624020667302
489,False,5,4922,1.2220001220703125,0.8475565112062864
490,False,5,4923,1.1806721687316895,0.8200056879293351
491,False,5,4924,1.2026057243347168,0.8640300611122733
492,False,5,4925,1.2225456237792969,0.8569430038332941
493,False,5,4926,1.2113449573516846,0.844516310308661
494,False,5,4927,1.2062571048736572,0.8546250348999387
495,False,5,4928,1.269458532333374,0.8754456309335571
496,False,5,4929,1.278726577758789,0.8181368407039415
497,False,5,4930,1.2732911109924316,0.8545332714205697
498,False,5,4931,1.2442042827606201,0.8371481581458022
499,False,5,4932,1.2647387981414795,0.8600223025395758
500,False,5,4933,1.2750499248504639,0.8542082912865139
501,False,5,4934,1.2666826248168945,0.8734245073227653
502,False,5,4935,1.239825963973999,0.8981159485521772
503,False,5,4936,1.2801587581634521,0.8730372616222927
504,False,5,4937,1.2909572124481201,0.8504066680158886
505,False,5,4938,1.273099422454834,0.8902910341109548
506,False,5,4939,1.221001148223877,0.8777570192302976
507,False,5,4940,1.2895700931549072,0.8795445509964512
508,False,5,4941,1.2892944812774658,0.8995655052186479
509,False,5,4942,1.2545888423919678,0.9163907021284105
510,False,5,4943,1.251404047012329,0.8671192406188875
511,False,5,4944,1.23480224609375,0.8591437889706521
512,False,5,4945,1.230546474456787,0.9028894241367067
513,False,5,4946,1.1847929954528809,0.8234365798887753
514,False,5,4947,1.2107746601104736,0.8942110297225769
515,False,5,4948,1.1863350868225098,0.8493160711867467
516,False,5,4949,1.2089295387268066,0.8533342253594168
517,False,5,4950,1.1888096332550049,0.8307589718273707
518,False,5,4951,1.2103691101074219,0.9126364553258531
519,False,5,4952,1.2251427173614502,0.8735941222735812
520,False,5,4953,1.203202724456787,0.8720910045362654
521,False,5,4954,1.1658825874328613,0.8502422811552173
522,False,5,4955,1.2251644134521484,0.8713011754055819
523,False,5,4956,1.2310545444488525,0.8853609796081272
524,False,5,4957,1.1529426574707031,0.8838260723721414
525,False,5,4958,1.210179328918457,0.8215968154725574
526,False,5,4959,1.2337596416473389,0.8923191623318762
527,False,5,4960,1.2188522815704346,0.8635220797288986
528,False,5,4961,1.1941719055175781,0.8749921506359466
529,False,5,4962,1.210651159286499,0.8279957029791104
530,False,5,4963,1.192145824432373,0.8800549150577612
531,False,5,4964,1.2162716388702393,0.8724494271335147
532,False,5,4965,1.173736572265625,0.8219264738616491
533,False,5,4966,1.229217290878296,0.8861859596910928
534,False,5,4967,1.2301561832427979,0.8406160899571009
535,False,5,4968,1.1825335025787354,0.8943503186816261
536,False,5,4969,1.211564302444458,0.843643460600149
537,False,5,4970,1.226170539855957,0.8626418638797035
538,False,5,4971,1.2331640720367432,0.8525099874961944
539,False,5,4972,1.188610315322876,0.8837759590574673
540,False,5,4973,1.2118024826049805,0.9070338982911337
541,False,5,4974,1.1947011947631836,0.8130063313458648
542,False,5,4975,1.2094652652740479,0.8511929042814742
543,False,5,4976,1.1961822509765625,0.8426107852941468
544,False,5,4977,1.2084083557128906,0.8752960200820651
545,False,5,4978,1.2300662994384766,0.8423034367816788
546,False,5,4979,1.1975655555725098,0.8462903786982808
547,False,5,4980,1.1622295379638672,0.9047717253367107
548,False,5,4981,1.2108523845672607,0.8586741673449674
549,False,5,4982,1.2292652130126953,0.8521016821974801
550,False,5,4983,1.197402000427246,0.894681777095511
551,False,5,4984,1.2098093032836914,0.8897966011649087
552,False,5,4985,1.2215046882629395,0.8902177335250943
553,False,5,4986,1.2297656536102295,0.8608540346225103
554,False,5,4987,1.1890625953674316,0.7928204256154241
555,False,5,4988,1.2161664962768555,0.835863479546138
556,False,5,4989,1.1884944438934326,0.8733763201605704
557,False,5,4990,1.2128899097442627,0.8550719874245779
558,False,5,4991,1.1977283954620361,0.8245048485696316
559,False,5,4992,1.20477294921875,0.9071679849709784
560,False,5,4993,1.2282829284667969,0.8270936672176633
561,False,5,4994,1.1927261352539062,0.8296216669536772
562,False,5,4995,1.1549522876739502,0.8127849165882383
563,False,5,4996,1.2205591201782227,0.8337789958431606
564,False,5,4997,1.2354116439819336,0.8451615259760903
565,False,5,4998,1.175572156906128,0.8416162949232829
566,False,5,4999,1.2166454792022705,0.8634410968848638
567,True,5,5000,1.3472278118133545,0.8911725254285903
568,False,5,5001,1.2345213890075684,0.8299160325633628
569,False,5,5002,1.204653024673462,0.856509824416467
570,False,5,5003,1.2075152397155762,0.8297945097798392
571,False,5,5004,1.2003531455993652,0.8713233978265809
572,False,5,5005,1.2144041061401367,0.8705244408476921
573,False,5,5006,1.2038588523864746,0.862049027567818
574,False,5,5007,1.2147328853607178,0.8624126567017463
575,False,5,5008,1.192145824432373,0.9198130092450552
576,False,5,5009,1.2093019485473633,0.8182794827790486
577,False,5,5010,1.1707649230957031,0.8667338870110965
578,False,5,5011,1.209364652633667,0.8503022059975637
579,False,5,5012,1.2280657291412354,0.8602153836261659
580,False,5,5013,1.2027711868286133,0.8786338251971063
581,False,5,5014,1.2077031135559082,0.8577994557008854
582,False,5,5015,1.2033798694610596,0.855241329719623
583,False,5,5016,1.2261769771575928,0.879119506194478
584,False,5,5017,1.1537926197052002,0.8728544241970495
585,False,5,5018,1.207381248474121,0.8074330251131738
586,False,5,5019,1.219203233718872,0.820756379337538
587,False,5,5020,1.2138032913208008,0.8678357551495236
588,False,5,5021,1.211348056793213,0.8582519413459866
589,False,5,5022,1.2125909328460693,0.8396701958207857
590,False,5,5023,1.227327823638916,0.8814038350468589
591,False,5,5024,1.2132892608642578,0.8662707610499292
592,False,5,5025,1.2157526016235352,0.8542907718746435
593,False,5,5026,1.213881492614746,0.8782131391621771
594,False,5,5027,1.2305121421813965,0.7979254302169597
595,False,5,5028,1.2252914905548096,0.8474120528747637
596,False,5,5029,1.2109808921813965,0.8739979817044167
597,False,5,5030,1.2111093997955322,0.8619307467625256
598,False,5,5031,1.212198257446289,0.8340371942945888
599,False,5,5032,1.2213351726531982,0.8216553419118836
600,False,5,5033,1.2076964378356934,0.9048770282949719
601,False,5,5034,1.2055118083953857,0.8564682340338119
602,False,5,5035,1.2078793048858643,0.8248145062299002
603,False,5,5036,1.1577093601226807,0.8947027637844994
604,False,5,5037,1.2121679782867432,0.8596779466384934
605,False,5,5038,1.2313036918640137,0.8467111310788563
606,False,5,5039,1.2148480415344238,0.8740588937486921
607,False,5,5040,1.2108285427093506,0.8932588150103885
608,False,5,5041,1.2021784782409668,0.906911438064916
609,False,5,5042,1.2077083587646484,0.8223909405725345
610,False,5,5043,1.226181983947754,0.8635481684690429
611,False,5,5044,1.2065484523773193,0.8997305532296498
612,False,5,5045,1.2151899337768555,0.8717880128394991
613,False,5,5046,1.2684485912322998,0.8410390672229585
614,False,5,5047,1.2620928287506104,0.8648643571706045
615,False,5,5048,1.2816760540008545,0.8366552105262167
616,False,5,5049,1.2807421684265137,0.8495721870235036
617,False,5,5050,1.2911796569824219,0.8635850144284112
618,False,5,5051,1.2641222476959229,0.8431224067296299
619,False,5,5052,1.2755541801452637,0.8419213674607731
620,False,5,5053,1.199995517730713,0.8777694503466288
621,False,5,5054,1.2245264053344727,0.8654441244545438
622,False,5,5055,1.2130253314971924,0.8828229052679878
623,False,5,5056,1.20729660987854,0.8693257983596552
624,False,5,5057,1.1645545959472656,0.8685417998404729
625,False,5,5058,1.2305891513824463,0.8982870330413181
626,False,5,5059,1.2112934589385986,0.8880810631172997
627,False,5,5060,1.2111122608184814,0.8578593149071647
628,False,5,5061,1.2095997333526611,0.8729050113331706
629,False,5,5062,1.2338006496429443,0.8497157951905614
630,False,5,5063,1.2091739177703857,0.8617343072380339
631,False,5,5064,1.2081413269042969,0.8439816473317998
632,False,5,5065,1.221120834350586,0.8368212204603922
633,False,5,5066,1.226999044418335,0.8602449642050833
634,False,5,5067,1.2098736763000488,0.8922708893106097
635,False,5,5068,1.1468722820281982,0.8718807346054486
636,False,5,5069,1.227158784866333,0.8970461548084304
637,False,5,5070,1.2110912799835205,0.8685169915358224
638,False,5,5071,1.2123961448669434,0.8833594393162498
639,False,5,5072,1.1951251029968262,0.8532362005540304
640,False,5,5073,1.2327120304107666,0.9067888522431964
641,False,5,5074,1.2152867317199707,0.8856657644112906
642,False,5,5075,1.193448543548584,0.8467178786439556
643,False,5,5076,1.2088050842285156,0.9034870591546809
644,False,5,5077,1.2212722301483154,0.8647033479951676
645,False,5,5078,1.2099416255950928,0.8737054428174382
646,False,5,5079,1.1930897235870361,0.8949671928726488
647,False,5,5080,1.2238562107086182,0.8424117685783477
648,False,5,5081,1.249025821685791,0.8727650340823899
649,False,5,5082,1.2899796962738037,0.8553224170491809
650,False,5,5083,1.2500019073486328,0.8797217919712976
651,False,5,5084,1.296924352645874,0.9239078887871335
652,False,5,5085,1.2962048053741455,0.840676970602501
653,False,5,5086,1.253847360610962,0.8316006658687479
654,False,5,5087,1.2809274196624756,0.8397098290068763
655,False,5,5088,1.301339864730835,0.8845579913329512
656,False,5,5089,1.292551040649414,0.8384892376405854
657,False,5,5090,1.2681059837341309,0.8496661324586187
658,False,5,5091,1.284696340560913,0.8460419099955331
659,False,5,5092,1.277519941329956,0.84811561838502
660,False,5,5093,1.2861430644989014,0.8467014353899729
661,False,5,5094,1.2573890686035156,0.8566999910842806
662,False,5,5095,1.2782773971557617,0.8895088327782493
663,False,5,5096,1.3341851234436035,0.8537434461925711
664,False,5,5097,1.1984302997589111,0.8518375937959979
665,False,5,5098,1.1610898971557617,0.8782851522167524
666,False,5,5099,1.2166059017181396,0.8436930999159813
667,True,5,5100,1.3652336597442627,0.8501293943041848
668,False,5,5101,1.2087364196777344,0.8517107339132401
669,False,5,5102,1.2132139205932617,0.8554970526269504
670,False,5,5103,1.2110660076141357,0.8884093374723481
671,False,5,5104,1.2124345302581787,0.8703576741474015
672,False,5,5105,1.219682216644287,0.8280081575115522
673,False,5,5106,1.209439754486084,0.8557366345609936
674,False,5,5107,1.1867666244506836,0.8610539473593233
675,False,5,5108,1.216416597366333,0.8989859982615426
676,False,5,5109,1.1880040168762207,0.8798765369824002
677,False,5,5110,1.211820125579834,0.8407585457676933
678,False,5,5111,1.2169077396392822,0.8848265874243918
679,False,5,5112,1.215588092803955,0.8634079957292194
680,False,5,5113,1.2121376991271973,0.8919734156557492
681,False,5,5114,1.2164702415466309,0.8509606626771744
682,False,5,5115,1.1947226524353027,0.8691372360501972
683,False,5,5116,1.23179292678833,0.8968727744760968
684,False,5,5117,1.212623119354248,0.8609266302415303
685,False,5,5118,1.2069244384765625,0.8490539853061948
686,False,5,5119,1.213413953781128,0.8455958373489834
687,False,5,5120,1.2423052787780762,0.8649483365671976
688,False,5,5121,1.2115683555603027,0.8949684898058574
689,False,5,5122,1.2111594676971436,0.8437598833725566
690,False,5,5123,1.2149617671966553,0.8736537639938652
691,False,5,5124,1.200286865234375,0.9361850537714503
692,False,5,5125,1.2089283466339111,0.8616711983368509
693,False,5,5126,1.196504831314087,0.8818060837331273
694,False,5,5127,1.2387254238128662,0.8682916774636221
695,False,5,5128,1.22654390335083,0.8265823228728204
696,False,5,5129,1.2111587524414062,0.8726110907182805
697,False,5,5130,1.1933660507202148,0.8444571516343526
698,False,5,5131,1.2278058528900146,0.8476032508271082
699,False,5,5132,1.227203130722046,0.861364158136504
700,False,5,5133,1.1677181720733643,0.822576920191447
701,False,5,5134,1.212665319442749,0.8792857307763325
702,False,5,5135,1.2168946266174316,0.8491040876223928
703,False,5,5136,1.2136437892913818,0.8523260961685863
704,False,5,5137,1.1909418106079102,0.8256457680392832
705,False,5,5138,1.2139918804168701,0.8302979322061652
706,False,5,5139,1.2319927215576172,0.830342643495117
707,False,5,5140,1.2017040252685547,0.8551342334775698
708,False,5,5141,1.1439745426177979,0.844878479128792
709,False,5,5142,1.2309842109680176,0.8467748713280474
710,False,5,5143,1.226623296737671,0.8008785758699689
711,False,5,5144,1.1844918727874756,0.82588615162032
712,False,5,5145,1.209455966949463,0.8709427377297765
713,False,5,5146,1.2316193580627441,0.932651953683013
714,False,5,5147,1.2201321125030518,0.9077661527054649
715,False,5,5148,1.1750736236572266,0.8392229122774942
716,False,5,5149,1.2204310894012451,0.872056696741354
717,False,5,5150,1.2279934883117676,0.8539210660826589
718,False,5,5151,1.210930585861206,0.8449689894914627
719,False,5,5152,1.185497760772705,0.8395235762000084
720,False,5,5153,1.219731092453003,0.853742767834947
721,False,5,5154,1.236618995666504,0.9087967879715421
722,False,5,5155,1.2097792625427246,0.8416461440778914
723,False,5,5156,1.1533129215240479,0.8737541124934242
724,False,5,5157,1.2372314929962158,0.8401026580305325
725,False,5,5158,1.2327508926391602,0.8201514331712609
726,False,5,5159,1.1753952503204346,0.9284996305193218
727,False,5,5160,1.215911865234375,0.8461973942106679
728,False,5,5161,1.2319424152374268,0.8015851030747098
729,False,5,5162,1.2364404201507568,0.8349959949652356
730,False,5,5163,1.187694787979126,0.8099898467106478
731,False,5,5164,1.204329490661621,0.9016281359252475
732,False,5,5165,1.1818361282348633,0.8001326359808444
733,False,5,5166,1.2124009132385254,0.8558914952334904
734,False,5,5167,1.1770989894866943,0.8644318727865107
735,False,5,5168,1.2197937965393066,0.8232621479602089
736,False,5,5169,1.2334003448486328,0.8743141144514085
737,False,5,5170,1.2027506828308105,0.8149518643816311
738,False,5,5171,1.2098071575164795,0.8325340323859736
739,False,5,5172,1.2172110080718994,0.8732155038132554
740,False,5,5173,1.2298812866210938,0.8685377871706373
741,False,5,5174,1.1451411247253418,0.8646521864547617
742,False,5,5175,1.206883192062378,0.8508800938725473
743,False,5,5176,1.2386200428009033,0.8114646538382485
744,False,5,5177,1.2244954109191895,0.8296211446147589
745,False,5,5178,1.1891186237335205,0.8247851764871961
746,False,5,5179,1.213341236114502,0.8561807402099175
747,False,5,5180,1.2313649654388428,0.8524821766075633
748,False,5,5181,1.2089004516601562,0.8461234431181636
749,False,5,5182,1.2137510776519775,0.8190616083641846
750,False,5,5183,1.2077791690826416,0.8117742914529072
751,False,5,5184,1.2274222373962402,0.7842322910825412
752,False,5,5185,1.2005236148834229,0.878274613370498
753,False,5,5186,1.2112088203430176,0.8658684605643863
754,False,5,5187,1.213454246520996,0.8887142847691265
755,False,5,5188,1.232494831085205,0.885579163652091
756,False,5,5189,1.1489226818084717,0.8467296498517194
757,False,5,5190,1.2129590511322021,0.8414026656675906
758,False,5,5191,1.2180969715118408,0.8554932020959399
759,False,5,5192,1.2311031818389893,0.8167366130011423
760,False,5,5193,1.2147200107574463,0.835241265062775
761,False,5,5194,1.2104177474975586,0.9552262028058369
762,False,5,5195,1.1974825859069824,0.8771424499296006
763,False,5,5196,1.2136430740356445,0.8758603384097415
764,False,5,5197,1.1571762561798096,0.8221841603517531
765,False,5,5198,1.2083072662353516,0.8551201415913444
766,False,5,5199,1.2318527698516846,0.8895344077831224
767,True,5,5200,1.328845739364624,0.863963155874184
768,False,5,5201,1.1866178512573242,0.9079748232449805
769,False,5,5202,1.2234673500061035,0.9064689243123646
770,False,5,5203,1.207643747329712,0.8451354040631226
771,False,5,5204,1.21994948387146,0.8871107424298925
772,False,5,5205,1.2102913856506348,0.8690085616849719
773,False,5,5206,1.211512804031372,0.9637234913451332
774,False,5,5207,1.2078664302825928,0.8990602390397162
775,False,5,5208,1.1469178199768066,0.8219566941261294
776,False,5,5209,1.2142672538757324,0.910413445461364
777,False,5,5210,1.2297923564910889,0.8613436226511286
778,False,5,5211,1.2167086601257324,0.9357113433735711
779,False,5,5212,1.2144887447357178,0.8536509257696921
780,False,5,5213,1.2131519317626953,0.8673675954341888
781,False,5,5214,1.2217605113983154,0.8280241957732609
782,False,5,5215,1.2258024215698242,0.8631270024038498
783,False,5,5216,1.2643356323242188,0.8274087228235746
784,False,5,5217,1.2056772708892822,0.8883272015622685
785,False,5,5218,1.2116656303405762,0.8504962254138221
786,False,5,5219,1.1670539379119873,0.8861553924424307
787,False,5,5220,1.2125115394592285,0.8651270611832539
788,False,5,5221,1.2171947956085205,0.8863218259953318
789,False,5,5222,1.213303565979004,0.8296933489009031
790,False,5,5223,1.210451364517212,0.8312430770269461
791,False,5,5224,1.210594892501831,0.8723915751491276
792,False,5,5225,1.2095365524291992,0.8236964146296182
793,False,5,5226,1.2306544780731201,0.8578843403430211
794,False,5,5227,1.202681303024292,0.8585291739021026
795,False,5,5228,1.2065396308898926,0.8485074692538807
796,False,5,5229,1.1950266361236572,0.8977740108966827
797,False,5,5230,1.1522190570831299,0.8357321854148592
798,False,5,5231,1.210542917251587,0.8443178779312542
799,False,5,5232,1.2331655025482178,0.8499804830976895
800,False,5,5233,1.1943342685699463,0.8420265111185254
801,False,5,5234,1.206024169921875,0.8518896415120076
802,False,5,5235,1.2067725658416748,0.8539092185951414
803,False,5,5236,1.2301161289215088,0.888535310824712
804,False,5,5237,1.2222809791564941,0.8705766727881773
805,False,5,5238,1.2161953449249268,0.8703299860159556
806,False,5,5239,1.1736693382263184,0.8829671011439392
807,False,5,5240,1.215484380722046,0.9038643475089755
808,False,5,5241,1.2144176959991455,0.9025353736111097
809,False,5,5242,1.2108547687530518,0.845588469434352
810,False,5,5243,1.2103393077850342,0.8562602138235456
811,False,5,5244,1.2169559001922607,0.871129032756601
812,False,5,5245,1.1919288635253906,0.811207299431165
813,False,5,5246,1.2112464904785156,0.8576526687968345
814,False,5,5247,1.2299635410308838,0.8721783322592577
815,False,5,5248,1.2162325382232666,0.8687095760944346
816,False,5,5249,1.2424988746643066,0.8807956556833926
817,False,5,5250,1.211441993713379,0.9163232275417872
818,False,5,5251,1.2194032669067383,0.8758901712440307
819,False,5,5252,1.2275950908660889,0.8213644079154446
820,False,5,5253,1.2071232795715332,0.8092611950068249
821,False,5,5254,1.207029104232788,0.8310061813819976
822,False,5,5255,1.2113938331604004,0.8651372102044877
823,False,5,5256,1.1821043491363525,0.8889148526248476
824,False,5,5257,1.2066421508789062,0.8228713926814852
825,False,5,5258,1.223222255706787,0.907552651706196
826,False,5,5259,1.2184298038482666,0.8406380791039694
827,False,5,5260,1.212792158126831,0.8822171177182878
828,False,5,5261,1.2150943279266357,0.8856646595966248
829,False,5,5262,1.2136919498443604,0.8446333230960936
830,False,5,5263,1.2308645248413086,0.8546918552546271
831,False,5,5264,1.2137870788574219,0.8536664471030234
832,False,5,5265,1.2141036987304688,0.8621807587998254
833,False,5,5266,1.213174819946289,0.8320765768488246
834,False,5,5267,1.1981089115142822,0.8642032558009738
835,False,5,5268,1.209155797958374,0.884833780250379
836,False,5,5269,1.1861364841461182,0.8702441858393807
837,False,5,5270,1.2276134490966797,0.8370288305339358
838,False,5,5271,1.2071428298950195,0.8770518583201227
839,False,5,5272,1.2112908363342285,0.9135563231649854
840,False,5,5273,1.1723804473876953,0.8355935875858579
841,False,5,5274,1.2282025814056396,0.8711974120565823
842,False,5,5275,1.2189481258392334,0.8454955851747876
843,False,5,5276,1.1649878025054932,0.8790659773207848
844,False,5,5277,1.2108654975891113,0.8655726405836288
845,False,5,5278,1.1948761940002441,0.8480361368329751
846,False,5,5279,1.2265887260437012,0.8921207054739906
847,False,5,5280,1.2111144065856934,0.8891003798870815
848,False,5,5281,1.248617172241211,0.8498539780931813
849,False,5,5282,1.2162199020385742,0.8567668133903119
850,False,5,5283,1.2146379947662354,0.8340272860867637
851,False,5,5284,1.2045814990997314,0.9022813517422905
852,False,5,5285,1.2293329238891602,0.8837981678190686
853,False,5,5286,1.212266206741333,0.8914199231990745
854,False,5,5287,1.2148792743682861,0.861777340727193
855,False,5,5288,1.2077302932739258,0.8783105434406372
856,False,5,5289,1.2340435981750488,0.8261220937683469
857,False,5,5290,1.218674898147583,0.8122083328309514
858,False,5,5291,1.1815605163574219,0.8512929741825377
859,False,5,5292,1.2139780521392822,0.8997252317411558
860,False,5,5293,1.1824562549591064,0.862223920368013
861,False,5,5294,1.2093253135681152,0.8451198057404586
862,False,5,5295,1.212888479232788,0.8935685015860058
863,False,5,5296,1.2272112369537354,0.8319267314814386
864,False,5,5297,1.2042958736419678,0.817356083187319
865,False,5,5298,1.2056798934936523,0.8736181283990542
866,False,5,5299,1.1908981800079346,0.8488195112773349
867,True,5,5300,1.3597297668457031,0.9832495649655659
868,False,5,5301,1.236025333404541,0.8480908107899484
869,False,5,5302,1.1919443607330322,0.8291884327218645
870,False,5,5303,1.2113959789276123,0.8431403587261838
871,False,5,5304,1.2456588745117188,0.8148909644002005
872,False,5,5305,1.2795090675354004,0.9154033373509136
873,False,5,5306,1.1916508674621582,0.8520255291036198
874,False,5,5307,1.2110989093780518,0.8158157180462563
875,False,5,5308,1.1725432872772217,0.8947125329148203
876,False,5,5309,1.208103895187378,0.8289434844184489
877,False,5,5310,1.1860713958740234,0.9001714668813208
878,False,5,5311,1.2170696258544922,0.8677590845951012
879,False,5,5312,1.2370805740356445,0.8726782834246045
880,False,5,5313,1.215195894241333,0.8864561819604462
881,False,5,5314,1.181239366531372,0.8656153373775026
882,False,5,5315,1.2141201496124268,0.8231198081658
883,False,5,5316,1.2302227020263672,0.8166436914886747
884,False,5,5317,1.1962721347808838,0.8348906622046515
885,False,5,5318,1.2102329730987549,0.8285114101710773
886,False,5,5319,1.2122523784637451,0.8931713451941807
887,False,5,5320,1.2384369373321533,0.81671482501995
888,False,5,5321,1.143110752105713,0.8680428160088404
889,False,5,5322,1.2130043506622314,0.8996407666376659
890,False,5,5323,1.2284221649169922,0.8459677462066922
891,False,5,5324,1.2209091186523438,0.8444233107424918
892,False,5,5325,1.1925878524780273,0.8745280663881984
893,False,5,5326,1.2058179378509521,0.8737075516865367
894,False,5,5327,1.2309613227844238,0.813642295343535
895,False,5,5328,1.2081377506256104,0.8610731398775464
896,False,5,5329,1.2102885246276855,0.8732995554095221
897,False,5,5330,1.2132947444915771,0.8930713452753569
898,False,5,5331,1.2179524898529053,0.8696046184216225
899,False,5,5332,1.2049949169158936,0.8184207310634
900,False,5,5333,1.1872639656066895,0.8585038319939658
901,False,5,5334,1.2165966033935547,0.799055268899316
902,False,5,5335,1.2330286502838135,0.7995080083963416
903,False,5,5336,1.1595301628112793,0.8493206188792274
904,False,5,5337,1.2127695083618164,0.8370284555213791
905,False,5,5338,1.2235488891601562,0.8687431475236302
906,False,5,5339,1.2320153713226318,0.8484224753365629
907,False,5,5340,1.2117609977722168,0.8138507173529692
908,False,5,5341,1.2104010581970215,0.8643117674759457
909,False,5,5342,1.1879379749298096,0.840706281363964
910,False,5,5343,1.2160420417785645,0.8074435886173021
911,False,5,5344,1.1552748680114746,0.816237732590664
912,False,5,5345,1.2167398929595947,0.8398851550051145
913,False,5,5346,1.2320780754089355,0.9097026061444053
914,False,5,5347,1.1913621425628662,0.8759133986064368
915,False,5,5348,1.2153499126434326,0.8535371899959588
916,False,5,5349,1.2173771858215332,0.8419599676770824
917,False,5,5350,1.2397053241729736,0.8664484499465852
918,False,5,5351,1.2352983951568604,0.8362744427507831
919,False,5,5352,1.217409372329712,0.8714787513017654
920,False,5,5353,1.1729302406311035,0.7973236242930095
921,False,5,5354,1.21482515335083,0.8256531968003228
922,False,5,5355,1.1989643573760986,0.8589970270792644
923,False,5,5356,1.2244374752044678,0.8801813370415146
924,False,5,5357,1.2341079711914062,0.8513070146242778
925,False,5,5358,1.1975691318511963,0.830488061266286
926,False,5,5359,1.193680763244629,0.8700934396613211
927,False,5,5360,1.2165560722351074,0.8536662033626012
928,False,5,5361,1.2319257259368896,0.7985905039878117
929,False,5,5362,1.1570839881896973,0.846928342112473
930,False,5,5363,1.2187297344207764,0.8888088063824745
931,False,5,5364,1.2242817878723145,0.856515660172417
932,False,5,5365,1.2327983379364014,0.9014806804202852
933,False,5,5366,1.2038085460662842,0.8735875700201307
934,False,5,5367,1.2109394073486328,0.8295332807160559
935,False,5,5368,1.1969048976898193,0.8293490505644253
936,False,5,5369,1.2055103778839111,0.843312839134818
937,False,5,5370,1.1468071937561035,0.8581177333281155
938,False,5,5371,1.212275505065918,0.7998131724695363
939,False,5,5372,1.233485221862793,0.8543067680937901
940,False,5,5373,1.181086778640747,0.875567324991737
941,False,5,5374,1.2075793743133545,0.8631724770225228
942,False,5,5375,1.2337532043457031,0.8604315647057125
943,False,5,5376,1.2364857196807861,0.8611652389878318
944,False,5,5377,1.1975853443145752,0.8795663398646172
945,False,5,5378,1.2187528610229492,0.8924550123157957
946,False,5,5379,1.2250239849090576,0.9014966871057237
947,False,5,5380,1.2044341564178467,0.8948557181727317
948,False,5,5381,1.185680627822876,0.8355670727434613
949,False,5,5382,1.2151644229888916,0.8666234914036023
950,False,5,5383,1.2324583530426025,0.8836800895986103
951,False,5,5384,1.184316873550415,0.8497317078567685
952,False,5,5385,1.2068068981170654,0.8656877598592214
953,False,5,5386,1.21815824508667,0.8423369023061935
954,False,5,5387,1.2316067218780518,0.830496474390938
955,False,5,5388,1.193802833557129,0.8403828921062605
956,False,5,5389,1.2140390872955322,0.9240349020276749
957,False,5,5390,1.1846435070037842,0.856432736274742
958,False,5,5391,1.2162084579467773,0.8229764279510293
959,False,5,5392,1.2119715213775635,0.8200043054918448
960,False,5,5393,1.2198688983917236,0.8610984193427221
961,False,5,5394,1.2219316959381104,0.8604354348388457
962,False,5,5395,1.21431565284729,0.8786937817931173
963,False,5,5396,1.2063868045806885,0.839268258994534
964,False,5,5397,1.2121167182922363,0.833499051630497
965,False,5,5398,1.2359344959259033,0.8346114360860416
966,False,5,5399,1.1738417148590088,0.8440569454715365
967,True,5,5400,1.3462693691253662,0.8241965246519872
968,False,5,5401,1.2148184776306152,0.8567757425563678
969,False,5,5402,1.204176902770996,0.8618761513914381
970,False,5,5403,1.2336981296539307,0.8670359764780315
971,False,5,5404,1.2206664085388184,0.8703930541163399
972,False,5,5405,1.2101924419403076,0.8550716613729795
973,False,5,5406,1.2128171920776367,0.8543089228194385
974,False,5,5407,1.2340037822723389,0.8509341102270853
975,False,5,5408,1.2147538661956787,0.8639809742924712
976,False,5,5409,1.1898069381713867,0.8276117582406315
977,False,5,5410,1.2352585792541504,0.8407358232708204
978,False,5,5411,1.2012927532196045,0.9089654048993475
979,False,5,5412,1.2120954990386963,0.842910779551381
980,False,5,5413,1.1606576442718506,0.8921857015008019
981,False,5,5414,1.229064702987671,0.8568230595971856
982,False,5,5415,1.238698959350586,0.8666171133518218
983,False,5,5416,1.2081890106201172,0.9029328400890031
984,False,5,5417,1.2418794631958008,0.8361597068253017
985,False,5,5418,1.2321152687072754,0.8340862592061361
986,False,5,5419,1.2248735427856445,0.8414574897005445
987,False,5,5420,1.1923117637634277,0.9048645918567976
988,False,5,5421,1.2172703742980957,0.8037587902730422
989,False,5,5422,1.181992769241333,0.8542961857858158
990,False,5,5423,1.2124810218811035,0.8419311500730969
991,False,5,5424,1.191260814666748,0.8039952317873638
992,False,5,5425,1.2139854431152344,0.8731671011164076
993,False,5,5426,1.2292544841766357,0.8509824609472638
994,False,5,5427,1.2153432369232178,0.8278809033689045
995,False,5,5428,1.1572349071502686,0.8407895341515541
996,False,5,5429,1.2303731441497803,0.8399466105869837
997,False,5,5430,1.233851432800293,0.8556352573491278
998,False,5,5431,1.1524617671966553,0.7956783789254371
999,False,5,5432,1.2157208919525146,0.8514802525086062
1000,False,5,5433,1.2322287559509277,0.8535956669421423
1001,False,5,5434,1.2211172580718994,0.8270581495903787
1002,False,5,5435,1.189802885055542,0.8315938547963186
1003,False,5,5436,1.2130651473999023,0.8209639010684832
1004,False,5,5437,1.182372808456421,0.8845066492046627
1005,False,5,5438,1.214857578277588,0.8448199551729929
1006,False,5,5439,1.186835765838623,0.8053075593142284
1007,False,5,5440,1.2213375568389893,0.839036643859886
1008,False,5,5441,1.2358787059783936,0.8105513143042723
1009,False,5,5442,1.2098360061645508,0.8715263938619976
1010,False,5,5443,1.1713709831237793,0.8784648898456779
1011,False,5,5444,1.2350242137908936,0.8461638055298301
1012,False,5,5445,1.233170747756958,0.874780936610131
1013,False,5,5446,1.1551198959350586,0.8435697278806139
1014,False,5,5447,1.2152941226959229,0.846843547586884
1015,False,5,5448,1.2357068061828613,0.8808993604921159
1016,False,5,5449,1.2215971946716309,0.8692911096981591
1017,False,5,5450,1.2176337242126465,0.8278728347449076
1018,False,5,5451,1.2484328746795654,0.8303500357128326
1019,False,5,5452,1.1663258075714111,0.905175784514064
1020,False,5,5453,1.2132391929626465,0.8539798694352307
1021,False,5,5454,1.1892931461334229,0.8325062010969434
1022,False,5,5455,1.230018138885498,0.8115707666036628
1023,False,5,5456,1.2353465557098389,0.8881969522862206
1024,False,5,5457,1.2057342529296875,0.8492023338164604
1025,False,5,5458,1.2137408256530762,0.8068289590023812
1026,False,5,5459,1.224043369293213,0.8015176868509677
1027,False,5,5460,1.2321107387542725,0.7969277593351546
1028,False,5,5461,1.1733653545379639,0.8298117474076294
1029,False,5,5462,1.1949951648712158,0.8290540834977513
1030,False,5,5463,1.2353363037109375,0.7999335080385208
1031,False,5,5464,1.2183938026428223,0.8203105883938926
1032,False,5,5465,1.1913681030273438,0.851388766652062
1033,False,5,5466,1.216137170791626,0.8648613528126761
1034,False,5,5467,1.238417148590088,0.8315194249153136
1035,False,5,5468,1.2144386768341064,0.9050694693412098
1036,False,5,5469,1.2073392868041992,0.8579815611952827
1037,False,5,5470,1.2171082496643066,0.8261336978702319
1038,False,5,5471,1.2287797927856445,0.8330289698427631
1039,False,5,5472,1.206430435180664,0.8780677268902463
1040,False,5,5473,1.2108020782470703,0.8410146562826067
1041,False,5,5474,1.2098479270935059,0.8335617958080203
1042,False,5,5475,1.2369027137756348,0.8350247921688216
1043,False,5,5476,1.1587152481079102,0.8765266172233082
1044,False,5,5477,1.2155570983886719,0.8116849052409333
1045,False,5,5478,1.2108557224273682,0.8257678392387573
1046,False,5,5479,1.2278823852539062,0.8244003254388059
1047,False,5,5480,1.2224807739257812,0.8221773004957608
1048,False,5,5481,1.254274606704712,0.8431282016847815
1049,False,5,5482,1.1838061809539795,0.8390102288907484
1050,False,5,5483,1.2155396938323975,0.8172529753120172
1051,False,5,5484,1.2152869701385498,0.8476664324601493
1052,False,5,5485,1.2098159790039062,0.8426150690232006
1053,False,5,5486,1.2085764408111572,0.8651315825326102
1054,False,5,5487,1.2103996276855469,0.8555698075464795
1055,False,5,5488,1.170658826828003,0.8436311188907851
1056,False,5,5489,1.216676950454712,0.8638774883889018
1057,False,5,5490,1.2305817604064941,0.8441796157331695
1058,False,5,5491,1.2015857696533203,0.8396854677370614
1059,False,5,5492,1.2155463695526123,0.8363038819460642
1060,False,5,5493,1.2137045860290527,0.8726621266631853
1061,False,5,5494,1.228891372680664,0.821234921614329
1062,False,5,5495,1.2223105430603027,0.8261056764140017
1063,False,5,5496,1.2183692455291748,0.8000337169283912
1064,False,5,5497,1.2135446071624756,0.8329097257838363
1065,False,5,5498,1.2069716453552246,0.8473225697165444
1066,False,5,5499,1.2155086994171143,0.8127530956906932
1067,True,5,5500,1.3355276584625244,0.8294235066998573
1068,False,5,5501,1.2046873569488525,0.7924821435340812
1069,False,5,5502,1.2098374366760254,0.8754146666753859
1070,False,5,5503,1.2290115356445312,0.8120036918137755
1071,False,5,5504,1.2111427783966064,0.9111224799638704
1072,False,5,5505,1.1890244483947754,0.8468303510120935
1073,False,5,5506,1.2119250297546387,0.8366737809209597
1074,False,5,5507,1.2342374324798584,0.8149057896364303
1075,False,5,5508,1.2166216373443604,0.8180260221873011
1076,False,5,5509,1.1353859901428223,0.9015180071194965
1077,False,5,5510,1.229452133178711,0.8512773960828782
1078,False,5,5511,1.217343807220459,0.8188016492696036
1079,False,5,5512,1.2029759883880615,0.8519944715357961
1080,False,5,5513,1.2467396259307861,0.8388775441618194
1081,False,5,5514,1.2352526187896729,0.8721835311679612
1082,False,5,5515,1.2258796691894531,0.8306422222937855
1083,False,5,5516,1.17132568359375,0.8030983472154254
1084,False,5,5517,1.2119042873382568,0.8152814677783422
1085,False,5,5518,1.2339444160461426,0.8563632716735204
1086,False,5,5519,1.2099213600158691,0.8203721775540284
1087,False,5,5520,1.196995735168457,0.8185945960382621
1088,False,5,5521,1.209179401397705,0.8379641480389096
1089,False,5,5522,1.2054574489593506,0.798818703208651
1090,False,5,5523,1.209371566772461,0.8303274168145086
1091,False,5,5524,1.1770637035369873,0.8398182292779286
1092,False,5,5525,1.2323412895202637,0.8298096619546413
1093,False,5,5526,1.2338311672210693,0.85081815497861
1094,False,5,5527,1.1909823417663574,0.8441537732169742
1095,False,5,5528,1.2101764678955078,0.8645494555433592
1096,False,5,5529,1.221874475479126,0.8713362983294898
1097,False,5,5530,1.2317478656768799,0.8178414858522869
1098,False,5,5531,1.187096357345581,0.943648881855465
1099,False,5,5532,1.2124671936035156,0.8331973212105888
1100,False,5,5533,1.1779768466949463,0.827093029660838
1101,False,5,5534,1.2083539962768555,0.8360089186046807
1102,False,5,5535,1.1856420040130615,0.8512038042147954
1103,False,5,5536,1.2154128551483154,0.8161436835569995
1104,False,5,5537,1.237856149673462,0.8377741898099581
1105,False,5,5538,1.2115914821624756,0.8173561647002185
1106,False,5,5539,1.1689026355743408,0.8235318144517284
1107,False,5,5540,0.9442040920257568,0.8579920945422992
0,False,6,5541,0.8474717140197754,0.8764899330479757
1,False,6,5542,0.8391134738922119,0.8478928556044897
2,False,6,5543,0.8749032020568848,0.9247941577008794
3,False,6,5544,0.8482978343963623,0.8355157673358918
4,False,6,5545,0.8679149150848389,0.8421591092788039
5,False,6,5546,0.807725191116333,0.8253890985534305
6,False,6,5547,0.8657131195068359,0.8515614453880561
7,False,6,5548,0.9084022045135498,0.8956970810180619
8,False,6,5549,0.9046931266784668,0.7679499087943917
9,False,6,5550,0.9154102802276611,0.8582604201067062
10,False,6,5551,0.9099476337432861,0.8542690152923266
11,False,6,5552,0.90342116355896,0.8242033063655807
12,False,6,5553,0.9210681915283203,0.8313168184388253
13,False,6,5554,0.9098269939422607,0.8715980840580804
14,False,6,5555,0.9004795551300049,0.8968471572512673
15,False,6,5556,0.9216442108154297,0.8538896136340641
16,False,6,5557,0.8922533988952637,0.8738191555298509
17,False,6,5558,0.9049179553985596,0.8670847164023492
18,False,6,5559,0.9131624698638916,0.8151543864182064
19,False,6,5560,0.9112091064453125,0.8047858261991113
20,False,6,5561,0.9133646488189697,0.8349718996101902
21,False,6,5562,0.9211647510528564,0.8624515100604014
22,False,6,5563,0.9143805503845215,0.7988765230845836
23,False,6,5564,0.913712739944458,0.8128462933181296
24,False,6,5565,0.905658483505249,0.8345320900636062
25,False,6,5566,0.9002232551574707,0.8404948503843377
26,False,6,5567,0.9321732521057129,0.9298017525247164
27,False,6,5568,0.9132630825042725,0.8183865277540117
28,False,6,5569,0.9130773544311523,0.808813299806345
29,False,6,5570,0.9132583141326904,0.8353820930989018
30,False,6,5571,0.9192585945129395,0.8694514703182947
31,False,6,5572,0.9137287139892578,0.8632430246188527
32,False,6,5573,0.9069147109985352,0.8430404966431003
33,False,6,5574,0.9198369979858398,0.8818339329390299
34,False,6,5575,0.8988590240478516,0.8349477127194405
35,False,6,5576,0.9031753540039062,0.8459905096817586
36,False,6,5577,0.9474649429321289,0.8766338569777352
37,False,6,5578,0.929542064666748,0.8449910911066191
38,False,6,5579,0.9156298637390137,0.8565625080040522
39,False,6,5580,0.9110629558563232,0.8448804824479991
40,False,6,5581,0.915015697479248,0.9003097060180845
41,False,6,5582,0.9183263778686523,0.8235004430725461
42,False,6,5583,0.8885645866394043,0.8075671717524527
43,False,6,5584,0.9149994850158691,0.8625951466106234
44,False,6,5585,0.9059834480285645,0.8292513106550488
45,False,6,5586,0.908240556716919,0.8021015005097504
46,False,6,5587,0.9212062358856201,0.8378487612519947
47,False,6,5588,0.8993930816650391,0.842863260457913
48,False,6,5589,0.9145908355712891,0.899628943985417
49,False,6,5590,0.9137606620788574,0.8169956154056957
50,False,6,5591,0.8873522281646729,0.8498630239849998
51,False,6,5592,0.9215142726898193,0.7969662570172829
52,False,6,5593,0.9039702415466309,0.8821371630543754
53,False,6,5594,0.9138987064361572,0.8491823009791826
54,False,6,5595,0.9294164180755615,0.8270234650089627
55,False,6,5596,0.9077739715576172,0.8200345578647795
56,False,6,5597,0.906059741973877,0.8204239464941478
57,False,6,5598,0.9220857620239258,0.8077881517154831
58,False,6,5599,0.9157662391662598,0.7920395213933218
59,True,6,5600,0.9959895610809326,0.8351736416419345
60,False,6,5601,0.9215395450592041,0.8576761668636687
61,False,6,5602,0.9085049629211426,0.8296140418166206
62,False,6,5603,0.907942533493042,0.8387201126842271
63,False,6,5604,0.904442548751831,0.8110388247739699
64,False,6,5605,0.8991882801055908,0.847379548209054
65,False,6,5606,0.9073030948638916,0.9003920494800522
66,False,6,5607,0.9077603816986084,0.8066262290591287
67,False,6,5608,0.9058136940002441,0.8295779980364301
68,False,6,5609,0.9114561080932617,0.8195125876615446
69,False,6,5610,0.9131546020507812,0.8488490975328855
70,False,6,5611,0.9091477394104004,0.8180835807607286
71,False,6,5612,0.9068434238433838,0.8351077927010401
72,False,6,5613,0.9192025661468506,0.8257778861692975
73,False,6,5614,0.9084699153900146,0.8403488103122936
74,False,6,5615,0.9140551090240479,0.8303094541742688
75,False,6,5616,0.9052832126617432,0.8894286336643356
76,False,6,5617,0.8978159427642822,0.8240374209625382
77,False,6,5618,0.9406890869140625,0.8680126890540123
78,False,6,5619,0.9275600910186768,0.8235284547720637
79,False,6,5620,0.9158973693847656,0.8098766230756327
80,False,6,5621,0.9215238094329834,0.7887859052668016
81,False,6,5622,0.8917829990386963,0.7866492221752803
82,False,6,5623,0.9238431453704834,0.8250439855314435
83,False,6,5624,0.912358283996582,0.8508225610213621
84,False,6,5625,0.91680908203125,0.8390317695836227
85,False,6,5626,0.918889045715332,0.8314394800081141
86,False,6,5627,0.9050214290618896,0.8648517862671897
87,False,6,5628,0.9173736572265625,0.8244870491325854
88,False,6,5629,0.90059494972229,0.8564914461402667
89,False,6,5630,0.9105734825134277,0.8301656802761411
90,False,6,5631,0.9094736576080322,0.8107028990274383
91,False,6,5632,0.8986408710479736,0.9039868215719858
92,False,6,5633,0.918614387512207,0.8146354442551023
93,False,6,5634,0.9108669757843018,0.8416499346494674
94,False,6,5635,0.9317488670349121,0.8613228308303014
95,False,6,5636,0.919097900390625,0.8127138305987631
96,False,6,5637,0.9056775569915771,0.8760240897536277
97,False,6,5638,0.9084644317626953,0.8646318266789119
98,False,6,5639,0.9226429462432861,0.8334192881981531
99,False,6,5640,0.8902037143707275,0.8280480543062799
100,False,6,5641,0.9193377494812012,0.8687209284731321
101,False,6,5642,0.9021317958831787,0.8027726422463146
102,False,6,5643,0.9170355796813965,0.8209578662312457
103,False,6,5644,0.8497333526611328,0.7591403745824382
104,False,6,5645,0.8280613422393799,0.8491104429676418
105,False,6,5646,0.8679931163787842,0.8349157096374602
106,False,6,5647,0.8469512462615967,0.8501884114174615
107,False,6,5648,0.8803155422210693,0.8643384731951215
108,False,6,5649,0.8727924823760986,0.8128884887056692
109,False,6,5650,0.8470516204833984,0.8582969666236924
110,False,6,5651,0.865485429763794,0.8582097157126382
111,False,6,5652,0.8264491558074951,0.8159636241339502
112,False,6,5653,0.8576681613922119,0.8238517461078506
113,False,6,5654,0.8613405227661133,0.8635337005058924
114,False,6,5655,0.8497264385223389,0.777787485647769
115,False,6,5656,0.845517635345459,0.7910516112155858
116,False,6,5657,0.8372642993927002,0.8088186826734315
117,False,6,5658,0.885340690612793,0.8828811326197215
118,False,6,5659,0.8427207469940186,0.8171022683382033
119,False,6,5660,0.8295679092407227,0.8087785050627732
120,False,6,5661,0.8623838424682617,0.8363103458569163
121,False,6,5662,0.8789305686950684,0.8702685357559296
122,False,6,5663,0.848238468170166,0.8315551316454296
123,False,6,5664,0.8271844387054443,0.8535954340228014
124,False,6,5665,0.901869535446167,0.919506652014596
125,False,6,5666,0.8917691707611084,0.8448275984043168
126,False,6,5667,0.9083008766174316,0.8348262785446076
127,False,6,5668,0.836097240447998,0.8630841835623696
128,False,6,5669,0.8603079319000244,0.8509802644451457
129,False,6,5670,0.8625679016113281,0.8191280922009831
130,False,6,5671,0.8565127849578857,0.8155864285571235
131,False,6,5672,0.8170740604400635,0.8392300690923417
132,False,6,5673,0.8449842929840088,0.8667592995223545
133,False,6,5674,0.8656060695648193,0.7927123350756509
134,False,6,5675,0.8623137474060059,0.8626236090702669
135,False,6,5676,0.7953300476074219,0.8007854851228849
136,False,6,5677,0.8824388980865479,0.8345217491899217
137,False,6,5678,0.8488898277282715,0.8337671346962447
138,False,6,5679,0.8879597187042236,0.8349413430052145
139,False,6,5680,0.8632175922393799,0.8749526178552992
140,False,6,5681,0.8539986610412598,0.8448661828324908
141,False,6,5682,0.8659026622772217,0.8698975330307368
142,False,6,5683,0.8417558670043945,0.8542755927358354
143,False,6,5684,0.8881790637969971,0.8255692993601164
144,False,6,5685,0.890143632888794,0.839582521734493
145,False,6,5686,0.845390796661377,0.8227955832013063
146,False,6,5687,0.8363771438598633,0.8484906281034152
147,False,6,5688,0.8418984413146973,0.8369079762626261
148,False,6,5689,0.8623404502868652,0.8496710523253393
149,False,6,5690,0.8505637645721436,0.8275993410497903
150,False,6,5691,0.8607532978057861,0.8231280453148341
151,False,6,5692,0.9161388874053955,0.8290844123278346
152,False,6,5693,0.8916268348693848,0.8512388013658069
153,False,6,5694,0.904308557510376,0.77841632822085
154,False,6,5695,0.8145365715026855,0.8440309816173146
155,False,6,5696,0.8581297397613525,0.8369005677245912
156,False,6,5697,0.8459494113922119,0.7822317151086672
157,False,6,5698,0.856774091720581,0.8534251064771697
158,False,6,5699,0.8014318943023682,0.8539730651038033
159,True,6,5700,0.9530012607574463,0.8510940788047655
160,False,6,5701,0.860206127166748,0.8516704922630675
161,False,6,5702,0.8479304313659668,0.788819911756686
162,False,6,5703,0.83876633644104,0.8464536913448857
163,False,6,5704,0.8471002578735352,0.8628880881837436
164,False,6,5705,0.8647720813751221,0.7967367081769875
165,False,6,5706,0.8617005348205566,0.8624595449793907
166,False,6,5707,0.8241732120513916,0.8494910431050118
167,False,6,5708,0.8804178237915039,0.8518119511150178
168,False,6,5709,0.8605191707611084,0.8046559787222315
169,False,6,5710,0.8531877994537354,0.8028214552572794
170,False,6,5711,0.8963675498962402,0.8026072964781809
171,False,6,5712,0.8606746196746826,0.8541325089477356
172,False,6,5713,0.859567403793335,0.843831157755284
173,False,6,5714,0.8499717712402344,0.8417645909246945
174,False,6,5715,0.8561203479766846,0.848314585785071
175,False,6,5716,0.8613831996917725,0.8608638239758356
176,False,6,5717,0.8432636260986328,0.8618542296545845
177,False,6,5718,0.8607447147369385,0.8855246174193564
178,False,6,5719,0.8275985717773438,0.7756030603888489
179,False,6,5720,0.8666844367980957,0.9037338488158724
180,False,6,5721,0.8612642288208008,0.808326875170072
181,False,6,5722,0.893897294998169,0.8236524072431383
182,False,6,5723,0.8471543788909912,0.8259660282305307
183,False,6,5724,0.8521130084991455,0.8790717346682434
184,False,6,5725,0.8641030788421631,0.8032714352011681
185,False,6,5726,0.8496208190917969,0.8500073406667937
186,False,6,5727,0.8491582870483398,0.822359223628328
187,False,6,5728,0.8450496196746826,0.8133772492763542
188,False,6,5729,0.9045717716217041,0.8673944203626542
189,False,6,5730,0.9355206489562988,0.7635449529403732
190,False,6,5731,0.8524765968322754,0.8125380976569085
191,False,6,5732,0.8596444129943848,0.8206675928973014
192,False,6,5733,0.8420600891113281,0.7980505492360819
193,False,6,5734,0.8601999282836914,0.8473878981811661
194,False,6,5735,0.8270680904388428,0.837324463895389
195,False,6,5736,0.865253210067749,0.8370497155757176
196,False,6,5737,0.8587813377380371,0.8374743986697423
197,False,6,5738,0.8510313034057617,0.8237789986389025
198,False,6,5739,0.8341734409332275,0.8385081163474492
199,False,6,5740,0.8522717952728271,0.7764888331294059
200,False,6,5741,0.9086630344390869,0.8056073962222964
201,False,6,5742,0.9152460098266602,0.8383486378228381
202,False,6,5743,0.8671960830688477,0.820330576172897
203,False,6,5744,0.8704519271850586,0.8532862123988924
204,False,6,5745,0.8478727340698242,0.8457973170138541
205,False,6,5746,0.8669073581695557,0.8320066620196617
206,False,6,5747,0.8668982982635498,0.8372507726862318
207,False,6,5748,0.852855920791626,0.8067009003744239
208,False,6,5749,0.8645920753479004,0.8337715477460905
209,False,6,5750,0.8115522861480713,0.8835116042977287
210,False,6,5751,0.8602004051208496,0.8018142394721507
211,False,6,5752,0.8644092082977295,0.8494992296965349
212,False,6,5753,0.8465769290924072,0.880099335596675
213,False,6,5754,0.8292238712310791,0.8142878998603138
214,False,6,5755,0.8506929874420166,0.8507989222804705
215,False,6,5756,0.8634490966796875,0.8195035666936917
216,False,6,5757,0.8427350521087646,0.8249437376147223
217,False,6,5758,0.8444068431854248,0.9014638325288181
218,False,6,5759,0.9293639659881592,0.8431326569545836
219,False,6,5760,0.9080934524536133,0.8561436097536769
220,False,6,5761,0.8954935073852539,0.8173091722031435
221,False,6,5762,0.8019664287567139,0.8300916797348431
222,False,6,5763,0.861807107925415,0.8197933368030047
223,False,6,5764,0.8625602722167969,0.7962649893902597
224,False,6,5765,0.8635725975036621,0.7902206189575649
225,False,6,5766,0.7987086772918701,0.8752808961130322
226,False,6,5767,0.8636353015899658,0.8517002676214489
227,False,6,5768,0.8564474582672119,0.8270873932966164
228,False,6,5769,0.8528885841369629,0.8544616564398719
229,False,6,5770,0.8311953544616699,0.8694735185376236
230,False,6,5771,0.8441452980041504,0.8033833622577644
231,False,6,5772,0.860476016998291,0.7985281742044859
232,False,6,5773,0.8553495407104492,0.8974317518018541
233,False,6,5774,0.8320064544677734,0.8057823624639284
234,False,6,5775,0.8602328300476074,0.8293835662660144
235,False,6,5776,0.8498857021331787,0.8051034311453503
236,False,6,5777,0.8851490020751953,0.825433794941221
237,False,6,5778,0.8350081443786621,0.8581992636124292
238,False,6,5779,0.8642375469207764,0.8470571239789325
239,False,6,5780,0.8993525505065918,0.8185614379388946
240,False,6,5781,0.9102072715759277,0.8292946551172505
241,False,6,5782,0.9282991886138916,0.8277394171981587
242,False,6,5783,0.9400413036346436,0.8170554201517787
243,False,6,5784,0.9218287467956543,0.7997856149006458
244,False,6,5785,0.9296226501464844,0.8308660678033318
245,False,6,5786,0.9412398338317871,0.8274294620468502
246,False,6,5787,0.9186587333679199,0.8282632027708349
247,False,6,5788,0.9301011562347412,0.8357277707684607
248,False,6,5789,0.8946235179901123,0.8089332271899494
249,False,6,5790,0.9362921714782715,0.8230612432318075
250,False,6,5791,0.9389376640319824,0.797203136696702
251,False,6,5792,0.9238054752349854,0.819251269811676
252,False,6,5793,0.9037537574768066,0.8108200668579056
253,False,6,5794,0.9222452640533447,0.8170232966187455
254,False,6,5795,0.9225203990936279,0.8283935813676743
255,False,6,5796,0.9397914409637451,0.833537054824687
256,False,6,5797,0.901707649230957,0.7814585841482595
257,False,6,5798,0.9344735145568848,0.8325629613938789
258,False,6,5799,0.9191935062408447,0.8337512511227814
259,True,6,5800,1.0351054668426514,0.7788374590731802
260,False,6,5801,0.8462657928466797,0.8121305500112829
261,False,6,5802,0.8466947078704834,0.8350659041177657
262,False,6,5803,0.8632733821868896,0.8209004231861659
263,False,6,5804,0.8468582630157471,0.8779793161721458
264,False,6,5805,0.8342993259429932,0.8920951882998148
265,False,6,5806,0.842963695526123,0.8256343624421529
266,False,6,5807,0.8670592308044434,0.8517612293362617
267,False,6,5808,0.8651423454284668,0.8367384937370109
268,False,6,5809,0.8136990070343018,0.7918087905716327
269,False,6,5810,0.8614766597747803,0.8138540413762843
270,False,6,5811,0.8438794612884521,0.9040788229377497
271,False,6,5812,0.8809235095977783,0.8198116645216944
272,False,6,5813,0.8597245216369629,0.8575135104003409
273,False,6,5814,0.851078987121582,0.8311882189341954
274,False,6,5815,0.8898115158081055,0.8138267798792747
275,False,6,5816,0.8292539119720459,0.7846006254355111
276,False,6,5817,0.8291895389556885,0.808078604794684
277,False,6,5818,0.8562116622924805,0.828123715661821
278,False,6,5819,0.8475940227508545,0.8398408130520866
279,False,6,5820,0.8579380512237549,0.8079304766087304
280,False,6,5821,0.8241012096405029,0.7862150640714738
281,False,6,5822,0.8680882453918457,0.8207402775684993
282,False,6,5823,0.8581979274749756,0.8350534557941413
283,False,6,5824,0.8439340591430664,0.8109924544890721
284,False,6,5825,0.8251912593841553,0.8390837772971108
285,False,6,5826,0.8457880020141602,0.8198811468623932
286,False,6,5827,0.8637664318084717,0.8398253059103375
287,False,6,5828,0.8442661762237549,0.8221973909863405
288,False,6,5829,0.8153893947601318,0.8118104787454719
289,False,6,5830,0.8468544483184814,0.8695669064209574
290,False,6,5831,0.8572089672088623,0.7815127041900441
291,False,6,5832,0.8617033958435059,0.8513581298646473
292,False,6,5833,0.8123536109924316,0.8448962108010336
293,False,6,5834,0.8421461582183838,0.8186133789519467
294,False,6,5835,0.8580172061920166,0.846386301907755
295,False,6,5836,0.8491208553314209,0.8190563248381727
296,False,6,5837,0.8120732307434082,0.8261976916165579
297,False,6,5838,0.8803300857543945,0.9089696769203458
298,False,6,5839,0.8451387882232666,0.791142415432703
299,False,6,5840,0.8813464641571045,0.8343274619962486
300,False,6,5841,0.8396215438842773,0.9016248771832102
301,False,6,5842,0.8394849300384521,0.8569724921669278
302,False,6,5843,0.8720097541809082,0.7959575507612454
303,False,6,5844,0.8455450534820557,0.8159972730846633
304,False,6,5845,0.8305027484893799,0.8234542516015826
305,False,6,5846,0.8573710918426514,0.8352118350920223
306,False,6,5847,0.8546864986419678,0.825384633172126
307,False,6,5848,0.8634254932403564,0.8040191871779305
308,False,6,5849,0.839911937713623,0.8401248632442385
309,False,6,5850,0.8598768711090088,0.801949619537308
310,False,6,5851,0.8522062301635742,0.8307419635710261
311,False,6,5852,0.8458666801452637,0.7969928089351882
312,False,6,5853,0.8339266777038574,0.8006022288685756
313,False,6,5854,0.8452932834625244,0.8092407264879772
314,False,6,5855,0.8377668857574463,0.8831969244139537
315,False,6,5856,0.8514447212219238,0.8922895703996934
316,False,6,5857,0.8112063407897949,0.8886096289470082
317,False,6,5858,0.85931396484375,0.8254585525109653
318,False,6,5859,0.8497347831726074,0.818344555795193
319,False,6,5860,0.8610198497772217,0.8141649835521265
320,False,6,5861,0.7972700595855713,0.8261527859029317
321,False,6,5862,0.8594191074371338,0.8236486279361306
322,False,6,5863,0.8483386039733887,0.8541570192291624
323,False,6,5864,0.8877162933349609,0.8164699657687119
324,False,6,5865,0.8230440616607666,0.8027829148230099
325,False,6,5866,0.854529857635498,0.8949189906318984
326,False,6,5867,0.8483097553253174,0.8800621068193799
327,False,6,5868,0.8657026290893555,0.8113991983589672
328,False,6,5869,0.8255565166473389,0.8102598229334468
329,False,6,5870,0.8444478511810303,0.8190999155243239
330,False,6,5871,0.8961935043334961,0.8445663354581311
331,False,6,5872,0.8481249809265137,0.8253214948234103
332,False,6,5873,0.8413865566253662,0.853715889510654
333,False,6,5874,0.8642528057098389,0.8193483650684359
334,False,6,5875,0.8458356857299805,0.7823479211046581
335,False,6,5876,0.8650929927825928,0.8179587721824646
336,False,6,5877,0.8344511985778809,0.8186243446100325
337,False,6,5878,0.8627631664276123,0.7651019051138842
338,False,6,5879,0.859668493270874,0.8746489669595446
339,False,6,5880,0.8500492572784424,0.7656542172744161
340,False,6,5881,0.8403422832489014,0.8180961610660665
341,False,6,5882,0.8480501174926758,0.8403432108461858
342,False,6,5883,0.8828754425048828,0.8380835662995065
343,False,6,5884,0.8600795269012451,0.7772741804697685
344,False,6,5885,0.8383896350860596,0.862664156371639
345,False,6,5886,0.8752315044403076,0.7854601563442322
346,False,6,5887,0.8518393039703369,0.8121175540699848
347,False,6,5888,0.8564953804016113,0.852669482607217
348,False,6,5889,0.8859496116638184,0.8368130491248197
349,False,6,5890,0.8487699031829834,0.8136705894555365
350,False,6,5891,0.8571219444274902,0.830395616236187
351,False,6,5892,0.7923777103424072,0.8261653401312373
352,False,6,5893,0.8580033779144287,0.8629192688635416
353,False,6,5894,0.8492567539215088,0.8995174996200062
354,False,6,5895,0.8524329662322998,0.7850962199625515
355,False,6,5896,0.8385560512542725,0.8092211236556371
356,False,6,5897,0.8510746955871582,0.869389357311385
357,False,6,5898,0.880615234375,0.8320656088846071
358,False,6,5899,0.8486864566802979,0.8006939423226175
359,True,6,5900,0.9048793315887451,0.8167342038026878
360,False,6,5901,0.8592324256896973,0.8638410177968798
361,False,6,5902,0.8646996021270752,0.8117642499329076
362,False,6,5903,0.8448634147644043,0.8363845837967737
363,False,6,5904,0.8488969802856445,0.836898414329404
364,False,6,5905,0.8647856712341309,0.8388074966413634
365,False,6,5906,0.8502335548400879,0.7906970053556419
366,False,6,5907,0.864619255065918,0.8215977395219461
367,False,6,5908,0.8312268257141113,0.854879623899857
368,False,6,5909,0.8587250709533691,0.8497361580264712
369,False,6,5910,0.8574895858764648,0.854144308538664
370,False,6,5911,0.8497405052185059,0.8370469040459111
371,False,6,5912,0.8441371917724609,0.828323244161549
372,False,6,5913,0.8467748165130615,0.8551475473103066
373,False,6,5914,0.8720142841339111,0.8492717668414114
374,False,6,5915,0.862231969833374,0.845178343000866
375,False,6,5916,0.8383755683898926,0.8940732686647346
376,False,6,5917,0.8836157321929932,0.8024945145561583
377,False,6,5918,0.8568210601806641,0.8467970873628344
378,False,6,5919,0.8561410903930664,0.8335369502504666
379,False,6,5920,0.8888084888458252,0.8276724497832005
380,False,6,5921,0.8582510948181152,0.7687000422960235
381,False,6,5922,0.8603677749633789,0.8404465484477224
382,False,6,5923,0.8067073822021484,0.8215584011659735
383,False,6,5924,0.8648121356964111,0.8720718941518238
384,False,6,5925,0.8625037670135498,0.8180464179742902
385,False,6,5926,0.8478953838348389,0.810702686331102
386,False,6,5927,0.8190021514892578,0.8892567164841152
387,False,6,5928,0.8512544631958008,0.848301581683613
388,False,6,5929,0.8673825263977051,0.8248017419661792
389,False,6,5930,0.8492202758789062,0.7922440902108238
390,False,6,5931,0.8272261619567871,0.830471267480226
391,False,6,5932,0.8584372997283936,0.8218304532624426
392,False,6,5933,0.8515684604644775,0.8349528582323165
393,False,6,5934,0.8590610027313232,0.8186278690894446
394,False,6,5935,0.8338642120361328,0.8165695815391485
395,False,6,5936,0.8623950481414795,0.8663869145370667
396,False,6,5937,0.8494985103607178,0.8345644999118079
397,False,6,5938,0.8640499114990234,0.822161414970954
398,False,6,5939,0.8020074367523193,0.8069622518406028
399,False,6,5940,0.8593485355377197,0.8317315723924409
400,False,6,5941,0.8511812686920166,0.8279382215724105
401,False,6,5942,0.84983229637146,0.8531636707484722
402,False,6,5943,0.8148043155670166,0.813568569187607
403,False,6,5944,0.845064640045166,0.8814468930164973
404,False,6,5945,0.8756778240203857,0.8441139051602001
405,False,6,5946,0.8472764492034912,0.8444997011905624
406,False,6,5947,0.8241088390350342,0.8693214647826694
407,False,6,5948,0.8886237144470215,0.8339129072569668
408,False,6,5949,0.853370189666748,0.8230278144280119
409,False,6,5950,0.8566904067993164,0.7913554598178183
410,False,6,5951,0.8242614269256592,0.8173315930401995
411,False,6,5952,0.8650436401367188,0.8137729975084464
412,False,6,5953,0.8619651794433594,0.8092523540059725
413,False,6,5954,0.8488662242889404,0.8323462137154171
414,False,6,5955,0.8282785415649414,0.8262101910298779
415,False,6,5956,0.8491983413696289,0.7800472194240209
416,False,6,5957,0.864501953125,0.8512985603440375
417,False,6,5958,0.8602139949798584,0.9065301028035936
418,False,6,5959,0.8145456314086914,0.86238752837692
419,False,6,5960,0.8786685466766357,0.8741260231250807
420,False,6,5961,0.847264289855957,0.8602896020525976
421,False,6,5962,0.8837759494781494,0.8468269194875445
422,False,6,5963,0.8838410377502441,0.854198076185726
423,False,6,5964,0.8529672622680664,0.7941555128920645
424,False,6,5965,0.8590264320373535,0.8866713515349797
425,False,6,5966,0.815136194229126,0.8335783410639989
426,False,6,5967,0.8608376979827881,0.8182749911433175
427,False,6,5968,0.8418951034545898,0.8428707647891273
428,False,6,5969,0.8823244571685791,0.8438679432230335
429,False,6,5970,0.8115019798278809,0.8461220640511737
430,False,6,5971,0.8607964515686035,0.8469695031997702
431,False,6,5972,0.8429737091064453,0.8519510314578103
432,False,6,5973,0.8812763690948486,0.8171987503412222
433,False,6,5974,0.8275253772735596,0.8302382525233994
434,False,6,5975,0.8488633632659912,0.8105904502528055
435,False,6,5976,0.8799343109130859,0.841016044751519
436,False,6,5977,0.8495893478393555,0.8204561688360712
437,False,6,5978,0.8299403190612793,0.8107251592335248
438,False,6,5979,0.8562510013580322,0.8248182854482105
439,False,6,5980,0.8502187728881836,0.8722676840566452
440,False,6,5981,0.861889123916626,0.8170754783565088
441,False,6,5982,0.8083937168121338,0.8363340851806459
442,False,6,5983,0.8617005348205566,0.8304097591234105
443,False,6,5984,0.8620200157165527,0.832311628120286
444,False,6,5985,0.8428802490234375,0.8630332144952955
445,False,6,5986,0.8118929862976074,0.8408672703163965
446,False,6,5987,0.850269079208374,0.8333335433687482
447,False,6,5988,0.8679304122924805,0.8765473983117512
448,False,6,5989,0.8637044429779053,0.8644091391137668
449,False,6,5990,0.7890734672546387,0.8220354134128206
450,False,6,5991,0.8846375942230225,0.8185096922374907
451,False,6,5992,0.8450803756713867,0.8146664839060533
452,False,6,5993,0.8777329921722412,0.8186896022941385
453,False,6,5994,0.846625804901123,0.7884128936344669
454,False,6,5995,0.8492724895477295,0.8354296457199822
455,False,6,5996,0.8627800941467285,0.7935156502893992
456,False,6,5997,0.8478431701660156,0.8173227381138575
457,False,6,5998,0.841127872467041,0.8079726898244448
458,False,6,5999,0.8438315391540527,0.7698446210651169
459,True,6,6000,0.9596233367919922,0.8007787359612326
460,False,6,6001,0.8283576965332031,0.8592092047135037
461,False,6,6002,0.8451211452484131,0.8107899683749392
462,False,6,6003,0.8659205436706543,0.8435258978889101
463,False,6,6004,0.865424633026123,0.8664838306251026
464,False,6,6005,0.834176778793335,0.7984701040245239
465,False,6,6006,0.8494582176208496,0.8097342217252367
466,False,6,6007,0.8984067440032959,0.8699401067126364
467,False,6,6008,0.8425109386444092,0.862119389609212
468,False,6,6009,0.8283846378326416,0.8091214248644454
469,False,6,6010,0.8555850982666016,0.8170097661869868
470,False,6,6011,0.8458139896392822,0.8734164951103075
471,False,6,6012,0.8643651008605957,0.8299122733019647
472,False,6,6013,0.7936785221099854,0.8291723792042052
473,False,6,6014,0.8563330173492432,0.8012423635948273
474,False,6,6015,0.8587286472320557,0.8095538900012061
475,False,6,6016,0.8455939292907715,0.8291552134212993
476,False,6,6017,0.8170902729034424,0.8480874207757768
477,False,6,6018,0.8477647304534912,0.846111950420198
478,False,6,6019,0.862168550491333,0.8002605695454846
479,False,6,6020,0.8438966274261475,0.7920283783404602
480,False,6,6021,0.8222432136535645,0.8026860370522454
481,False,6,6022,0.8723788261413574,0.825288548356011
482,False,6,6023,0.8493800163269043,0.7908327817207291
483,False,6,6024,0.8597540855407715,0.8056035914591382
484,False,6,6025,0.803534984588623,0.8397614395334609
485,False,6,6026,0.8565888404846191,0.8537451298463912
486,False,6,6027,0.8604693412780762,0.8373551304851259
487,False,6,6028,0.8465523719787598,0.8005763086534681
488,False,6,6029,0.8111345767974854,0.8227970365967068
489,False,6,6030,0.8433282375335693,0.797360958974986
490,False,6,6031,0.8777511119842529,0.8116552111293588
491,False,6,6032,0.9322900772094727,0.8694505269328754
492,False,6,6033,0.8893840312957764,0.7904444751994952
493,False,6,6034,0.9429135322570801,0.8094247384440333
494,False,6,6035,0.9228651523590088,0.8381941524289904
495,False,6,6036,0.9429190158843994,0.81899737992457
496,False,6,6037,0.9216384887695312,0.831044593737239
497,False,6,6038,0.9278242588043213,0.8255533095271815
498,False,6,6039,0.85343337059021,0.7895436418198403
499,False,6,6040,0.8472955226898193,0.8302217129440534
500,False,6,6041,0.8274850845336914,0.8362244910427502
501,False,6,6042,0.850813627243042,0.8078044232513225
502,False,6,6043,0.8817031383514404,0.8664431501002536
503,False,6,6044,0.8455603122711182,0.8101641156134152
504,False,6,6045,0.8291780948638916,0.8510826875766117
505,False,6,6046,0.8810536861419678,0.7994906476565771
506,False,6,6047,0.8510198593139648,0.7794154736967315
507,False,6,6048,0.8570144176483154,0.8195910735854081
508,False,6,6049,0.8581836223602295,0.8026536765197912
509,False,6,6050,0.8504266738891602,0.8281560384091875
510,False,6,6051,0.8558945655822754,0.8346798249653409
511,False,6,6052,0.8338956832885742,0.7688438794797376
512,False,6,6053,0.8547642230987549,0.8229400025946754
513,False,6,6054,0.8610649108886719,0.811171653015273
514,False,6,6055,0.8458669185638428,0.8135056664191542
515,False,6,6056,0.8527638912200928,0.8383377401956491
516,False,6,6057,0.8478870391845703,0.793653826983202
517,False,6,6058,0.859935998916626,0.8024131641501471
518,False,6,6059,0.8570177555084229,0.8003927855974153
519,False,6,6060,0.8445546627044678,0.7999849613933335
520,False,6,6061,0.8466658592224121,0.8073401133574188
521,False,6,6062,0.8502390384674072,0.825167287673269
522,False,6,6063,0.8803601264953613,0.8010514697858265
523,False,6,6064,0.8398418426513672,0.8141378923541023
524,False,6,6065,0.8466973304748535,0.835167197244508
525,False,6,6066,0.88167405128479,0.8375560385840278
526,False,6,6067,0.8449273109436035,0.7962929705778757
527,False,6,6068,0.8368570804595947,0.8821953513792583
528,False,6,6069,0.8452656269073486,0.7963512451166199
529,False,6,6070,0.8619003295898438,0.814259747752831
530,False,6,6071,0.8569693565368652,0.8430158953581537
531,False,6,6072,0.8393959999084473,0.8519770733657337
532,False,6,6073,0.8618292808532715,0.806476601887317
533,False,6,6074,0.8436400890350342,0.8257304046835218
534,False,6,6075,0.8780622482299805,0.8465800374036744
535,False,6,6076,0.8129959106445312,0.7809449928324848
536,False,6,6077,0.8610084056854248,0.8592864044365429
537,False,6,6078,0.8511219024658203,0.806917406618595
538,False,6,6079,0.876121997833252,0.8567663718547139
539,False,6,6080,0.8261458873748779,0.8127216718026571
540,False,6,6081,0.8486881256103516,0.8214125335216521
541,False,6,6082,0.8844149112701416,0.8288367497069495
542,False,6,6083,0.8471319675445557,0.7798898778855803
543,False,6,6084,0.8265442848205566,0.8306023694929622
544,False,6,6085,0.8592839241027832,0.8147352469109352
545,False,6,6086,0.8425202369689941,0.8335086220786687
546,False,6,6087,0.8662898540496826,0.8215550445020199
547,False,6,6088,0.8055639266967773,0.7770604143540064
548,False,6,6089,0.8620631694793701,0.804519846325829
549,False,6,6090,0.8602011203765869,0.772303987649225
550,False,6,6091,0.8479189872741699,0.8229811227037793
551,False,6,6092,0.8056240081787109,0.7823240730379308
552,False,6,6093,0.8535263538360596,0.825865982189065
553,False,6,6094,0.8881897926330566,0.8110883238592318
554,False,6,6095,0.851146936416626,0.8441022059747151
555,False,6,6096,0.7911534309387207,0.8310235284623647
556,False,6,6097,0.8853738307952881,0.8780569086472193
557,False,6,6098,0.8461527824401855,0.8092114958202554
558,False,6,6099,0.8617138862609863,0.8286868124490693
559,True,6,6100,0.912161111831665,0.8432030315910065
560,False,6,6101,0.8432133197784424,0.8169397474044846
561,False,6,6102,0.8556180000305176,0.774582904009592
562,False,6,6103,0.8636927604675293,0.8280850840466363
563,False,6,6104,0.937058687210083,0.8214470910884086
564,False,6,6105,0.9237551689147949,0.8121989447446096
565,False,6,6106,0.9385175704956055,0.8229539046684902
566,False,6,6107,0.9181828498840332,0.867058555285136
567,False,6,6108,0.9367337226867676,0.8563537205613795
568,False,6,6109,0.93888258934021,0.8501655030108634
569,False,6,6110,0.9228291511535645,0.82524866965555
570,False,6,6111,0.9002096652984619,0.8356619377930959
571,False,6,6112,0.9267580509185791,0.8337397719068186
572,False,6,6113,0.9255156517028809,0.8102933730752697
573,False,6,6114,0.9397714138031006,0.8670143286387128
574,False,6,6115,0.8912174701690674,0.7603488101490906
575,False,6,6116,0.9390864372253418,0.8364277132565068
576,False,6,6117,0.8770725727081299,0.7941076180764609
577,False,6,6118,0.8462023735046387,0.8680371038970494
578,False,6,6119,0.827178955078125,0.822909254048552
579,False,6,6120,0.8458220958709717,0.7943094149231911
580,False,6,6121,0.8640525341033936,0.8281415303548177
581,False,6,6122,0.8616926670074463,0.7981729539377349
582,False,6,6123,0.8031623363494873,0.7996847203799656
583,False,6,6124,0.8716588020324707,0.8351793679453078
584,False,6,6125,0.8472182750701904,0.7920845260932332
585,False,6,6126,0.8801212310791016,0.8890311324170658
586,False,6,6127,0.8486678600311279,0.7874798488226674
587,False,6,6128,0.8475544452667236,0.8444165456153099
588,False,6,6129,0.8627550601959229,0.8440304526260921
589,False,6,6130,0.8422350883483887,0.8374613757644382
590,False,6,6131,0.8473098278045654,0.8291240526097161
591,False,6,6132,0.8649351596832275,0.8043375249419894
592,False,6,6133,0.8528532981872559,0.8120113868443739
593,False,6,6134,0.8527204990386963,0.802618404939061
594,False,6,6135,0.8262286186218262,0.8097857673253332
595,False,6,6136,0.8599131107330322,0.8154455043730282
596,False,6,6137,0.8501622676849365,0.8048922738858629
597,False,6,6138,0.8836476802825928,0.8166240501616684
598,False,6,6139,0.8540434837341309,0.7642387431114913
599,False,6,6140,0.8461081981658936,0.8263920261746364
600,False,6,6141,0.8444902896881104,0.8856687467722667
601,False,6,6142,0.8803229331970215,0.7606967574074156
602,False,6,6143,0.8607223033905029,0.807475273453054
603,False,6,6144,0.8541674613952637,0.7945572175529029
604,False,6,6145,0.8871145248413086,0.9034595418544045
605,False,6,6146,0.8253169059753418,0.8247065363185746
606,False,6,6147,0.8442070484161377,0.8325840958527155
607,False,6,6148,0.891106128692627,0.787771346136218
608,False,6,6149,0.8518075942993164,0.8489383537144888
609,False,6,6150,0.8184278011322021,0.8032251486466045
610,False,6,6151,0.8548295497894287,0.829673387465023
611,False,6,6152,0.8428106307983398,0.8030778879211063
612,False,6,6153,0.8633549213409424,0.819696964252563
613,False,6,6154,0.8216197490692139,0.7696709040374985
614,False,6,6155,0.8593511581420898,0.825958160062631
615,False,6,6156,0.8529965877532959,0.8359837939164471
616,False,6,6157,0.8469696044921875,0.7836278859703313
617,False,6,6158,0.856482744216919,0.8118106332563221
618,False,6,6159,0.8408262729644775,0.929246621472495
619,False,6,6160,0.8673157691955566,0.8101725830208688
620,False,6,6161,0.8504190444946289,0.8136178528269131
621,False,6,6162,0.8516097068786621,0.7860609697444099
622,False,6,6163,0.8447954654693604,0.8101136133606945
623,False,6,6164,0.8470685482025146,0.814648293313526
624,False,6,6165,0.8853018283843994,0.87341734873397
625,False,6,6166,0.8489475250244141,0.8043461463281087
626,False,6,6167,0.8402330875396729,0.8012109033408619
627,False,6,6168,0.8871181011199951,0.7763829298672222
628,False,6,6169,0.8467223644256592,0.8464948634306589
629,False,6,6170,0.8424899578094482,0.8204876326379323
630,False,6,6171,0.847346305847168,0.8070633911660738
631,False,6,6172,0.8670141696929932,0.8244206036130586
632,False,6,6173,0.8597896099090576,0.8135999982200918
633,False,6,6174,0.8509976863861084,0.7972571636949267
634,False,6,6175,0.8505561351776123,0.8519107241715703
635,False,6,6176,0.8488125801086426,0.8098242772477013
636,False,6,6177,0.8680803775787354,0.8348571500253109
637,False,6,6178,0.8456950187683105,0.8270153704853284
638,False,6,6179,0.8520574569702148,0.8081996653761183
639,False,6,6180,0.8501236438751221,0.8140422364785558
640,False,6,6181,0.8520457744598389,0.8101180848621187
641,False,6,6182,0.8653826713562012,0.8092555311464129
642,False,6,6183,0.8239936828613281,0.7745764612087181
643,False,6,6184,0.862438440322876,0.7922520743949072
644,False,6,6185,0.8457901477813721,0.8023190776861847
645,False,6,6186,0.8855955600738525,0.7863733030500867
646,False,6,6187,0.8736975193023682,0.8091742477956272
647,False,6,6188,0.8551719188690186,0.7954611537002381
648,False,6,6189,0.8833191394805908,0.7752768379591759
649,False,6,6190,0.8122162818908691,0.8322014054726985
650,False,6,6191,0.8639218807220459,0.8843053951859475
651,False,6,6192,0.857079029083252,0.7929044360561032
652,False,6,6193,0.8502445220947266,0.8451635631776993
653,False,6,6194,0.8217654228210449,0.8447015441599345
654,False,6,6195,0.8511371612548828,0.8359127601697333
655,False,6,6196,0.8602867126464844,0.8130532691166515
656,False,6,6197,0.860567569732666,0.84014982127008
657,False,6,6198,0.8226015567779541,0.8521643096492403
658,False,6,6199,0.8720667362213135,0.820158699793475
659,True,6,6200,0.9485018253326416,0.8537624503175417
660,False,6,6201,0.8836040496826172,0.8278253288673503
661,False,6,6202,0.8591930866241455,0.8029929757827803
662,False,6,6203,0.8490386009216309,0.891639684992177
663,False,6,6204,0.8636221885681152,0.8102222375926518
664,False,6,6205,0.8453774452209473,0.8311629579180763
665,False,6,6206,0.8573825359344482,0.861434668302536
666,False,6,6207,0.8454141616821289,0.8388103101225126
667,False,6,6208,0.8636300563812256,0.8563551767950968
668,False,6,6209,0.8534586429595947,0.846401564422108
669,False,6,6210,0.8586339950561523,0.8283165714570455
670,False,6,6211,0.8525991439819336,0.8009667552652812
671,False,6,6212,0.8657948970794678,0.8408291515495098
672,False,6,6213,0.8576374053955078,0.8104973807930945
673,False,6,6214,0.8435525894165039,0.7803076209411733
674,False,6,6215,0.8805692195892334,0.8119604775593395
675,False,6,6216,0.8456594944000244,0.7887563123589469
676,False,6,6217,0.8339200019836426,0.8023699106914656
677,False,6,6218,0.8603119850158691,0.8058762500683467
678,False,6,6219,0.8510711193084717,0.7909252581497033
679,False,6,6220,0.859816312789917,0.8013284124788783
680,False,6,6221,0.796499490737915,0.8724789424311548
681,False,6,6222,0.8591241836547852,0.8261307981752215
682,False,6,6223,0.8545358180999756,0.8199505742107118
683,False,6,6224,0.8456814289093018,0.8297827827433745
684,False,6,6225,0.8326072692871094,0.8136138139026506
685,False,6,6226,0.8487329483032227,0.8349544587766842
686,False,6,6227,0.8590648174285889,0.8130203079254854
687,False,6,6228,0.8466687202453613,0.853782309662728
688,False,6,6229,0.842289924621582,0.8189298762452037
689,False,6,6230,0.882565975189209,0.8202892096624488
690,False,6,6231,0.8515875339508057,0.8636716515535399
691,False,6,6232,0.8787410259246826,0.8392167424871808
692,False,6,6233,0.8189513683319092,0.8520372332561585
693,False,6,6234,0.8453545570373535,0.8505093911219209
694,False,6,6235,0.8599646091461182,0.7749060963590938
695,False,6,6236,0.8505563735961914,0.751157443793047
696,False,6,6237,0.8122451305389404,0.7991173678920382
697,False,6,6238,0.8523592948913574,0.8686389170941854
698,False,6,6239,0.8623664379119873,0.811376790737822
699,False,6,6240,0.8594756126403809,0.8250418206055958
700,False,6,6241,0.8098797798156738,0.7832532819537888
701,False,6,6242,0.8921806812286377,0.8605027777098474
702,False,6,6243,0.8584134578704834,0.8416598801101957
703,False,6,6244,0.860396146774292,0.8361088779001008
704,False,6,6245,0.8148047924041748,0.863284326025418
705,False,6,6246,0.8852641582489014,0.8422350081659497
706,False,6,6247,0.8457660675048828,0.8635243230632375
707,False,6,6248,0.8727967739105225,0.8355345032399609
708,False,6,6249,0.873814582824707,0.9009764070312183
709,False,6,6250,0.8488552570343018,0.8265393720496267
710,False,6,6251,0.8656480312347412,0.7918380676280884
711,False,6,6252,0.815807580947876,0.7915722804055328
712,False,6,6253,0.8594193458557129,0.8007028021273159
713,False,6,6254,0.860436201095581,0.8187696671202069
714,False,6,6255,0.8490402698516846,0.8356476823488871
715,False,6,6256,0.8351302146911621,0.7872352094522543
716,False,6,6257,0.8460040092468262,0.798086898490077
717,False,6,6258,0.8641519546508789,0.8160859314458713
718,False,6,6259,0.8461792469024658,0.9097404040041422
719,False,6,6260,0.853734016418457,0.8272577726415223
720,False,6,6261,0.8682882785797119,0.7918740301614715
721,False,6,6262,0.8523621559143066,0.7911633443796918
722,False,6,6263,0.8803520202636719,0.7939860309873309
723,False,6,6264,0.8346376419067383,0.8635922042386873
724,False,6,6265,0.8444457054138184,0.8210372580658821
725,False,6,6266,0.8856892585754395,0.816325538924762
726,False,6,6267,0.8689742088317871,0.8276427829017242
727,False,6,6268,0.916557788848877,0.8176468596571969
728,False,6,6269,0.9474177360534668,0.8275918857682317
729,False,6,6270,0.9290518760681152,0.8093590977646056
730,False,6,6271,0.9382317066192627,0.8248399872155417
731,False,6,6272,0.91737961769104,0.851817358107794
732,False,6,6273,0.9320487976074219,0.8119189040291876
733,False,6,6274,0.949420690536499,0.8540039630163283
734,False,6,6275,0.9134945869445801,0.8243022291433244
735,False,6,6276,0.9355387687683105,0.8024186261353037
736,False,6,6277,0.9447643756866455,0.7881231627293995
737,False,6,6278,0.9450974464416504,0.8184839863152731
738,False,6,6279,0.922081708908081,0.8522692982639587
739,False,6,6280,0.9282772541046143,0.8154741436952637
740,False,6,6281,0.9470949172973633,0.7846274858429318
741,False,6,6282,0.9363107681274414,0.8022813564609913
742,False,6,6283,0.8986361026763916,0.8230764438353835
743,False,6,6284,0.9427754878997803,0.864454585171881
744,False,6,6285,0.9290390014648438,0.8148338631505059
745,False,6,6286,0.9341142177581787,0.8323328414311011
746,False,6,6287,0.9101438522338867,0.8558068424463271
747,False,6,6288,0.9302160739898682,0.7808624392464046
748,False,6,6289,0.9348907470703125,0.7573020956700756
749,False,6,6290,0.9421074390411377,0.8224316709453152
750,False,6,6291,0.9144818782806396,0.8139180794713043
751,False,6,6292,0.9533369541168213,0.8105885492903845
752,False,6,6293,0.9370253086090088,0.8197171879666191
753,False,6,6294,0.9250221252441406,0.8343214492003123
754,False,6,6295,0.8636133670806885,0.8313703081082731
755,False,6,6296,0.8509087562561035,0.8393542159880911
756,False,6,6297,0.8629968166351318,0.7583028220882018
757,False,6,6298,0.8560030460357666,0.8880778386124544
758,False,6,6299,0.8375821113586426,0.8341620090816702
759,True,6,6300,0.9719212055206299,0.8112912657005446
760,False,6,6301,0.8465049266815186,0.8106231575920471
761,False,6,6302,0.8350939750671387,0.8505319931677412
762,False,6,6303,0.8590447902679443,0.8446098147403627
763,False,6,6304,0.85025954246521,0.8438133929102195
764,False,6,6305,0.8616757392883301,0.7802022829474435
765,False,6,6306,0.8315331935882568,0.8032085927469389
766,False,6,6307,0.8580422401428223,0.8128365596667643
767,False,6,6308,0.8519773483276367,0.8316818748911222
768,False,6,6309,0.8781647682189941,0.8131176091375805
769,False,6,6310,0.8644130229949951,0.8219862126168751
770,False,6,6311,0.8554844856262207,0.8043046075673331
771,False,6,6312,0.8493425846099854,0.8271957956964061
772,False,6,6313,0.8578596115112305,0.8056182132235594
773,False,6,6314,0.8828442096710205,0.8198040308696883
774,False,6,6315,0.8472073078155518,0.7567025112609068
775,False,6,6316,0.8617472648620605,0.8146938610644567
776,False,6,6317,0.8009638786315918,0.8499906283049353
777,False,6,6318,0.8539185523986816,0.7955406932603746
778,False,6,6319,0.8630936145782471,0.8015607281454974
779,False,6,6320,0.8469293117523193,0.8317813011152405
780,False,6,6321,0.8258049488067627,0.8099097524370467
781,False,6,6322,0.8477745056152344,0.8270009596432957
782,False,6,6323,0.8634076118469238,0.7783547939643972
783,False,6,6324,0.8620069026947021,0.8524937956106097
784,False,6,6325,0.8234882354736328,0.8367424319897377
785,False,6,6326,0.8674225807189941,0.79258943349123
786,False,6,6327,0.8478860855102539,0.7828660939066184
787,False,6,6328,0.8767971992492676,0.8071230362568583
788,False,6,6329,0.8303127288818359,0.8558679890064966
789,False,6,6330,0.8468577861785889,0.7956538377773195
790,False,6,6331,0.8618359565734863,0.7976281082346327
791,False,6,6332,0.8484034538269043,0.7831637956911609
792,False,6,6333,0.8035914897918701,0.8201383409045994
793,False,6,6334,0.8468680381774902,0.8183833687078386
794,False,6,6335,0.8626577854156494,0.7951016951174965
795,False,6,6336,0.8639233112335205,0.7826435175679978
796,False,6,6337,0.7994725704193115,0.8068918727693102
797,False,6,6338,0.860511064529419,0.8443886921519325
798,False,6,6339,0.8458795547485352,0.8575066274830275
799,False,6,6340,0.8621485233306885,0.7631366831206141
800,False,6,6341,0.7976696491241455,0.7900409308217822
801,False,6,6342,0.858983039855957,0.777850515430882
802,False,6,6343,0.8498637676239014,0.8092862607112953
803,False,6,6344,0.8519799709320068,0.7878843820875598
804,False,6,6345,0.8366355895996094,0.8288476271998313
805,False,6,6346,0.8650937080383301,0.8207299358078411
806,False,6,6347,0.8638784885406494,0.8448944819115456
807,False,6,6348,0.8539011478424072,0.7674188257328102
808,False,6,6349,0.8277537822723389,0.864104424204145
809,False,6,6350,0.8534383773803711,0.8190878115239596
810,False,6,6351,0.8658099174499512,0.7841057273603621
811,False,6,6352,0.8567676544189453,0.8439793803152585
812,False,6,6353,0.8297638893127441,0.8041066821841966
813,False,6,6354,0.8758673667907715,0.7824870142198745
814,False,6,6355,0.8461463451385498,0.8239087614984739
815,False,6,6356,0.8865909576416016,0.8261654618240537
816,False,6,6357,0.8437426090240479,0.7861566103640059
817,False,6,6358,0.8456263542175293,0.8343668023035641
818,False,6,6359,0.8645668029785156,0.7958903741978465
819,False,6,6360,0.8403224945068359,0.8038629988829294
820,False,6,6361,0.8240432739257812,0.8025922008036147
821,False,6,6362,0.8481497764587402,0.808069244736717
822,False,6,6363,0.8500032424926758,0.8231924413925125
823,False,6,6364,0.8586292266845703,0.7592917104207335
824,False,6,6365,0.7976861000061035,0.7866356635377522
825,False,6,6366,0.8564496040344238,0.834412613085338
826,False,6,6367,0.8560853004455566,0.8108022413438275
827,False,6,6368,0.8782651424407959,0.8014088670412699
828,False,6,6369,0.8408100605010986,0.79593880421349
829,False,6,6370,0.8505439758300781,0.8207017523901803
830,False,6,6371,0.8641858100891113,0.8160036607157617
831,False,6,6372,0.8449430465698242,0.7996132905994146
832,False,6,6373,0.8340389728546143,0.8377758406457447
833,False,6,6374,0.8501503467559814,0.8161711637817678
834,False,6,6375,0.854254961013794,0.811593982612803
835,False,6,6376,0.8572397232055664,0.7910124531814028
836,False,6,6377,0.7955644130706787,0.8507218744073595
837,False,6,6378,0.8849632740020752,0.8169336255107607
838,False,6,6379,0.8594970703125,0.7951930722310429
839,False,6,6380,0.8637955188751221,0.8084791912918998
840,False,6,6381,0.8041346073150635,0.8045216522046499
841,False,6,6382,0.8772711753845215,0.8077278243643897
842,False,6,6383,0.8422281742095947,0.8104490779695056
843,False,6,6384,0.885810375213623,0.8068876866073835
844,False,6,6385,0.8670516014099121,0.8211173777069364
845,False,6,6386,0.8499629497528076,0.8156387497271809
846,False,6,6387,0.8843858242034912,0.7625546991115527
847,False,6,6388,0.8226416110992432,0.8371601800123849
848,False,6,6389,0.8645551204681396,0.8321691393142656
849,False,6,6390,0.8611276149749756,0.8243343169313102
850,False,6,6391,0.8499083518981934,0.8208464596952713
851,False,6,6392,0.838083028793335,0.7891569022266639
852,False,6,6393,0.8391439914703369,0.7980675730588179
853,False,6,6394,0.8615555763244629,0.8086878902145793
854,False,6,6395,0.8609960079193115,0.8357778617313929
855,False,6,6396,0.831413745880127,0.7813374812581708
856,False,6,6397,0.8562378883361816,0.8228704443290119
857,False,6,6398,0.8501136302947998,0.7878930625461396
858,False,6,6399,0.8828895092010498,0.8619560769626072
859,True,6,6400,0.9230196475982666,0.8174186526309877
860,False,6,6401,0.8463718891143799,0.8013703198659988
861,False,6,6402,0.8845090866088867,0.7755214354644218
862,False,6,6403,0.8304557800292969,0.8369561526037396
863,False,6,6404,0.8491647243499756,0.7434227431104296
864,False,6,6405,0.8644189834594727,0.8358617875547638
865,False,6,6406,0.8466207981109619,0.8188293139849391
866,False,6,6407,0.8604960441589355,0.8424240659390175
867,False,6,6408,0.8223559856414795,0.8246944312538419
868,False,6,6409,0.8627183437347412,0.8172025148357663
869,False,6,6410,0.8496232032775879,0.7814460777721945
870,False,6,6411,0.8782105445861816,0.8256378610219276
871,False,6,6412,0.8413128852844238,0.81611904093907
872,False,6,6413,0.8518350124359131,0.7814452884097897
873,False,6,6414,0.860929012298584,0.8633603691345171
874,False,6,6415,0.8630449771881104,0.75853100809313
875,False,6,6416,0.8299214839935303,0.8257675898217018
876,False,6,6417,0.8586609363555908,0.8218793489393733
877,False,6,6418,0.8708837032318115,0.8147409952112606
878,False,6,6419,0.8464384078979492,0.8598843431543737
879,False,6,6420,0.8412737846374512,0.829000995272682
880,False,6,6421,0.850001335144043,0.8472774380019733
881,False,6,6422,0.8599298000335693,0.7950668631210215
882,False,6,6423,0.8671271800994873,0.8012382927395049
883,False,6,6424,0.8310332298278809,0.8207788538365138
884,False,6,6425,0.87811279296875,0.83965236445268
885,False,6,6426,0.8464181423187256,0.8612052521535326
886,False,6,6427,0.861553430557251,0.8317838449563298
887,False,6,6428,0.880774974822998,0.7984120384568261
888,False,6,6429,0.8483865261077881,0.8132056865308966
889,False,6,6430,0.8629591464996338,0.8076441350082557
890,False,6,6431,0.8111789226531982,0.7938546038099697
891,False,6,6432,0.8679366111755371,0.8783791427101408
892,False,6,6433,0.8603944778442383,0.7891571395808743
893,False,6,6434,0.8459734916687012,0.8758197572259677
894,False,6,6435,0.8345842361450195,0.8253483470706714
895,False,6,6436,0.8544039726257324,0.8077187502668016
896,False,6,6437,0.8611776828765869,0.8241984216230256
897,False,6,6438,0.8439552783966064,0.8008415273257665
898,False,6,6439,0.8286983966827393,0.7584218249789306
899,False,6,6440,0.8592603206634521,0.8378480999242692
900,False,6,6441,0.8441956043243408,0.8330156848366773
901,False,6,6442,0.8577642440795898,0.7959061322645063
902,False,6,6443,0.7961502075195312,0.8005605127130235
903,False,6,6444,0.8554215431213379,0.7929432374380884
904,False,6,6445,0.842707633972168,0.7886897187147822
905,False,6,6446,0.8816256523132324,0.825428276189736
906,False,6,6447,0.8354628086090088,0.8393797109879197
907,False,6,6448,0.8595061302185059,0.811572252994492
908,False,6,6449,0.8433923721313477,0.826917948999575
909,False,6,6450,0.8564178943634033,0.7769651226699351
910,False,6,6451,0.8214645385742188,0.8484291299467994
911,False,6,6452,0.8484804630279541,0.7937609691705023
912,False,6,6453,0.8835752010345459,0.8137106836906502
913,False,6,6454,0.8432598114013672,0.8376115718412966
914,False,6,6455,0.8258011341094971,0.7858140645992189
915,False,6,6456,0.85664963722229,0.8153095642725626
916,False,6,6457,0.8492190837860107,0.8496828008265722
917,False,6,6458,0.8589193820953369,0.7833797293049949
918,False,6,6459,0.8178861141204834,0.7741304722925028
919,False,6,6460,0.8612816333770752,0.7876739842551095
920,False,6,6461,0.8620433807373047,0.8168499838738216
921,False,6,6462,0.8500349521636963,0.8100228179246189
922,False,6,6463,0.8205301761627197,0.7972313316450232
923,False,6,6464,0.8435795307159424,0.7736695811507247
924,False,6,6465,0.8724794387817383,0.7876440421456383
925,False,6,6466,0.8499777317047119,0.8189605396418346
926,False,6,6467,0.8032124042510986,0.8238908559793517
927,False,6,6468,0.8703632354736328,0.8592652657202314
928,False,6,6469,0.8443257808685303,0.7683481453430085
929,False,6,6470,0.8911192417144775,0.7849374306166458
930,False,6,6471,0.8624920845031738,0.7798239860151498
931,False,6,6472,0.8534765243530273,0.8355156004074075
932,False,6,6473,0.8629970550537109,0.7972627087008386
933,False,6,6474,0.848475456237793,0.8043510846438863
934,False,6,6475,0.8569207191467285,0.7968518623993508
935,False,6,6476,0.864295482635498,0.7734560483977908
936,False,6,6477,0.848546028137207,0.7575328633898781
937,False,6,6478,0.85992431640625,0.8341870437420548
938,False,6,6479,0.8318274021148682,0.8063176141253541
939,False,6,6480,0.8860909938812256,0.7953686522586004
940,False,6,6481,0.847740650177002,0.7888352281990505
941,False,6,6482,0.8533039093017578,0.8723208751706851
942,False,6,6483,0.856701135635376,0.7817042743166288
943,False,6,6484,0.8860893249511719,0.8093897302945453
944,False,6,6485,0.8506360054016113,0.8005057658467972
945,False,6,6486,0.8270847797393799,0.7723939699076471
946,False,6,6487,0.8600013256072998,0.8421432006926763
947,False,6,6488,0.8448309898376465,0.7704069580705394
948,False,6,6489,0.8647019863128662,0.8128846507696879
949,False,6,6490,0.8262143135070801,0.773850220477297
950,False,6,6491,0.855999231338501,0.7868902104951084
951,False,6,6492,0.8614604473114014,0.8513272429505987
952,False,6,6493,0.8485321998596191,0.7974060890930037
953,False,6,6494,0.8545513153076172,0.8049594552389213
954,False,6,6495,0.841820240020752,0.8226254855593046
955,False,6,6496,0.867112398147583,0.8880269467121078
956,False,6,6497,0.8634819984436035,0.8428266761558397
957,False,6,6498,0.8398423194885254,0.8392030894756317
958,False,6,6499,0.8652477264404297,0.8290451681684878
959,True,6,6500,0.9458844661712646,0.8118113238541852
960,False,6,6501,0.8906528949737549,0.8143971991680918
961,False,6,6502,0.8519983291625977,0.7863152552218665
962,False,6,6503,0.8516416549682617,0.8030483268556139
963,False,6,6504,0.863105058670044,0.794052493714151
964,False,6,6505,0.852135181427002,0.8445088384406908
965,False,6,6506,0.8440020084381104,0.8076564492214292
966,False,6,6507,0.8610408306121826,0.8127841984941846
967,False,6,6508,0.8474907875061035,0.8142939273800169
968,False,6,6509,0.8622920513153076,0.757899370576654
969,False,6,6510,0.8226320743560791,0.7582452591686021
970,False,6,6511,0.8547933101654053,0.7996446365224462
971,False,6,6512,0.8556735515594482,0.8158403342323644
972,False,6,6513,0.8862838745117188,0.8418180036048094
973,False,6,6514,0.8556041717529297,0.7751891102109635
974,False,6,6515,0.8470094203948975,0.8132541734902632
975,False,6,6516,0.8629522323608398,0.81136763663519
976,False,6,6517,0.8597214221954346,0.7810262624351753
977,False,6,6518,0.8492870330810547,0.7826217544220742
978,False,6,6519,0.8484687805175781,0.8438124839393863
979,False,6,6520,0.8628759384155273,0.8081543473970323
980,False,6,6521,0.8485400676727295,0.8569892921618052
981,False,6,6522,0.8395562171936035,0.7711986745042458
982,False,6,6523,0.860628604888916,0.8271679253805253
983,False,6,6524,0.8506374359130859,0.8322455421799705
984,False,6,6525,0.8536453247070312,0.8003629992405571
985,False,6,6526,0.8172709941864014,0.7795797469360489
986,False,6,6527,0.8615024089813232,0.8728642669462023
987,False,6,6528,0.8457260131835938,0.8538026029155369
988,False,6,6529,0.8491694927215576,0.7998415263635771
989,False,6,6530,0.828068733215332,0.8064075289737612
990,False,6,6531,0.8440022468566895,0.7683751320555094
991,False,6,6532,0.8848705291748047,0.8446019132222448
992,False,6,6533,0.8486766815185547,0.8136353091824623
993,False,6,6534,0.84279465675354,0.7868407659143922
994,False,6,6535,0.8642041683197021,0.8052708307015044
995,False,6,6536,0.8486714363098145,0.7905735691920635
996,False,6,6537,0.8609342575073242,0.8099820195209413
997,False,6,6538,0.833014965057373,0.8572900405242331
998,False,6,6539,0.8624832630157471,0.8297458775341509
999,False,6,6540,0.8612830638885498,0.8341105513806855
1000,False,6,6541,0.8446238040924072,0.7831027394249326
1001,False,6,6542,0.8410263061523438,0.7594383186882449
1002,False,6,6543,0.8518087863922119,0.8407051662604015
1003,False,6,6544,0.882958173751831,0.8576448421393124
1004,False,6,6545,0.8588771820068359,0.8223838850501037
1005,False,6,6546,0.9075407981872559,0.8372567331507093
1006,False,6,6547,0.9129953384399414,0.8240299842187335
1007,False,6,6548,0.9023017883300781,0.7643217022220296
1008,False,6,6549,0.9165287017822266,0.7676638311573436
1009,False,6,6550,0.8850762844085693,0.8269359804689883
1010,False,6,6551,0.915971040725708,0.7935392647272066
1011,False,6,6552,0.9174821376800537,0.8080341666936875
1012,False,6,6553,0.9085595607757568,0.7907113541095028
1013,False,6,6554,0.9205830097198486,0.7933247550612403
1014,False,6,6555,0.9026973247528076,0.7765302567609719
1015,False,6,6556,0.9285662174224854,0.8303880897306261
1016,False,6,6557,0.9032125473022461,0.8241510369947977
1017,False,6,6558,0.8977787494659424,0.8005438982730819
1018,False,6,6559,0.9315454959869385,0.8310281336307527
1019,False,6,6560,0.8899261951446533,0.764907740588699
1020,False,6,6561,0.92022705078125,0.7503026144667753
1021,False,6,6562,0.9205913543701172,0.8132382858367192
1022,False,6,6563,0.891444206237793,0.7662375543621325
1023,False,6,6564,0.9277513027191162,0.7797301496778218
1024,False,6,6565,0.8996458053588867,0.8151040417807441
1025,False,6,6566,0.9083173274993896,0.7892903550749731
1026,False,6,6567,0.9308221340179443,0.8291550523468427
1027,False,6,6568,0.8940467834472656,0.8227736868319059
1028,False,6,6569,0.920954704284668,0.7763706963686717
1029,False,6,6570,0.9264509677886963,0.8029824396861451
1030,False,6,6571,0.9018762111663818,0.8013044556691535
1031,False,6,6572,0.9258127212524414,0.7836141722897687
1032,False,6,6573,0.9022524356842041,0.7622436936057749
1033,False,6,6574,0.899268627166748,0.7949372853728988
1034,False,6,6575,0.9217514991760254,0.7755337460410024
1035,False,6,6576,0.8987541198730469,0.8180929188217434
1036,False,6,6577,0.9180083274841309,0.8440693804905528
1037,False,6,6578,0.9168262481689453,0.8150325619748662
1038,False,6,6579,0.9049503803253174,0.8147807873430707
1039,False,6,6580,0.9258706569671631,0.7937766281621796
1040,False,6,6581,0.8921544551849365,0.7925925794101897
1041,False,6,6582,0.9231805801391602,0.7850861263771852
1042,False,6,6583,0.9098424911499023,0.8387431016280538
1043,False,6,6584,0.9129126071929932,0.8403438570953549
1044,False,6,6585,0.9208459854125977,0.8248662927321025
1045,False,6,6586,0.8980698585510254,0.8108580211798349
1046,False,6,6587,0.92209792137146,0.7854969991104943
1047,False,6,6588,0.9087944030761719,0.8056537533799808
1048,False,6,6589,0.9128291606903076,0.8108807340973901
1049,False,6,6590,0.9260580539703369,0.7969581360618273
1050,False,6,6591,0.8942372798919678,0.7765274624384585
1051,False,6,6592,0.9207549095153809,0.8279346848527591
1052,False,6,6593,0.9144692420959473,0.7815500455243246
1053,False,6,6594,0.8987298011779785,0.7720350229314396
1054,False,6,6595,0.9285643100738525,0.7848495674275217
1055,False,6,6596,0.9115900993347168,0.7911937925077619
1056,False,6,6597,0.8989467620849609,0.7932667372127375
1057,False,6,6598,0.9257762432098389,0.8083202182537033
1058,False,6,6599,0.8925034999847412,0.8055022915913945
1059,True,6,6600,1.0055139064788818,0.8297855098332677
1060,False,6,6601,0.9249489307403564,0.7907163810339711
1061,False,6,6602,0.8939428329467773,0.7768667063542773
1062,False,6,6603,0.918764591217041,0.822907224386221
1063,False,6,6604,0.9214794635772705,0.7941253027390867
1064,False,6,6605,0.9001209735870361,0.8328032188472293
1065,False,6,6606,0.9323124885559082,0.7836799990563165
1066,False,6,6607,0.9085619449615479,0.7890350932166689
1067,False,6,6608,0.9072344303131104,0.828835876215072
1068,False,6,6609,0.9209575653076172,0.8006978907755443
1069,False,6,6610,0.8978357315063477,0.8083640124116624
1070,False,6,6611,0.925971508026123,0.8274899284754482
1071,False,6,6612,0.9075436592102051,0.7981870651599908
1072,False,6,6613,0.8934319019317627,0.8237867245361918
1073,False,6,6614,0.9294664859771729,0.7960054551561673
1074,False,6,6615,0.887183666229248,0.7786520850800331
1075,False,6,6616,0.9179043769836426,0.8335523215078172
1076,False,6,6617,0.923255443572998,0.7493838408873194
1077,False,6,6618,0.9069397449493408,0.7849813433630124
1078,False,6,6619,0.9123263359069824,0.7587294003793171
1079,False,6,6620,0.9133152961730957,0.8648780458385035
1080,False,6,6621,0.9172077178955078,0.8601939444031035
1081,False,6,6622,0.9063925743103027,0.7911516229311623
1082,False,6,6623,0.9112856388092041,0.8275292890057679
1083,False,6,6624,0.9224686622619629,0.77787649028358
1084,False,6,6625,0.8985028266906738,0.8158774152398109
1085,False,6,6626,0.9072036743164062,0.7660227957225982
1086,False,6,6627,0.9084434509277344,0.7705300347436044
1087,False,6,6628,0.9059352874755859,0.8069392586393016
1088,False,6,6629,0.9200196266174316,0.7855070825843586
1089,False,6,6630,0.9017043113708496,0.7955313825181553
1090,False,6,6631,0.9105896949768066,0.8282165357044766
1091,False,6,6632,0.9211187362670898,0.8189308375474952
1092,False,6,6633,0.8955366611480713,0.8530111437042553
1093,False,6,6634,0.9252007007598877,0.8153063122715268
1094,False,6,6635,0.9205999374389648,0.8085642967905315
1095,False,6,6636,0.8936424255371094,0.7812220780622391
1096,False,6,6637,0.9312410354614258,0.7873477761944133
1097,False,6,6638,0.8955717086791992,0.7869349758894671
1098,False,6,6639,0.9095697402954102,0.7988343983888625
1099,False,6,6640,0.924314022064209,0.8006997062336828
1100,False,6,6641,0.8325402736663818,0.7558453150448347
1101,False,6,6642,0.8629462718963623,0.8031274009318579
1102,False,6,6643,0.8204231262207031,0.7835638283618859
1103,False,6,6644,0.8606910705566406,0.8465194897282688
1104,False,6,6645,0.8561933040618896,0.8049386966796148
1105,False,6,6646,0.8470339775085449,0.8112509775729405
1106,False,6,6647,0.8432888984680176,0.8386331420569195
1107,False,6,6648,0.6927902698516846,0.8510154865327334
0,False,7,6649,0.8498809337615967,0.8033212192711378
1,False,7,6650,0.866081714630127,0.7715003763635953
2,False,7,6651,0.8140285015106201,0.785030055613745
3,False,7,6652,0.8610541820526123,0.8175451343967802
4,False,7,6653,0.8536524772644043,0.8403661357504979
5,False,7,6654,0.8463113307952881,0.8077937974816277
6,False,7,6655,0.8120369911193848,0.8301369618801843
7,False,7,6656,0.8416364192962646,0.7946072524147373
8,False,7,6657,0.8830399513244629,0.8131096377259209
9,False,7,6658,0.8449032306671143,0.7929289023436252
10,False,7,6659,0.8116910457611084,0.829211257043339
11,False,7,6660,0.8751311302185059,0.8427717281239373
12,False,7,6661,0.8430275917053223,0.7880751206761314
13,False,7,6662,0.8654851913452148,0.8208169121117819
14,False,7,6663,0.8157553672790527,0.8082462889807565
15,False,7,6664,0.8598361015319824,0.7836211811573731
16,False,7,6665,0.8525760173797607,0.7843622891675858
17,False,7,6666,0.8508749008178711,0.8098802800689425
18,False,7,6667,0.8385777473449707,0.8538279803026291
19,False,7,6668,0.85150146484375,0.8045301973110155
20,False,7,6669,0.8626296520233154,0.8160087576224692
21,False,7,6670,0.8644664287567139,0.7667595563190325
22,False,7,6671,0.8497359752655029,0.7986423733333747
23,False,7,6672,0.8441600799560547,0.8038355897934664
24,False,7,6673,0.8827805519104004,0.8094874616889727
25,False,7,6674,0.8427631855010986,0.8138160670087452
26,False,7,6675,0.8576195240020752,0.8346356664385116
27,False,7,6676,0.862576961517334,0.7772932772835096
28,False,7,6677,0.8454685211181641,0.8149181153802645
29,False,7,6678,0.8540394306182861,0.8086961521988824
30,False,7,6679,0.8379662036895752,0.8001512799944197
31,False,7,6680,0.8593199253082275,0.7586037494419585
32,False,7,6681,0.86124587059021,0.8070987147234734
33,False,7,6682,0.8483190536499023,0.7646874029721533
34,False,7,6683,0.8520121574401855,0.8395987284325418
35,False,7,6684,0.8561387062072754,0.8043895399286632
36,False,7,6685,0.8760578632354736,0.7902230595992433
37,False,7,6686,0.8538482189178467,0.7926312113801638
38,False,7,6687,0.8399648666381836,0.7704867800431593
39,False,7,6688,0.8813221454620361,0.8015658472265514
40,False,7,6689,0.8475801944732666,0.8418595166433426
41,False,7,6690,0.8418779373168945,0.8159166987807979
42,False,7,6691,0.8820281028747559,0.8097132114427432
43,False,7,6692,0.847543478012085,0.8344789265344541
44,False,7,6693,0.8590261936187744,0.7752691108201232
45,False,7,6694,0.7963705062866211,0.8094958730396771
46,False,7,6695,0.8622410297393799,0.8208285811401546
47,False,7,6696,0.8592941761016846,0.755067641891184
48,False,7,6697,0.850226640701294,0.7780747268171538
49,False,7,6698,0.813056230545044,0.8017099467771395
50,False,7,6699,0.8449828624725342,0.8195526842914875
51,True,7,6700,0.9642915725708008,0.7705191069593033
52,False,7,6701,0.8475685119628906,0.8100131083102455
53,False,7,6702,0.8351197242736816,0.8119903554519019
54,False,7,6703,0.8819091320037842,0.8031196956123623
55,False,7,6704,0.862738847732544,0.8215402783382507
56,False,7,6705,0.8575398921966553,0.8042301131146294
57,False,7,6706,0.8440136909484863,0.8144848208342278
58,False,7,6707,0.8858034610748291,0.744802394970542
59,False,7,6708,0.85005784034729,0.8241908979557809
60,False,7,6709,0.8451807498931885,0.8047166746996698
61,False,7,6710,0.8848583698272705,0.8017287258768365
62,False,7,6711,0.8563458919525146,0.7986765234243302
63,False,7,6712,0.8628313541412354,0.810460834098714
64,False,7,6713,0.8064026832580566,0.8146261363511995
65,False,7,6714,0.8641021251678467,0.8402519229622113
66,False,7,6715,0.8619475364685059,0.7855317273310252
67,False,7,6716,0.8487913608551025,0.7915540954896383
68,False,7,6717,0.8217930793762207,0.7877391633533296
69,False,7,6718,0.842923641204834,0.7290760194439263
70,False,7,6719,0.8690648078918457,0.8032651238498234
71,False,7,6720,0.8379144668579102,0.7706689271366314
72,False,7,6721,0.8115541934967041,0.7901510163432075
73,False,7,6722,0.8869550228118896,0.7966160273977688
74,False,7,6723,0.85188889503479,0.8197997524624778
75,False,7,6724,0.8699886798858643,0.7709975085620367
76,False,7,6725,0.8088808059692383,0.808243915438652
77,False,7,6726,0.8567206859588623,0.7974189001889456
78,False,7,6727,0.8646063804626465,0.7979641968295688
79,False,7,6728,0.8435506820678711,0.7880881499676478
80,False,7,6729,0.8100841045379639,0.8376737052486057
81,False,7,6730,0.8414385318756104,0.830137783040603
82,False,7,6731,0.8643591403961182,0.789249128351609
83,False,7,6732,0.8638880252838135,0.7971169694903351
84,False,7,6733,0.8114066123962402,0.7638520262691948
85,False,7,6734,0.8810570240020752,0.7856427158805586
86,False,7,6735,0.8498697280883789,0.7790400932232542
87,False,7,6736,0.8642702102661133,0.8646236001735641
88,False,7,6737,0.7921075820922852,0.8355960037027087
89,False,7,6738,0.8632769584655762,0.8328124582767488
90,False,7,6739,0.8778543472290039,0.7977870734674593
91,False,7,6740,0.8596816062927246,0.7999275536054657
92,False,7,6741,0.8112404346466064,0.7878336040746596
93,False,7,6742,0.8561508655548096,0.8662904472578139
94,False,7,6743,0.8465633392333984,0.8124926774984313
95,False,7,6744,0.8457844257354736,0.8288298433735256
96,False,7,6745,0.8250970840454102,0.8493754736014775
97,False,7,6746,0.841961145401001,0.7771687773721558
98,False,7,6747,0.8813035488128662,0.8032826064597993
99,False,7,6748,0.8483307361602783,0.8092085279169539
100,False,7,6749,0.825653076171875,0.7705231754197962
101,False,7,6750,0.8585946559906006,0.8047514028315034
102,False,7,6751,0.8470034599304199,0.8100084208306813
103,False,7,6752,0.8584070205688477,0.7619114727491423
104,False,7,6753,0.8002808094024658,0.7902796348290785
105,False,7,6754,0.8621833324432373,0.7812651914677449
106,False,7,6755,0.8623766899108887,0.8068079451719921
107,False,7,6756,0.8495731353759766,0.8210711975892385
108,False,7,6757,0.8068954944610596,0.8061945342591831
109,False,7,6758,0.8463108539581299,0.8020940887786094
110,False,7,6759,0.881554365158081,0.7996238555227008
111,False,7,6760,0.845952033996582,0.7981090238761335
112,False,7,6761,0.8352737426757812,0.8377492143994286
113,False,7,6762,0.8862707614898682,0.8385580700068247
114,False,7,6763,0.8509407043457031,0.776220754498527
115,False,7,6764,0.8583593368530273,0.7567434183632334
116,False,7,6765,0.8354344367980957,0.7692496116672244
117,False,7,6766,0.8635382652282715,0.7507859262682143
118,False,7,6767,0.8591327667236328,0.7416954475144547
119,False,7,6768,0.8490610122680664,0.8169422447681427
120,False,7,6769,0.8432207107543945,0.8158857008176191
121,False,7,6770,0.8472442626953125,0.7889744185266041
122,False,7,6771,0.8625891208648682,0.8030019406051864
123,False,7,6772,0.8479540348052979,0.8100330772854033
124,False,7,6773,0.8400547504425049,0.844307293849332
125,False,7,6774,0.8638806343078613,0.8191047615948177
126,False,7,6775,0.8674249649047852,0.7679909925375668
127,False,7,6776,0.8491346836090088,0.7690027639979409
128,False,7,6777,0.843813419342041,0.8203549707929293
129,False,7,6778,0.8600540161132812,0.8363984816131138
130,False,7,6779,0.8516676425933838,0.8347449146565937
131,False,7,6780,0.8556952476501465,0.7862584111945969
132,False,7,6781,0.8181085586547852,0.8038877573396478
133,False,7,6782,0.8604907989501953,0.7683658965286754
134,False,7,6783,0.8520457744598389,0.8138831589548361
135,False,7,6784,0.8475706577301025,0.8048704514900844
136,False,7,6785,0.8193860054016113,0.8323075586841218
137,False,7,6786,0.8451337814331055,0.8021211145179611
138,False,7,6787,0.8805346488952637,0.7694710705961499
139,False,7,6788,0.85343337059021,0.7738143309862131
140,False,7,6789,0.7940273284912109,0.8159791216963814
141,False,7,6790,0.8832523822784424,0.7514555319434121
142,False,7,6791,0.8542194366455078,0.8203517546256384
143,False,7,6792,0.9406683444976807,0.7621558120562919
144,False,7,6793,0.9341802597045898,0.7987665427582605
145,False,7,6794,0.925945520401001,0.7833182048052548
146,False,7,6795,0.9430954456329346,0.8499130627938678
147,False,7,6796,0.9313971996307373,0.7857705439840047
148,False,7,6797,0.9246680736541748,0.8525650611235982
149,False,7,6798,0.9429330825805664,0.8311605652173361
150,False,7,6799,0.9283297061920166,0.8014965302177838
151,True,7,6800,0.9897201061248779,0.8081389456277802
152,False,7,6801,0.9424228668212891,0.8066870100086643
153,False,7,6802,0.9216852188110352,0.789456355429831
154,False,7,6803,0.945476770401001,0.8101033585234769
155,False,7,6804,0.9461634159088135,0.770467459889395
156,False,7,6805,0.9277083873748779,0.7888404086586974
157,False,7,6806,0.9401161670684814,0.8062930642848923
158,False,7,6807,0.9206333160400391,0.8006673742617878
159,False,7,6808,0.9414327144622803,0.7807099648884364
160,False,7,6809,0.9329922199249268,0.7972576454991388
161,False,7,6810,0.9313795566558838,0.8052846179122018
162,False,7,6811,0.9065675735473633,0.8042095686708177
163,False,7,6812,0.9216172695159912,0.786628640123776
164,False,7,6813,0.9409892559051514,0.8078483371507553
165,False,7,6814,0.9102733135223389,0.8268788666242644
166,False,7,6815,0.9019157886505127,0.7448887228965759
167,False,7,6816,0.880089521408081,0.7668617057303588
168,False,7,6817,0.8570609092712402,0.7999786276902471
169,False,7,6818,0.8517680168151855,0.8052912326086135
170,False,7,6819,0.837186336517334,0.8011567995306991
171,False,7,6820,0.8347103595733643,0.8211159315847215
172,False,7,6821,0.863900899887085,0.8086705378123691
173,False,7,6822,0.8618869781494141,0.8177831659004801
174,False,7,6823,0.837195873260498,0.8237586794864562
175,False,7,6824,0.855323076248169,0.8085396864584513
176,False,7,6825,0.8515346050262451,0.8116741347171013
177,False,7,6826,0.8863503932952881,0.7891134290645518
178,False,7,6827,0.8405928611755371,0.7901054106297948
179,False,7,6828,0.8437438011169434,0.8157548443192527
180,False,7,6829,0.8985965251922607,0.7852504838790212
181,False,7,6830,0.83146071434021,0.7699178932678132
182,False,7,6831,0.8192131519317627,0.8563177791379746
183,False,7,6832,0.8571343421936035,0.8656684103466217
184,False,7,6833,0.844336986541748,0.808217470489797
185,False,7,6834,0.8597884178161621,0.7806091356490342
186,False,7,6835,0.8303265571594238,0.7953745311214809
187,False,7,6836,0.8594732284545898,0.820093333721161
188,False,7,6837,0.8494436740875244,0.7983232066035271
189,False,7,6838,0.8703749179840088,0.7875947068844521
190,False,7,6839,0.8388156890869141,0.8239267766475679
191,False,7,6840,0.8541953563690186,0.8365713290515401
192,False,7,6841,0.8486309051513672,0.7899755654590469
193,False,7,6842,0.8517582416534424,0.7959160306269215
194,False,7,6843,0.8534038066864014,0.8038031458854676
195,False,7,6844,0.8366076946258545,0.8178225274951686
196,False,7,6845,0.8767642974853516,0.8362923590909868
197,False,7,6846,0.8470325469970703,0.7772167821725209
198,False,7,6847,0.8534097671508789,0.7991299751613822
199,False,7,6848,0.8764350414276123,0.7491133221912952
200,False,7,6849,0.8451521396636963,0.8070011969123568
201,False,7,6850,0.8614652156829834,0.8436917811632157
202,False,7,6851,0.8041250705718994,0.7813378489088445
203,False,7,6852,0.8578929901123047,0.8027746661433154
204,False,7,6853,0.8615732192993164,0.7927082221777666
205,False,7,6854,0.8511991500854492,0.7733121250002158
206,False,7,6855,0.8257555961608887,0.7942256061803726
207,False,7,6856,0.8477869033813477,0.8303611562365577
208,False,7,6857,0.8637843132019043,0.8029202833062126
209,False,7,6858,0.8588488101959229,0.8048559349207651
210,False,7,6859,0.8230674266815186,0.7407627495981396
211,False,7,6860,0.8554596900939941,0.8285463750362396
212,False,7,6861,0.8505420684814453,0.7213496910851624
213,False,7,6862,0.8824074268341064,0.7845635977351948
214,False,7,6863,0.8398253917694092,0.8160559194428579
215,False,7,6864,0.848768949508667,0.8275788142567588
216,False,7,6865,0.8778641223907471,0.7552045197004363
217,False,7,6866,0.8463006019592285,0.8206258792252769
218,False,7,6867,0.8068418502807617,0.7538513278677349
219,False,7,6868,0.857921838760376,0.7853202555506004
220,False,7,6869,0.8493640422821045,0.8028194407622019
221,False,7,6870,0.8599522113800049,0.7894254007509776
222,False,7,6871,0.799501895904541,0.7981707427118505
223,False,7,6872,0.8629953861236572,0.7492550480223837
224,False,7,6873,0.8459939956665039,0.8026652737032802
225,False,7,6874,0.8629019260406494,0.8130023323354266
226,False,7,6875,0.8121888637542725,0.7913888746074268
227,False,7,6876,0.877995491027832,0.8046211834464754
228,False,7,6877,0.8493585586547852,0.7879649680551318
229,False,7,6878,0.8861954212188721,0.812847301363945
230,False,7,6879,0.8204915523529053,0.762619575485587
231,False,7,6880,0.8380520343780518,0.8023219711723782
232,False,7,6881,0.8615696430206299,0.8009231097641444
233,False,7,6882,0.8511371612548828,0.8035871822919164
234,False,7,6883,0.8207018375396729,0.7506280580446832
235,False,7,6884,0.8481686115264893,0.7813162230664777
236,False,7,6885,0.8599953651428223,0.7941770464891479
237,False,7,6886,0.8689627647399902,0.8119024708867073
238,False,7,6887,0.7994632720947266,0.7666237125439302
239,False,7,6888,0.8610899448394775,0.7910749827112472
240,False,7,6889,0.8499858379364014,0.7579534891105831
241,False,7,6890,0.8831303119659424,0.8265444600865955
242,False,7,6891,0.8532307147979736,0.830842537539346
243,False,7,6892,0.8471548557281494,0.7837913549017339
244,False,7,6893,0.8598172664642334,0.7605315178987526
245,False,7,6894,0.8494057655334473,0.752492593867438
246,False,7,6895,0.8439035415649414,0.8082889857746305
247,False,7,6896,0.8533573150634766,0.7210021939660822
248,False,7,6897,0.8419392108917236,0.7869386410429364
249,False,7,6898,0.8596198558807373,0.785147493793851
250,False,7,6899,0.8153316974639893,0.8326847306674434
251,True,7,6900,0.9561474323272705,0.7433630318513936
252,False,7,6901,0.8535175323486328,0.792276419699192
253,False,7,6902,0.8390481472015381,0.8056554418234599
254,False,7,6903,0.8513748645782471,0.8262254248062769
255,False,7,6904,0.8524258136749268,0.7816760759978066
256,False,7,6905,0.883192777633667,0.7995536125132015
257,False,7,6906,0.8166518211364746,0.8238971041781561
258,False,7,6907,0.8586735725402832,0.8219405834873518
259,False,7,6908,0.8632550239562988,0.8031575225648424
260,False,7,6909,0.8665680885314941,0.7867743894457817
261,False,7,6910,0.8326671123504639,0.8457697757652828
262,False,7,6911,0.8625602722167969,0.8160853953588577
263,False,7,6912,0.8711714744567871,0.8025189531700951
264,False,7,6913,0.8520689010620117,0.7639480383978005
265,False,7,6914,0.83966064453125,0.8099383853730703
266,False,7,6915,0.8426542282104492,0.8173247689292545
267,False,7,6916,0.8624472618103027,0.7798055224120616
268,False,7,6917,0.8632748126983643,0.8122613373256865
269,False,7,6918,0.8209357261657715,0.7991247879607336
270,False,7,6919,0.864647626876831,0.844357858101527
271,False,7,6920,0.850590705871582,0.7870276103771868
272,False,7,6921,0.8832387924194336,0.8370091528410004
273,False,7,6922,0.8334133625030518,0.7554458223638081
274,False,7,6923,0.8479359149932861,0.8112119132918972
275,False,7,6924,0.8824958801269531,0.8001663819665001
276,False,7,6925,0.8484933376312256,0.768969906848811
277,False,7,6926,0.8396363258361816,0.8067420941023599
278,False,7,6927,0.8568925857543945,0.7757586645228522
279,False,7,6928,0.8523175716400146,0.8270729961139818
280,False,7,6929,0.8643684387207031,0.7877831586769648
281,False,7,6930,0.8233175277709961,0.7708725042286374
282,False,7,6931,0.8661015033721924,0.7654889458346934
283,False,7,6932,0.8610243797302246,0.7610880054001297
284,False,7,6933,0.8445827960968018,0.7883350714331582
285,False,7,6934,0.8319287300109863,0.8104379329653014
286,False,7,6935,0.8533873558044434,0.7948592432907648
287,False,7,6936,0.8722960948944092,0.783053046535878
288,False,7,6937,0.8553273677825928,0.825447149219967
289,False,7,6938,0.8138077259063721,0.7209974878600666
290,False,7,6939,0.8875362873077393,0.7877707758120128
291,False,7,6940,0.847149133682251,0.7873887235210055
292,False,7,6941,0.8403313159942627,0.8316012762841726
293,False,7,6942,0.8102459907531738,0.7759507585849079
294,False,7,6943,0.8618807792663574,0.7878263269861538
295,False,7,6944,0.8834011554718018,0.7999125452978268
296,False,7,6945,0.8685564994812012,0.7992338602031981
297,False,7,6946,0.8279707431793213,0.814425848069645
298,False,7,6947,0.8644733428955078,0.8086424846024742
299,False,7,6948,0.8538312911987305,0.7682147664683205
300,False,7,6949,0.8434758186340332,0.8158760808763051
301,False,7,6950,0.8248965740203857,0.8400673749191419
302,False,7,6951,0.8419013023376465,0.8017504023654122
303,False,7,6952,0.862668514251709,0.8322142859299977
304,False,7,6953,0.8494448661804199,0.8024634179614838
305,False,7,6954,0.8043360710144043,0.7955924410905155
306,False,7,6955,0.8799571990966797,0.7922085573275883
307,False,7,6956,0.8484785556793213,0.7728512553232055
308,False,7,6957,0.8812122344970703,0.7863108904234001
309,False,7,6958,0.853085994720459,0.738521036647615
310,False,7,6959,0.8483827114105225,0.795706884846801
311,False,7,6960,0.8590216636657715,0.7841050555663449
312,False,7,6961,0.8429503440856934,0.7927716963347934
313,False,7,6962,0.8412885665893555,0.8254474078615507
314,False,7,6963,0.8574934005737305,0.7903504889635812
315,False,7,6964,0.8422291278839111,0.7717362986434073
316,False,7,6965,0.8589723110198975,0.7629485458490394
317,False,7,6966,0.8132822513580322,0.798500498490674
318,False,7,6967,0.8610200881958008,0.789871875551485
319,False,7,6968,0.8523597717285156,0.7837857866571064
320,False,7,6969,0.8487365245819092,0.7549445677016462
321,False,7,6970,0.813521146774292,0.7668380405576456
322,False,7,6971,0.8496310710906982,0.818558865714641
323,False,7,6972,0.8803291320800781,0.8205569539041748
324,False,7,6973,0.8443982601165771,0.7927865109273367
325,False,7,6974,0.820338249206543,0.8473732109580722
326,False,7,6975,0.855269193649292,0.7683922994349685
327,False,7,6976,0.8468916416168213,0.7618160953833942
328,False,7,6977,0.8580591678619385,0.7641627747742903
329,False,7,6978,0.8324353694915771,0.7617793853084246
330,False,7,6979,0.8443601131439209,0.770790503670772
331,False,7,6980,0.8567020893096924,0.7510358151935396
332,False,7,6981,0.8604841232299805,0.7929890522999423
333,False,7,6982,0.7951562404632568,0.7480812356585547
334,False,7,6983,0.8604025840759277,0.8155466243624686
335,False,7,6984,0.8450238704681396,0.7623473707409133
336,False,7,6985,0.8823034763336182,0.8178904767902124
337,False,7,6986,0.8384265899658203,0.7827724411728835
338,False,7,6987,0.8477754592895508,0.7953038118070079
339,False,7,6988,0.8640835285186768,0.7758064199061621
340,False,7,6989,0.8494422435760498,0.7947236505292711
341,False,7,6990,0.8387196063995361,0.7699299312773203
342,False,7,6991,0.854865312576294,0.7859924722995076
343,False,7,6992,0.8406047821044922,0.7973479578892388
344,False,7,6993,0.8583731651306152,0.8479822817302888
345,False,7,6994,0.8101763725280762,0.8089599162340164
346,False,7,6995,0.8552341461181641,0.804607728762286
347,False,7,6996,0.8588571548461914,0.8729524321499325
348,False,7,6997,0.8425779342651367,0.783047824920643
349,False,7,6998,0.8177111148834229,0.8359872074354262
350,False,7,6999,0.8481810092926025,0.7771210720141728
351,True,7,7000,0.9686274528503418,0.8170642930836904
352,False,7,7001,0.8509764671325684,0.7957773112824986
353,False,7,7002,0.8428056240081787,0.8096306029529796
354,False,7,7003,0.8825395107269287,0.7935420175393422
355,False,7,7004,0.8502597808837891,0.7802574020766077
356,False,7,7005,0.8283247947692871,0.7616645115472018
357,False,7,7006,0.8587207794189453,0.8028715870210104
358,False,7,7007,0.847567081451416,0.8351273472820011
359,False,7,7008,0.8669123649597168,0.8012448008216563
360,False,7,7009,0.7936294078826904,0.8583837818531763
361,False,7,7010,0.8601109981536865,0.8396084613743283
362,False,7,7011,0.8428668975830078,0.8247600818673769
363,False,7,7012,0.8804359436035156,0.8019719471534095
364,False,7,7013,0.8170371055603027,0.7926735872668881
365,False,7,7014,0.8807463645935059,0.8125513912666412
366,False,7,7015,0.8430228233337402,0.8815680291681065
367,False,7,7016,0.8648772239685059,0.8024465349458512
368,False,7,7017,0.820756196975708,0.8070663231469335
369,False,7,7018,0.8583540916442871,0.7778972919498172
370,False,7,7019,0.8616323471069336,0.7841086567689974
371,False,7,7020,0.8411567211151123,0.8093409169287908
372,False,7,7021,0.8276653289794922,0.7609745633034478
373,False,7,7022,0.8474996089935303,0.7830375523439476
374,False,7,7023,0.8687818050384521,0.7775853815532866
375,False,7,7024,0.8647928237915039,0.8053442349746114
376,False,7,7025,0.8108940124511719,0.8041509098949888
377,False,7,7026,0.8796412944793701,0.8052860381347793
378,False,7,7027,0.8521728515625,0.7886698531607786
379,False,7,7028,0.8825154304504395,0.7576431092761812
380,False,7,7029,0.8707807064056396,0.7637906303363187
381,False,7,7030,0.8524672985076904,0.7923787126228922
382,False,7,7031,0.8644711971282959,0.7782968649906772
383,False,7,7032,0.8321208953857422,0.8095196740967886
384,False,7,7033,0.8543829917907715,0.7577428957890899
385,False,7,7034,0.8625907897949219,0.8337767702482994
386,False,7,7035,0.8521018028259277,0.7505473787231103
387,False,7,7036,0.8549637794494629,0.8323191517875308
388,False,7,7037,0.843207597732544,0.7803072936478117
389,False,7,7038,0.8652012348175049,0.8173703228433927
390,False,7,7039,0.859872579574585,0.8445586874371481
391,False,7,7040,0.8374800682067871,0.7682179670248711
392,False,7,7041,0.8578786849975586,0.8186535459189189
393,False,7,7042,0.8458027839660645,0.7807977838175635
394,False,7,7043,0.879885196685791,0.8197349317017055
395,False,7,7044,0.8286738395690918,0.7929485881967204
396,False,7,7045,0.8575174808502197,0.7639939607608882
397,False,7,7046,0.860680341720581,0.834479340485164
398,False,7,7047,0.8612308502197266,0.8095078411556424
399,False,7,7048,0.8502640724182129,0.8457859073366437
400,False,7,7049,0.8550436496734619,0.8054139152878808
401,False,7,7050,0.8627948760986328,0.8027416639739559
402,False,7,7051,0.8480544090270996,0.7791642181220509
403,False,7,7052,0.8639225959777832,0.7992005589462463
404,False,7,7053,0.8387196063995361,0.7824955495695273
405,False,7,7054,0.861933708190918,0.814767902450902
406,False,7,7055,0.8617985248565674,0.8711253849878198
407,False,7,7056,0.8480989933013916,0.7686524497611184
408,False,7,7057,0.8476924896240234,0.7823740637728147
409,False,7,7058,0.8458263874053955,0.7868985680064985
410,False,7,7059,0.8795816898345947,0.8184981537716729
411,False,7,7060,0.8591713905334473,0.788121019800504
412,False,7,7061,0.8356492519378662,0.7968922489810557
413,False,7,7062,0.8770253658294678,0.774280865987142
414,False,7,7063,0.845522403717041,0.869491711613678
415,False,7,7064,0.8604559898376465,0.8287944674846671
416,False,7,7065,0.8827154636383057,0.7869796218971411
417,False,7,7066,0.8511703014373779,0.8644917703100612
418,False,7,7067,0.8813536167144775,0.7654697451563107
419,False,7,7068,0.7995047569274902,0.8597992708285648
420,False,7,7069,0.8576109409332275,0.7392236483948571
421,False,7,7070,0.8638441562652588,0.8412337152376059
422,False,7,7071,0.8447742462158203,0.7787552294986587
423,False,7,7072,0.8165719509124756,0.8191103999103818
424,False,7,7073,0.8414604663848877,0.8041231965734846
425,False,7,7074,0.8598134517669678,0.8442178865273795
426,False,7,7075,0.8571248054504395,0.8395051445279802
427,False,7,7076,0.8213303089141846,0.8349092978806724
428,False,7,7077,0.8826010227203369,0.7971753857675051
429,False,7,7078,0.8492505550384521,0.8281667463126637
430,False,7,7079,0.8566939830780029,0.792780638450668
431,False,7,7080,0.8092269897460938,0.7802592682696524
432,False,7,7081,0.8663556575775146,0.7806726506068592
433,False,7,7082,0.8751189708709717,0.8025502782492412
434,False,7,7083,0.8635408878326416,0.7903048866206691
435,False,7,7084,0.7992892265319824,0.8104089452397255
436,False,7,7085,0.8656353950500488,0.8344279907289005
437,False,7,7086,0.851038932800293,0.8221102076626959
438,False,7,7087,0.8681018352508545,0.7678552344441414
439,False,7,7088,0.8193321228027344,0.8488359947999319
440,False,7,7089,0.8472445011138916,0.7998931478886376
441,False,7,7090,0.8814575672149658,0.8156023238386427
442,False,7,7091,0.8496801853179932,0.8209378753921814
443,False,7,7092,0.8358561992645264,0.7789693653938315
444,False,7,7093,0.865828275680542,0.8213237091189338
445,False,7,7094,0.8488235473632812,0.7628923398220823
446,False,7,7095,0.8661458492279053,0.8408680547560965
447,False,7,7096,0.8197388648986816,0.7695475353726318
448,False,7,7097,0.8621761798858643,0.7927362443435759
449,False,7,7098,0.8628499507904053,0.7967304736375809
450,False,7,7099,0.8467562198638916,0.8659964246409279
451,True,7,7100,0.9192183017730713,0.7498912259581545
452,False,7,7101,0.8442676067352295,0.8527105400959649
453,False,7,7102,0.8635175228118896,0.8206880844774701
454,False,7,7103,0.8390240669250488,0.8374396369215991
455,False,7,7104,0.8470196723937988,0.803462050677765
456,False,7,7105,0.8829071521759033,0.7298026948812463
457,False,7,7106,0.8474705219268799,0.8756753600069456
458,False,7,7107,0.8126397132873535,0.7691542541696913
459,False,7,7108,0.8562848567962646,0.7913854237468467
460,False,7,7109,0.84346604347229,0.8356805369257928
461,False,7,7110,0.8606748580932617,0.7673423584728013
462,False,7,7111,0.8160479068756104,0.7473834086032142
463,False,7,7112,0.8622288703918457,0.7849329899819122
464,False,7,7113,0.8420724868774414,0.8227776473476773
465,False,7,7114,0.883979320526123,0.8245603298502309
466,False,7,7115,0.8319768905639648,0.7985652491805099
467,False,7,7116,0.8600125312805176,0.7857962697744371
468,False,7,7117,0.8413910865783691,0.7622942534231005
469,False,7,7118,0.8604977130889893,0.7967103820826329
470,False,7,7119,0.8354125022888184,0.7983582658427105
471,False,7,7120,0.8407282829284668,0.7836942140545164
472,False,7,7121,0.8816158771514893,0.7398975935010683
473,False,7,7122,0.8422896862030029,0.7845633413110461
474,False,7,7123,0.8091769218444824,0.8113905631360554
475,False,7,7124,0.865551233291626,0.7996632797377451
476,False,7,7125,0.8461761474609375,0.8463397909487999
477,False,7,7126,0.865525484085083,0.7951639287528536
478,False,7,7127,0.8166868686676025,0.7871935087300483
479,False,7,7128,0.8630495071411133,0.8245461476700646
480,False,7,7129,0.8442173004150391,0.835607636010363
481,False,7,7130,0.8538033962249756,0.7917016066965603
482,False,7,7131,0.8372509479522705,0.8182890301658993
483,False,7,7132,0.8433554172515869,0.7650332716958862
484,False,7,7133,0.882338285446167,0.7870091465967042
485,False,7,7134,0.8479344844818115,0.8124743827751705
486,False,7,7135,0.8334717750549316,0.8059601343813397
487,False,7,7136,0.8633930683135986,0.8298103490046091
488,False,7,7137,0.844001293182373,0.784694375026794
489,False,7,7138,0.8628716468811035,0.8014089381765751
490,False,7,7139,0.8069732189178467,0.8365237113265764
491,False,7,7140,0.8728117942810059,0.7606642640062742
492,False,7,7141,0.8627755641937256,0.7811125818462598
493,False,7,7142,0.8420412540435791,0.760524616000198
494,False,7,7143,0.8265423774719238,0.7846892357227347
495,False,7,7144,0.8492996692657471,0.8120423585531259
496,False,7,7145,0.8729953765869141,0.8152425629752025
497,False,7,7146,0.8436293601989746,0.7764698281174612
498,False,7,7147,0.8096437454223633,0.777429386973381
499,False,7,7148,0.8454241752624512,0.8163387193566277
500,False,7,7149,0.8575572967529297,0.7929375017327923
501,False,7,7150,0.8640286922454834,0.7765711567231587
502,False,7,7151,0.8388895988464355,0.7868334239437467
503,False,7,7152,0.8474102020263672,0.7806139850900286
504,False,7,7153,0.8516719341278076,0.7698493990160171
505,False,7,7154,0.8664422035217285,0.8198362897549357
506,False,7,7155,0.8307716846466064,0.7653270709727493
507,False,7,7156,0.8554539680480957,0.7907158398912068
508,False,7,7157,0.8559870719909668,0.7588897537706152
509,False,7,7158,0.8630998134613037,0.7682512037101247
510,False,7,7159,0.8499863147735596,0.7505473466146559
511,False,7,7160,0.8458857536315918,0.7947148568928243
512,False,7,7161,0.8791065216064453,0.7497746089384668
513,False,7,7162,0.871802568435669,0.7622034588739987
514,False,7,7163,0.811302900314331,0.7396220852221761
515,False,7,7164,0.861574649810791,0.7990523633502777
516,False,7,7165,0.8454599380493164,0.7849282739417893
517,False,7,7166,0.8567116260528564,0.7532838568800972
518,False,7,7167,0.8085594177246094,0.8085976502015478
519,False,7,7168,0.857595682144165,0.7667918843882424
520,False,7,7169,0.8509674072265625,0.8195756042287463
521,False,7,7170,0.8501214981079102,0.8210974541448414
522,False,7,7171,0.8413405418395996,0.7812096063225044
523,False,7,7172,0.8435227870941162,0.758876750866572
524,False,7,7173,0.8658359050750732,0.7467782524015222
525,False,7,7174,0.8481848239898682,0.8138035204084146
526,False,7,7175,0.8514118194580078,0.7625564201956702
527,False,7,7176,0.8764572143554688,0.8009621245520456
528,False,7,7177,0.8466784954071045,0.7783003179799942
529,False,7,7178,0.8523116111755371,0.7394224119683108
530,False,7,7179,0.8206701278686523,0.7623162446987061
531,False,7,7180,0.8592917919158936,0.8416427920262022
532,False,7,7181,0.928356409072876,0.8178669065237044
533,False,7,7182,0.9294912815093994,0.781481615134648
534,False,7,7183,0.9121222496032715,0.8092527744315922
535,False,7,7184,0.9266057014465332,0.8058038418669077
536,False,7,7185,0.9503097534179688,0.7768968475006875
537,False,7,7186,0.9517614841461182,0.7784234540803091
538,False,7,7187,0.9128475189208984,0.7616507386167843
539,False,7,7188,0.9421956539154053,0.7903834201750302
540,False,7,7189,0.9245681762695312,0.7822563623388608
541,False,7,7190,0.9447910785675049,0.806508514143172
542,False,7,7191,0.8941800594329834,0.803761102968738
543,False,7,7192,0.9495539665222168,0.762967128484022
544,False,7,7193,0.9457087516784668,0.7413281282143933
545,False,7,7194,0.9307706356048584,0.81659928762487
546,False,7,7195,0.8351480960845947,0.7912345209292003
547,False,7,7196,0.8526103496551514,0.8114774234238125
548,False,7,7197,0.8459882736206055,0.7924008958396457
549,False,7,7198,0.8600213527679443,0.7883458921597117
550,False,7,7199,0.7965512275695801,0.732652922116575
551,True,7,7200,0.9529495239257812,0.801509769544715
552,False,7,7201,0.8484394550323486,0.8481821673257011
553,False,7,7202,0.8526458740234375,0.7894867610718522
554,False,7,7203,0.8420920372009277,0.7565718527351107
555,False,7,7204,0.8453912734985352,0.834886809544904
556,False,7,7205,0.8748857975006104,0.7785341429213684
557,False,7,7206,0.8569560050964355,0.771981113900741
558,False,7,7207,0.8439843654632568,0.7602572664618492
559,False,7,7208,0.8794920444488525,0.7857079452701976
560,False,7,7209,0.8478295803070068,0.7756178677082061
561,False,7,7210,0.844043493270874,0.8279084321998413
562,False,7,7211,0.8574132919311523,0.8194532876922971
563,False,7,7212,0.8540744781494141,0.7560489722305819
564,False,7,7213,0.8681583404541016,0.8322493471205233
565,False,7,7214,0.8043873310089111,0.8468326110215413
566,False,7,7215,0.8575921058654785,0.7547869582970936
567,False,7,7216,0.8445122241973877,0.8191715443418139
568,False,7,7217,0.8749489784240723,0.7445817466470458
569,False,7,7218,0.8266572952270508,0.8163602855943499
570,False,7,7219,0.8638002872467041,0.8180083199625924
571,False,7,7220,0.8493762016296387,0.7527944715250106
572,False,7,7221,0.8725786209106445,0.7681726682044212
573,False,7,7222,0.8320517539978027,0.7826622958694187
574,False,7,7223,0.8410079479217529,0.7879046098816963
575,False,7,7224,0.8863241672515869,0.771205595029252
576,False,7,7225,0.8473455905914307,0.8004622803557487
577,False,7,7226,0.8357057571411133,0.7594994781982333
578,False,7,7227,0.86309814453125,0.7869496052375152
579,False,7,7228,0.8489010334014893,0.8042788849700065
580,False,7,7229,0.8652739524841309,0.8047197798178309
581,False,7,7230,0.8301882743835449,0.8010438724997497
582,False,7,7231,0.8656764030456543,0.768727043022712
583,False,7,7232,0.8620998859405518,0.7806055552902675
584,False,7,7233,0.8447699546813965,0.765582559009393
585,False,7,7234,0.8491880893707275,0.8168841689115479
586,False,7,7235,0.8356795310974121,0.8260014191979453
587,False,7,7236,0.8864607810974121,0.7832538301036472
588,False,7,7237,0.8573513031005859,0.8277980280773979
589,False,7,7238,0.8428409099578857,0.801840025931597
590,False,7,7239,0.8868575096130371,0.7785786295398359
591,False,7,7240,0.8475611209869385,0.771925781276964
592,False,7,7241,0.8475065231323242,0.7822549052181699
593,False,7,7242,0.8686931133270264,0.7788177483848164
594,False,7,7243,0.8497695922851562,0.7996733990453538
595,False,7,7244,0.864605188369751,0.8302167881102788
596,False,7,7245,0.8143560886383057,0.8044597263492289
597,False,7,7246,0.864830732345581,0.8276579262067875
598,False,7,7247,0.8618354797363281,0.7785490733527002
599,False,7,7248,0.8499541282653809,0.8213780405265945
600,False,7,7249,0.8319554328918457,0.8327525286447434
601,False,7,7250,0.8443794250488281,0.7637454684646356
602,False,7,7251,0.8857862949371338,0.793081344415744
603,False,7,7252,0.8456556797027588,0.7629021737901939
604,False,7,7253,0.8098626136779785,0.7711720984606516
605,False,7,7254,0.8679230213165283,0.7747625130273046
606,False,7,7255,0.8640589714050293,0.7952863315031642
607,False,7,7256,0.8446128368377686,0.7534076539533479
608,False,7,7257,0.81673264503479,0.7818396712342899
609,False,7,7258,0.8459444046020508,0.8274876697077638
610,False,7,7259,0.8666684627532959,0.822338439878963
611,False,7,7260,0.8555972576141357,0.8162023559922265
612,False,7,7261,0.7932302951812744,0.8257636892653647
613,False,7,7262,0.8725466728210449,0.788430021100101
614,False,7,7263,0.8447339534759521,0.7548841649577733
615,False,7,7264,0.8740086555480957,0.773601199189822
616,False,7,7265,0.8284006118774414,0.8166128716298511
617,False,7,7266,0.845196008682251,0.7754369420664651
618,False,7,7267,0.8600630760192871,0.7981724861477102
619,False,7,7268,0.8493607044219971,0.7421101672308787
620,False,7,7269,0.808424711227417,0.7911870625047458
621,False,7,7270,0.8486263751983643,0.7682718826191764
622,False,7,7271,0.8605725765228271,0.8284779474848791
623,False,7,7272,0.867095947265625,0.7645565400875749
624,False,7,7273,0.799100399017334,0.7525209223940259
625,False,7,7274,0.8639981746673584,0.7885459546177164
626,False,7,7275,0.8433065414428711,0.7771982103586197
627,False,7,7276,0.8792707920074463,0.7631074977772576
628,False,7,7277,0.8335525989532471,0.7583719876905283
629,False,7,7278,0.8430280685424805,0.7697639674657868
630,False,7,7279,0.8629212379455566,0.8353887791080136
631,False,7,7280,0.8480403423309326,0.7789648444879622
632,False,7,7281,0.8290016651153564,0.8366734651582582
633,False,7,7282,0.8579390048980713,0.835806479056676
634,False,7,7283,0.8524549007415771,0.7676456613200051
635,False,7,7284,0.8703315258026123,0.7980204416172845
636,False,7,7285,0.8031997680664062,0.8378979290525119
637,False,7,7286,0.8789677619934082,0.7532573903777768
638,False,7,7287,0.8443379402160645,0.758297763676161
639,False,7,7288,0.8573572635650635,0.8082870408183053
640,False,7,7289,0.8274891376495361,0.8208847741285961
641,False,7,7290,0.8589267730712891,0.7899712946798119
642,False,7,7291,0.8468787670135498,0.8003981478867077
643,False,7,7292,0.865166187286377,0.7489124784866971
644,False,7,7293,0.8127939701080322,0.7984752280726318
645,False,7,7294,0.8689959049224854,0.7696833161725883
646,False,7,7295,0.8633811473846436,0.8260136778865541
647,False,7,7296,0.8486478328704834,0.7808866713728223
648,False,7,7297,0.8242018222808838,0.8099425085598513
649,False,7,7298,0.8452663421630859,0.7912081877390547
650,False,7,7299,0.8609247207641602,0.7330418770157155
651,True,7,7300,0.9410362243652344,0.7832382881925217
652,False,7,7301,0.8429341316223145,0.795518168736072
653,False,7,7302,0.8817603588104248,0.7337588133911292
654,False,7,7303,0.8467006683349609,0.7675408651786191
655,False,7,7304,0.8337781429290771,0.7648658352416184
656,False,7,7305,0.8606429100036621,0.8036816588469915
657,False,7,7306,0.8479251861572266,0.7738855238116924
658,False,7,7307,0.863771915435791,0.8098852293831962
659,False,7,7308,0.7963969707489014,0.7882434990079629
660,False,7,7309,0.8633465766906738,0.7379698210528918
661,False,7,7310,0.844057559967041,0.7790280035918666
662,False,7,7311,0.8526902198791504,0.7884774662199475
663,False,7,7312,0.8152127265930176,0.759068077164037
664,False,7,7313,0.8415534496307373,0.7705810673180078
665,False,7,7314,0.8812243938446045,0.8012231985727947
666,False,7,7315,0.8391859531402588,0.8196602513392764
667,False,7,7316,0.815314769744873,0.7956768896962915
668,False,7,7317,0.8643271923065186,0.852397032082081
669,False,7,7318,0.8441884517669678,0.748795530625752
670,False,7,7319,0.8654448986053467,0.8087283933446522
671,False,7,7320,0.7943730354309082,0.7563518378883598
672,False,7,7321,0.8659884929656982,0.8363942007223767
673,False,7,7322,0.845390796661377,0.7802072903584865
674,False,7,7323,0.8898730278015137,0.7934188558941796
675,False,7,7324,0.8165793418884277,0.820534510981469
676,False,7,7325,0.882817268371582,0.7220352562587886
677,False,7,7326,0.8459384441375732,0.7817423858103301
678,False,7,7327,0.9043886661529541,0.750821051498254
679,False,7,7328,0.9016478061676025,0.7757339320544686
680,False,7,7329,0.8501930236816406,0.7707921784548535
681,False,7,7330,0.862684965133667,0.7606857802186692
682,False,7,7331,0.8297629356384277,0.7715393595752261
683,False,7,7332,0.8530917167663574,0.835309187216418
684,False,7,7333,0.8712432384490967,0.7491129319227876
685,False,7,7334,0.9040143489837646,0.7225034714099907
686,False,7,7335,0.8470227718353271,0.7976658365556172
687,False,7,7336,0.8418440818786621,0.7668524370307014
688,False,7,7337,0.8608145713806152,0.8451492772215888
689,False,7,7338,0.8614768981933594,0.7653128592563526
690,False,7,7339,0.8193104267120361,0.7924094441391173
691,False,7,7340,0.8616502285003662,0.7797509240252631
692,False,7,7341,0.8496396541595459,0.8643601018758048
693,False,7,7342,0.9194021224975586,0.77821099323531
694,False,7,7343,0.8341934680938721,0.739801410851734
695,False,7,7344,0.8390500545501709,0.8282089513682186
696,False,7,7345,0.8904614448547363,0.7448179070793447
697,False,7,7346,0.8478233814239502,0.7600577576529413
698,False,7,7347,0.8087849617004395,0.770033699415979
699,False,7,7348,0.9023897647857666,0.7943869183460873
700,False,7,7349,0.8617217540740967,0.8121774462716919
701,False,7,7350,0.8634352684020996,0.7602513123835836
702,False,7,7351,0.7976045608520508,0.8099098957720258
703,False,7,7352,0.8610732555389404,0.741102652535552
704,False,7,7353,0.8498005867004395,0.8534196395249595
705,False,7,7354,0.9284670352935791,0.7849206585614454
706,False,7,7355,0.8441221714019775,0.771559061748641
707,False,7,7356,0.8492579460144043,0.8071467337154207
708,False,7,7357,0.8654241561889648,0.8183702791020986
709,False,7,7358,0.8689818382263184,0.7666671079627815
710,False,7,7359,0.8384613990783691,0.7700821721837634
711,False,7,7360,0.8479506969451904,0.7570151296399891
712,False,7,7361,0.8673756122589111,0.7990785411425999
713,False,7,7362,0.8971707820892334,0.768880746549084
714,False,7,7363,0.8406510353088379,0.742197817457574
715,False,7,7364,0.8572421073913574,0.775553672086625
716,False,7,7365,0.8505709171295166,0.7790444273324241
717,False,7,7366,0.8678028583526611,0.8150010967538471
718,False,7,7367,0.8046257495880127,0.7946098673911323
719,False,7,7368,0.8670742511749268,0.7535514638182662
720,False,7,7369,0.8860957622528076,0.8161899692245893
721,False,7,7370,0.8867473602294922,0.7900659636195217
722,False,7,7371,0.8183081150054932,0.7440857399432433
723,False,7,7372,0.8467648029327393,0.791703442732493
724,False,7,7373,0.862755537033081,0.7542965217005638
725,False,7,7374,0.853001594543457,0.8231311962008475
726,False,7,7375,0.80580735206604,0.7900864964439752
727,False,7,7376,0.9003891944885254,0.7988575948845773
728,False,7,7377,0.8729496002197266,0.818147239940507
729,False,7,7378,0.8869974613189697,0.7853063486871267
730,False,7,7379,0.8330996036529541,0.7822626140855606
731,False,7,7380,0.8442244529724121,0.774945230578028
732,False,7,7381,0.8646025657653809,0.8043307897945243
733,False,7,7382,0.8562402725219727,0.7865198985451743
734,False,7,7383,0.8765707015991211,0.761785021140462
735,False,7,7384,0.8466572761535645,0.773002610674926
736,False,7,7385,0.857304573059082,0.7489405128927457
737,False,7,7386,0.8569390773773193,0.8385437223173324
738,False,7,7387,0.8278589248657227,0.7759348391776992
739,False,7,7388,0.8914542198181152,0.7838590272835322
740,False,7,7389,0.872718334197998,0.7667712274761428
741,False,7,7390,0.8682620525360107,0.8016578150647028
742,False,7,7391,0.8265142440795898,0.8157505941178117
743,False,7,7392,0.859375,0.7956136321382862
744,False,7,7393,0.8717396259307861,0.8491011655756407
745,False,7,7394,0.8671383857727051,0.7658172863579931
746,False,7,7395,0.8353371620178223,0.7777614036486263
747,False,7,7396,0.8651165962219238,0.7568083006356442
748,False,7,7397,0.9115662574768066,0.7822922808783394
749,False,7,7398,0.8327651023864746,0.7501061415033681
750,False,7,7399,0.9292078018188477,0.8196265028700942
751,True,7,7400,1.004260778427124,0.7246624449534076
752,False,7,7401,0.8914716243743896,0.7482472541076796
753,False,7,7402,0.9654872417449951,0.758570919966414
754,False,7,7403,0.8948090076446533,0.7890541876355807
755,False,7,7404,0.909665584564209,0.8092469008905545
756,False,7,7405,0.9221570491790771,0.7898548092870487
757,False,7,7406,0.8945457935333252,0.8016348669216746
758,False,7,7407,0.9468703269958496,0.7941258961246126
759,False,7,7408,0.9109597206115723,0.7775712556072646
760,False,7,7409,0.9094667434692383,0.7534762372573217
761,False,7,7410,0.9185948371887207,0.8065337691278683
762,False,7,7411,0.9484021663665771,0.8672489023634364
763,False,7,7412,0.9064855575561523,0.845682483343851
764,False,7,7413,0.9063684940338135,0.7454663848593123
765,False,7,7414,0.9076838493347168,0.7920598455128216
766,False,7,7415,0.9156613349914551,0.7952884024097807
767,False,7,7416,0.9035487174987793,0.8448262746844972
768,False,7,7417,0.9064278602600098,0.751694367045448
769,False,7,7418,0.944511890411377,0.7633268004726798
770,False,7,7419,0.9236609935760498,0.8099305015944299
771,False,7,7420,0.9077432155609131,0.7664033731534367
772,False,7,7421,0.9053647518157959,0.8348622882650012
773,False,7,7422,0.9043536186218262,0.8530084015358061
774,False,7,7423,0.9057967662811279,0.7771224195048921
775,False,7,7424,0.9499893188476562,0.7984245488686221
776,False,7,7425,0.9228084087371826,0.7854035610244388
777,False,7,7426,0.9055044651031494,0.8727755074699719
778,False,7,7427,0.9034731388092041,0.7956809646316937
779,False,7,7428,0.9071147441864014,0.7586165895419461
780,False,7,7429,0.9366447925567627,0.8192501810512373
781,False,7,7430,0.9215095043182373,0.7759079542897995
782,False,7,7431,0.9168457984924316,0.7663939252850556
783,False,7,7432,0.907555103302002,0.7892604780693847
784,False,7,7433,0.9150080680847168,0.8150950031621115
785,False,7,7434,0.9376978874206543,0.8408588692545892
786,False,7,7435,0.9206273555755615,0.7718339445335524
787,False,7,7436,0.9036307334899902,0.7487529079828944
788,False,7,7437,0.9180171489715576,0.805909168862161
789,False,7,7438,0.8995702266693115,0.8124729969671795
790,False,7,7439,0.9107120037078857,0.7576791115459942
791,False,7,7440,0.9559695720672607,0.7815653497264499
792,False,7,7441,0.9028592109680176,0.7267477849409695
793,False,7,7442,0.9204385280609131,0.7817940818411963
794,False,7,7443,0.9096052646636963,0.7570365240708703
795,False,7,7444,0.9172706604003906,0.7986407815700485
796,False,7,7445,0.9631671905517578,0.7724299688069594
797,False,7,7446,0.9090468883514404,0.7415101403991382
798,False,7,7447,0.9255068302154541,0.7609865106642246
799,False,7,7448,0.9188070297241211,0.7761421622264951
800,False,7,7449,0.8934063911437988,0.8061638726364999
801,False,7,7450,0.9413750171661377,0.7926526317993798
802,False,7,7451,0.9217994213104248,0.7856336463065375
803,False,7,7452,0.9107754230499268,0.804101716904413
804,False,7,7453,0.9182944297790527,0.8585595971062071
805,False,7,7454,0.8908793926239014,0.7498201128272782
806,False,7,7455,0.9215397834777832,0.796447461559659
807,False,7,7456,0.9474234580993652,0.7776362888869787
808,False,7,7457,0.9166727066040039,0.8469278450523103
809,False,7,7458,0.9214611053466797,0.7908791977734793
810,False,7,7459,0.9072163105010986,0.7566292920992487
811,False,7,7460,0.922419548034668,0.8252742918474333
812,False,7,7461,0.9073288440704346,0.748118264689332
813,False,7,7462,0.9310762882232666,0.7958406727938423
814,False,7,7463,0.9092066287994385,0.7812507280281613
815,False,7,7464,0.8978960514068604,0.757088406188857
816,False,7,7465,0.9234881401062012,0.7694731582222241
817,False,7,7466,0.9144549369812012,0.7714632742461707
818,False,7,7467,0.949655294418335,0.7706096938678199
819,False,7,7468,0.9204471111297607,0.7718885015873683
820,False,7,7469,0.8984980583190918,0.7553667401274047
821,False,7,7470,0.9081020355224609,0.8041055010897773
822,False,7,7471,0.9249932765960693,0.7568256253642696
823,False,7,7472,0.9180154800415039,0.7848307706770443
824,False,7,7473,0.9374308586120605,0.7667433271805446
825,False,7,7474,0.8949472904205322,0.7564233601802871
826,False,7,7475,0.9036903381347656,0.8017398149129892
827,False,7,7476,0.9268662929534912,0.8272150768233197
828,False,7,7477,0.9044806957244873,0.7480677593322028
829,False,7,7478,0.9490787982940674,0.764655828475952
830,False,7,7479,0.914647102355957,0.811017101719266
831,False,7,7480,0.8922319412231445,0.7612074849506217
832,False,7,7481,0.9253749847412109,0.7778801268764903
833,False,7,7482,0.8900949954986572,0.7719378827938012
834,False,7,7483,0.9089846611022949,0.8161071510542007
835,False,7,7484,0.9206385612487793,0.7780844102657977
836,False,7,7485,0.9007143974304199,0.7743215729438123
837,False,7,7486,0.9618282318115234,0.8007233398301262
838,False,7,7487,0.9039926528930664,0.802401291649966
839,False,7,7488,0.9116692543029785,0.8666523336654618
840,False,7,7489,0.9234211444854736,0.8209233624594552
841,False,7,7490,0.9108738899230957,0.8187347359600522
842,False,7,7491,0.9332654476165771,0.8165005177614234
843,False,7,7492,0.9524874687194824,0.7528024615631218
844,False,7,7493,0.9266183376312256,0.7397496444838386
845,False,7,7494,0.9147377014160156,0.8284001721157915
846,False,7,7495,0.8403737545013428,0.823852381535939
847,False,7,7496,0.8810124397277832,0.7596286560098331
848,False,7,7497,0.8475587368011475,0.8040026075073652
849,False,7,7498,0.8418483734130859,0.790108589189393
850,False,7,7499,0.868990421295166,0.7821325785702185
851,True,7,7500,0.938239336013794,0.7742536536284856
852,False,7,7501,0.8605384826660156,0.7538862895397915
853,False,7,7502,0.8278403282165527,0.8417833600015866
854,False,7,7503,0.865821123123169,0.8217612625587555
855,False,7,7504,0.8660829067230225,0.7898405172995159
856,False,7,7505,0.8482413291931152,0.8050457696829523
857,False,7,7506,0.8509418964385986,0.7788140544046959
858,False,7,7507,0.8476271629333496,0.7971428112969512
859,False,7,7508,0.8600993156433105,0.7448369500537713
860,False,7,7509,0.8814020156860352,0.7969535747099489
861,False,7,7510,0.8794398307800293,0.8002247878660759
862,False,7,7511,0.9410960674285889,0.7978584691882136
863,False,7,7512,0.9394514560699463,0.8328274963867097
864,False,7,7513,0.8996360301971436,0.7829052862666901
865,False,7,7514,0.9274435043334961,0.8119613088312603
866,False,7,7515,0.9197299480438232,0.8045329744262355
867,False,7,7516,0.936901330947876,0.7835155470030648
868,False,7,7517,0.8936581611633301,0.7871792369655198
869,False,7,7518,0.9223413467407227,0.7958317597707113
870,False,7,7519,0.9354174137115479,0.8564095986740927
871,False,7,7520,0.9192655086517334,0.809437652428945
872,False,7,7521,0.902409553527832,0.760099612531208
873,False,7,7522,0.9461884498596191,0.8311722523399762
874,False,7,7523,0.9387187957763672,0.825215444678352
875,False,7,7524,0.924689769744873,0.7814214442457473
876,False,7,7525,0.915377140045166,0.7559869580325626
877,False,7,7526,0.9339654445648193,0.727035712273348
878,False,7,7527,0.9305305480957031,0.7764324110356114
879,False,7,7528,0.9046499729156494,0.7602143167030243
880,False,7,7529,0.9363315105438232,0.7875695346544186
881,False,7,7530,0.9202761650085449,0.7963005598811876
882,False,7,7531,0.9191005229949951,0.7556002260673614
883,False,7,7532,0.9170451164245605,0.7843553154241472
884,False,7,7533,0.9214513301849365,0.8232633212492579
885,False,7,7534,0.9293339252471924,0.7932922449849903
886,False,7,7535,0.9061834812164307,0.777730106597855
887,False,7,7536,0.8941147327423096,0.7710368583599726
888,False,7,7537,0.9311220645904541,0.8104252359342008
889,False,7,7538,0.9326393604278564,0.7994316929862614
890,False,7,7539,0.9232838153839111,0.7771582837615694
891,False,7,7540,0.903141975402832,0.7767878990797769
892,False,7,7541,0.8651392459869385,0.7538034654266778
893,False,7,7542,0.8582272529602051,0.7735597161310062
894,False,7,7543,0.8324363231658936,0.7929091978640782
895,False,7,7544,0.8383264541625977,0.7531067592402299
896,False,7,7545,0.8402905464172363,0.7593903775726046
897,False,7,7546,0.8907151222229004,0.8215932331624487
898,False,7,7547,0.8523521423339844,0.8205669699680236
899,False,7,7548,0.8346490859985352,0.8211571737414315
900,False,7,7549,0.8304147720336914,0.7975688771832559
901,False,7,7550,0.8599178791046143,0.7482851472284113
902,False,7,7551,0.841698408126831,0.7568658074097973
903,False,7,7552,0.869004487991333,0.7512646752099196
904,False,7,7553,0.8447458744049072,0.7562788756830352
905,False,7,7554,0.8789973258972168,0.7866661161893889
906,False,7,7555,0.8411645889282227,0.7760260069654098
907,False,7,7556,0.8718488216400146,0.8445890276204973
908,False,7,7557,0.8695762157440186,0.7909672547663961
909,False,7,7558,0.8706214427947998,0.8199478818901949
910,False,7,7559,0.8576784133911133,0.7687911105652651
911,False,7,7560,0.8262441158294678,0.7892374651772635
912,False,7,7561,0.8448796272277832,0.8046596878696055
913,False,7,7562,0.8622150421142578,0.7864325170715648
914,False,7,7563,0.8844709396362305,0.7343428124274526
915,False,7,7564,0.8363339900970459,0.805276243991795
916,False,7,7565,0.8777077198028564,0.7729747132176444
917,False,7,7566,0.8717153072357178,0.7880508246875945
918,False,7,7567,0.8972580432891846,0.7621874138712883
919,False,7,7568,0.8557250499725342,0.7776739579581078
920,False,7,7569,0.8584408760070801,0.8453297164468541
921,False,7,7570,0.8808417320251465,0.756958626565479
922,False,7,7571,0.8620905876159668,0.8368422055528278
923,False,7,7572,0.9050869941711426,0.8174609073570798
924,False,7,7573,0.8534986972808838,0.8058398848488217
925,False,7,7574,0.8526103496551514,0.768840161462625
926,False,7,7575,0.8122258186340332,0.7841808750693288
927,False,7,7576,0.8488547801971436,0.8045833185315131
928,False,7,7577,0.8786075115203857,0.8251518011093142
929,False,7,7578,0.83925461769104,0.7752305624030885
930,False,7,7579,0.8171060085296631,0.815563651777449
931,False,7,7580,0.8292670249938965,0.7767221040668942
932,False,7,7581,0.8817780017852783,0.7626559422129677
933,False,7,7582,0.8446180820465088,0.7833175769164448
934,False,7,7583,0.8286070823669434,0.8119522224934327
935,False,7,7584,0.8589136600494385,0.7826194023447377
936,False,7,7585,0.8499724864959717,0.788986106713613
937,False,7,7586,0.8672115802764893,0.762603538731734
938,False,7,7587,0.7992801666259766,0.8154706649837039
939,False,7,7588,0.8640172481536865,0.8473223635838145
940,False,7,7589,0.858116865158081,0.8160830214619637
941,False,7,7590,0.8495721817016602,0.7574849886198838
942,False,7,7591,0.8337116241455078,0.7765421067320165
943,False,7,7592,0.849261999130249,0.799640172116813
944,False,7,7593,0.883230447769165,0.7530895134522803
945,False,7,7594,0.8485422134399414,0.7876293229914846
946,False,7,7595,0.8145310878753662,0.778705522418022
947,False,7,7596,0.856475830078125,0.7537809915485837
948,False,7,7597,0.8606550693511963,0.7605705145923864
949,False,7,7598,0.8779399394989014,0.7370254610266004
950,False,7,7599,0.8166885375976562,0.77718095268522
951,True,7,7600,0.9576642513275146,0.8043333888053895
952,False,7,7601,0.8492414951324463,0.7623463488583053
953,False,7,7602,0.8636162281036377,0.8053075543471745
954,False,7,7603,0.8336715698242188,0.7856032784496035
955,False,7,7604,0.8666276931762695,0.785916149971031
956,False,7,7605,0.8549668788909912,0.7629408084210895
957,False,7,7606,0.8456509113311768,0.7528506666421891
958,False,7,7607,0.8390903472900391,0.7667412023459161
959,False,7,7608,0.8457293510437012,0.7696867641948517
960,False,7,7609,0.8764307498931885,0.8337544947862625
961,False,7,7610,0.8549370765686035,0.7457995334906238
962,False,7,7611,0.8200359344482422,0.8315471054187842
963,False,7,7612,0.8773975372314453,0.742942479394731
964,False,7,7613,0.8525547981262207,0.7892451712063381
965,False,7,7614,0.8762533664703369,0.8022049005542483
966,False,7,7615,0.8561673164367676,0.7839250749065761
967,False,7,7616,0.8429820537567139,0.8459268843843826
968,False,7,7617,0.8609697818756104,0.7545138590392613
969,False,7,7618,0.8452696800231934,0.7418997262914976
970,False,7,7619,0.8399066925048828,0.74492419369164
971,False,7,7620,0.8604726791381836,0.7642964380128041
972,False,7,7621,0.8477602005004883,0.8021602666094191
973,False,7,7622,0.8592491149902344,0.7894279857476553
974,False,7,7623,0.8013005256652832,0.7934341256817182
975,False,7,7624,0.8607804775238037,0.8258511569528355
976,False,7,7625,0.8502373695373535,0.7770454312364259
977,False,7,7626,0.8823182582855225,0.7672761025882903
978,False,7,7627,0.8552212715148926,0.8067683634303863
979,False,7,7628,0.8535127639770508,0.8170858923168408
980,False,7,7629,0.8619225025177002,0.8187555140327842
981,False,7,7630,0.8464033603668213,0.8402302109059832
982,False,7,7631,0.8404874801635742,0.8179390235316183
983,False,7,7632,0.880495548248291,0.7818511846874442
984,False,7,7633,0.8664114475250244,0.7755764399965607
985,False,7,7634,0.845268726348877,0.8040548751042003
986,False,7,7635,0.8493034839630127,0.7717523762867564
987,False,7,7636,0.8565161228179932,0.7597656477065314
988,False,7,7637,0.8651974201202393,0.7995578277678717
989,False,7,7638,0.8575992584228516,0.7637790604716256
990,False,7,7639,0.8464415073394775,0.7396025207071076
991,False,7,7640,0.8768007755279541,0.75422301001492
992,False,7,7641,0.8415882587432861,0.7462202140263147
993,False,7,7642,0.8599772453308105,0.7949460979018893
994,False,7,7643,0.888542652130127,0.7509264793424381
995,False,7,7644,0.8509786128997803,0.7396154506575496
996,False,7,7645,0.8626439571380615,0.7862048523411864
997,False,7,7646,0.796804666519165,0.7238014488525334
998,False,7,7647,0.8625040054321289,0.7756177486763114
999,False,7,7648,0.8589761257171631,0.7722010344621681
1000,False,7,7649,0.8437933921813965,0.7924046974096979
1001,False,7,7650,0.812751293182373,0.7592719140506925
1002,False,7,7651,0.8502109050750732,0.7404217088506335
1003,False,7,7652,0.8665087223052979,0.7866132135192554
1004,False,7,7653,0.8491859436035156,0.7157206318917728
1005,False,7,7654,0.8284258842468262,0.7958655854066213
1006,False,7,7655,0.8833889961242676,0.7603184289875485
1007,False,7,7656,0.8479945659637451,0.7998666355297679
1008,False,7,7657,0.8848602771759033,0.7718559109738895
1009,False,7,7658,0.8109636306762695,0.7635651053417296
1010,False,7,7659,0.848771333694458,0.7659951040432569
1011,False,7,7660,0.8635237216949463,0.7953551986387799
1012,False,7,7661,0.8526456356048584,0.7333507945849782
1013,False,7,7662,0.8132584095001221,0.7971636191720054
1014,False,7,7663,0.8523120880126953,0.7999307268432208
1015,False,7,7664,0.8833742141723633,0.7353806797237622
1016,False,7,7665,0.8475863933563232,0.7738522273443993
1017,False,7,7666,0.8290719985961914,0.7693136043491816
1018,False,7,7667,0.8595123291015625,0.7436660407554534
1019,False,7,7668,0.886584997177124,0.7917848263113273
1020,False,7,7669,0.8556177616119385,0.7897412131230039
1021,False,7,7670,0.8611738681793213,0.8166086290563855
1022,False,7,7671,0.8605475425720215,0.7683535590767862
1023,False,7,7672,0.8508760929107666,0.7938694439473607
1024,False,7,7673,0.8654453754425049,0.81875249424151
1025,False,7,7674,0.8452515602111816,0.7624076938345319
1026,False,7,7675,0.8645167350769043,0.7667867956416947
1027,False,7,7676,0.8615415096282959,0.764919084097658
1028,False,7,7677,0.8472151756286621,0.7830930964222977
1029,False,7,7678,0.8630056381225586,0.797312182152555
1030,False,7,7679,0.8532967567443848,0.8086497510472933
1031,False,7,7680,0.8714115619659424,0.7583100552715006
1032,False,7,7681,0.8539824485778809,0.7594816085128558
1033,False,7,7682,0.8485813140869141,0.7498969577607654
1034,False,7,7683,0.8818707466125488,0.7688843760462033
1035,False,7,7684,0.8486788272857666,0.7987102064348401
1036,False,7,7685,0.8428471088409424,0.787857209997518
1037,False,7,7686,0.8597598075866699,0.7549620388696592
1038,False,7,7687,0.848618745803833,0.7632719523140362
1039,False,7,7688,0.8618745803833008,0.8149108805117153
1040,False,7,7689,0.8134844303131104,0.7655522499588273
1041,False,7,7690,0.8621337413787842,0.8054355060060818
1042,False,7,7691,0.8569159507751465,0.8067288544206391
1043,False,7,7692,0.8449394702911377,0.7669367927703117
1044,False,7,7693,0.8402385711669922,0.7662371888401963
1045,False,7,7694,0.8431665897369385,0.8051006907508486
1046,False,7,7695,0.8659021854400635,0.8108785248228483
1047,False,7,7696,0.8520257472991943,0.7656817968402589
1048,False,7,7697,0.8289549350738525,0.80960135694061
1049,False,7,7698,0.8475959300994873,0.7748991868325643
1050,False,7,7699,0.8561825752258301,0.7776128972570102
1051,True,7,7700,0.9548802375793457,0.7835289353416078
1052,False,7,7701,0.847266435623169,0.7767229037625449
1053,False,7,7702,0.8670005798339844,0.8026814709107081
1054,False,7,7703,0.8454999923706055,0.8695127346685954
1055,False,7,7704,0.8629117012023926,0.803870480685007
1056,False,7,7705,0.8286292552947998,0.8416991425412045
1057,False,7,7706,0.8638386726379395,0.8227464769567762
1058,False,7,7707,0.8531463146209717,0.8173125109502246
1059,False,7,7708,0.8490877151489258,0.7551322155410337
1060,False,7,7709,0.8265576362609863,0.7957624906585331
1061,False,7,7710,0.8477282524108887,0.8105764293244906
1062,False,7,7711,0.877525806427002,0.7814734766171093
1063,False,7,7712,0.8569433689117432,0.7355973337377819
1064,False,7,7713,0.8380439281463623,0.8087004469264121
1065,False,7,7714,0.8853356838226318,0.766658230906441
1066,False,7,7715,0.8461225032806396,0.8157559328135989
1067,False,7,7716,0.8537042140960693,0.7820803471619175
1068,False,7,7717,0.8600869178771973,0.7498224420206887
1069,False,7,7718,0.8493921756744385,0.7852873638981864
1070,False,7,7719,0.861630916595459,0.8078407716183439
1071,False,7,7720,0.8123188018798828,0.7617892434909228
1072,False,7,7721,0.8623945713043213,0.8090667446099576
1073,False,7,7722,0.8585002422332764,0.8061156113232886
1074,False,7,7723,0.8508706092834473,0.7464818058624154
1075,False,7,7724,0.8294327259063721,0.7590943573131447
1076,False,7,7725,0.8470685482025146,0.7639108273599832
1077,False,7,7726,0.8652327060699463,0.79050141785826
1078,False,7,7727,0.8465702533721924,0.7863058887776874
1079,False,7,7728,0.8217697143554688,0.776107096778495
1080,False,7,7729,0.8845257759094238,0.8047290902052605
1081,False,7,7730,0.8479306697845459,0.7390542463177726
1082,False,7,7731,0.8618457317352295,0.7944244923336166
1083,False,7,7732,0.798637866973877,0.7788608719905218
1084,False,7,7733,0.8590195178985596,0.8225072969992955
1085,False,7,7734,0.8404388427734375,0.7894761161435218
1086,False,7,7735,0.8703100681304932,0.7974749888692582
1087,False,7,7736,0.8062031269073486,0.8215206911166509
1088,False,7,7737,0.8641386032104492,0.7679020893715677
1089,False,7,7738,0.8504228591918945,0.7773209689628507
1090,False,7,7739,0.877617359161377,0.7623737933380264
1091,False,7,7740,0.8424289226531982,0.7151571226616702
1092,False,7,7741,0.8509390354156494,0.7521912170840162
1093,False,7,7742,0.870189905166626,0.7865506870051224
1094,False,7,7743,0.8462319374084473,0.7951268766607557
1095,False,7,7744,0.8387060165405273,0.7869397751277402
1096,False,7,7745,0.8539350032806396,0.8330689374180068
1097,False,7,7746,0.849951982498169,0.8164752154123217
1098,False,7,7747,0.8605029582977295,0.8216675172249478
1099,False,7,7748,0.8087728023529053,0.8061352122042861
1100,False,7,7749,0.8616750240325928,0.782369166612625
1101,False,7,7750,0.8444061279296875,0.814226641186646
1102,False,7,7751,0.8672316074371338,0.7584079556344521
1103,False,7,7752,0.8454935550689697,0.7787698376036827
1104,False,7,7753,0.844942569732666,0.7496393590810753
1105,False,7,7754,0.8869946002960205,0.7952260479685805
1106,False,7,7755,0.8459398746490479,0.7623311430215834
1107,False,7,7756,0.6916790008544922,0.8223493028254737
0,False,8,7757,0.8373663425445557,0.7225793383660772
1,False,8,7758,0.8593261241912842,0.7361868263355325
2,False,8,7759,0.8582780361175537,0.793108749957312
3,False,8,7760,0.8526737689971924,0.764801331219219
4,False,8,7761,0.8426249027252197,0.7386112426008496
5,False,8,7762,0.841102123260498,0.7627468804518381
6,False,8,7763,0.8651742935180664,0.7716633496539934
7,False,8,7764,0.8612666130065918,0.7633307732286906
8,False,8,7765,0.8383266925811768,0.751453681449805
9,False,8,7766,0.8546237945556641,0.7493356395335424
10,False,8,7767,0.9241931438446045,0.8140983659596669
11,False,8,7768,0.9450225830078125,0.7584032136946919
12,False,8,7769,0.9354476928710938,0.7725330051921663
13,False,8,7770,0.9169561862945557,0.740673802793026
14,False,8,7771,0.9371349811553955,0.7954800366645768
15,False,8,7772,0.9378650188446045,0.7335533670016696
16,False,8,7773,0.9092552661895752,0.7807894642686559
17,False,8,7774,0.9213447570800781,0.8104288798002968
18,False,8,7775,0.9241921901702881,0.7592225473906314
19,False,8,7776,0.9030382633209229,0.7551462423233757
20,False,8,7777,0.8436851501464844,0.7984761013871148
21,False,8,7778,0.8473634719848633,0.7625192737295515
22,False,8,7779,0.8599646091461182,0.7845229527779989
23,False,8,7780,0.8465008735656738,0.7652376948722773
24,False,8,7781,0.8494665622711182,0.7844875795500618
25,False,8,7782,0.8808834552764893,0.7747824777449881
26,False,8,7783,0.8428339958190918,0.8294762490051134
27,False,8,7784,0.8587203025817871,0.7723546806900273
28,False,8,7785,0.7977538108825684,0.7611697158288387
29,False,8,7786,0.8623998165130615,0.8107482042341007
30,False,8,7787,0.8460953235626221,0.7836487846715109
31,False,8,7788,0.8734419345855713,0.8278438814339185
32,False,8,7789,0.8102724552154541,0.764371824406442
33,False,8,7790,0.8584573268890381,0.7815034309668201
34,False,8,7791,0.8508045673370361,0.782404016880762
35,False,8,7792,0.8813741207122803,0.7691506303492046
36,False,8,7793,0.8338043689727783,0.7800468126577991
37,False,8,7794,0.8519530296325684,0.7775815902721315
38,False,8,7795,0.8935549259185791,0.7746038491882029
39,False,8,7796,0.8455238342285156,0.7816194054626283
40,False,8,7797,0.8500528335571289,0.7969529085925647
41,False,8,7798,0.8856475353240967,0.7865457747663769
42,False,8,7799,0.8460206985473633,0.7719036526978014
43,True,8,7800,0.8981246948242188,0.6932342433858485
44,False,8,7801,0.8656795024871826,0.7988385323967254
45,False,8,7802,0.8514173030853271,0.8241337062347502
46,False,8,7803,0.8645622730255127,0.7800509858699073
47,False,8,7804,0.8112781047821045,0.8413989976758048
48,False,8,7805,0.8592445850372314,0.7738222862992966
49,False,8,7806,0.8537552356719971,0.8347045030622254
50,False,8,7807,0.8419990539550781,0.8216156398966198
51,False,8,7808,0.8084721565246582,0.8171804160589266
52,False,8,7809,0.8494770526885986,0.7559881558020909
53,False,8,7810,0.8810837268829346,0.7785043093774999
54,False,8,7811,0.857475757598877,0.7584674234191577
55,False,8,7812,0.7915866374969482,0.7707327022438958
56,False,8,7813,0.8903481960296631,0.7609885936336855
57,False,8,7814,0.8446283340454102,0.8077560844165936
58,False,8,7815,0.8672993183135986,0.8198313216368356
59,False,8,7816,0.8111698627471924,0.7897067208375249
60,False,8,7817,0.8551619052886963,0.7411003364693551
61,False,8,7818,0.8561961650848389,0.7145252022005262
62,False,8,7819,0.844480037689209,0.7605169729462693
63,False,8,7820,0.8098492622375488,0.8108262277784802
64,False,8,7821,0.8505589962005615,0.7854914385825398
65,False,8,7822,0.8888826370239258,0.8099739562187876
66,False,8,7823,0.8588082790374756,0.8068190454727128
67,False,8,7824,0.8425629138946533,0.7843382326619964
68,False,8,7825,0.8494927883148193,0.821408707471121
69,False,8,7826,0.8887803554534912,0.749001339432739
70,False,8,7827,0.849639892578125,0.8400477696032751
71,False,8,7828,0.8495993614196777,0.7724280818587257
72,False,8,7829,0.8678035736083984,0.8164347282477786
73,False,8,7830,0.8487973213195801,0.7727711700967379
74,False,8,7831,0.8566465377807617,0.7727471653904233
75,False,8,7832,0.8485090732574463,0.7804407392229354
76,False,8,7833,0.8555421829223633,0.7881185760100682
77,False,8,7834,0.8570959568023682,0.7846899252562295
78,False,8,7835,0.8464419841766357,0.7421200956617084
79,False,8,7836,0.8562133312225342,0.7564040046362649
80,False,8,7837,0.8473973274230957,0.7855965395768484
81,False,8,7838,0.8787810802459717,0.7508344712356727
82,False,8,7839,0.8481581211090088,0.734786269742818
83,False,8,7840,0.8412907123565674,0.7823527820763132
84,False,8,7841,0.87799072265625,0.8119499037663144
85,False,8,7842,0.8485043048858643,0.7486696472125396
86,False,8,7843,0.8424487113952637,0.7791799604892732
87,False,8,7844,0.8600234985351562,0.8084141278550739
88,False,8,7845,0.8451285362243652,0.7955012784472534
89,False,8,7846,0.8618302345275879,0.7600777278698628
90,False,8,7847,0.8098840713500977,0.8102921680325555
91,False,8,7848,0.8612060546875,0.7687309937817711
92,False,8,7849,0.8501424789428711,0.8008911066821645
93,False,8,7850,0.8658955097198486,0.7421230171762764
94,False,8,7851,0.8357100486755371,0.7577254637366249
95,False,8,7852,0.8464043140411377,0.8373376929334232
96,False,8,7853,0.8599042892456055,0.7979751697608402
97,False,8,7854,0.8493499755859375,0.7725260683468411
98,False,8,7855,0.814978837966919,0.7376324008440684
99,False,8,7856,0.8482728004455566,0.7647435196808408
100,False,8,7857,0.8591632843017578,0.7763801898275102
101,False,8,7858,0.8784632682800293,0.7836969587064925
102,False,8,7859,0.9088857173919678,0.7722568497771308
103,False,8,7860,0.9272682666778564,0.8124696548495974
104,False,8,7861,0.9266526699066162,0.7973418292545138
105,False,8,7862,0.8581540584564209,0.7942980233402479
106,False,8,7863,0.7981622219085693,0.8050868234464099
107,False,8,7864,0.8804481029510498,0.7932906970381737
108,False,8,7865,0.8513219356536865,0.7543782329275495
109,False,8,7866,0.8806982040405273,0.872302272135303
110,False,8,7867,0.8584029674530029,0.7811047729282152
111,False,8,7868,0.8503062725067139,0.7615631165958586
112,False,8,7869,0.8746731281280518,0.8005432046595075
113,False,8,7870,0.8410356044769287,0.7537061909124965
114,False,8,7871,0.854621171951294,0.7717025907976287
115,False,8,7872,0.8603835105895996,0.8018070807059606
116,False,8,7873,0.8489465713500977,0.7916474718423117
117,False,8,7874,0.8513898849487305,0.7525933665179072
118,False,8,7875,0.8417525291442871,0.7553607594399225
119,False,8,7876,0.8643002510070801,0.7321388700178689
120,False,8,7877,0.8603782653808594,0.7735131916013501
121,False,8,7878,0.8446886539459229,0.7358383568269865
122,False,8,7879,0.8580296039581299,0.8006213445748602
123,False,8,7880,0.8475925922393799,0.7774596654233479
124,False,8,7881,0.8717420101165771,0.7869524522906257
125,False,8,7882,0.8469631671905518,0.783019111269996
126,False,8,7883,0.8446149826049805,0.7953863071189039
127,False,8,7884,0.9272744655609131,0.7423092107332888
128,False,8,7885,0.9285976886749268,0.7885261506196998
129,False,8,7886,0.8986427783966064,0.755432787395659
130,False,8,7887,0.9219861030578613,0.7240374553061665
131,False,8,7888,0.8563480377197266,0.775194446245829
132,False,8,7889,0.863793134689331,0.7685084108795439
133,False,8,7890,0.795156717300415,0.7325483308661552
134,False,8,7891,0.8629603385925293,0.7282219294990813
135,False,8,7892,0.8771107196807861,0.8171668552926609
136,False,8,7893,0.8673863410949707,0.7530631066433022
137,False,8,7894,0.8065550327301025,0.7577996316055456
138,False,8,7895,0.8638608455657959,0.7632009741805849
139,False,8,7896,0.856795072555542,0.7860308417252131
140,False,8,7897,0.8446502685546875,0.7737448955220836
141,False,8,7898,0.8198890686035156,0.8092156308037894
142,False,8,7899,0.849560022354126,0.7883559447668848
143,True,8,7900,0.9591600894927979,0.776164174079895
144,False,8,7901,0.8438057899475098,0.7583139772926059
145,False,8,7902,0.8484015464782715,0.7802561133035589
146,False,8,7903,0.8840186595916748,0.836062687493506
147,False,8,7904,0.8496143817901611,0.8017419008981612
148,False,8,7905,0.8276174068450928,0.7783601660104026
149,False,8,7906,0.8856990337371826,0.7732399095382008
150,False,8,7907,0.8499891757965088,0.8376255936565853
151,False,8,7908,0.8664674758911133,0.8160248015608106
152,False,8,7909,0.8279411792755127,0.7716870902194863
153,False,8,7910,0.9252707958221436,0.7790177468033066
154,False,8,7911,0.9308667182922363,0.7516187773573966
155,False,8,7912,0.9134776592254639,0.785543856166658
156,False,8,7913,0.808474063873291,0.7985287777015141
157,False,8,7914,0.861069917678833,0.8104253144313893
158,False,8,7915,0.8459689617156982,0.7812586987302418
159,False,8,7916,0.8652846813201904,0.7689905510771842
160,False,8,7917,0.7968251705169678,0.7434143798337096
161,False,8,7918,0.8609206676483154,0.8578640187070483
162,False,8,7919,0.8514518737792969,0.7712278834411077
163,False,8,7920,0.8644592761993408,0.8467363181213539
164,False,8,7921,0.831519603729248,0.7732995688205673
165,False,8,7922,0.8523540496826172,0.7951615427931149
166,False,8,7923,0.8641402721405029,0.767383419509445
167,False,8,7924,0.8470704555511475,0.7640010968205474
168,False,8,7925,0.8199434280395508,0.7854832893326169
169,False,8,7926,0.8850140571594238,0.7838604024478366
170,False,8,7927,0.8632781505584717,0.7202653260458082
171,False,8,7928,0.8488521575927734,0.7726352670717807
172,False,8,7929,0.839104175567627,0.7784592353162312
173,False,8,7930,0.8465502262115479,0.7846930317935491
174,False,8,7931,0.8619110584259033,0.7898441496349516
175,False,8,7932,0.8652036190032959,0.7955330858627954
176,False,8,7933,0.8273506164550781,0.7889287400813331
177,False,8,7934,0.8696002960205078,0.8418593594715708
178,False,8,7935,0.843804121017456,0.7184659489208742
179,False,8,7936,0.8876891136169434,0.7797624553952898
180,False,8,7937,0.8797352313995361,0.7594778505819185
181,False,8,7938,0.898841142654419,0.8180505952664785
182,False,8,7939,0.9486756324768066,0.764658904678765
183,False,8,7940,0.9088656902313232,0.756943025049709
184,False,8,7941,0.9151225090026855,0.7810063216657867
185,False,8,7942,0.8856761455535889,0.790434454168592
186,False,8,7943,0.8449656963348389,0.8166085879007975
187,False,8,7944,0.8424184322357178,0.7696133873292378
188,False,8,7945,0.8582501411437988,0.7489403667194501
189,False,8,7946,0.8516380786895752,0.7796886112718353
190,False,8,7947,0.8553450107574463,0.7942532510274931
191,False,8,7948,0.8283731937408447,0.7660463956140338
192,False,8,7949,0.8668179512023926,0.813371665775776
193,False,8,7950,0.8600296974182129,0.7748550542053719
194,False,8,7951,0.8469514846801758,0.812962098845414
195,False,8,7952,0.8363208770751953,0.8072981626859733
196,False,8,7953,0.8515126705169678,0.8411624293242183
197,False,8,7954,0.8812704086303711,0.749350605976014
198,False,8,7955,0.8471319675445557,0.7559267573413396
199,False,8,7956,0.8535311222076416,0.7779641562984103
200,False,8,7957,0.8635835647583008,0.7261941197017827
201,False,8,7958,0.8445994853973389,0.8291026763617994
202,False,8,7959,0.8450229167938232,0.8172604278439567
203,False,8,7960,0.8437166213989258,0.8235372585200128
204,False,8,7961,0.8581111431121826,0.776133927383593
205,False,8,7962,0.8469886779785156,0.771606757527306
206,False,8,7963,0.8684751987457275,0.7570314029497759
207,False,8,7964,0.872159481048584,0.8259874582290649
208,False,8,7965,0.9401328563690186,0.7817317871820357
209,False,8,7966,0.9394183158874512,0.8150764278003146
210,False,8,7967,0.9256036281585693,0.7984653597786314
211,False,8,7968,0.9113285541534424,0.7601742949780255
212,False,8,7969,0.9422872066497803,0.8051175805074828
213,False,8,7970,0.9258167743682861,0.8512269893572443
214,False,8,7971,0.942180871963501,0.7887396567634175
215,False,8,7972,0.9013931751251221,0.7811744915587562
216,False,8,7973,0.8675382137298584,0.7615282798097246
217,False,8,7974,0.8615248203277588,0.8452231711929752
218,False,8,7975,0.8493819236755371,0.7679991746942201
219,False,8,7976,0.8379576206207275,0.8132052378995079
220,False,8,7977,0.8495316505432129,0.7904613131568545
221,False,8,7978,0.8636026382446289,0.8077495908808141
222,False,8,7979,0.8563017845153809,0.7615582877326579
223,False,8,7980,0.8135201930999756,0.770309138865698
224,False,8,7981,0.879237174987793,0.7543813082433881
225,False,8,7982,0.8464205265045166,0.7623938251109349
226,False,8,7983,0.8896000385284424,0.7511421296568143
227,False,8,7984,0.8849093914031982,0.765755950340203
228,False,8,7985,0.8479495048522949,0.7692929789246548
229,False,8,7986,0.8643484115600586,0.7390699721872805
230,False,8,7987,0.8272619247436523,0.7570100635999725
231,False,8,7988,0.8549959659576416,0.7631129492961225
232,False,8,7989,0.854783296585083,0.7880881091668492
233,False,8,7990,0.8525958061218262,0.7995987449373516
234,False,8,7991,0.8635592460632324,0.8095617044184887
235,False,8,7992,0.8438012599945068,0.8247828639688944
236,False,8,7993,0.8902838230133057,0.7471119355232941
237,False,8,7994,0.8652427196502686,0.7318055881630805
238,False,8,7995,0.8412909507751465,0.796507159159297
239,False,8,7996,0.8431525230407715,0.7279364867579369
240,False,8,7997,0.8843245506286621,0.7897276897870359
241,False,8,7998,0.8461704254150391,0.7992863137097587
242,False,8,7999,0.8333396911621094,0.7736406631412961
243,True,8,8000,0.9536645412445068,0.7679340133354776
244,False,8,8001,0.8505563735961914,0.7801942259428047
245,False,8,8002,0.859079122543335,0.7698364940782388
246,False,8,8003,0.8342785835266113,0.7746303902850264
247,False,8,8004,0.8608815670013428,0.8220537663215683
248,False,8,8005,0.8634240627288818,0.7668435335868881
249,False,8,8006,0.8501100540161133,0.8143598685661952
250,False,8,8007,0.8533737659454346,0.8076147405164582
251,False,8,8008,0.8557085990905762,0.738717366542135
252,False,8,8009,0.865952730178833,0.7787368602695922
253,False,8,8010,0.8640015125274658,0.7619524218496824
254,False,8,8011,0.8393125534057617,0.7864051368974504
255,False,8,8012,0.8847136497497559,0.8008272144056502
256,False,8,8013,0.8483538627624512,0.7897249013185502
257,False,8,8014,0.848400354385376,0.7696193524059796
258,False,8,8015,0.8903696537017822,0.7821081944164777
259,False,8,8016,0.8406195640563965,0.7544604688882824
260,False,8,8017,0.8614566326141357,0.7939095436817125
261,False,8,8018,0.7956738471984863,0.81511652061627
262,False,8,8019,0.8590288162231445,0.8082324805713836
263,False,8,8020,0.8571591377258301,0.7470138010879356
264,False,8,8021,0.8432965278625488,0.7831824776672183
265,False,8,8022,0.8203885555267334,0.7661772675457456
266,False,8,8023,0.8427622318267822,0.7795719149566833
267,False,8,8024,0.8817906379699707,0.7348306613663833
268,False,8,8025,0.8480877876281738,0.8240527063608171
269,False,8,8026,0.8098709583282471,0.7877376938150041
270,False,8,8027,0.8485047817230225,0.7745751548735869
271,False,8,8028,0.8538448810577393,0.8162163251212664
272,False,8,8029,0.8685781955718994,0.8139948419162205
273,False,8,8030,0.8178296089172363,0.7150659105252651
274,False,8,8031,0.8634021282196045,0.7788129083457449
275,False,8,8032,0.8575656414031982,0.8697418073813119
276,False,8,8033,0.8617749214172363,0.7908126491875875
277,False,8,8034,0.7949814796447754,0.7535539068991232
278,False,8,8035,0.8683567047119141,0.781299369320983
279,False,8,8036,0.8533916473388672,0.8309761124352614
280,False,8,8037,0.8781406879425049,0.7910712529860793
281,False,8,8038,0.8448047637939453,0.7542544642374628
282,False,8,8039,0.8428530693054199,0.778659416096551
283,False,8,8040,0.8862574100494385,0.7693192460352468
284,False,8,8041,0.8435556888580322,0.7777175788013708
285,False,8,8042,0.8561351299285889,0.805292785167694
286,False,8,8043,0.8647232055664062,0.7514315041757765
287,False,8,8044,0.851646900177002,0.8061506563708893
288,False,8,8045,0.8628528118133545,0.7601108758577277
289,False,8,8046,0.8395857810974121,0.7732543271212351
290,False,8,8047,0.8644454479217529,0.7598869857333955
291,False,8,8048,0.8608691692352295,0.7664703687741642
292,False,8,8049,0.8464984893798828,0.8141865616752987
293,False,8,8050,0.8410725593566895,0.7945916716541562
294,False,8,8051,0.8497560024261475,0.8102467421974455
295,False,8,8052,0.8633122444152832,0.775195340315501
296,False,8,8053,0.8553366661071777,0.7765848413109778
297,False,8,8054,0.8170723915100098,0.8095424572626749
298,False,8,8055,0.8797376155853271,0.8133655021942796
299,False,8,8056,0.8486177921295166,0.7767960086819671
300,False,8,8057,0.8869554996490479,0.7844102765832628
301,False,8,8058,0.8491544723510742,0.7536339932786567
302,False,8,8059,0.8477475643157959,0.7734110612599622
303,False,8,8060,0.8655822277069092,0.7416423988484201
304,False,8,8061,0.8464393615722656,0.7702953214091914
305,False,8,8062,0.837482213973999,0.7626671420321578
306,False,8,8063,0.8783261775970459,0.7402187937072346
307,False,8,8064,0.8631703853607178,0.7619179673492911
308,False,8,8065,0.9118814468383789,0.8012478770244689
309,False,8,8066,0.9314625263214111,0.8128069248937425
310,False,8,8067,0.9224181175231934,0.7773447888238091
311,False,8,8068,0.8855760097503662,0.7654113210737706
312,False,8,8069,0.8556451797485352,0.748406393896966
313,False,8,8070,0.8463659286499023,0.7727337121253921
314,False,8,8071,0.8685882091522217,0.8096414343232201
315,False,8,8072,0.8578388690948486,0.7522072009742261
316,False,8,8073,0.8494234085083008,0.7382580907571882
317,False,8,8074,0.8533837795257568,0.8027737247092384
318,False,8,8075,0.8496739864349365,0.8264978960866021
319,False,8,8076,0.8736708164215088,0.751670727949767
320,False,8,8077,0.8553993701934814,0.7827409743553118
321,False,8,8078,0.8433382511138916,0.8101312291054499
322,False,8,8079,0.8830952644348145,0.8017368997846333
323,False,8,8080,0.8429615497589111,0.749427054077387
324,False,8,8081,0.840059757232666,0.7791833973356657
325,False,8,8082,0.8491396903991699,0.8129280699150901
326,False,8,8083,0.8352398872375488,0.8138293437659739
327,False,8,8084,0.8617265224456787,0.7857814800171625
328,False,8,8085,0.8447299003601074,0.7771897800266744
329,False,8,8086,0.8610880374908447,0.7258655276326905
330,False,8,8087,0.8533186912536621,0.7313177174045926
331,False,8,8088,0.8472294807434082,0.7515388785728386
332,False,8,8089,0.8635177612304688,0.7742489767926078
333,False,8,8090,0.8286819458007812,0.755193493550732
334,False,8,8091,0.8642339706420898,0.7413572136844908
335,False,8,8092,0.8477468490600586,0.8094689044214429
336,False,8,8093,0.8832941055297852,0.7702081068640665
337,False,8,8094,0.8547041416168213,0.8196132154691788
338,False,8,8095,0.8529002666473389,0.7974070452508475
339,False,8,8096,0.879603385925293,0.7607568067808947
340,False,8,8097,0.9331257343292236,0.8108917136809655
341,False,8,8098,0.9422898292541504,0.786516417350088
342,False,8,8099,0.8995459079742432,0.7998221140532266
343,True,8,8100,0.9848759174346924,0.7519606873393058
344,False,8,8101,0.8474314212799072,0.8116485540355954
345,False,8,8102,0.8550055027008057,0.7460633225384212
346,False,8,8103,0.8667483329772949,0.758244825083585
347,False,8,8104,0.8451235294342041,0.8035169068191732
348,False,8,8105,0.8425235748291016,0.7710552155261948
349,False,8,8106,0.8629248142242432,0.8147538297233127
350,False,8,8107,0.8502974510192871,0.7612399595479168
351,False,8,8108,0.8576252460479736,0.7803703518140885
352,False,8,8109,0.8177573680877686,0.7602489328100568
353,False,8,8110,0.8596389293670654,0.7606816151667208
354,False,8,8111,0.8509116172790527,0.7469434784281822
355,False,8,8112,0.847827672958374,0.7622229212096756
356,False,8,8113,0.8322114944458008,0.7668256631475828
357,False,8,8114,0.8435513973236084,0.7765603161283902
358,False,8,8115,0.8849833011627197,0.777775985499223
359,False,8,8116,0.8500220775604248,0.7446788960979098
360,False,8,8117,0.809119701385498,0.7756615941013608
361,False,8,8118,0.8877432346343994,0.7683331938016982
362,False,8,8119,0.8482897281646729,0.7282083052254857
363,False,8,8120,0.8835158348083496,0.7523695475288801
364,False,8,8121,0.8785767555236816,0.7843584283476784
365,False,8,8122,0.8436474800109863,0.7572105526924132
366,False,8,8123,0.868708610534668,0.7886727778684525
367,False,8,8124,0.8485927581787109,0.733762410070215
368,False,8,8125,0.9428222179412842,0.8076594156168755
369,False,8,8126,0.937018871307373,0.7764262929558754
370,False,8,8127,0.9128067493438721,0.7458806892945652
371,False,8,8128,0.8080744743347168,0.7771966240945316
372,False,8,8129,0.8547394275665283,0.764882943814709
373,False,8,8130,0.8831729888916016,0.739609192879427
374,False,8,8131,0.8621747493743896,0.7732860409610328
375,False,8,8132,0.8240313529968262,0.7600577517989136
376,False,8,8133,0.8541891574859619,0.729378772101232
377,False,8,8134,0.8779172897338867,0.7667626083961554
378,False,8,8135,0.8619682788848877,0.7542551195337659
379,False,8,8136,0.8265533447265625,0.766889253365142
380,False,8,8137,0.8865411281585693,0.7838486479151818
381,False,8,8138,0.8525848388671875,0.8141683098815737
382,False,8,8139,0.8567085266113281,0.7758061970983234
383,False,8,8140,0.8696200847625732,0.7749546237644696
384,False,8,8141,0.8539574146270752,0.7825934219928016
385,False,8,8142,0.8653345108032227,0.843559057230041
386,False,8,8143,0.7981579303741455,0.8161759848395983
387,False,8,8144,0.8616104125976562,0.8109123678434461
388,False,8,8145,0.864213228225708,0.7741179757174991
389,False,8,8146,0.8509328365325928,0.7416673068489346
390,False,8,8147,0.8119347095489502,0.794316657064926
391,False,8,8148,0.8467354774475098,0.8077325922037875
392,False,8,8149,0.8615543842315674,0.7699540839308785
393,False,8,8150,0.8984978199005127,0.759059499771822
394,False,8,8151,0.8902103900909424,0.7833373044573126
395,False,8,8152,0.9401867389678955,0.7639177061972164
396,False,8,8153,0.8988027572631836,0.8041535598181545
397,False,8,8154,0.8594093322753906,0.7360413255436079
398,False,8,8155,0.8534290790557861,0.7976613051834562
399,False,8,8156,0.8497424125671387,0.8028687880862329
400,False,8,8157,0.8913159370422363,0.7329102676539193
401,False,8,8158,0.8331296443939209,0.7604748640386833
402,False,8,8159,0.8574213981628418,0.7473011765451658
403,False,8,8160,0.8675932884216309,0.8009959012269978
404,False,8,8161,0.8441226482391357,0.7396454342773983
405,False,8,8162,0.8527393341064453,0.7282325543818019
406,False,8,8163,0.8450448513031006,0.7978489076097807
407,False,8,8164,0.872549295425415,0.7266118423569768
408,False,8,8165,0.8605704307556152,0.7917646545739402
409,False,8,8166,0.8372364044189453,0.7747264369612649
410,False,8,8167,0.8500378131866455,0.7527631554929982
411,False,8,8168,0.8644461631774902,0.7337464381541524
412,False,8,8169,0.848092794418335,0.80942224498306
413,False,8,8170,0.8391046524047852,0.7755658406586875
414,False,8,8171,0.8814175128936768,0.7830067681414741
415,False,8,8172,0.8465003967285156,0.7798710685400736
416,False,8,8173,0.8853962421417236,0.7493088841438295
417,False,8,8174,0.8352963924407959,0.8267558192213377
418,False,8,8175,0.8475496768951416,0.7667746707087472
419,False,8,8176,0.8660323619842529,0.7929943430991401
420,False,8,8177,0.8493447303771973,0.7488971592947132
421,False,8,8178,0.8349802494049072,0.7287187837064266
422,False,8,8179,0.9347155094146729,0.803328704266321
423,False,8,8180,0.9311177730560303,0.7677085772156717
424,False,8,8181,0.939537525177002,0.7325856891416368
425,False,8,8182,0.8361828327178955,0.7499734211180893
426,False,8,8183,0.8589577674865723,0.7606569464717594
427,False,8,8184,0.8668980598449707,0.7098721789550922
428,False,8,8185,0.8481357097625732,0.7860050637807166
429,False,8,8186,0.8330843448638916,0.8012184199123155
430,False,8,8187,0.8464112281799316,0.783319372151579
431,False,8,8188,0.868401050567627,0.7909477193440709
432,False,8,8189,0.85701584815979,0.7527851458816301
433,False,8,8190,0.816946268081665,0.7663529884247552
434,False,8,8191,0.8809041976928711,0.7749470859056427
435,False,8,8192,0.8441169261932373,0.7866482848212832
436,False,8,8193,0.8720703125,0.7808513820526145
437,False,8,8194,0.8561875820159912,0.7817467316275551
438,False,8,8195,0.8473398685455322,0.7770612154688153
439,False,8,8196,0.8578159809112549,0.7607568972965791
440,False,8,8197,0.8399784564971924,0.770088631837141
441,False,8,8198,0.854790210723877,0.8252950246844971
442,False,8,8199,0.89304518699646,0.7612273327651476
443,True,8,8200,0.965505838394165,0.7637673651888257
444,False,8,8201,0.8227992057800293,0.7478316930078325
445,False,8,8202,0.884392499923706,0.7551141970214391
446,False,8,8203,0.8442115783691406,0.7356597273832276
447,False,8,8204,0.9096789360046387,0.872292780450412
448,False,8,8205,0.9360334873199463,0.7745286201437315
449,False,8,8206,0.9222900867462158,0.7612417732321081
450,False,8,8207,0.9099147319793701,0.7142929014350686
451,False,8,8208,0.8471949100494385,0.7844846926274752
452,False,8,8209,0.8449249267578125,0.7735784266676221
453,False,8,8210,0.8849935531616211,0.7197416708582925
454,False,8,8211,0.8453633785247803,0.7390162001053493
455,False,8,8212,0.8326361179351807,0.7631189800089313
456,False,8,8213,0.8801133632659912,0.750019530810061
457,False,8,8214,0.8492090702056885,0.7460485599225476
458,False,8,8215,0.864403247833252,0.7273269432286421
459,False,8,8216,0.8056440353393555,0.7494484225199335
460,False,8,8217,0.8636996746063232,0.7465961861113707
461,False,8,8218,0.8600428104400635,0.7604957212294853
462,False,8,8219,0.843022346496582,0.7008620798587801
463,False,8,8220,0.8177280426025391,0.7820879306112016
464,False,8,8221,0.8445606231689453,0.7498143702035857
465,False,8,8222,0.8620095252990723,0.8080788999795915
466,False,8,8223,0.8628590106964111,0.7866770305803843
467,False,8,8224,0.8003582954406738,0.7473205281865027
468,False,8,8225,0.885223388671875,0.7516000214077178
469,False,8,8226,0.8509478569030762,0.7079641923663164
470,False,8,8227,0.8884084224700928,0.7471633337083317
471,False,8,8228,0.9273505210876465,0.7871389321628072
472,False,8,8229,0.9258067607879639,0.7480976097285746
473,False,8,8230,0.9433724880218506,0.7319312787481715
474,False,8,8231,0.8522512912750244,0.793155529669353
475,False,8,8232,0.8457980155944824,0.7947708538600378
476,False,8,8233,0.8645319938659668,0.7924989483186178
477,False,8,8234,0.8711380958557129,0.7918537596151942
478,False,8,8235,0.8489153385162354,0.7207993043675309
479,False,8,8236,0.8504519462585449,0.7245395180015337
480,False,8,8237,0.8660032749176025,0.7623986000461238
481,False,8,8238,0.8471822738647461,0.763801992471729
482,False,8,8239,0.8654255867004395,0.7467791459390097
483,False,8,8240,0.8290636539459229,0.7835659932877336
484,False,8,8241,0.8648624420166016,0.7429451899869103
485,False,8,8242,0.8590924739837646,0.7739700980129697
486,False,8,8243,0.8443727493286133,0.7887242833773295
487,False,8,8244,0.8332762718200684,0.7696448649678912
488,False,8,8245,0.8469798564910889,0.7838673882541203
489,False,8,8246,0.8617861270904541,0.7243184245058468
490,False,8,8247,0.8602828979492188,0.7363944674531618
491,False,8,8248,0.819556474685669,0.7673047461680005
492,False,8,8249,0.8899784088134766,0.7913866216937703
493,False,8,8250,0.8823151588439941,0.7754389601094382
494,False,8,8251,0.9228062629699707,0.7394247810755457
495,False,8,8252,0.9118578433990479,0.7522020167892886
496,False,8,8253,0.95878005027771,0.7624534693147453
497,False,8,8254,0.977285623550415,0.7080634108611515
498,False,8,8255,0.9727246761322021,0.7178040430659339
499,False,8,8256,0.9081211090087891,0.7379809612674375
500,False,8,8257,0.9089183807373047,0.7990429458164034
501,False,8,8258,0.9211084842681885,0.7711873342770904
502,False,8,8259,0.8981518745422363,0.7313776692109448
503,False,8,8260,0.9024033546447754,0.7527566371219497
504,False,8,8261,0.9081971645355225,0.7467253236543565
505,False,8,8262,0.9124455451965332,0.7821769703711781
506,False,8,8263,0.9190108776092529,0.7482009285262653
507,False,8,8264,0.909076452255249,0.7924052324323426
508,False,8,8265,0.9058663845062256,0.7731330235089575
509,False,8,8266,0.9234912395477295,0.7759330991123403
510,False,8,8267,0.9135315418243408,0.8127924537374859
511,False,8,8268,0.8975460529327393,0.7628252727999574
512,False,8,8269,0.9176135063171387,0.7405833257805733
513,False,8,8270,0.9142146110534668,0.7593659609556197
514,False,8,8271,0.9063699245452881,0.7397108498428547
515,False,8,8272,0.9263980388641357,0.7545569748395965
516,False,8,8273,0.8992512226104736,0.7503763033698004
517,False,8,8274,0.9058451652526855,0.7632709550006048
518,False,8,8275,0.9001240730285645,0.7407128436579592
519,False,8,8276,0.902780294418335,0.773681179398582
520,False,8,8277,0.915611982345581,0.7421076569174018
521,False,8,8278,0.9108760356903076,0.7904566742834591
522,False,8,8279,0.9160358905792236,0.8060663576636995
523,False,8,8280,0.9710686206817627,0.7753431059065318
524,False,8,8281,0.9848809242248535,0.7675938680768013
525,False,8,8282,0.9662480354309082,0.7341805650364783
526,False,8,8283,0.9195032119750977,0.745515292421693
527,False,8,8284,0.9159770011901855,0.7472038592788437
528,False,8,8285,0.8897120952606201,0.7554071602367219
529,False,8,8286,0.9156453609466553,0.8047500561390606
530,False,8,8287,0.9014737606048584,0.7648935388951075
531,False,8,8288,0.9098601341247559,0.7512690430240972
532,False,8,8289,0.9288666248321533,0.7858400309369679
533,False,8,8290,0.8962821960449219,0.8169139424959819
534,False,8,8291,0.9232699871063232,0.7957032718473956
535,False,8,8292,0.9188134670257568,0.7505276754853272
536,False,8,8293,0.8909704685211182,0.7573713638952803
537,False,8,8294,0.91428542137146,0.7961174235457467
538,False,8,8295,0.8918592929840088,0.7590716399607205
539,False,8,8296,0.9150254726409912,0.7286132545698258
540,False,8,8297,0.9183804988861084,0.7573018765875271
541,False,8,8298,0.9025287628173828,0.7716279469785237
542,False,8,8299,0.917316198348999,0.7451294708464827
543,True,8,8300,0.9918568134307861,0.7451678638656933
544,False,8,8301,0.9129519462585449,0.7816440555311384
545,False,8,8302,0.907151460647583,0.7246672080031465
546,False,8,8303,0.8938801288604736,0.77178717369125
547,False,8,8304,0.9202420711517334,0.7956719682330178
548,False,8,8305,0.9081764221191406,0.7654684544319198
549,False,8,8306,0.9131903648376465,0.7803628001184691
550,False,8,8307,0.9165067672729492,0.7644931242934295
551,False,8,8308,0.8957340717315674,0.7903852927542869
552,False,8,8309,0.908513069152832,0.8271813939015071
553,False,8,8310,0.9212603569030762,0.8322979406941504
554,False,8,8311,0.8943724632263184,0.8258138593463671
555,False,8,8312,0.9236624240875244,0.8738593721673603
556,False,8,8313,0.9012572765350342,0.7899651718991143
557,False,8,8314,0.8984448909759521,0.7636896286691939
558,False,8,8315,0.9184985160827637,0.7262268214530889
559,False,8,8316,0.896899938583374,0.7885689238707225
560,False,8,8317,0.928469181060791,0.7728769080269903
561,False,8,8318,0.918036937713623,0.764316738361404
562,False,8,8319,0.8973238468170166,0.7903132358832017
563,False,8,8320,0.9366555213928223,0.7575417716233502
564,False,8,8321,0.9015390872955322,0.769748459259669
565,False,8,8322,0.9064483642578125,0.8320571751821612
566,False,8,8323,0.9777743816375732,0.779739006998993
567,False,8,8324,0.9585468769073486,0.7689129919523283
568,False,8,8325,0.9806935787200928,0.7145986163190433
569,False,8,8326,0.9787647724151611,0.7195672946316856
570,False,8,8327,0.9606618881225586,0.7696681072314581
571,False,8,8328,0.9887123107910156,0.7382651053014256
572,False,8,8329,0.9761538505554199,0.7423910605055944
573,False,8,8330,0.9868912696838379,0.7702125513127873
574,False,8,8331,0.9695487022399902,0.746290520543144
575,False,8,8332,0.9201385974884033,0.7582405276951335
576,False,8,8333,0.9223575592041016,0.8033114593653454
577,False,8,8334,0.896043062210083,0.7298053462235702
578,False,8,8335,0.9173135757446289,0.7822575498194921
579,False,8,8336,0.9082016944885254,0.8113390849459738
580,False,8,8337,0.8998377323150635,0.7651215688813301
581,False,8,8338,0.9212286472320557,0.7900522631548702
582,False,8,8339,0.919234037399292,0.7665419014436858
583,False,8,8340,0.902869701385498,0.7720111331769398
584,False,8,8341,0.9213302135467529,0.7332222096267201
585,False,8,8342,0.9134345054626465,0.7423194671670597
586,False,8,8343,0.9099228382110596,0.7906167837125913
587,False,8,8344,0.9102597236633301,0.7630316783629713
588,False,8,8345,0.9057085514068604,0.7509574545990854
589,False,8,8346,0.5847444534301758,0.776485283459936
590,False,8,8347,0.42466211318969727,0.8143964477238201
591,False,8,8348,0.44339442253112793,0.7742761834746316
592,False,8,8349,0.4508333206176758,0.7882403222223122
593,False,8,8350,0.43988466262817383,0.7361895147533641
594,False,8,8351,0.4380059242248535,0.7240488600163232
595,False,8,8352,0.42176365852355957,0.7677263397546041
596,False,8,8353,0.4448113441467285,0.7710997586448985
597,False,8,8354,0.4335601329803467,0.830971024220898
598,False,8,8355,0.44454288482666016,0.7893034446807135
599,False,8,8356,0.4437594413757324,0.7464804548238004
600,False,8,8357,0.45601487159729004,0.769993530142875
601,False,8,8358,0.4244856834411621,0.7652812685285296
602,False,8,8359,0.4354686737060547,0.7776246588854563
603,False,8,8360,0.4365088939666748,0.7663416871357531
604,False,8,8361,0.44262170791625977,0.7452365834088551
605,False,8,8362,0.42407751083374023,0.736807797725002
606,False,8,8363,0.46625185012817383,0.7945660530101686
607,False,8,8364,0.4302382469177246,0.757162537780546
608,False,8,8365,0.42078709602355957,0.7892182841897012
609,False,8,8366,0.4641542434692383,0.7666721893917946
610,False,8,8367,0.4192073345184326,0.73371018185502
611,False,8,8368,0.4451863765716553,0.7770045523842176
612,False,8,8369,0.44101500511169434,0.7927340627426193
613,False,8,8370,0.42780423164367676,0.7685712817169371
614,False,8,8371,0.4411654472351074,0.7490312671732337
615,False,8,8372,0.42343592643737793,0.767094468077024
616,False,8,8373,0.45575952529907227,0.7628279906653221
617,False,8,8374,0.44138002395629883,0.768349521216892
618,False,8,8375,0.4223058223724365,0.7743888972770598
619,False,8,8376,0.4755730628967285,0.8328322349559695
620,False,8,8377,0.4451627731323242,0.7670844372894081
621,False,8,8378,0.45365047454833984,0.7384899773058438
622,False,8,8379,0.4410214424133301,0.7374719244738419
623,False,8,8380,0.45397377014160156,0.7497451812738464
624,False,8,8381,0.439586877822876,0.7307821611563364
625,False,8,8382,0.44074511528015137,0.7755874026389351
626,False,8,8383,0.4734783172607422,0.7542707230008786
627,False,8,8384,0.4203979969024658,0.7493134023887771
628,False,8,8385,0.44048166275024414,0.790211864880153
629,False,8,8386,0.4539358615875244,0.7402640527912548
630,False,8,8387,0.4230778217315674,0.7803152804928167
631,False,8,8388,0.4407386779785156,0.7544297527167058
632,False,8,8389,0.45238280296325684,0.7617288061550684
633,False,8,8390,0.4365420341491699,0.7792758274646034
634,False,8,8391,0.42345213890075684,0.7937325895542189
635,False,8,8392,0.4574615955352783,0.7836097278410481
636,False,8,8393,0.43732452392578125,0.7778395671574845
637,False,8,8394,0.4422261714935303,0.8005619609639758
638,False,8,8395,0.4558844566345215,0.8404014956738268
639,False,8,8396,0.44199395179748535,0.7909011193329379
640,False,8,8397,0.4206118583679199,0.7679199285450435
641,False,8,8398,0.4699537754058838,0.7721206787086667
642,False,8,8399,0.44107699394226074,0.7455307504250889
643,True,8,8400,0.4609079360961914,0.8123742859987988
644,False,8,8401,0.4500854015350342,0.7997051314229057
645,False,8,8402,0.4445023536682129,0.832794918545655
646,False,8,8403,0.4239213466644287,0.7535801991110757
647,False,8,8404,0.47122812271118164,0.8017745223783311
648,False,8,8405,0.42107224464416504,0.7729665211268831
649,False,8,8406,0.42872023582458496,0.7583406714811213
650,False,8,8407,0.4767923355102539,0.7575850605609871
651,False,8,8408,0.4456768035888672,0.7665494336258798
652,False,8,8409,0.4231445789337158,0.7701865198711553
653,False,8,8410,0.47282958030700684,0.8038028627634046
654,False,8,8411,0.42476344108581543,0.7521037714821952
655,False,8,8412,0.42594265937805176,0.7832244317091647
656,False,8,8413,0.4715299606323242,0.7444051042908715
657,False,8,8414,0.4249424934387207,0.7638286893211657
658,False,8,8415,0.44269394874572754,0.7642768754490783
659,False,8,8416,0.47205376625061035,0.8348873126364891
660,False,8,8417,0.42577242851257324,0.7400669780160698
661,False,8,8418,0.4484901428222656,0.7715697863272257
662,False,8,8419,0.45890164375305176,0.7454482909469378
663,False,8,8420,0.42552947998046875,0.7610948850356398
664,False,8,8421,0.4442112445831299,0.8365159254698525
665,False,8,8422,0.47609734535217285,0.7424385820825896
666,False,8,8423,0.42426633834838867,0.7863908991927191
667,False,8,8424,0.44432902336120605,0.7542896742622058
668,False,8,8425,0.4544703960418701,0.7417420273025831
669,False,8,8426,0.42749905586242676,0.794674535592397
670,False,8,8427,0.44602298736572266,0.7399047237066997
671,False,8,8428,0.45324063301086426,0.7380181276017709
672,False,8,8429,0.4258890151977539,0.7841466287417072
673,False,8,8430,0.4207487106323242,0.8491915216048558
674,False,8,8431,0.43991613388061523,0.7473552619062719
675,False,8,8432,0.44684457778930664,0.7547887862615642
676,False,8,8433,0.42479681968688965,0.7554446645081042
677,False,8,8434,0.4224097728729248,0.8114186340854281
678,False,8,8435,0.46738266944885254,0.7519834105457579
679,False,8,8436,0.42104053497314453,0.720914275163696
680,False,8,8437,0.4434173107147217,0.7291724518651052
681,False,8,8438,0.4577929973602295,0.7895990542712663
682,False,8,8439,0.42330455780029297,0.7975345452626547
683,False,8,8440,0.47023940086364746,0.7362862334897121
684,False,8,8441,0.42630743980407715,0.7752671089200748
685,False,8,8442,0.455289363861084,0.734701028891972
686,False,8,8443,0.4443027973175049,0.7871956495302064
687,False,8,8444,0.4238417148590088,0.7766315071355729
688,False,8,8445,0.4743378162384033,0.7409331007372765
689,False,8,8446,0.44308972358703613,0.7896890395453999
690,False,8,8447,0.42259836196899414,0.7102165044773192
691,False,8,8448,0.4514808654785156,0.7660467312449502
692,False,8,8449,0.4411652088165283,0.8061125679385094
693,False,8,8450,0.4235522747039795,0.7573335589397523
694,False,8,8451,0.460280179977417,0.7422668694385459
695,False,8,8452,0.4422180652618408,0.7689708847375144
696,False,8,8453,0.42128777503967285,0.7346545204165438
697,False,8,8454,0.4749114513397217,0.7464795320161751
698,False,8,8455,0.4239339828491211,0.7520152156551678
699,False,8,8456,0.4221682548522949,0.798457272350788
700,False,8,8457,0.464585542678833,0.7672720750172931
701,False,8,8458,0.444826602935791,0.779186339782817
702,False,8,8459,0.42342162132263184,0.7419371721999988
703,False,8,8460,0.47470784187316895,0.7273083950969436
704,False,8,8461,0.4244661331176758,0.7594509362464859
705,False,8,8462,0.4248063564300537,0.7714899700312386
706,False,8,8463,0.47522974014282227,0.8240345549725351
707,False,8,8464,0.4250781536102295,0.7577433192304204
708,False,8,8465,0.44072771072387695,0.7770092735687891
709,False,8,8466,0.4799635410308838,0.7010817384081227
710,False,8,8467,0.42534375190734863,0.7613280177825973
711,False,8,8468,0.4434783458709717,0.7697768087188402
712,False,8,8469,0.4578361511230469,0.7704394975943225
713,False,8,8470,0.42345643043518066,0.7575778971825327
714,False,8,8471,0.4418962001800537,0.7949232402301968
715,False,8,8472,0.4753761291503906,0.7940977804717562
716,False,8,8473,0.42609286308288574,0.7412309430184818
717,False,8,8474,0.44437479972839355,0.8001201042816753
718,False,8,8475,0.48087406158447266,0.7491112365609124
719,False,8,8476,0.42505311965942383,0.7813285553739185
720,False,8,8477,0.44368457794189453,0.7655588445209323
721,False,8,8478,0.45693159103393555,0.7590079181605862
722,False,8,8479,0.4258887767791748,0.789648950986919
723,False,8,8480,0.44415926933288574,0.7433905681329112
724,False,8,8481,0.4553511142730713,0.7460692191407794
725,False,8,8482,0.44219350814819336,0.7672620476001785
726,False,8,8483,0.44458675384521484,0.7711368868837044
727,False,8,8484,0.46474242210388184,0.7769082309234709
728,False,8,8485,0.4251248836517334,0.799455803065073
729,False,8,8486,0.44573545455932617,0.7327731022877354
730,False,8,8487,0.45583248138427734,0.7299235832123528
731,False,8,8488,0.42577242851257324,0.7568562766980557
732,False,8,8489,0.44786930084228516,0.7106016044105804
733,False,8,8490,0.4568648338317871,0.8410050744811693
734,False,8,8491,0.44116830825805664,0.7567437156325295
735,False,8,8492,0.4384613037109375,0.7556573125932898
736,False,8,8493,0.4512486457824707,0.7635891256587847
737,False,8,8494,0.444993257522583,0.8116452243356477
738,False,8,8495,0.4255063533782959,0.780451096505636
739,False,8,8496,0.4556558132171631,0.7425464460892338
740,False,8,8497,0.5603604316711426,0.7975429165221396
741,False,8,8498,0.5606381893157959,0.8019795261678241
742,False,8,8499,0.5673637390136719,0.741177161712022
743,True,8,8500,0.4854607582092285,0.7486999813644659
744,False,8,8501,0.45058679580688477,0.8062405462066333
745,False,8,8502,0.4251399040222168,0.7703297595449146
746,False,8,8503,0.47179555892944336,0.7509273198388873
747,False,8,8504,0.43605852127075195,0.784930156100364
748,False,8,8505,0.4236440658569336,0.7734395442974
749,False,8,8506,0.4731471538543701,0.7918558305218106
750,False,8,8507,0.42322683334350586,0.7248529908912522
751,False,8,8508,0.44314002990722656,0.82321460545063
752,False,8,8509,0.47306394577026367,0.79268559387752
753,False,8,8510,0.42633676528930664,0.7662791389794577
754,False,8,8511,0.42116689682006836,0.7692056298255922
755,False,8,8512,0.472872257232666,0.7673163117752189
756,False,8,8513,0.425595760345459,0.7507768660074188
757,False,8,8514,0.44048523902893066,0.7641628263961702
758,False,8,8515,0.46365904808044434,0.7415510572138285
759,False,8,8516,0.42099666595458984,0.724175034179574
760,False,8,8517,0.4422471523284912,0.7882283400921597
761,False,8,8518,0.44957995414733887,0.7692924947256131
762,False,8,8519,0.4379239082336426,0.7398821495118595
763,False,8,8520,0.4258263111114502,0.8033551084143775
764,False,8,8521,0.4704902172088623,0.7821888803016572
765,False,8,8522,0.4271810054779053,0.770342679250808
766,False,8,8523,0.44821667671203613,0.8154588964368613
767,False,8,8524,0.4531557559967041,0.745367809597935
768,False,8,8525,0.4461982250213623,0.7791282144330798
769,False,8,8526,0.422534704208374,0.7378984698582264
770,False,8,8527,0.4517033100128174,0.7606368111003012
771,False,8,8528,0.44600772857666016,0.7725717955756757
772,False,8,8529,0.42349958419799805,0.739530360592263
773,False,8,8530,0.472459077835083,0.7671831629815555
774,False,8,8531,0.42377710342407227,0.7441252115226928
775,False,8,8532,0.4257180690765381,0.7934500752460389
776,False,8,8533,0.4494037628173828,0.8077312239578791
777,False,8,8534,0.42786574363708496,0.7809395619801113
778,False,8,8535,0.42345404624938965,0.7047923128342345
779,False,8,8536,0.46668100357055664,0.7642169266584374
780,False,8,8537,0.422778844833374,0.7802231872365587
781,False,8,8538,0.4430534839630127,0.7682503034316359
782,False,8,8539,0.443195104598999,0.7735486520188195
783,False,8,8540,0.46646833419799805,0.767174837489923
784,False,8,8541,0.5622997283935547,0.7676580888884409
785,False,8,8542,0.5750396251678467,0.7573411096597001
786,False,8,8543,0.5414755344390869,0.7746488035079979
787,False,8,8544,0.5661933422088623,0.7781727636853851
788,False,8,8545,0.5583813190460205,0.738036278103079
789,False,8,8546,0.5629098415374756,0.7372497604006812
790,False,8,8547,0.5768470764160156,0.7511638223770117
791,False,8,8548,0.5373635292053223,0.7795255702166327
792,False,8,8549,0.5766448974609375,0.7523516077725663
793,False,8,8550,0.4415440559387207,0.7674538104661874
794,False,8,8551,0.42300939559936523,0.7492541053465437
795,False,8,8552,0.46611809730529785,0.7327962838822887
796,False,8,8553,0.42211318016052246,0.7332539650655928
797,False,8,8554,0.4249117374420166,0.7672927585386096
798,False,8,8555,0.42174482345581055,0.7509252049383663
799,False,8,8556,0.4500579833984375,0.8012766334272569
800,False,8,8557,0.4423801898956299,0.7813620776647612
801,False,8,8558,0.44484710693359375,0.7647203593736602
802,False,8,8559,0.45523500442504883,0.7569982927469981
803,False,8,8560,0.44338297843933105,0.8217131509667351
804,False,8,8561,0.4732034206390381,0.7590762838011696
805,False,8,8562,0.42612767219543457,0.7549615832311766
806,False,8,8563,0.47512221336364746,0.7611421903684027
807,False,8,8564,0.42547035217285156,0.759359172767117
808,False,8,8565,0.4254021644592285,0.792269466178758
809,False,8,8566,0.4725222587585449,0.7523230371021089
810,False,8,8567,0.4295642375946045,0.7882535187971025
811,False,8,8568,0.44487595558166504,0.7788794413208961
812,False,8,8569,0.45128369331359863,0.774198253949483
813,False,8,8570,0.4435405731201172,0.7529815116098949
814,False,8,8571,0.4461193084716797,0.8000876733234953
815,False,8,8572,0.45395970344543457,0.7677790799311233
816,False,8,8573,0.4252004623413086,0.7602947198209308
817,False,8,8574,0.4472472667694092,0.7725179890791577
818,False,8,8575,0.45064878463745117,0.7148728581766287
819,False,8,8576,0.4457433223724365,0.7721610441803932
820,False,8,8577,0.4211845397949219,0.7579312038918337
821,False,8,8578,0.45494914054870605,0.7667637903775488
822,False,8,8579,0.4413716793060303,0.7918187422411781
823,False,8,8580,0.4225602149963379,0.8394760134674252
824,False,8,8581,0.46399402618408203,0.7790691449883438
825,False,8,8582,0.4209418296813965,0.7231547002281462
826,False,8,8583,0.4238591194152832,0.7895348465868404
827,False,8,8584,0.45958399772644043,0.7265374472453481
828,False,8,8585,0.44200968742370605,0.7857397177389692
829,False,8,8586,0.4209461212158203,0.7283590331318832
830,False,8,8587,0.47076940536499023,0.7910771006274792
831,False,8,8588,0.43970751762390137,0.763205840828873
832,False,8,8589,0.4226958751678467,0.7726475160036769
833,False,8,8590,0.46607446670532227,0.755369556624265
834,False,8,8591,0.4228391647338867,0.7766382410412742
835,False,8,8592,0.42961692810058594,0.725930898317269
836,False,8,8593,0.4607405662536621,0.7692142671772412
837,False,8,8594,0.42176389694213867,0.7891764254087493
838,False,8,8595,0.42607593536376953,0.7694786953784172
839,False,8,8596,0.46408653259277344,0.7495570228922935
840,False,8,8597,0.4202606678009033,0.7491125208990915
841,False,8,8598,0.4413285255432129,0.7273078064123789
842,False,8,8599,0.4427914619445801,0.7839790454932619
843,True,8,8600,0.46347784996032715,0.7599182214055742
844,False,8,8601,0.44048643112182617,0.7701375120807263
845,False,8,8602,0.4578409194946289,0.7865428825219472
846,False,8,8603,0.42383503913879395,0.7480440991265433
847,False,8,8604,0.4426252841949463,0.7822537493138086
848,False,8,8605,0.4606771469116211,0.7645341612043834
849,False,8,8606,0.4241962432861328,0.8254731208795593
850,False,8,8607,0.42524099349975586,0.7820091135799886
851,False,8,8608,0.44026851654052734,0.7466156784267651
852,False,8,8609,0.44073963165283203,0.7607386239937376
853,False,8,8610,0.44583559036254883,0.7785825942243846
854,False,8,8611,0.45688390731811523,0.7607786868299755
855,False,8,8612,0.4432070255279541,0.7534744828229859
856,False,8,8613,0.42543506622314453,0.7182889179814429
857,False,8,8614,0.42298364639282227,0.7862131957496916
858,False,8,8615,0.46958112716674805,0.7919695330340238
859,False,8,8616,0.4228346347808838,0.7621536822546094
860,False,8,8617,0.4424095153808594,0.7389073107568989
861,False,8,8618,0.4519171714782715,0.7161941508806887
862,False,8,8619,0.42450571060180664,0.7488388660408202
863,False,8,8620,0.42309117317199707,0.7153151585232644
864,False,8,8621,0.4511570930480957,0.7727173481668745
865,False,8,8622,0.4436964988708496,0.8042078479414895
866,False,8,8623,0.4758279323577881,0.721483998710201
867,False,8,8624,0.4303474426269531,0.745521220777716
868,False,8,8625,0.47120189666748047,0.8203478739375162
869,False,8,8626,0.4448881149291992,0.7359407551231839
870,False,8,8627,0.42165160179138184,0.7702635216216246
871,False,8,8628,0.47107744216918945,0.7471054682419412
872,False,8,8629,0.42071962356567383,0.7393371665052004
873,False,8,8630,0.422990083694458,0.7646282698426927
874,False,8,8631,0.46042847633361816,0.7461826866936117
875,False,8,8632,0.4222726821899414,0.7729645123084387
876,False,8,8633,0.44368863105773926,0.7651283939679464
877,False,8,8634,0.4539635181427002,0.7727652454660051
878,False,8,8635,0.4228181838989258,0.7514160665727796
879,False,8,8636,0.4419426918029785,0.7891575387191204
880,False,8,8637,0.47081899642944336,0.7983176853685151
881,False,8,8638,0.42357516288757324,0.7646839852843967
882,False,8,8639,0.4526064395904541,0.7758852967194148
883,False,8,8640,0.42218828201293945,0.8000980771723247
884,False,8,8641,0.44233179092407227,0.7402803473884153
885,False,8,8642,0.42560315132141113,0.7388033526284353
886,False,8,8643,0.47237062454223633,0.7631049392124017
887,False,8,8644,0.4424021244049072,0.7480163272647632
888,False,8,8645,0.42353320121765137,0.728531324792476
889,False,8,8646,0.46865129470825195,0.7457291123767693
890,False,8,8647,0.42339420318603516,0.7206062697583719
891,False,8,8648,0.42406749725341797,0.7128025345681679
892,False,8,8649,0.47429704666137695,0.7595346844976855
893,False,8,8650,0.4454081058502197,0.7705354931808654
894,False,8,8651,0.42392826080322266,0.8170600338351159
895,False,8,8652,0.4664037227630615,0.7592871096872149
896,False,8,8653,0.4247472286224365,0.7599590422053422
897,False,8,8654,0.42448854446411133,0.716455036286442
898,False,8,8655,0.45899081230163574,0.7421738471658457
899,False,8,8656,0.4225912094116211,0.8142136445357685
900,False,8,8657,0.44293665885925293,0.8059131226369312
901,False,8,8658,0.4567883014678955,0.7792060934007168
902,False,8,8659,0.42090344429016113,0.7249891675476515
903,False,8,8660,0.4442763328552246,0.7636604839492411
904,False,8,8661,0.459200382232666,0.7738483354804061
905,False,8,8662,0.4234049320220947,0.7864489962479897
906,False,8,8663,0.4441993236541748,0.7436528948712208
907,False,8,8664,0.45529603958129883,0.7622132829966999
908,False,8,8665,0.42229723930358887,0.7848050381456102
909,False,8,8666,0.44579601287841797,0.7822898974021274
910,False,8,8667,0.44608402252197266,0.7278751347746166
911,False,8,8668,0.4337451457977295,0.7950654349156789
912,False,8,8669,0.44570302963256836,0.8171242645808628
913,False,8,8670,0.45154666900634766,0.8015909010455722
914,False,8,8671,0.4420504570007324,0.7524223959162122
915,False,8,8672,0.4244809150695801,0.7198072163654223
916,False,8,8673,0.47316408157348633,0.7543797883249466
917,False,8,8674,0.4376201629638672,0.7120879654373442
918,False,8,8675,0.4244682788848877,0.7992459876196725
919,False,8,8676,0.42188286781311035,0.7908849219481148
920,False,8,8677,0.4631693363189697,0.7489945698706878
921,False,8,8678,0.42361998558044434,0.8039306785379138
922,False,8,8679,0.42534327507019043,0.7531491661710398
923,False,8,8680,0.47190093994140625,0.7721582569536709
924,False,8,8681,0.4242877960205078,0.7619527547309798
925,False,8,8682,0.44145822525024414,0.7549801745585034
926,False,8,8683,0.4751150608062744,0.7290654230330671
927,False,8,8684,0.42279577255249023,0.7512167263332578
928,False,8,8685,0.4743649959564209,0.7727342744668323
929,False,8,8686,0.4458448886871338,0.7461573376896836
930,False,8,8687,0.450089693069458,0.7238116832006545
931,False,8,8688,0.4424901008605957,0.7237988224341756
932,False,8,8689,0.42276668548583984,0.7806423647063119
933,False,8,8690,0.44800567626953125,0.7773613958131699
934,False,8,8691,0.4419369697570801,0.7201928514100256
935,False,8,8692,0.4262528419494629,0.8020310015195893
936,False,8,8693,0.4503977298736572,0.7634773770613329
937,False,8,8694,0.44342565536499023,0.7467874778168543
938,False,8,8695,0.42120933532714844,0.812370598670982
939,False,8,8696,0.47028040885925293,0.7593516824500901
940,False,8,8697,0.4245927333831787,0.7647543315376554
941,False,8,8698,0.42354345321655273,0.7425808596114318
942,False,8,8699,0.47114014625549316,0.7233311677617688
943,True,8,8700,0.48291516304016113,0.7037749130811009
944,False,8,8701,0.4223349094390869,0.7950891501137187
945,False,8,8702,0.4579486846923828,0.7964117340743542
946,False,8,8703,0.44370603561401367,0.7310009653724373
947,False,8,8704,0.42014360427856445,0.7716294952801297
948,False,8,8705,0.46845293045043945,0.7875542496996266
949,False,8,8706,0.4231886863708496,0.7646513166172165
950,False,8,8707,0.4199559688568115,0.7231455406262759
951,False,8,8708,0.4702799320220947,0.7504505156761123
952,False,8,8709,0.42131710052490234,0.7377954132500151
953,False,8,8710,0.44562721252441406,0.8123248884720461
954,False,8,8711,0.4409940242767334,0.7405048418967497
955,False,8,8712,0.4207181930541992,0.7288317949998946
956,False,8,8713,0.44264674186706543,0.7609271873675639
957,False,8,8714,0.4420943260192871,0.75563437775487
958,False,8,8715,0.42201757431030273,0.7471013826628526
959,False,8,8716,0.44426846504211426,0.7659936717578343
960,False,8,8717,0.4521443843841553,0.7556936833120529
961,False,8,8718,0.4251742362976074,0.7314569882693742
962,False,8,8719,0.44242405891418457,0.7574171970287958
963,False,8,8720,0.4573221206665039,0.7726523904573349
964,False,8,8721,0.4380018711090088,0.7491928558974039
965,False,8,8722,0.422900915145874,0.7735520030061404
966,False,8,8723,0.44761037826538086,0.7601628619290532
967,False,8,8724,0.44233226776123047,0.7453594374514761
968,False,8,8725,0.43818020820617676,0.7228943205305509
969,False,8,8726,0.45526838302612305,0.737335552062307
970,False,8,8727,0.44160032272338867,0.7883271340812955
971,False,8,8728,0.42311859130859375,0.8034955014785132
972,False,8,8729,0.5257692337036133,0.7442818489812669
973,False,8,8730,0.5457274913787842,0.8184955063320342
974,False,8,8731,0.5539467334747314,0.80091659228007
975,False,8,8732,0.5677645206451416,0.7721369041218643
976,False,8,8733,0.4251840114593506,0.7353897076987086
977,False,8,8734,0.4417250156402588,0.7454864400483313
978,False,8,8735,0.4427525997161865,0.7360986692919619
979,False,8,8736,0.44026684761047363,0.7726693673148044
980,False,8,8737,0.44130778312683105,0.7652477270790509
981,False,8,8738,0.45107126235961914,0.7712440182055746
982,False,8,8739,0.425861120223999,0.7591495095264345
983,False,8,8740,0.44446873664855957,0.7994891447680338
984,False,8,8741,0.4534127712249756,0.7709238758044585
985,False,8,8742,0.4235355854034424,0.7496052526292349
986,False,8,8743,0.4435763359069824,0.7365030031651258
987,False,8,8744,0.45508551597595215,0.7662843797533285
988,False,8,8745,0.4349803924560547,0.7345488756185488
989,False,8,8746,0.4789602756500244,0.7269224038436299
990,False,8,8747,0.4243795871734619,0.8114044471156028
991,False,8,8748,0.4770832061767578,0.760266334528015
992,False,8,8749,0.4424002170562744,0.7700797775316804
993,False,8,8750,0.4215097427368164,0.7885373163790927
994,False,8,8751,0.47057652473449707,0.7795163485265911
995,False,8,8752,0.4237668514251709,0.8036360964179039
996,False,8,8753,0.4266703128814697,0.7681802766663688
997,False,8,8754,0.4640932083129883,0.7530293414990105
998,False,8,8755,0.4223659038543701,0.759333678654262
999,False,8,8756,0.4436213970184326,0.7856907447179159
1000,False,8,8757,0.4493088722229004,0.736675177656469
1001,False,8,8758,0.4231243133544922,0.7531712335490044
1002,False,8,8759,0.44502782821655273,0.7620075657254173
1003,False,8,8760,0.4538900852203369,0.7594869363875617
1004,False,8,8761,0.4411892890930176,0.7657996740724358
1005,False,8,8762,0.44396257400512695,0.7830036034186683
1006,False,8,8763,0.45159029960632324,0.7464995990906441
1007,False,8,8764,0.4320845603942871,0.8157480018479483
1008,False,8,8765,0.42833971977233887,0.8034420105673017
1009,False,8,8766,0.45717310905456543,0.7688346787222793
1010,False,8,8767,0.44367098808288574,0.7772267223114058
1011,False,8,8768,0.42377781867980957,0.7637489134711877
1012,False,8,8769,0.4686861038208008,0.8164962943465937
1013,False,8,8770,0.4439690113067627,0.7258212536662108
1014,False,8,8771,0.4228658676147461,0.788359526722204
1015,False,8,8772,0.4749767780303955,0.7281027319175856
1016,False,8,8773,0.42238330841064453,0.8301551874194827
1017,False,8,8774,0.4230349063873291,0.7349346840665454
1018,False,8,8775,0.4855308532714844,0.78161879788552
1019,False,8,8776,0.5601634979248047,0.7672880100352423
1020,False,8,8777,0.5576674938201904,0.7533287214381353
1021,False,8,8778,0.5744140148162842,0.8422271836371648
1022,False,8,8779,0.44383764266967773,0.7812303733967598
1023,False,8,8780,0.4242429733276367,0.7807414723294123
1024,False,8,8781,0.4711298942565918,0.7636295317539145
1025,False,8,8782,0.42211270332336426,0.8366180896049454
1026,False,8,8783,0.4221611022949219,0.7337242308117095
1027,False,8,8784,0.4741017818450928,0.7701440379023553
1028,False,8,8785,0.42250967025756836,0.7518985156147251
1029,False,8,8786,0.4454035758972168,0.7737026111710639
1030,False,8,8787,0.4689905643463135,0.7678168034624485
1031,False,8,8788,0.4215271472930908,0.7531437657418705
1032,False,8,8789,0.4428367614746094,0.7538215745063056
1033,False,8,8790,0.4549274444580078,0.7342498423088165
1034,False,8,8791,0.42090368270874023,0.7629503228125117
1035,False,8,8792,0.4423203468322754,0.7515040554461024
1036,False,8,8793,0.45160484313964844,0.7454682301197733
1037,False,8,8794,0.43469834327697754,0.7861552461981772
1038,False,8,8795,0.4467802047729492,0.7697738462260793
1039,False,8,8796,0.4516925811767578,0.809407905098938
1040,False,8,8797,0.43813395500183105,0.7489267828918638
1041,False,8,8798,0.4227879047393799,0.7677599633378641
1042,False,8,8799,0.46990394592285156,0.7731133784566606
1043,True,8,8800,0.48039865493774414,0.7239228550876892
1044,False,8,8801,0.44581055641174316,0.7357340008020401
1045,False,8,8802,0.44333529472351074,0.7462724601583822
1046,False,8,8803,0.4397914409637451,0.7270937544249353
1047,False,8,8804,0.42156004905700684,0.7968089016420502
1048,False,8,8805,0.422274112701416,0.7800128470574108
1049,False,8,8806,0.4469625949859619,0.7513610479377565
1050,False,8,8807,0.45577096939086914,0.7928361665634882
1051,False,8,8808,0.4338257312774658,0.7642858716703597
1052,False,8,8809,0.47535228729248047,0.7609539805423645
1053,False,8,8810,0.41982150077819824,0.7645347139665057
1054,False,8,8811,0.44423437118530273,0.7906206427585512
1055,False,8,8812,0.45616650581359863,0.769223346951462
1056,False,8,8813,0.423201322555542,0.7765794935680572
1057,False,8,8814,0.4409945011138916,0.7798225489400681
1058,False,8,8815,0.4516127109527588,0.7369546274698915
1059,False,8,8816,0.42152929306030273,0.7847365715673992
1060,False,8,8817,0.44469499588012695,0.7712465907846179
1061,False,8,8818,0.45000147819519043,0.7424135094597225
1062,False,8,8819,0.5407979488372803,0.7333908336503165
1063,False,8,8820,0.5425176620483398,0.7796789712849118
1064,False,8,8821,0.5687839984893799,0.7648920076234
1065,False,8,8822,0.4979288578033447,0.7655770321864457
1066,False,8,8823,0.44144248962402344,0.793362823980195
1067,False,8,8824,0.44193315505981445,0.728426156299455
1068,False,8,8825,0.42452359199523926,0.741481846287137
1069,False,8,8826,0.4677751064300537,0.7824095526621454
1070,False,8,8827,0.44179296493530273,0.7542737681596053
1071,False,8,8828,0.42189550399780273,0.7170114416096891
1072,False,8,8829,0.4704580307006836,0.7638868313460124
1073,False,8,8830,0.42130160331726074,0.7712763084896973
1074,False,8,8831,0.4236185550689697,0.7812495501711963
1075,False,8,8832,0.46619248390197754,0.7916083697761805
1076,False,8,8833,0.4231388568878174,0.751473797840022
1077,False,8,8834,0.44447803497314453,0.7585684458414715
1078,False,8,8835,0.42453742027282715,0.7431606412643478
1079,False,8,8836,0.4235203266143799,0.758703336829231
1080,False,8,8837,0.4451718330383301,0.7686832208363782
1081,False,8,8838,0.4472239017486572,0.7480498421050252
1082,False,8,8839,0.42357349395751953,0.7431632584581771
1083,False,8,8840,0.4442172050476074,0.7698790686471121
1084,False,8,8841,0.4546322822570801,0.7462407396662804
1085,False,8,8842,0.42149877548217773,0.741001921395461
1086,False,8,8843,0.44414710998535156,0.7837112251491775
1087,False,8,8844,0.44742465019226074,0.7533198465548809
1088,False,8,8845,0.44179224967956543,0.7673123312138377
1089,False,8,8846,0.42527318000793457,0.7319842257669994
1090,False,8,8847,0.45436739921569824,0.7800067187774747
1091,False,8,8848,0.44179821014404297,0.7580979125840324
1092,False,8,8849,0.4221017360687256,0.7466555812529156
1093,False,8,8850,0.4736764430999756,0.7473063646327882
1094,False,8,8851,0.4489736557006836,0.7265631982258387
1095,False,8,8852,0.42588138580322266,0.7239568937747252
1096,False,8,8853,0.46674180030822754,0.7960934419007527
1097,False,8,8854,0.42105770111083984,0.7384559347161225
1098,False,8,8855,0.42363452911376953,0.7999184578657151
1099,False,8,8856,0.46047210693359375,0.7746667280083612
1100,False,8,8857,0.4210848808288574,0.7838979881434213
1101,False,8,8858,0.4427049160003662,0.789945467951752
1102,False,8,8859,0.42304253578186035,0.782258706788222
1103,False,8,8860,0.45392465591430664,0.7588382985975062
1104,False,8,8861,0.44108057022094727,0.75885346904397
1105,False,8,8862,0.4254794120788574,0.7171243948063679
1106,False,8,8863,0.5450379848480225,0.7645109331323988
1107,False,8,8864,0.42272138595581055,0.7875614389777185
0,False,9,8865,0.4249904155731201,0.7407279734810194
1,False,9,8866,0.4640665054321289,0.7414481618574688
2,False,9,8867,0.41991186141967773,0.7335542169000422
3,False,9,8868,0.44191932678222656,0.7879756270419983
4,False,9,8869,0.529266357421875,0.7672455910415876
5,False,9,8870,0.5504987239837646,0.7369696321409375
6,False,9,8871,0.5528445243835449,0.7331571618006343
7,False,9,8872,0.5293169021606445,0.7774027096373695
8,False,9,8873,0.4247770309448242,0.7366566391927856
9,False,9,8874,0.44269323348999023,0.7511516692382948
10,False,9,8875,0.45678281784057617,0.7472514850752694
11,False,9,8876,0.4249136447906494,0.7847374766355469
12,False,9,8877,0.44153547286987305,0.8249943391198203
13,False,9,8878,0.44838666915893555,0.7428577180419651
14,False,9,8879,0.44237828254699707,0.728670203260013
15,False,9,8880,0.443493127822876,0.7457454750935236
16,False,9,8881,0.4520421028137207,0.7694155813327858
17,False,9,8882,0.4254903793334961,0.772912283738454
18,False,9,8883,0.4454655647277832,0.7864562230450765
19,False,9,8884,0.4498023986816406,0.7846838022981371
20,False,9,8885,0.443408727645874,0.765222496574833
21,False,9,8886,0.4217705726623535,0.7398448960766906
22,False,9,8887,0.4528322219848633,0.741225303106365
23,False,9,8888,0.4412550926208496,0.7848557560216813
24,False,9,8889,0.42178964614868164,0.7751436648624284
25,False,9,8890,0.4737429618835449,0.7763756680346674
26,False,9,8891,0.4207160472869873,0.7352162943709464
27,False,9,8892,0.4221048355102539,0.723339368367479
28,False,9,8893,0.46633076667785645,0.7632273632500854
29,False,9,8894,0.444232702255249,0.7636183777025769
30,False,9,8895,0.42286229133605957,0.7241577743774368
31,False,9,8896,0.441450834274292,0.7835029565862247
32,False,9,8897,0.44774794578552246,0.7539903904710497
33,False,9,8898,0.4234931468963623,0.7975615364987226
34,False,9,8899,0.4448122978210449,0.7464106742824826
35,True,9,8900,0.49038052558898926,0.7582603135988827
36,False,9,8901,0.4201180934906006,0.7839888540052231
37,False,9,8902,0.4417080879211426,0.7912413124882037
38,False,9,8903,0.4479391574859619,0.7577274831987563
39,False,9,8904,0.4429347515106201,0.7752293784703527
40,False,9,8905,0.45023083686828613,0.8178150114558993
41,False,9,8906,0.44273853302001953,0.7664200919902042
42,False,9,8907,0.46733522415161133,0.7055727527255105
43,False,9,8908,0.4423668384552002,0.7844235613232567
44,False,9,8909,0.4240684509277344,0.7350632844581492
45,False,9,8910,0.47353482246398926,0.7528925970906302
46,False,9,8911,0.422137975692749,0.7777143993547984
47,False,9,8912,0.42185163497924805,0.7352194747044926
48,False,9,8913,0.47303342819213867,0.7514821027538604
49,False,9,8914,0.42327284812927246,0.7549922492887293
50,False,9,8915,0.4420626163482666,0.7563830394120442
51,False,9,8916,0.45691657066345215,0.7276257381197953
52,False,9,8917,0.42328882217407227,0.7360148578882219
53,False,9,8918,0.4241914749145508,0.7297963265861782
54,False,9,8919,0.5357308387756348,0.7719427283321108
55,False,9,8920,0.5556871891021729,0.7910951709463482
56,False,9,8921,0.5534179210662842,0.7580710677873519
57,False,9,8922,0.5758194923400879,0.7491188271059875
58,False,9,8923,0.5547184944152832,0.7503413643155781
59,False,9,8924,0.572490930557251,0.7718275230200518
60,False,9,8925,0.5573372840881348,0.7854455862016902
61,False,9,8926,0.5732879638671875,0.7416400423362142
62,False,9,8927,0.5266361236572266,0.7046699814853212
63,False,9,8928,0.511540412902832,0.7477407247892449
64,False,9,8929,0.45305442810058594,0.7331690422835805
65,False,9,8930,0.4251840114593506,0.7460170319037778
66,False,9,8931,0.44382452964782715,0.7270276865788867
67,False,9,8932,0.4639413356781006,0.7429542880327928
68,False,9,8933,0.42180848121643066,0.7804297191046532
69,False,9,8934,0.44252777099609375,0.7189654952713422
70,False,9,8935,0.4545292854309082,0.7693101220897266
71,False,9,8936,0.4227874279022217,0.7648920943694455
72,False,9,8937,0.4426727294921875,0.7429345604919253
73,False,9,8938,0.4507160186767578,0.7508315585908435
74,False,9,8939,0.4376862049102783,0.7490565915192876
75,False,9,8940,0.4213869571685791,0.7513639565025056
76,False,9,8941,0.454986572265625,0.7701859240021025
77,False,9,8942,0.4411773681640625,0.7546702612723624
78,False,9,8943,0.44196319580078125,0.7173007641519821
79,False,9,8944,0.45418858528137207,0.7072927991283081
80,False,9,8945,0.44571685791015625,0.7539368917544683
81,False,9,8946,0.42227768898010254,0.7480938679405622
82,False,9,8947,0.45777368545532227,0.7463210081415514
83,False,9,8948,0.4420509338378906,0.7591784427918138
84,False,9,8949,0.42201900482177734,0.756303508721647
85,False,9,8950,0.47550034523010254,0.7329041574682508
86,False,9,8951,0.44577455520629883,0.7296421863138675
87,False,9,8952,0.4223041534423828,0.7887733018114453
88,False,9,8953,0.4692537784576416,0.7746264700378691
89,False,9,8954,0.42286157608032227,0.7456425474513142
90,False,9,8955,0.4425778388977051,0.7356241434102967
91,False,9,8956,0.4413275718688965,0.728203910802092
92,False,9,8957,0.4508960247039795,0.7847289684272948
93,False,9,8958,0.4237504005432129,0.735605009964534
94,False,9,8959,0.42766880989074707,0.7681290862106143
95,False,9,8960,0.4504051208496094,0.7637289139841282
96,False,9,8961,0.4407477378845215,0.7213952169709262
97,False,9,8962,0.42298078536987305,0.7280424254990762
98,False,9,8963,0.45058226585388184,0.7542928797858102
99,False,9,8964,0.44498562812805176,0.7588694471688499
100,False,9,8965,0.453794002532959,0.7800464055367878
101,False,9,8966,0.42563891410827637,0.7297079454043083
102,False,9,8967,0.4575212001800537,0.749401906239135
103,False,9,8968,0.43601322174072266,0.7484596456800189
104,False,9,8969,0.42281055450439453,0.7495034344139553
105,False,9,8970,0.46889424324035645,0.7666609074388232
106,False,9,8971,0.42314887046813965,0.751647345366932
107,False,9,8972,0.42545318603515625,0.7293987020495392
108,False,9,8973,0.4638793468475342,0.7710838090805779
109,False,9,8974,0.4227302074432373,0.7348893000966027
110,False,9,8975,0.44171905517578125,0.7589665353298185
111,False,9,8976,0.4503786563873291,0.8030899330264047
112,False,9,8977,0.42298102378845215,0.7799446164142518
113,False,9,8978,0.4438591003417969,0.7490749229632675
114,False,9,8979,0.4564177989959717,0.759901713757288
115,False,9,8980,0.44202470779418945,0.7079099416732788
116,False,9,8981,0.4433279037475586,0.7770322011340232
117,False,9,8982,0.43522047996520996,0.7477489177669797
118,False,9,8983,0.44002795219421387,0.7490724626751173
119,False,9,8984,0.4241037368774414,0.8057982343293373
120,False,9,8985,0.47385239601135254,0.7519174005304063
121,False,9,8986,0.4423706531524658,0.8007154787580173
122,False,9,8987,0.42132019996643066,0.737556984736806
123,False,9,8988,0.4691593647003174,0.746591314496029
124,False,9,8989,0.42783045768737793,0.8146036292115849
125,False,9,8990,0.42316532135009766,0.7481114791617507
126,False,9,8991,0.465770959854126,0.7205397520391715
127,False,9,8992,0.42369961738586426,0.7584142844591825
128,False,9,8993,0.44527435302734375,0.7244398297653312
129,False,9,8994,0.4621288776397705,0.7477709154287973
130,False,9,8995,0.42175769805908203,0.7510699665262586
131,False,9,8996,0.4428088665008545,0.769489739267599
132,False,9,8997,0.446061372756958,0.7804941682233696
133,False,9,8998,0.4201643466949463,0.7618609957751773
134,False,9,8999,0.4438490867614746,0.7250607343656676
135,True,9,9000,0.5131113529205322,0.7298691881199678
136,False,9,9001,0.42180681228637695,0.7841811705203283
137,False,9,9002,0.44478321075439453,0.7983576939219521
138,False,9,9003,0.4586043357849121,0.7699733795154662
139,False,9,9004,0.424527645111084,0.7133758751941577
140,False,9,9005,0.4257488250732422,0.7524023272451901
141,False,9,9006,0.45633912086486816,0.7303833785865986
142,False,9,9007,0.43978023529052734,0.7677725553512572
143,False,9,9008,0.4434480667114258,0.7335752768530733
144,False,9,9009,0.45061278343200684,0.7742007183177129
145,False,9,9010,0.42406511306762695,0.7545718657118934
146,False,9,9011,0.444124698638916,0.807427321693727
147,False,9,9012,0.4422016143798828,0.789670859419164
148,False,9,9013,0.439054012298584,0.7529009445792151
149,False,9,9014,0.42270445823669434,0.7631169018291292
150,False,9,9015,0.4496605396270752,0.7424454671286402
151,False,9,9016,0.440380334854126,0.7525017630486264
152,False,9,9017,0.4234602451324463,0.8179477375178111
153,False,9,9018,0.4426455497741699,0.7085670055378052
154,False,9,9019,0.42761945724487305,0.7699061192217329
155,False,9,9020,0.42485475540161133,0.7156233049574353
156,False,9,9021,0.44313716888427734,0.7633657675413861
157,False,9,9022,0.4702918529510498,0.7564261894495714
158,False,9,9023,0.4233675003051758,0.7271756596331085
159,False,9,9024,0.44281482696533203,0.8174853395848047
160,False,9,9025,0.4506559371948242,0.7355576122090929
161,False,9,9026,0.4238295555114746,0.7688480353071573
162,False,9,9027,0.4763364791870117,0.7189745292777109
163,False,9,9028,0.42169618606567383,0.7692284640811738
164,False,9,9029,0.46986889839172363,0.7538709707912944
165,False,9,9030,0.4434478282928467,0.7175621897691771
166,False,9,9031,0.4220263957977295,0.7174318705995879
167,False,9,9032,0.47007274627685547,0.7327981255948544
168,False,9,9033,0.4389197826385498,0.722120935186034
169,False,9,9034,0.42355823516845703,0.732026308952343
170,False,9,9035,0.4662446975708008,0.7534834891557695
171,False,9,9036,0.4415714740753174,0.7753198161011651
172,False,9,9037,0.42255520820617676,0.7200622778563273
173,False,9,9038,0.47046661376953125,0.804893656500748
174,False,9,9039,0.4233560562133789,0.7528916609783967
175,False,9,9040,0.4212646484375,0.7558275170269466
176,False,9,9041,0.47193479537963867,0.7601908729189917
177,False,9,9042,0.42154979705810547,0.735503729610216
178,False,9,9043,0.43624234199523926,0.776181255777677
179,False,9,9044,0.4559776782989502,0.8480772686501344
180,False,9,9045,0.4208528995513916,0.7522808817170916
181,False,9,9046,0.42203211784362793,0.7236340563921699
182,False,9,9047,0.46843695640563965,0.7599259708963689
183,False,9,9048,0.4223976135253906,0.755102626979351
184,False,9,9049,0.4428098201751709,0.7550029627801409
185,False,9,9050,0.4668877124786377,0.7142751553938502
186,False,9,9051,0.4204525947570801,0.7495632741068092
187,False,9,9052,0.44574904441833496,0.7314141896508991
188,False,9,9053,0.45154476165771484,0.7254334427416325
189,False,9,9054,0.43375611305236816,0.7352318970397824
190,False,9,9055,0.4269266128540039,0.7827851080468723
191,False,9,9056,0.42218875885009766,0.7645375891810372
192,False,9,9057,0.45658373832702637,0.7305978985414618
193,False,9,9058,0.4422752857208252,0.7534716700514157
194,False,9,9059,0.4206829071044922,0.7120568007230759
195,False,9,9060,0.4712185859680176,0.7345353272699175
196,False,9,9061,0.4199697971343994,0.7418064320726053
197,False,9,9062,0.43566012382507324,0.7454786373391036
198,False,9,9063,0.4692964553833008,0.7564870346160163
199,False,9,9064,0.4229133129119873,0.7743351518043451
200,False,9,9065,0.44224023818969727,0.7552446233374732
201,False,9,9066,0.47347307205200195,0.7579309883571805
202,False,9,9067,0.4224534034729004,0.7003756979746478
203,False,9,9068,0.44338560104370117,0.7261439648767313
204,False,9,9069,0.4492027759552002,0.7326150898422514
205,False,9,9070,0.4446396827697754,0.7382584726881414
206,False,9,9071,0.4410703182220459,0.746751805501325
207,False,9,9072,0.45009589195251465,0.7473725310216347
208,False,9,9073,0.4365251064300537,0.7584568201785996
209,False,9,9074,0.42435312271118164,0.7650682755878992
210,False,9,9075,0.4549705982208252,0.7713462944541658
211,False,9,9076,0.44660043716430664,0.7513191174893151
212,False,9,9077,0.42215561866760254,0.7467566677147436
213,False,9,9078,0.46837425231933594,0.7689747104332558
214,False,9,9079,0.4282236099243164,0.6960561903459683
215,False,9,9080,0.4262728691101074,0.7678625817809784
216,False,9,9081,0.44518518447875977,0.8070437872693653
217,False,9,9082,0.4274930953979492,0.7417015177862984
218,False,9,9083,0.4313533306121826,0.7740630907494399
219,False,9,9084,0.44447851181030273,0.7297429846865789
220,False,9,9085,0.4540443420410156,0.691096164818321
221,False,9,9086,0.4441986083984375,0.7541558494170507
222,False,9,9087,0.4244413375854492,0.7938238077220464
223,False,9,9088,0.4524219036102295,0.7389836666129885
224,False,9,9089,0.4446690082550049,0.7707863031398682
225,False,9,9090,0.4494905471801758,0.7537493381117071
226,False,9,9091,0.43680644035339355,0.7446789367213135
227,False,9,9092,0.4828605651855469,0.7370289769910628
228,False,9,9093,0.43090367317199707,0.7852658632965315
229,False,9,9094,0.4445786476135254,0.7639458718753998
230,False,9,9095,0.4489095211029053,0.7693104417551132
231,False,9,9096,0.4441206455230713,0.7311502391738551
232,False,9,9097,0.44028615951538086,0.7621031832836923
233,False,9,9098,0.45548009872436523,0.7106811077821822
234,False,9,9099,0.44425249099731445,0.7599606130804335
235,True,9,9100,0.48430705070495605,0.7884037783812908
236,False,9,9101,0.45238447189331055,0.7487144665349098
237,False,9,9102,0.44301414489746094,0.7346585992546308
238,False,9,9103,0.42246580123901367,0.7570268107312066
239,False,9,9104,0.45273709297180176,0.7778128839674452
240,False,9,9105,0.4425926208496094,0.7600921520165034
241,False,9,9106,0.423938512802124,0.77719050858702
242,False,9,9107,0.47262096405029297,0.7820903864644823
243,False,9,9108,0.4248065948486328,0.74119894916103
244,False,9,9109,0.4841625690460205,0.7256312604461398
245,False,9,9110,0.5764625072479248,0.8013693512905211
246,False,9,9111,0.5424447059631348,0.7667255586101894
247,False,9,9112,0.5419092178344727,0.8445828798271361
248,False,9,9113,0.5518279075622559,0.7571678440130891
249,False,9,9114,0.545175313949585,0.7059776767023972
250,False,9,9115,0.5663876533508301,0.7341061410095011
251,False,9,9116,0.544489860534668,0.7705968362944468
252,False,9,9117,0.5696086883544922,0.7476146788824172
253,False,9,9118,0.5197732448577881,0.7385978216216679
254,False,9,9119,0.4737882614135742,0.7501415411631265
255,False,9,9120,0.46948838233947754,0.7419203174344842
256,False,9,9121,0.4439964294433594,0.7576966640495117
257,False,9,9122,0.4235858917236328,0.7412353466664041
258,False,9,9123,0.4726269245147705,0.7403597079572222
259,False,9,9124,0.4232003688812256,0.7605200335383415
260,False,9,9125,0.4429943561553955,0.7529097169282891
261,False,9,9126,0.45143628120422363,0.7537867279634591
262,False,9,9127,0.42423009872436523,0.7452491009164424
263,False,9,9128,0.44641590118408203,0.7674644135293506
264,False,9,9129,0.4587860107421875,0.8308818531887874
265,False,9,9130,0.42265939712524414,0.7473318700989088
266,False,9,9131,0.42437028884887695,0.7249308132699557
267,False,9,9132,0.4397728443145752,0.7387802359603699
268,False,9,9133,0.4416694641113281,0.7335469878855204
269,False,9,9134,0.4455723762512207,0.7712911587385903
270,False,9,9135,0.45033884048461914,0.7731216273137501
271,False,9,9136,0.443009614944458,0.7311685009016878
272,False,9,9137,0.42615461349487305,0.7518478199130014
273,False,9,9138,0.45096325874328613,0.7313187230555783
274,False,9,9139,0.44307589530944824,0.7714603427974952
275,False,9,9140,0.424776554107666,0.7627463816177278
276,False,9,9141,0.4441647529602051,0.745952852425121
277,False,9,9142,0.4533984661102295,0.7547467036971023
278,False,9,9143,0.4251127243041992,0.7763259535034497
279,False,9,9144,0.4452230930328369,0.8217816764400119
280,False,9,9145,0.45340633392333984,0.7487984047759145
281,False,9,9146,0.4427018165588379,0.7348868967521759
282,False,9,9147,0.4428563117980957,0.7397334742404167
283,False,9,9148,0.45035624504089355,0.7074994909621419
284,False,9,9149,0.4265594482421875,0.7402696270673048
285,False,9,9150,0.47769808769226074,0.8038672648725053
286,False,9,9151,0.42222023010253906,0.7760388975342114
287,False,9,9152,0.47632265090942383,0.7239045043076787
288,False,9,9153,0.4286508560180664,0.732347547298386
289,False,9,9154,0.4239003658294678,0.8063057678795995
290,False,9,9155,0.4737527370452881,0.7805132269859313
291,False,9,9156,0.4244997501373291,0.7651162766629739
292,False,9,9157,0.42477965354919434,0.7602174069200242
293,False,9,9158,0.4591178894042969,0.7684047419045652
294,False,9,9159,0.42374205589294434,0.7831945749265807
295,False,9,9160,0.422332763671875,0.7446889721211931
296,False,9,9161,0.46971917152404785,0.7884711438701267
297,False,9,9162,0.423142671585083,0.7662560574355579
298,False,9,9163,0.4480314254760742,0.7776850433576675
299,False,9,9164,0.47955894470214844,0.7382142648899129
300,False,9,9165,0.4244880676269531,0.7687337863303367
301,False,9,9166,0.4439096450805664,0.7113975609342256
302,False,9,9167,0.478863000869751,0.7492595327397188
303,False,9,9168,0.42466115951538086,0.721509884865511
304,False,9,9169,0.4456958770751953,0.7771617103190651
305,False,9,9170,0.45974302291870117,0.7728329662765774
306,False,9,9171,0.44727611541748047,0.7760203118835177
307,False,9,9172,0.44643473625183105,0.7575044316195306
308,False,9,9173,0.46305346488952637,0.7860726316769916
309,False,9,9174,0.42602109909057617,0.7741533077898479
310,False,9,9175,0.4424433708190918,0.7527795797657398
311,False,9,9176,0.45798778533935547,0.7771013740982328
312,False,9,9177,0.4269428253173828,0.7900470594565073
313,False,9,9178,0.4454765319824219,0.7700139213176003
314,False,9,9179,0.4600794315338135,0.79104166974624
315,False,9,9180,0.429978609085083,0.7791728629242806
316,False,9,9181,0.44591593742370605,0.8160114135770572
317,False,9,9182,0.45923376083374023,0.7867028571310497
318,False,9,9183,0.44542717933654785,0.8070594441323051
319,False,9,9184,0.43012118339538574,0.7563326302028838
320,False,9,9185,0.4582209587097168,0.7667941195624216
321,False,9,9186,0.4243462085723877,0.7780212277457829
322,False,9,9187,0.44463276863098145,0.7685334882033722
323,False,9,9188,0.4603159427642822,0.7363776614268619
324,False,9,9189,0.44473695755004883,0.7269688571492828
325,False,9,9190,0.4267439842224121,0.7761654651590756
326,False,9,9191,0.45859289169311523,0.7603567945105686
327,False,9,9192,0.44335508346557617,0.7796331395705542
328,False,9,9193,0.4271106719970703,0.7875682853517079
329,False,9,9194,0.46013593673706055,0.7445278416077294
330,False,9,9195,0.4238770008087158,0.7981777283407393
331,False,9,9196,0.4251883029937744,0.793463914522103
332,False,9,9197,0.44703221321105957,0.736409190155211
333,False,9,9198,0.4258289337158203,0.7499291173049383
334,False,9,9199,0.4256303310394287,0.7168276136120163
335,True,9,9200,0.5161826610565186,0.7659752666950227
336,False,9,9201,0.4256277084350586,0.7366949014720463
337,False,9,9202,0.42365479469299316,0.7400116325311719
338,False,9,9203,0.4430861473083496,0.7663657698957693
339,False,9,9204,0.45489072799682617,0.7515971188743908
340,False,9,9205,0.43174123764038086,0.8175008864629836
341,False,9,9206,0.43847084045410156,0.7861389663247836
342,False,9,9207,0.44974613189697266,0.8149025245081811
343,False,9,9208,0.44173765182495117,0.8033541483538491
344,False,9,9209,0.422649621963501,0.7377664134615944
345,False,9,9210,0.4705178737640381,0.7283759461272329
346,False,9,9211,0.4445152282714844,0.7644290771512758
347,False,9,9212,0.46466732025146484,0.7950997409366425
348,False,9,9213,0.4278693199157715,0.7883189664710135
349,False,9,9214,0.4755284786224365,0.7136699660193352
350,False,9,9215,0.42426180839538574,0.7351296210572832
351,False,9,9216,0.42557597160339355,0.7350413338059469
352,False,9,9217,0.47173047065734863,0.7947901089986166
353,False,9,9218,0.42330288887023926,0.7627787107513065
354,False,9,9219,0.4447183609008789,0.7517322002067451
355,False,9,9220,0.45694828033447266,0.7539547561180024
356,False,9,9221,0.42383241653442383,0.7376190949053992
357,False,9,9222,0.42641496658325195,0.7104114148588409
358,False,9,9223,0.45474839210510254,0.7448128770504678
359,False,9,9224,0.4212336540222168,0.764972600819809
360,False,9,9225,0.44472789764404297,0.7376456251811413
361,False,9,9226,0.44878435134887695,0.745366317530473
362,False,9,9227,0.4393322467803955,0.7734762996080374
363,False,9,9228,0.4247918128967285,0.7516073148165432
364,False,9,9229,0.42450952529907227,0.7957146898621603
365,False,9,9230,0.44507932662963867,0.7351052150839852
366,False,9,9231,0.42476487159729004,0.8137588373252325
367,False,9,9232,0.46952199935913086,0.7981305849694068
368,False,9,9233,0.4241631031036377,0.7193759995557013
369,False,9,9234,0.4236419200897217,0.8123309108473006
370,False,9,9235,0.4436373710632324,0.7386983771409307
371,False,9,9236,0.44368481636047363,0.741387643097412
372,False,9,9237,0.42376708984375,0.7606995103969462
373,False,9,9238,0.46643877029418945,0.7838943465834572
374,False,9,9239,0.42353057861328125,0.8110207021236417
375,False,9,9240,0.44112229347229004,0.7589109747537546
376,False,9,9241,0.43270182609558105,0.7359117312090735
377,False,9,9242,0.42063379287719727,0.6906627240102917
378,False,9,9243,0.4441263675689697,0.7359955970730102
379,False,9,9244,0.44056057929992676,0.741867809778168
380,False,9,9245,0.444258451461792,0.7434631508021127
381,False,9,9246,0.4260108470916748,0.724413440341041
382,False,9,9247,0.45644068717956543,0.760657474576008
383,False,9,9248,0.4268641471862793,0.7409463617063705
384,False,9,9249,0.447800874710083,0.7285289294308139
385,False,9,9250,0.4460461139678955,0.7440607469706307
386,False,9,9251,0.4434785842895508,0.7601715471772921
387,False,9,9252,0.42553114891052246,0.7233704495288078
388,False,9,9253,0.47281765937805176,0.7342965148744129
389,False,9,9254,0.4443778991699219,0.7768474973383406
390,False,9,9255,0.42187929153442383,0.7474765142514592
391,False,9,9256,0.4716322422027588,0.7515371392170589
392,False,9,9257,0.42295050621032715,0.777494720759846
393,False,9,9258,0.42331862449645996,0.7532110216007346
394,False,9,9259,0.46112895011901855,0.7534377901327042
395,False,9,9260,0.4238162040710449,0.7920001493323416
396,False,9,9261,0.4442167282104492,0.743885976927621
397,False,9,9262,0.462435245513916,0.7356549146629515
398,False,9,9263,0.42247486114501953,0.7716343425923868
399,False,9,9264,0.441633939743042,0.7510991043278149
400,False,9,9265,0.42931079864501953,0.745550869831017
401,False,9,9266,0.4731266498565674,0.7280034429083267
402,False,9,9267,0.4220235347747803,0.726023495906875
403,False,9,9268,0.4263582229614258,0.7494730089037192
404,False,9,9269,0.47472572326660156,0.7318732536264828
405,False,9,9270,0.424685001373291,0.742948181927204
406,False,9,9271,0.44246339797973633,0.7314120195806028
407,False,9,9272,0.46706366539001465,0.7419193575070018
408,False,9,9273,0.4257023334503174,0.7380190216714427
409,False,9,9274,0.4765934944152832,0.7637823170849255
410,False,9,9275,0.4446871280670166,0.7533702488456453
411,False,9,9276,0.4495575428009033,0.7442901262215208
412,False,9,9277,0.44454288482666016,0.7785514444112777
413,False,9,9278,0.41956210136413574,0.7443181521126202
414,False,9,9279,0.4695096015930176,0.7499541817676453
415,False,9,9280,0.4441969394683838,0.7327617421036675
416,False,9,9281,0.42157745361328125,0.7420881791483787
417,False,9,9282,0.47220540046691895,0.7244868917124612
418,False,9,9283,0.42175960540771484,0.7008997276425364
419,False,9,9284,0.42512965202331543,0.740260813119156
420,False,9,9285,0.46012306213378906,0.762831491373834
421,False,9,9286,0.42262911796569824,0.6956555985269094
422,False,9,9287,0.4252958297729492,0.7224220108418236
423,False,9,9288,0.4669187068939209,0.683027874146189
424,False,9,9289,0.4223477840423584,0.7808598854712077
425,False,9,9290,0.4415862560272217,0.7707066472087587
426,False,9,9291,0.4242897033691406,0.7635015705156895
427,False,9,9292,0.4416491985321045,0.7938102153795107
428,False,9,9293,0.4268627166748047,0.7890374962063064
429,False,9,9294,0.4429783821105957,0.796314723789692
430,False,9,9295,0.4430980682373047,0.7054933533072472
431,False,9,9296,0.42183756828308105,0.7450068862665267
432,False,9,9297,0.4689054489135742,0.7634644510135765
433,False,9,9298,0.4459695816040039,0.759678011848813
434,False,9,9299,0.5337247848510742,0.7432407913286063
435,True,9,9300,0.6172621250152588,0.7602633663586208
436,False,9,9301,0.5442016124725342,0.7457236695502486
437,False,9,9302,0.4284803867340088,0.7621852831826323
438,False,9,9303,0.4544963836669922,0.7490071961212725
439,False,9,9304,0.43919801712036133,0.7743186558641137
440,False,9,9305,0.42696380615234375,0.754735371896199
441,False,9,9306,0.46768856048583984,0.7625438879643168
442,False,9,9307,0.44532132148742676,0.7335457294469786
443,False,9,9308,0.4237055778503418,0.7660372796512785
444,False,9,9309,0.47319507598876953,0.7480319768545174
445,False,9,9310,0.4233665466308594,0.721109032098736
446,False,9,9311,0.4213392734527588,0.8134637240852627
447,False,9,9312,0.4603745937347412,0.7292260676622392
448,False,9,9313,0.4460580348968506,0.7282265681950818
449,False,9,9314,0.424405574798584,0.7527844756841661
450,False,9,9315,0.4743492603302002,0.8330324774696712
451,False,9,9316,0.42552733421325684,0.7993586113055546
452,False,9,9317,0.4273858070373535,0.7578479846318563
453,False,9,9318,0.47637510299682617,0.7666496838487331
454,False,9,9319,0.42581987380981445,0.7408746399340177
455,False,9,9320,0.44272780418395996,0.7034073305271922
456,False,9,9321,0.4752199649810791,0.7860794633272148
457,False,9,9322,0.4241199493408203,0.755653548808325
458,False,9,9323,0.44152307510375977,0.727060902686346
459,False,9,9324,0.45630502700805664,0.7340815129379432
460,False,9,9325,0.44132375717163086,0.7848187777258101
461,False,9,9326,0.44248461723327637,0.7379705148438612
462,False,9,9327,0.4433443546295166,0.7430074234448727
463,False,9,9328,0.4233429431915283,0.7349148761658442
464,False,9,9329,0.43743038177490234,0.750288992055825
465,False,9,9330,0.4218714237213135,0.7889316000399136
466,False,9,9331,0.47101640701293945,0.7743795155769304
467,False,9,9332,0.42596936225891113,0.7625773034635045
468,False,9,9333,0.43070197105407715,0.7588308737391517
469,False,9,9334,0.45511746406555176,0.7302434813408625
470,False,9,9335,0.4250674247741699,0.7565832847640626
471,False,9,9336,0.47638726234436035,0.7329780927726202
472,False,9,9337,0.42379140853881836,0.7813780043451557
473,False,9,9338,0.4743375778198242,0.7818257482278914
474,False,9,9339,0.44433116912841797,0.7925057166389058
475,False,9,9340,0.4246339797973633,0.7722608099381127
476,False,9,9341,0.45076441764831543,0.7698111512831278
477,False,9,9342,0.44156455993652344,0.7663764174850217
478,False,9,9343,0.4227275848388672,0.7729929151634376
479,False,9,9344,0.47137904167175293,0.8050033372072947
480,False,9,9345,0.4259920120239258,0.736953136821588
481,False,9,9346,0.4232509136199951,0.7659324929118158
482,False,9,9347,0.46928977966308594,0.7424080322186152
483,False,9,9348,0.4541351795196533,0.7622783574320021
484,False,9,9349,0.6186714172363281,0.7898975866181511
485,False,9,9350,0.6469390392303467,0.7186250200583819
486,False,9,9351,0.6466226577758789,0.7347650176712444
487,False,9,9352,0.6476099491119385,0.7643881081825211
488,False,9,9353,0.6310884952545166,0.7374883929178828
489,False,9,9354,0.6594536304473877,0.7595647491869473
490,False,9,9355,0.5890893936157227,0.7669160209950947
491,False,9,9356,0.4322819709777832,0.7453109710699035
492,False,9,9357,0.4765357971191406,0.80908698340257
493,False,9,9358,0.4357180595397949,0.7163116827252365
494,False,9,9359,0.47858691215515137,0.8113362624176913
495,False,9,9360,0.5723142623901367,0.814829884540467
496,False,9,9361,0.42490410804748535,0.7665359164987292
497,False,9,9362,0.44174766540527344,0.716507668473891
498,False,9,9363,0.47021961212158203,0.7584200609652768
499,False,9,9364,0.42159175872802734,0.7729301727598623
500,False,9,9365,0.42304444313049316,0.7713992339337156
501,False,9,9366,0.47063732147216797,0.78761415289981
502,False,9,9367,0.42211318016052246,0.7794100890556972
503,False,9,9368,0.44245362281799316,0.7756754869506471
504,False,9,9369,0.4782559871673584,0.7654122247227602
505,False,9,9370,0.42244839668273926,0.7731558641507512
506,False,9,9371,0.4428369998931885,0.7505589161245595
507,False,9,9372,0.45734214782714844,0.7751717177175342
508,False,9,9373,0.42403221130371094,0.7433364770951725
509,False,9,9374,0.42604994773864746,0.7636474668979645
510,False,9,9375,0.4717085361480713,0.7918706868908236
511,False,9,9376,0.4208557605743408,0.7396517149394467
512,False,9,9377,0.4412498474121094,0.7740277754408973
513,False,9,9378,0.44512295722961426,0.7641653077942984
514,False,9,9379,0.43115758895874023,0.7295469231903553
515,False,9,9380,0.44407010078430176,0.7465753695439726
516,False,9,9381,0.5022566318511963,0.8237649982883818
517,False,9,9382,0.6222026348114014,0.719404974686248
518,False,9,9383,0.6378605365753174,0.7476108932778947
519,False,9,9384,0.6266601085662842,0.7602663040161133
520,False,9,9385,0.618811845779419,0.7437674408512457
521,False,9,9386,0.6541585922241211,0.7250397305580834
522,False,9,9387,0.6218063831329346,0.7114662228240853
523,False,9,9388,0.5489358901977539,0.7600060385607538
524,False,9,9389,0.4438350200653076,0.7925028769033297
525,False,9,9390,0.4412250518798828,0.7071037977224304
526,False,9,9391,0.4302031993865967,0.7627078798555192
527,False,9,9392,0.42514920234680176,0.7269678243568967
528,False,9,9393,0.4715232849121094,0.7654903864576702
529,False,9,9394,0.5066370964050293,0.7792631352231616
530,False,9,9395,0.641355037689209,0.7651192574273971
531,False,9,9396,0.6142678260803223,0.7873089891814051
532,False,9,9397,0.6404144763946533,0.7278045564889908
533,False,9,9398,0.6091611385345459,0.7557939979292099
534,False,9,9399,0.6112678050994873,0.7647424201880183
535,True,9,9400,0.6971380710601807,0.7563636590327537
536,False,9,9401,0.49564051628112793,0.7589266860768907
537,False,9,9402,0.5143110752105713,0.7331182857354481
538,False,9,9403,0.44458961486816406,0.7401881120389414
539,False,9,9404,0.42403602600097656,0.7433344771464666
540,False,9,9405,0.4548625946044922,0.7962969811189741
541,False,9,9406,0.4406881332397461,0.7585416134624254
542,False,9,9407,0.4215517044067383,0.7565875505762442
543,False,9,9408,0.5992798805236816,0.7544258565065407
544,False,9,9409,0.6236841678619385,0.7239228981946196
545,False,9,9410,0.6315751075744629,0.7716496959328651
546,False,9,9411,0.6256518363952637,0.7331922217493965
547,False,9,9412,0.620913028717041,0.7417997304527533
548,False,9,9413,0.6139469146728516,0.7986054413375401
549,False,9,9414,0.6174945831298828,0.7473438229589234
550,False,9,9415,0.5482738018035889,0.7610370743842354
551,False,9,9416,0.4502267837524414,0.7413308739307382
552,False,9,9417,0.4407186508178711,0.7178943178483419
553,False,9,9418,0.45221495628356934,0.7774640726191656
554,False,9,9419,0.43674421310424805,0.7591745321239742
555,False,9,9420,0.4258463382720947,0.7737187934773309
556,False,9,9421,0.5798470973968506,0.7333827508347376
557,False,9,9422,0.6136975288391113,0.7659024454298473
558,False,9,9423,0.6388297080993652,0.7338201167239319
559,False,9,9424,0.6191287040710449,0.7532225701780547
560,False,9,9425,0.6404092311859131,0.7755947441217445
561,False,9,9426,0.6030540466308594,0.7640801909424009
562,False,9,9427,0.6127171516418457,0.7119603304281121
563,False,9,9428,0.4574761390686035,0.7293283052387693
564,False,9,9429,0.503516435623169,0.7122692522548494
565,False,9,9430,0.4403045177459717,0.7570586530935196
566,False,9,9431,0.4707982540130615,0.7255957990529992
567,False,9,9432,0.4229586124420166,0.7384233966114975
568,False,9,9433,0.4416005611419678,0.78345820804437
569,False,9,9434,0.45109128952026367,0.7472078246729715
570,False,9,9435,0.42537999153137207,0.73577719421259
571,False,9,9436,0.44637441635131836,0.8136082908936909
572,False,9,9437,0.4664192199707031,0.7706206132258687
573,False,9,9438,0.4446744918823242,0.7411360694538979
574,False,9,9439,0.4222698211669922,0.7832880637475422
575,False,9,9440,0.6197988986968994,0.7801648605437506
576,False,9,9441,0.6161811351776123,0.7488944257299104
577,False,9,9442,0.6102371215820312,0.7518348041034881
578,False,9,9443,0.6191163063049316,0.7323918878322556
579,False,9,9444,0.6108829975128174,0.7281711243447804
580,False,9,9445,0.6353669166564941,0.7779880744360741
581,False,9,9446,0.5397741794586182,0.7501712022792728
582,False,9,9447,0.47112083435058594,0.7891851911942165
583,False,9,9448,0.4749302864074707,0.7680147614862237
584,False,9,9449,0.4494485855102539,0.7760615348815919
585,False,9,9450,0.42362356185913086,0.7338094563179074
586,False,9,9451,0.42223644256591797,0.7377489505424385
587,False,9,9452,0.4546797275543213,0.7691209564606348
588,False,9,9453,0.4424598217010498,0.7533128504597008
589,False,9,9454,0.44414424896240234,0.7551183899243673
590,False,9,9455,0.5133864879608154,0.7532973010979948
591,False,9,9456,0.6353647708892822,0.745641929762704
592,False,9,9457,0.6501994132995605,0.7554127275943756
593,False,9,9458,0.6243782043457031,0.7731508720843565
594,False,9,9459,0.6517179012298584,0.7842920042929196
595,False,9,9460,0.6358654499053955,0.7287934081895012
596,False,9,9461,0.6465973854064941,0.7815168638314521
597,False,9,9462,0.5500657558441162,0.7707957063047659
598,False,9,9463,0.45166921615600586,0.7428570835895482
599,False,9,9464,0.48691439628601074,0.7670778426386061
600,False,9,9465,0.44158339500427246,0.7850164396777037
601,False,9,9466,0.4221832752227783,0.7702179309867677
602,False,9,9467,0.45470309257507324,0.7000459617092495
603,False,9,9468,0.4422903060913086,0.7478294269669625
604,False,9,9469,0.4233264923095703,0.7266931235790254
605,False,9,9470,0.47257137298583984,0.7259554607527596
606,False,9,9471,0.42499494552612305,0.7638990432024001
607,False,9,9472,0.4222414493560791,0.704626173313175
608,False,9,9473,0.6240320205688477,0.7607466337226687
609,False,9,9474,0.6106905937194824,0.7166528499552183
610,False,9,9475,0.6348974704742432,0.7930698295434314
611,False,9,9476,0.612252950668335,0.7718329020731505
612,False,9,9477,0.6150557994842529,0.7306436461706957
613,False,9,9478,0.6173386573791504,0.7680018930917695
614,False,9,9479,0.4632148742675781,0.7893209145182656
615,False,9,9480,0.46968793869018555,0.7828965201264338
616,False,9,9481,0.42201662063598633,0.751931058863799
617,False,9,9482,0.44568347930908203,0.7943036595270748
618,False,9,9483,0.4531567096710205,0.7523487267040069
619,False,9,9484,0.44237399101257324,0.8149576556114924
620,False,9,9485,0.4234943389892578,0.703677138757138
621,False,9,9486,0.43929386138916016,0.7497436993178868
622,False,9,9487,0.5242788791656494,0.7582911146538599
623,False,9,9488,0.6168642044067383,0.7782228264425481
624,False,9,9489,0.643275260925293,0.7555745242252235
625,False,9,9490,0.6261177062988281,0.7373017686463539
626,False,9,9491,0.6340253353118896,0.724860475531646
627,False,9,9492,0.6072888374328613,0.7721857857846077
628,False,9,9493,0.5243890285491943,0.7645083786476228
629,False,9,9494,0.4681715965270996,0.7478172828753789
630,False,9,9495,0.4844233989715576,0.7248776358153137
631,False,9,9496,0.4232912063598633,0.7552811251509759
632,False,9,9497,0.4659295082092285,0.7254577218776658
633,False,9,9498,0.4449741840362549,0.7953051811172849
634,False,9,9499,0.4245791435241699,0.7319816272883187
635,True,9,9500,0.4984614849090576,0.7056604192725249
636,False,9,9501,0.6543452739715576,0.76191100726525
637,False,9,9502,0.626910924911499,0.7823148682003929
638,False,9,9503,0.6433243751525879,0.7327288165688515
639,False,9,9504,0.6270685195922852,0.7833418324589729
640,False,9,9505,0.6616256237030029,0.742788695863315
641,False,9,9506,0.6348061561584473,0.7893243503002894
642,False,9,9507,0.6219758987426758,0.7956246077304793
643,False,9,9508,0.4828035831451416,0.7513299344905786
644,False,9,9509,0.42255735397338867,0.7554137749331339
645,False,9,9510,0.45748376846313477,0.773805840029603
646,False,9,9511,0.4424607753753662,0.7311414026078722
647,False,9,9512,0.4252760410308838,0.7479347281512759
648,False,9,9513,0.469235897064209,0.7221487909555434
649,False,9,9514,0.5529830455780029,0.7537527900366556
650,False,9,9515,0.6354529857635498,0.737026913712422
651,False,9,9516,0.660616397857666,0.7856639652025132
652,False,9,9517,0.6311163902282715,0.7903720812783355
653,False,9,9518,0.6404156684875488,0.7258827488514639
654,False,9,9519,0.6305005550384521,0.7638042405957267
655,False,9,9520,0.657921314239502,0.748281802095118
656,False,9,9521,0.5262343883514404,0.7627705960046677
657,False,9,9522,0.4715592861175537,0.7073804931271643
658,False,9,9523,0.5099198818206787,0.7391700310011705
659,False,9,9524,0.42673587799072266,0.708741120284512
660,False,9,9525,0.444516658782959,0.7594130216609862
661,False,9,9526,0.4571835994720459,0.7693237371387935
662,False,9,9527,0.44315433502197266,0.7791690061844531
663,False,9,9528,0.42142534255981445,0.7426195961556266
664,False,9,9529,0.45629405975341797,0.7891689365108808
665,False,9,9530,0.42577481269836426,0.7457823412758963
666,False,9,9531,0.4230802059173584,0.710891395984661
667,False,9,9532,0.47403573989868164,0.7476427335114707
668,False,9,9533,0.5869259834289551,0.7698402236260118
669,False,9,9534,0.6399128437042236,0.7615189775824546
670,False,9,9535,0.6424152851104736,0.7327261233613603
671,False,9,9536,0.6224851608276367,0.7739759527501606
672,False,9,9537,0.6353003978729248,0.7281473467037792
673,False,9,9538,0.6277449131011963,0.7072964780742215
674,False,9,9539,0.65887451171875,0.7534075052965256
675,False,9,9540,0.4694180488586426,0.7731856416378702
676,False,9,9541,0.46048593521118164,0.7409389402185168
677,False,9,9542,0.4729938507080078,0.7333929877550829
678,False,9,9543,0.42464780807495117,0.7344835946070295
679,False,9,9544,0.442946195602417,0.7452170689191138
680,False,9,9545,0.4549891948699951,0.7480569779872892
681,False,9,9546,0.4252912998199463,0.735432602110363
682,False,9,9547,0.6055567264556885,0.7407992365104814
683,False,9,9548,0.6787712574005127,0.7161452894409497
684,False,9,9549,0.623586893081665,0.7671717630610579
685,False,9,9550,0.6431362628936768,0.7141136055191358
686,False,9,9551,0.6281542778015137,0.7856681048870088
687,False,9,9552,0.6183414459228516,0.7729516660883314
688,False,9,9553,0.6332263946533203,0.7524800807947204
689,False,9,9554,0.5166795253753662,0.7286632559483959
690,False,9,9555,0.42433834075927734,0.7260448878098811
691,False,9,9556,0.4753994941711426,0.8102127891920863
692,False,9,9557,0.42348527908325195,0.7878746466622465
693,False,9,9558,0.4237501621246338,0.8240823139037405
694,False,9,9559,0.4728238582611084,0.7027969310681024
695,False,9,9560,0.6388704776763916,0.7601042077654885
696,False,9,9561,0.6534183025360107,0.7645609240446771
697,False,9,9562,0.6340703964233398,0.7292682783944264
698,False,9,9563,0.636345624923706,0.7190345049436603
699,False,9,9564,0.6310732364654541,0.7380418129974887
700,False,9,9565,0.6401069164276123,0.7516921329356373
701,False,9,9566,0.6375730037689209,0.7697316447184199
702,False,9,9567,0.43103575706481934,0.7668679746843519
703,False,9,9568,0.5289711952209473,0.7389593757689
704,False,9,9569,0.45373082160949707,0.7495852708816528
705,False,9,9570,0.4412410259246826,0.7699744754603932
706,False,9,9571,0.466463565826416,0.7575318330810182
707,False,9,9572,0.4226505756378174,0.7615730297707375
708,False,9,9573,0.44428205490112305,0.7701817215198563
709,False,9,9574,0.4580678939819336,0.7495684410844532
710,False,9,9575,0.44196200370788574,0.7442042089643932
711,False,9,9576,0.4425845146179199,0.7441154005272046
712,False,9,9577,0.4588754177093506,0.763758412074475
713,False,9,9578,0.42985033988952637,0.8002894636066186
714,False,9,9579,0.6539521217346191,0.7524704537576153
715,False,9,9580,0.6548750400543213,0.749473219116529
716,False,9,9581,0.6395988464355469,0.7531778239423319
717,False,9,9582,0.6530334949493408,0.7444120883232074
718,False,9,9583,0.6341617107391357,0.6808495402690911
719,False,9,9584,0.649075984954834,0.782658395667871
720,False,9,9585,0.6255350112915039,0.7392355356188046
721,False,9,9586,0.4678337574005127,0.7377715275755953
722,False,9,9587,0.45617103576660156,0.7520179766274632
723,False,9,9588,0.44303154945373535,0.8054968955970946
724,False,9,9589,0.4235043525695801,0.7622523907394636
725,False,9,9590,0.4717268943786621,0.7482429199985094
726,False,9,9591,0.4447340965270996,0.7426769708593686
727,False,9,9592,0.5490400791168213,0.7313760699970381
728,False,9,9593,0.6553225517272949,0.7344186029263904
729,False,9,9594,0.6260390281677246,0.7111307379035724
730,False,9,9595,0.6387875080108643,0.7639680057764053
731,False,9,9596,0.6242325305938721,0.7703961210236663
732,False,9,9597,0.6426143646240234,0.7774919548204966
733,False,9,9598,0.6243693828582764,0.7484321629717238
734,False,9,9599,0.460296630859375,0.7411845773458482
735,True,9,9600,0.5033464431762695,0.7200908336256232
736,False,9,9601,0.48489809036254883,0.7415048054286412
737,False,9,9602,0.6465892791748047,0.7552549753870282
738,False,9,9603,0.6262881755828857,0.754317408871083
739,False,9,9604,0.6170504093170166,0.715127260379848
740,False,9,9605,0.6414270401000977,0.7671156291450774
741,False,9,9606,0.6390955448150635,0.7346850046444507
742,False,9,9607,0.6266262531280518,0.7428469111522037
743,False,9,9608,0.5373153686523438,0.7694709013615337
744,False,9,9609,0.44462060928344727,0.6913228210593976
745,False,9,9610,0.44176506996154785,0.7313266989908048
746,False,9,9611,0.45001935958862305,0.7342116900143171
747,False,9,9612,0.4263026714324951,0.7741917669773102
748,False,9,9613,0.4301760196685791,0.7450087237216179
749,False,9,9614,0.5057046413421631,0.8004532053711869
750,False,9,9615,0.6506896018981934,0.7521469032480603
751,False,9,9616,0.6567487716674805,0.7510176554677033
752,False,9,9617,0.6495602130889893,0.7650100574606942
753,False,9,9618,0.6669833660125732,0.7906408615055538
754,False,9,9619,0.6480011940002441,0.7518042375644046
755,False,9,9620,0.6375675201416016,0.802108212595894
756,False,9,9621,0.4986727237701416,0.7593327657807442
757,False,9,9622,0.43845486640930176,0.7181879860304652
758,False,9,9623,0.43991947174072266,0.7471092765529951
759,False,9,9624,0.46668076515197754,0.7278017763580594
760,False,9,9625,0.43845605850219727,0.765277922153473
761,False,9,9626,0.43852996826171875,0.8310492861838568
762,False,9,9627,0.4574267864227295,0.7411019150167705
763,False,9,9628,0.4779319763183594,0.8010398619586513
764,False,9,9629,0.4534018039703369,0.776211055261748
765,False,9,9630,0.44939351081848145,0.764145262361992
766,False,9,9631,0.48102355003356934,0.7320089517604735
767,False,9,9632,0.4546942710876465,0.7374157093110538
768,False,9,9633,0.5285146236419678,0.7367967108175869
769,False,9,9634,0.576101541519165,0.7797333878420647
770,False,9,9635,0.5546791553497314,0.7663143497137797
771,False,9,9636,0.4259815216064453,0.785946748441174
772,False,9,9637,0.4589095115661621,0.7426219484990549
773,False,9,9638,0.43637514114379883,0.7111774438193866
774,False,9,9639,0.42384982109069824,0.7594520692669209
775,False,9,9640,0.4759180545806885,0.7678108726228986
776,False,9,9641,0.4273228645324707,0.7363110291106361
777,False,9,9642,0.4366629123687744,0.7487555701462996
778,False,9,9643,0.45554399490356445,0.7438389123195693
779,False,9,9644,0.42339348793029785,0.7710227097074192
780,False,9,9645,0.42168498039245605,0.7491755421672548
781,False,9,9646,0.4757976531982422,0.7558508100254194
782,False,9,9647,0.42549920082092285,0.737547008054597
783,False,9,9648,0.439633846282959,0.7612528531324295
784,False,9,9649,0.47347307205200195,0.7677860813481466
785,False,9,9650,0.4239237308502197,0.7592031040361947
786,False,9,9651,0.4432969093322754,0.7459958096345266
787,False,9,9652,0.45967698097229004,0.7184814388553301
788,False,9,9653,0.42436718940734863,0.7410676394190105
789,False,9,9654,0.44260215759277344,0.7435382111441521
790,False,9,9655,0.4531974792480469,0.70467237152514
791,False,9,9656,0.43631458282470703,0.7625794981916745
792,False,9,9657,0.4429807662963867,0.7487148803969226
793,False,9,9658,0.42328476905822754,0.729133447720891
794,False,9,9659,0.4714334011077881,0.7189099433876218
795,False,9,9660,0.424027681350708,0.7341952666285493
796,False,9,9661,0.44378018379211426,0.7393991179054693
797,False,9,9662,0.47491955757141113,0.7540324408383599
798,False,9,9663,0.42391347885131836,0.7898844006870475
799,False,9,9664,0.44149351119995117,0.726771598770505
800,False,9,9665,0.45552897453308105,0.7131345722646941
801,False,9,9666,0.4279196262359619,0.7822345672618776
802,False,9,9667,0.4768056869506836,0.6926237473353033
803,False,9,9668,0.42385029792785645,0.7280614769884517
804,False,9,9669,0.4787611961364746,0.6716910068477904
805,False,9,9670,0.44266319274902344,0.7651403567620687
806,False,9,9671,0.42271924018859863,0.7830862186494325
807,False,9,9672,0.4707462787628174,0.7341458031109399
808,False,9,9673,0.42183804512023926,0.7435851490923338
809,False,9,9674,0.42342400550842285,0.7155156330693336
810,False,9,9675,0.46010851860046387,0.6996148115112668
811,False,9,9676,0.42301273345947266,0.7507588804832529
812,False,9,9677,0.44013023376464844,0.7660044091088433
813,False,9,9678,0.4912853240966797,0.7604405106533142
814,False,9,9679,0.422443151473999,0.7257511397557599
815,False,9,9680,0.44507837295532227,0.7328137723462922
816,False,9,9681,0.49497461318969727,0.7352289504238535
817,False,9,9682,0.6676414012908936,0.7478882971973645
818,False,9,9683,0.6589877605438232,0.6805279955622695
819,False,9,9684,0.6585512161254883,0.732306800427891
820,False,9,9685,0.6618626117706299,0.7330174694458643
821,False,9,9686,0.643043041229248,0.7308620283646243
822,False,9,9687,0.6581122875213623,0.8022305106832868
823,False,9,9688,0.5464873313903809,0.7500559240579605
824,False,9,9689,0.43369317054748535,0.7352051520276638
825,False,9,9690,0.4764363765716553,0.782930379467351
826,False,9,9691,0.43453335762023926,0.8255036647121112
827,False,9,9692,0.44305920600891113,0.7592502349898927
828,False,9,9693,0.44185638427734375,0.7106698773623931
829,False,9,9694,0.46913838386535645,0.7420546086061568
830,False,9,9695,0.43831300735473633,0.7653558449376199
831,False,9,9696,0.4318716526031494,0.7259582387549535
832,False,9,9697,0.4356100559234619,0.6894447439394535
833,False,9,9698,0.437349796295166,0.7539042975930941
834,False,9,9699,0.4658215045928955,0.7339801976368541
835,True,9,9700,0.4917478561401367,0.7243669763917017
836,False,9,9701,0.48070693016052246,0.7518815318388599
837,False,9,9702,0.43816447257995605,0.7560850878556569
838,False,9,9703,0.46195411682128906,0.7709553972596216
839,False,9,9704,0.45995211601257324,0.7408243175595995
840,False,9,9705,0.4427680969238281,0.7906074642780282
841,False,9,9706,0.4494435787200928,0.8068483812468393
842,False,9,9707,0.446990966796875,0.7341238363158136
843,False,9,9708,0.47944116592407227,0.7999787298696382
844,False,9,9709,0.4456167221069336,0.7475915301058975
845,False,9,9710,0.45883989334106445,0.7727114827859969
846,False,9,9711,0.5053954124450684,0.6942549463184108
847,False,9,9712,0.44806408882141113,0.7810302820234073
848,False,9,9713,0.4570884704589844,0.7372855941454571
849,False,9,9714,0.4487767219543457,0.7794576755591801
850,False,9,9715,0.4534337520599365,0.7593117728829384
851,False,9,9716,0.45118212699890137,0.7789925166538784
852,False,9,9717,0.4489901065826416,0.7336137486355648
853,False,9,9718,0.4948844909667969,0.7542910073839484
854,False,9,9719,0.4498612880706787,0.7892899683543614
855,False,9,9720,0.44650769233703613,0.7933872512408666
856,False,9,9721,0.44997620582580566,0.8377060695063498
857,False,9,9722,0.4788651466369629,0.7657965308143979
858,False,9,9723,0.44968152046203613,0.7351953350007533
859,False,9,9724,0.43243980407714844,0.7158927495280901
860,False,9,9725,0.43379759788513184,0.7785194118817649
861,False,9,9726,0.4536001682281494,0.7636964512722834
862,False,9,9727,0.43340396881103516,0.778339405144964
863,False,9,9728,0.4372084140777588,0.7804007782112984
864,False,9,9729,0.46416783332824707,0.8377607855058854
865,False,9,9730,0.4480581283569336,0.7743590176105499
866,False,9,9731,0.4924759864807129,0.7047458635199638
867,False,9,9732,0.4464902877807617,0.755080507624717
868,False,9,9733,0.44069981575012207,0.7934203992287318
869,False,9,9734,0.48055553436279297,0.7288212715869858
870,False,9,9735,0.44431471824645996,0.7466816685739018
871,False,9,9736,0.4532344341278076,0.7276843701090131
872,False,9,9737,0.47477126121520996,0.753685582961355
873,False,9,9738,0.47333264350891113,0.7797979354148821
874,False,9,9739,0.43895816802978516,0.7365322283336094
875,False,9,9740,0.46092891693115234,0.7620308246640931
876,False,9,9741,0.46649789810180664,0.7729057380486101
877,False,9,9742,0.4612574577331543,0.7784763457519667
878,False,9,9743,0.44851064682006836,0.7550452767560878
879,False,9,9744,0.44933462142944336,0.7721173096270788
880,False,9,9745,0.4439883232116699,0.7490274095464319
881,False,9,9746,0.4378056526184082,0.7586384167273839
882,False,9,9747,0.46126842498779297,0.7402184463682631
883,False,9,9748,0.4801056385040283,0.716868610963935
884,False,9,9749,0.4693455696105957,0.7848935772975284
885,False,9,9750,0.4396188259124756,0.7435954103157633
886,False,9,9751,0.43958544731140137,0.7508479731068725
887,False,9,9752,0.441176176071167,0.743443092952172
888,False,9,9753,0.441478967666626,0.7268410062506088
889,False,9,9754,0.47119855880737305,0.7366594008746602
890,False,9,9755,0.474423885345459,0.7340244120430381
891,False,9,9756,0.4509427547454834,0.7618319296411106
892,False,9,9757,0.437288761138916,0.7620589878587495
893,False,9,9758,0.48810601234436035,0.7309074252843856
894,False,9,9759,0.44162821769714355,0.7079669556447437
895,False,9,9760,0.44072437286376953,0.7431066242002305
896,False,9,9761,0.4375932216644287,0.7403803203432331
897,False,9,9762,0.46935057640075684,0.7902203521558216
898,False,9,9763,0.4513370990753174,0.7750994293462661
899,False,9,9764,0.445110559463501,0.7647392920085362
900,False,9,9765,0.4798119068145752,0.7301248340379624
901,False,9,9766,0.44082164764404297,0.7256125687133697
902,False,9,9767,0.45540404319763184,0.7386261522769929
903,False,9,9768,0.4550912380218506,0.7725644714775541
904,False,9,9769,0.49584221839904785,0.7683690949564889
905,False,9,9770,0.4497854709625244,0.7770012411333268
906,False,9,9771,0.4649970531463623,0.7117019104106084
907,False,9,9772,0.4893524646759033,0.7191363871097565
908,False,9,9773,0.433391809463501,0.741901721982729
909,False,9,9774,0.44669556617736816,0.7167044234062945
910,False,9,9775,0.43833017349243164,0.7777800943170275
911,False,9,9776,0.4851090908050537,0.7652358292114166
912,False,9,9777,0.4349081516265869,0.71670792127649
913,False,9,9778,0.4396698474884033,0.749700284429959
914,False,9,9779,0.5062539577484131,0.7579559474473907
915,False,9,9780,0.4306221008300781,0.7702736515729203
916,False,9,9781,0.5052566528320312,0.7423079567296166
917,False,9,9782,0.5782179832458496,0.765411945148593
918,False,9,9783,0.5111997127532959,0.74655063805126
919,False,9,9784,0.5566692352294922,0.7735165591750826
920,False,9,9785,0.579179048538208,0.7372090426229294
921,False,9,9786,0.5556581020355225,0.796261564606712
922,False,9,9787,0.5783448219299316,0.7517495818790936
923,False,9,9788,0.5560390949249268,0.7339128701105005
924,False,9,9789,0.5598034858703613,0.7340634976114545
925,False,9,9790,0.5754320621490479,0.7613655935440745
926,False,9,9791,0.4946174621582031,0.71948050459226
927,False,9,9792,0.4343249797821045,0.7371407517542442
928,False,9,9793,0.48631763458251953,0.7469859807973815
929,False,9,9794,0.4365963935852051,0.7262931425301801
930,False,9,9795,0.44146251678466797,0.7035728491665352
931,False,9,9796,0.43398165702819824,0.7630210284675871
932,False,9,9797,0.5016343593597412,0.7573320021231972
933,False,9,9798,0.44061279296875,0.733872988749118
934,False,9,9799,0.47011780738830566,0.7805516776584445
935,True,9,9800,0.4736945629119873,0.7906226891846884
936,False,9,9801,0.46590662002563477,0.7331010081938335
937,False,9,9802,0.43385934829711914,0.7138206508188021
938,False,9,9803,0.43457818031311035,0.7737918503227688
939,False,9,9804,0.4519984722137451,0.7210357641535148
940,False,9,9805,0.47115159034729004,0.7256854992537272
941,False,9,9806,0.4369652271270752,0.7330029928790671
942,False,9,9807,0.43611693382263184,0.7569122392506826
943,False,9,9808,0.43222999572753906,0.7507189102470876
944,False,9,9809,0.4685389995574951,0.7712519516547522
945,False,9,9810,0.4568898677825928,0.7214800101660547
946,False,9,9811,0.47444725036621094,0.7510929639850346
947,False,9,9812,0.46019434928894043,0.7638462416472889
948,False,9,9813,0.4443237781524658,0.7184677383019811
949,False,9,9814,0.4248661994934082,0.7357965616420621
950,False,9,9815,0.4565238952636719,0.7432367922294707
951,False,9,9816,0.4436922073364258,0.7340124483619416
952,False,9,9817,0.42463111877441406,0.76106128486849
953,False,9,9818,0.47448015213012695,0.7085551740158174
954,False,9,9819,0.44542694091796875,0.7320671940133685
955,False,9,9820,0.426241397857666,0.7481700455149014
956,False,9,9821,0.4700651168823242,0.7383070153494676
957,False,9,9822,0.42426109313964844,0.7502184387828623
958,False,9,9823,0.44600677490234375,0.7401583684342247
959,False,9,9824,0.46930456161499023,0.7684777939603444
960,False,9,9825,0.42580080032348633,0.7808494241464704
961,False,9,9826,0.43381404876708984,0.7250890071902957
962,False,9,9827,0.4666473865509033,0.7431948071434384
963,False,9,9828,0.4237217903137207,0.7633831355543363
964,False,9,9829,0.443894624710083,0.7687733675397578
965,False,9,9830,0.42475199699401855,0.795246367653211
966,False,9,9831,0.4389376640319824,0.7807996691692441
967,False,9,9832,0.4259357452392578,0.7413232450683912
968,False,9,9833,0.44336366653442383,0.7182315713947729
969,False,9,9834,0.443042516708374,0.7653706304374196
970,False,9,9835,0.425762414932251,0.7160301926944936
971,False,9,9836,0.47492027282714844,0.7325428889266082
972,False,9,9837,0.44338083267211914,0.7610954961606436
973,False,9,9838,0.42626070976257324,0.7340014154712358
974,False,9,9839,0.4678981304168701,0.7283769920468331
975,False,9,9840,0.43176817893981934,0.730885866497244
976,False,9,9841,0.4344356060028076,0.7889895353998456
977,False,9,9842,0.4611365795135498,0.7467304060146923
978,False,9,9843,0.42396044731140137,0.7666861968381063
979,False,9,9844,0.44413018226623535,0.7134246709091323
980,False,9,9845,0.4258549213409424,0.7263150633800597
981,False,9,9846,0.4447171688079834,0.7642239422670434
982,False,9,9847,0.42536091804504395,0.8314964295852751
983,False,9,9848,0.4465034008026123,0.7856691226008393
984,False,9,9849,0.44493913650512695,0.7274172210267612
985,False,9,9850,0.42561817169189453,0.7409556919620152
986,False,9,9851,0.47016453742980957,0.7200794354790735
987,False,9,9852,0.44478774070739746,0.7345610357643594
988,False,9,9853,0.4264562129974365,0.727169648699817
989,False,9,9854,0.44316649436950684,0.7504241580054876
990,False,9,9855,0.4566376209259033,0.7631253628503707
991,False,9,9856,0.4250223636627197,0.7377553252237185
992,False,9,9857,0.43985629081726074,0.798279036723432
993,False,9,9858,0.45198678970336914,0.7402467360453945
994,False,9,9859,0.4439208507537842,0.7493623055162885
995,False,9,9860,0.4233744144439697,0.761632313508363
996,False,9,9861,0.47159838676452637,0.800093601856913
997,False,9,9862,0.44525861740112305,0.7517166811795462
998,False,9,9863,0.4562258720397949,0.7060984323422115
999,False,9,9864,0.42653775215148926,0.7871682842572532
1000,False,9,9865,0.47113823890686035,0.7816762276703403
1001,False,9,9866,0.4227571487426758,0.7726920779262269
1002,False,9,9867,0.44541287422180176,0.7389015009005864
1003,False,9,9868,0.46859288215637207,0.7220238961634183
1004,False,9,9869,0.4231739044189453,0.7631163531470868
1005,False,9,9870,0.4447050094604492,0.696816730579095
1006,False,9,9871,0.44144129753112793,0.7192890535862674
1007,False,9,9872,0.4258604049682617,0.723512990311498
1008,False,9,9873,0.4269676208496094,0.7562002039381437
1009,False,9,9874,0.4447009563446045,0.7227982429876213
1010,False,9,9875,0.4423186779022217,0.7799904091017588
1011,False,9,9876,0.42698001861572266,0.6988352771316256
1012,False,9,9877,0.4585239887237549,0.7340422395084587
1013,False,9,9878,0.4415290355682373,0.8084872375641547
1014,False,9,9879,0.4260246753692627,0.7448777652212552
1015,False,9,9880,0.4609792232513428,0.7329863004741215
1016,False,9,9881,0.4438326358795166,0.7921687625348568
1017,False,9,9882,0.42311525344848633,0.7469294465013914
1018,False,9,9883,0.46737074851989746,0.769985916359084
1019,False,9,9884,0.42325520515441895,0.7185339861150299
1020,False,9,9885,0.43746423721313477,0.796432932927495
1021,False,9,9886,0.44680309295654297,0.7725424692034721
1022,False,9,9887,0.4223005771636963,0.7432054183667616
1023,False,9,9888,0.4436314105987549,0.7438593811932065
1024,False,9,9889,0.45051002502441406,0.7146074715114774
1025,False,9,9890,0.42169880867004395,0.8024000465160324
1026,False,9,9891,0.443692684173584,0.7316192182756607
1027,False,9,9892,0.42537522315979004,0.7746877390004341
1028,False,9,9893,0.44309258460998535,0.7446593837369055
1029,False,9,9894,0.42558741569519043,0.7564629908828511
1030,False,9,9895,0.45053577423095703,0.7298014270407813
1031,False,9,9896,0.44492316246032715,0.7194358067853112
1032,False,9,9897,0.4267873764038086,0.7095348506811119
1033,False,9,9898,0.4691658020019531,0.7671103825171789
1034,False,9,9899,0.42551541328430176,0.78220972489743
1035,True,9,9900,0.48229241371154785,0.6927414114276568
1036,False,9,9901,0.46769285202026367,0.7891580998187971
1037,False,9,9902,0.42313385009765625,0.7437373256044729
1038,False,9,9903,0.42784714698791504,0.7916087043427283
1039,False,9,9904,0.4614543914794922,0.7454862344477857
1040,False,9,9905,0.4195420742034912,0.7316977647798403
1041,False,9,9906,0.44176435470581055,0.7771722470365819
1042,False,9,9907,0.4237997531890869,0.7814889929833867
1043,False,9,9908,0.43825459480285645,0.7955337594307602
1044,False,9,9909,0.4301631450653076,0.773085477806273
1045,False,9,9910,0.42385149002075195,0.7742046234863147
1046,False,9,9911,0.44259047508239746,0.738810039701916
1047,False,9,9912,0.43376755714416504,0.7662721233708517
1048,False,9,9913,0.4235813617706299,0.7196853540482975
1049,False,9,9914,0.4206366539001465,0.8104472493841535
1050,False,9,9915,0.4452183246612549,0.7795442695773783
1051,False,9,9916,0.4226491451263428,0.7442764274421193
1052,False,9,9917,0.45261621475219727,0.737402734302339
1053,False,9,9918,0.4422600269317627,0.731027436753114
1054,False,9,9919,0.425201416015625,0.6950120613688514
1055,False,9,9920,0.4584777355194092,0.7468483302564849
1056,False,9,9921,0.4472391605377197,0.72031428044041
1057,False,9,9922,0.42290258407592773,0.7519710317608856
1058,False,9,9923,0.47033190727233887,0.7770348475092934
1059,False,9,9924,0.42479872703552246,0.7459274072732245
1060,False,9,9925,0.4554758071899414,0.7654195200829279
1061,False,9,9926,0.4428708553314209,0.7721354982682636
1062,False,9,9927,0.4593334197998047,0.7329742296465804
1063,False,9,9928,0.42030978202819824,0.7433037871406193
1064,False,9,9929,0.44309496879577637,0.737857286596582
1065,False,9,9930,0.4432833194732666,0.7347392429198536
1066,False,9,9931,0.42194032669067383,0.7539748890059337
1067,False,9,9932,0.4424774646759033,0.7016465149465063
1068,False,9,9933,0.4453926086425781,0.716346950048492
1069,False,9,9934,0.4449186325073242,0.715630463191441
1070,False,9,9935,0.424147367477417,0.7466254145616577
1071,False,9,9936,0.44852709770202637,0.7620104015583085
1072,False,9,9937,0.44365882873535156,0.7120532196547303
1073,False,9,9938,0.42551326751708984,0.7272462993860244
1074,False,9,9939,0.46925783157348633,0.7712818738960083
1075,False,9,9940,0.4222598075866699,0.7441331815151941
1076,False,9,9941,0.42429637908935547,0.7084398993424007
1077,False,9,9942,0.45040249824523926,0.7191192301965895
1078,False,9,9943,0.4242722988128662,0.785477292679605
1079,False,9,9944,0.4401979446411133,0.8041144134033293
1080,False,9,9945,0.4610171318054199,0.730978252277488
1081,False,9,9946,0.4210073947906494,0.7374333164521627
1082,False,9,9947,0.4449138641357422,0.7516708860085125
1083,False,9,9948,0.4477424621582031,0.7339941791835287
1084,False,9,9949,0.43363356590270996,0.7168064106787954
1085,False,9,9950,0.43704915046691895,0.7191309254793895
1086,False,9,9951,0.44832539558410645,0.7581641530351978
1087,False,9,9952,0.44500255584716797,0.7039870566555432
1088,False,9,9953,0.42554378509521484,0.7485287718120074
1089,False,9,9954,0.45044589042663574,0.7597115412354468
1090,False,9,9955,0.4427521228790283,0.7371901561106955
1091,False,9,9956,0.42345285415649414,0.7478852350087394
1092,False,9,9957,0.47419095039367676,0.7996909668048223
1093,False,9,9958,0.44247889518737793,0.7759680815395854
1094,False,9,9959,0.42642998695373535,0.7675812613396419
1095,False,9,9960,0.46744847297668457,0.6896361359173343
1096,False,9,9961,0.42505860328674316,0.754982474304381
1097,False,9,9962,0.44243526458740234,0.6751930362411911
1098,False,9,9963,0.4220132827758789,0.7330459036997389
1099,False,9,9964,0.4224240779876709,0.7715939090897639
1100,False,9,9965,0.42506957054138184,0.7223355832199256
1101,False,9,9966,0.42601776123046875,0.7408336716748419
1102,False,9,9967,0.4458041191101074,0.7128189060659634
1103,False,9,9968,0.425123929977417,0.7359043494576499
1104,False,9,9969,0.4261746406555176,0.6841027614261423
1105,False,9,9970,0.4302973747253418,0.7424257261057694
1106,False,9,9971,0.42354822158813477,0.7257215061358042
1107,False,9,9972,0.33527493476867676,0.7630588327135358
0,False,10,9973,0.5030503273010254,0.7533161143461863
1,False,10,9974,0.45824575424194336,0.7793749496340749
2,False,10,9975,0.4953885078430176,0.749739981300774
3,False,10,9976,0.4826054573059082,0.7948363992784704
4,False,10,9977,0.44864559173583984,0.7673782394045873
5,False,10,9978,0.47786641120910645,0.72646789660766
6,False,10,9979,0.47737550735473633,0.775421026916731
7,False,10,9980,0.45299792289733887,0.7298037796503021
8,False,10,9981,0.49401307106018066,0.7476181476598696
9,False,10,9982,0.4853980541229248,0.756472973596482
10,False,10,9983,0.45561885833740234,0.763561620243958
11,False,10,9984,0.46132612228393555,0.7313830942979881
12,False,10,9985,0.4576404094696045,0.7510156315707025
13,False,10,9986,0.46106553077697754,0.7178212920469896
14,False,10,9987,0.5031702518463135,0.7412466454718795
15,False,10,9988,0.44832563400268555,0.7394298964313097
16,False,10,9989,0.44753551483154297,0.8126631187541143
17,False,10,9990,0.47633886337280273,0.7922102340630123
18,False,10,9991,0.4398503303527832,0.72760482398527
19,False,10,9992,0.4524073600769043,0.8075928116838137
20,False,10,9993,0.4667675495147705,0.7583820390559378
21,False,10,9994,0.492220401763916,0.7660315597341173
22,False,10,9995,0.4362306594848633,0.7413797768808545
23,False,10,9996,0.4789762496948242,0.7749045565724372
24,False,10,9997,0.5638959407806396,0.7760420576447531
25,False,10,9998,0.5492587089538574,0.712609696955908
26,False,10,9999,0.52345871925354,0.7498003228434493
27,True,10,10000,0.6256959438323975,0.7690619638278371
28,False,10,10001,0.561741828918457,0.742514969781041
29,False,10,10002,0.5787460803985596,0.7807289344214257
30,False,10,10003,0.557016134262085,0.739764215690749
31,False,10,10004,0.5753355026245117,0.7394961995028314
32,False,10,10005,0.5590512752532959,0.7320766243196669
33,False,10,10006,0.5586683750152588,0.732348050389971
34,False,10,10007,0.5755705833435059,0.745354007574774
35,False,10,10008,0.5601961612701416,0.726561506234464
36,False,10,10009,0.5797710418701172,0.7812700578499406
37,False,10,10010,0.5603578090667725,0.750933622320493
38,False,10,10011,0.5632705688476562,0.7786063381603786
39,False,10,10012,0.5513463020324707,0.7284390170659338
40,False,10,10013,0.5578205585479736,0.7028807861109574
41,False,10,10014,0.5754134654998779,0.7829949703244936
42,False,10,10015,0.5652239322662354,0.7218149552742641
43,False,10,10016,0.5577759742736816,0.7299823044311431
44,False,10,10017,0.5769593715667725,0.7379641126663912
45,False,10,10018,0.5565812587738037,0.7400545648166111
46,False,10,10019,0.5758264064788818,0.7465218974366075
47,False,10,10020,0.5292341709136963,0.7651958352043516
48,False,10,10021,0.5618269443511963,0.7217279128020718
49,False,10,10022,0.578826904296875,0.7580011976616723
50,False,10,10023,0.5587160587310791,0.7247484666960581
51,False,10,10024,0.5761175155639648,0.7358602253454073
52,False,10,10025,0.5594093799591064,0.7536975996834892
53,False,10,10026,0.5435631275177002,0.7542228500048319
54,False,10,10027,0.5606834888458252,0.7153374219224568
55,False,10,10028,0.5473687648773193,0.7638900815731005
56,False,10,10029,0.5783500671386719,0.8013744918363434
57,False,10,10030,0.560178279876709,0.7535899295693352
58,False,10,10031,0.5556130409240723,0.7576467274200349
59,False,10,10032,0.5765664577484131,0.7559517253012884
60,False,10,10033,0.5510799884796143,0.7123269758054187
61,False,10,10034,0.5481832027435303,0.7130897520553499
62,False,10,10035,0.552966833114624,0.7625760776656014
63,False,10,10036,0.5736434459686279,0.6929691476481302
64,False,10,10037,0.5593917369842529,0.7199177224011648
65,False,10,10038,0.5757923126220703,0.744656162602561
66,False,10,10039,0.5623981952667236,0.7383512084682783
67,False,10,10040,0.5317938327789307,0.7628249809855506
68,False,10,10041,0.42464590072631836,0.7112958759424233
69,False,10,10042,0.443756103515625,0.7738014718606359
70,False,10,10043,0.45574426651000977,0.7193061555070536
71,False,10,10044,0.4311380386352539,0.7415832394645328
72,False,10,10045,0.42568445205688477,0.7652506157755851
73,False,10,10046,0.4720759391784668,0.7084402443752402
74,False,10,10047,0.44179248809814453,0.7384703287056514
75,False,10,10048,0.42120814323425293,0.7393956574655716
76,False,10,10049,0.45520949363708496,0.7425034997009096
77,False,10,10050,0.4426686763763428,0.69174848833964
78,False,10,10051,0.42345619201660156,0.7534831893585976
79,False,10,10052,0.4762442111968994,0.7162423027413231
80,False,10,10053,0.4395933151245117,0.7382133794682367
81,False,10,10054,0.4258701801300049,0.7399017720350197
82,False,10,10055,0.46729207038879395,0.7808088246910343
83,False,10,10056,0.4259779453277588,0.7452429116127037
84,False,10,10057,0.4351828098297119,0.7456858700939588
85,False,10,10058,0.44905567169189453,0.7210621193406128
86,False,10,10059,0.42365574836730957,0.7417049998683588
87,False,10,10060,0.4436197280883789,0.7807785673510461
88,False,10,10061,0.4681823253631592,0.7181489041873385
89,False,10,10062,0.42621374130249023,0.7423273667338348
90,False,10,10063,0.4429030418395996,0.7042734702782971
91,False,10,10064,0.42747068405151367,0.7742009780236654
92,False,10,10065,0.44286465644836426,0.7342844165506817
93,False,10,10066,0.4263801574707031,0.7756251444419227
94,False,10,10067,0.4462161064147949,0.7253582871385984
95,False,10,10068,0.44064950942993164,0.7330101260117122
96,False,10,10069,0.424790620803833,0.7292066933143705
97,False,10,10070,0.4750080108642578,0.7507903079191844
98,False,10,10071,0.42386460304260254,0.7173766688931555
99,False,10,10072,0.4237515926361084,0.7513364134799866
100,False,10,10073,0.4651913642883301,0.7206747647197473
101,False,10,10074,0.4439706802368164,0.7440278203714461
102,False,10,10075,0.4255516529083252,0.7506793701932544
103,False,10,10076,0.47194719314575195,0.7452936694025993
104,False,10,10077,0.4264500141143799,0.7628654734719368
105,False,10,10078,0.4273817539215088,0.7795460720856986
106,False,10,10079,0.4610123634338379,0.7423763640579724
107,False,10,10080,0.42288780212402344,0.774891659351332
108,False,10,10081,0.4421689510345459,0.7627783275785899
109,False,10,10082,0.4420595169067383,0.7385415289373627
110,False,10,10083,0.4232780933380127,0.7543259944234575
111,False,10,10084,0.4256777763366699,0.7708747234372867
112,False,10,10085,0.4453468322753906,0.6865815692359493
113,False,10,10086,0.4426002502441406,0.7559196090414411
114,False,10,10087,0.4456048011779785,0.7062986209279016
115,False,10,10088,0.4237651824951172,0.7509618403301352
116,False,10,10089,0.4704110622406006,0.7255054566831814
117,False,10,10090,0.42787694931030273,0.7502993089812141
118,False,10,10091,0.4233546257019043,0.7443367349249976
119,False,10,10092,0.47769737243652344,0.7621491835230871
120,False,10,10093,0.42569708824157715,0.7469136636881599
121,False,10,10094,0.44193124771118164,0.7685022880988462
122,False,10,10095,0.4794888496398926,0.7480653943050477
123,False,10,10096,0.42586374282836914,0.7368320382776714
124,False,10,10097,0.4774601459503174,0.7489020590271267
125,False,10,10098,0.42455387115478516,0.7509693545954568
126,False,10,10099,0.4558901786804199,0.7077495242868153
127,True,10,10100,0.48135900497436523,0.7610250950923988
128,False,10,10101,0.4448840618133545,0.7370153463312559
129,False,10,10102,0.4509882926940918,0.7170284974078336
130,False,10,10103,0.44307565689086914,0.7463510164192745
131,False,10,10104,0.4363892078399658,0.7425704658741044
132,False,10,10105,0.47217822074890137,0.7306278042850042
133,False,10,10106,0.423598051071167,0.7401646584981966
134,False,10,10107,0.42261791229248047,0.767410027484099
135,False,10,10108,0.4693622589111328,0.7741432984670001
136,False,10,10109,0.42475152015686035,0.7349256420774121
137,False,10,10110,0.445202112197876,0.7748767871941838
138,False,10,10111,0.4743995666503906,0.7133179523405574
139,False,10,10112,0.42424964904785156,0.7151705448826156
140,False,10,10113,0.4364025592803955,0.7219060357837448
141,False,10,10114,0.4348468780517578,0.7504636741110257
142,False,10,10115,0.4220852851867676,0.7191379857914788
143,False,10,10116,0.4448564052581787,0.7169187609993276
144,False,10,10117,0.4486217498779297,0.7029953535114015
145,False,10,10118,0.4422593116760254,0.7052872125059366
146,False,10,10119,0.424898624420166,0.7467360695203143
147,False,10,10120,0.4520688056945801,0.681412372738123
148,False,10,10121,0.4461522102355957,0.7493676970757189
149,False,10,10122,0.4279451370239258,0.7823158601919812
150,False,10,10123,0.46700239181518555,0.7693555312497274
151,False,10,10124,0.4337491989135742,0.7299103772356399
152,False,10,10125,0.4248650074005127,0.7124708280676887
153,False,10,10126,0.4610474109649658,0.7443129959560577
154,False,10,10127,0.43061041831970215,0.7444112637922877
155,False,10,10128,0.42811107635498047,0.7018397033569358
156,False,10,10129,0.45998215675354004,0.741233994208631
157,False,10,10130,0.42136287689208984,0.7424162952672867
158,False,10,10131,0.4455687999725342,0.7585435800609133
159,False,10,10132,0.456057071685791,0.737392707949593
160,False,10,10133,0.4243299961090088,0.7570186118994442
161,False,10,10134,0.4450221061706543,0.7383467725345065
162,False,10,10135,0.4439260959625244,0.7084813435517605
163,False,10,10136,0.4435157775878906,0.7623856834002903
164,False,10,10137,0.424694299697876,0.7688408501091457
165,False,10,10138,0.45753026008605957,0.7375316763562815
166,False,10,10139,0.42391443252563477,0.7475392804259345
167,False,10,10140,0.4479408264160156,0.7127029306831815
168,False,10,10141,0.4431638717651367,0.7415877985102788
169,False,10,10142,0.4435088634490967,0.7575752380348386
170,False,10,10143,0.427459716796875,0.6825883204028721
171,False,10,10144,0.443434476852417,0.729879494933855
172,False,10,10145,0.4447474479675293,0.7638916351965496
173,False,10,10146,0.4277036190032959,0.7765217565354847
174,False,10,10147,0.47605395317077637,0.7119559065571854
175,False,10,10148,0.4267253875732422,0.7536368132347153
176,False,10,10149,0.42666029930114746,0.7307263364394505
177,False,10,10150,0.4469175338745117,0.7659906305017925
178,False,10,10151,0.4616122245788574,0.7516807260967435
179,False,10,10152,0.42553067207336426,0.7115888357872056
180,False,10,10153,0.44705629348754883,0.7910867415013767
181,False,10,10154,0.45152878761291504,0.7866997039389042
182,False,10,10155,0.443239688873291,0.74134675927815
183,False,10,10156,0.42196154594421387,0.7383032419851847
184,False,10,10157,0.455672025680542,0.7114511066604229
185,False,10,10158,0.44666028022766113,0.7389594383892559
186,False,10,10159,0.46201038360595703,0.7278753790472234
187,False,10,10160,0.44734883308410645,0.7208007616656167
188,False,10,10161,0.4582819938659668,0.7141430534067608
189,False,10,10162,0.42453765869140625,0.7388056193788843
190,False,10,10163,0.4427063465118408,0.7501827343588785
191,False,10,10164,0.47515296936035156,0.7331454771615211
192,False,10,10165,0.42304348945617676,0.7411408623059591
193,False,10,10166,0.44251132011413574,0.7078451805171511
194,False,10,10167,0.45777106285095215,0.7473716263969737
195,False,10,10168,0.4258737564086914,0.7121614320647146
196,False,10,10169,0.44744157791137695,0.7370864514793669
197,False,10,10170,0.4560704231262207,0.7239178992098287
198,False,10,10171,0.44181108474731445,0.6919235603085586
199,False,10,10172,0.4213085174560547,0.7391702504385085
200,False,10,10173,0.45407962799072266,0.7688272198041282
201,False,10,10174,0.4250521659851074,0.742337983456396
202,False,10,10175,0.4248933792114258,0.6696021006930442
203,False,10,10176,0.44515347480773926,0.7135400287806987
204,False,10,10177,0.42191648483276367,0.7667189456877253
205,False,10,10178,0.42449235916137695,0.7298113845643543
206,False,10,10179,0.4623124599456787,0.7231410376372792
207,False,10,10180,0.4202091693878174,0.7116624759953648
208,False,10,10181,0.44199538230895996,0.7336769176735765
209,False,10,10182,0.4479691982269287,0.7303172876792295
210,False,10,10183,0.42159581184387207,0.7356180646235033
211,False,10,10184,0.44675183296203613,0.7311944578375137
212,False,10,10185,0.45076799392700195,0.7294972421867506
213,False,10,10186,0.44141721725463867,0.7239945365027302
214,False,10,10187,0.4252774715423584,0.8169177335997423
215,False,10,10188,0.4624018669128418,0.7401295247532075
216,False,10,10189,0.44212818145751953,0.6973321329624882
217,False,10,10190,0.4257166385650635,0.766151287371204
218,False,10,10191,0.44667863845825195,0.7317353220922606
219,False,10,10192,0.4425508975982666,0.7461410817645844
220,False,10,10193,0.42408275604248047,0.7522828309308914
221,False,10,10194,0.4733145236968994,0.705769796811399
222,False,10,10195,0.4204521179199219,0.7311354474652383
223,False,10,10196,0.4246201515197754,0.7545167168691046
224,False,10,10197,0.4487640857696533,0.7135271164810374
225,False,10,10198,0.4247872829437256,0.7325003659796148
226,False,10,10199,0.4430694580078125,0.7341738243897755
227,True,10,10200,0.49610304832458496,0.7232719044245425
228,False,10,10201,0.4240274429321289,0.7317436564536322
229,False,10,10202,0.4444723129272461,0.7658826446249372
230,False,10,10203,0.46938061714172363,0.7815274571379026
231,False,10,10204,0.42120909690856934,0.7820357016864277
232,False,10,10205,0.4447140693664551,0.7515582616130511
233,False,10,10206,0.4438467025756836,0.7846180566010021
234,False,10,10207,0.4337766170501709,0.7444966031859319
235,False,10,10208,0.42208003997802734,0.7599362298136666
236,False,10,10209,0.44568872451782227,0.6930304849076838
237,False,10,10210,0.44350123405456543,0.7463377309697017
238,False,10,10211,0.4248349666595459,0.7710896592055051
239,False,10,10212,0.443070650100708,0.8001859695428893
240,False,10,10213,0.45470714569091797,0.75854534194583
241,False,10,10214,0.4232215881347656,0.6936857459091005
242,False,10,10215,0.44538164138793945,0.7207096400005477
243,False,10,10216,0.4756438732147217,0.7070463565843446
244,False,10,10217,0.42395496368408203,0.7645964264160111
245,False,10,10218,0.44567060470581055,0.7774533065302033
246,False,10,10219,0.4565744400024414,0.7564790809438342
247,False,10,10220,0.4252297878265381,0.7111900182706968
248,False,10,10221,0.4753696918487549,0.7325075508228371
249,False,10,10222,0.4243736267089844,0.7505476978563128
250,False,10,10223,0.47194528579711914,0.7434548293905598
251,False,10,10224,0.441267728805542,0.6935739595265616
252,False,10,10225,0.42162418365478516,0.7693848081287883
253,False,10,10226,0.4718303680419922,0.7175609778080668
254,False,10,10227,0.42288851737976074,0.7674347006139302
255,False,10,10228,0.4419257640838623,0.7313340879267173
256,False,10,10229,0.4699881076812744,0.717739535761731
257,False,10,10230,0.42270755767822266,0.7196520930599598
258,False,10,10231,0.43207693099975586,0.7636558108386541
259,False,10,10232,0.4579792022705078,0.7403427962036359
260,False,10,10233,0.42171669006347656,0.7338626189600853
261,False,10,10234,0.4444844722747803,0.73676461389377
262,False,10,10235,0.45511531829833984,0.7456129122348059
263,False,10,10236,0.424349308013916,0.7363449398960384
264,False,10,10237,0.4454917907714844,0.7613121058259693
265,False,10,10238,0.42345166206359863,0.7300768324307032
266,False,10,10239,0.4434516429901123,0.762781126158578
267,False,10,10240,0.42212462425231934,0.72051499606598
268,False,10,10241,0.47585391998291016,0.7194829325945605
269,False,10,10242,0.4416506290435791,0.7855053295691808
270,False,10,10243,0.4235072135925293,0.7306552479664484
271,False,10,10244,0.47663283348083496,0.7321797382263912
272,False,10,10245,0.4418752193450928,0.7224744331269037
273,False,10,10246,0.4248623847961426,0.7115649939292954
274,False,10,10247,0.4680471420288086,0.757511125079223
275,False,10,10248,0.430178165435791,0.7496840322301503
276,False,10,10249,0.44318175315856934,0.7634880186191626
277,False,10,10250,0.42287397384643555,0.720164738240696
278,False,10,10251,0.4693577289581299,0.760447391619285
279,False,10,10252,0.4214291572570801,0.7182613809903462
280,False,10,10253,0.4205751419067383,0.7332640339930852
281,False,10,10254,0.46732258796691895,0.7293958046606608
282,False,10,10255,0.4441413879394531,0.7535142926942734
283,False,10,10256,0.42270970344543457,0.723202379509097
284,False,10,10257,0.4744882583618164,0.6855757101660684
285,False,10,10258,0.42273688316345215,0.7312602056633859
286,False,10,10259,0.4270620346069336,0.7393413262353058
287,False,10,10260,0.4748706817626953,0.7300366805422874
288,False,10,10261,0.4225962162017822,0.7187632597273304
289,False,10,10262,0.44280028343200684,0.7120933887504396
290,False,10,10263,0.4516277313232422,0.7598787017521403
291,False,10,10264,0.4234280586242676,0.7370484813693025
292,False,10,10265,0.4304697513580322,0.8001603782176971
293,False,10,10266,0.45172929763793945,0.7490451896474474
294,False,10,10267,0.4430263042449951,0.7173415610478038
295,False,10,10268,0.44429850578308105,0.7043995375611952
296,False,10,10269,0.4574606418609619,0.7150429031323818
297,False,10,10270,0.4411044120788574,0.7306141917194638
298,False,10,10271,0.4232637882232666,0.7127278023177669
299,False,10,10272,0.4555172920227051,0.7014874215459539
300,False,10,10273,0.44361162185668945,0.7503719429175059
301,False,10,10274,0.42349815368652344,0.7629486003092357
302,False,10,10275,0.4395296573638916,0.7043310171436694
303,False,10,10276,0.47544074058532715,0.7354467216701733
304,False,10,10277,0.42337465286254883,0.7381254620850086
305,False,10,10278,0.4443221092224121,0.7206819852193196
306,False,10,10279,0.45726466178894043,0.7287130482672225
307,False,10,10280,0.44274425506591797,0.7364299891605265
308,False,10,10281,0.4422924518585205,0.7086514555627391
309,False,10,10282,0.45427465438842773,0.7482985470976148
310,False,10,10283,0.4236714839935303,0.7531870724189849
311,False,10,10284,0.4770803451538086,0.7505347001410666
312,False,10,10285,0.4223179817199707,0.7570838204451971
313,False,10,10286,0.4725151062011719,0.7121038060812721
314,False,10,10287,0.4305245876312256,0.69949083296316
315,False,10,10288,0.4219787120819092,0.7549398023457753
316,False,10,10289,0.4700593948364258,0.7056082591325754
317,False,10,10290,0.4230232238769531,0.7397243096714927
318,False,10,10291,0.43430614471435547,0.7444883606263568
319,False,10,10292,0.45865440368652344,0.7198472682918822
320,False,10,10293,0.4225761890411377,0.6867392990915548
321,False,10,10294,0.4224405288696289,0.7240183101523491
322,False,10,10295,0.4590160846710205,0.748749491714296
323,False,10,10296,0.4234046936035156,0.7180380356453715
324,False,10,10297,0.4437062740325928,0.7864011717694146
325,False,10,10298,0.4548335075378418,0.7400018782133149
326,False,10,10299,0.42218828201293945,0.7026830801651592
327,True,10,10300,0.48239755630493164,0.7109301757244838
328,False,10,10301,0.4491400718688965,0.7440899773722601
329,False,10,10302,0.4200413227081299,0.7920447992427009
330,False,10,10303,0.4453127384185791,0.7669642525059834
331,False,10,10304,0.45471715927124023,0.7247263600251503
332,False,10,10305,0.44496870040893555,0.7374761211020604
333,False,10,10306,0.44481849670410156,0.7167184652671926
334,False,10,10307,0.4583756923675537,0.752300957129115
335,False,10,10308,0.4395101070404053,0.7190365252040681
336,False,10,10309,0.4244530200958252,0.7174443148431325
337,False,10,10310,0.45134544372558594,0.7440649930919919
338,False,10,10311,0.44226551055908203,0.7228847954954422
339,False,10,10312,0.4225585460662842,0.713912652007171
340,False,10,10313,0.45984959602355957,0.7231600136451779
341,False,10,10314,0.42492246627807617,0.7313590319383713
342,False,10,10315,0.423323392868042,0.7443358330499558
343,False,10,10316,0.4592282772064209,0.7290272357917968
344,False,10,10317,0.439727783203125,0.7037611469803821
345,False,10,10318,0.4251084327697754,0.6898809912658873
346,False,10,10319,0.4491856098175049,0.7227052448406106
347,False,10,10320,0.4213430881500244,0.7348685190081597
348,False,10,10321,0.4442558288574219,0.7287569503699031
349,False,10,10322,0.42536354064941406,0.7096613514281455
350,False,10,10323,0.44201111793518066,0.726716032517808
351,False,10,10324,0.4248158931732178,0.7604257123810905
352,False,10,10325,0.4508812427520752,0.7372377670946574
353,False,10,10326,0.4428434371948242,0.7383373498561837
354,False,10,10327,0.42412352561950684,0.7175605460291816
355,False,10,10328,0.464949369430542,0.7541154233650083
356,False,10,10329,0.4229414463043213,0.7089093973239263
357,False,10,10330,0.4247579574584961,0.7255237097186704
358,False,10,10331,0.4234280586242676,0.7827456714141937
359,False,10,10332,0.441237211227417,0.7547222987881728
360,False,10,10333,0.4285717010498047,0.7616692996096042
361,False,10,10334,0.4573678970336914,0.7372272149437948
362,False,10,10335,0.4240884780883789,0.7190559620835952
363,False,10,10336,0.44211888313293457,0.7323187621576446
364,False,10,10337,0.4204833507537842,0.7459034987148784
365,False,10,10338,0.47768735885620117,0.7124668418296746
366,False,10,10339,0.4315769672393799,0.7167234828784351
367,False,10,10340,0.42183971405029297,0.7263911430324828
368,False,10,10341,0.47635364532470703,0.7477660635042758
369,False,10,10342,0.42537736892700195,0.718679206179721
370,False,10,10343,0.4247739315032959,0.6948220275697254
371,False,10,10344,0.45892953872680664,0.7792702494632632
372,False,10,10345,0.43108487129211426,0.7276107519865035
373,False,10,10346,0.453580379486084,0.7528896019572302
374,False,10,10347,0.44391632080078125,0.7143158554321243
375,False,10,10348,0.460634708404541,0.7512572283546131
376,False,10,10349,0.4206545352935791,0.7703573831490107
377,False,10,10350,0.44397568702697754,0.7317708411387035
378,False,10,10351,0.4584228992462158,0.7133626008317584
379,False,10,10352,0.42347264289855957,0.7299225623054163
380,False,10,10353,0.444364070892334,0.7322333515399979
381,False,10,10354,0.44701266288757324,0.7647320472058795
382,False,10,10355,0.4409027099609375,0.7318056126435599
383,False,10,10356,0.4226381778717041,0.7347240706994421
384,False,10,10357,0.46806931495666504,0.7244182632615168
385,False,10,10358,0.44174981117248535,0.7053553255363589
386,False,10,10359,0.42382287979125977,0.7004412611325582
387,False,10,10360,0.4603230953216553,0.7420527395747956
388,False,10,10361,0.4404151439666748,0.7414994569761412
389,False,10,10362,0.4260129928588867,0.7100509062764191
390,False,10,10363,0.4585702419281006,0.7566373979761488
391,False,10,10364,0.44093990325927734,0.7819024665015085
392,False,10,10365,0.42432522773742676,0.7295250560910927
393,False,10,10366,0.4697747230529785,0.737136228808335
394,False,10,10367,0.42131805419921875,0.7367692901974633
395,False,10,10368,0.42290830612182617,0.7238993211871101
396,False,10,10369,0.4462141990661621,0.7255000375388636
397,False,10,10370,0.42206311225891113,0.7683418073824473
398,False,10,10371,0.44321107864379883,0.7505500719306016
399,False,10,10372,0.46077489852905273,0.7607737137448219
400,False,10,10373,0.42438769340515137,0.758575683548337
401,False,10,10374,0.4463486671447754,0.7540767398618516
402,False,10,10375,0.4263477325439453,0.7511961971010481
403,False,10,10376,0.4262051582336426,0.7431376296139899
404,False,10,10377,0.4393644332885742,0.7221552463514463
405,False,10,10378,0.4329507350921631,0.6950436680622044
406,False,10,10379,0.4450554847717285,0.7242188022605007
407,False,10,10380,0.42626452445983887,0.7214419635988416
408,False,10,10381,0.46251654624938965,0.7793839311315898
409,False,10,10382,0.4245290756225586,0.7751248929472198
410,False,10,10383,0.42549991607666016,0.7014244834759404
411,False,10,10384,0.44467830657958984,0.7203207040826479
412,False,10,10385,0.4367973804473877,0.7084232632602965
413,False,10,10386,0.4269721508026123,0.7418855313389076
414,False,10,10387,0.46425557136535645,0.7225694223528818
415,False,10,10388,0.4233574867248535,0.7121456946645464
416,False,10,10389,0.4446573257446289,0.7217404899143038
417,False,10,10390,0.4363672733306885,0.732335131083216
418,False,10,10391,0.4229135513305664,0.7249562186854226
419,False,10,10392,0.44434475898742676,0.721704910553637
420,False,10,10393,0.42635202407836914,0.7230701904211727
421,False,10,10394,0.4423563480377197,0.7332540264441854
422,False,10,10395,0.428281307220459,0.7750613533315203
423,False,10,10396,0.4700806140899658,0.7751603889323417
424,False,10,10397,0.4420797824859619,0.770312907085532
425,False,10,10398,0.4257194995880127,0.7385523631459191
426,False,10,10399,0.4219989776611328,0.7288767730905895
427,True,10,10400,0.5070450305938721,0.7430940078837528
428,False,10,10401,0.4236640930175781,0.7658532705335388
429,False,10,10402,0.4348156452178955,0.7733600693089621
430,False,10,10403,0.4706439971923828,0.7435697764158248
431,False,10,10404,0.42517733573913574,0.7085392028093338
432,False,10,10405,0.44289636611938477,0.7291408572345973
433,False,10,10406,0.4589247703552246,0.6635250162688042
434,False,10,10407,0.4273216724395752,0.7447630614042283
435,False,10,10408,0.47823238372802734,0.7510490382001512
436,False,10,10409,0.4223196506500244,0.7274120474855105
437,False,10,10410,0.4585282802581787,0.691836056964738
438,False,10,10411,0.4437739849090576,0.7439799271523954
439,False,10,10412,0.4239835739135742,0.7666690675985247
440,False,10,10413,0.46184825897216797,0.7040199075958559
441,False,10,10414,0.4458146095275879,0.7011165142148024
442,False,10,10415,0.42492079734802246,0.7326178543624423
443,False,10,10416,0.4725828170776367,0.7603933417371341
444,False,10,10417,0.4224202632904053,0.7259901228050392
445,False,10,10418,0.4244682788848877,0.7422338156473068
446,False,10,10419,0.460939884185791,0.7366573116963818
447,False,10,10420,0.4237098693847656,0.7311995103955269
448,False,10,10421,0.4451134204864502,0.7172455535758109
449,False,10,10422,0.46558427810668945,0.7228465108644394
450,False,10,10423,0.4243957996368408,0.7117117771080561
451,False,10,10424,0.44378089904785156,0.7797056024982816
452,False,10,10425,0.44519472122192383,0.7161977017919221
453,False,10,10426,0.42136120796203613,0.7513257021173126
454,False,10,10427,0.445080041885376,0.7038930305058048
455,False,10,10428,0.45154404640197754,0.7163642602307456
456,False,10,10429,0.44121599197387695,0.749010069739251
457,False,10,10430,0.4304680824279785,0.7215111562538715
458,False,10,10431,0.45455479621887207,0.745452062359878
459,False,10,10432,0.4445967674255371,0.7372188323310443
460,False,10,10433,0.42785143852233887,0.7208391541526431
461,False,10,10434,0.4744260311126709,0.7089844599720977
462,False,10,10435,0.4434075355529785,0.7516090131941295
463,False,10,10436,0.42432117462158203,0.7319262567020599
464,False,10,10437,0.4281802177429199,0.7808734269014428
465,False,10,10438,0.44443249702453613,0.7803394382908232
466,False,10,10439,0.42754125595092773,0.7276052988710857
467,False,10,10440,0.47223401069641113,0.7657545212478863
468,False,10,10441,0.42386603355407715,0.7361688087916091
469,False,10,10442,0.42646217346191406,0.6936388022842863
470,False,10,10443,0.4642949104309082,0.7151228111414681
471,False,10,10444,0.425051212310791,0.7370877030882097
472,False,10,10445,0.44231152534484863,0.73921561170192
473,False,10,10446,0.43222689628601074,0.6818130103250345
474,False,10,10447,0.4251537322998047,0.7214935984285105
475,False,10,10448,0.4482390880584717,0.8125499870095934
476,False,10,10449,0.4640209674835205,0.7628294257890608
477,False,10,10450,0.4226961135864258,0.8071827267607051
478,False,10,10451,0.44388651847839355,0.7112991275886695
479,False,10,10452,0.442488431930542,0.7048036509326526
480,False,10,10453,0.4350712299346924,0.7058544529690628
481,False,10,10454,0.4276235103607178,0.7303873619862967
482,False,10,10455,0.4404773712158203,0.8421668516738074
483,False,10,10456,0.44075942039489746,0.7386889324656555
484,False,10,10457,0.42474937438964844,0.7035932066362529
485,False,10,10458,0.44997262954711914,0.7008379470734368
486,False,10,10459,0.4425208568572998,0.7203780886318001
487,False,10,10460,0.42464303970336914,0.7663518083947046
488,False,10,10461,0.4421050548553467,0.7546235303438845
489,False,10,10462,0.46265554428100586,0.7161300618733678
490,False,10,10463,0.42357516288757324,0.7813677972271327
491,False,10,10464,0.44304871559143066,0.771720117401509
492,False,10,10465,0.4503133296966553,0.7788633285533814
493,False,10,10466,0.4246351718902588,0.7766848192328497
494,False,10,10467,0.4462587833404541,0.7506850033643699
495,False,10,10468,0.4526987075805664,0.7708732943449701
496,False,10,10469,0.4264214038848877,0.7399123258711328
497,False,10,10470,0.4773259162902832,0.7090344038747607
498,False,10,10471,0.45353031158447266,0.7315037520158858
499,False,10,10472,0.4746973514556885,0.7738168338934581
500,False,10,10473,0.4233088493347168,0.7623546187366759
501,False,10,10474,0.44101548194885254,0.7408179440313859
502,False,10,10475,0.46742868423461914,0.7472214390124592
503,False,10,10476,0.42537450790405273,0.7029341031752881
504,False,10,10477,0.4277153015136719,0.7255764436863716
505,False,10,10478,0.4728093147277832,0.7341791504905337
506,False,10,10479,0.4247324466705322,0.7596120493752616
507,False,10,10480,0.44151830673217773,0.769034857684303
508,False,10,10481,0.4707214832305908,0.7543817201540582
509,False,10,10482,0.42072200775146484,0.7764284227575575
510,False,10,10483,0.443356990814209,0.7297346506799971
511,False,10,10484,0.4575192928314209,0.7494599404079574
512,False,10,10485,0.42710304260253906,0.7254282170463178
513,False,10,10486,0.42722558975219727,0.7444324103139696
514,False,10,10487,0.42565202713012695,0.709308894617217
515,False,10,10488,0.42307472229003906,0.7236993525709424
516,False,10,10489,0.4462447166442871,0.7669315529721126
517,False,10,10490,0.44543910026550293,0.7151185680358183
518,False,10,10491,0.4428226947784424,0.7569579113097418
519,False,10,10492,0.4275081157684326,0.7148848928156354
520,False,10,10493,0.45880579948425293,0.7479926684782617
521,False,10,10494,0.4441840648651123,0.7482558495941616
522,False,10,10495,0.4275481700897217,0.7355988774271239
523,False,10,10496,0.45611095428466797,0.7295813305037363
524,False,10,10497,0.44542717933654785,0.7298120529878708
525,False,10,10498,0.4254755973815918,0.7022341021469662
526,False,10,10499,0.4417612552642822,0.7456097695089521
527,True,10,10500,0.48289942741394043,0.7320456103909584
528,False,10,10501,0.4230318069458008,0.745547482300372
529,False,10,10502,0.4737977981567383,0.7449560878532274
530,False,10,10503,0.4286675453186035,0.7302515911204476
531,False,10,10504,0.42435121536254883,0.7032554458294596
532,False,10,10505,0.4690554141998291,0.7259552042399134
533,False,10,10506,0.42408108711242676,0.7475677987649326
534,False,10,10507,0.4428579807281494,0.7858128405752636
535,False,10,10508,0.4522836208343506,0.7383963137510278
536,False,10,10509,0.42232251167297363,0.7437994160822461
537,False,10,10510,0.44393444061279297,0.7540504815323013
538,False,10,10511,0.45441198348999023,0.6758412633623395
539,False,10,10512,0.4413325786590576,0.7289183844058287
540,False,10,10513,0.44411158561706543,0.7552643354449954
541,False,10,10514,0.4482748508453369,0.7121487848815463
542,False,10,10515,0.42399096488952637,0.7007577309296241
543,False,10,10516,0.4430370330810547,0.7481998563522386
544,False,10,10517,0.44324421882629395,0.7118139100216685
545,False,10,10518,0.44202470779418945,0.7018844357558661
546,False,10,10519,0.4234488010406494,0.7542753122037367
547,False,10,10520,0.445204496383667,0.7561445065907069
548,False,10,10521,0.4415440559387207,0.7953296449212801
549,False,10,10522,0.4246063232421875,0.76258197391317
550,False,10,10523,0.4224739074707031,0.7677537937249456
551,False,10,10524,0.4527909755706787,0.7382922030630567
552,False,10,10525,0.4238853454589844,0.732259635414396
553,False,10,10526,0.44403982162475586,0.7105255368210022
554,False,10,10527,0.4766960144042969,0.712157185765959
555,False,10,10528,0.42502450942993164,0.7240857531627019
556,False,10,10529,0.4245784282684326,0.7559250522227514
557,False,10,10530,0.4763643741607666,0.7637518364049138
558,False,10,10531,0.42611098289489746,0.7338117114489989
559,False,10,10532,0.4744434356689453,0.728664718568325
560,False,10,10533,0.4448239803314209,0.7882052702563149
561,False,10,10534,0.4527604579925537,0.74140702968552
562,False,10,10535,0.4437117576599121,0.7497426915381636
563,False,10,10536,0.4219236373901367,0.7137915683644158
564,False,10,10537,0.45233726501464844,0.7647941256208081
565,False,10,10538,0.4464540481567383,0.7252892624764217
566,False,10,10539,0.44193291664123535,0.7226499734180315
567,False,10,10540,0.4597964286804199,0.755354079462233
568,False,10,10541,0.4433774948120117,0.7351369382370085
569,False,10,10542,0.422882080078125,0.7247694040692988
570,False,10,10543,0.45141029357910156,0.7058792793679805
571,False,10,10544,0.4402658939361572,0.7326244568186145
572,False,10,10545,0.425173282623291,0.7494439638796306
573,False,10,10546,0.4697694778442383,0.7278674816091856
574,False,10,10547,0.42362165451049805,0.739833431229705
575,False,10,10548,0.4234616756439209,0.734255365317776
576,False,10,10549,0.42429018020629883,0.7562354639882134
577,False,10,10550,0.42395615577697754,0.7574548378941559
578,False,10,10551,0.44477200508117676,0.719113467704682
579,False,10,10552,0.4638528823852539,0.7578239930527552
580,False,10,10553,0.42302656173706055,0.7635234942038854
581,False,10,10554,0.44319605827331543,0.6966050902292841
582,False,10,10555,0.4499187469482422,0.7434846833348275
583,False,10,10556,0.4218428134918213,0.8132839939069181
584,False,10,10557,0.4446237087249756,0.7416723310237839
585,False,10,10558,0.45198774337768555,0.7788668274879457
586,False,10,10559,0.44038820266723633,0.7179991769648736
587,False,10,10560,0.43570613861083984,0.7512073084002451
588,False,10,10561,0.4425067901611328,0.7311074269846791
589,False,10,10562,0.4430997371673584,0.722885980137757
590,False,10,10563,0.42592334747314453,0.7189168390773591
591,False,10,10564,0.4721658229827881,0.7829999632778621
592,False,10,10565,0.44055747985839844,0.715421176737263
593,False,10,10566,0.42668843269348145,0.7350997296827179
594,False,10,10567,0.45675110816955566,0.7530172814925512
595,False,10,10568,0.4432816505432129,0.7366616541431062
596,False,10,10569,0.42354846000671387,0.7340319894608996
597,False,10,10570,0.4696168899536133,0.7422030534417857
598,False,10,10571,0.44710373878479004,0.7308419213763305
599,False,10,10572,0.4240105152130127,0.6739895899026168
600,False,10,10573,0.47531914710998535,0.7025442029393855
601,False,10,10574,0.42333149909973145,0.7134387134796096
602,False,10,10575,0.4225592613220215,0.7257853256804602
603,False,10,10576,0.4374713897705078,0.7593160101345607
604,False,10,10577,0.4389076232910156,0.7423950235048931
605,False,10,10578,0.42536425590515137,0.7158762271560375
606,False,10,10579,0.46809935569763184,0.7286670750805311
607,False,10,10580,0.4266469478607178,0.715688461349124
608,False,10,10581,0.4334132671356201,0.7141501680016519
609,False,10,10582,0.4600236415863037,0.7231725372728848
610,False,10,10583,0.4211761951446533,0.7224003729366121
611,False,10,10584,0.4423091411590576,0.7571436234173321
612,False,10,10585,0.42506909370422363,0.7933757571237429
613,False,10,10586,0.45585107803344727,0.6987968865959416
614,False,10,10587,0.4416055679321289,0.7340683498907656
615,False,10,10588,0.42423272132873535,0.7204988027612366
616,False,10,10589,0.47437334060668945,0.7789002869810379
617,False,10,10590,0.44311976432800293,0.7285428735471906
618,False,10,10591,0.4234633445739746,0.7012592816636675
619,False,10,10592,0.4522538185119629,0.7042160314463433
620,False,10,10593,0.445756196975708,0.7104596305815946
621,False,10,10594,0.45568323135375977,0.7079589689771336
622,False,10,10595,0.42742276191711426,0.7423950690953505
623,False,10,10596,0.4769704341888428,0.7279616942008337
624,False,10,10597,0.4245798587799072,0.7171561168063254
625,False,10,10598,0.4430110454559326,0.6929706501818838
626,False,10,10599,0.4797632694244385,0.7385600549834114
627,True,10,10600,0.4638330936431885,0.747738853806541
628,False,10,10601,0.44353580474853516,0.7519990525075366
629,False,10,10602,0.4781918525695801,0.7238415124870481
630,False,10,10603,0.426724910736084,0.7289954601299193
631,False,10,10604,0.42462849617004395,0.7623801108981882
632,False,10,10605,0.4757232666015625,0.7789218085152763
633,False,10,10606,0.4279811382293701,0.7061948485317685
634,False,10,10607,0.4316859245300293,0.7813497022503898
635,False,10,10608,0.4805276393890381,0.7427706065632047
636,False,10,10609,0.42615222930908203,0.7547839056877865
637,False,10,10610,0.44501805305480957,0.7374393943519819
638,False,10,10611,0.48119282722473145,0.7518843994254156
639,False,10,10612,0.4244847297668457,0.7382385881528967
640,False,10,10613,0.44469118118286133,0.7843983435914629
641,False,10,10614,0.466050386428833,0.7497452501030195
642,False,10,10615,0.44341492652893066,0.7339299257312502
643,False,10,10616,0.4447183609008789,0.7096686735749244
644,False,10,10617,0.45708155632019043,0.7294574110280899
645,False,10,10618,0.44228506088256836,0.7521233963114874
646,False,10,10619,0.5527753829956055,0.7563852646521161
647,False,10,10620,0.6691312789916992,0.70008172023864
648,False,10,10621,0.6440625190734863,0.7629679750118937
649,False,10,10622,0.670280933380127,0.7174480690487791
650,False,10,10623,0.6542868614196777,0.7901454504047123
651,False,10,10624,0.6613790988922119,0.7231991567781993
652,False,10,10625,0.6482932567596436,0.7644242587543668
653,False,10,10626,0.5865769386291504,0.7329575163977489
654,False,10,10627,0.4866170883178711,0.7053156553634574
655,False,10,10628,0.4354233741760254,0.7517816729488829
656,False,10,10629,0.4541294574737549,0.7454809275056635
657,False,10,10630,0.4567115306854248,0.7191188406376611
658,False,10,10631,0.4418046474456787,0.7443732367385
659,False,10,10632,0.4355311393737793,0.7361357240449815
660,False,10,10633,0.48125696182250977,0.7906213381460734
661,False,10,10634,0.4567983150482178,0.7382644070755869
662,False,10,10635,0.4568328857421875,0.7646994743318786
663,False,10,10636,0.4488539695739746,0.7384718441892237
664,False,10,10637,0.48083019256591797,0.7415290886447543
665,False,10,10638,0.46890759468078613,0.7385678553865068
666,False,10,10639,0.44764137268066406,0.7344822205957913
667,False,10,10640,0.4461972713470459,0.7140811172624428
668,False,10,10641,0.4483678340911865,0.7628192422645431
669,False,10,10642,0.4586520195007324,0.7550712621637753
670,False,10,10643,0.44841861724853516,0.7085804706882863
671,False,10,10644,0.47881078720092773,0.7563720636424563
672,False,10,10645,0.44614720344543457,0.7202401913347697
673,False,10,10646,0.45594215393066406,0.7892096589008968
674,False,10,10647,0.4745919704437256,0.7538161589985803
675,False,10,10648,0.48085927963256836,0.7635185711440585
676,False,10,10649,0.44753241539001465,0.7811358670393628
677,False,10,10650,0.4347372055053711,0.7830322210987409
678,False,10,10651,0.4444468021392822,0.7336106321641377
679,False,10,10652,0.4652743339538574,0.7334064667423564
680,False,10,10653,0.4327356815338135,0.7660318384213106
681,False,10,10654,0.43637752532958984,0.7402373050295171
682,False,10,10655,0.44247007369995117,0.7560708852750915
683,False,10,10656,0.4655153751373291,0.7272926338371776
684,False,10,10657,0.45821571350097656,0.7458812963394891
685,False,10,10658,0.4652740955352783,0.7234936892276718
686,False,10,10659,0.45423078536987305,0.736113197746731
687,False,10,10660,0.4469029903411865,0.7169005138178665
688,False,10,10661,0.48079848289489746,0.7633909036715826
689,False,10,10662,0.44821715354919434,0.7697075202706315
690,False,10,10663,0.4579315185546875,0.7228937996994882
691,False,10,10664,0.4718666076660156,0.7235709372020904
692,False,10,10665,0.4807758331298828,0.7711070084146091
693,False,10,10666,0.43530726432800293,0.7652340666169212
694,False,10,10667,0.43649816513061523,0.7994799433009966
695,False,10,10668,0.45815443992614746,0.7291757244439352
696,False,10,10669,0.4367530345916748,0.7399388196922483
697,False,10,10670,0.45667505264282227,0.7672496115167936
698,False,10,10671,0.44179558753967285,0.6996407086650531
699,False,10,10672,0.48250603675842285,0.7199864761815182
700,False,10,10673,0.4680290222167969,0.7233008352063951
701,False,10,10674,0.43961286544799805,0.7881176748446056
702,False,10,10675,0.46783876419067383,0.7570995904860044
703,False,10,10676,0.43908095359802246,0.7295298418473631
704,False,10,10677,0.4408752918243408,0.7791565174148195
705,False,10,10678,0.461367130279541,0.736311060864301
706,False,10,10679,0.4878718852996826,0.7665659217607408
707,False,10,10680,0.4474198818206787,0.7285210628594672
708,False,10,10681,0.45911741256713867,0.7281341786895479
709,False,10,10682,0.4705967903137207,0.7097985528054692
710,False,10,10683,0.4559006690979004,0.7790350002192316
711,False,10,10684,0.4461071491241455,0.7666262097301937
712,False,10,10685,0.44974398612976074,0.7430168149017152
713,False,10,10686,0.468991756439209,0.7229731796043259
714,False,10,10687,0.4602620601654053,0.725224139080161
715,False,10,10688,0.4347872734069824,0.7728769637289502
716,False,10,10689,0.4710679054260254,0.719444976676078
717,False,10,10690,0.4404563903808594,0.7241516744806653
718,False,10,10691,0.4322488307952881,0.7634389822681744
719,False,10,10692,0.4559459686279297,0.7577850396434465
720,False,10,10693,0.464648962020874,0.7928497063971702
721,False,10,10694,0.43340396881103516,0.7770240624390896
722,False,10,10695,0.43819403648376465,0.7572486095485234
723,False,10,10696,0.49614572525024414,0.7265795082563445
724,False,10,10697,0.4540278911590576,0.7350852251762435
725,False,10,10698,0.4379401206970215,0.7303872555494308
726,False,10,10699,0.45389223098754883,0.726453585284097
727,True,10,10700,0.5098848342895508,0.7038313157501677
728,False,10,10701,0.4543642997741699,0.7907747441814058
729,False,10,10702,0.43739795684814453,0.744540967402004
730,False,10,10703,0.44321489334106445,0.7724745635475431
731,False,10,10704,0.46915292739868164,0.7461744898131917
732,False,10,10705,0.4371185302734375,0.7048766442707608
733,False,10,10706,0.44022679328918457,0.7679032449211393
734,False,10,10707,0.44264793395996094,0.6979808913809912
735,False,10,10708,0.49926066398620605,0.7102477312797593
736,False,10,10709,0.4604794979095459,0.7710037937476522
737,False,10,10710,0.4777798652648926,0.7393094549576443
738,False,10,10711,0.448183536529541,0.7547897586510295
739,False,10,10712,0.465404748916626,0.7542018941825345
740,False,10,10713,0.4581141471862793,0.7176482819375538
741,False,10,10714,0.46930932998657227,0.7595918175010453
742,False,10,10715,0.4621121883392334,0.7925148240867116
743,False,10,10716,0.4555633068084717,0.7098340353085881
744,False,10,10717,0.4465675354003906,0.758601957843417
745,False,10,10718,0.45331549644470215,0.7172074747227487
746,False,10,10719,0.465285062789917,0.7502897055376144
747,False,10,10720,0.43875861167907715,0.7386700926082473
748,False,10,10721,0.45668792724609375,0.7637067366214025
749,False,10,10722,0.44252848625183105,0.7137511957968985
750,False,10,10723,0.4342923164367676,0.7579726697433562
751,False,10,10724,0.44335269927978516,0.7103866682875724
752,False,10,10725,0.43287110328674316,0.7042556894677026
753,False,10,10726,0.43787527084350586,0.7597067767665501
754,False,10,10727,0.4476742744445801,0.7310662819516089
755,False,10,10728,0.4873170852661133,0.7383317266191753
756,False,10,10729,0.460965633392334,0.7212200586994492
757,False,10,10730,0.4575057029724121,0.7282837212440514
758,False,10,10731,0.4692568778991699,0.7093439581138747
759,False,10,10732,0.45316338539123535,0.7205942791132698
760,False,10,10733,0.4691779613494873,0.756589936358588
761,False,10,10734,0.43494200706481934,0.746443059118021
762,False,10,10735,0.440462589263916,0.7291733539175418
763,False,10,10736,0.4742097854614258,0.7479830657442409
764,False,10,10737,0.45185041427612305,0.7292923317069099
765,False,10,10738,0.4366168975830078,0.7520007258724597
766,False,10,10739,0.4488070011138916,0.7372910270378703
767,False,10,10740,0.48722219467163086,0.7991428006263006
768,False,10,10741,0.43201732635498047,0.75687595918065
769,False,10,10742,0.44506001472473145,0.7237356541057429
770,False,10,10743,0.4795808792114258,0.7750253833475566
771,False,10,10744,0.436077356338501,0.748691954783031
772,False,10,10745,0.4330477714538574,0.7549837013440475
773,False,10,10746,0.43677592277526855,0.7567271852777117
774,False,10,10747,0.4775421619415283,0.7701747289725713
775,False,10,10748,0.4780147075653076,0.7665416857316382
776,False,10,10749,0.461317777633667,0.7797191196254323
777,False,10,10750,0.48310208320617676,0.6865401186403775
778,False,10,10751,0.4572446346282959,0.7472814839510691
779,False,10,10752,0.5607004165649414,0.7366366372221992
780,False,10,10753,0.5734362602233887,0.7379224495518776
781,False,10,10754,0.5185756683349609,0.7278007396629876
782,False,10,10755,0.5625107288360596,0.7722628506876174
783,False,10,10756,0.5570216178894043,0.6959377449183236
784,False,10,10757,0.5556342601776123,0.7476428484632853
785,False,10,10758,0.5548207759857178,0.6733164590384279
786,False,10,10759,0.5592072010040283,0.7644648761266755
787,False,10,10760,0.5762588977813721,0.7562992306692261
788,False,10,10761,0.5590553283691406,0.7093111521431377
789,False,10,10762,0.5757782459259033,0.7269526381222973
790,False,10,10763,0.5615189075469971,0.7321712378235091
791,False,10,10764,0.5598609447479248,0.7121886834945707
792,False,10,10765,0.577103853225708,0.7595284987418424
793,False,10,10766,0.546149730682373,0.725004457646892
794,False,10,10767,0.5783753395080566,0.7218775444087527
795,False,10,10768,0.5308363437652588,0.7058217417271363
796,False,10,10769,0.5573055744171143,0.7589173515637717
797,False,10,10770,0.5735495090484619,0.7341359259472007
798,False,10,10771,0.5571088790893555,0.7478904170649392
799,False,10,10772,0.5749058723449707,0.7078223526477813
800,False,10,10773,0.5583558082580566,0.6970470514858053
801,False,10,10774,0.5582997798919678,0.775283570445719
802,False,10,10775,0.5752153396606445,0.7212734630420095
803,False,10,10776,0.5320546627044678,0.7148780033347151
804,False,10,10777,0.5749518871307373,0.6949022731610706
805,False,10,10778,0.5599751472473145,0.7496952716083755
806,False,10,10779,0.5570938587188721,0.7444080029215132
807,False,10,10780,0.5776734352111816,0.7199329151993706
808,False,10,10781,0.5604233741760254,0.7271834516099521
809,False,10,10782,0.5806620121002197,0.7265782483986446
810,False,10,10783,0.5583670139312744,0.7534215365137373
811,False,10,10784,0.5590994358062744,0.7413051309330124
812,False,10,10785,0.5059309005737305,0.7676653003408795
813,False,10,10786,0.4451029300689697,0.7366136159925234
814,False,10,10787,0.4244210720062256,0.7689544939923854
815,False,10,10788,0.47423219680786133,0.7677225286052339
816,False,10,10789,0.44640517234802246,0.7427798371229855
817,False,10,10790,0.4532299041748047,0.7642457135731268
818,False,10,10791,0.4413473606109619,0.7423406284125079
819,False,10,10792,0.47838783264160156,0.7443235690395038
820,False,10,10793,0.4256908893585205,0.722496465912887
821,False,10,10794,0.4438643455505371,0.7777852621816455
822,False,10,10795,0.4611997604370117,0.6924329850645293
823,False,10,10796,0.4256255626678467,0.7498436300527481
824,False,10,10797,0.44276857376098633,0.7097750377087366
825,False,10,10798,0.45711803436279297,0.757447138428688
826,False,10,10799,0.4404749870300293,0.6842415772733235
827,True,10,10800,0.4654049873352051,0.7362504878214426
828,False,10,10801,0.4778625965118408,0.7425167298033124
829,False,10,10802,0.42348575592041016,0.7185796600367342
830,False,10,10803,0.4416515827178955,0.7000712603330611
831,False,10,10804,0.4568610191345215,0.7791180092663993
832,False,10,10805,0.42400407791137695,0.7496108125363077
833,False,10,10806,0.44438791275024414,0.7322846055030823
834,False,10,10807,0.4526636600494385,0.7341140721525465
835,False,10,10808,0.4509003162384033,0.7281599676325207
836,False,10,10809,0.44213056564331055,0.7377164686719576
837,False,10,10810,0.45513010025024414,0.7295808249286243
838,False,10,10811,0.4436376094818115,0.7717580493716967
839,False,10,10812,0.4241204261779785,0.738719770418746
840,False,10,10813,0.461245059967041,0.7235168715318042
841,False,10,10814,0.44521594047546387,0.7478465402410142
842,False,10,10815,0.42657995223999023,0.6835549683088347
843,False,10,10816,0.47116780281066895,0.7430646199555623
844,False,10,10817,0.42298197746276855,0.7330585221449535
845,False,10,10818,0.42798638343811035,0.7535477216754641
846,False,10,10819,0.44559144973754883,0.7042919054982206
847,False,10,10820,0.42144012451171875,0.7397865411781129
848,False,10,10821,0.44177985191345215,0.7151879182174091
849,False,10,10822,0.44061970710754395,0.7566278935188341
850,False,10,10823,0.43062615394592285,0.7680116945079396
851,False,10,10824,0.42596435546875,0.703629443244565
852,False,10,10825,0.44888901710510254,0.7292439024008456
853,False,10,10826,0.4242222309112549,0.7394861830841926
854,False,10,10827,0.4276704788208008,0.7242384457162448
855,False,10,10828,0.4254186153411865,0.7218798633132663
856,False,10,10829,0.4452948570251465,0.7001410224253225
857,False,10,10830,0.4270899295806885,0.7631438197124573
858,False,10,10831,0.4704711437225342,0.7246105215024381
859,False,10,10832,0.42338085174560547,0.75577873701141
860,False,10,10833,0.42643070220947266,0.7201031723192759
861,False,10,10834,0.44930481910705566,0.6991826833358834
862,False,10,10835,0.4255526065826416,0.7178587033635095
863,False,10,10836,0.4443073272705078,0.7141913920640947
864,False,10,10837,0.4234890937805176,0.7474761768465952
865,False,10,10838,0.44156384468078613,0.7377907186746597
866,False,10,10839,0.42336511611938477,0.7394801768518631
867,False,10,10840,0.4680461883544922,0.7350786676009496
868,False,10,10841,0.44427013397216797,0.7131501727160952
869,False,10,10842,0.4246828556060791,0.7454225786385082
870,False,10,10843,0.424863338470459,0.6988637497027714
871,False,10,10844,0.4716451168060303,0.7520613083172413
872,False,10,10845,0.42416834831237793,0.764314382026593
873,False,10,10846,0.4414632320404053,0.7304215257366501
874,False,10,10847,0.4520432949066162,0.7435369761217208
875,False,10,10848,0.42543911933898926,0.7406507985932487
876,False,10,10849,0.4457972049713135,0.730402527288312
877,False,10,10850,0.4550817012786865,0.7566001915505957
878,False,10,10851,0.4454803466796875,0.7355637074936003
879,False,10,10852,0.4587709903717041,0.7167235974754607
880,False,10,10853,0.44349026679992676,0.7431932827901272
881,False,10,10854,0.47567248344421387,0.7321958616375923
882,False,10,10855,0.4254028797149658,0.736179256545646
883,False,10,10856,0.42314839363098145,0.7148520100329604
884,False,10,10857,0.45977234840393066,0.7165789444531714
885,False,10,10858,0.4251408576965332,0.7127934176297416
886,False,10,10859,0.44351649284362793,0.7376850227869692
887,False,10,10860,0.4491400718688965,0.7488678147395452
888,False,10,10861,0.42178988456726074,0.7101803847721645
889,False,10,10862,0.44278526306152344,0.7264971520219532
890,False,10,10863,0.44547152519226074,0.7125040212912218
891,False,10,10864,0.43858766555786133,0.7201900695051465
892,False,10,10865,0.4253726005554199,0.6930716805869623
893,False,10,10866,0.47707223892211914,0.7223294646080052
894,False,10,10867,0.43901824951171875,0.7304255430187498
895,False,10,10868,0.4257810115814209,0.6952680228721527
896,False,10,10869,0.4499659538269043,0.6927486361847038
897,False,10,10870,0.44312071800231934,0.7663772162936984
898,False,10,10871,0.42540693283081055,0.71383487912161
899,False,10,10872,0.4723334312438965,0.7425366090167135
900,False,10,10873,0.44277071952819824,0.7611554061905258
901,False,10,10874,0.4223957061767578,0.7453767604061535
902,False,10,10875,0.47270965576171875,0.7512717963684172
903,False,10,10876,0.4234004020690918,0.7572400044827234
904,False,10,10877,0.42518091201782227,0.7329698336266337
905,False,10,10878,0.4455275535583496,0.7367528421538218
906,False,10,10879,0.42241835594177246,0.7295196247952326
907,False,10,10880,0.42507266998291016,0.7436823752664384
908,False,10,10881,0.426896333694458,0.7470364442893437
909,False,10,10882,0.4696660041809082,0.7370317642177854
910,False,10,10883,0.44252920150756836,0.7651192638136092
911,False,10,10884,0.42218804359436035,0.7077284760418392
912,False,10,10885,0.4670565128326416,0.766883018116156
913,False,10,10886,0.44626760482788086,0.7527625596239453
914,False,10,10887,0.4210793972015381,0.7173632883599826
915,False,10,10888,0.46913695335388184,0.7413582991631259
916,False,10,10889,0.4228177070617676,0.7223965907025905
917,False,10,10890,0.4231903553009033,0.7385032824462369
918,False,10,10891,0.45479726791381836,0.7379124576137179
919,False,10,10892,0.42613673210144043,0.7314571420706453
920,False,10,10893,0.42402172088623047,0.6989721607949052
921,False,10,10894,0.4737522602081299,0.7547613428462119
922,False,10,10895,0.4253997802734375,0.7301395968312308
923,False,10,10896,0.44331836700439453,0.7418577653311548
924,False,10,10897,0.47465014457702637,0.7344061930974326
925,False,10,10898,0.42551279067993164,0.7305304871073791
926,False,10,10899,0.44531798362731934,0.7276681193283627
927,True,10,10900,0.5164651870727539,0.7627595347307978
928,False,10,10901,0.4261050224304199,0.7496975709994634
929,False,10,10902,0.44489455223083496,0.7125398704693434
930,False,10,10903,0.45169568061828613,0.7141280724179176
931,False,10,10904,0.44442296028137207,0.7338496308241572
932,False,10,10905,0.4437556266784668,0.6824069108281816
933,False,10,10906,0.45922303199768066,0.7420561679062389
934,False,10,10907,0.4244265556335449,0.7127464128037294
935,False,10,10908,0.4304332733154297,0.7311464768080483
936,False,10,10909,0.4272153377532959,0.7286329443256061
937,False,10,10910,0.44394350051879883,0.7569382756593682
938,False,10,10911,0.4252803325653076,0.7032470614427612
939,False,10,10912,0.44367361068725586,0.7275923501167977
940,False,10,10913,0.4752826690673828,0.766011696486246
941,False,10,10914,0.4246487617492676,0.7467518278530665
942,False,10,10915,0.4715290069580078,0.7316755751768748
943,False,10,10916,0.4257204532623291,0.693132729580005
944,False,10,10917,0.4763216972351074,0.7357027615819657
945,False,10,10918,0.4436938762664795,0.7824618238068765
946,False,10,10919,0.42546868324279785,0.7081152339066779
947,False,10,10920,0.45719075202941895,0.751664671869505
948,False,10,10921,0.44288086891174316,0.7973691636607759
949,False,10,10922,0.4237377643585205,0.7038917472319944
950,False,10,10923,0.4732644557952881,0.7641552310614358
951,False,10,10924,0.4368433952331543,0.7111783425013223
952,False,10,10925,0.42322874069213867,0.7293356312882332
953,False,10,10926,0.47484397888183594,0.7255911603569983
954,False,10,10927,0.4264345169067383,0.7368268799923716
955,False,10,10928,0.42527246475219727,0.6987261318025136
956,False,10,10929,0.47601318359375,0.7168214402738071
957,False,10,10930,0.42972493171691895,0.7257537288325172
958,False,10,10931,0.4451866149902344,0.7600064249265763
959,False,10,10932,0.4743962287902832,0.7233051114848683
960,False,10,10933,0.42609357833862305,0.715293944236778
961,False,10,10934,0.4412529468536377,0.7585455035524712
962,False,10,10935,0.47655797004699707,0.7015105351096108
963,False,10,10936,0.42662692070007324,0.7107109913513774
964,False,10,10937,0.44614338874816895,0.733784154767082
965,False,10,10938,0.45249056816101074,0.7551674491592816
966,False,10,10939,0.4253053665161133,0.6945562236277121
967,False,10,10940,0.4463226795196533,0.7153865169911158
968,False,10,10941,0.4533710479736328,0.7233594320714472
969,False,10,10942,0.44749927520751953,0.7347975603881337
970,False,10,10943,0.42508459091186523,0.7175938652030058
971,False,10,10944,0.47608518600463867,0.7492346770706629
972,False,10,10945,0.444765567779541,0.7704335266635531
973,False,10,10946,0.4240870475769043,0.7654416419210888
974,False,10,10947,0.4711110591888428,0.7573353845093933
975,False,10,10948,0.4257352352142334,0.7235692374053456
976,False,10,10949,0.4284842014312744,0.7911279996236166
977,False,10,10950,0.46552109718322754,0.7518635830354122
978,False,10,10951,0.42273902893066406,0.6973321980663707
979,False,10,10952,0.45441150665283203,0.7479205794987226
980,False,10,10953,0.42189931869506836,0.7366142991398061
981,False,10,10954,0.4427464008331299,0.7224506707418532
982,False,10,10955,0.4243614673614502,0.7008095635544684
983,False,10,10956,0.4642453193664551,0.8120400337945846
984,False,10,10957,0.44326281547546387,0.7004440490688596
985,False,10,10958,0.42436957359313965,0.7396933847949617
986,False,10,10959,0.4678330421447754,0.7310455570973101
987,False,10,10960,0.42684388160705566,0.7376090816798665
988,False,10,10961,0.4227879047393799,0.7105379007047131
989,False,10,10962,0.46167993545532227,0.7051451525517872
990,False,10,10963,0.4238100051879883,0.7451619442020144
991,False,10,10964,0.4440290927886963,0.8055288138843717
992,False,10,10965,0.4637138843536377,0.7034825042244934
993,False,10,10966,0.4232516288757324,0.7041855591038861
994,False,10,10967,0.44347286224365234,0.7222275066943395
995,False,10,10968,0.42313408851623535,0.7745180220476219
996,False,10,10969,0.4700610637664795,0.7061915713406743
997,False,10,10970,0.4468247890472412,0.7373546271451883
998,False,10,10971,0.4238014221191406,0.7074376676409019
999,False,10,10972,0.47627878189086914,0.729512898872296
1000,False,10,10973,0.42461276054382324,0.7318431073356243
1001,False,10,10974,0.4243462085723877,0.7489481369654335
1002,False,10,10975,0.4743795394897461,0.7216229659638235
1003,False,10,10976,0.4260880947113037,0.7482871065537133
1004,False,10,10977,0.4714655876159668,0.7299896214334737
1005,False,10,10978,0.4467897415161133,0.7609974082027164
1006,False,10,10979,0.45784735679626465,0.6876852712815716
1007,False,10,10980,0.44172072410583496,0.7547486589423247
1008,False,10,10981,0.42536425590515137,0.8098936123507364
1009,False,10,10982,0.47571778297424316,0.7131716339361099
1010,False,10,10983,0.4438769817352295,0.7443021257363615
1011,False,10,10984,0.42850375175476074,0.7259064522527515
1012,False,10,10985,0.4530782699584961,0.7283525774698881
1013,False,10,10986,0.4441084861755371,0.6939544507435391
1014,False,10,10987,0.4263417720794678,0.6723316391220405
1015,False,10,10988,0.47387170791625977,0.7426754005608104
1016,False,10,10989,0.4454081058502197,0.7117665594532375
1017,False,10,10990,0.42376136779785156,0.7447581938689664
1018,False,10,10991,0.4689369201660156,0.725240543484688
1019,False,10,10992,0.42412233352661133,0.7083147411190328
1020,False,10,10993,0.4246485233306885,0.7371731599171956
1021,False,10,10994,0.43385863304138184,0.7138535582593509
1022,False,10,10995,0.42226600646972656,0.7175466833370071
1023,False,10,10996,0.442518949508667,0.7600558006337709
1024,False,10,10997,0.45716190338134766,0.7102248496597721
1025,False,10,10998,0.4231579303741455,0.765486494771072
1026,False,10,10999,0.444643497467041,0.7419824994036127
1027,True,10,11000,0.5181522369384766,0.7270092683888617
1028,False,10,11001,0.4237957000732422,0.7393424826718512
1029,False,10,11002,0.44289183616638184,0.7174590833130338
1030,False,10,11003,0.458812952041626,0.7631592576702436
1031,False,10,11004,0.42307519912719727,0.7301777803472108
1032,False,10,11005,0.44444751739501953,0.7405377335491635
1033,False,10,11006,0.4525613784790039,0.7717396276337758
1034,False,10,11007,0.44350409507751465,0.7219571109328952
1035,False,10,11008,0.42487287521362305,0.7183997663004057
1036,False,10,11009,0.4463326930999756,0.7303697532486348
1037,False,10,11010,0.4445984363555908,0.719406080033098
1038,False,10,11011,0.4271252155303955,0.770096729553881
1039,False,10,11012,0.4567861557006836,0.7440364509820938
1040,False,10,11013,0.4423036575317383,0.7393886688209717
1041,False,10,11014,0.42331838607788086,0.717118283822423
1042,False,10,11015,0.4694690704345703,0.7499528049180906
1043,False,10,11016,0.445281982421875,0.7120188604153339
1044,False,10,11017,0.423691987991333,0.7347574574606761
1045,False,10,11018,0.4710547924041748,0.686310116379034
1046,False,10,11019,0.4268655776977539,0.7461673017768635
1047,False,10,11020,0.4442431926727295,0.7656741614143053
1048,False,10,11021,0.4407968521118164,0.7413249246421315
1049,False,10,11022,0.42484307289123535,0.7589156900842985
1050,False,10,11023,0.4413790702819824,0.7305806319983232
1051,False,10,11024,0.422072172164917,0.723627647828488
1052,False,10,11025,0.434814453125,0.7453893547256787
1053,False,10,11026,0.42753028869628906,0.7352644066725458
1054,False,10,11027,0.4447011947631836,0.7525549759822233
1055,False,10,11028,0.444044828414917,0.7927104543362344
1056,False,10,11029,0.4252891540527344,0.7488597546304977
1057,False,10,11030,0.44565463066101074,0.7574974702937264
1058,False,10,11031,0.46025776863098145,0.751900567185311
1059,False,10,11032,0.42400598526000977,0.732611632418065
1060,False,10,11033,0.42223644256591797,0.729426251635665
1061,False,10,11034,0.45490360260009766,0.7215925345108621
1062,False,10,11035,0.43044495582580566,0.7408868812379384
1063,False,10,11036,0.4445197582244873,0.7780295097756953
1064,False,10,11037,0.4557785987854004,0.72527339273975
1065,False,10,11038,0.428286075592041,0.7470851966312952
1066,False,10,11039,0.47579360008239746,0.7356671012405838
1067,False,10,11040,0.4255490303039551,0.7251012048551014
1068,False,10,11041,0.47264719009399414,0.7411471073116574
1069,False,10,11042,0.42697644233703613,0.6922058033801257
1070,False,10,11043,0.4255194664001465,0.7132521580816025
1071,False,10,11044,0.47101879119873047,0.7661918281089691
1072,False,10,11045,0.4237971305847168,0.7089945381241182
1073,False,10,11046,0.4472007751464844,0.7025715765498931
1074,False,10,11047,0.4709503650665283,0.7511646265075321
1075,False,10,11048,0.42258667945861816,0.77037310422886
1076,False,10,11049,0.4309883117675781,0.7690741803851865
1077,False,10,11050,0.47055935859680176,0.7193316553852388
1078,False,10,11051,0.42452526092529297,0.7622777674169766
1079,False,10,11052,0.4458599090576172,0.7233526522204989
1080,False,10,11053,0.4577784538269043,0.8450648678200585
1081,False,10,11054,0.4266536235809326,0.7646087808977989
1082,False,10,11055,0.4468255043029785,0.713937798781054
1083,False,10,11056,0.4421541690826416,0.7039430695807649
1084,False,10,11057,0.44596147537231445,0.7502883686905815
1085,False,10,11058,0.42615604400634766,0.7638129710796333
1086,False,10,11059,0.4742543697357178,0.7024454304150172
1087,False,10,11060,0.43903684616088867,0.735539904662541
1088,False,10,11061,0.4268789291381836,0.7815927288361958
1089,False,10,11062,0.47776007652282715,0.7603106154572395
1090,False,10,11063,0.4441697597503662,0.7200102983486082
1091,False,10,11064,0.42282986640930176,0.7242788069304966
1092,False,10,11065,0.46364808082580566,0.73335984987872
1093,False,10,11066,0.4235556125640869,0.7400195419433571
1094,False,10,11067,0.44301843643188477,0.7117531391836348
1095,False,10,11068,0.4237382411956787,0.7060475652771335
1096,False,10,11069,0.4250969886779785,0.7860515876894905
1097,False,10,11070,0.4443705081939697,0.7402699760028296
1098,False,10,11071,0.4428706169128418,0.6834263372279349
1099,False,10,11072,0.44301295280456543,0.7292442195827051
1100,False,10,11073,0.4260687828063965,0.7105724932182402
1101,False,10,11074,0.4575836658477783,0.7158848111118588
1102,False,10,11075,0.4430994987487793,0.7607912548950739
1103,False,10,11076,0.4247164726257324,0.7645618411756697
1104,False,10,11077,0.4473307132720947,0.767105667718819
1105,False,10,11078,0.4438197612762451,0.7218863401739368
1106,False,10,11079,0.4254136085510254,0.7359882593154908
1107,False,10,11080,0.33707666397094727,0.728887655018341
