channel,arm,step,a_weighted_mean_this_batch,n_valid
0,dense_first,1,1.1385200023651123,32
0,dense_first,2,0.9923929572105408,32
0,dense_first,3,0.8216654658317566,32
0,dense_first,4,0.8076890707015991,32
0,dense_first,5,0.7464255690574646,32
0,dense_first,6,0.7251025438308716,32
0,dense_first,7,0.6777492165565491,32
0,dense_first,8,0.667208731174469,32
0,dense_first,9,0.6736050844192505,32
0,dense_first,10,0.6198469400405884,32
0,b0_first,1,0.8028748035430908,32
0,b0_first,2,0.7087656259536743,32
0,b0_first,3,0.650246798992157,32
0,b0_first,4,0.5962646007537842,32
0,b0_first,5,0.5805967450141907,32
0,b0_first,6,0.58022540807724,32
0,b0_first,7,0.5670754909515381,32
0,b0_first,8,0.5636355876922607,32
0,b0_first,9,0.5821881294250488,32
0,b0_first,10,0.5893380045890808,32
0,oracle_first,1,0.3174806237220764,32
0,oracle_first,2,0.35793936252593994,32
0,oracle_first,3,0.40138715505599976,32
0,oracle_first,4,0.4560747742652893,32
0,oracle_first,5,0.4968700110912323,32
0,oracle_first,6,0.49199745059013367,32
0,oracle_first,7,0.507105827331543,32
0,oracle_first,8,0.5143934488296509,32
0,oracle_first,9,0.5292792320251465,32
0,oracle_first,10,0.5500497817993164,32
1,dense_first,1,0.9370917677879333,32
1,dense_first,2,0.7140663266181946,32
1,dense_first,3,0.6123685836791992,32
1,dense_first,4,0.5449478626251221,32
1,dense_first,5,0.5230249166488647,32
1,dense_first,6,0.5139123797416687,32
1,dense_first,7,0.5098427534103394,32
1,dense_first,8,0.49539047479629517,32
1,dense_first,9,0.4829850196838379,32
1,dense_first,10,0.4711170196533203,32
1,b0_first,1,0.6171281337738037,32
1,b0_first,2,0.5681248903274536,32
1,b0_first,3,0.545318603515625,32
1,b0_first,4,0.5274232029914856,32
1,b0_first,5,0.48653045296669006,32
1,b0_first,6,0.48275643587112427,32
1,b0_first,7,0.476338654756546,32
1,b0_first,8,0.47312915325164795,32
1,b0_first,9,0.45296475291252136,32
1,b0_first,10,0.4404199719429016,32
1,oracle_first,1,0.30400562286376953,32
1,oracle_first,2,0.32217222452163696,32
1,oracle_first,3,0.3636089563369751,32
1,oracle_first,4,0.3885689973831177,32
1,oracle_first,5,0.3875846862792969,32
1,oracle_first,6,0.38626500964164734,32
1,oracle_first,7,0.39326292276382446,32
1,oracle_first,8,0.3958038091659546,32
1,oracle_first,9,0.3890039026737213,32
1,oracle_first,10,0.39492905139923096,32
2,dense_first,1,1.3802762031555176,32
2,dense_first,2,1.1383366584777832,32
2,dense_first,3,0.9566500186920166,32
2,dense_first,4,0.8664851188659668,32
2,dense_first,5,0.8282178640365601,32
2,dense_first,6,0.7717474699020386,32
2,dense_first,7,0.7206411361694336,32
2,dense_first,8,0.7045149803161621,32
2,dense_first,9,0.6898017525672913,32
2,dense_first,10,0.6755321025848389,32
2,b0_first,1,0.7626448273658752,32
2,b0_first,2,0.6984043121337891,32
2,b0_first,3,0.6358235478401184,32
2,b0_first,4,0.5963304042816162,32
2,b0_first,5,0.6105746030807495,32
2,b0_first,6,0.6008156538009644,32
2,b0_first,7,0.5849890112876892,32
2,b0_first,8,0.584731936454773,32
2,b0_first,9,0.5879392623901367,32
2,b0_first,10,0.6000006198883057,32
2,oracle_first,1,0.3331853449344635,32
2,oracle_first,2,0.42183324694633484,32
2,oracle_first,3,0.4622136354446411,32
2,oracle_first,4,0.5040625333786011,32
2,oracle_first,5,0.5366158485412598,32
2,oracle_first,6,0.5468711853027344,32
2,oracle_first,7,0.5235985517501831,32
2,oracle_first,8,0.5315077304840088,32
2,oracle_first,9,0.5584319829940796,32
2,oracle_first,10,0.5645050406455994,32
3,dense_first,1,0.9134098291397095,32
3,dense_first,2,0.6228287220001221,32
3,dense_first,3,0.5272066593170166,32
3,dense_first,4,0.46846237778663635,32
3,dense_first,5,0.4484657049179077,32
3,dense_first,6,0.4631418287754059,32
3,dense_first,7,0.46413654088974,32
3,dense_first,8,0.43523719906806946,32
3,dense_first,9,0.4251320958137512,32
3,dense_first,10,0.4189740717411041,32
3,b0_first,1,0.5674242973327637,32
3,b0_first,2,0.5210652351379395,32
3,b0_first,3,0.4800550043582916,32
3,b0_first,4,0.4588482677936554,32
3,b0_first,5,0.44325053691864014,32
3,b0_first,6,0.4307851195335388,32
3,b0_first,7,0.4315648078918457,32
3,b0_first,8,0.43029212951660156,32
3,b0_first,9,0.42418110370635986,32
3,b0_first,10,0.40540140867233276,32
3,oracle_first,1,0.2655482888221741,32
3,oracle_first,2,0.2840724587440491,32
3,oracle_first,3,0.3065405786037445,32
3,oracle_first,4,0.32643556594848633,32
3,oracle_first,5,0.3291165828704834,32
3,oracle_first,6,0.3371352553367615,32
3,oracle_first,7,0.33759164810180664,32
3,oracle_first,8,0.3388931155204773,32
3,oracle_first,9,0.33743780851364136,32
3,oracle_first,10,0.33298373222351074,32
4,dense_first,1,1.0920757055282593,32
4,dense_first,2,0.7805303335189819,32
4,dense_first,3,0.6885432600975037,32
4,dense_first,4,0.5943511128425598,32
4,dense_first,5,0.5497850179672241,32
4,dense_first,6,0.5700423717498779,32
4,dense_first,7,0.5194610357284546,32
4,dense_first,8,0.494695246219635,32
4,dense_first,9,0.5023301839828491,32
4,dense_first,10,0.46484363079071045,32
4,b0_first,1,0.5655744075775146,32
4,b0_first,2,0.561245322227478,32
4,b0_first,3,0.5351353883743286,32
4,b0_first,4,0.5027296543121338,32
4,b0_first,5,0.4720824658870697,32
4,b0_first,6,0.4550166726112366,32
4,b0_first,7,0.4464969038963318,32
4,b0_first,8,0.4383879005908966,32
4,b0_first,9,0.43249765038490295,32
4,b0_first,10,0.42755943536758423,32
4,oracle_first,1,0.11450409144163132,32
4,oracle_first,2,0.11304138600826263,32
4,oracle_first,3,0.1291818916797638,32
4,oracle_first,4,0.13590100407600403,32
4,oracle_first,5,0.1665612757205963,32
4,oracle_first,6,0.16763919591903687,32
4,oracle_first,7,0.16828039288520813,32
4,oracle_first,8,0.16879241168498993,32
4,oracle_first,9,0.18109552562236786,32
4,oracle_first,10,0.1995350420475006,32
5,dense_first,1,0.37974870204925537,32
5,dense_first,2,0.24806860089302063,32
5,dense_first,3,0.2175084501504898,32
5,dense_first,4,0.1960168480873108,32
5,dense_first,5,0.18007542192935944,32
5,dense_first,6,0.165949285030365,32
5,dense_first,7,0.16194745898246765,32
5,dense_first,8,0.16597133874893188,32
5,dense_first,9,0.1599552184343338,32
5,dense_first,10,0.1623532623052597,32
5,b0_first,1,0.20528371632099152,32
5,b0_first,2,0.19408836960792542,32
5,b0_first,3,0.18748168647289276,32
5,b0_first,4,0.17692182958126068,32
5,b0_first,5,0.1675892472267151,32
5,b0_first,6,0.16062363982200623,32
5,b0_first,7,0.1598007082939148,32
5,b0_first,8,0.1581014096736908,32
5,b0_first,9,0.15415675938129425,32
5,b0_first,10,0.15280690789222717,32
5,oracle_first,1,0.060055673122406006,32
5,oracle_first,2,0.09194190800189972,32
5,oracle_first,3,0.10954335331916809,32
5,oracle_first,4,0.11333621293306351,32
5,oracle_first,5,0.11671467870473862,32
5,oracle_first,6,0.11687447130680084,32
5,oracle_first,7,0.11971654742956161,32
5,oracle_first,8,0.1423185020685196,32
5,oracle_first,9,0.13112448155879974,32
5,oracle_first,10,0.13052180409431458,32
6,dense_first,1,0.19437777996063232,32
6,dense_first,2,0.17557507753372192,32
6,dense_first,3,0.16302606463432312,32
6,dense_first,4,0.14749965071678162,32
6,dense_first,5,0.12459798157215118,32
6,dense_first,6,0.11996450275182724,32
6,dense_first,7,0.11229411512613297,32
6,dense_first,8,0.10679519176483154,32
6,dense_first,9,0.10851369798183441,32
6,dense_first,10,0.11440996825695038,32
6,b0_first,1,0.20227599143981934,32
6,b0_first,2,0.1620246171951294,32
6,b0_first,3,0.12482398003339767,32
6,b0_first,4,0.11305208504199982,32
6,b0_first,5,0.10406752675771713,32
6,b0_first,6,0.09135937690734863,32
6,b0_first,7,0.07591596245765686,32
6,b0_first,8,0.06657252460718155,32
6,b0_first,9,0.060890451073646545,32
6,b0_first,10,0.05751055106520653,32
6,oracle_first,1,0.01270977407693863,32
6,oracle_first,2,0.02368895150721073,32
6,oracle_first,3,0.032245658338069916,32
6,oracle_first,4,0.032506607472896576,32
6,oracle_first,5,0.03179566562175751,32
6,oracle_first,6,0.03153255954384804,32
6,oracle_first,7,0.03015844337642193,32
6,oracle_first,8,0.028686460107564926,32
6,oracle_first,9,0.025276638567447662,32
6,oracle_first,10,0.025524437427520752,32
0,dense_first,1,1.1289669275283813,32
0,dense_first,2,1.032148838043213,32
0,dense_first,3,0.6938936710357666,32
0,dense_first,4,0.582370400428772,32
0,dense_first,5,0.532576322555542,32
0,dense_first,6,0.5093960762023926,32
0,dense_first,7,0.4936893880367279,32
0,dense_first,8,0.4847858250141144,32
0,dense_first,9,0.4834617078304291,32
0,dense_first,10,0.4783879518508911,32
0,b0_first,1,0.765893280506134,32
0,b0_first,2,0.7235860824584961,32
0,b0_first,3,0.5730063915252686,32
0,b0_first,4,0.5195819735527039,32
0,b0_first,5,0.4843599200248718,32
0,b0_first,6,0.46824169158935547,32
0,b0_first,7,0.46751224994659424,32
0,b0_first,8,0.45937806367874146,32
0,b0_first,9,0.4558359384536743,32
0,b0_first,10,0.4491334557533264,32
0,oracle_first,1,0.3906624913215637,32
0,oracle_first,2,0.46349582076072693,32
0,oracle_first,3,0.5033169984817505,32
0,oracle_first,4,0.4775974154472351,32
0,oracle_first,5,0.4389219284057617,32
0,oracle_first,6,0.42899399995803833,32
0,oracle_first,7,0.4389224648475647,32
0,oracle_first,8,0.4319079518318176,32
0,oracle_first,9,0.44252628087997437,32
0,oracle_first,10,0.4499940276145935,32
1,dense_first,1,1.3900456428527832,32
1,dense_first,2,0.7948357462882996,32
1,dense_first,3,0.7427994012832642,32
1,dense_first,4,0.5932407975196838,32
1,dense_first,5,0.5270572900772095,32
1,dense_first,6,0.45431822538375854,32
1,dense_first,7,0.44758081436157227,32
1,dense_first,8,0.44114255905151367,32
1,dense_first,9,0.4275285303592682,32
1,dense_first,10,0.3953391909599304,32
1,b0_first,1,0.573838472366333,32
1,b0_first,2,0.49503424763679504,32
1,b0_first,3,0.46320900321006775,32
1,b0_first,4,0.44692462682724,32
1,b0_first,5,0.4284784197807312,32
1,b0_first,6,0.41355085372924805,32
1,b0_first,7,0.4022366404533386,32
1,b0_first,8,0.39645618200302124,32
1,b0_first,9,0.387491375207901,32
1,b0_first,10,0.3793204426765442,32
1,oracle_first,1,0.2460651695728302,32
1,oracle_first,2,0.3266865313053131,32
1,oracle_first,3,0.32536566257476807,32
1,oracle_first,4,0.3396378755569458,32
1,oracle_first,5,0.3312077522277832,32
1,oracle_first,6,0.3285186290740967,32
1,oracle_first,7,0.3366345167160034,32
1,oracle_first,8,0.3266489505767822,32
1,oracle_first,9,0.33388152718544006,32
1,oracle_first,10,0.3372180461883545,32
2,dense_first,1,1.1203501224517822,32
2,dense_first,2,0.8716189861297607,32
2,dense_first,3,0.6798924803733826,32
2,dense_first,4,0.6107929944992065,32
2,dense_first,5,0.5809685587882996,32
2,dense_first,6,0.5443917512893677,32
2,dense_first,7,0.5338829159736633,32
2,dense_first,8,0.5078714489936829,32
2,dense_first,9,0.5048251152038574,32
2,dense_first,10,0.5015968084335327,32
2,b0_first,1,0.8996325135231018,32
2,b0_first,2,0.7991956472396851,32
2,b0_first,3,0.6522813439369202,32
2,b0_first,4,0.6127529740333557,32
2,b0_first,5,0.5688642263412476,32
2,b0_first,6,0.5334028005599976,32
2,b0_first,7,0.5232080221176147,32
2,b0_first,8,0.514755129814148,32
2,b0_first,9,0.5084156394004822,32
2,b0_first,10,0.5018259882926941,32
2,oracle_first,1,0.40974536538124084,32
2,oracle_first,2,0.5324488878250122,32
2,oracle_first,3,0.5501633882522583,32
2,oracle_first,4,0.5684573650360107,32
2,oracle_first,5,0.5299623012542725,32
2,oracle_first,6,0.5134032368659973,32
2,oracle_first,7,0.4999341070652008,32
2,oracle_first,8,0.5075018405914307,32
2,oracle_first,9,0.48574328422546387,32
2,oracle_first,10,0.48113977909088135,32
3,dense_first,1,1.0438988208770752,32
3,dense_first,2,0.7280590534210205,32
3,dense_first,3,0.6098765134811401,32
3,dense_first,4,0.5594379901885986,32
3,dense_first,5,0.47355812788009644,32
3,dense_first,6,0.4358496069908142,32
3,dense_first,7,0.42052409052848816,32
3,dense_first,8,0.40079158544540405,32
3,dense_first,9,0.39206570386886597,32
3,dense_first,10,0.38413745164871216,32
3,b0_first,1,0.46334147453308105,32
3,b0_first,2,0.42528069019317627,32
3,b0_first,3,0.4167552888393402,32
3,b0_first,4,0.3999357521533966,32
3,b0_first,5,0.3930639624595642,32
3,b0_first,6,0.3866311311721802,32
3,b0_first,7,0.3631035387516022,32
3,b0_first,8,0.3489391803741455,32
3,b0_first,9,0.33672571182250977,32
3,b0_first,10,0.33619099855422974,32
3,oracle_first,1,0.24121682345867157,32
3,oracle_first,2,0.33570078015327454,32
3,oracle_first,3,0.3435577154159546,32
3,oracle_first,4,0.3298470973968506,32
3,oracle_first,5,0.3304351270198822,32
3,oracle_first,6,0.3260384202003479,32
3,oracle_first,7,0.3156214952468872,32
3,oracle_first,8,0.3095531463623047,32
3,oracle_first,9,0.3050749897956848,32
3,oracle_first,10,0.3072376251220703,32
4,dense_first,1,1.1124086380004883,32
4,dense_first,2,0.7005900144577026,32
4,dense_first,3,0.570499062538147,32
4,dense_first,4,0.47559210658073425,32
4,dense_first,5,0.353471040725708,32
4,dense_first,6,0.3752935528755188,32
4,dense_first,7,0.3109265863895416,32
4,dense_first,8,0.29542407393455505,32
4,dense_first,9,0.2969987988471985,32
4,dense_first,10,0.28675374388694763,32
4,b0_first,1,0.46590656042099,32
4,b0_first,2,0.46431076526641846,32
4,b0_first,3,0.4250919222831726,32
4,b0_first,4,0.386989951133728,32
4,b0_first,5,0.3481612205505371,32
4,b0_first,6,0.33435186743736267,32
4,b0_first,7,0.3201916813850403,32
4,b0_first,8,0.31243640184402466,32
4,b0_first,9,0.2953033745288849,32
4,b0_first,10,0.28966543078422546,32
4,oracle_first,1,0.12046663463115692,32
4,oracle_first,2,0.11951318383216858,32
4,oracle_first,3,0.13537341356277466,32
4,oracle_first,4,0.16383115947246552,32
4,oracle_first,5,0.17232589423656464,32
4,oracle_first,6,0.17049197852611542,32
4,oracle_first,7,0.17484056949615479,32
4,oracle_first,8,0.1823003590106964,32
4,oracle_first,9,0.18160085380077362,32
4,oracle_first,10,0.18617668747901917,32
5,dense_first,1,0.4706001281738281,32
5,dense_first,2,0.30526524782180786,32
5,dense_first,3,0.3348179757595062,32
5,dense_first,4,0.3203146457672119,32
5,dense_first,5,0.2988184094429016,32
5,dense_first,6,0.2744532823562622,32
5,dense_first,7,0.27336496114730835,32
5,dense_first,8,0.1974334716796875,32
5,dense_first,9,0.1943926215171814,32
5,dense_first,10,0.1955246925354004,32
5,b0_first,1,0.38358086347579956,32
5,b0_first,2,0.31112930178642273,32
5,b0_first,3,0.2875109016895294,32
5,b0_first,4,0.2804519832134247,32
5,b0_first,5,0.2672659754753113,32
5,b0_first,6,0.2405191957950592,32
5,b0_first,7,0.23257246613502502,32
5,b0_first,8,0.21860961616039276,32
5,b0_first,9,0.2152283638715744,32
5,b0_first,10,0.2081470489501953,32
5,oracle_first,1,0.0700145959854126,32
5,oracle_first,2,0.08122599869966507,32
5,oracle_first,3,0.088447704911232,32
5,oracle_first,4,0.09298011660575867,32
5,oracle_first,5,0.09783224016427994,32
5,oracle_first,6,0.10192150622606277,32
5,oracle_first,7,0.10233097523450851,32
5,oracle_first,8,0.10413174331188202,32
5,oracle_first,9,0.10560119152069092,32
5,oracle_first,10,0.10607513785362244,32
6,dense_first,1,0.21711677312850952,32
6,dense_first,2,0.18922322988510132,32
6,dense_first,3,0.18177010118961334,32
6,dense_first,4,0.15862584114074707,32
6,dense_first,5,0.14302043616771698,32
6,dense_first,6,0.14888864755630493,32
6,dense_first,7,0.1407058984041214,32
6,dense_first,8,0.14016620814800262,32
6,dense_first,9,0.13667352497577667,32
6,dense_first,10,0.1339670717716217,32
6,b0_first,1,0.15167340636253357,32
6,b0_first,2,0.11742458492517471,32
6,b0_first,3,0.10393279790878296,32
6,b0_first,4,0.08905944973230362,32
6,b0_first,5,0.08445855975151062,32
6,b0_first,6,0.08231749385595322,32
6,b0_first,7,0.07403616607189178,32
6,b0_first,8,0.07031267881393433,32
6,b0_first,9,0.067644864320755,32
6,b0_first,10,0.06741882860660553,32
6,oracle_first,1,0.020123746246099472,32
6,oracle_first,2,0.03174140304327011,32
6,oracle_first,3,0.033305250108242035,32
6,oracle_first,4,0.034105755388736725,32
6,oracle_first,5,0.03414745256304741,32
6,oracle_first,6,0.03571024537086487,32
6,oracle_first,7,0.03466475009918213,32
6,oracle_first,8,0.034470703452825546,32
6,oracle_first,9,0.03553704917430878,32
6,oracle_first,10,0.03716067969799042,32
0,dense_first,1,1.2800207138061523,32
0,dense_first,2,1.1645877361297607,32
0,dense_first,3,0.8675216436386108,32
0,dense_first,4,0.9130063652992249,32
0,dense_first,5,0.840847373008728,32
0,dense_first,6,0.8452044725418091,32
0,dense_first,7,0.8321688175201416,32
0,dense_first,8,0.7817052602767944,32
0,dense_first,9,0.7910638451576233,32
0,dense_first,10,0.78170245885849,32
0,b0_first,1,1.1484276056289673,32
0,b0_first,2,1.008057951927185,32
0,b0_first,3,0.901309072971344,32
0,b0_first,4,0.8083945512771606,32
0,b0_first,5,0.7576310038566589,32
0,b0_first,6,0.7562298774719238,32
0,b0_first,7,0.7701380252838135,32
0,b0_first,8,0.7778542637825012,32
0,b0_first,9,0.7812966108322144,32
0,b0_first,10,0.7839088439941406,32
0,oracle_first,1,0.4234580397605896,32
0,oracle_first,2,0.4521965980529785,32
0,oracle_first,3,0.5222008228302002,32
0,oracle_first,4,0.5720106363296509,32
0,oracle_first,5,0.6045856475830078,32
0,oracle_first,6,0.6285365223884583,32
0,oracle_first,7,0.6447424292564392,32
0,oracle_first,8,0.665985107421875,32
0,oracle_first,9,0.6775196194648743,32
0,oracle_first,10,0.688753604888916,32
1,dense_first,1,0.8117932081222534,32
1,dense_first,2,0.709916353225708,32
1,dense_first,3,0.5879909992218018,32
1,dense_first,4,0.5389155149459839,32
1,dense_first,5,0.5265040397644043,32
1,dense_first,6,0.4826035499572754,32
1,dense_first,7,0.47343745827674866,32
1,dense_first,8,0.4551844596862793,32
1,dense_first,9,0.4442436993122101,32
1,dense_first,10,0.43364667892456055,32
1,b0_first,1,0.5100950002670288,32
1,b0_first,2,0.4859887659549713,32
1,b0_first,3,0.46512046456336975,32
1,b0_first,4,0.45232710242271423,32
1,b0_first,5,0.43939530849456787,32
1,b0_first,6,0.42609530687332153,32
1,b0_first,7,0.4177764058113098,32
1,b0_first,8,0.41120195388793945,32
1,b0_first,9,0.40407225489616394,32
1,b0_first,10,0.4000507593154907,32
1,oracle_first,1,0.24513602256774902,32
1,oracle_first,2,0.2786791920661926,32
1,oracle_first,3,0.3039402365684509,32
1,oracle_first,4,0.32345879077911377,32
1,oracle_first,5,0.3207540512084961,32
1,oracle_first,6,0.3185868561267853,32
1,oracle_first,7,0.31508487462997437,32
1,oracle_first,8,0.31103283166885376,32
1,oracle_first,9,0.31012988090515137,32
1,oracle_first,10,0.31286606192588806,32
2,dense_first,1,1.7141692638397217,32
2,dense_first,2,1.2384092807769775,32
2,dense_first,3,1.0338228940963745,32
2,dense_first,4,0.9512290954589844,32
2,dense_first,5,0.8841657042503357,32
2,dense_first,6,0.9060096740722656,32
2,dense_first,7,0.904977560043335,32
2,dense_first,8,0.8826268911361694,32
2,dense_first,9,0.8650766611099243,32
2,dense_first,10,0.8454762697219849,32
2,b0_first,1,1.093530297279358,32
2,b0_first,2,1.003570556640625,32
2,b0_first,3,0.8695802092552185,32
2,b0_first,4,0.8130279183387756,32
2,b0_first,5,0.8062124848365784,32
2,b0_first,6,0.7912664413452148,32
2,b0_first,7,0.8163957595825195,32
2,b0_first,8,0.8176673650741577,32
2,b0_first,9,0.8060355186462402,32
2,b0_first,10,0.7981305122375488,32
2,oracle_first,1,0.4404590129852295,32
2,oracle_first,2,0.5828807353973389,32
2,oracle_first,3,0.6412655115127563,32
2,oracle_first,4,0.671686589717865,32
2,oracle_first,5,0.6994398832321167,32
2,oracle_first,6,0.7448314428329468,32
2,oracle_first,7,0.7494995594024658,32
2,oracle_first,8,0.7527052164077759,32
2,oracle_first,9,0.7645643949508667,32
2,oracle_first,10,0.7726203203201294,32
3,dense_first,1,0.8265908360481262,32
3,dense_first,2,0.660203754901886,32
3,dense_first,3,0.5756686329841614,32
3,dense_first,4,0.48804330825805664,32
3,dense_first,5,0.45985138416290283,32
3,dense_first,6,0.4342082142829895,32
3,dense_first,7,0.41609904170036316,32
3,dense_first,8,0.3877231478691101,32
3,dense_first,9,0.3773830831050873,32
3,dense_first,10,0.38115304708480835,32
3,b0_first,1,0.4232928156852722,32
3,b0_first,2,0.4093887209892273,32
3,b0_first,3,0.3973581790924072,32
3,b0_first,4,0.38291019201278687,32
3,b0_first,5,0.3630865216255188,32
3,b0_first,6,0.35665637254714966,32
3,b0_first,7,0.35008540749549866,32
3,b0_first,8,0.34835684299468994,32
3,b0_first,9,0.34061604738235474,32
3,b0_first,10,0.3389504551887512,32
3,oracle_first,1,0.23389142751693726,32
3,oracle_first,2,0.23882344365119934,32
3,oracle_first,3,0.2634667158126831,32
3,oracle_first,4,0.27269235253334045,32
3,oracle_first,5,0.2789708077907562,32
3,oracle_first,6,0.2911977767944336,32
3,oracle_first,7,0.2912832200527191,32
3,oracle_first,8,0.2919520437717438,32
3,oracle_first,9,0.29080986976623535,32
3,oracle_first,10,0.2893756926059723,32
4,dense_first,1,1.4428913593292236,32
4,dense_first,2,1.009225845336914,32
4,dense_first,3,0.72696852684021,32
4,dense_first,4,0.5173189043998718,32
4,dense_first,5,0.46684741973876953,32
4,dense_first,6,0.4314368665218353,32
4,dense_first,7,0.41073036193847656,32
4,dense_first,8,0.39009004831314087,32
4,dense_first,9,0.37210172414779663,32
4,dense_first,10,0.365309476852417,32
4,b0_first,1,0.4594641923904419,32
4,b0_first,2,0.45782801508903503,32
4,b0_first,3,0.4078127443790436,32
4,b0_first,4,0.3777204155921936,32
4,b0_first,5,0.35151880979537964,32
4,b0_first,6,0.3408288359642029,32
4,b0_first,7,0.3266838788986206,32
4,b0_first,8,0.31822484731674194,32
4,b0_first,9,0.299583375453949,32
4,b0_first,10,0.29179146885871887,32
4,oracle_first,1,0.13822901248931885,32
4,oracle_first,2,0.13857409358024597,32
4,oracle_first,3,0.15973611176013947,32
4,oracle_first,4,0.1763688027858734,32
4,oracle_first,5,0.19855216145515442,32
4,oracle_first,6,0.20799213647842407,32
4,oracle_first,7,0.20839983224868774,32
4,oracle_first,8,0.20306257903575897,32
4,oracle_first,9,0.2028677761554718,32
4,oracle_first,10,0.2015668749809265,32
5,dense_first,1,0.46808457374572754,32
5,dense_first,2,0.2855083644390106,32
5,dense_first,3,0.2431245893239975,32
5,dense_first,4,0.21053534746170044,32
5,dense_first,5,0.1983548104763031,32
5,dense_first,6,0.17613664269447327,32
5,dense_first,7,0.19287025928497314,32
5,dense_first,8,0.18088538944721222,32
5,dense_first,9,0.15970517694950104,32
5,dense_first,10,0.1534537971019745,32
5,b0_first,1,0.3235352039337158,32
5,b0_first,2,0.2855765223503113,32
5,b0_first,3,0.23831628262996674,32
5,b0_first,4,0.2319542020559311,32
5,b0_first,5,0.21919387578964233,32
5,b0_first,6,0.20229360461235046,32
5,b0_first,7,0.19424301385879517,32
5,b0_first,8,0.18074417114257812,32
5,b0_first,9,0.16725796461105347,32
5,b0_first,10,0.15926873683929443,32
5,oracle_first,1,0.06448425352573395,32
5,oracle_first,2,0.07560966908931732,32
5,oracle_first,3,0.0801784098148346,32
5,oracle_first,4,0.080598384141922,32
5,oracle_first,5,0.08770493417978287,32
5,oracle_first,6,0.09298999607563019,32
5,oracle_first,7,0.0906558558344841,32
5,oracle_first,8,0.10156546533107758,32
5,oracle_first,9,0.09862089157104492,32
5,oracle_first,10,0.1025385707616806,32
6,dense_first,1,0.23569951951503754,32
6,dense_first,2,0.13669712841510773,32
6,dense_first,3,0.11967045068740845,32
6,dense_first,4,0.11791433393955231,32
6,dense_first,5,0.11177631467580795,32
6,dense_first,6,0.12601153552532196,32
6,dense_first,7,0.1235085129737854,32
6,dense_first,8,0.1284116506576538,32
6,dense_first,9,0.1169317364692688,32
6,dense_first,10,0.11172059178352356,32
6,b0_first,1,0.13442015647888184,32
6,b0_first,2,0.11261165887117386,32
6,b0_first,3,0.1050659790635109,32
6,b0_first,4,0.10046055912971497,32
6,b0_first,5,0.1004614308476448,32
6,b0_first,6,0.10688507556915283,32
6,b0_first,7,0.11226622760295868,32
6,b0_first,8,0.10959141701459885,32
6,b0_first,9,0.10868963599205017,32
6,b0_first,10,0.10656336694955826,32
6,oracle_first,1,0.02211436629295349,32
6,oracle_first,2,0.029919372871518135,32
6,oracle_first,3,0.02982962131500244,32
6,oracle_first,4,0.03942262753844261,32
6,oracle_first,5,0.05088909715414047,32
6,oracle_first,6,0.05996958538889885,32
6,oracle_first,7,0.07661281526088715,32
6,oracle_first,8,0.08137305080890656,32
6,oracle_first,9,0.08540968596935272,32
6,oracle_first,10,0.08310917019844055,32
0,dense_first,1,1.4383091926574707,32
0,dense_first,2,1.3350236415863037,32
0,dense_first,3,1.33755624294281,32
0,dense_first,4,1.2647556066513062,32
0,dense_first,5,1.1930612325668335,32
0,dense_first,6,1.1608991622924805,32
0,dense_first,7,1.104615330696106,32
0,dense_first,8,1.0947308540344238,32
0,dense_first,9,1.0876929759979248,32
0,dense_first,10,1.0538599491119385,32
0,b0_first,1,1.3526813983917236,32
0,b0_first,2,1.2673759460449219,32
0,b0_first,3,1.213214635848999,32
0,b0_first,4,1.1525909900665283,32
0,b0_first,5,1.0911896228790283,32
0,b0_first,6,1.0716636180877686,32
0,b0_first,7,1.0537052154541016,32
0,b0_first,8,1.0490610599517822,32
0,b0_first,9,1.0422333478927612,32
0,b0_first,10,1.0377854108810425,32
0,oracle_first,1,0.5442898273468018,32
0,oracle_first,2,0.7460974454879761,32
0,oracle_first,3,0.9066565632820129,32
0,oracle_first,4,0.9449713230133057,32
0,oracle_first,5,0.9154773950576782,32
0,oracle_first,6,0.9477803111076355,32
0,oracle_first,7,0.9647496938705444,32
0,oracle_first,8,0.97358638048172,32
0,oracle_first,9,0.9682865142822266,32
0,oracle_first,10,0.9713732600212097,32
1,dense_first,1,1.1109858751296997,32
1,dense_first,2,0.7335439920425415,32
1,dense_first,3,0.6280601620674133,32
1,dense_first,4,0.5451483726501465,32
1,dense_first,5,0.48852795362472534,32
1,dense_first,6,0.45300114154815674,32
1,dense_first,7,0.42337286472320557,32
1,dense_first,8,0.4020357131958008,32
1,dense_first,9,0.3962516188621521,32
1,dense_first,10,0.40077584981918335,32
1,b0_first,1,0.5987859964370728,32
1,b0_first,2,0.5334964394569397,32
1,b0_first,3,0.5077226758003235,32
1,b0_first,4,0.4748706817626953,32
1,b0_first,5,0.457446813583374,32
1,b0_first,6,0.4395940601825714,32
1,b0_first,7,0.423420250415802,32
1,b0_first,8,0.4119882583618164,32
1,b0_first,9,0.40266597270965576,32
1,b0_first,10,0.3962136507034302,32
1,oracle_first,1,0.2670150697231293,32
1,oracle_first,2,0.3572303056716919,32
1,oracle_first,3,0.3702322542667389,32
1,oracle_first,4,0.370290607213974,32
1,oracle_first,5,0.35666927695274353,32
1,oracle_first,6,0.3621792793273926,32
1,oracle_first,7,0.3558697998523712,32
1,oracle_first,8,0.3517167568206787,32
1,oracle_first,9,0.3462660014629364,32
1,oracle_first,10,0.3541524410247803,32
2,dense_first,1,1.7646337747573853,32
2,dense_first,2,1.6230440139770508,32
2,dense_first,3,1.3779966831207275,32
2,dense_first,4,1.3109395503997803,32
2,dense_first,5,1.2612497806549072,32
2,dense_first,6,1.2421727180480957,32
2,dense_first,7,1.2373311519622803,32
2,dense_first,8,1.222795844078064,32
2,dense_first,9,1.1975696086883545,32
2,dense_first,10,1.2045331001281738,32
2,b0_first,1,1.443103551864624,32
2,b0_first,2,1.303451657295227,32
2,b0_first,3,1.2072361707687378,32
2,b0_first,4,1.1926522254943848,32
2,b0_first,5,1.1792011260986328,32
2,b0_first,6,1.1579393148422241,32
2,b0_first,7,1.1560776233673096,32
2,b0_first,8,1.1421124935150146,32
2,b0_first,9,1.1382148265838623,32
2,b0_first,10,1.1417951583862305,32
2,oracle_first,1,0.6007554531097412,32
2,oracle_first,2,0.8772159218788147,32
2,oracle_first,3,1.0583919286727905,32
2,oracle_first,4,1.1027443408966064,32
2,oracle_first,5,1.0976943969726562,32
2,oracle_first,6,1.0896055698394775,32
2,oracle_first,7,1.1029317378997803,32
2,oracle_first,8,1.1205402612686157,32
2,oracle_first,9,1.1043241024017334,32
2,oracle_first,10,1.1066069602966309,32
3,dense_first,1,1.1568762063980103,32
3,dense_first,2,0.7007794976234436,32
3,dense_first,3,0.5856331586837769,32
3,dense_first,4,0.5105955600738525,32
3,dense_first,5,0.4406748414039612,32
3,dense_first,6,0.4311039447784424,32
3,dense_first,7,0.4174092411994934,32
3,dense_first,8,0.3844636082649231,32
3,dense_first,9,0.3915148973464966,32
3,dense_first,10,0.37830570340156555,32
3,b0_first,1,0.4917193651199341,32
3,b0_first,2,0.44682183861732483,32
3,b0_first,3,0.41311973333358765,32
3,b0_first,4,0.40874531865119934,32
3,b0_first,5,0.4020422697067261,32
3,b0_first,6,0.3874052166938782,32
3,b0_first,7,0.38453131914138794,32
3,b0_first,8,0.3821179270744324,32
3,b0_first,9,0.3736782670021057,32
3,b0_first,10,0.36593958735466003,32
3,oracle_first,1,0.24146753549575806,32
3,oracle_first,2,0.304095059633255,32
3,oracle_first,3,0.28916293382644653,32
3,oracle_first,4,0.29534947872161865,32
3,oracle_first,5,0.29986661672592163,32
3,oracle_first,6,0.3002687990665436,32
3,oracle_first,7,0.29668378829956055,32
3,oracle_first,8,0.3008064329624176,32
3,oracle_first,9,0.3021842837333679,32
3,oracle_first,10,0.2985624670982361,32
4,dense_first,1,1.2849230766296387,32
4,dense_first,2,0.7447048425674438,32
4,dense_first,3,0.6349563598632812,32
4,dense_first,4,0.558369517326355,32
4,dense_first,5,0.5385828018188477,32
4,dense_first,6,0.45902782678604126,32
4,dense_first,7,0.4245908260345459,32
4,dense_first,8,0.37918636202812195,32
4,dense_first,9,0.3563613295555115,32
4,dense_first,10,0.35686373710632324,32
4,b0_first,1,0.6268861293792725,32
4,b0_first,2,0.6177399158477783,32
4,b0_first,3,0.5922791361808777,32
4,b0_first,4,0.5100927352905273,32
4,b0_first,5,0.4821650981903076,32
4,b0_first,6,0.4637407660484314,32
4,b0_first,7,0.4376630485057831,32
4,b0_first,8,0.4138737618923187,32
4,b0_first,9,0.40599238872528076,32
4,b0_first,10,0.38344258069992065,32
4,oracle_first,1,0.17631332576274872,32
4,oracle_first,2,0.19456009566783905,32
4,oracle_first,3,0.21131080389022827,32
4,oracle_first,4,0.23279856145381927,32
4,oracle_first,5,0.2524934709072113,32
4,oracle_first,6,0.2451867163181305,32
4,oracle_first,7,0.2458406537771225,32
4,oracle_first,8,0.2433781921863556,32
4,oracle_first,9,0.2346765398979187,32
4,oracle_first,10,0.2290228307247162,32
5,dense_first,1,0.3118212819099426,32
5,dense_first,2,0.19524919986724854,32
5,dense_first,3,0.1917514204978943,32
5,dense_first,4,0.17278245091438293,32
5,dense_first,5,0.17102688550949097,32
5,dense_first,6,0.15493303537368774,32
5,dense_first,7,0.1348176896572113,32
5,dense_first,8,0.12562769651412964,32
5,dense_first,9,0.12184454500675201,32
5,dense_first,10,0.11561630666255951,32
5,b0_first,1,0.18458609282970428,32
5,b0_first,2,0.168369323015213,32
5,b0_first,3,0.1563456654548645,32
5,b0_first,4,0.1448158621788025,32
5,b0_first,5,0.13506828248500824,32
5,b0_first,6,0.12932299077510834,32
5,b0_first,7,0.12499503791332245,32
5,b0_first,8,0.12200887501239777,32
5,b0_first,9,0.11793892085552216,32
5,b0_first,10,0.1155199259519577,32
5,oracle_first,1,0.049796849489212036,32
5,oracle_first,2,0.05761551111936569,32
5,oracle_first,3,0.06751874089241028,32
5,oracle_first,4,0.07089606672525406,32
5,oracle_first,5,0.07336166501045227,32
5,oracle_first,6,0.07417154312133789,32
5,oracle_first,7,0.07345518469810486,32
5,oracle_first,8,0.07298194617033005,32
5,oracle_first,9,0.07206570357084274,32
5,oracle_first,10,0.07266592234373093,32
6,dense_first,1,0.23454216122627258,32
6,dense_first,2,0.14623746275901794,32
6,dense_first,3,0.12207770347595215,32
6,dense_first,4,0.11655306071043015,32
6,dense_first,5,0.11743953824043274,32
6,dense_first,6,0.1102142482995987,32
6,dense_first,7,0.11004747450351715,32
6,dense_first,8,0.11910251528024673,32
6,dense_first,9,0.1195308044552803,32
6,dense_first,10,0.10897752642631531,32
6,b0_first,1,0.17949630320072174,32
6,b0_first,2,0.160978764295578,32
6,b0_first,3,0.1509040743112564,32
6,b0_first,4,0.13513270020484924,32
6,b0_first,5,0.12837104499340057,32
6,b0_first,6,0.1359502524137497,32
6,b0_first,7,0.13572099804878235,32
6,b0_first,8,0.1370162069797516,32
6,b0_first,9,0.13794180750846863,32
6,b0_first,10,0.1404404640197754,32
6,oracle_first,1,0.023380331695079803,32
6,oracle_first,2,0.05107775703072548,32
6,oracle_first,3,0.06376063078641891,32
6,oracle_first,4,0.0646059513092041,32
6,oracle_first,5,0.06647241115570068,32
6,oracle_first,6,0.0733766257762909,32
6,oracle_first,7,0.08458279073238373,32
6,oracle_first,8,0.08688654005527496,32
6,oracle_first,9,0.09127834439277649,32
6,oracle_first,10,0.09169153869152069,32
0,dense_first,1,1.5234591960906982,32
0,dense_first,2,1.3541693687438965,32
0,dense_first,3,1.2662413120269775,32
0,dense_first,4,1.2733917236328125,32
0,dense_first,5,1.227994441986084,32
0,dense_first,6,1.192854642868042,32
0,dense_first,7,1.1794006824493408,32
0,dense_first,8,1.173694372177124,32
0,dense_first,9,1.1491973400115967,32
0,dense_first,10,1.1384191513061523,32
0,b0_first,1,1.4719197750091553,32
0,b0_first,2,1.3613406419754028,32
0,b0_first,3,1.2558326721191406,32
0,b0_first,4,1.2008349895477295,32
0,b0_first,5,1.1846946477890015,32
0,b0_first,6,1.1816003322601318,32
0,b0_first,7,1.1519228219985962,32
0,b0_first,8,1.150740623474121,32
0,b0_first,9,1.1435649394989014,32
0,b0_first,10,1.1347944736480713,32
0,oracle_first,1,0.4958277940750122,32
0,oracle_first,2,0.7520438432693481,32
0,oracle_first,3,0.8872026205062866,32
0,oracle_first,4,0.9871773719787598,32
0,oracle_first,5,1.0396771430969238,32
0,oracle_first,6,1.0531240701675415,32
0,oracle_first,7,1.0702316761016846,32
0,oracle_first,8,1.0620641708374023,32
0,oracle_first,9,1.0515849590301514,32
0,oracle_first,10,1.0543303489685059,32
1,dense_first,1,1.1633535623550415,32
1,dense_first,2,0.8926594853401184,32
1,dense_first,3,0.8092954158782959,32
1,dense_first,4,0.6632533669471741,32
1,dense_first,5,0.6222158670425415,32
1,dense_first,6,0.5786442756652832,32
1,dense_first,7,0.5572957992553711,32
1,dense_first,8,0.5612775683403015,32
1,dense_first,9,0.5577850341796875,32
1,dense_first,10,0.536385715007782,32
1,b0_first,1,0.6500554084777832,32
1,b0_first,2,0.6134531497955322,32
1,b0_first,3,0.5824212431907654,32
1,b0_first,4,0.566352128982544,32
1,b0_first,5,0.5536156892776489,32
1,b0_first,6,0.5366503000259399,32
1,b0_first,7,0.5219258666038513,32
1,b0_first,8,0.5195276141166687,32
1,b0_first,9,0.5162280797958374,32
1,b0_first,10,0.5101933479309082,32
1,oracle_first,1,0.29995810985565186,32
1,oracle_first,2,0.39018845558166504,32
1,oracle_first,3,0.3959663212299347,32
1,oracle_first,4,0.40869009494781494,32
1,oracle_first,5,0.414320170879364,32
1,oracle_first,6,0.41022464632987976,32
1,oracle_first,7,0.4038749933242798,32
1,oracle_first,8,0.40167179703712463,32
1,oracle_first,9,0.407329261302948,32
1,oracle_first,10,0.4056015610694885,32
2,dense_first,1,1.7964383363723755,32
2,dense_first,2,1.6452016830444336,32
2,dense_first,3,1.4139446020126343,32
2,dense_first,4,1.414736270904541,32
2,dense_first,5,1.3941259384155273,32
2,dense_first,6,1.3641129732131958,32
2,dense_first,7,1.3459951877593994,32
2,dense_first,8,1.3342416286468506,32
2,dense_first,9,1.31661057472229,32
2,dense_first,10,1.3163654804229736,32
2,b0_first,1,1.699826717376709,32
2,b0_first,2,1.5333834886550903,32
2,b0_first,3,1.432857632637024,32
2,b0_first,4,1.3807032108306885,32
2,b0_first,5,1.3416292667388916,32
2,b0_first,6,1.3448988199234009,32
2,b0_first,7,1.3207381963729858,32
2,b0_first,8,1.3083786964416504,32
2,b0_first,9,1.294151782989502,32
2,b0_first,10,1.3072504997253418,32
2,oracle_first,1,0.5480982065200806,32
2,oracle_first,2,0.8394502997398376,32
2,oracle_first,3,1.0502899885177612,32
2,oracle_first,4,1.1431808471679688,32
2,oracle_first,5,1.1557071208953857,32
2,oracle_first,6,1.1616456508636475,32
2,oracle_first,7,1.1829886436462402,32
2,oracle_first,8,1.1877566576004028,32
2,oracle_first,9,1.1888461112976074,32
2,oracle_first,10,1.209376573562622,32
3,dense_first,1,0.9379348754882812,32
3,dense_first,2,0.6743221282958984,32
3,dense_first,3,0.5520809888839722,32
3,dense_first,4,0.5033274292945862,32
3,dense_first,5,0.465501606464386,32
3,dense_first,6,0.4731789529323578,32
3,dense_first,7,0.4545506238937378,32
3,dense_first,8,0.44106847047805786,32
3,dense_first,9,0.42831307649612427,32
3,dense_first,10,0.4196208119392395,32
3,b0_first,1,0.5550571084022522,32
3,b0_first,2,0.5233491659164429,32
3,b0_first,3,0.4819498360157013,32
3,b0_first,4,0.4634724259376526,32
3,b0_first,5,0.44516444206237793,32
3,b0_first,6,0.43059873580932617,32
3,b0_first,7,0.42050766944885254,32
3,b0_first,8,0.4167013466358185,32
3,b0_first,9,0.41430994868278503,32
3,b0_first,10,0.40751779079437256,32
3,oracle_first,1,0.24376855790615082,32
3,oracle_first,2,0.3789594769477844,32
3,oracle_first,3,0.3823297321796417,32
3,oracle_first,4,0.4273257851600647,32
3,oracle_first,5,0.44791483879089355,32
3,oracle_first,6,0.41893208026885986,32
3,oracle_first,7,0.40166956186294556,32
3,oracle_first,8,0.39925241470336914,32
3,oracle_first,9,0.397888720035553,32
3,oracle_first,10,0.3946646451950073,32
4,dense_first,1,1.1422752141952515,32
4,dense_first,2,0.7898731231689453,32
4,dense_first,3,0.6831520795822144,32
4,dense_first,4,0.585847020149231,32
4,dense_first,5,0.5047894716262817,32
4,dense_first,6,0.46426108479499817,32
4,dense_first,7,0.4798506796360016,32
4,dense_first,8,0.46757155656814575,32
4,dense_first,9,0.4570302367210388,32
4,dense_first,10,0.4660848379135132,32
4,b0_first,1,0.6181695461273193,32
4,b0_first,2,0.6166452765464783,32
4,b0_first,3,0.5636593699455261,32
4,b0_first,4,0.5413663387298584,32
4,b0_first,5,0.5189310312271118,32
4,b0_first,6,0.49835360050201416,32
4,b0_first,7,0.48280513286590576,32
4,b0_first,8,0.46757999062538147,32
4,b0_first,9,0.4532232880592346,32
4,b0_first,10,0.43726521730422974,32
4,oracle_first,1,0.16998594999313354,32
4,oracle_first,2,0.17144225537776947,32
4,oracle_first,3,0.2394181787967682,32
4,oracle_first,4,0.22232630848884583,32
4,oracle_first,5,0.27490827441215515,32
4,oracle_first,6,0.2756258547306061,32
4,oracle_first,7,0.2647351622581482,32
4,oracle_first,8,0.26454734802246094,32
4,oracle_first,9,0.2797766923904419,32
4,oracle_first,10,0.2912045121192932,32
5,dense_first,1,0.49399417638778687,32
5,dense_first,2,0.26961642503738403,32
5,dense_first,3,0.24595293402671814,32
5,dense_first,4,0.21594929695129395,32
5,dense_first,5,0.17062729597091675,32
5,dense_first,6,0.15524767339229584,32
5,dense_first,7,0.14711108803749084,32
5,dense_first,8,0.15090757608413696,32
5,dense_first,9,0.13690131902694702,32
5,dense_first,10,0.14128904044628143,32
5,b0_first,1,0.1725482940673828,32
5,b0_first,2,0.16016867756843567,32
5,b0_first,3,0.15169599652290344,32
5,b0_first,4,0.13825830817222595,32
5,b0_first,5,0.13013213872909546,32
5,b0_first,6,0.12615805864334106,32
5,b0_first,7,0.12299182265996933,32
5,b0_first,8,0.11799949407577515,32
5,b0_first,9,0.11375199258327484,32
5,b0_first,10,0.1123136579990387,32
5,oracle_first,1,0.048839371651411057,32
5,oracle_first,2,0.05398078262805939,32
5,oracle_first,3,0.05650883540511131,32
5,oracle_first,4,0.061444319784641266,32
5,oracle_first,5,0.06243526190519333,32
5,oracle_first,6,0.06602612137794495,32
5,oracle_first,7,0.067472442984581,32
5,oracle_first,8,0.06809762120246887,32
5,oracle_first,9,0.07166591286659241,32
5,oracle_first,10,0.07314501702785492,32
6,dense_first,1,0.2966986298561096,32
6,dense_first,2,0.23203925788402557,32
6,dense_first,3,0.210006445646286,32
6,dense_first,4,0.2010202407836914,32
6,dense_first,5,0.20606489479541779,32
6,dense_first,6,0.20508398115634918,32
6,dense_first,7,0.21371157467365265,32
6,dense_first,8,0.22915634512901306,32
6,dense_first,9,0.22688090801239014,32
6,dense_first,10,0.22907325625419617,32
6,b0_first,1,0.10971298813819885,32
6,b0_first,2,0.09135139733552933,32
6,b0_first,3,0.07625246047973633,32
6,b0_first,4,0.06804849952459335,32
6,b0_first,5,0.062301233410835266,32
6,b0_first,6,0.059329308569431305,32
6,b0_first,7,0.05567873269319534,32
6,b0_first,8,0.05390284210443497,32
6,b0_first,9,0.05180962383747101,32
6,b0_first,10,0.052881643176078796,32
6,oracle_first,1,0.02006172388792038,32
6,oracle_first,2,0.05697783827781677,32
6,oracle_first,3,0.058362700045108795,32
6,oracle_first,4,0.05335723236203194,32
6,oracle_first,5,0.05271755903959274,32
6,oracle_first,6,0.05655958503484726,32
6,oracle_first,7,0.05733431875705719,32
6,oracle_first,8,0.05875668302178383,32
6,oracle_first,9,0.06082664802670479,32
6,oracle_first,10,0.06314443796873093,32
0,dense_first,1,1.8308618068695068,32
0,dense_first,2,1.6354708671569824,32
0,dense_first,3,1.437493085861206,32
0,dense_first,4,1.351367473602295,32
0,dense_first,5,1.3610076904296875,32
0,dense_first,6,1.2952899932861328,32
0,dense_first,7,1.222254753112793,32
0,dense_first,8,1.20548677444458,32
0,dense_first,9,1.214857816696167,32
0,dense_first,10,1.2134147882461548,32
0,b0_first,1,1.5965852737426758,32
0,b0_first,2,1.4638952016830444,32
0,b0_first,3,1.3899019956588745,32
0,b0_first,4,1.3302404880523682,32
0,b0_first,5,1.3035334348678589,32
0,b0_first,6,1.243764877319336,32
0,b0_first,7,1.2393081188201904,32
0,b0_first,8,1.253252387046814,32
0,b0_first,9,1.2323923110961914,32
0,b0_first,10,1.241882562637329,32
0,oracle_first,1,0.30703791975975037,32
0,oracle_first,2,0.667507529258728,32
0,oracle_first,3,0.7799103856086731,32
0,oracle_first,4,0.9371038675308228,32
0,oracle_first,5,0.966738760471344,32
0,oracle_first,6,1.0220376253128052,32
0,oracle_first,7,1.0654077529907227,32
0,oracle_first,8,1.0554556846618652,32
0,oracle_first,9,1.050154685974121,32
0,oracle_first,10,1.0640344619750977,32
1,dense_first,1,0.7572339773178101,32
1,dense_first,2,0.6940553784370422,32
1,dense_first,3,0.5678044557571411,32
1,dense_first,4,0.5216456651687622,32
1,dense_first,5,0.48560285568237305,32
1,dense_first,6,0.4795829653739929,32
1,dense_first,7,0.4665166139602661,32
1,dense_first,8,0.45998942852020264,32
1,dense_first,9,0.4493491053581238,32
1,dense_first,10,0.4473649859428406,32
1,b0_first,1,0.720747709274292,32
1,b0_first,2,0.7034947872161865,32
1,b0_first,3,0.6670146584510803,32
1,b0_first,4,0.6449886560440063,32
1,b0_first,5,0.6215013265609741,32
1,b0_first,6,0.6155738830566406,32
1,b0_first,7,0.590971827507019,32
1,b0_first,8,0.5713357329368591,32
1,b0_first,9,0.5616658926010132,32
1,b0_first,10,0.552708625793457,32
1,oracle_first,1,0.2687704861164093,32
1,oracle_first,2,0.33453595638275146,32
1,oracle_first,3,0.3701760768890381,32
1,oracle_first,4,0.3665585517883301,32
1,oracle_first,5,0.36049553751945496,32
1,oracle_first,6,0.35726580023765564,32
1,oracle_first,7,0.366176962852478,32
1,oracle_first,8,0.374420702457428,32
1,oracle_first,9,0.3806949257850647,32
1,oracle_first,10,0.3795212209224701,32
2,dense_first,1,2.437241792678833,32
2,dense_first,2,1.898172378540039,32
2,dense_first,3,1.6812419891357422,32
2,dense_first,4,1.553391456604004,32
2,dense_first,5,1.4980870485305786,32
2,dense_first,6,1.486067771911621,32
2,dense_first,7,1.4476733207702637,32
2,dense_first,8,1.4498083591461182,32
2,dense_first,9,1.4084110260009766,32
2,dense_first,10,1.4214802980422974,32
2,b0_first,1,1.7113081216812134,32
2,b0_first,2,1.6138296127319336,32
2,b0_first,3,1.5169672966003418,32
2,b0_first,4,1.4424347877502441,32
2,b0_first,5,1.4240537881851196,32
2,b0_first,6,1.4383034706115723,32
2,b0_first,7,1.4149279594421387,32
2,b0_first,8,1.4006918668746948,32
2,b0_first,9,1.3881430625915527,32
2,b0_first,10,1.4021203517913818,32
2,oracle_first,1,0.37884241342544556,32
2,oracle_first,2,0.7955769300460815,32
2,oracle_first,3,0.9833289980888367,32
2,oracle_first,4,1.0816855430603027,32
2,oracle_first,5,1.172637939453125,32
2,oracle_first,6,1.2127807140350342,32
2,oracle_first,7,1.2346417903900146,32
2,oracle_first,8,1.2608190774917603,32
2,oracle_first,9,1.2594784498214722,32
2,oracle_first,10,1.2725704908370972,32
3,dense_first,1,0.5837725400924683,32
3,dense_first,2,0.5279308557510376,32
3,dense_first,3,0.48062315583229065,32
3,dense_first,4,0.4395442605018616,32
3,dense_first,5,0.4302228093147278,32
3,dense_first,6,0.4201385974884033,32
3,dense_first,7,0.41661736369132996,32
3,dense_first,8,0.4142525792121887,32
3,dense_first,9,0.41500261425971985,32
3,dense_first,10,0.4011484384536743,32
3,b0_first,1,0.6416882872581482,32
3,b0_first,2,0.6115687489509583,32
3,b0_first,3,0.58682781457901,32
3,b0_first,4,0.567726194858551,32
3,b0_first,5,0.551866888999939,32
3,b0_first,6,0.5393948554992676,32
3,b0_first,7,0.5334406495094299,32
3,b0_first,8,0.525689959526062,32
3,b0_first,9,0.5180776715278625,32
3,b0_first,10,0.5131602883338928,32
3,oracle_first,1,0.2510138154029846,32
3,oracle_first,2,0.33422863483428955,32
3,oracle_first,3,0.35341542959213257,32
3,oracle_first,4,0.359883576631546,32
3,oracle_first,5,0.37200725078582764,32
3,oracle_first,6,0.3662874102592468,32
3,oracle_first,7,0.36809438467025757,32
3,oracle_first,8,0.36204031109809875,32
3,oracle_first,9,0.3622681498527527,32
3,oracle_first,10,0.3642169237136841,32
4,dense_first,1,1.4458705186843872,32
4,dense_first,2,1.070834755897522,32
4,dense_first,3,0.8695957660675049,32
4,dense_first,4,0.6649681329727173,32
4,dense_first,5,0.5856012105941772,32
4,dense_first,6,0.5509672164916992,32
4,dense_first,7,0.5204296112060547,32
4,dense_first,8,0.48646944761276245,32
4,dense_first,9,0.43198975920677185,32
4,dense_first,10,0.4329177141189575,32
4,b0_first,1,0.7362783551216125,32
4,b0_first,2,0.7270020842552185,32
4,b0_first,3,0.6365053653717041,32
4,b0_first,4,0.5828069448471069,32
4,b0_first,5,0.5541532635688782,32
4,b0_first,6,0.5206595659255981,32
4,b0_first,7,0.5016680955886841,32
4,b0_first,8,0.47782406210899353,32
4,b0_first,9,0.45892614126205444,32
4,b0_first,10,0.43344026803970337,32
4,oracle_first,1,0.18320190906524658,32
4,oracle_first,2,0.2567211985588074,32
4,oracle_first,3,0.31028205156326294,32
4,oracle_first,4,0.36218124628067017,32
4,oracle_first,5,0.3902973234653473,32
4,oracle_first,6,0.35816270112991333,32
4,oracle_first,7,0.348023384809494,32
4,oracle_first,8,0.3371288776397705,32
4,oracle_first,9,0.33171671628952026,32
4,oracle_first,10,0.32850104570388794,32
5,dense_first,1,0.3377445340156555,32
5,dense_first,2,0.21741926670074463,32
5,dense_first,3,0.17667067050933838,32
5,dense_first,4,0.15410000085830688,32
5,dense_first,5,0.145175039768219,32
5,dense_first,6,0.13259918987751007,32
5,dense_first,7,0.11914566159248352,32
5,dense_first,8,0.11385050415992737,32
5,dense_first,9,0.1123901903629303,32
5,dense_first,10,0.11574313044548035,32
5,b0_first,1,0.45959609746932983,32
5,b0_first,2,0.43104982376098633,32
5,b0_first,3,0.38389647006988525,32
5,b0_first,4,0.33398377895355225,32
5,b0_first,5,0.3161216974258423,32
5,b0_first,6,0.2896438539028168,32
5,b0_first,7,0.2730046808719635,32
5,b0_first,8,0.25180837512016296,32
5,b0_first,9,0.23502692580223083,32
5,b0_first,10,0.22578124701976776,32
5,oracle_first,1,0.061650171875953674,32
5,oracle_first,2,0.06845317780971527,32
5,oracle_first,3,0.07394178211688995,32
5,oracle_first,4,0.07843391597270966,32
5,oracle_first,5,0.08190928399562836,32
5,oracle_first,6,0.08266941457986832,32
5,oracle_first,7,0.08405916392803192,32
5,oracle_first,8,0.08107011020183563,32
5,oracle_first,9,0.08108507841825485,32
5,oracle_first,10,0.08209067583084106,32
6,dense_first,1,0.25632885098457336,32
6,dense_first,2,0.21562442183494568,32
6,dense_first,3,0.2054007351398468,32
6,dense_first,4,0.18740764260292053,32
6,dense_first,5,0.17451399564743042,32
6,dense_first,6,0.15905915200710297,32
6,dense_first,7,0.1498614251613617,32
6,dense_first,8,0.1529252529144287,32
6,dense_first,9,0.147029310464859,32
6,dense_first,10,0.14168177545070648,32
6,b0_first,1,0.15036903321743011,32
6,b0_first,2,0.12986181676387787,32
6,b0_first,3,0.11378895491361618,32
6,b0_first,4,0.10508178174495697,32
6,b0_first,5,0.10173015296459198,32
6,b0_first,6,0.09498344361782074,32
6,b0_first,7,0.09023584425449371,32
6,b0_first,8,0.08801005780696869,32
6,b0_first,9,0.08395721018314362,32
6,b0_first,10,0.0842515081167221,32
6,oracle_first,1,0.022932501509785652,32
6,oracle_first,2,0.052910447120666504,32
6,oracle_first,3,0.059641703963279724,32
6,oracle_first,4,0.06228642538189888,32
6,oracle_first,5,0.06271661072969437,32
6,oracle_first,6,0.06112106889486313,32
6,oracle_first,7,0.06125897914171219,32
6,oracle_first,8,0.06304436922073364,32
6,oracle_first,9,0.06553871184587479,32
6,oracle_first,10,0.06741427630186081,32
0,dense_first,1,1.4464666843414307,32
0,dense_first,2,1.3707714080810547,32
0,dense_first,3,1.0568602085113525,32
0,dense_first,4,0.9713536500930786,32
0,dense_first,5,0.9544979333877563,32
0,dense_first,6,0.9149056673049927,32
0,dense_first,7,0.8546230792999268,32
0,dense_first,8,0.8424428701400757,32
0,dense_first,9,0.8564378023147583,32
0,dense_first,10,0.8379831314086914,32
0,b0_first,1,0.93765789270401,32
0,b0_first,2,0.9284180998802185,32
0,b0_first,3,0.8451597690582275,32
0,b0_first,4,0.7857220768928528,32
0,b0_first,5,0.756426990032196,32
0,b0_first,6,0.7614406943321228,32
0,b0_first,7,0.7375943064689636,32
0,b0_first,8,0.7311884760856628,32
0,b0_first,9,0.7237570285797119,32
0,b0_first,10,0.7269676923751831,32
0,oracle_first,1,0.28101611137390137,32
0,oracle_first,2,0.41696304082870483,32
0,oracle_first,3,0.5352723002433777,32
0,oracle_first,4,0.579327404499054,32
0,oracle_first,5,0.5833697319030762,32
0,oracle_first,6,0.6230133771896362,32
0,oracle_first,7,0.6396585702896118,32
0,oracle_first,8,0.6210380792617798,32
0,oracle_first,9,0.6437467336654663,32
0,oracle_first,10,0.6509524583816528,32
1,dense_first,1,0.9513827562332153,32
1,dense_first,2,0.765468418598175,32
1,dense_first,3,0.6064223647117615,32
1,dense_first,4,0.5911239981651306,32
1,dense_first,5,0.5735461711883545,32
1,dense_first,6,0.565993070602417,32
1,dense_first,7,0.5517865419387817,32
1,dense_first,8,0.5277811288833618,32
1,dense_first,9,0.5057727098464966,32
1,dense_first,10,0.49141237139701843,32
1,b0_first,1,0.5910359621047974,32
1,b0_first,2,0.5549319982528687,32
1,b0_first,3,0.5323350429534912,32
1,b0_first,4,0.5194077491760254,32
1,b0_first,5,0.5056692957878113,32
1,b0_first,6,0.49635887145996094,32
1,b0_first,7,0.4843837320804596,32
1,b0_first,8,0.482146292924881,32
1,b0_first,9,0.4792912006378174,32
1,b0_first,10,0.47427642345428467,32
1,oracle_first,1,0.27176934480667114,32
1,oracle_first,2,0.32030701637268066,32
1,oracle_first,3,0.38356301188468933,32
1,oracle_first,4,0.3754962086677551,32
1,oracle_first,5,0.38808923959732056,32
1,oracle_first,6,0.3871355354785919,32
1,oracle_first,7,0.39028623700141907,32
1,oracle_first,8,0.40268439054489136,32
1,oracle_first,9,0.3994230628013611,32
1,oracle_first,10,0.3901623785495758,32
2,dense_first,1,1.7833614349365234,32
2,dense_first,2,1.5368664264678955,32
2,dense_first,3,1.285900354385376,32
2,dense_first,4,1.1593029499053955,32
2,dense_first,5,1.0646898746490479,32
2,dense_first,6,0.973332405090332,32
2,dense_first,7,0.9514784812927246,32
2,dense_first,8,0.9473147392272949,32
2,dense_first,9,0.9281219244003296,32
2,dense_first,10,0.9207662343978882,32
2,b0_first,1,1.0771584510803223,32
2,b0_first,2,1.0649151802062988,32
2,b0_first,3,0.9768246412277222,32
2,b0_first,4,0.9369335174560547,32
2,b0_first,5,0.9218213558197021,32
2,b0_first,6,0.8861115574836731,32
2,b0_first,7,0.8827744722366333,32
2,b0_first,8,0.8595864772796631,32
2,b0_first,9,0.8512060642242432,32
2,b0_first,10,0.8368258476257324,32
2,oracle_first,1,0.2897934317588806,32
2,oracle_first,2,0.4919898509979248,32
2,oracle_first,3,0.599855899810791,32
2,oracle_first,4,0.6633211970329285,32
2,oracle_first,5,0.6747982501983643,32
2,oracle_first,6,0.7007942199707031,32
2,oracle_first,7,0.699745237827301,32
2,oracle_first,8,0.6944623589515686,32
2,oracle_first,9,0.7205291986465454,32
2,oracle_first,10,0.7185142636299133,32
3,dense_first,1,1.1311253309249878,32
3,dense_first,2,0.8183765411376953,32
3,dense_first,3,0.7536219954490662,32
3,dense_first,4,0.7308434247970581,32
3,dense_first,5,0.5998694896697998,32
3,dense_first,6,0.5720835328102112,32
3,dense_first,7,0.5172221064567566,32
3,dense_first,8,0.5088334083557129,32
3,dense_first,9,0.5015776753425598,32
3,dense_first,10,0.4895346760749817,32
3,b0_first,1,0.5810667276382446,32
3,b0_first,2,0.5296683311462402,32
3,b0_first,3,0.506656289100647,32
3,b0_first,4,0.5003527998924255,32
3,b0_first,5,0.4868055582046509,32
3,b0_first,6,0.4797196686267853,32
3,b0_first,7,0.4744426906108856,32
3,b0_first,8,0.46875011920928955,32
3,b0_first,9,0.4678255617618561,32
3,b0_first,10,0.46680930256843567,32
3,oracle_first,1,0.2761213183403015,32
3,oracle_first,2,0.4004613757133484,32
3,oracle_first,3,0.4381827712059021,32
3,oracle_first,4,0.4703488349914551,32
3,oracle_first,5,0.45260414481163025,32
3,oracle_first,6,0.454436331987381,32
3,oracle_first,7,0.43801701068878174,32
3,oracle_first,8,0.42392170429229736,32
3,oracle_first,9,0.4221575856208801,32
3,oracle_first,10,0.41582369804382324,32
4,dense_first,1,1.2113535404205322,32
4,dense_first,2,0.8895145058631897,32
4,dense_first,3,0.7000093460083008,32
4,dense_first,4,0.5419182777404785,32
4,dense_first,5,0.4603162705898285,32
4,dense_first,6,0.41986459493637085,32
4,dense_first,7,0.4244631230831146,32
4,dense_first,8,0.38038837909698486,32
4,dense_first,9,0.3354712128639221,32
4,dense_first,10,0.31210899353027344,32
4,b0_first,1,0.5206676721572876,32
4,b0_first,2,0.5158693790435791,32
4,b0_first,3,0.4982168674468994,32
4,b0_first,4,0.467082142829895,32
4,b0_first,5,0.44567564129829407,32
4,b0_first,6,0.43316271901130676,32
4,b0_first,7,0.41013583540916443,32
4,b0_first,8,0.39222288131713867,32
4,b0_first,9,0.3824429512023926,32
4,b0_first,10,0.3656456768512726,32
4,oracle_first,1,0.10364633798599243,32
4,oracle_first,2,0.10488684475421906,32
4,oracle_first,3,0.127314031124115,32
4,oracle_first,4,0.1321610063314438,32
4,oracle_first,5,0.14972051978111267,32
4,oracle_first,6,0.1582164168357849,32
4,oracle_first,7,0.17148618400096893,32
4,oracle_first,8,0.1767813265323639,32
4,oracle_first,9,0.1755678504705429,32
4,oracle_first,10,0.17452570796012878,32
5,dense_first,1,0.38707470893859863,32
5,dense_first,2,0.2439955770969391,32
5,dense_first,3,0.21929100155830383,32
5,dense_first,4,0.18778754770755768,32
5,dense_first,5,0.17519989609718323,32
5,dense_first,6,0.16612637042999268,32
5,dense_first,7,0.16183894872665405,32
5,dense_first,8,0.15260237455368042,32
5,dense_first,9,0.1483401656150818,32
5,dense_first,10,0.14969360828399658,32
5,b0_first,1,0.465160995721817,32
5,b0_first,2,0.42209577560424805,32
5,b0_first,3,0.3863374590873718,32
5,b0_first,4,0.3691960573196411,32
5,b0_first,5,0.32855695486068726,32
5,b0_first,6,0.29545485973358154,32
5,b0_first,7,0.2826974093914032,32
5,b0_first,8,0.27164116501808167,32
5,b0_first,9,0.26668187975883484,32
5,b0_first,10,0.25593921542167664,32
5,oracle_first,1,0.0766044482588768,32
5,oracle_first,2,0.081253781914711,32
5,oracle_first,3,0.08158387243747711,32
5,oracle_first,4,0.08696073293685913,32
5,oracle_first,5,0.0895778238773346,32
5,oracle_first,6,0.09318792819976807,32
5,oracle_first,7,0.09342199563980103,32
5,oracle_first,8,0.09432482719421387,32
5,oracle_first,9,0.09351207315921783,32
5,oracle_first,10,0.09484227001667023,32
6,dense_first,1,0.2145567238330841,32
6,dense_first,2,0.16117888689041138,32
6,dense_first,3,0.1402134746313095,32
6,dense_first,4,0.1319730132818222,32
6,dense_first,5,0.13723602890968323,32
6,dense_first,6,0.1375579833984375,32
6,dense_first,7,0.13845208287239075,32
6,dense_first,8,0.13133272528648376,32
6,dense_first,9,0.12326271831989288,32
6,dense_first,10,0.1189761757850647,32
6,b0_first,1,0.24323946237564087,32
6,b0_first,2,0.20389004051685333,32
6,b0_first,3,0.17243331670761108,32
6,b0_first,4,0.1447264403104782,32
6,b0_first,5,0.13453644514083862,32
6,b0_first,6,0.13114617764949799,32
6,b0_first,7,0.12475757300853729,32
6,b0_first,8,0.12158316373825073,32
6,b0_first,9,0.11854147911071777,32
6,b0_first,10,0.11441875994205475,32
6,oracle_first,1,0.026006320491433144,32
6,oracle_first,2,0.040925439447164536,32
6,oracle_first,3,0.05117349326610565,32
6,oracle_first,4,0.054628558456897736,32
6,oracle_first,5,0.06936778128147125,32
6,oracle_first,6,0.08182242512702942,32
6,oracle_first,7,0.08593228459358215,32
6,oracle_first,8,0.08903376758098602,32
6,oracle_first,9,0.09572169184684753,32
6,oracle_first,10,0.09164902567863464,32
0,dense_first,1,1.5077471733093262,32
0,dense_first,2,1.230850338935852,32
0,dense_first,3,1.1745750904083252,32
0,dense_first,4,0.9892197847366333,32
0,dense_first,5,0.9161533713340759,32
0,dense_first,6,0.858940601348877,32
0,dense_first,7,0.795631468296051,32
0,dense_first,8,0.7795717716217041,32
0,dense_first,9,0.778810977935791,32
0,dense_first,10,0.7672877311706543,32
0,b0_first,1,0.9787180423736572,32
0,b0_first,2,0.8947914838790894,32
0,b0_first,3,0.8287782669067383,32
0,b0_first,4,0.7747910022735596,32
0,b0_first,5,0.7502647638320923,32
0,b0_first,6,0.7392493486404419,32
0,b0_first,7,0.7252019047737122,32
0,b0_first,8,0.692451000213623,32
0,b0_first,9,0.6874706149101257,32
0,b0_first,10,0.6886273622512817,32
0,oracle_first,1,0.284196138381958,32
0,oracle_first,2,0.36373066902160645,32
0,oracle_first,3,0.4666159451007843,32
0,oracle_first,4,0.5508438348770142,32
0,oracle_first,5,0.5784630179405212,32
0,oracle_first,6,0.6172682642936707,32
0,oracle_first,7,0.6067497730255127,32
0,oracle_first,8,0.6203376650810242,32
0,oracle_first,9,0.6236544847488403,32
0,oracle_first,10,0.6100415587425232,32
1,dense_first,1,1.43853759765625,32
1,dense_first,2,0.7701129913330078,32
1,dense_first,3,0.6781129240989685,32
1,dense_first,4,0.601586103439331,32
1,dense_first,5,0.5892407894134521,32
1,dense_first,6,0.5030797123908997,32
1,dense_first,7,0.48383891582489014,32
1,dense_first,8,0.4820488691329956,32
1,dense_first,9,0.47758978605270386,32
1,dense_first,10,0.47208431363105774,32
1,b0_first,1,0.5276509523391724,32
1,b0_first,2,0.4779256582260132,32
1,b0_first,3,0.4637164771556854,32
1,b0_first,4,0.44139665365219116,32
1,b0_first,5,0.4348066747188568,32
1,b0_first,6,0.430581271648407,32
1,b0_first,7,0.4215749502182007,32
1,b0_first,8,0.41541436314582825,32
1,b0_first,9,0.41130325198173523,32
1,b0_first,10,0.4081951081752777,32
1,oracle_first,1,0.24280977249145508,32
1,oracle_first,2,0.4175494611263275,32
1,oracle_first,3,0.4159204959869385,32
1,oracle_first,4,0.42331475019454956,32
1,oracle_first,5,0.39348363876342773,32
1,oracle_first,6,0.3866316080093384,32
1,oracle_first,7,0.37762707471847534,32
1,oracle_first,8,0.3798384964466095,32
1,oracle_first,9,0.3802642226219177,32
1,oracle_first,10,0.37951621413230896,32
2,dense_first,1,1.629175066947937,32
2,dense_first,2,1.342595100402832,32
2,dense_first,3,1.0683815479278564,32
2,dense_first,4,1.010969877243042,32
2,dense_first,5,0.9776017665863037,32
2,dense_first,6,0.961333692073822,32
2,dense_first,7,0.9491380453109741,32
2,dense_first,8,0.9181227087974548,32
2,dense_first,9,0.8911454677581787,32
2,dense_first,10,0.8582955598831177,32
2,b0_first,1,0.965746283531189,32
2,b0_first,2,0.89848393201828,32
2,b0_first,3,0.8366600275039673,32
2,b0_first,4,0.8145551681518555,32
2,b0_first,5,0.8010947704315186,32
2,b0_first,6,0.7974401116371155,32
2,b0_first,7,0.8124754428863525,32
2,b0_first,8,0.8190814256668091,32
2,b0_first,9,0.7788933515548706,32
2,b0_first,10,0.7786421775817871,32
2,oracle_first,1,0.2970842123031616,32
2,oracle_first,2,0.42946910858154297,32
2,oracle_first,3,0.5173242092132568,32
2,oracle_first,4,0.5852320194244385,32
2,oracle_first,5,0.6354391574859619,32
2,oracle_first,6,0.6574305891990662,32
2,oracle_first,7,0.6856330037117004,32
2,oracle_first,8,0.7016364932060242,32
2,oracle_first,9,0.691514253616333,32
2,oracle_first,10,0.6895425915718079,32
3,dense_first,1,1.0855979919433594,32
3,dense_first,2,0.7371015548706055,32
3,dense_first,3,0.6346479654312134,32
3,dense_first,4,0.5804741978645325,32
3,dense_first,5,0.5552985668182373,32
3,dense_first,6,0.5316277146339417,32
3,dense_first,7,0.5238488912582397,32
3,dense_first,8,0.5192853212356567,32
3,dense_first,9,0.4996463656425476,32
3,dense_first,10,0.49852368235588074,32
3,b0_first,1,0.5471817255020142,32
3,b0_first,2,0.5221801400184631,32
3,b0_first,3,0.4922061264514923,32
3,b0_first,4,0.4828023314476013,32
3,b0_first,5,0.47554105520248413,32
3,b0_first,6,0.46454036235809326,32
3,b0_first,7,0.45501089096069336,32
3,b0_first,8,0.44573402404785156,32
3,b0_first,9,0.4397145211696625,32
3,b0_first,10,0.4358229637145996,32
3,oracle_first,1,0.25903767347335815,32
3,oracle_first,2,0.48219358921051025,32
3,oracle_first,3,0.4243970513343811,32
3,oracle_first,4,0.4430047869682312,32
3,oracle_first,5,0.4439885914325714,32
3,oracle_first,6,0.42416656017303467,32
3,oracle_first,7,0.42168277502059937,32
3,oracle_first,8,0.4152088463306427,32
3,oracle_first,9,0.42002105712890625,32
3,oracle_first,10,0.4161704182624817,32
4,dense_first,1,1.0768532752990723,32
4,dense_first,2,0.7805081605911255,32
4,dense_first,3,0.7125742435455322,32
4,dense_first,4,0.5438182353973389,32
4,dense_first,5,0.45539700984954834,32
4,dense_first,6,0.3875389099121094,32
4,dense_first,7,0.3482389450073242,32
4,dense_first,8,0.32590460777282715,32
4,dense_first,9,0.30087676644325256,32
4,dense_first,10,0.2954708933830261,32
4,b0_first,1,0.5979476571083069,32
4,b0_first,2,0.5925623178482056,32
4,b0_first,3,0.5606791973114014,32
4,b0_first,4,0.5429348945617676,32
4,b0_first,5,0.5075053572654724,32
4,b0_first,6,0.4740442633628845,32
4,b0_first,7,0.4623969495296478,32
4,b0_first,8,0.4476245045661926,32
4,b0_first,9,0.4360674023628235,32
4,b0_first,10,0.40916305780410767,32
4,oracle_first,1,0.13022266328334808,32
4,oracle_first,2,0.12975236773490906,32
4,oracle_first,3,0.13036057353019714,32
4,oracle_first,4,0.15191885828971863,32
4,oracle_first,5,0.17081457376480103,32
4,oracle_first,6,0.17025062441825867,32
4,oracle_first,7,0.1699487864971161,32
4,oracle_first,8,0.163776695728302,32
4,oracle_first,9,0.1650463044643402,32
4,oracle_first,10,0.1630333811044693,32
5,dense_first,1,0.47966817021369934,32
5,dense_first,2,0.33577823638916016,32
5,dense_first,3,0.30563753843307495,32
5,dense_first,4,0.24964915215969086,32
5,dense_first,5,0.22694335877895355,32
5,dense_first,6,0.213221475481987,32
5,dense_first,7,0.211469829082489,32
5,dense_first,8,0.20355191826820374,32
5,dense_first,9,0.19238220155239105,32
5,dense_first,10,0.1809854805469513,32
5,b0_first,1,0.3239118456840515,32
5,b0_first,2,0.3070414066314697,32
5,b0_first,3,0.29921725392341614,32
5,b0_first,4,0.288588285446167,32
5,b0_first,5,0.278102844953537,32
5,b0_first,6,0.26406875252723694,32
5,b0_first,7,0.2604941725730896,32
5,b0_first,8,0.25577834248542786,32
5,b0_first,9,0.25107699632644653,32
5,b0_first,10,0.24439841508865356,32
5,oracle_first,1,0.07897332310676575,32
5,oracle_first,2,0.08093143999576569,32
5,oracle_first,3,0.08689890801906586,32
5,oracle_first,4,0.09196768701076508,32
5,oracle_first,5,0.09214632213115692,32
5,oracle_first,6,0.0929526537656784,32
5,oracle_first,7,0.09311331808567047,32
5,oracle_first,8,0.09293991327285767,32
5,oracle_first,9,0.09562269598245621,32
5,oracle_first,10,0.09857790917158127,32
6,dense_first,1,0.28038209676742554,32
6,dense_first,2,0.18618208169937134,32
6,dense_first,3,0.15896084904670715,32
6,dense_first,4,0.15076249837875366,32
6,dense_first,5,0.15004600584506989,32
6,dense_first,6,0.13241760432720184,32
6,dense_first,7,0.1332150101661682,32
6,dense_first,8,0.12559081614017487,32
6,dense_first,9,0.12338720262050629,32
6,dense_first,10,0.12123306095600128,32
6,b0_first,1,0.25861239433288574,32
6,b0_first,2,0.233010396361351,32
6,b0_first,3,0.19942700862884521,32
6,b0_first,4,0.1822190284729004,32
6,b0_first,5,0.16407272219657898,32
6,b0_first,6,0.16229313611984253,32
6,b0_first,7,0.1618098020553589,32
6,b0_first,8,0.16117578744888306,32
6,b0_first,9,0.1576782763004303,32
6,b0_first,10,0.15231046080589294,32
6,oracle_first,1,0.0196251031011343,32
6,oracle_first,2,0.036378562450408936,32
6,oracle_first,3,0.05322682857513428,32
6,oracle_first,4,0.06432978808879852,32
6,oracle_first,5,0.06658972054719925,32
6,oracle_first,6,0.08163907378911972,32
6,oracle_first,7,0.0829046368598938,32
6,oracle_first,8,0.08692383021116257,32
6,oracle_first,9,0.09325273334980011,32
6,oracle_first,10,0.08910590410232544,32
0,dense_first,1,1.9789037704467773,32
0,dense_first,2,1.4537171125411987,32
0,dense_first,3,1.0185444355010986,32
0,dense_first,4,0.94709712266922,32
0,dense_first,5,0.8892755508422852,32
0,dense_first,6,0.8865436315536499,32
0,dense_first,7,0.8582525253295898,32
0,dense_first,8,0.8178151249885559,32
0,dense_first,9,0.8143492341041565,32
0,dense_first,10,0.7937527298927307,32
0,b0_first,1,0.9727842807769775,32
0,b0_first,2,0.9211311340332031,32
0,b0_first,3,0.8678091764450073,32
0,b0_first,4,0.8470070362091064,32
0,b0_first,5,0.8220094442367554,32
0,b0_first,6,0.7799729108810425,32
0,b0_first,7,0.7698065638542175,32
0,b0_first,8,0.7755775451660156,32
0,b0_first,9,0.7593867182731628,32
0,b0_first,10,0.7381718754768372,32
0,oracle_first,1,0.32182925939559937,32
0,oracle_first,2,0.4017764925956726,32
0,oracle_first,3,0.49968650937080383,32
0,oracle_first,4,0.5282585024833679,32
0,oracle_first,5,0.5436992645263672,32
0,oracle_first,6,0.5904912948608398,32
0,oracle_first,7,0.598189115524292,32
0,oracle_first,8,0.6116529107093811,32
0,oracle_first,9,0.6277379989624023,32
0,oracle_first,10,0.6145572662353516,32
1,dense_first,1,0.824409008026123,32
1,dense_first,2,0.7268898487091064,32
1,dense_first,3,0.6460747718811035,32
1,dense_first,4,0.6066831946372986,32
1,dense_first,5,0.5888763666152954,32
1,dense_first,6,0.5337074398994446,32
1,dense_first,7,0.5119789838790894,32
1,dense_first,8,0.5010477304458618,32
1,dense_first,9,0.48392438888549805,32
1,dense_first,10,0.4717790484428406,32
1,b0_first,1,0.5493527054786682,32
1,b0_first,2,0.513737678527832,32
1,b0_first,3,0.49890580773353577,32
1,b0_first,4,0.48095035552978516,32
1,b0_first,5,0.4706795811653137,32
1,b0_first,6,0.4584822654724121,32
1,b0_first,7,0.44537368416786194,32
1,b0_first,8,0.44121718406677246,32
1,b0_first,9,0.4331781268119812,32
1,b0_first,10,0.42841893434524536,32
1,oracle_first,1,0.25513342022895813,32
1,oracle_first,2,0.30530858039855957,32
1,oracle_first,3,0.3073056638240814,32
1,oracle_first,4,0.33723926544189453,32
1,oracle_first,5,0.351292222738266,32
1,oracle_first,6,0.35662585496902466,32
1,oracle_first,7,0.3614905774593353,32
1,oracle_first,8,0.3571089804172516,32
1,oracle_first,9,0.3594222068786621,32
1,oracle_first,10,0.35629191994667053,32
2,dense_first,1,1.6647891998291016,32
2,dense_first,2,1.3793361186981201,32
2,dense_first,3,1.1580063104629517,32
2,dense_first,4,1.0173866748809814,32
2,dense_first,5,0.9734627604484558,32
2,dense_first,6,0.9314134120941162,32
2,dense_first,7,0.9232127666473389,32
2,dense_first,8,0.9311642646789551,32
2,dense_first,9,0.903566300868988,32
2,dense_first,10,0.8833436965942383,32
2,b0_first,1,0.998665452003479,32
2,b0_first,2,0.938906192779541,32
2,b0_first,3,0.929926872253418,32
2,b0_first,4,0.8850492238998413,32
2,b0_first,5,0.8460879325866699,32
2,b0_first,6,0.8218210339546204,32
2,b0_first,7,0.8290510177612305,32
2,b0_first,8,0.8065557479858398,32
2,b0_first,9,0.8185174465179443,32
2,b0_first,10,0.8142364025115967,32
2,oracle_first,1,0.33222874999046326,32
2,oracle_first,2,0.47432398796081543,32
2,oracle_first,3,0.6068414449691772,32
2,oracle_first,4,0.6662311553955078,32
2,oracle_first,5,0.6455243825912476,32
2,oracle_first,6,0.6440735459327698,32
2,oracle_first,7,0.6725226640701294,32
2,oracle_first,8,0.6951279640197754,32
2,oracle_first,9,0.7070683240890503,32
2,oracle_first,10,0.7046974301338196,32
3,dense_first,1,1.0087530612945557,32
3,dense_first,2,0.7961676120758057,32
3,dense_first,3,0.7464754581451416,32
3,dense_first,4,0.6884605884552002,32
3,dense_first,5,0.675574779510498,32
3,dense_first,6,0.667117714881897,32
3,dense_first,7,0.6436312198638916,32
3,dense_first,8,0.6196898818016052,32
3,dense_first,9,0.5872699618339539,32
3,dense_first,10,0.5660395622253418,32
3,b0_first,1,0.6119799017906189,32
3,b0_first,2,0.5801824331283569,32
3,b0_first,3,0.5553466081619263,32
3,b0_first,4,0.5412349700927734,32
3,b0_first,5,0.5273830890655518,32
3,b0_first,6,0.5282288789749146,32
3,b0_first,7,0.5191506147384644,32
3,b0_first,8,0.511162281036377,32
3,b0_first,9,0.506955623626709,32
3,b0_first,10,0.5051146745681763,32
3,oracle_first,1,0.26423028111457825,32
3,oracle_first,2,0.28804078698158264,32
3,oracle_first,3,0.33861735463142395,32
3,oracle_first,4,0.37918752431869507,32
3,oracle_first,5,0.38760483264923096,32
3,oracle_first,6,0.4161030650138855,32
3,oracle_first,7,0.4223906099796295,32
3,oracle_first,8,0.42566418647766113,32
3,oracle_first,9,0.42378100752830505,32
3,oracle_first,10,0.4226590394973755,32
4,dense_first,1,1.0572209358215332,32
4,dense_first,2,0.761748194694519,32
4,dense_first,3,0.6669659614562988,32
4,dense_first,4,0.5174722671508789,32
4,dense_first,5,0.4351293742656708,32
4,dense_first,6,0.40500205755233765,32
4,dense_first,7,0.4118431806564331,32
4,dense_first,8,0.3984561562538147,32
4,dense_first,9,0.37959909439086914,32
4,dense_first,10,0.3261723816394806,32
4,b0_first,1,0.5318063497543335,32
4,b0_first,2,0.5293760299682617,32
4,b0_first,3,0.49214741587638855,32
4,b0_first,4,0.46368980407714844,32
4,b0_first,5,0.44585978984832764,32
4,b0_first,6,0.4233764111995697,32
4,b0_first,7,0.4062483012676239,32
4,b0_first,8,0.39543479681015015,32
4,b0_first,9,0.38026726245880127,32
4,b0_first,10,0.37588417530059814,32
4,oracle_first,1,0.14043006300926208,32
4,oracle_first,2,0.14121711254119873,32
4,oracle_first,3,0.14991044998168945,32
4,oracle_first,4,0.15635961294174194,32
4,oracle_first,5,0.15992963314056396,32
4,oracle_first,6,0.16549836099147797,32
4,oracle_first,7,0.17216448485851288,32
4,oracle_first,8,0.17397356033325195,32
4,oracle_first,9,0.18007653951644897,32
4,oracle_first,10,0.1806545853614807,32
5,dense_first,1,0.5557634830474854,32
5,dense_first,2,0.3844352662563324,32
5,dense_first,3,0.32818660140037537,32
5,dense_first,4,0.2608962059020996,32
5,dense_first,5,0.2344309389591217,32
5,dense_first,6,0.2240292727947235,32
5,dense_first,7,0.216230571269989,32
5,dense_first,8,0.21488235890865326,32
5,dense_first,9,0.20234644412994385,32
5,dense_first,10,0.20186099410057068,32
5,b0_first,1,0.21595177054405212,32
5,b0_first,2,0.20284263789653778,32
5,b0_first,3,0.19288331270217896,32
5,b0_first,4,0.18623274564743042,32
5,b0_first,5,0.1815897822380066,32
5,b0_first,6,0.17175842821598053,32
5,b0_first,7,0.16546744108200073,32
5,b0_first,8,0.1604161262512207,32
5,b0_first,9,0.1588432788848877,32
5,b0_first,10,0.15286429226398468,32
5,oracle_first,1,0.0946771651506424,32
5,oracle_first,2,0.1158861517906189,32
5,oracle_first,3,0.12985564768314362,32
5,oracle_first,4,0.12840241193771362,32
5,oracle_first,5,0.13166919350624084,32
5,oracle_first,6,0.12877070903778076,32
5,oracle_first,7,0.13033753633499146,32
5,oracle_first,8,0.13307303190231323,32
5,oracle_first,9,0.13265684247016907,32
5,oracle_first,10,0.13348612189292908,32
6,dense_first,1,0.17380936443805695,32
6,dense_first,2,0.13176210224628448,32
6,dense_first,3,0.12579961121082306,32
6,dense_first,4,0.12178637832403183,32
6,dense_first,5,0.12320849299430847,32
6,dense_first,6,0.11645178496837616,32
6,dense_first,7,0.12537190318107605,32
6,dense_first,8,0.14028389751911163,32
6,dense_first,9,0.138254776597023,32
6,dense_first,10,0.13804808259010315,32
6,b0_first,1,0.09380719810724258,32
6,b0_first,2,0.08195231854915619,32
6,b0_first,3,0.06947425752878189,32
6,b0_first,4,0.06371543556451797,32
6,b0_first,5,0.058897193521261215,32
6,b0_first,6,0.05572931468486786,32
6,b0_first,7,0.053899459540843964,32
6,b0_first,8,0.04936400428414345,32
6,b0_first,9,0.04736247658729553,32
6,b0_first,10,0.047234587371349335,32
6,oracle_first,1,0.018254786729812622,32
6,oracle_first,2,0.0353616401553154,32
6,oracle_first,3,0.0482981875538826,32
6,oracle_first,4,0.045346640050411224,32
6,oracle_first,5,0.04132384806871414,32
6,oracle_first,6,0.04556993395090103,32
6,oracle_first,7,0.04595079645514488,32
6,oracle_first,8,0.04665651172399521,32
6,oracle_first,9,0.047164157032966614,32
6,oracle_first,10,0.0512213259935379,32
0,dense_first,1,1.0117480754852295,32
0,dense_first,2,0.9556618928909302,32
0,dense_first,3,0.8974876999855042,32
0,dense_first,4,0.8454118967056274,32
0,dense_first,5,0.8251742720603943,32
0,dense_first,6,0.7945594191551208,32
0,dense_first,7,0.7755612730979919,32
0,dense_first,8,0.758586049079895,32
0,dense_first,9,0.7483830451965332,32
0,dense_first,10,0.7326876521110535,32
0,b0_first,1,0.9526650309562683,32
0,b0_first,2,0.9067798852920532,32
0,b0_first,3,0.7935081720352173,32
0,b0_first,4,0.7783522605895996,32
0,b0_first,5,0.7372245788574219,32
0,b0_first,6,0.7216283082962036,32
0,b0_first,7,0.7166577577590942,32
0,b0_first,8,0.7097026109695435,32
0,b0_first,9,0.7053383588790894,32
0,b0_first,10,0.682773232460022,32
0,oracle_first,1,0.4027782082557678,32
0,oracle_first,2,0.426866352558136,32
0,oracle_first,3,0.47304463386535645,32
0,oracle_first,4,0.528641402721405,32
0,oracle_first,5,0.5344506502151489,32
0,oracle_first,6,0.5634157657623291,32
0,oracle_first,7,0.569693922996521,32
0,oracle_first,8,0.5669580101966858,32
0,oracle_first,9,0.5827706456184387,32
0,oracle_first,10,0.5925134420394897,32
1,dense_first,1,1.7106413841247559,32
1,dense_first,2,1.2197749614715576,32
1,dense_first,3,0.8086563944816589,32
1,dense_first,4,0.6046730279922485,32
1,dense_first,5,0.5743299722671509,32
1,dense_first,6,0.5627737045288086,32
1,dense_first,7,0.5041568279266357,32
1,dense_first,8,0.45850953459739685,32
1,dense_first,9,0.45058906078338623,32
1,dense_first,10,0.44351911544799805,32
1,b0_first,1,0.4528161287307739,32
1,b0_first,2,0.42576169967651367,32
1,b0_first,3,0.4072158932685852,32
1,b0_first,4,0.40701189637184143,32
1,b0_first,5,0.38231515884399414,32
1,b0_first,6,0.369828462600708,32
1,b0_first,7,0.36744022369384766,32
1,b0_first,8,0.36964279413223267,32
1,b0_first,9,0.3624318838119507,32
1,b0_first,10,0.3598250448703766,32
1,oracle_first,1,0.21881486475467682,32
1,oracle_first,2,0.29187697172164917,32
1,oracle_first,3,0.31829631328582764,32
1,oracle_first,4,0.32108014822006226,32
1,oracle_first,5,0.3285369873046875,32
1,oracle_first,6,0.3215246796607971,32
1,oracle_first,7,0.3194202482700348,32
1,oracle_first,8,0.32793140411376953,32
1,oracle_first,9,0.3213229477405548,32
1,oracle_first,10,0.321175754070282,32
2,dense_first,1,1.4396493434906006,32
2,dense_first,2,1.3389796018600464,32
2,dense_first,3,1.0071234703063965,32
2,dense_first,4,0.9468578696250916,32
2,dense_first,5,0.8799555897712708,32
2,dense_first,6,0.8269020318984985,32
2,dense_first,7,0.7799614071846008,32
2,dense_first,8,0.7751573324203491,32
2,dense_first,9,0.7724280953407288,32
2,dense_first,10,0.7499523758888245,32
2,b0_first,1,0.8701512813568115,32
2,b0_first,2,0.8147071599960327,32
2,b0_first,3,0.7624160051345825,32
2,b0_first,4,0.7119166851043701,32
2,b0_first,5,0.6989448070526123,32
2,b0_first,6,0.6859002709388733,32
2,b0_first,7,0.6735621690750122,32
2,b0_first,8,0.6639086604118347,32
2,b0_first,9,0.660115122795105,32
2,b0_first,10,0.6591278314590454,32
2,oracle_first,1,0.43223533034324646,32
2,oracle_first,2,0.4765104651451111,32
2,oracle_first,3,0.5537382364273071,32
2,oracle_first,4,0.5939795970916748,32
2,oracle_first,5,0.6151909828186035,32
2,oracle_first,6,0.6159517765045166,32
2,oracle_first,7,0.6115120053291321,32
2,oracle_first,8,0.6130890846252441,32
2,oracle_first,9,0.618117094039917,32
2,oracle_first,10,0.6319543123245239,32
3,dense_first,1,1.6316232681274414,32
3,dense_first,2,1.1630626916885376,32
3,dense_first,3,0.8970335125923157,32
3,dense_first,4,0.8874646425247192,32
3,dense_first,5,0.7865270376205444,32
3,dense_first,6,0.7757124304771423,32
3,dense_first,7,0.710898756980896,32
3,dense_first,8,0.6690541505813599,32
3,dense_first,9,0.580430805683136,32
3,dense_first,10,0.5803369879722595,32
3,b0_first,1,0.4834272861480713,32
3,b0_first,2,0.45197567343711853,32
3,b0_first,3,0.43120142817497253,32
3,b0_first,4,0.4106978178024292,32
3,b0_first,5,0.4037606120109558,32
3,b0_first,6,0.3988681435585022,32
3,b0_first,7,0.3899295926094055,32
3,b0_first,8,0.38323163986206055,32
3,b0_first,9,0.37885403633117676,32
3,b0_first,10,0.3760409951210022,32
3,oracle_first,1,0.2131887972354889,32
3,oracle_first,2,0.25661808252334595,32
3,oracle_first,3,0.28824248909950256,32
3,oracle_first,4,0.3220348656177521,32
3,oracle_first,5,0.3280823230743408,32
3,oracle_first,6,0.3217267096042633,32
3,oracle_first,7,0.3180055618286133,32
3,oracle_first,8,0.3173986077308655,32
3,oracle_first,9,0.32920128107070923,32
3,oracle_first,10,0.32857728004455566,32
4,dense_first,1,1.3454465866088867,32
4,dense_first,2,0.9567331075668335,32
4,dense_first,3,0.7485826015472412,32
4,dense_first,4,0.5941469669342041,32
4,dense_first,5,0.5802367925643921,32
4,dense_first,6,0.5546982288360596,32
4,dense_first,7,0.530026912689209,32
4,dense_first,8,0.5068493485450745,32
4,dense_first,9,0.45750388503074646,32
4,dense_first,10,0.4578903317451477,32
4,b0_first,1,0.7758487462997437,32
4,b0_first,2,0.7723541855812073,32
4,b0_first,3,0.7254349589347839,32
4,b0_first,4,0.6726090312004089,32
4,b0_first,5,0.6318789124488831,32
4,b0_first,6,0.61556476354599,32
4,b0_first,7,0.58443284034729,32
4,b0_first,8,0.5750094652175903,32
4,b0_first,9,0.5498784184455872,32
4,b0_first,10,0.5363467931747437,32
4,oracle_first,1,0.17641913890838623,32
4,oracle_first,2,0.1757509708404541,32
4,oracle_first,3,0.18561357259750366,32
4,oracle_first,4,0.23020833730697632,32
4,oracle_first,5,0.2389952838420868,32
4,oracle_first,6,0.2398003339767456,32
4,oracle_first,7,0.25865960121154785,32
4,oracle_first,8,0.2619043290615082,32
4,oracle_first,9,0.2609042525291443,32
4,oracle_first,10,0.267681360244751,32
5,dense_first,1,0.5045742988586426,32
5,dense_first,2,0.4131431579589844,32
5,dense_first,3,0.3703900873661041,32
5,dense_first,4,0.3316737711429596,32
5,dense_first,5,0.273465096950531,32
5,dense_first,6,0.24970346689224243,32
5,dense_first,7,0.23630788922309875,32
5,dense_first,8,0.22090601921081543,32
5,dense_first,9,0.2104831486940384,32
5,dense_first,10,0.20191960036754608,32
5,b0_first,1,0.2755769193172455,32
5,b0_first,2,0.2585626244544983,32
5,b0_first,3,0.24889427423477173,32
5,b0_first,4,0.23915493488311768,32
5,b0_first,5,0.2328142374753952,32
5,b0_first,6,0.22555366158485413,32
5,b0_first,7,0.21862486004829407,32
5,b0_first,8,0.2130289077758789,32
5,b0_first,9,0.2099781334400177,32
5,b0_first,10,0.2070542871952057,32
5,oracle_first,1,0.08845022320747375,32
5,oracle_first,2,0.126401886343956,32
5,oracle_first,3,0.13601982593536377,32
5,oracle_first,4,0.15974639356136322,32
5,oracle_first,5,0.1640949249267578,32
5,oracle_first,6,0.15449799597263336,32
5,oracle_first,7,0.15982936322689056,32
5,oracle_first,8,0.1617252677679062,32
5,oracle_first,9,0.1580764800310135,32
5,oracle_first,10,0.15311193466186523,32
6,dense_first,1,0.2759154438972473,32
6,dense_first,2,0.23281311988830566,32
6,dense_first,3,0.20946760475635529,32
6,dense_first,4,0.19926682114601135,32
6,dense_first,5,0.17361876368522644,32
6,dense_first,6,0.17204004526138306,32
6,dense_first,7,0.1654505580663681,32
6,dense_first,8,0.17306968569755554,32
6,dense_first,9,0.1806226372718811,32
6,dense_first,10,0.19718191027641296,32
6,b0_first,1,0.08939900994300842,32
6,b0_first,2,0.07239405810832977,32
6,b0_first,3,0.06103219464421272,32
6,b0_first,4,0.055158600211143494,32
6,b0_first,5,0.05407261475920677,32
6,b0_first,6,0.051101766526699066,32
6,b0_first,7,0.04797308146953583,32
6,b0_first,8,0.04508013650774956,32
6,b0_first,9,0.043188609182834625,32
6,b0_first,10,0.04195265471935272,32
6,oracle_first,1,0.02059897594153881,32
6,oracle_first,2,0.039990298449993134,32
6,oracle_first,3,0.0445173941552639,32
6,oracle_first,4,0.04438905417919159,32
6,oracle_first,5,0.04625042900443077,32
6,oracle_first,6,0.04442237317562103,32
6,oracle_first,7,0.043377771973609924,32
6,oracle_first,8,0.04368286952376366,32
6,oracle_first,9,0.045159220695495605,32
6,oracle_first,10,0.04473009333014488,32
0,dense_first,1,1.267146110534668,32
0,dense_first,2,1.144536018371582,32
0,dense_first,3,0.9784385561943054,32
0,dense_first,4,0.899547278881073,32
0,dense_first,5,0.8799737691879272,32
0,dense_first,6,0.8253747224807739,32
0,dense_first,7,0.7583330869674683,32
0,dense_first,8,0.7373557090759277,32
0,dense_first,9,0.7247961759567261,32
0,dense_first,10,0.7135876417160034,32
0,b0_first,1,0.8795531392097473,32
0,b0_first,2,0.79465651512146,32
0,b0_first,3,0.7354779243469238,32
0,b0_first,4,0.6636348366737366,32
0,b0_first,5,0.6380666494369507,32
0,b0_first,6,0.6192183494567871,32
0,b0_first,7,0.6220852136611938,32
0,b0_first,8,0.6277617812156677,32
0,b0_first,9,0.6230403184890747,32
0,b0_first,10,0.6216176748275757,32
0,oracle_first,1,0.4074224829673767,32
0,oracle_first,2,0.41769248247146606,32
0,oracle_first,3,0.4513770341873169,32
0,oracle_first,4,0.48123157024383545,32
0,oracle_first,5,0.47894397377967834,32
0,oracle_first,6,0.49379613995552063,32
0,oracle_first,7,0.5116091370582581,32
0,oracle_first,8,0.5307348966598511,32
0,oracle_first,9,0.5488746166229248,32
0,oracle_first,10,0.5503709316253662,32
1,dense_first,1,0.7663965225219727,32
1,dense_first,2,0.6755810976028442,32
1,dense_first,3,0.6031418442726135,32
1,dense_first,4,0.5652639865875244,32
1,dense_first,5,0.48327434062957764,32
1,dense_first,6,0.44211506843566895,32
1,dense_first,7,0.43488675355911255,32
1,dense_first,8,0.42731615900993347,32
1,dense_first,9,0.3787488341331482,32
1,dense_first,10,0.37516021728515625,32
1,b0_first,1,0.42918625473976135,32
1,b0_first,2,0.3983866572380066,32
1,b0_first,3,0.3856923580169678,32
1,b0_first,4,0.35237398743629456,32
1,b0_first,5,0.32755550742149353,32
1,b0_first,6,0.32052329182624817,32
1,b0_first,7,0.3172674775123596,32
1,b0_first,8,0.3166502118110657,32
1,b0_first,9,0.3151899576187134,32
1,b0_first,10,0.3087162375450134,32
1,oracle_first,1,0.15589697659015656,32
1,oracle_first,2,0.32196781039237976,32
1,oracle_first,3,0.3198075294494629,32
1,oracle_first,4,0.33034107089042664,32
1,oracle_first,5,0.32296186685562134,32
1,oracle_first,6,0.3236212730407715,32
1,oracle_first,7,0.3182862401008606,32
1,oracle_first,8,0.3139725923538208,32
1,oracle_first,9,0.31523123383522034,32
1,oracle_first,10,0.2929568290710449,32
2,dense_first,1,1.3729166984558105,32
2,dense_first,2,1.1625645160675049,32
2,dense_first,3,0.8908450603485107,32
2,dense_first,4,0.8214622139930725,32
2,dense_first,5,0.7847516536712646,32
2,dense_first,6,0.7763208150863647,32
2,dense_first,7,0.7286496162414551,32
2,dense_first,8,0.71805739402771,32
2,dense_first,9,0.720453679561615,32
2,dense_first,10,0.7080675363540649,32
2,b0_first,1,0.987708330154419,32
2,b0_first,2,0.8698437213897705,32
2,b0_first,3,0.7622209787368774,32
2,b0_first,4,0.7143404483795166,32
2,b0_first,5,0.6934800148010254,32
2,b0_first,6,0.67247074842453,32
2,b0_first,7,0.6658791303634644,32
2,b0_first,8,0.6660454273223877,32
2,b0_first,9,0.6565308570861816,32
2,b0_first,10,0.6550239324569702,32
2,oracle_first,1,0.43817269802093506,32
2,oracle_first,2,0.4842379689216614,32
2,oracle_first,3,0.523706316947937,32
2,oracle_first,4,0.5360144376754761,32
2,oracle_first,5,0.5615521669387817,32
2,oracle_first,6,0.5616005659103394,32
2,oracle_first,7,0.5834076404571533,32
2,oracle_first,8,0.5848621129989624,32
2,oracle_first,9,0.5876573920249939,32
2,oracle_first,10,0.6097151041030884,32
3,dense_first,1,1.0927543640136719,32
3,dense_first,2,0.7704423069953918,32
3,dense_first,3,0.6929671764373779,32
3,dense_first,4,0.6394987106323242,32
3,dense_first,5,0.6436116099357605,32
3,dense_first,6,0.580114483833313,32
3,dense_first,7,0.5561937689781189,32
3,dense_first,8,0.5314782857894897,32
3,dense_first,9,0.4803990125656128,32
3,dense_first,10,0.42658963799476624,32
3,b0_first,1,0.3174861967563629,32
3,b0_first,2,0.29745081067085266,32
3,b0_first,3,0.28952908515930176,32
3,b0_first,4,0.2886195480823517,32
3,b0_first,5,0.2718603014945984,32
3,b0_first,6,0.2725164294242859,32
3,b0_first,7,0.2685225009918213,32
3,b0_first,8,0.2669215798377991,32
3,b0_first,9,0.2639862895011902,32
3,b0_first,10,0.25852102041244507,32
3,oracle_first,1,0.1493239402770996,32
3,oracle_first,2,0.2437068372964859,32
3,oracle_first,3,0.26375967264175415,32
3,oracle_first,4,0.26131290197372437,32
3,oracle_first,5,0.265452116727829,32
3,oracle_first,6,0.26040276885032654,32
3,oracle_first,7,0.25254276394844055,32
3,oracle_first,8,0.24505001306533813,32
3,oracle_first,9,0.2506310045719147,32
3,oracle_first,10,0.25245335698127747,32
4,dense_first,1,1.0458438396453857,32
4,dense_first,2,0.7463754415512085,32
4,dense_first,3,0.6731486916542053,32
4,dense_first,4,0.5642982125282288,32
4,dense_first,5,0.4938461184501648,32
4,dense_first,6,0.4883072078227997,32
4,dense_first,7,0.4848906397819519,32
4,dense_first,8,0.4481075704097748,32
4,dense_first,9,0.4152982234954834,32
4,dense_first,10,0.3978140354156494,32
4,b0_first,1,0.6673942804336548,32
4,b0_first,2,0.6661375164985657,32
4,b0_first,3,0.6062294840812683,32
4,b0_first,4,0.5696374177932739,32
4,b0_first,5,0.5353038907051086,32
4,b0_first,6,0.504960834980011,32
4,b0_first,7,0.47676530480384827,32
4,b0_first,8,0.4645986557006836,32
4,b0_first,9,0.4398138225078583,32
4,b0_first,10,0.4140860438346863,32
4,oracle_first,1,0.16448505222797394,32
4,oracle_first,2,0.16356635093688965,32
4,oracle_first,3,0.19000083208084106,32
4,oracle_first,4,0.2153938114643097,32
4,oracle_first,5,0.21947835385799408,32
4,oracle_first,6,0.23119011521339417,32
4,oracle_first,7,0.24146784842014313,32
4,oracle_first,8,0.2373054027557373,32
4,oracle_first,9,0.23167142271995544,32
4,oracle_first,10,0.23261886835098267,32
5,dense_first,1,0.5836564302444458,32
5,dense_first,2,0.43989622592926025,32
5,dense_first,3,0.3690270781517029,32
5,dense_first,4,0.2907900810241699,32
5,dense_first,5,0.2335251122713089,32
5,dense_first,6,0.22309304773807526,32
5,dense_first,7,0.20396488904953003,32
5,dense_first,8,0.1982867568731308,32
5,dense_first,9,0.18878212571144104,32
5,dense_first,10,0.1906273066997528,32
5,b0_first,1,0.4021430015563965,32
5,b0_first,2,0.3499065935611725,32
5,b0_first,3,0.3414996266365051,32
5,b0_first,4,0.32657989859580994,32
5,b0_first,5,0.3145596385002136,32
5,b0_first,6,0.3073294162750244,32
5,b0_first,7,0.29521679878234863,32
5,b0_first,8,0.2838604152202606,32
5,b0_first,9,0.27280548214912415,32
5,b0_first,10,0.24171847105026245,32
5,oracle_first,1,0.07690268754959106,32
5,oracle_first,2,0.11053838580846786,32
5,oracle_first,3,0.14195390045642853,32
5,oracle_first,4,0.15015369653701782,32
5,oracle_first,5,0.14663837850093842,32
5,oracle_first,6,0.14673848450183868,32
5,oracle_first,7,0.1433795988559723,32
5,oracle_first,8,0.1413743495941162,32
5,oracle_first,9,0.13949987292289734,32
5,oracle_first,10,0.1428602784872055,32
6,dense_first,1,0.18222114443778992,32
6,dense_first,2,0.13169515132904053,32
6,dense_first,3,0.11390436440706253,32
6,dense_first,4,0.1050061583518982,32
6,dense_first,5,0.09078080207109451,32
6,dense_first,6,0.08661764115095139,32
6,dense_first,7,0.08758895099163055,32
6,dense_first,8,0.08664660900831223,32
6,dense_first,9,0.08316376060247421,32
6,dense_first,10,0.08241568505764008,32
6,b0_first,1,0.1425732672214508,32
6,b0_first,2,0.10462865233421326,32
6,b0_first,3,0.08172959089279175,32
6,b0_first,4,0.07669614255428314,32
6,b0_first,5,0.07277120649814606,32
6,b0_first,6,0.0673990547657013,32
6,b0_first,7,0.06803962588310242,32
6,b0_first,8,0.06570262461900711,32
6,b0_first,9,0.06200585141777992,32
6,b0_first,10,0.061271753162145615,32
6,oracle_first,1,0.016843535006046295,32
6,oracle_first,2,0.02620192989706993,32
6,oracle_first,3,0.029914390295743942,32
6,oracle_first,4,0.029375450685620308,32
6,oracle_first,5,0.030244283378124237,32
6,oracle_first,6,0.03717584162950516,32
6,oracle_first,7,0.0408339649438858,32
6,oracle_first,8,0.04487614706158638,32
6,oracle_first,9,0.04209998995065689,32
6,oracle_first,10,0.04203559458255768,32
0,dense_first,1,1.068150281906128,32
0,dense_first,2,0.9843761920928955,32
0,dense_first,3,0.6630939245223999,32
0,dense_first,4,0.6035345196723938,32
0,dense_first,5,0.5809346437454224,32
0,dense_first,6,0.556549072265625,32
0,dense_first,7,0.5354785919189453,32
0,dense_first,8,0.5172432661056519,32
0,dense_first,9,0.5006731748580933,32
0,dense_first,10,0.5069282054901123,32
0,b0_first,1,0.7263542413711548,32
0,b0_first,2,0.6368749141693115,32
0,b0_first,3,0.5682128667831421,32
0,b0_first,4,0.5238769054412842,32
0,b0_first,5,0.5056193470954895,32
0,b0_first,6,0.48827528953552246,32
0,b0_first,7,0.4781241714954376,32
0,b0_first,8,0.474157452583313,32
0,b0_first,9,0.4694255590438843,32
0,b0_first,10,0.45756399631500244,32
0,oracle_first,1,0.3201836943626404,32
0,oracle_first,2,0.36369624733924866,32
0,oracle_first,3,0.3810124397277832,32
0,oracle_first,4,0.3857220411300659,32
0,oracle_first,5,0.41033825278282166,32
0,oracle_first,6,0.3907984793186188,32
0,oracle_first,7,0.39366769790649414,32
0,oracle_first,8,0.4006161689758301,32
0,oracle_first,9,0.39975079894065857,32
0,oracle_first,10,0.4057348370552063,32
1,dense_first,1,0.5128178596496582,32
1,dense_first,2,0.46095985174179077,32
1,dense_first,3,0.42382535338401794,32
1,dense_first,4,0.4006498456001282,32
1,dense_first,5,0.3540075421333313,32
1,dense_first,6,0.3279295563697815,32
1,dense_first,7,0.30785611271858215,32
1,dense_first,8,0.30657416582107544,32
1,dense_first,9,0.2887193560600281,32
1,dense_first,10,0.2778329849243164,32
1,b0_first,1,0.3980092406272888,32
1,b0_first,2,0.3651961386203766,32
1,b0_first,3,0.3480145037174225,32
1,b0_first,4,0.31805506348609924,32
1,b0_first,5,0.2995156943798065,32
1,b0_first,6,0.2841799259185791,32
1,b0_first,7,0.2726982831954956,32
1,b0_first,8,0.2662884294986725,32
1,b0_first,9,0.2535509765148163,32
1,b0_first,10,0.24989017844200134,32
1,oracle_first,1,0.13158175349235535,32
1,oracle_first,2,0.18761418759822845,32
1,oracle_first,3,0.18175451457500458,32
1,oracle_first,4,0.20651869475841522,32
1,oracle_first,5,0.21182602643966675,32
1,oracle_first,6,0.20725080370903015,32
1,oracle_first,7,0.19768723845481873,32
1,oracle_first,8,0.1970023810863495,32
1,oracle_first,9,0.20201367139816284,32
1,oracle_first,10,0.19809889793395996,32
2,dense_first,1,0.9837936162948608,32
2,dense_first,2,0.8363566398620605,32
2,dense_first,3,0.7626752257347107,32
2,dense_first,4,0.6993787884712219,32
2,dense_first,5,0.6330859661102295,32
2,dense_first,6,0.5955885648727417,32
2,dense_first,7,0.5653899908065796,32
2,dense_first,8,0.5495507121086121,32
2,dense_first,9,0.5494807362556458,32
2,dense_first,10,0.5469027757644653,32
2,b0_first,1,0.7613837122917175,32
2,b0_first,2,0.6531640291213989,32
2,b0_first,3,0.5452348589897156,32
2,b0_first,4,0.510428249835968,32
2,b0_first,5,0.5096386671066284,32
2,b0_first,6,0.5181026458740234,32
2,b0_first,7,0.5027494430541992,32
2,b0_first,8,0.4928041398525238,32
2,b0_first,9,0.4923541843891144,32
2,b0_first,10,0.4856630861759186,32
2,oracle_first,1,0.3347465693950653,32
2,oracle_first,2,0.3473697900772095,32
2,oracle_first,3,0.3999667167663574,32
2,oracle_first,4,0.428832471370697,32
2,oracle_first,5,0.44307398796081543,32
2,oracle_first,6,0.4629189968109131,32
2,oracle_first,7,0.46243739128112793,32
2,oracle_first,8,0.4474179446697235,32
2,oracle_first,9,0.4512430429458618,32
2,oracle_first,10,0.45909303426742554,32
3,dense_first,1,0.484928697347641,32
3,dense_first,2,0.3673623204231262,32
3,dense_first,3,0.33592063188552856,32
3,dense_first,4,0.314486563205719,32
3,dense_first,5,0.273748517036438,32
3,dense_first,6,0.25546929240226746,32
3,dense_first,7,0.24914944171905518,32
3,dense_first,8,0.24030067026615143,32
3,dense_first,9,0.23794814944267273,32
3,dense_first,10,0.22902165353298187,32
3,b0_first,1,0.3457165062427521,32
3,b0_first,2,0.3186877965927124,32
3,b0_first,3,0.291878879070282,32
3,b0_first,4,0.27096837759017944,32
3,b0_first,5,0.2594291567802429,32
3,b0_first,6,0.24645701050758362,32
3,b0_first,7,0.23611095547676086,32
3,b0_first,8,0.2343500703573227,32
3,b0_first,9,0.22680522501468658,32
3,b0_first,10,0.2236124873161316,32
3,oracle_first,1,0.10068590193986893,32
3,oracle_first,2,0.202213853597641,32
3,oracle_first,3,0.2006140798330307,32
3,oracle_first,4,0.19776412844657898,32
3,oracle_first,5,0.18215914070606232,32
3,oracle_first,6,0.18108916282653809,32
3,oracle_first,7,0.17939302325248718,32
3,oracle_first,8,0.17737704515457153,32
3,oracle_first,9,0.17834524810314178,32
3,oracle_first,10,0.17585065960884094,32
4,dense_first,1,1.2842772006988525,32
4,dense_first,2,0.8329918384552002,32
4,dense_first,3,0.7239612340927124,32
4,dense_first,4,0.5786964893341064,32
4,dense_first,5,0.5205293297767639,32
4,dense_first,6,0.5091642141342163,32
4,dense_first,7,0.45182302594184875,32
4,dense_first,8,0.398040771484375,32
4,dense_first,9,0.3734484910964966,32
4,dense_first,10,0.3579981327056885,32
4,b0_first,1,0.6727316379547119,32
4,b0_first,2,0.6517730355262756,32
4,b0_first,3,0.5984431505203247,32
4,b0_first,4,0.5508339405059814,32
4,b0_first,5,0.498895525932312,32
4,b0_first,6,0.4738820195198059,32
4,b0_first,7,0.4496076703071594,32
4,b0_first,8,0.43187785148620605,32
4,b0_first,9,0.4048384726047516,32
4,b0_first,10,0.3779921531677246,32
4,oracle_first,1,0.1433006227016449,32
4,oracle_first,2,0.15729859471321106,32
4,oracle_first,3,0.21232163906097412,32
4,oracle_first,4,0.24198302626609802,32
4,oracle_first,5,0.2418539822101593,32
4,oracle_first,6,0.2550399899482727,32
4,oracle_first,7,0.24984312057495117,32
4,oracle_first,8,0.24881504476070404,32
4,oracle_first,9,0.24092069268226624,32
4,oracle_first,10,0.23505371809005737,32
5,dense_first,1,0.46612298488616943,32
5,dense_first,2,0.3422761559486389,32
5,dense_first,3,0.33534520864486694,32
5,dense_first,4,0.31569698452949524,32
5,dense_first,5,0.3141922950744629,32
5,dense_first,6,0.31810295581817627,32
5,dense_first,7,0.2660226821899414,32
5,dense_first,8,0.23793919384479523,32
5,dense_first,9,0.23469200730323792,32
5,dense_first,10,0.2362637221813202,32
5,b0_first,1,0.4326569139957428,32
5,b0_first,2,0.3908216059207916,32
5,b0_first,3,0.3724408745765686,32
5,b0_first,4,0.35988402366638184,32
5,b0_first,5,0.352865606546402,32
5,b0_first,6,0.349515825510025,32
5,b0_first,7,0.32290032505989075,32
5,b0_first,8,0.3115100860595703,32
5,b0_first,9,0.3060590922832489,32
5,b0_first,10,0.30225926637649536,32
5,oracle_first,1,0.06861741840839386,32
5,oracle_first,2,0.08115187287330627,32
5,oracle_first,3,0.08850981295108795,32
5,oracle_first,4,0.09059563279151917,32
5,oracle_first,5,0.09287238121032715,32
5,oracle_first,6,0.10637329518795013,32
5,oracle_first,7,0.10897427052259445,32
5,oracle_first,8,0.11549397557973862,32
5,oracle_first,9,0.11598039418458939,32
5,oracle_first,10,0.11871903389692307,32
6,dense_first,1,0.21359369158744812,32
6,dense_first,2,0.12042133510112762,32
6,dense_first,3,0.08956064283847809,32
6,dense_first,4,0.0830225944519043,32
6,dense_first,5,0.07803250849246979,32
6,dense_first,6,0.07511548697948456,32
6,dense_first,7,0.0696665570139885,32
6,dense_first,8,0.07158276438713074,32
6,dense_first,9,0.06868055462837219,32
6,dense_first,10,0.06500043720006943,32
6,b0_first,1,0.14764347672462463,32
6,b0_first,2,0.12306065112352371,32
6,b0_first,3,0.10415691137313843,32
6,b0_first,4,0.09266569465398788,32
6,b0_first,5,0.08497205376625061,32
6,b0_first,6,0.08574420213699341,32
6,b0_first,7,0.08321264386177063,32
6,b0_first,8,0.0837126076221466,32
6,b0_first,9,0.08426660299301147,32
6,b0_first,10,0.08251756429672241,32
6,oracle_first,1,0.015620057471096516,32
6,oracle_first,2,0.028445694595575333,32
6,oracle_first,3,0.03598596900701523,32
6,oracle_first,4,0.03843669593334198,32
6,oracle_first,5,0.0378606915473938,32
6,oracle_first,6,0.04015173017978668,32
6,oracle_first,7,0.044340044260025024,32
6,oracle_first,8,0.049453672021627426,32
6,oracle_first,9,0.053073491901159286,32
6,oracle_first,10,0.05421719700098038,32
0,dense_first,1,0.8416874408721924,32
0,dense_first,2,0.7314636707305908,32
0,dense_first,3,0.6339874267578125,32
0,dense_first,4,0.6193783283233643,32
0,dense_first,5,0.5756737589836121,32
0,dense_first,6,0.5358089804649353,32
0,dense_first,7,0.5207778215408325,32
0,dense_first,8,0.5348936915397644,32
0,dense_first,9,0.516164243221283,32
0,dense_first,10,0.5153493881225586,32
0,b0_first,1,1.0006239414215088,32
0,b0_first,2,0.8912757635116577,32
0,b0_first,3,0.7301007509231567,32
0,b0_first,4,0.6590946316719055,32
0,b0_first,5,0.6038095355033875,32
0,b0_first,6,0.5892601609230042,32
0,b0_first,7,0.5737898349761963,32
0,b0_first,8,0.5439391136169434,32
0,b0_first,9,0.5338348150253296,32
0,b0_first,10,0.5280027389526367,32
0,oracle_first,1,0.29309988021850586,32
0,oracle_first,2,0.34851741790771484,32
0,oracle_first,3,0.4352051019668579,32
0,oracle_first,4,0.4519139528274536,32
0,oracle_first,5,0.45312902331352234,32
0,oracle_first,6,0.4667493999004364,32
0,oracle_first,7,0.4572044014930725,32
0,oracle_first,8,0.46790018677711487,32
0,oracle_first,9,0.462206095457077,32
0,oracle_first,10,0.4646115005016327,32
1,dense_first,1,0.5709613561630249,32
1,dense_first,2,0.3994006812572479,32
1,dense_first,3,0.3568495512008667,32
1,dense_first,4,0.3416454493999481,32
1,dense_first,5,0.3010926842689514,32
1,dense_first,6,0.26516082882881165,32
1,dense_first,7,0.25014299154281616,32
1,dense_first,8,0.24440442025661469,32
1,dense_first,9,0.24130839109420776,32
1,dense_first,10,0.23748405277729034,32
1,b0_first,1,0.29103609919548035,32
1,b0_first,2,0.25239306688308716,32
1,b0_first,3,0.22075507044792175,32
1,b0_first,4,0.2063910812139511,32
1,b0_first,5,0.1985059529542923,32
1,b0_first,6,0.193668395280838,32
1,b0_first,7,0.18713068962097168,32
1,b0_first,8,0.1833907961845398,32
1,b0_first,9,0.17673251032829285,32
1,b0_first,10,0.17270363867282867,32
1,oracle_first,1,0.12765492498874664,32
1,oracle_first,2,0.18182505667209625,32
1,oracle_first,3,0.18043634295463562,32
1,oracle_first,4,0.17383819818496704,32
1,oracle_first,5,0.17639224231243134,32
1,oracle_first,6,0.18349245190620422,32
1,oracle_first,7,0.17535126209259033,32
1,oracle_first,8,0.1742892563343048,32
1,oracle_first,9,0.17479148507118225,32
1,oracle_first,10,0.17104387283325195,32
2,dense_first,1,1.0290703773498535,32
2,dense_first,2,0.8913911581039429,32
2,dense_first,3,0.6904748678207397,32
2,dense_first,4,0.6566200852394104,32
2,dense_first,5,0.6322886943817139,32
2,dense_first,6,0.5800288915634155,32
2,dense_first,7,0.5781324505805969,32
2,dense_first,8,0.5687856078147888,32
2,dense_first,9,0.5611028075218201,32
2,dense_first,10,0.5366008877754211,32
2,b0_first,1,0.9567111134529114,32
2,b0_first,2,0.809667706489563,32
2,b0_first,3,0.6794123649597168,32
2,b0_first,4,0.5934313535690308,32
2,b0_first,5,0.5835714340209961,32
2,b0_first,6,0.5693142414093018,32
2,b0_first,7,0.5549296736717224,32
2,b0_first,8,0.538885772228241,32
2,b0_first,9,0.5339832901954651,32
2,b0_first,10,0.5169891119003296,32
2,oracle_first,1,0.31606802344322205,32
2,oracle_first,2,0.3972897529602051,32
2,oracle_first,3,0.5196282267570496,32
2,oracle_first,4,0.4968342185020447,32
2,oracle_first,5,0.4808868169784546,32
2,oracle_first,6,0.4619268476963043,32
2,oracle_first,7,0.45954445004463196,32
2,oracle_first,8,0.46961402893066406,32
2,oracle_first,9,0.47954052686691284,32
2,oracle_first,10,0.4836882948875427,32
3,dense_first,1,0.4053017497062683,32
3,dense_first,2,0.3375919461250305,32
3,dense_first,3,0.3087750971317291,32
3,dense_first,4,0.23430046439170837,32
3,dense_first,5,0.2010868489742279,32
3,dense_first,6,0.1970384567975998,32
3,dense_first,7,0.17905785143375397,32
3,dense_first,8,0.17292973399162292,32
3,dense_first,9,0.16732275485992432,32
3,dense_first,10,0.16411183774471283,32
3,b0_first,1,0.36776095628738403,32
3,b0_first,2,0.32346591353416443,32
3,b0_first,3,0.2795220613479614,32
3,b0_first,4,0.2457534223794937,32
3,b0_first,5,0.23062103986740112,32
3,b0_first,6,0.21825343370437622,32
3,b0_first,7,0.2125173658132553,32
3,b0_first,8,0.2070731520652771,32
3,b0_first,9,0.20176629722118378,32
3,b0_first,10,0.19103704392910004,32
3,oracle_first,1,0.10115061700344086,32
3,oracle_first,2,0.20329998433589935,32
3,oracle_first,3,0.1801721453666687,32
3,oracle_first,4,0.17006385326385498,32
3,oracle_first,5,0.16314244270324707,32
3,oracle_first,6,0.16300030052661896,32
3,oracle_first,7,0.15567559003829956,32
3,oracle_first,8,0.1487063765525818,32
3,oracle_first,9,0.14809931814670563,32
3,oracle_first,10,0.14380307495594025,32
4,dense_first,1,1.5507557392120361,32
4,dense_first,2,0.8386373519897461,32
4,dense_first,3,0.5742112994194031,32
4,dense_first,4,0.5569809079170227,32
4,dense_first,5,0.41937878727912903,32
4,dense_first,6,0.4135969877243042,32
4,dense_first,7,0.3840835988521576,32
4,dense_first,8,0.3646014332771301,32
4,dense_first,9,0.3772851526737213,32
4,dense_first,10,0.3436773419380188,32
4,b0_first,1,0.617728590965271,32
4,b0_first,2,0.6098695397377014,32
4,b0_first,3,0.5535727739334106,32
4,b0_first,4,0.5084899663925171,32
4,b0_first,5,0.46175891160964966,32
4,b0_first,6,0.42185187339782715,32
4,b0_first,7,0.3955402672290802,32
4,b0_first,8,0.3708631694316864,32
4,b0_first,9,0.3598611652851105,32
4,b0_first,10,0.34474191069602966,32
4,oracle_first,1,0.10620954632759094,32
4,oracle_first,2,0.11351583898067474,32
4,oracle_first,3,0.1537695825099945,32
4,oracle_first,4,0.17879211902618408,32
4,oracle_first,5,0.17570878565311432,32
4,oracle_first,6,0.1924104541540146,32
4,oracle_first,7,0.1956234872341156,32
4,oracle_first,8,0.192665696144104,32
4,oracle_first,9,0.19523721933364868,32
4,oracle_first,10,0.21085359156131744,32
5,dense_first,1,0.3310618996620178,32
5,dense_first,2,0.23295868933200836,32
5,dense_first,3,0.21778014302253723,32
5,dense_first,4,0.21602579951286316,32
5,dense_first,5,0.21301835775375366,32
5,dense_first,6,0.20024020969867706,32
5,dense_first,7,0.18997567892074585,32
5,dense_first,8,0.17694593966007233,32
5,dense_first,9,0.17067819833755493,32
5,dense_first,10,0.15894865989685059,32
5,b0_first,1,0.19778236746788025,32
5,b0_first,2,0.17607589066028595,32
5,b0_first,3,0.15683230757713318,32
5,b0_first,4,0.14526192843914032,32
5,b0_first,5,0.1384160816669464,32
5,b0_first,6,0.13432185351848602,32
5,b0_first,7,0.13148202002048492,32
5,b0_first,8,0.12707877159118652,32
5,b0_first,9,0.12414449453353882,32
5,b0_first,10,0.1219598650932312,32
5,oracle_first,1,0.05921805277466774,32
5,oracle_first,2,0.07133921980857849,32
5,oracle_first,3,0.0850009098649025,32
5,oracle_first,4,0.09475577622652054,32
5,oracle_first,5,0.10251753032207489,32
5,oracle_first,6,0.10926619172096252,32
5,oracle_first,7,0.11068455874919891,32
5,oracle_first,8,0.11445632576942444,32
5,oracle_first,9,0.11820648610591888,32
5,oracle_first,10,0.12158122658729553,32
6,dense_first,1,0.19040977954864502,32
6,dense_first,2,0.13535162806510925,32
6,dense_first,3,0.11818858981132507,32
6,dense_first,4,0.10938642174005508,32
6,dense_first,5,0.09714026749134064,32
6,dense_first,6,0.09222792088985443,32
6,dense_first,7,0.09602022171020508,32
6,dense_first,8,0.10048284381628036,32
6,dense_first,9,0.10688097029924393,32
6,dense_first,10,0.11269380152225494,32
6,b0_first,1,0.11339269578456879,32
6,b0_first,2,0.09856681525707245,32
6,b0_first,3,0.0846734493970871,32
6,b0_first,4,0.07470431923866272,32
6,b0_first,5,0.07079900801181793,32
6,b0_first,6,0.06820815056562424,32
6,b0_first,7,0.06497666239738464,32
6,b0_first,8,0.06107636168599129,32
6,b0_first,9,0.060198139399290085,32
6,b0_first,10,0.06015215814113617,32
6,oracle_first,1,0.017171161249279976,32
6,oracle_first,2,0.025416288524866104,32
6,oracle_first,3,0.029240604490041733,32
6,oracle_first,4,0.031561847776174545,32
6,oracle_first,5,0.03470218554139137,32
6,oracle_first,6,0.03776625543832779,32
6,oracle_first,7,0.04140189662575722,32
6,oracle_first,8,0.040223538875579834,32
6,oracle_first,9,0.04186272993683815,32
6,oracle_first,10,0.045756954699754715,32
0,dense_first,1,1.003609299659729,32
0,dense_first,2,0.7048740983009338,32
0,dense_first,3,0.6196209192276001,32
0,dense_first,4,0.5714198350906372,32
0,dense_first,5,0.5873849391937256,32
0,dense_first,6,0.5327622890472412,32
0,dense_first,7,0.4971657991409302,32
0,dense_first,8,0.4599170684814453,32
0,dense_first,9,0.4339143633842468,32
0,dense_first,10,0.4360470771789551,32
0,b0_first,1,1.015729308128357,32
0,b0_first,2,0.8288926482200623,32
0,b0_first,3,0.7112377882003784,32
0,b0_first,4,0.6504650115966797,32
0,b0_first,5,0.6127986907958984,32
0,b0_first,6,0.5786100625991821,32
0,b0_first,7,0.5350327491760254,32
0,b0_first,8,0.5161186456680298,32
0,b0_first,9,0.49085181951522827,32
0,b0_first,10,0.47792014479637146,32
0,oracle_first,1,0.2264600545167923,32
0,oracle_first,2,0.27384424209594727,32
0,oracle_first,3,0.3430079221725464,32
0,oracle_first,4,0.38331514596939087,32
0,oracle_first,5,0.4138725996017456,32
0,oracle_first,6,0.41263794898986816,32
0,oracle_first,7,0.3974498212337494,32
0,oracle_first,8,0.387892484664917,32
0,oracle_first,9,0.39886823296546936,32
0,oracle_first,10,0.39577725529670715,32
1,dense_first,1,0.4811030924320221,32
1,dense_first,2,0.351085901260376,32
1,dense_first,3,0.28865522146224976,32
1,dense_first,4,0.2308802306652069,32
1,dense_first,5,0.21862097084522247,32
1,dense_first,6,0.2111356556415558,32
1,dense_first,7,0.20647701621055603,32
1,dense_first,8,0.17792850732803345,32
1,dense_first,9,0.1778232753276825,32
1,dense_first,10,0.17300038039684296,32
1,b0_first,1,0.3772071599960327,32
1,b0_first,2,0.30384722352027893,32
1,b0_first,3,0.26623642444610596,32
1,b0_first,4,0.24029970169067383,32
1,b0_first,5,0.22202709317207336,32
1,b0_first,6,0.20412690937519073,32
1,b0_first,7,0.19886356592178345,32
1,b0_first,8,0.18908053636550903,32
1,b0_first,9,0.1839062124490738,32
1,b0_first,10,0.1787092238664627,32
1,oracle_first,1,0.1288795918226242,32
1,oracle_first,2,0.17412492632865906,32
1,oracle_first,3,0.1780940741300583,32
1,oracle_first,4,0.17757272720336914,32
1,oracle_first,5,0.16617333889007568,32
1,oracle_first,6,0.16895638406276703,32
1,oracle_first,7,0.1615627557039261,32
1,oracle_first,8,0.15626761317253113,32
1,oracle_first,9,0.14897066354751587,32
1,oracle_first,10,0.14839795231819153,32
2,dense_first,1,1.0316506624221802,32
2,dense_first,2,0.7431865930557251,32
2,dense_first,3,0.6887282729148865,32
2,dense_first,4,0.6409910321235657,32
2,dense_first,5,0.561903715133667,32
2,dense_first,6,0.5371294617652893,32
2,dense_first,7,0.537969708442688,32
2,dense_first,8,0.5108857750892639,32
2,dense_first,9,0.4850133955478668,32
2,dense_first,10,0.47680091857910156,32
2,b0_first,1,1.1550064086914062,32
2,b0_first,2,0.9466705322265625,32
2,b0_first,3,0.74840247631073,32
2,b0_first,4,0.6596362590789795,32
2,b0_first,5,0.6152966022491455,32
2,b0_first,6,0.567442774772644,32
2,b0_first,7,0.5589702725410461,32
2,b0_first,8,0.5439397096633911,32
2,b0_first,9,0.5203979015350342,32
2,b0_first,10,0.5039616823196411,32
2,oracle_first,1,0.22247107326984406,32
2,oracle_first,2,0.2696937024593353,32
2,oracle_first,3,0.3389240503311157,32
2,oracle_first,4,0.4147339165210724,32
2,oracle_first,5,0.412954717874527,32
2,oracle_first,6,0.421234667301178,32
2,oracle_first,7,0.4378011226654053,32
2,oracle_first,8,0.42986029386520386,32
2,oracle_first,9,0.4175582528114319,32
2,oracle_first,10,0.41611555218696594,32
3,dense_first,1,0.4108923375606537,32
3,dense_first,2,0.2859047055244446,32
3,dense_first,3,0.2509858310222626,32
3,dense_first,4,0.24052894115447998,32
3,dense_first,5,0.20080551505088806,32
3,dense_first,6,0.19680389761924744,32
3,dense_first,7,0.17624863982200623,32
3,dense_first,8,0.17247873544692993,32
3,dense_first,9,0.16719341278076172,32
3,dense_first,10,0.16204507648944855,32
3,b0_first,1,0.29176396131515503,32
3,b0_first,2,0.23978561162948608,32
3,b0_first,3,0.20759597420692444,32
3,b0_first,4,0.1862056851387024,32
3,b0_first,5,0.17870943248271942,32
3,b0_first,6,0.1670806109905243,32
3,b0_first,7,0.16506701707839966,32
3,b0_first,8,0.15610209107398987,32
3,b0_first,9,0.15242958068847656,32
3,b0_first,10,0.14811939001083374,32
3,oracle_first,1,0.10363336652517319,32
3,oracle_first,2,0.18072941899299622,32
3,oracle_first,3,0.16203093528747559,32
3,oracle_first,4,0.15996670722961426,32
3,oracle_first,5,0.15805484354496002,32
3,oracle_first,6,0.14765901863574982,32
3,oracle_first,7,0.14857423305511475,32
3,oracle_first,8,0.1454145312309265,32
3,oracle_first,9,0.14071467518806458,32
3,oracle_first,10,0.13944359123706818,32
4,dense_first,1,1.196953296661377,32
4,dense_first,2,0.8099205493927002,32
4,dense_first,3,0.6190080642700195,32
4,dense_first,4,0.5907272100448608,32
4,dense_first,5,0.4610137343406677,32
4,dense_first,6,0.41256844997406006,32
4,dense_first,7,0.3828369975090027,32
4,dense_first,8,0.3802081346511841,32
4,dense_first,9,0.3453676700592041,32
4,dense_first,10,0.2991218864917755,32
4,b0_first,1,0.6965491771697998,32
4,b0_first,2,0.6807259917259216,32
4,b0_first,3,0.5730500221252441,32
4,b0_first,4,0.5357998013496399,32
4,b0_first,5,0.5013291239738464,32
4,b0_first,6,0.4817480444908142,32
4,b0_first,7,0.445639967918396,32
4,b0_first,8,0.4222180247306824,32
4,b0_first,9,0.4010453224182129,32
4,b0_first,10,0.3872449994087219,32
4,oracle_first,1,0.10583677142858505,32
4,oracle_first,2,0.13031521439552307,32
4,oracle_first,3,0.17067119479179382,32
4,oracle_first,4,0.17926590144634247,32
4,oracle_first,5,0.1922450065612793,32
4,oracle_first,6,0.19332019984722137,32
4,oracle_first,7,0.19717895984649658,32
4,oracle_first,8,0.2124326527118683,32
4,oracle_first,9,0.2088540494441986,32
4,oracle_first,10,0.18842625617980957,32
5,dense_first,1,0.38469409942626953,32
5,dense_first,2,0.2773134708404541,32
5,dense_first,3,0.26630958914756775,32
5,dense_first,4,0.2362285554409027,32
5,dense_first,5,0.20287573337554932,32
5,dense_first,6,0.19324414432048798,32
5,dense_first,7,0.17669567465782166,32
5,dense_first,8,0.1652238965034485,32
5,dense_first,9,0.15996986627578735,32
5,dense_first,10,0.13919556140899658,32
5,b0_first,1,0.3194103538990021,32
5,b0_first,2,0.29555875062942505,32
5,b0_first,3,0.2749677300453186,32
5,b0_first,4,0.2566468119621277,32
5,b0_first,5,0.24543198943138123,32
5,b0_first,6,0.23287710547447205,32
5,b0_first,7,0.22370001673698425,32
5,b0_first,8,0.2160969078540802,32
5,b0_first,9,0.20701773464679718,32
5,b0_first,10,0.1949487030506134,32
5,oracle_first,1,0.05752965435385704,32
5,oracle_first,2,0.06443552672863007,32
5,oracle_first,3,0.06929494440555573,32
5,oracle_first,4,0.07863715291023254,32
5,oracle_first,5,0.08905281871557236,32
5,oracle_first,6,0.09099174290895462,32
5,oracle_first,7,0.09221358597278595,32
5,oracle_first,8,0.0907810851931572,32
5,oracle_first,9,0.09068629145622253,32
5,oracle_first,10,0.09256656467914581,32
6,dense_first,1,0.20703577995300293,32
6,dense_first,2,0.19325342774391174,32
6,dense_first,3,0.16998443007469177,32
6,dense_first,4,0.15955528616905212,32
6,dense_first,5,0.14117877185344696,32
6,dense_first,6,0.13058340549468994,32
6,dense_first,7,0.13258543610572815,32
6,dense_first,8,0.12823408842086792,32
6,dense_first,9,0.1324622482061386,32
6,dense_first,10,0.12858055531978607,32
6,b0_first,1,0.16811376810073853,32
6,b0_first,2,0.12228423357009888,32
6,b0_first,3,0.08906397968530655,32
6,b0_first,4,0.08173440396785736,32
6,b0_first,5,0.07472047209739685,32
6,b0_first,6,0.06701705604791641,32
6,b0_first,7,0.06031108647584915,32
6,b0_first,8,0.052507854998111725,32
6,b0_first,9,0.04821966588497162,32
6,b0_first,10,0.046203386038541794,32
6,oracle_first,1,0.01976441964507103,32
6,oracle_first,2,0.03157617896795273,32
6,oracle_first,3,0.03414682298898697,32
6,oracle_first,4,0.03341952711343765,32
6,oracle_first,5,0.03276434540748596,32
6,oracle_first,6,0.03741378337144852,32
6,oracle_first,7,0.03555597364902496,32
6,oracle_first,8,0.03407691419124603,32
6,oracle_first,9,0.034727562218904495,32
6,oracle_first,10,0.033900611102581024,32
0,dense_first,1,1.0210978984832764,32
0,dense_first,2,0.7848111987113953,32
0,dense_first,3,0.595183253288269,32
0,dense_first,4,0.537919282913208,32
0,dense_first,5,0.48977023363113403,32
0,dense_first,6,0.47849762439727783,32
0,dense_first,7,0.4518490135669708,32
0,dense_first,8,0.40930673480033875,32
0,dense_first,9,0.4040625989437103,32
0,dense_first,10,0.40429240465164185,32
0,b0_first,1,0.9388824105262756,32
0,b0_first,2,0.8622597455978394,32
0,b0_first,3,0.6888046264648438,32
0,b0_first,4,0.5922819375991821,32
0,b0_first,5,0.5092942714691162,32
0,b0_first,6,0.49060407280921936,32
0,b0_first,7,0.46092909574508667,32
0,b0_first,8,0.4247424304485321,32
0,b0_first,9,0.42306214570999146,32
0,b0_first,10,0.4208647906780243,32
0,oracle_first,1,0.2024548500776291,32
0,oracle_first,2,0.207131490111351,32
0,oracle_first,3,0.26107197999954224,32
0,oracle_first,4,0.30239978432655334,32
0,oracle_first,5,0.284038782119751,32
0,oracle_first,6,0.30288460850715637,32
0,oracle_first,7,0.31696397066116333,32
0,oracle_first,8,0.3198901414871216,32
0,oracle_first,9,0.30620795488357544,32
0,oracle_first,10,0.30901238322257996,32
1,dense_first,1,0.44328564405441284,32
1,dense_first,2,0.3528534471988678,32
1,dense_first,3,0.26207104325294495,32
1,dense_first,4,0.24068114161491394,32
1,dense_first,5,0.23076370358467102,32
1,dense_first,6,0.2220127135515213,32
1,dense_first,7,0.21010062098503113,32
1,dense_first,8,0.20493020117282867,32
1,dense_first,9,0.20788007974624634,32
1,dense_first,10,0.20065242052078247,32
1,b0_first,1,0.3090386986732483,32
1,b0_first,2,0.25806188583374023,32
1,b0_first,3,0.2344582974910736,32
1,b0_first,4,0.21891480684280396,32
1,b0_first,5,0.2126091718673706,32
1,b0_first,6,0.19942158460617065,32
1,b0_first,7,0.1922466903924942,32
1,b0_first,8,0.18480615317821503,32
1,b0_first,9,0.18236857652664185,32
1,b0_first,10,0.1798345297574997,32
1,oracle_first,1,0.13528180122375488,32
1,oracle_first,2,0.1398301124572754,32
1,oracle_first,3,0.14510156214237213,32
1,oracle_first,4,0.13809525966644287,32
1,oracle_first,5,0.13377028703689575,32
1,oracle_first,6,0.13728195428848267,32
1,oracle_first,7,0.13769617676734924,32
1,oracle_first,8,0.13703644275665283,32
1,oracle_first,9,0.13801676034927368,32
1,oracle_first,10,0.13738006353378296,32
2,dense_first,1,1.1146459579467773,32
2,dense_first,2,0.8941518068313599,32
2,dense_first,3,0.7760429382324219,32
2,dense_first,4,0.6429616808891296,32
2,dense_first,5,0.5461760759353638,32
2,dense_first,6,0.48844659328460693,32
2,dense_first,7,0.45750534534454346,32
2,dense_first,8,0.447822242975235,32
2,dense_first,9,0.43168413639068604,32
2,dense_first,10,0.4048081636428833,32
2,b0_first,1,1.1397731304168701,32
2,b0_first,2,0.9054265022277832,32
2,b0_first,3,0.7463127970695496,32
2,b0_first,4,0.6459155678749084,32
2,b0_first,5,0.5346964001655579,32
2,b0_first,6,0.472714364528656,32
2,b0_first,7,0.4446594715118408,32
2,b0_first,8,0.43852120637893677,32
2,b0_first,9,0.4402109980583191,32
2,b0_first,10,0.424103319644928,32
2,oracle_first,1,0.17052316665649414,32
2,oracle_first,2,0.2142723798751831,32
2,oracle_first,3,0.3501150608062744,32
2,oracle_first,4,0.3642999231815338,32
2,oracle_first,5,0.3436177968978882,32
2,oracle_first,6,0.338485449552536,32
2,oracle_first,7,0.331399142742157,32
2,oracle_first,8,0.33285126090049744,32
2,oracle_first,9,0.33075714111328125,32
2,oracle_first,10,0.338437557220459,32
3,dense_first,1,0.6356410980224609,32
3,dense_first,2,0.41067051887512207,32
3,dense_first,3,0.35740581154823303,32
3,dense_first,4,0.27751415967941284,32
3,dense_first,5,0.25825202465057373,32
3,dense_first,6,0.2264188826084137,32
3,dense_first,7,0.21819648146629333,32
3,dense_first,8,0.21506939828395844,32
3,dense_first,9,0.19577482342720032,32
3,dense_first,10,0.19702818989753723,32
3,b0_first,1,0.3548624515533447,32
3,b0_first,2,0.28119438886642456,32
3,b0_first,3,0.24516606330871582,32
3,b0_first,4,0.22322864830493927,32
3,b0_first,5,0.2073664367198944,32
3,b0_first,6,0.19527873396873474,32
3,b0_first,7,0.18619447946548462,32
3,b0_first,8,0.18269935250282288,32
3,b0_first,9,0.1779516637325287,32
3,b0_first,10,0.17317551374435425,32
3,oracle_first,1,0.1073860377073288,32
3,oracle_first,2,0.11878858506679535,32
3,oracle_first,3,0.10855017602443695,32
3,oracle_first,4,0.10371264815330505,32
3,oracle_first,5,0.10695809870958328,32
3,oracle_first,6,0.1086810976266861,32
3,oracle_first,7,0.10903966426849365,32
3,oracle_first,8,0.11039780080318451,32
3,oracle_first,9,0.10969361662864685,32
3,oracle_first,10,0.10889500379562378,32
4,dense_first,1,1.1323833465576172,32
4,dense_first,2,0.8684834241867065,32
4,dense_first,3,0.756862461566925,32
4,dense_first,4,0.507373034954071,32
4,dense_first,5,0.4707648754119873,32
4,dense_first,6,0.4186325669288635,32
4,dense_first,7,0.37212634086608887,32
4,dense_first,8,0.3618486523628235,32
4,dense_first,9,0.3439985513687134,32
4,dense_first,10,0.3124065697193146,32
4,b0_first,1,0.6397944688796997,32
4,b0_first,2,0.6348500847816467,32
4,b0_first,3,0.5790849328041077,32
4,b0_first,4,0.544863760471344,32
4,b0_first,5,0.5151577591896057,32
4,b0_first,6,0.4903466999530792,32
4,b0_first,7,0.4625760316848755,32
4,b0_first,8,0.41972213983535767,32
4,b0_first,9,0.4049133062362671,32
4,b0_first,10,0.38827744126319885,32
4,oracle_first,1,0.12294276058673859,32
4,oracle_first,2,0.12259915471076965,32
4,oracle_first,3,0.14904022216796875,32
4,oracle_first,4,0.15431955456733704,32
4,oracle_first,5,0.1559523642063141,32
4,oracle_first,6,0.1533261090517044,32
4,oracle_first,7,0.14788365364074707,32
4,oracle_first,8,0.15751716494560242,32
4,oracle_first,9,0.1558973491191864,32
4,oracle_first,10,0.15935754776000977,32
5,dense_first,1,0.4105966091156006,32
5,dense_first,2,0.25646623969078064,32
5,dense_first,3,0.2195134162902832,32
5,dense_first,4,0.21385765075683594,32
5,dense_first,5,0.20098352432250977,32
5,dense_first,6,0.1850842833518982,32
5,dense_first,7,0.19013556838035583,32
5,dense_first,8,0.17129960656166077,32
5,dense_first,9,0.15690620243549347,32
5,dense_first,10,0.15370476245880127,32
5,b0_first,1,0.2181340456008911,32
5,b0_first,2,0.20154063403606415,32
5,b0_first,3,0.18513134121894836,32
5,b0_first,4,0.17361995577812195,32
5,b0_first,5,0.16432282328605652,32
5,b0_first,6,0.1528370976448059,32
5,b0_first,7,0.14829465746879578,32
5,b0_first,8,0.14263604581356049,32
5,b0_first,9,0.1404767632484436,32
5,b0_first,10,0.13975659012794495,32
5,oracle_first,1,0.06320048868656158,32
5,oracle_first,2,0.07312218844890594,32
5,oracle_first,3,0.08045647293329239,32
5,oracle_first,4,0.08563171327114105,32
5,oracle_first,5,0.09030602872371674,32
5,oracle_first,6,0.09407258033752441,32
5,oracle_first,7,0.1034339889883995,32
5,oracle_first,8,0.10917700827121735,32
5,oracle_first,9,0.10479088127613068,32
5,oracle_first,10,0.10727545619010925,32
6,dense_first,1,0.22899675369262695,32
6,dense_first,2,0.19522541761398315,32
6,dense_first,3,0.1677548885345459,32
6,dense_first,4,0.13629546761512756,32
6,dense_first,5,0.12066850066184998,32
6,dense_first,6,0.11035940796136856,32
6,dense_first,7,0.09858740121126175,32
6,dense_first,8,0.10109081864356995,32
6,dense_first,9,0.0934520959854126,32
6,dense_first,10,0.09296520799398422,32
6,b0_first,1,0.06462752819061279,32
6,b0_first,2,0.053073249757289886,32
6,b0_first,3,0.04866662621498108,32
6,b0_first,4,0.045464836061000824,32
6,b0_first,5,0.041595421731472015,32
6,b0_first,6,0.03866324573755264,32
6,b0_first,7,0.03557274118065834,32
6,b0_first,8,0.033531900495290756,32
6,b0_first,9,0.03333841636776924,32
6,b0_first,10,0.03210793063044548,32
6,oracle_first,1,0.011474790051579475,32
6,oracle_first,2,0.02027473971247673,32
6,oracle_first,3,0.031176254153251648,32
6,oracle_first,4,0.038545992225408554,32
6,oracle_first,5,0.04524623602628708,32
6,oracle_first,6,0.04306352138519287,32
6,oracle_first,7,0.04035021737217903,32
6,oracle_first,8,0.03770345076918602,32
6,oracle_first,9,0.035492707043886185,32
6,oracle_first,10,0.03435579687356949,32
0,dense_first,1,0.9484164714813232,32
0,dense_first,2,0.6781341433525085,32
0,dense_first,3,0.5915749073028564,32
0,dense_first,4,0.5547522306442261,32
0,dense_first,5,0.5158157348632812,32
0,dense_first,6,0.4773542284965515,32
0,dense_first,7,0.4539848566055298,32
0,dense_first,8,0.4582401514053345,32
0,dense_first,9,0.4535372257232666,32
0,dense_first,10,0.4397663474082947,32
0,b0_first,1,0.8870537281036377,32
0,b0_first,2,0.7615698575973511,32
0,b0_first,3,0.6310410499572754,32
0,b0_first,4,0.5421080589294434,32
0,b0_first,5,0.49336308240890503,32
0,b0_first,6,0.47821977734565735,32
0,b0_first,7,0.457186222076416,32
0,b0_first,8,0.44790956377983093,32
0,b0_first,9,0.43725287914276123,32
0,b0_first,10,0.42608949542045593,32
0,oracle_first,1,0.18916907906532288,32
0,oracle_first,2,0.24420392513275146,32
0,oracle_first,3,0.3066224455833435,32
0,oracle_first,4,0.3328513503074646,32
0,oracle_first,5,0.35043489933013916,32
0,oracle_first,6,0.3516555726528168,32
0,oracle_first,7,0.34353694319725037,32
0,oracle_first,8,0.34025850892066956,32
0,oracle_first,9,0.3382742404937744,32
0,oracle_first,10,0.33945780992507935,32
1,dense_first,1,0.5677059888839722,32
1,dense_first,2,0.6244721412658691,32
1,dense_first,3,0.4210135042667389,32
1,dense_first,4,0.2761393189430237,32
1,dense_first,5,0.2503119111061096,32
1,dense_first,6,0.2248774915933609,32
1,dense_first,7,0.20683249831199646,32
1,dense_first,8,0.20729322731494904,32
1,dense_first,9,0.20169253647327423,32
1,dense_first,10,0.19652259349822998,32
1,b0_first,1,0.4377426505088806,32
1,b0_first,2,0.36028391122817993,32
1,b0_first,3,0.299871563911438,32
1,b0_first,4,0.25725674629211426,32
1,b0_first,5,0.24371790885925293,32
1,b0_first,6,0.23044411838054657,32
1,b0_first,7,0.21919213235378265,32
1,b0_first,8,0.21080541610717773,32
1,b0_first,9,0.20470860600471497,32
1,b0_first,10,0.19859647750854492,32
1,oracle_first,1,0.13294950127601624,32
1,oracle_first,2,0.14004698395729065,32
1,oracle_first,3,0.17260980606079102,32
1,oracle_first,4,0.16223843395709991,32
1,oracle_first,5,0.1617448627948761,32
1,oracle_first,6,0.14999276399612427,32
1,oracle_first,7,0.14925625920295715,32
1,oracle_first,8,0.14784035086631775,32
1,oracle_first,9,0.14746955037117004,32
1,oracle_first,10,0.14415520429611206,32
2,dense_first,1,0.9867929220199585,32
2,dense_first,2,0.6658747792243958,32
2,dense_first,3,0.5967755317687988,32
2,dense_first,4,0.534331738948822,32
2,dense_first,5,0.5103211402893066,32
2,dense_first,6,0.4825102686882019,32
2,dense_first,7,0.48105859756469727,32
2,dense_first,8,0.4738787114620209,32
2,dense_first,9,0.48057639598846436,32
2,dense_first,10,0.45574039220809937,32
2,b0_first,1,1.199183464050293,32
2,b0_first,2,0.967981219291687,32
2,b0_first,3,0.7437362670898438,32
2,b0_first,4,0.6510235667228699,32
2,b0_first,5,0.6138951778411865,32
2,b0_first,6,0.5376560091972351,32
2,b0_first,7,0.5124154090881348,32
2,b0_first,8,0.4904213845729828,32
2,b0_first,9,0.48127079010009766,32
2,b0_first,10,0.4629298150539398,32
2,oracle_first,1,0.17164793610572815,32
2,oracle_first,2,0.2112010270357132,32
2,oracle_first,3,0.2727852463722229,32
2,oracle_first,4,0.3282446265220642,32
2,oracle_first,5,0.3381376564502716,32
2,oracle_first,6,0.3536596894264221,32
2,oracle_first,7,0.35422080755233765,32
2,oracle_first,8,0.3551769256591797,32
2,oracle_first,9,0.36088478565216064,32
2,oracle_first,10,0.3787238597869873,32
3,dense_first,1,0.856972336769104,32
3,dense_first,2,0.5368510484695435,32
3,dense_first,3,0.3871097266674042,32
3,dense_first,4,0.2940349578857422,32
3,dense_first,5,0.28252264857292175,32
3,dense_first,6,0.25114840269088745,32
3,dense_first,7,0.24473890662193298,32
3,dense_first,8,0.22753533720970154,32
3,dense_first,9,0.21384240686893463,32
3,dense_first,10,0.1538255214691162,32
3,b0_first,1,0.32846787571907043,32
3,b0_first,2,0.258309930562973,32
3,b0_first,3,0.21848753094673157,32
3,b0_first,4,0.19369855523109436,32
3,b0_first,5,0.18005645275115967,32
3,b0_first,6,0.1719401478767395,32
3,b0_first,7,0.16892868280410767,32
3,b0_first,8,0.15796737372875214,32
3,b0_first,9,0.14888609945774078,32
3,b0_first,10,0.14219900965690613,32
3,oracle_first,1,0.10512931644916534,32
3,oracle_first,2,0.14822566509246826,32
3,oracle_first,3,0.12744688987731934,32
3,oracle_first,4,0.10843953490257263,32
3,oracle_first,5,0.10925699770450592,32
3,oracle_first,6,0.1104639321565628,32
3,oracle_first,7,0.10636456310749054,32
3,oracle_first,8,0.11193133145570755,32
3,oracle_first,9,0.10669155418872833,32
3,oracle_first,10,0.1069180965423584,32
4,dense_first,1,1.3385870456695557,32
4,dense_first,2,0.8792690634727478,32
4,dense_first,3,0.6917057037353516,32
4,dense_first,4,0.6366700530052185,32
4,dense_first,5,0.6968989372253418,32
4,dense_first,6,0.6471322178840637,32
4,dense_first,7,0.5718548893928528,32
4,dense_first,8,0.5097426772117615,32
4,dense_first,9,0.4665301740169525,32
4,dense_first,10,0.4302840530872345,32
4,b0_first,1,0.7016866207122803,32
4,b0_first,2,0.679382860660553,32
4,b0_first,3,0.6395938992500305,32
4,b0_first,4,0.5795760154724121,32
4,b0_first,5,0.5465153455734253,32
4,b0_first,6,0.5190805196762085,32
4,b0_first,7,0.49012571573257446,32
4,b0_first,8,0.46519988775253296,32
4,b0_first,9,0.4504520893096924,32
4,b0_first,10,0.43433868885040283,32
4,oracle_first,1,0.12493181228637695,32
4,oracle_first,2,0.12482985854148865,32
4,oracle_first,3,0.13790103793144226,32
4,oracle_first,4,0.14459830522537231,32
4,oracle_first,5,0.1535026580095291,32
4,oracle_first,6,0.2338380217552185,32
4,oracle_first,7,0.2678797245025635,32
4,oracle_first,8,0.26095181703567505,32
4,oracle_first,9,0.2559419870376587,32
4,oracle_first,10,0.2436084747314453,32
5,dense_first,1,0.4029556214809418,32
5,dense_first,2,0.2436603456735611,32
5,dense_first,3,0.2345515787601471,32
5,dense_first,4,0.19981253147125244,32
5,dense_first,5,0.19090822339057922,32
5,dense_first,6,0.175398051738739,32
5,dense_first,7,0.16434380412101746,32
5,dense_first,8,0.15623503923416138,32
5,dense_first,9,0.14868123829364777,32
5,dense_first,10,0.14439259469509125,32
5,b0_first,1,0.17118290066719055,32
5,b0_first,2,0.16357532143592834,32
5,b0_first,3,0.15277937054634094,32
5,b0_first,4,0.141988605260849,32
5,b0_first,5,0.13619308173656464,32
5,b0_first,6,0.1280631422996521,32
5,b0_first,7,0.12610208988189697,32
5,b0_first,8,0.12547126412391663,32
5,b0_first,9,0.12281346321105957,32
5,b0_first,10,0.12008026987314224,32
5,oracle_first,1,0.06523284316062927,32
5,oracle_first,2,0.07212895900011063,32
5,oracle_first,3,0.07764594256877899,32
5,oracle_first,4,0.08378142863512039,32
5,oracle_first,5,0.08488788455724716,32
5,oracle_first,6,0.09215622395277023,32
5,oracle_first,7,0.09299304336309433,32
5,oracle_first,8,0.09688285738229752,32
5,oracle_first,9,0.09564001858234406,32
5,oracle_first,10,0.09751471877098083,32
6,dense_first,1,0.19585171341896057,32
6,dense_first,2,0.13390877842903137,32
6,dense_first,3,0.11210522800683975,32
6,dense_first,4,0.098409004509449,32
6,dense_first,5,0.09545927494764328,32
6,dense_first,6,0.07987566292285919,32
6,dense_first,7,0.0852033942937851,32
6,dense_first,8,0.09183625876903534,32
6,dense_first,9,0.09078051149845123,32
6,dense_first,10,0.091612309217453,32
6,b0_first,1,0.1504841446876526,32
6,b0_first,2,0.1297350972890854,32
6,b0_first,3,0.1048399806022644,32
6,b0_first,4,0.09344489872455597,32
6,b0_first,5,0.08733397722244263,32
6,b0_first,6,0.08337774872779846,32
6,b0_first,7,0.08152484893798828,32
6,b0_first,8,0.08448173105716705,32
6,b0_first,9,0.08959414064884186,32
6,b0_first,10,0.09157098084688187,32
6,oracle_first,1,0.018012527376413345,32
6,oracle_first,2,0.028003472834825516,32
6,oracle_first,3,0.029485229402780533,32
6,oracle_first,4,0.03725047409534454,32
6,oracle_first,5,0.038529448211193085,32
6,oracle_first,6,0.04194075986742973,32
6,oracle_first,7,0.04740346223115921,32
6,oracle_first,8,0.051523834466934204,32
6,oracle_first,9,0.05759310722351074,32
6,oracle_first,10,0.06087810918688774,32
0,dense_first,1,1.2415372133255005,32
0,dense_first,2,0.6818846464157104,32
0,dense_first,3,0.6113477945327759,32
0,dense_first,4,0.5216795802116394,32
0,dense_first,5,0.4756872057914734,32
0,dense_first,6,0.45834511518478394,32
0,dense_first,7,0.45651304721832275,32
0,dense_first,8,0.43939781188964844,32
0,dense_first,9,0.4226546287536621,32
0,dense_first,10,0.4016021490097046,32
0,b0_first,1,0.6385000944137573,32
0,b0_first,2,0.5242313146591187,32
0,b0_first,3,0.4491918087005615,32
0,b0_first,4,0.4252730906009674,32
0,b0_first,5,0.4094020128250122,32
0,b0_first,6,0.39699798822402954,32
0,b0_first,7,0.39141470193862915,32
0,b0_first,8,0.39471951127052307,32
0,b0_first,9,0.39040154218673706,32
0,b0_first,10,0.3834220767021179,32
0,oracle_first,1,0.2297246903181076,32
0,oracle_first,2,0.2749127149581909,32
0,oracle_first,3,0.3090900778770447,32
0,oracle_first,4,0.3323897123336792,32
0,oracle_first,5,0.32681193947792053,32
0,oracle_first,6,0.3415391445159912,32
0,oracle_first,7,0.3545847535133362,32
0,oracle_first,8,0.33673396706581116,32
0,oracle_first,9,0.3442794978618622,32
0,oracle_first,10,0.3347522020339966,32
1,dense_first,1,0.5306363105773926,32
1,dense_first,2,0.3292779326438904,32
1,dense_first,3,0.2811421751976013,32
1,dense_first,4,0.24382895231246948,32
1,dense_first,5,0.2405754178762436,32
1,dense_first,6,0.22192922234535217,32
1,dense_first,7,0.20725901424884796,32
1,dense_first,8,0.19147688150405884,32
1,dense_first,9,0.1771518886089325,32
1,dense_first,10,0.17130455374717712,32
1,b0_first,1,0.3902827203273773,32
1,b0_first,2,0.31791579723358154,32
1,b0_first,3,0.2694340944290161,32
1,b0_first,4,0.23226529359817505,32
1,b0_first,5,0.22002142667770386,32
1,b0_first,6,0.2063455581665039,32
1,b0_first,7,0.19452092051506042,32
1,b0_first,8,0.186078742146492,32
1,b0_first,9,0.18364810943603516,32
1,b0_first,10,0.17892944812774658,32
1,oracle_first,1,0.12533676624298096,32
1,oracle_first,2,0.15337783098220825,32
1,oracle_first,3,0.1488930583000183,32
1,oracle_first,4,0.16161371767520905,32
1,oracle_first,5,0.1575169563293457,32
1,oracle_first,6,0.15178655087947845,32
1,oracle_first,7,0.15814468264579773,32
1,oracle_first,8,0.15716342628002167,32
1,oracle_first,9,0.15017099678516388,32
1,oracle_first,10,0.1475338339805603,32
2,dense_first,1,1.0950639247894287,32
2,dense_first,2,0.823775053024292,32
2,dense_first,3,0.6275350451469421,32
2,dense_first,4,0.5243873596191406,32
2,dense_first,5,0.5067548751831055,32
2,dense_first,6,0.4776528775691986,32
2,dense_first,7,0.45742231607437134,32
2,dense_first,8,0.4542856216430664,32
2,dense_first,9,0.46517038345336914,32
2,dense_first,10,0.45846396684646606,32
2,b0_first,1,0.8396690487861633,32
2,b0_first,2,0.727557897567749,32
2,b0_first,3,0.6239985227584839,32
2,b0_first,4,0.5638630986213684,32
2,b0_first,5,0.5102946758270264,32
2,b0_first,6,0.4935188591480255,32
2,b0_first,7,0.4812447428703308,32
2,b0_first,8,0.4660273492336273,32
2,b0_first,9,0.46932363510131836,32
2,b0_first,10,0.46081846952438354,32
2,oracle_first,1,0.22342252731323242,32
2,oracle_first,2,0.3412896990776062,32
2,oracle_first,3,0.38842687010765076,32
2,oracle_first,4,0.4061794877052307,32
2,oracle_first,5,0.38982295989990234,32
2,oracle_first,6,0.40036502480506897,32
2,oracle_first,7,0.4019945561885834,32
2,oracle_first,8,0.3971061110496521,32
2,oracle_first,9,0.3931392431259155,32
2,oracle_first,10,0.39886176586151123,32
3,dense_first,1,0.4327816367149353,32
3,dense_first,2,0.33864110708236694,32
3,dense_first,3,0.28017961978912354,32
3,dense_first,4,0.23300935328006744,32
3,dense_first,5,0.2598184049129486,32
3,dense_first,6,0.2415136694908142,32
3,dense_first,7,0.23578017950057983,32
3,dense_first,8,0.22298642992973328,32
3,dense_first,9,0.20537951588630676,32
3,dense_first,10,0.19297492504119873,32
3,b0_first,1,0.5614060163497925,32
3,b0_first,2,0.435597687959671,32
3,b0_first,3,0.3643827438354492,32
3,b0_first,4,0.3275032639503479,32
3,b0_first,5,0.2961386442184448,32
3,b0_first,6,0.27067339420318604,32
3,b0_first,7,0.242076113820076,32
3,b0_first,8,0.22563879191875458,32
3,b0_first,9,0.21615959703922272,32
3,b0_first,10,0.20274275541305542,32
3,oracle_first,1,0.10449396073818207,32
3,oracle_first,2,0.1460130661725998,32
3,oracle_first,3,0.1454356461763382,32
3,oracle_first,4,0.1418529897928238,32
3,oracle_first,5,0.14423668384552002,32
3,oracle_first,6,0.14316490292549133,32
3,oracle_first,7,0.14993159472942352,32
3,oracle_first,8,0.1431422233581543,32
3,oracle_first,9,0.14112314581871033,32
3,oracle_first,10,0.1327398121356964,32
4,dense_first,1,0.9245120882987976,32
4,dense_first,2,0.936393141746521,32
4,dense_first,3,0.8735343813896179,32
4,dense_first,4,0.7079341411590576,32
4,dense_first,5,0.6438159942626953,32
4,dense_first,6,0.5513617992401123,32
4,dense_first,7,0.5215936899185181,32
4,dense_first,8,0.4982810616493225,32
4,dense_first,9,0.45641061663627625,32
4,dense_first,10,0.38613271713256836,32
4,b0_first,1,0.5402669906616211,32
4,b0_first,2,0.5346186757087708,32
4,b0_first,3,0.5212022662162781,32
4,b0_first,4,0.4723438322544098,32
4,b0_first,5,0.4146265387535095,32
4,b0_first,6,0.40245047211647034,32
4,b0_first,7,0.3711148500442505,32
4,b0_first,8,0.3576192855834961,32
4,b0_first,9,0.3390995264053345,32
4,b0_first,10,0.3305845856666565,32
4,oracle_first,1,0.13005082309246063,32
4,oracle_first,2,0.13607758283615112,32
4,oracle_first,3,0.13981685042381287,32
4,oracle_first,4,0.16549307107925415,32
4,oracle_first,5,0.16753238439559937,32
4,oracle_first,6,0.1870543658733368,32
4,oracle_first,7,0.18883171677589417,32
4,oracle_first,8,0.19718410074710846,32
4,oracle_first,9,0.19793011248111725,32
4,oracle_first,10,0.20000718533992767,32
5,dense_first,1,0.6809039115905762,32
5,dense_first,2,0.44418492913246155,32
5,dense_first,3,0.4089165925979614,32
5,dense_first,4,0.3249858319759369,32
5,dense_first,5,0.27474451065063477,32
5,dense_first,6,0.25807860493659973,32
5,dense_first,7,0.23772688210010529,32
5,dense_first,8,0.22562529146671295,32
5,dense_first,9,0.20297975838184357,32
5,dense_first,10,0.18692347407341003,32
5,b0_first,1,0.2625533938407898,32
5,b0_first,2,0.24783097207546234,32
5,b0_first,3,0.2377845048904419,32
5,b0_first,4,0.2282150387763977,32
5,b0_first,5,0.21962210536003113,32
5,b0_first,6,0.21265211701393127,32
5,b0_first,7,0.20275844633579254,32
5,b0_first,8,0.19346508383750916,32
5,b0_first,9,0.18357199430465698,32
5,b0_first,10,0.17854002118110657,32
5,oracle_first,1,0.06680114567279816,32
5,oracle_first,2,0.08736163377761841,32
5,oracle_first,3,0.09221406280994415,32
5,oracle_first,4,0.0969875305891037,32
5,oracle_first,5,0.10047239065170288,32
5,oracle_first,6,0.10503067076206207,32
5,oracle_first,7,0.10743139684200287,32
5,oracle_first,8,0.1108553409576416,32
5,oracle_first,9,0.1140781119465828,32
5,oracle_first,10,0.10843625664710999,32
6,dense_first,1,0.24903851747512817,32
6,dense_first,2,0.2008867859840393,32
6,dense_first,3,0.16404862701892853,32
6,dense_first,4,0.15402080118656158,32
6,dense_first,5,0.16245269775390625,32
6,dense_first,6,0.1744922697544098,32
6,dense_first,7,0.18669036030769348,32
6,dense_first,8,0.2098715603351593,32
6,dense_first,9,0.21879133582115173,32
6,dense_first,10,0.22264255583286285,32
6,b0_first,1,0.2536821961402893,32
6,b0_first,2,0.2273138165473938,32
6,b0_first,3,0.21947833895683289,32
6,b0_first,4,0.20808270573616028,32
6,b0_first,5,0.20712143182754517,32
6,b0_first,6,0.20303964614868164,32
6,b0_first,7,0.21058154106140137,32
6,b0_first,8,0.2157990038394928,32
6,b0_first,9,0.227579727768898,32
6,b0_first,10,0.23062875866889954,32
6,oracle_first,1,0.03237355127930641,32
6,oracle_first,2,0.09554091095924377,32
6,oracle_first,3,0.09538828581571579,32
6,oracle_first,4,0.11333005130290985,32
6,oracle_first,5,0.11042917519807816,32
6,oracle_first,6,0.11847586184740067,32
6,oracle_first,7,0.1307148039340973,32
6,oracle_first,8,0.14449207484722137,32
6,oracle_first,9,0.15075597167015076,32
6,oracle_first,10,0.16377830505371094,32
0,dense_first,1,1.180945634841919,32
0,dense_first,2,0.6506356596946716,32
0,dense_first,3,0.5536839962005615,32
0,dense_first,4,0.4800543189048767,32
0,dense_first,5,0.4332578778266907,32
0,dense_first,6,0.4298287034034729,32
0,dense_first,7,0.4121279716491699,32
0,dense_first,8,0.3932769298553467,32
0,dense_first,9,0.3823355436325073,32
0,dense_first,10,0.37670257687568665,32
0,b0_first,1,0.7451412677764893,32
0,b0_first,2,0.6539013385772705,32
0,b0_first,3,0.49038222432136536,32
0,b0_first,4,0.4363831579685211,32
0,b0_first,5,0.4137607514858246,32
0,b0_first,6,0.4158318042755127,32
0,b0_first,7,0.39805445075035095,32
0,b0_first,8,0.3945024013519287,32
0,b0_first,9,0.38091856241226196,32
0,b0_first,10,0.3654756546020508,32
0,oracle_first,1,0.17977595329284668,32
0,oracle_first,2,0.28224682807922363,32
0,oracle_first,3,0.39454221725463867,32
0,oracle_first,4,0.36822330951690674,32
0,oracle_first,5,0.3689107298851013,32
0,oracle_first,6,0.3563367426395416,32
0,oracle_first,7,0.3620566129684448,32
0,oracle_first,8,0.35502350330352783,32
0,oracle_first,9,0.3392521142959595,32
0,oracle_first,10,0.33416980504989624,32
1,dense_first,1,0.4869859516620636,32
1,dense_first,2,0.3627506494522095,32
1,dense_first,3,0.2741599678993225,32
1,dense_first,4,0.25067204236984253,32
1,dense_first,5,0.2423180639743805,32
1,dense_first,6,0.2277735024690628,32
1,dense_first,7,0.21642810106277466,32
1,dense_first,8,0.2120026797056198,32
1,dense_first,9,0.20947003364562988,32
1,dense_first,10,0.21122902631759644,32
1,b0_first,1,0.3732250928878784,32
1,b0_first,2,0.29159480333328247,32
1,b0_first,3,0.2632993161678314,32
1,b0_first,4,0.24277867376804352,32
1,b0_first,5,0.22334024310112,32
1,b0_first,6,0.21395137906074524,32
1,b0_first,7,0.20632044970989227,32
1,b0_first,8,0.19710060954093933,32
1,b0_first,9,0.19240328669548035,32
1,b0_first,10,0.1889062225818634,32
1,oracle_first,1,0.12670385837554932,32
1,oracle_first,2,0.1881229430437088,32
1,oracle_first,3,0.1628570556640625,32
1,oracle_first,4,0.15054111182689667,32
1,oracle_first,5,0.15127505362033844,32
1,oracle_first,6,0.1595596820116043,32
1,oracle_first,7,0.15795159339904785,32
1,oracle_first,8,0.1564067006111145,32
1,oracle_first,9,0.15832342207431793,32
1,oracle_first,10,0.15874755382537842,32
2,dense_first,1,0.960148274898529,32
2,dense_first,2,0.7398059368133545,32
2,dense_first,3,0.6359970569610596,32
2,dense_first,4,0.503079891204834,32
2,dense_first,5,0.46222954988479614,32
2,dense_first,6,0.4376316964626312,32
2,dense_first,7,0.43647152185440063,32
2,dense_first,8,0.4096217751502991,32
2,dense_first,9,0.38979262113571167,32
2,dense_first,10,0.385037899017334,32
2,b0_first,1,0.6901261806488037,32
2,b0_first,2,0.6301547288894653,32
2,b0_first,3,0.5585407018661499,32
2,b0_first,4,0.4891808032989502,32
2,b0_first,5,0.45181599259376526,32
2,b0_first,6,0.42118245363235474,32
2,b0_first,7,0.400726318359375,32
2,b0_first,8,0.394447386264801,32
2,b0_first,9,0.36364099383354187,32
2,b0_first,10,0.3587389886379242,32
2,oracle_first,1,0.1838337779045105,32
2,oracle_first,2,0.4242619276046753,32
2,oracle_first,3,0.4709773063659668,32
2,oracle_first,4,0.41906848549842834,32
2,oracle_first,5,0.40842384099960327,32
2,oracle_first,6,0.38526684045791626,32
2,oracle_first,7,0.3743746280670166,32
2,oracle_first,8,0.36695095896720886,32
2,oracle_first,9,0.3590371608734131,32
2,oracle_first,10,0.35620662569999695,32
3,dense_first,1,0.39837443828582764,32
3,dense_first,2,0.3422471284866333,32
3,dense_first,3,0.28839510679244995,32
3,dense_first,4,0.29303276538848877,32
3,dense_first,5,0.29396897554397583,32
3,dense_first,6,0.2897813618183136,32
3,dense_first,7,0.2582288086414337,32
3,dense_first,8,0.25711435079574585,32
3,dense_first,9,0.25266534090042114,32
3,dense_first,10,0.24639500677585602,32
3,b0_first,1,0.5127580165863037,32
3,b0_first,2,0.4498174786567688,32
3,b0_first,3,0.3697800636291504,32
3,b0_first,4,0.3308386206626892,32
3,b0_first,5,0.2728245258331299,32
3,b0_first,6,0.2611538767814636,32
3,b0_first,7,0.24059592187404633,32
3,b0_first,8,0.22743713855743408,32
3,b0_first,9,0.2246094048023224,32
3,b0_first,10,0.21775712072849274,32
3,oracle_first,1,0.1033797413110733,32
3,oracle_first,2,0.11804583668708801,32
3,oracle_first,3,0.13132452964782715,32
3,oracle_first,4,0.1308993101119995,32
3,oracle_first,5,0.13430854678153992,32
3,oracle_first,6,0.13295796513557434,32
3,oracle_first,7,0.13687622547149658,32
3,oracle_first,8,0.13549458980560303,32
3,oracle_first,9,0.13376887142658234,32
3,oracle_first,10,0.13419371843338013,32
4,dense_first,1,0.8993296027183533,32
4,dense_first,2,0.8595714569091797,32
4,dense_first,3,0.8593127727508545,32
4,dense_first,4,0.643623948097229,32
4,dense_first,5,0.54593825340271,32
4,dense_first,6,0.5071582198143005,32
4,dense_first,7,0.43870431184768677,32
4,dense_first,8,0.410908043384552,32
4,dense_first,9,0.3871743083000183,32
4,dense_first,10,0.3657492995262146,32
4,b0_first,1,0.5252156257629395,32
4,b0_first,2,0.523338258266449,32
4,b0_first,3,0.4951038956642151,32
4,b0_first,4,0.4776480197906494,32
4,b0_first,5,0.4448668956756592,32
4,b0_first,6,0.42784643173217773,32
4,b0_first,7,0.4031990170478821,32
4,b0_first,8,0.3769773542881012,32
4,b0_first,9,0.36908426880836487,32
4,b0_first,10,0.3594585359096527,32
4,oracle_first,1,0.12924163043498993,32
4,oracle_first,2,0.12856224179267883,32
4,oracle_first,3,0.13465973734855652,32
4,oracle_first,4,0.14653703570365906,32
4,oracle_first,5,0.15189699828624725,32
4,oracle_first,6,0.1760619580745697,32
4,oracle_first,7,0.18593156337738037,32
4,oracle_first,8,0.18421104550361633,32
4,oracle_first,9,0.17590977251529694,32
4,oracle_first,10,0.17069420218467712,32
5,dense_first,1,0.3696906864643097,32
5,dense_first,2,0.23909951746463776,32
5,dense_first,3,0.2129572182893753,32
5,dense_first,4,0.1922946274280548,32
5,dense_first,5,0.16916300356388092,32
5,dense_first,6,0.15337729454040527,32
5,dense_first,7,0.1413639485836029,32
5,dense_first,8,0.13372205197811127,32
5,dense_first,9,0.12383652478456497,32
5,dense_first,10,0.12239543348550797,32
5,b0_first,1,0.2906029224395752,32
5,b0_first,2,0.25935930013656616,32
5,b0_first,3,0.23800963163375854,32
5,b0_first,4,0.22297510504722595,32
5,b0_first,5,0.21120068430900574,32
5,b0_first,6,0.20357872545719147,32
5,b0_first,7,0.191654235124588,32
5,b0_first,8,0.18336528539657593,32
5,b0_first,9,0.17474380135536194,32
5,b0_first,10,0.16743388772010803,32
5,oracle_first,1,0.05900287255644798,32
5,oracle_first,2,0.07419797033071518,32
5,oracle_first,3,0.07903315126895905,32
5,oracle_first,4,0.0915243923664093,32
5,oracle_first,5,0.08715803921222687,32
5,oracle_first,6,0.08807447552680969,32
5,oracle_first,7,0.08926890790462494,32
5,oracle_first,8,0.08615264296531677,32
5,oracle_first,9,0.08887014538049698,32
5,oracle_first,10,0.09192602336406708,32
6,dense_first,1,0.17377719283103943,32
6,dense_first,2,0.11554824560880661,32
6,dense_first,3,0.1026458889245987,32
6,dense_first,4,0.10922926664352417,32
6,dense_first,5,0.11645640432834625,32
6,dense_first,6,0.14204061031341553,32
6,dense_first,7,0.16590645909309387,32
6,dense_first,8,0.19491778314113617,32
6,dense_first,9,0.1994035243988037,32
6,dense_first,10,0.1978280395269394,32
6,b0_first,1,0.5107479095458984,32
6,b0_first,2,0.44841668009757996,32
6,b0_first,3,0.4227065145969391,32
6,b0_first,4,0.39663398265838623,32
6,b0_first,5,0.39673179388046265,32
6,b0_first,6,0.3860124349594116,32
6,b0_first,7,0.3777824640274048,32
6,b0_first,8,0.373989999294281,32
6,b0_first,9,0.3717809319496155,32
6,b0_first,10,0.37785977125167847,32
6,oracle_first,1,0.02917727828025818,32
6,oracle_first,2,0.030670393258333206,32
6,oracle_first,3,0.033017560839653015,32
6,oracle_first,4,0.04923631250858307,32
6,oracle_first,5,0.062066033482551575,32
6,oracle_first,6,0.07007379829883575,32
6,oracle_first,7,0.09483309835195541,32
6,oracle_first,8,0.13311044871807098,32
6,oracle_first,9,0.14275726675987244,32
6,oracle_first,10,0.15789347887039185,32
0,dense_first,1,0.7870925664901733,32
0,dense_first,2,0.5294730067253113,32
0,dense_first,3,0.4442407786846161,32
0,dense_first,4,0.3839932084083557,32
0,dense_first,5,0.36134499311447144,32
0,dense_first,6,0.34112900495529175,32
0,dense_first,7,0.3135313391685486,32
0,dense_first,8,0.2959105372428894,32
0,dense_first,9,0.30057433247566223,32
0,dense_first,10,0.2944338917732239,32
0,b0_first,1,0.5742323994636536,32
0,b0_first,2,0.4821467101573944,32
0,b0_first,3,0.40369805693626404,32
0,b0_first,4,0.34455907344818115,32
0,b0_first,5,0.3230699300765991,32
0,b0_first,6,0.30017876625061035,32
0,b0_first,7,0.2826180160045624,32
0,b0_first,8,0.27660346031188965,32
0,b0_first,9,0.27454185485839844,32
0,b0_first,10,0.2785324454307556,32
0,oracle_first,1,0.21709401905536652,32
0,oracle_first,2,0.2566578984260559,32
0,oracle_first,3,0.3101167678833008,32
0,oracle_first,4,0.31618937849998474,32
0,oracle_first,5,0.2952073812484741,32
0,oracle_first,6,0.28615742921829224,32
0,oracle_first,7,0.27813154458999634,32
0,oracle_first,8,0.2757242023944855,32
0,oracle_first,9,0.27197933197021484,32
0,oracle_first,10,0.2558278441429138,32
1,dense_first,1,0.5646173357963562,32
1,dense_first,2,0.4156748354434967,32
1,dense_first,3,0.33738067746162415,32
1,dense_first,4,0.32495027780532837,32
1,dense_first,5,0.2912633717060089,32
1,dense_first,6,0.26941171288490295,32
1,dense_first,7,0.26630258560180664,32
1,dense_first,8,0.25299352407455444,32
1,dense_first,9,0.2493441104888916,32
1,dense_first,10,0.24061575531959534,32
1,b0_first,1,0.37365755438804626,32
1,b0_first,2,0.3307613432407379,32
1,b0_first,3,0.3059214651584625,32
1,b0_first,4,0.2806472182273865,32
1,b0_first,5,0.2801716923713684,32
1,b0_first,6,0.26219359040260315,32
1,b0_first,7,0.2464422881603241,32
1,b0_first,8,0.24339938163757324,32
1,b0_first,9,0.24286970496177673,32
1,b0_first,10,0.23911318182945251,32
1,oracle_first,1,0.14650757610797882,32
1,oracle_first,2,0.1905902624130249,32
1,oracle_first,3,0.1919776201248169,32
1,oracle_first,4,0.20740583539009094,32
1,oracle_first,5,0.2183428406715393,32
1,oracle_first,6,0.21318966150283813,32
1,oracle_first,7,0.2085898518562317,32
1,oracle_first,8,0.21415096521377563,32
1,oracle_first,9,0.21416562795639038,32
1,oracle_first,10,0.21096840500831604,32
2,dense_first,1,0.8040520548820496,32
2,dense_first,2,0.5128964185714722,32
2,dense_first,3,0.40509849786758423,32
2,dense_first,4,0.35457998514175415,32
2,dense_first,5,0.3317568898200989,32
2,dense_first,6,0.33669888973236084,32
2,dense_first,7,0.2980945408344269,32
2,dense_first,8,0.29691603779792786,32
2,dense_first,9,0.2894110381603241,32
2,dense_first,10,0.28360050916671753,32
2,b0_first,1,0.6329218149185181,32
2,b0_first,2,0.5049126744270325,32
2,b0_first,3,0.3873957693576813,32
2,b0_first,4,0.3341972231864929,32
2,b0_first,5,0.31106433272361755,32
2,b0_first,6,0.29868972301483154,32
2,b0_first,7,0.2957805395126343,32
2,b0_first,8,0.2886328101158142,32
2,b0_first,9,0.28095105290412903,32
2,b0_first,10,0.27879786491394043,32
2,oracle_first,1,0.2134331464767456,32
2,oracle_first,2,0.32276517152786255,32
2,oracle_first,3,0.34592747688293457,32
2,oracle_first,4,0.3229787051677704,32
2,oracle_first,5,0.3001311421394348,32
2,oracle_first,6,0.295928955078125,32
2,oracle_first,7,0.3031804859638214,32
2,oracle_first,8,0.2870793342590332,32
2,oracle_first,9,0.2712964415550232,32
2,oracle_first,10,0.2695685625076294,32
3,dense_first,1,0.49379050731658936,32
3,dense_first,2,0.4719874858856201,32
3,dense_first,3,0.42963707447052,32
3,dense_first,4,0.3320584297180176,32
3,dense_first,5,0.3039725720882416,32
3,dense_first,6,0.2949780225753784,32
3,dense_first,7,0.2614268660545349,32
3,dense_first,8,0.22634468972682953,32
3,dense_first,9,0.21767808496952057,32
3,dense_first,10,0.21120232343673706,32
3,b0_first,1,0.4405919313430786,32
3,b0_first,2,0.38199251890182495,32
3,b0_first,3,0.3335522413253784,32
3,b0_first,4,0.3048160970211029,32
3,b0_first,5,0.2697615623474121,32
3,b0_first,6,0.23670682311058044,32
3,b0_first,7,0.21766284108161926,32
3,b0_first,8,0.1994507610797882,32
3,b0_first,9,0.19925947487354279,32
3,b0_first,10,0.19597312808036804,32
3,oracle_first,1,0.11310583353042603,32
3,oracle_first,2,0.13088034093379974,32
3,oracle_first,3,0.13563773036003113,32
3,oracle_first,4,0.13749676942825317,32
3,oracle_first,5,0.13393810391426086,32
3,oracle_first,6,0.13619080185890198,32
3,oracle_first,7,0.14565429091453552,32
3,oracle_first,8,0.14135125279426575,32
3,oracle_first,9,0.14278534054756165,32
3,oracle_first,10,0.1488032042980194,32
4,dense_first,1,1.3427670001983643,32
4,dense_first,2,0.8926706314086914,32
4,dense_first,3,0.7009232044219971,32
4,dense_first,4,0.7157580852508545,32
4,dense_first,5,0.5994210243225098,32
4,dense_first,6,0.5606088638305664,32
4,dense_first,7,0.4771440923213959,32
4,dense_first,8,0.4191250205039978,32
4,dense_first,9,0.3741738796234131,32
4,dense_first,10,0.3654404878616333,32
4,b0_first,1,0.6313263773918152,32
4,b0_first,2,0.6276576519012451,32
4,b0_first,3,0.5947479009628296,32
4,b0_first,4,0.5558183193206787,32
4,b0_first,5,0.5253369808197021,32
4,b0_first,6,0.4993336498737335,32
4,b0_first,7,0.48496395349502563,32
4,b0_first,8,0.46882176399230957,32
4,b0_first,9,0.45164597034454346,32
4,b0_first,10,0.4449556767940521,32
4,oracle_first,1,0.16203844547271729,32
4,oracle_first,2,0.1613314151763916,32
4,oracle_first,3,0.172642782330513,32
4,oracle_first,4,0.18087494373321533,32
4,oracle_first,5,0.25865212082862854,32
4,oracle_first,6,0.2322922646999359,32
4,oracle_first,7,0.25006890296936035,32
4,oracle_first,8,0.2506279945373535,32
4,oracle_first,9,0.24101980030536652,32
4,oracle_first,10,0.23218974471092224,32
5,dense_first,1,0.30968886613845825,32
5,dense_first,2,0.24489043653011322,32
5,dense_first,3,0.21211814880371094,32
5,dense_first,4,0.19245374202728271,32
5,dense_first,5,0.18008536100387573,32
5,dense_first,6,0.17246955633163452,32
5,dense_first,7,0.16302022337913513,32
5,dense_first,8,0.15648016333580017,32
5,dense_first,9,0.14838893711566925,32
5,dense_first,10,0.15365642309188843,32
5,b0_first,1,0.3500472605228424,32
5,b0_first,2,0.3044878840446472,32
5,b0_first,3,0.28920719027519226,32
5,b0_first,4,0.27111855149269104,32
5,b0_first,5,0.26188144087791443,32
5,b0_first,6,0.25079554319381714,32
5,b0_first,7,0.23705458641052246,32
5,b0_first,8,0.22926482558250427,32
5,b0_first,9,0.2236313372850418,32
5,b0_first,10,0.21517518162727356,32
5,oracle_first,1,0.06232934445142746,32
5,oracle_first,2,0.07762511074542999,32
5,oracle_first,3,0.08770052343606949,32
5,oracle_first,4,0.09403800964355469,32
5,oracle_first,5,0.09958773106336594,32
5,oracle_first,6,0.10839876532554626,32
5,oracle_first,7,0.10816873610019684,32
5,oracle_first,8,0.10958559811115265,32
5,oracle_first,9,0.11240554600954056,32
5,oracle_first,10,0.1111716479063034,32
6,dense_first,1,0.11898325383663177,32
6,dense_first,2,0.11380062252283096,32
6,dense_first,3,0.10558481514453888,32
6,dense_first,4,0.11536774039268494,32
6,dense_first,5,0.11763449013233185,32
6,dense_first,6,0.12620344758033752,32
6,dense_first,7,0.15410754084587097,32
6,dense_first,8,0.1886986494064331,32
6,dense_first,9,0.16887834668159485,32
6,dense_first,10,0.18229523301124573,32
6,b0_first,1,0.41417914628982544,32
6,b0_first,2,0.3508135676383972,32
6,b0_first,3,0.33374178409576416,32
6,b0_first,4,0.32067134976387024,32
6,b0_first,5,0.30190861225128174,32
6,b0_first,6,0.2867541015148163,32
6,b0_first,7,0.2759784460067749,32
6,b0_first,8,0.26913881301879883,32
6,b0_first,9,0.26704588532447815,32
6,b0_first,10,0.267854779958725,32
6,oracle_first,1,0.02160707116127014,32
6,oracle_first,2,0.060139790177345276,32
6,oracle_first,3,0.07719902694225311,32
6,oracle_first,4,0.10344760864973068,32
6,oracle_first,5,0.09872036427259445,32
6,oracle_first,6,0.11554862558841705,32
6,oracle_first,7,0.1271011233329773,32
6,oracle_first,8,0.12100866436958313,32
6,oracle_first,9,0.12337122857570648,32
6,oracle_first,10,0.1289488971233368,32
0,dense_first,1,1.0944719314575195,32
0,dense_first,2,0.6844455003738403,32
0,dense_first,3,0.6369183659553528,32
0,dense_first,4,0.5573955178260803,32
0,dense_first,5,0.4859587848186493,32
0,dense_first,6,0.4518284797668457,32
0,dense_first,7,0.43125849962234497,32
0,dense_first,8,0.41940954327583313,32
0,dense_first,9,0.38568809628486633,32
0,dense_first,10,0.38003408908843994,32
0,b0_first,1,0.6679304242134094,32
0,b0_first,2,0.5999749302864075,32
0,b0_first,3,0.5260902643203735,32
0,b0_first,4,0.4919764995574951,32
0,b0_first,5,0.47179195284843445,32
0,b0_first,6,0.44459623098373413,32
0,b0_first,7,0.425167053937912,32
0,b0_first,8,0.39932745695114136,32
0,b0_first,9,0.3813304007053375,32
0,b0_first,10,0.36705514788627625,32
0,oracle_first,1,0.3112170994281769,32
0,oracle_first,2,0.36984437704086304,32
0,oracle_first,3,0.3641773462295532,32
0,oracle_first,4,0.3798016905784607,32
0,oracle_first,5,0.38328784704208374,32
0,oracle_first,6,0.3653208911418915,32
0,oracle_first,7,0.3534615933895111,32
0,oracle_first,8,0.34469735622406006,32
0,oracle_first,9,0.33988410234451294,32
0,oracle_first,10,0.33618324995040894,32
1,dense_first,1,0.5561327338218689,32
1,dense_first,2,0.473720908164978,32
1,dense_first,3,0.41986149549484253,32
1,dense_first,4,0.41565245389938354,32
1,dense_first,5,0.4186668395996094,32
1,dense_first,6,0.40810948610305786,32
1,dense_first,7,0.40050357580184937,32
1,dense_first,8,0.38167840242385864,32
1,dense_first,9,0.35630738735198975,32
1,dense_first,10,0.34597569704055786,32
1,b0_first,1,0.550965428352356,32
1,b0_first,2,0.47395944595336914,32
1,b0_first,3,0.4611959457397461,32
1,b0_first,4,0.4278615713119507,32
1,b0_first,5,0.4184250831604004,32
1,b0_first,6,0.3957442045211792,32
1,b0_first,7,0.3863518536090851,32
1,b0_first,8,0.37541019916534424,32
1,b0_first,9,0.3672381639480591,32
1,b0_first,10,0.3578435182571411,32
1,oracle_first,1,0.16405223309993744,32
1,oracle_first,2,0.20087125897407532,32
1,oracle_first,3,0.2658393681049347,32
1,oracle_first,4,0.2815206050872803,32
1,oracle_first,5,0.2877737879753113,32
1,oracle_first,6,0.27989184856414795,32
1,oracle_first,7,0.27715933322906494,32
1,oracle_first,8,0.2822273373603821,32
1,oracle_first,9,0.27725616097450256,32
1,oracle_first,10,0.28262537717819214,32
2,dense_first,1,1.232692837715149,32
2,dense_first,2,0.7818329334259033,32
2,dense_first,3,0.5709205865859985,32
2,dense_first,4,0.5097712874412537,32
2,dense_first,5,0.4697127938270569,32
2,dense_first,6,0.41844043135643005,32
2,dense_first,7,0.4066438674926758,32
2,dense_first,8,0.392900675535202,32
2,dense_first,9,0.3901897072792053,32
2,dense_first,10,0.38213691115379333,32
2,b0_first,1,0.6844722628593445,32
2,b0_first,2,0.603845477104187,32
2,b0_first,3,0.508186399936676,32
2,b0_first,4,0.44908249378204346,32
2,b0_first,5,0.4183148741722107,32
2,b0_first,6,0.3991434574127197,32
2,b0_first,7,0.38141217827796936,32
2,b0_first,8,0.3834798038005829,32
2,b0_first,9,0.3725206255912781,32
2,b0_first,10,0.37057220935821533,32
2,oracle_first,1,0.34304526448249817,32
2,oracle_first,2,0.36106520891189575,32
2,oracle_first,3,0.3817383646965027,32
2,oracle_first,4,0.3727721571922302,32
2,oracle_first,5,0.35995280742645264,32
2,oracle_first,6,0.35221216082572937,32
2,oracle_first,7,0.33943480253219604,32
2,oracle_first,8,0.3284633457660675,32
2,oracle_first,9,0.33138802647590637,32
2,oracle_first,10,0.3303244709968567,32
3,dense_first,1,0.5987091660499573,32
3,dense_first,2,0.5737135410308838,32
3,dense_first,3,0.4738583564758301,32
3,dense_first,4,0.44709154963493347,32
3,dense_first,5,0.3630489408969879,32
3,dense_first,6,0.3514149785041809,32
3,dense_first,7,0.35418808460235596,32
3,dense_first,8,0.33688122034072876,32
3,dense_first,9,0.3301506042480469,32
3,dense_first,10,0.3260655403137207,32
3,b0_first,1,0.5346968770027161,32
3,b0_first,2,0.4998635947704315,32
3,b0_first,3,0.42966127395629883,32
3,b0_first,4,0.3945378065109253,32
3,b0_first,5,0.3676828145980835,32
3,b0_first,6,0.36172783374786377,32
3,b0_first,7,0.33984673023223877,32
3,b0_first,8,0.3287442922592163,32
3,b0_first,9,0.3150441646575928,32
3,b0_first,10,0.30833056569099426,32
3,oracle_first,1,0.10741353034973145,32
3,oracle_first,2,0.14671875536441803,32
3,oracle_first,3,0.15688562393188477,32
3,oracle_first,4,0.15453268587589264,32
3,oracle_first,5,0.16815410554409027,32
3,oracle_first,6,0.17635411024093628,32
3,oracle_first,7,0.18170082569122314,32
3,oracle_first,8,0.20817933976650238,32
3,oracle_first,9,0.21101295948028564,32
3,oracle_first,10,0.21147342026233673,32
4,dense_first,1,1.0907087326049805,32
4,dense_first,2,1.0154006481170654,32
4,dense_first,3,0.8703104257583618,32
4,dense_first,4,0.7029341459274292,32
4,dense_first,5,0.6665205955505371,32
4,dense_first,6,0.6078155040740967,32
4,dense_first,7,0.5699512958526611,32
4,dense_first,8,0.5628030896186829,32
4,dense_first,9,0.5359377861022949,32
4,dense_first,10,0.5356777906417847,32
4,b0_first,1,0.6506577730178833,32
4,b0_first,2,0.6497544646263123,32
4,b0_first,3,0.6185089349746704,32
4,b0_first,4,0.5963295698165894,32
4,b0_first,5,0.5561872720718384,32
4,b0_first,6,0.5442034006118774,32
4,b0_first,7,0.5344451665878296,32
4,b0_first,8,0.5280517339706421,32
4,b0_first,9,0.5264185667037964,32
4,b0_first,10,0.518837571144104,32
4,oracle_first,1,0.2773647904396057,32
4,oracle_first,2,0.2934659719467163,32
4,oracle_first,3,0.35627850890159607,32
4,oracle_first,4,0.38100823760032654,32
4,oracle_first,5,0.4142525792121887,32
4,oracle_first,6,0.3777206540107727,32
4,oracle_first,7,0.37582194805145264,32
4,oracle_first,8,0.3726504445075989,32
4,oracle_first,9,0.3807123899459839,32
4,oracle_first,10,0.37074363231658936,32
5,dense_first,1,0.5020943880081177,32
5,dense_first,2,0.35757848620414734,32
5,dense_first,3,0.29763421416282654,32
5,dense_first,4,0.27957236766815186,32
5,dense_first,5,0.24747982621192932,32
5,dense_first,6,0.22959372401237488,32
5,dense_first,7,0.21239137649536133,32
5,dense_first,8,0.19812321662902832,32
5,dense_first,9,0.1906922161579132,32
5,dense_first,10,0.1864980310201645,32
5,b0_first,1,0.3562402129173279,32
5,b0_first,2,0.334545373916626,32
5,b0_first,3,0.320831298828125,32
5,b0_first,4,0.2901952266693115,32
5,b0_first,5,0.2716028094291687,32
5,b0_first,6,0.257257342338562,32
5,b0_first,7,0.2475416660308838,32
5,b0_first,8,0.2405979037284851,32
5,b0_first,9,0.23297256231307983,32
5,b0_first,10,0.2230023741722107,32
5,oracle_first,1,0.11207714676856995,32
5,oracle_first,2,0.12351782619953156,32
5,oracle_first,3,0.13303422927856445,32
5,oracle_first,4,0.14069169759750366,32
5,oracle_first,5,0.14136332273483276,32
5,oracle_first,6,0.14288920164108276,32
5,oracle_first,7,0.14244145154953003,32
5,oracle_first,8,0.14571551978588104,32
5,oracle_first,9,0.14241522550582886,32
5,oracle_first,10,0.14258438348770142,32
6,dense_first,1,0.23620527982711792,32
6,dense_first,2,0.20852966606616974,32
6,dense_first,3,0.19403807818889618,32
6,dense_first,4,0.1746961921453476,32
6,dense_first,5,0.15003639459609985,32
6,dense_first,6,0.14112567901611328,32
6,dense_first,7,0.13163165748119354,32
6,dense_first,8,0.13449150323867798,32
6,dense_first,9,0.13822990655899048,32
6,dense_first,10,0.1275607943534851,32
6,b0_first,1,0.11156477779150009,32
6,b0_first,2,0.10171326249837875,32
6,b0_first,3,0.09235092997550964,32
6,b0_first,4,0.08301208913326263,32
6,b0_first,5,0.07961742579936981,32
6,b0_first,6,0.07596364617347717,32
6,b0_first,7,0.0697811022400856,32
6,b0_first,8,0.06366413086652756,32
6,b0_first,9,0.062055803835392,32
6,b0_first,10,0.05817684903740883,32
6,oracle_first,1,0.014289554208517075,32
6,oracle_first,2,0.04533112794160843,32
6,oracle_first,3,0.0393683984875679,32
6,oracle_first,4,0.03489133343100548,32
6,oracle_first,5,0.0373101569712162,32
6,oracle_first,6,0.033781155943870544,32
6,oracle_first,7,0.035898175090551376,32
6,oracle_first,8,0.03754487633705139,32
6,oracle_first,9,0.03890303149819374,32
6,oracle_first,10,0.039236463606357574,32
0,dense_first,1,1.8016979694366455,32
0,dense_first,2,1.2045502662658691,32
0,dense_first,3,1.097555160522461,32
0,dense_first,4,1.0933890342712402,32
0,dense_first,5,0.9793411493301392,32
0,dense_first,6,0.8722785711288452,32
0,dense_first,7,0.868497908115387,32
0,dense_first,8,0.8525782227516174,32
0,dense_first,9,0.8406826853752136,32
0,dense_first,10,0.8147398233413696,32
0,b0_first,1,0.8753530383110046,32
0,b0_first,2,0.8587732315063477,32
0,b0_first,3,0.7429516911506653,32
0,b0_first,4,0.7443451881408691,32
0,b0_first,5,0.7217651009559631,32
0,b0_first,6,0.7229735851287842,32
0,b0_first,7,0.7099369764328003,32
0,b0_first,8,0.6819815635681152,32
0,b0_first,9,0.6741756796836853,32
0,b0_first,10,0.6797630190849304,32
0,oracle_first,1,0.3131372332572937,32
0,oracle_first,2,0.371793657541275,32
0,oracle_first,3,0.48352479934692383,32
0,oracle_first,4,0.5601138472557068,32
0,oracle_first,5,0.5789547562599182,32
0,oracle_first,6,0.5868304967880249,32
0,oracle_first,7,0.6041663885116577,32
0,oracle_first,8,0.6097525358200073,32
0,oracle_first,9,0.6116161346435547,32
0,oracle_first,10,0.6175490617752075,32
1,dense_first,1,0.5680174231529236,32
1,dense_first,2,0.4779166579246521,32
1,dense_first,3,0.3993208110332489,32
1,dense_first,4,0.34572821855545044,32
1,dense_first,5,0.34548088908195496,32
1,dense_first,6,0.32673144340515137,32
1,dense_first,7,0.314495712518692,32
1,dense_first,8,0.29320430755615234,32
1,dense_first,9,0.2596774399280548,32
1,dense_first,10,0.25910061597824097,32
1,b0_first,1,0.4963257908821106,32
1,b0_first,2,0.4409824013710022,32
1,b0_first,3,0.3905569314956665,32
1,b0_first,4,0.35715925693511963,32
1,b0_first,5,0.33899927139282227,32
1,b0_first,6,0.33213281631469727,32
1,b0_first,7,0.3204019069671631,32
1,b0_first,8,0.30986714363098145,32
1,b0_first,9,0.3010280132293701,32
1,b0_first,10,0.28942573070526123,32
1,oracle_first,1,0.16474424302577972,32
1,oracle_first,2,0.24745948612689972,32
1,oracle_first,3,0.23800162971019745,32
1,oracle_first,4,0.2478298544883728,32
1,oracle_first,5,0.24397066235542297,32
1,oracle_first,6,0.2431456446647644,32
1,oracle_first,7,0.24652817845344543,32
1,oracle_first,8,0.24805183708667755,32
1,oracle_first,9,0.24608084559440613,32
1,oracle_first,10,0.2315348982810974,32
2,dense_first,1,1.8500845432281494,32
2,dense_first,2,1.1679861545562744,32
2,dense_first,3,0.9900088310241699,32
2,dense_first,4,0.8253798484802246,32
2,dense_first,5,0.7888903021812439,32
2,dense_first,6,0.7480825185775757,32
2,dense_first,7,0.7473366260528564,32
2,dense_first,8,0.7397555112838745,32
2,dense_first,9,0.7231060266494751,32
2,dense_first,10,0.703631579875946,32
2,b0_first,1,0.9685472249984741,32
2,b0_first,2,0.8736766576766968,32
2,b0_first,3,0.7831861972808838,32
2,b0_first,4,0.7489068508148193,32
2,b0_first,5,0.7025290131568909,32
2,b0_first,6,0.6993407607078552,32
2,b0_first,7,0.6956377029418945,32
2,b0_first,8,0.6719468832015991,32
2,b0_first,9,0.6641234755516052,32
2,b0_first,10,0.6655420064926147,32
2,oracle_first,1,0.3501253128051758,32
2,oracle_first,2,0.43231987953186035,32
2,oracle_first,3,0.45377862453460693,32
2,oracle_first,4,0.48905110359191895,32
2,oracle_first,5,0.5435754060745239,32
2,oracle_first,6,0.5348842144012451,32
2,oracle_first,7,0.553387463092804,32
2,oracle_first,8,0.5735558271408081,32
2,oracle_first,9,0.5739032030105591,32
2,oracle_first,10,0.5907238721847534,32
3,dense_first,1,0.7677356600761414,32
3,dense_first,2,0.4184681475162506,32
3,dense_first,3,0.38618406653404236,32
3,dense_first,4,0.2856892943382263,32
3,dense_first,5,0.2704892158508301,32
3,dense_first,6,0.24676692485809326,32
3,dense_first,7,0.21681904792785645,32
3,dense_first,8,0.20799173414707184,32
3,dense_first,9,0.20267580449581146,32
3,dense_first,10,0.20863917469978333,32
3,b0_first,1,0.328651487827301,32
3,b0_first,2,0.296196848154068,32
3,b0_first,3,0.24883151054382324,32
3,b0_first,4,0.23631975054740906,32
3,b0_first,5,0.22186222672462463,32
3,b0_first,6,0.2087782919406891,32
3,b0_first,7,0.20107586681842804,32
3,b0_first,8,0.1952611207962036,32
3,b0_first,9,0.1890026181936264,32
3,b0_first,10,0.18487854301929474,32
3,oracle_first,1,0.10621364414691925,32
3,oracle_first,2,0.15871486067771912,32
3,oracle_first,3,0.14460621774196625,32
3,oracle_first,4,0.14708903431892395,32
3,oracle_first,5,0.14335641264915466,32
3,oracle_first,6,0.146263986825943,32
3,oracle_first,7,0.14923211932182312,32
3,oracle_first,8,0.13789662718772888,32
3,oracle_first,9,0.13924632966518402,32
3,oracle_first,10,0.13817355036735535,32
4,dense_first,1,1.4630850553512573,32
4,dense_first,2,1.118868350982666,32
4,dense_first,3,0.9472559690475464,32
4,dense_first,4,0.7103224992752075,32
4,dense_first,5,0.6580512523651123,32
4,dense_first,6,0.6595051884651184,32
4,dense_first,7,0.5706882476806641,32
4,dense_first,8,0.5537963509559631,32
4,dense_first,9,0.5226774215698242,32
4,dense_first,10,0.5181055665016174,32
4,b0_first,1,0.6625401973724365,32
4,b0_first,2,0.659915030002594,32
4,b0_first,3,0.6246830224990845,32
4,b0_first,4,0.603643536567688,32
4,b0_first,5,0.5727721452713013,32
4,b0_first,6,0.5486403703689575,32
4,b0_first,7,0.5201325416564941,32
4,b0_first,8,0.502957284450531,32
4,b0_first,9,0.48297932744026184,32
4,b0_first,10,0.46533164381980896,32
4,oracle_first,1,0.2870263159275055,32
4,oracle_first,2,0.3063606917858124,32
4,oracle_first,3,0.5028722882270813,32
4,oracle_first,4,0.45455893874168396,32
4,oracle_first,5,0.48667198419570923,32
4,oracle_first,6,0.44707199931144714,32
4,oracle_first,7,0.47195976972579956,32
4,oracle_first,8,0.4475511908531189,32
4,oracle_first,9,0.45334386825561523,32
4,oracle_first,10,0.43961358070373535,32
5,dense_first,1,0.5273299217224121,32
5,dense_first,2,0.33646225929260254,32
5,dense_first,3,0.30035465955734253,32
5,dense_first,4,0.29082727432250977,32
5,dense_first,5,0.2719910740852356,32
5,dense_first,6,0.26507917046546936,32
5,dense_first,7,0.24201683700084686,32
5,dense_first,8,0.23427072167396545,32
5,dense_first,9,0.23158088326454163,32
5,dense_first,10,0.2286507934331894,32
5,b0_first,1,0.24210137128829956,32
5,b0_first,2,0.23163995146751404,32
5,b0_first,3,0.22280985116958618,32
5,b0_first,4,0.21825699508190155,32
5,b0_first,5,0.21035495400428772,32
5,b0_first,6,0.20561179518699646,32
5,b0_first,7,0.20306307077407837,32
5,b0_first,8,0.20002001523971558,32
5,b0_first,9,0.19869594275951385,32
5,b0_first,10,0.1977742314338684,32
5,oracle_first,1,0.12622323632240295,32
5,oracle_first,2,0.15176278352737427,32
5,oracle_first,3,0.1709129363298416,32
5,oracle_first,4,0.18972332775592804,32
5,oracle_first,5,0.19226905703544617,32
5,oracle_first,6,0.1957007646560669,32
5,oracle_first,7,0.19292210042476654,32
5,oracle_first,8,0.1860003024339676,32
5,oracle_first,9,0.18624477088451385,32
5,oracle_first,10,0.18896742165088654,32
6,dense_first,1,0.18439190089702606,32
6,dense_first,2,0.1519281268119812,32
6,dense_first,3,0.1221604198217392,32
6,dense_first,4,0.10937798023223877,32
6,dense_first,5,0.08819356560707092,32
6,dense_first,6,0.0739000141620636,32
6,dense_first,7,0.07102297246456146,32
6,dense_first,8,0.06398099660873413,32
6,dense_first,9,0.06284809112548828,32
6,dense_first,10,0.06243123114109039,32
6,b0_first,1,0.08027276396751404,32
6,b0_first,2,0.07205069065093994,32
6,b0_first,3,0.05984024703502655,32
6,b0_first,4,0.05313108488917351,32
6,b0_first,5,0.0473296083509922,32
6,b0_first,6,0.041336096823215485,32
6,b0_first,7,0.037428099662065506,32
6,b0_first,8,0.035682518035173416,32
6,b0_first,9,0.03448573499917984,32
6,b0_first,10,0.03292405605316162,32
6,oracle_first,1,0.013262389227747917,32
6,oracle_first,2,0.03436519205570221,32
6,oracle_first,3,0.032272666692733765,32
6,oracle_first,4,0.033995144069194794,32
6,oracle_first,5,0.03445243090391159,32
6,oracle_first,6,0.03462695702910423,32
6,oracle_first,7,0.031458500772714615,32
6,oracle_first,8,0.029722465202212334,32
6,oracle_first,9,0.028860382735729218,32
6,oracle_first,10,0.028188303112983704,32
0,dense_first,1,1.7599531412124634,32
0,dense_first,2,1.3392443656921387,32
0,dense_first,3,1.2403981685638428,32
0,dense_first,4,0.9596765041351318,32
0,dense_first,5,0.9402430057525635,32
0,dense_first,6,0.9009841680526733,32
0,dense_first,7,0.8848596811294556,32
0,dense_first,8,0.869499683380127,32
0,dense_first,9,0.8416569828987122,32
0,dense_first,10,0.8050062656402588,32
0,b0_first,1,1.0669687986373901,32
0,b0_first,2,1.0014077425003052,32
0,b0_first,3,0.9182236194610596,32
0,b0_first,4,0.8908203840255737,32
0,b0_first,5,0.8172203302383423,32
0,b0_first,6,0.8075737357139587,32
0,b0_first,7,0.7999442219734192,32
0,b0_first,8,0.7976929545402527,32
0,b0_first,9,0.78059983253479,32
0,b0_first,10,0.7636793851852417,32
0,oracle_first,1,0.3214567303657532,32
0,oracle_first,2,0.4585399627685547,32
0,oracle_first,3,0.57410728931427,32
0,oracle_first,4,0.5773122310638428,32
0,oracle_first,5,0.5810036063194275,32
0,oracle_first,6,0.5747143030166626,32
0,oracle_first,7,0.599024772644043,32
0,oracle_first,8,0.6255237460136414,32
0,oracle_first,9,0.615585446357727,32
0,oracle_first,10,0.6292659044265747,32
1,dense_first,1,0.7279859185218811,32
1,dense_first,2,0.7316153049468994,32
1,dense_first,3,0.5494663715362549,32
1,dense_first,4,0.47442713379859924,32
1,dense_first,5,0.45751824975013733,32
1,dense_first,6,0.4407821297645569,32
1,dense_first,7,0.4305156469345093,32
1,dense_first,8,0.4015856385231018,32
1,dense_first,9,0.38524293899536133,32
1,dense_first,10,0.3889654874801636,32
1,b0_first,1,0.4858817458152771,32
1,b0_first,2,0.39551377296447754,32
1,b0_first,3,0.36679258942604065,32
1,b0_first,4,0.3412444293498993,32
1,b0_first,5,0.33723899722099304,32
1,b0_first,6,0.3206220269203186,32
1,b0_first,7,0.31150370836257935,32
1,b0_first,8,0.3027104139328003,32
1,b0_first,9,0.298079252243042,32
1,b0_first,10,0.2970278263092041,32
1,oracle_first,1,0.17302963137626648,32
1,oracle_first,2,0.20994043350219727,32
1,oracle_first,3,0.2194654643535614,32
1,oracle_first,4,0.23586469888687134,32
1,oracle_first,5,0.23526521027088165,32
1,oracle_first,6,0.24144452810287476,32
1,oracle_first,7,0.24769967794418335,32
1,oracle_first,8,0.24745328724384308,32
1,oracle_first,9,0.24267801642417908,32
1,oracle_first,10,0.23977455496788025,32
2,dense_first,1,1.9018404483795166,32
2,dense_first,2,1.2108463048934937,32
2,dense_first,3,1.0643410682678223,32
2,dense_first,4,0.9760445356369019,32
2,dense_first,5,0.8595309853553772,32
2,dense_first,6,0.7851989269256592,32
2,dense_first,7,0.7822800874710083,32
2,dense_first,8,0.7695865631103516,32
2,dense_first,9,0.762431800365448,32
2,dense_first,10,0.7328497171401978,32
2,b0_first,1,1.0880568027496338,32
2,b0_first,2,1.0108070373535156,32
2,b0_first,3,0.9363449811935425,32
2,b0_first,4,0.899181604385376,32
2,b0_first,5,0.8620947003364563,32
2,b0_first,6,0.7885351181030273,32
2,b0_first,7,0.7661752700805664,32
2,b0_first,8,0.774591326713562,32
2,b0_first,9,0.7686033844947815,32
2,b0_first,10,0.75767982006073,32
2,oracle_first,1,0.3530130684375763,32
2,oracle_first,2,0.504789412021637,32
2,oracle_first,3,0.6313172578811646,32
2,oracle_first,4,0.6228559017181396,32
2,oracle_first,5,0.6565536856651306,32
2,oracle_first,6,0.6208832859992981,32
2,oracle_first,7,0.6009039878845215,32
2,oracle_first,8,0.6132248640060425,32
2,oracle_first,9,0.6376275420188904,32
2,oracle_first,10,0.6481822729110718,32
3,dense_first,1,0.6442468166351318,32
3,dense_first,2,0.47073930501937866,32
3,dense_first,3,0.3866172134876251,32
3,dense_first,4,0.35046422481536865,32
3,dense_first,5,0.3363649845123291,32
3,dense_first,6,0.26596906781196594,32
3,dense_first,7,0.24000315368175507,32
3,dense_first,8,0.22512730956077576,32
3,dense_first,9,0.22357606887817383,32
3,dense_first,10,0.2220979928970337,32
3,b0_first,1,0.32408106327056885,32
3,b0_first,2,0.2816789150238037,32
3,b0_first,3,0.2554419934749603,32
3,b0_first,4,0.2334732860326767,32
3,b0_first,5,0.22287556529045105,32
3,b0_first,6,0.22876867651939392,32
3,b0_first,7,0.22569990158081055,32
3,b0_first,8,0.21306315064430237,32
3,b0_first,9,0.20603269338607788,32
3,b0_first,10,0.20333148539066315,32
3,oracle_first,1,0.11833710968494415,32
3,oracle_first,2,0.15855951607227325,32
3,oracle_first,3,0.1782492995262146,32
3,oracle_first,4,0.17545706033706665,32
3,oracle_first,5,0.1774846464395523,32
3,oracle_first,6,0.18596355617046356,32
3,oracle_first,7,0.17603842914104462,32
3,oracle_first,8,0.1737329661846161,32
3,oracle_first,9,0.1702038198709488,32
3,oracle_first,10,0.16786175966262817,32
4,dense_first,1,1.4522790908813477,32
4,dense_first,2,1.0385295152664185,32
4,dense_first,3,0.8735869526863098,32
4,dense_first,4,0.7558319568634033,32
4,dense_first,5,0.6180187463760376,32
4,dense_first,6,0.5927770137786865,32
4,dense_first,7,0.5503381490707397,32
4,dense_first,8,0.5359352827072144,32
4,dense_first,9,0.5252183675765991,32
4,dense_first,10,0.5200557708740234,32
4,b0_first,1,0.6821293830871582,32
4,b0_first,2,0.660190224647522,32
4,b0_first,3,0.627876877784729,32
4,b0_first,4,0.5805327892303467,32
4,b0_first,5,0.5424572229385376,32
4,b0_first,6,0.5236278772354126,32
4,b0_first,7,0.5094482898712158,32
4,b0_first,8,0.4929041564464569,32
4,b0_first,9,0.4807630777359009,32
4,b0_first,10,0.47590887546539307,32
4,oracle_first,1,0.26461413502693176,32
4,oracle_first,2,0.36829158663749695,32
4,oracle_first,3,0.4999346137046814,32
4,oracle_first,4,0.5557694435119629,32
4,oracle_first,5,0.5143301486968994,32
4,oracle_first,6,0.5099266767501831,32
4,oracle_first,7,0.4941723942756653,32
4,oracle_first,8,0.4699643850326538,32
4,oracle_first,9,0.46595239639282227,32
4,oracle_first,10,0.47418075799942017,32
5,dense_first,1,0.43658706545829773,32
5,dense_first,2,0.2883313000202179,32
5,dense_first,3,0.27494925260543823,32
5,dense_first,4,0.27924174070358276,32
5,dense_first,5,0.27571040391921997,32
5,dense_first,6,0.24799910187721252,32
5,dense_first,7,0.2468268871307373,32
5,dense_first,8,0.2547602355480194,32
5,dense_first,9,0.24691073596477509,32
5,dense_first,10,0.23849475383758545,32
5,b0_first,1,0.29391008615493774,32
5,b0_first,2,0.28043094277381897,32
5,b0_first,3,0.27032777667045593,32
5,b0_first,4,0.2625935673713684,32
5,b0_first,5,0.2559119760990143,32
5,b0_first,6,0.24980877339839935,32
5,b0_first,7,0.24310970306396484,32
5,b0_first,8,0.2378838062286377,32
5,b0_first,9,0.23332668840885162,32
5,b0_first,10,0.22822248935699463,32
5,oracle_first,1,0.1205952912569046,32
5,oracle_first,2,0.13357749581336975,32
5,oracle_first,3,0.14781644940376282,32
5,oracle_first,4,0.16595298051834106,32
5,oracle_first,5,0.18385162949562073,32
5,oracle_first,6,0.18267832696437836,32
5,oracle_first,7,0.17722460627555847,32
5,oracle_first,8,0.1758185476064682,32
5,oracle_first,9,0.1850678026676178,32
5,oracle_first,10,0.189048171043396,32
6,dense_first,1,0.26401516795158386,32
6,dense_first,2,0.2297777682542801,32
6,dense_first,3,0.20462419092655182,32
6,dense_first,4,0.1638200730085373,32
6,dense_first,5,0.13386093080043793,32
6,dense_first,6,0.10446169972419739,32
6,dense_first,7,0.07483531534671783,32
6,dense_first,8,0.05761624127626419,32
6,dense_first,9,0.04941057041287422,32
6,dense_first,10,0.04842285066843033,32
6,b0_first,1,0.23291635513305664,32
6,b0_first,2,0.21024593710899353,32
6,b0_first,3,0.16270801424980164,32
6,b0_first,4,0.13835936784744263,32
6,b0_first,5,0.12379179894924164,32
6,b0_first,6,0.1004558727145195,32
6,b0_first,7,0.08777813613414764,32
6,b0_first,8,0.07578344643115997,32
6,b0_first,9,0.06842677295207977,32
6,b0_first,10,0.06587699055671692,32
6,oracle_first,1,0.013798249885439873,32
6,oracle_first,2,0.01946254074573517,32
6,oracle_first,3,0.025788765400648117,32
6,oracle_first,4,0.02640748769044876,32
6,oracle_first,5,0.023579927161335945,32
6,oracle_first,6,0.023318413645029068,32
6,oracle_first,7,0.021151728928089142,32
6,oracle_first,8,0.018892033025622368,32
6,oracle_first,9,0.020978102460503578,32
6,oracle_first,10,0.02213893085718155,32
0,dense_first,1,1.3187605142593384,32
0,dense_first,2,1.2284088134765625,32
0,dense_first,3,1.0491082668304443,32
0,dense_first,4,0.8253922462463379,32
0,dense_first,5,0.7590793371200562,32
0,dense_first,6,0.7143012881278992,32
0,dense_first,7,0.7076297402381897,32
0,dense_first,8,0.6906136870384216,32
0,dense_first,9,0.628994345664978,32
0,dense_first,10,0.6036007404327393,32
0,b0_first,1,1.0805690288543701,32
0,b0_first,2,0.9407007694244385,32
0,b0_first,3,0.815158486366272,32
0,b0_first,4,0.725261926651001,32
0,b0_first,5,0.7266208529472351,32
0,b0_first,6,0.7093522548675537,32
0,b0_first,7,0.6737798452377319,32
0,b0_first,8,0.6563973426818848,32
0,b0_first,9,0.6421905755996704,32
0,b0_first,10,0.6230526566505432,32
0,oracle_first,1,0.3065742254257202,32
0,oracle_first,2,0.33585304021835327,32
0,oracle_first,3,0.42079252004623413,32
0,oracle_first,4,0.43819642066955566,32
0,oracle_first,5,0.48274341225624084,32
0,oracle_first,6,0.49463364481925964,32
0,oracle_first,7,0.498659610748291,32
0,oracle_first,8,0.5121539235115051,32
0,oracle_first,9,0.511530876159668,32
0,oracle_first,10,0.4956473410129547,32
1,dense_first,1,0.659963846206665,32
1,dense_first,2,0.5009589195251465,32
1,dense_first,3,0.46699997782707214,32
1,dense_first,4,0.45117154717445374,32
1,dense_first,5,0.4035570025444031,32
1,dense_first,6,0.3864859938621521,32
1,dense_first,7,0.39358678460121155,32
1,dense_first,8,0.37949472665786743,32
1,dense_first,9,0.38503050804138184,32
1,dense_first,10,0.37916380167007446,32
1,b0_first,1,0.575329065322876,32
1,b0_first,2,0.4971867501735687,32
1,b0_first,3,0.45366400480270386,32
1,b0_first,4,0.46290045976638794,32
1,b0_first,5,0.43920013308525085,32
1,b0_first,6,0.4108019471168518,32
1,b0_first,7,0.3891916871070862,32
1,b0_first,8,0.3878084123134613,32
1,b0_first,9,0.37025976181030273,32
1,b0_first,10,0.36997634172439575,32
1,oracle_first,1,0.16803307831287384,32
1,oracle_first,2,0.2558495104312897,32
1,oracle_first,3,0.25184568762779236,32
1,oracle_first,4,0.2650512456893921,32
1,oracle_first,5,0.2664538621902466,32
1,oracle_first,6,0.26698654890060425,32
1,oracle_first,7,0.2673245072364807,32
1,oracle_first,8,0.2740190029144287,32
1,oracle_first,9,0.27714911103248596,32
1,oracle_first,10,0.28625166416168213,32
2,dense_first,1,1.4848556518554688,32
2,dense_first,2,1.2481050491333008,32
2,dense_first,3,0.9494763016700745,32
2,dense_first,4,0.8937325477600098,32
2,dense_first,5,0.8023655414581299,32
2,dense_first,6,0.7478765845298767,32
2,dense_first,7,0.7053166627883911,32
2,dense_first,8,0.6740823984146118,32
2,dense_first,9,0.6771730184555054,32
2,dense_first,10,0.6476211547851562,32
2,b0_first,1,1.0605058670043945,32
2,b0_first,2,0.983845591545105,32
2,b0_first,3,0.8501046299934387,32
2,b0_first,4,0.7805711030960083,32
2,b0_first,5,0.7136412262916565,32
2,b0_first,6,0.7000956535339355,32
2,b0_first,7,0.6636247634887695,32
2,b0_first,8,0.6590093374252319,32
2,b0_first,9,0.6460065841674805,32
2,b0_first,10,0.6207460165023804,32
2,oracle_first,1,0.3376219868659973,32
2,oracle_first,2,0.4241570234298706,32
2,oracle_first,3,0.5491431951522827,32
2,oracle_first,4,0.5788600444793701,32
2,oracle_first,5,0.5629299879074097,32
2,oracle_first,6,0.5591342449188232,32
2,oracle_first,7,0.5304008722305298,32
2,oracle_first,8,0.536562979221344,32
2,oracle_first,9,0.5350127220153809,32
2,oracle_first,10,0.5394344329833984,32
3,dense_first,1,0.625630795955658,32
3,dense_first,2,0.5397729277610779,32
3,dense_first,3,0.3441506028175354,32
3,dense_first,4,0.32250308990478516,32
3,dense_first,5,0.2927786409854889,32
3,dense_first,6,0.28508907556533813,32
3,dense_first,7,0.2720416784286499,32
3,dense_first,8,0.2614228129386902,32
3,dense_first,9,0.2778489589691162,32
3,dense_first,10,0.2648334503173828,32
3,b0_first,1,0.32411953806877136,32
3,b0_first,2,0.3008754849433899,32
3,b0_first,3,0.28749507665634155,32
3,b0_first,4,0.27200162410736084,32
3,b0_first,5,0.26587581634521484,32
3,b0_first,6,0.2512165904045105,32
3,b0_first,7,0.2548443675041199,32
3,b0_first,8,0.246200293302536,32
3,b0_first,9,0.2422308623790741,32
3,b0_first,10,0.23877176642417908,32
3,oracle_first,1,0.12455032020807266,32
3,oracle_first,2,0.16190600395202637,32
3,oracle_first,3,0.1937074214220047,32
3,oracle_first,4,0.19212639331817627,32
3,oracle_first,5,0.18867464363574982,32
3,oracle_first,6,0.21479226648807526,32
3,oracle_first,7,0.2245972454547882,32
3,oracle_first,8,0.21032369136810303,32
3,oracle_first,9,0.2127835750579834,32
3,oracle_first,10,0.20885944366455078,32
4,dense_first,1,1.6586768627166748,32
4,dense_first,2,1.494995355606079,32
4,dense_first,3,0.992059588432312,32
4,dense_first,4,0.8871504664421082,32
4,dense_first,5,0.6189671158790588,32
4,dense_first,6,0.5483982563018799,32
4,dense_first,7,0.44712334871292114,32
4,dense_first,8,0.4202615022659302,32
4,dense_first,9,0.40326714515686035,32
4,dense_first,10,0.42074909806251526,32
4,b0_first,1,0.7302065491676331,32
4,b0_first,2,0.7227730751037598,32
4,b0_first,3,0.6685247421264648,32
4,b0_first,4,0.6290521621704102,32
4,b0_first,5,0.5658516883850098,32
4,b0_first,6,0.5216916799545288,32
4,b0_first,7,0.4883939027786255,32
4,b0_first,8,0.4608340561389923,32
4,b0_first,9,0.4252980351448059,32
4,b0_first,10,0.41735339164733887,32
4,oracle_first,1,0.22072729468345642,32
4,oracle_first,2,0.2797173261642456,32
4,oracle_first,3,0.4451836347579956,32
4,oracle_first,4,0.493544340133667,32
4,oracle_first,5,0.41944214701652527,32
4,oracle_first,6,0.3874347507953644,32
4,oracle_first,7,0.38551366329193115,32
4,oracle_first,8,0.35518985986709595,32
4,oracle_first,9,0.34017613530158997,32
4,oracle_first,10,0.34780609607696533,32
5,dense_first,1,0.5871373414993286,32
5,dense_first,2,0.46621471643447876,32
5,dense_first,3,0.4423353970050812,32
5,dense_first,4,0.43121397495269775,32
5,dense_first,5,0.4163198471069336,32
5,dense_first,6,0.42404550313949585,32
5,dense_first,7,0.42402219772338867,32
5,dense_first,8,0.4285362660884857,32
5,dense_first,9,0.416065514087677,32
5,dense_first,10,0.4176419973373413,32
5,b0_first,1,0.9090065956115723,32
5,b0_first,2,0.7713596820831299,32
5,b0_first,3,0.7487831115722656,32
5,b0_first,4,0.7211313247680664,32
5,b0_first,5,0.7060649394989014,32
5,b0_first,6,0.6966235637664795,32
5,b0_first,7,0.6941163539886475,32
5,b0_first,8,0.6792130470275879,32
5,b0_first,9,0.6727409362792969,32
5,b0_first,10,0.6585966348648071,32
5,oracle_first,1,0.08488485962152481,32
5,oracle_first,2,0.11652795970439911,32
5,oracle_first,3,0.21728545427322388,32
5,oracle_first,4,0.24631290137767792,32
5,oracle_first,5,0.2519851326942444,32
5,oracle_first,6,0.2501674294471741,32
5,oracle_first,7,0.26273417472839355,32
5,oracle_first,8,0.27544742822647095,32
5,oracle_first,9,0.288947194814682,32
5,oracle_first,10,0.2880284786224365,32
6,dense_first,1,0.21547681093215942,32
6,dense_first,2,0.18569348752498627,32
6,dense_first,3,0.17351645231246948,32
6,dense_first,4,0.14295965433120728,32
6,dense_first,5,0.11371006071567535,32
6,dense_first,6,0.07994461804628372,32
6,dense_first,7,0.059356026351451874,32
6,dense_first,8,0.05187688022851944,32
6,dense_first,9,0.04613552987575531,32
6,dense_first,10,0.04546421766281128,32
6,b0_first,1,0.12837709486484528,32
6,b0_first,2,0.10899718105792999,32
6,b0_first,3,0.08985207229852676,32
6,b0_first,4,0.08171242475509644,32
6,b0_first,5,0.07268312573432922,32
6,b0_first,6,0.066062793135643,32
6,b0_first,7,0.05285950005054474,32
6,b0_first,8,0.048470087349414825,32
6,b0_first,9,0.03963770344853401,32
6,b0_first,10,0.03601653873920441,32
6,oracle_first,1,0.014584001153707504,32
6,oracle_first,2,0.02152836136519909,32
6,oracle_first,3,0.02364593930542469,32
6,oracle_first,4,0.026104822754859924,32
6,oracle_first,5,0.028884222730994225,32
6,oracle_first,6,0.027932701632380486,32
6,oracle_first,7,0.024976195767521858,32
6,oracle_first,8,0.020621128380298615,32
6,oracle_first,9,0.021317265927791595,32
6,oracle_first,10,0.019831189885735512,32
0,dense_first,1,1.7596940994262695,32
0,dense_first,2,1.2978606224060059,32
0,dense_first,3,1.0577925443649292,32
0,dense_first,4,0.8770102262496948,32
0,dense_first,5,0.8110120296478271,32
0,dense_first,6,0.7527767419815063,32
0,dense_first,7,0.7307304739952087,32
0,dense_first,8,0.7254787683486938,32
0,dense_first,9,0.7043412923812866,32
0,dense_first,10,0.6838831901550293,32
0,b0_first,1,1.0394880771636963,32
0,b0_first,2,0.928799569606781,32
0,b0_first,3,0.7934056520462036,32
0,b0_first,4,0.7335089445114136,32
0,b0_first,5,0.6824043393135071,32
0,b0_first,6,0.6596828699111938,32
0,b0_first,7,0.6671904921531677,32
0,b0_first,8,0.6516295671463013,32
0,b0_first,9,0.6519123315811157,32
0,b0_first,10,0.6511822938919067,32
0,oracle_first,1,0.3385031819343567,32
0,oracle_first,2,0.39908504486083984,32
0,oracle_first,3,0.4948170781135559,32
0,oracle_first,4,0.5119918584823608,32
0,oracle_first,5,0.5202441215515137,32
0,oracle_first,6,0.5195420980453491,32
0,oracle_first,7,0.5386760234832764,32
0,oracle_first,8,0.5330398082733154,32
0,oracle_first,9,0.5490756034851074,32
0,oracle_first,10,0.5405786037445068,32
1,dense_first,1,0.6825588941574097,32
1,dense_first,2,0.5812891721725464,32
1,dense_first,3,0.4630451500415802,32
1,dense_first,4,0.4393743574619293,32
1,dense_first,5,0.4411645829677582,32
1,dense_first,6,0.4150707721710205,32
1,dense_first,7,0.3750247359275818,32
1,dense_first,8,0.32001322507858276,32
1,dense_first,9,0.3066357672214508,32
1,dense_first,10,0.30266082286834717,32
1,b0_first,1,0.47463005781173706,32
1,b0_first,2,0.3925943970680237,32
1,b0_first,3,0.3509472608566284,32
1,b0_first,4,0.33140304684638977,32
1,b0_first,5,0.31429916620254517,32
1,b0_first,6,0.30388444662094116,32
1,b0_first,7,0.28797227144241333,32
1,b0_first,8,0.28224754333496094,32
1,b0_first,9,0.27279382944107056,32
1,b0_first,10,0.261198490858078,32
1,oracle_first,1,0.18737366795539856,32
1,oracle_first,2,0.22503887116909027,32
1,oracle_first,3,0.22883586585521698,32
1,oracle_first,4,0.24489876627922058,32
1,oracle_first,5,0.23290826380252838,32
1,oracle_first,6,0.23708972334861755,32
1,oracle_first,7,0.2358398139476776,32
1,oracle_first,8,0.23359841108322144,32
1,oracle_first,9,0.22880451381206512,32
1,oracle_first,10,0.22667579352855682,32
2,dense_first,1,1.5874501466751099,32
2,dense_first,2,1.3374441862106323,32
2,dense_first,3,1.0092661380767822,32
2,dense_first,4,0.922342836856842,32
2,dense_first,5,0.835476279258728,32
2,dense_first,6,0.8176894783973694,32
2,dense_first,7,0.7572915554046631,32
2,dense_first,8,0.70050448179245,32
2,dense_first,9,0.6918104887008667,32
2,dense_first,10,0.6905853152275085,32
2,b0_first,1,1.0349416732788086,32
2,b0_first,2,0.9968377351760864,32
2,b0_first,3,0.9171779155731201,32
2,b0_first,4,0.8319450616836548,32
2,b0_first,5,0.7924399375915527,32
2,b0_first,6,0.7700773477554321,32
2,b0_first,7,0.7460796236991882,32
2,b0_first,8,0.726448655128479,32
2,b0_first,9,0.6695464849472046,32
2,b0_first,10,0.6588513851165771,32
2,oracle_first,1,0.3413253724575043,32
2,oracle_first,2,0.41164785623550415,32
2,oracle_first,3,0.5170819759368896,32
2,oracle_first,4,0.5573629140853882,32
2,oracle_first,5,0.5881211161613464,32
2,oracle_first,6,0.6036141514778137,32
2,oracle_first,7,0.5959392786026001,32
2,oracle_first,8,0.5825058221817017,32
2,oracle_first,9,0.5881860852241516,32
2,oracle_first,10,0.5777176022529602,32
3,dense_first,1,0.5692102313041687,32
3,dense_first,2,0.43429145216941833,32
3,dense_first,3,0.41138654947280884,32
3,dense_first,4,0.27898871898651123,32
3,dense_first,5,0.2782377302646637,32
3,dense_first,6,0.2726668417453766,32
3,dense_first,7,0.2322702556848526,32
3,dense_first,8,0.2242114543914795,32
3,dense_first,9,0.2185058742761612,32
3,dense_first,10,0.2111634463071823,32
3,b0_first,1,0.28762373328208923,32
3,b0_first,2,0.25710469484329224,32
3,b0_first,3,0.23851020634174347,32
3,b0_first,4,0.22356776893138885,32
3,b0_first,5,0.22171950340270996,32
3,b0_first,6,0.22380372881889343,32
3,b0_first,7,0.21870794892311096,32
3,b0_first,8,0.2070532590150833,32
3,b0_first,9,0.1996036022901535,32
3,b0_first,10,0.19841980934143066,32
3,oracle_first,1,0.15164464712142944,32
3,oracle_first,2,0.1580524444580078,32
3,oracle_first,3,0.16030171513557434,32
3,oracle_first,4,0.15998336672782898,32
3,oracle_first,5,0.16334670782089233,32
3,oracle_first,6,0.1688452810049057,32
3,oracle_first,7,0.17488454282283783,32
3,oracle_first,8,0.17223182320594788,32
3,oracle_first,9,0.17151039838790894,32
3,oracle_first,10,0.17276331782341003,32
4,dense_first,1,1.0493879318237305,32
4,dense_first,2,0.9884410500526428,32
4,dense_first,3,0.6910697817802429,32
4,dense_first,4,0.5949954986572266,32
4,dense_first,5,0.5196151733398438,32
4,dense_first,6,0.4358256459236145,32
4,dense_first,7,0.37481945753097534,32
4,dense_first,8,0.33388352394104004,32
4,dense_first,9,0.31605952978134155,32
4,dense_first,10,0.3042032718658447,32
4,b0_first,1,0.705870509147644,32
4,b0_first,2,0.6689697504043579,32
4,b0_first,3,0.5901127457618713,32
4,b0_first,4,0.539894163608551,32
4,b0_first,5,0.4906945824623108,32
4,b0_first,6,0.446461021900177,32
4,b0_first,7,0.4134902358055115,32
4,b0_first,8,0.3797451853752136,32
4,b0_first,9,0.3478690981864929,32
4,b0_first,10,0.33619439601898193,32
4,oracle_first,1,0.1400519162416458,32
4,oracle_first,2,0.24165946245193481,32
4,oracle_first,3,0.3070237636566162,32
4,oracle_first,4,0.40401050448417664,32
4,oracle_first,5,0.38592472672462463,32
4,oracle_first,6,0.3628724217414856,32
4,oracle_first,7,0.32956933975219727,32
4,oracle_first,8,0.28579843044281006,32
4,oracle_first,9,0.2738978862762451,32
4,oracle_first,10,0.2785099744796753,32
5,dense_first,1,0.4035710394382477,32
5,dense_first,2,0.2659144997596741,32
5,dense_first,3,0.2358711063861847,32
5,dense_first,4,0.1963862180709839,32
5,dense_first,5,0.17817635834217072,32
5,dense_first,6,0.16979123651981354,32
5,dense_first,7,0.1616511344909668,32
5,dense_first,8,0.15306973457336426,32
5,dense_first,9,0.14554721117019653,32
5,dense_first,10,0.15229016542434692,32
5,b0_first,1,0.30454111099243164,32
5,b0_first,2,0.28662943840026855,32
5,b0_first,3,0.2687531113624573,32
5,b0_first,4,0.24952739477157593,32
5,b0_first,5,0.23880241811275482,32
5,b0_first,6,0.2268718183040619,32
5,b0_first,7,0.21905669569969177,32
5,b0_first,8,0.2121700793504715,32
5,b0_first,9,0.2045501172542572,32
5,b0_first,10,0.19743728637695312,32
5,oracle_first,1,0.06315113604068756,32
5,oracle_first,2,0.08770604431629181,32
5,oracle_first,3,0.09995713829994202,32
5,oracle_first,4,0.10679054260253906,32
5,oracle_first,5,0.10420123487710953,32
5,oracle_first,6,0.10299225896596909,32
5,oracle_first,7,0.10255701839923859,32
5,oracle_first,8,0.10402955859899521,32
5,oracle_first,9,0.11959263682365417,32
5,oracle_first,10,0.11694364994764328,32
6,dense_first,1,0.23452948033809662,32
6,dense_first,2,0.1902545690536499,32
6,dense_first,3,0.1652647703886032,32
6,dense_first,4,0.12579688429832458,32
6,dense_first,5,0.10007206350564957,32
6,dense_first,6,0.08081870526075363,32
6,dense_first,7,0.060590896755456924,32
6,dense_first,8,0.04727017134428024,32
6,dense_first,9,0.045136384665966034,32
6,dense_first,10,0.04335799813270569,32
6,b0_first,1,0.2059420943260193,32
6,b0_first,2,0.16554415225982666,32
6,b0_first,3,0.13737618923187256,32
6,b0_first,4,0.11992824822664261,32
6,b0_first,5,0.10461511462926865,32
6,b0_first,6,0.08900383114814758,32
6,b0_first,7,0.07169066369533539,32
6,b0_first,8,0.06108566373586655,32
6,b0_first,9,0.05170872062444687,32
6,b0_first,10,0.048328690230846405,32
6,oracle_first,1,0.01785580813884735,32
6,oracle_first,2,0.03045378066599369,32
6,oracle_first,3,0.034321777522563934,32
6,oracle_first,4,0.032891709357500076,32
6,oracle_first,5,0.030688248574733734,32
6,oracle_first,6,0.02910342440009117,32
6,oracle_first,7,0.02852173149585724,32
6,oracle_first,8,0.027872832491993904,32
6,oracle_first,9,0.02713705226778984,32
6,oracle_first,10,0.028407776728272438,32
0,dense_first,1,1.1217074394226074,32
0,dense_first,2,1.0355371236801147,32
0,dense_first,3,0.8781263828277588,32
0,dense_first,4,0.7932798266410828,32
0,dense_first,5,0.728020429611206,32
0,dense_first,6,0.6597222089767456,32
0,dense_first,7,0.642940104007721,32
0,dense_first,8,0.6209940910339355,32
0,dense_first,9,0.6160814762115479,32
0,dense_first,10,0.6216451525688171,32
0,b0_first,1,0.9309984445571899,32
0,b0_first,2,0.8330279588699341,32
0,b0_first,3,0.7053252458572388,32
0,b0_first,4,0.6637353301048279,32
0,b0_first,5,0.6486948728561401,32
0,b0_first,6,0.6289783120155334,32
0,b0_first,7,0.594997227191925,32
0,b0_first,8,0.5702134966850281,32
0,b0_first,9,0.5709561109542847,32
0,b0_first,10,0.5643606185913086,32
0,oracle_first,1,0.3108709752559662,32
0,oracle_first,2,0.35946011543273926,32
0,oracle_first,3,0.4950243830680847,32
0,oracle_first,4,0.4998837113380432,32
0,oracle_first,5,0.5194440484046936,32
0,oracle_first,6,0.5131453275680542,32
0,oracle_first,7,0.5163311958312988,32
0,oracle_first,8,0.5254641771316528,32
0,oracle_first,9,0.5178824067115784,32
0,oracle_first,10,0.5340881943702698,32
1,dense_first,1,0.7342920303344727,32
1,dense_first,2,0.7752745747566223,32
1,dense_first,3,0.5081604719161987,32
1,dense_first,4,0.4565456509590149,32
1,dense_first,5,0.30183711647987366,32
1,dense_first,6,0.29205629229545593,32
1,dense_first,7,0.25654149055480957,32
1,dense_first,8,0.24269801378250122,32
1,dense_first,9,0.24470208585262299,32
1,dense_first,10,0.24518290162086487,32
1,b0_first,1,0.372127890586853,32
1,b0_first,2,0.31660813093185425,32
1,b0_first,3,0.2841638922691345,32
1,b0_first,4,0.2664707899093628,32
1,b0_first,5,0.25546514987945557,32
1,b0_first,6,0.24293214082717896,32
1,b0_first,7,0.23836587369441986,32
1,b0_first,8,0.22936007380485535,32
1,b0_first,9,0.22395795583724976,32
1,b0_first,10,0.22233173251152039,32
1,oracle_first,1,0.16847382485866547,32
1,oracle_first,2,0.19390690326690674,32
1,oracle_first,3,0.1813688576221466,32
1,oracle_first,4,0.1867809295654297,32
1,oracle_first,5,0.18485702574253082,32
1,oracle_first,6,0.18687927722930908,32
1,oracle_first,7,0.19001337885856628,32
1,oracle_first,8,0.1900641918182373,32
1,oracle_first,9,0.18279819190502167,32
1,oracle_first,10,0.1832517832517624,32
2,dense_first,1,1.3271520137786865,32
2,dense_first,2,1.132088303565979,32
2,dense_first,3,0.8531180620193481,32
2,dense_first,4,0.7691123485565186,32
2,dense_first,5,0.7453481554985046,32
2,dense_first,6,0.7198001146316528,32
2,dense_first,7,0.6798253059387207,32
2,dense_first,8,0.6711224317550659,32
2,dense_first,9,0.6609750986099243,32
2,dense_first,10,0.6500646471977234,32
2,b0_first,1,1.2046499252319336,32
2,b0_first,2,1.009566307067871,32
2,b0_first,3,0.8267923593521118,32
2,b0_first,4,0.7336477041244507,32
2,b0_first,5,0.6579807996749878,32
2,b0_first,6,0.6330585479736328,32
2,b0_first,7,0.6243629455566406,32
2,b0_first,8,0.6124591827392578,32
2,b0_first,9,0.6169494986534119,32
2,b0_first,10,0.6043217182159424,32
2,oracle_first,1,0.33007538318634033,32
2,oracle_first,2,0.4854024648666382,32
2,oracle_first,3,0.5908083319664001,32
2,oracle_first,4,0.6176785230636597,32
2,oracle_first,5,0.5691180229187012,32
2,oracle_first,6,0.5720362663269043,32
2,oracle_first,7,0.5568917393684387,32
2,oracle_first,8,0.576299250125885,32
2,oracle_first,9,0.5674671530723572,32
2,oracle_first,10,0.5716781616210938,32
3,dense_first,1,0.6518616676330566,32
3,dense_first,2,0.4608785808086395,32
3,dense_first,3,0.38807398080825806,32
3,dense_first,4,0.27259135246276855,32
3,dense_first,5,0.21090179681777954,32
3,dense_first,6,0.20518280565738678,32
3,dense_first,7,0.20637328922748566,32
3,dense_first,8,0.20056910812854767,32
3,dense_first,9,0.186883807182312,32
3,dense_first,10,0.18177537620067596,32
3,b0_first,1,0.2475614696741104,32
3,b0_first,2,0.22010987997055054,32
3,b0_first,3,0.20508672297000885,32
3,b0_first,4,0.19615468382835388,32
3,b0_first,5,0.18408691883087158,32
3,b0_first,6,0.17883174121379852,32
3,b0_first,7,0.17221103608608246,32
3,b0_first,8,0.16859519481658936,32
3,b0_first,9,0.16560660302639008,32
3,b0_first,10,0.1605473756790161,32
3,oracle_first,1,0.1461964249610901,32
3,oracle_first,2,0.1707117110490799,32
3,oracle_first,3,0.1701289713382721,32
3,oracle_first,4,0.16711361706256866,32
3,oracle_first,5,0.16188263893127441,32
3,oracle_first,6,0.1631501168012619,32
3,oracle_first,7,0.16192004084587097,32
3,oracle_first,8,0.15904326736927032,32
3,oracle_first,9,0.15248236060142517,32
3,oracle_first,10,0.15267778933048248,32
4,dense_first,1,1.018754482269287,32
4,dense_first,2,0.9866071939468384,32
4,dense_first,3,0.690436601638794,32
4,dense_first,4,0.596397876739502,32
4,dense_first,5,0.4925011396408081,32
4,dense_first,6,0.4204116463661194,32
4,dense_first,7,0.3851654529571533,32
4,dense_first,8,0.3752112090587616,32
4,dense_first,9,0.3482245206832886,32
4,dense_first,10,0.3447423577308655,32
4,b0_first,1,0.7678927779197693,32
4,b0_first,2,0.7425678968429565,32
4,b0_first,3,0.6830445528030396,32
4,b0_first,4,0.6379820704460144,32
4,b0_first,5,0.6204810738563538,32
4,b0_first,6,0.5874737501144409,32
4,b0_first,7,0.538664698600769,32
4,b0_first,8,0.5082365274429321,32
4,b0_first,9,0.4785587191581726,32
4,b0_first,10,0.45974594354629517,32
4,oracle_first,1,0.0986642986536026,32
4,oracle_first,2,0.10316095501184464,32
4,oracle_first,3,0.2197302132844925,32
4,oracle_first,4,0.22371461987495422,32
4,oracle_first,5,0.22638186812400818,32
4,oracle_first,6,0.2287154644727707,32
4,oracle_first,7,0.24023786187171936,32
4,oracle_first,8,0.24897900223731995,32
4,oracle_first,9,0.2541390657424927,32
4,oracle_first,10,0.25825634598731995,32
5,dense_first,1,0.46226805448532104,32
5,dense_first,2,0.2973247766494751,32
5,dense_first,3,0.2745726704597473,32
5,dense_first,4,0.24918827414512634,32
5,dense_first,5,0.2457927167415619,32
5,dense_first,6,0.2185254544019699,32
5,dense_first,7,0.1996956467628479,32
5,dense_first,8,0.20009037852287292,32
5,dense_first,9,0.19015014171600342,32
5,dense_first,10,0.18321064114570618,32
5,b0_first,1,0.3972451090812683,32
5,b0_first,2,0.3706652522087097,32
5,b0_first,3,0.34099191427230835,32
5,b0_first,4,0.3137490749359131,32
5,b0_first,5,0.3042639195919037,32
5,b0_first,6,0.2892376780509949,32
5,b0_first,7,0.28331804275512695,32
5,b0_first,8,0.27812695503234863,32
5,b0_first,9,0.27111750841140747,32
5,b0_first,10,0.2617846727371216,32
5,oracle_first,1,0.0588875412940979,32
5,oracle_first,2,0.06905227899551392,32
5,oracle_first,3,0.07992761582136154,32
5,oracle_first,4,0.0866110622882843,32
5,oracle_first,5,0.09816587716341019,32
5,oracle_first,6,0.10108433663845062,32
5,oracle_first,7,0.1032770499587059,32
5,oracle_first,8,0.11044830828905106,32
5,oracle_first,9,0.1107449010014534,32
5,oracle_first,10,0.11503402888774872,32
6,dense_first,1,0.18466810882091522,32
6,dense_first,2,0.13909228146076202,32
6,dense_first,3,0.10997816920280457,32
6,dense_first,4,0.0913553386926651,32
6,dense_first,5,0.08442793786525726,32
6,dense_first,6,0.06939996033906937,32
6,dense_first,7,0.06252305209636688,32
6,dense_first,8,0.06320331245660782,32
6,dense_first,9,0.062345776706933975,32
6,dense_first,10,0.06139611452817917,32
6,b0_first,1,0.17506970465183258,32
6,b0_first,2,0.1371733844280243,32
6,b0_first,3,0.11492656916379929,32
6,b0_first,4,0.09824547916650772,32
6,b0_first,5,0.0884266346693039,32
6,b0_first,6,0.07740829885005951,32
6,b0_first,7,0.0677570030093193,32
6,b0_first,8,0.06276607513427734,32
6,b0_first,9,0.06276684999465942,32
6,b0_first,10,0.061991170048713684,32
6,oracle_first,1,0.021977927535772324,32
6,oracle_first,2,0.030229613184928894,32
6,oracle_first,3,0.03638991713523865,32
6,oracle_first,4,0.03660930320620537,32
6,oracle_first,5,0.03626634553074837,32
6,oracle_first,6,0.036221858114004135,32
6,oracle_first,7,0.03789210319519043,32
6,oracle_first,8,0.04071429371833801,32
6,oracle_first,9,0.042218197137117386,32
6,oracle_first,10,0.0458347424864769,32
0,dense_first,1,1.1127703189849854,32
0,dense_first,2,1.0018073320388794,32
0,dense_first,3,0.8030264377593994,32
0,dense_first,4,0.7197233438491821,32
0,dense_first,5,0.673678994178772,32
0,dense_first,6,0.6488954424858093,32
0,dense_first,7,0.6452193260192871,32
0,dense_first,8,0.6598703265190125,32
0,dense_first,9,0.627472996711731,32
0,dense_first,10,0.636031448841095,32
0,b0_first,1,0.950653076171875,32
0,b0_first,2,0.8953126668930054,32
0,b0_first,3,0.7654011249542236,32
0,b0_first,4,0.6916490793228149,32
0,b0_first,5,0.6669942736625671,32
0,b0_first,6,0.6725167036056519,32
0,b0_first,7,0.638407826423645,32
0,b0_first,8,0.6259663105010986,32
0,b0_first,9,0.6140985488891602,32
0,b0_first,10,0.6109597682952881,32
0,oracle_first,1,0.2675436735153198,32
0,oracle_first,2,0.3400495648384094,32
0,oracle_first,3,0.45010095834732056,32
0,oracle_first,4,0.4853644371032715,32
0,oracle_first,5,0.5059691071510315,32
0,oracle_first,6,0.5171061158180237,32
0,oracle_first,7,0.5145317316055298,32
0,oracle_first,8,0.534942626953125,32
0,oracle_first,9,0.527586042881012,32
0,oracle_first,10,0.5372341871261597,32
1,dense_first,1,0.6414978504180908,32
1,dense_first,2,0.4523535370826721,32
1,dense_first,3,0.3358345031738281,32
1,dense_first,4,0.3030970096588135,32
1,dense_first,5,0.27891111373901367,32
1,dense_first,6,0.2615085244178772,32
1,dense_first,7,0.2609461843967438,32
1,dense_first,8,0.21582618355751038,32
1,dense_first,9,0.20480433106422424,32
1,dense_first,10,0.20132428407669067,32
1,b0_first,1,0.31594711542129517,32
1,b0_first,2,0.25193849205970764,32
1,b0_first,3,0.22694607079029083,32
1,b0_first,4,0.22686508297920227,32
1,b0_first,5,0.21953041851520538,32
1,b0_first,6,0.20283856987953186,32
1,b0_first,7,0.19597241282463074,32
1,b0_first,8,0.18683400750160217,32
1,b0_first,9,0.17989933490753174,32
1,b0_first,10,0.17526689171791077,32
1,oracle_first,1,0.16683033108711243,32
1,oracle_first,2,0.19645705819129944,32
1,oracle_first,3,0.19668789207935333,32
1,oracle_first,4,0.22197967767715454,32
1,oracle_first,5,0.21555650234222412,32
1,oracle_first,6,0.2052597552537918,32
1,oracle_first,7,0.21488384902477264,32
1,oracle_first,8,0.21927925944328308,32
1,oracle_first,9,0.2095821499824524,32
1,oracle_first,10,0.17754051089286804,32
2,dense_first,1,1.3778786659240723,32
2,dense_first,2,1.0534979104995728,32
2,dense_first,3,0.9214975237846375,32
2,dense_first,4,0.8752467632293701,32
2,dense_first,5,0.8541152477264404,32
2,dense_first,6,0.8198542594909668,32
2,dense_first,7,0.7982029914855957,32
2,dense_first,8,0.7775675058364868,32
2,dense_first,9,0.740598201751709,32
2,dense_first,10,0.7115742564201355,32
2,b0_first,1,1.117315411567688,32
2,b0_first,2,1.023380994796753,32
2,b0_first,3,0.9245960116386414,32
2,b0_first,4,0.8061776161193848,32
2,b0_first,5,0.7925280928611755,32
2,b0_first,6,0.7779425382614136,32
2,b0_first,7,0.7369377613067627,32
2,b0_first,8,0.7358565330505371,32
2,b0_first,9,0.7246687412261963,32
2,b0_first,10,0.693779706954956,32
2,oracle_first,1,0.29049593210220337,32
2,oracle_first,2,0.4640103280544281,32
2,oracle_first,3,0.5698755383491516,32
2,oracle_first,4,0.5997025966644287,32
2,oracle_first,5,0.6141481399536133,32
2,oracle_first,6,0.6363595724105835,32
2,oracle_first,7,0.6323432922363281,32
2,oracle_first,8,0.629901111125946,32
2,oracle_first,9,0.6293082237243652,32
2,oracle_first,10,0.6202417016029358,32
3,dense_first,1,0.6325989961624146,32
3,dense_first,2,0.48537811636924744,32
3,dense_first,3,0.3655831515789032,32
3,dense_first,4,0.2884010672569275,32
3,dense_first,5,0.23772267997264862,32
3,dense_first,6,0.21613194048404694,32
3,dense_first,7,0.2154088020324707,32
3,dense_first,8,0.20754282176494598,32
3,dense_first,9,0.20388281345367432,32
3,dense_first,10,0.20052030682563782,32
3,b0_first,1,0.2741468548774719,32
3,b0_first,2,0.2511718273162842,32
3,b0_first,3,0.2343614399433136,32
3,b0_first,4,0.21772372722625732,32
3,b0_first,5,0.2025788426399231,32
3,b0_first,6,0.18920399248600006,32
3,b0_first,7,0.18285900354385376,32
3,b0_first,8,0.1805891990661621,32
3,b0_first,9,0.17932859063148499,32
3,b0_first,10,0.1786644160747528,32
3,oracle_first,1,0.14211443066596985,32
3,oracle_first,2,0.15633638203144073,32
3,oracle_first,3,0.18070463836193085,32
3,oracle_first,4,0.16963452100753784,32
3,oracle_first,5,0.1778220534324646,32
3,oracle_first,6,0.17209818959236145,32
3,oracle_first,7,0.17059431970119476,32
3,oracle_first,8,0.16451212763786316,32
3,oracle_first,9,0.1645526885986328,32
3,oracle_first,10,0.1624852418899536,32
4,dense_first,1,1.1092233657836914,32
4,dense_first,2,0.9840379953384399,32
4,dense_first,3,0.7859847545623779,32
4,dense_first,4,0.5719844102859497,32
4,dense_first,5,0.4810869097709656,32
4,dense_first,6,0.44563400745391846,32
4,dense_first,7,0.41062498092651367,32
4,dense_first,8,0.3517841100692749,32
4,dense_first,9,0.3465491533279419,32
4,dense_first,10,0.3161519467830658,32
4,b0_first,1,0.6114967465400696,32
4,b0_first,2,0.5931324362754822,32
4,b0_first,3,0.5632100105285645,32
4,b0_first,4,0.5178078413009644,32
4,b0_first,5,0.4899889826774597,32
4,b0_first,6,0.4657466411590576,32
4,b0_first,7,0.42939454317092896,32
4,b0_first,8,0.4152088463306427,32
4,b0_first,9,0.3820210099220276,32
4,b0_first,10,0.356357216835022,32
4,oracle_first,1,0.10933266580104828,32
4,oracle_first,2,0.16445425152778625,32
4,oracle_first,3,0.19287097454071045,32
4,oracle_first,4,0.23763462901115417,32
4,oracle_first,5,0.2180258333683014,32
4,oracle_first,6,0.1985475867986679,32
4,oracle_first,7,0.1867315173149109,32
4,oracle_first,8,0.1832457184791565,32
4,oracle_first,9,0.1745978444814682,32
4,oracle_first,10,0.1814388632774353,32
5,dense_first,1,0.48320820927619934,32
5,dense_first,2,0.3209160268306732,32
5,dense_first,3,0.2564554810523987,32
5,dense_first,4,0.23755031824111938,32
5,dense_first,5,0.21024470031261444,32
5,dense_first,6,0.1929815113544464,32
5,dense_first,7,0.1849275678396225,32
5,dense_first,8,0.1809805929660797,32
5,dense_first,9,0.16552266478538513,32
5,dense_first,10,0.1627262830734253,32
5,b0_first,1,0.7410193681716919,32
5,b0_first,2,0.6450737118721008,32
5,b0_first,3,0.5941773653030396,32
5,b0_first,4,0.533648669719696,32
5,b0_first,5,0.4784148335456848,32
5,b0_first,6,0.44672220945358276,32
5,b0_first,7,0.40621674060821533,32
5,b0_first,8,0.3527713119983673,32
5,b0_first,9,0.3372778296470642,32
5,b0_first,10,0.2952767014503479,32
5,oracle_first,1,0.0632544755935669,32
5,oracle_first,2,0.08400218188762665,32
5,oracle_first,3,0.09799210727214813,32
5,oracle_first,4,0.10453590750694275,32
5,oracle_first,5,0.10563614219427109,32
5,oracle_first,6,0.10808420181274414,32
5,oracle_first,7,0.10962435603141785,32
5,oracle_first,8,0.10979944467544556,32
5,oracle_first,9,0.11024321615695953,32
5,oracle_first,10,0.10575991123914719,32
6,dense_first,1,0.2185363471508026,32
6,dense_first,2,0.17735132575035095,32
6,dense_first,3,0.15501658618450165,32
6,dense_first,4,0.14745450019836426,32
6,dense_first,5,0.13936591148376465,32
6,dense_first,6,0.12917640805244446,32
6,dense_first,7,0.12223159521818161,32
6,dense_first,8,0.12566792964935303,32
6,dense_first,9,0.12409573793411255,32
6,dense_first,10,0.1316423863172531,32
6,b0_first,1,0.18549975752830505,32
6,b0_first,2,0.14705270528793335,32
6,b0_first,3,0.13512058556079865,32
6,b0_first,4,0.124375119805336,32
6,b0_first,5,0.12064370512962341,32
6,b0_first,6,0.11471283435821533,32
6,b0_first,7,0.10715341567993164,32
6,b0_first,8,0.10265786945819855,32
6,b0_first,9,0.10290071368217468,32
6,b0_first,10,0.10117083042860031,32
6,oracle_first,1,0.02408997341990471,32
6,oracle_first,2,0.04802136495709419,32
6,oracle_first,3,0.059397030621767044,32
6,oracle_first,4,0.06008312478661537,32
6,oracle_first,5,0.06216508895158768,32
6,oracle_first,6,0.0653972178697586,32
6,oracle_first,7,0.0696188285946846,32
6,oracle_first,8,0.06832975149154663,32
6,oracle_first,9,0.0720079094171524,32
6,oracle_first,10,0.07178367674350739,32
0,dense_first,1,0.9625675678253174,32
0,dense_first,2,0.8185049891471863,32
0,dense_first,3,0.7964760065078735,32
0,dense_first,4,0.6799414157867432,32
0,dense_first,5,0.6292217969894409,32
0,dense_first,6,0.6321662068367004,32
0,dense_first,7,0.5822299718856812,32
0,dense_first,8,0.5662888288497925,32
0,dense_first,9,0.5594446659088135,32
0,dense_first,10,0.5715094804763794,32
0,b0_first,1,0.9991841316223145,32
0,b0_first,2,0.892153799533844,32
0,b0_first,3,0.7381170988082886,32
0,b0_first,4,0.6896206140518188,32
0,b0_first,5,0.640473484992981,32
0,b0_first,6,0.6174883246421814,32
0,b0_first,7,0.6174905300140381,32
0,b0_first,8,0.5826342105865479,32
0,b0_first,9,0.5770154595375061,32
0,b0_first,10,0.5795332789421082,32
0,oracle_first,1,0.3439943790435791,32
0,oracle_first,2,0.4368298649787903,32
0,oracle_first,3,0.5224778652191162,32
0,oracle_first,4,0.5041118860244751,32
0,oracle_first,5,0.5166060924530029,32
0,oracle_first,6,0.5242013931274414,32
0,oracle_first,7,0.5179144144058228,32
0,oracle_first,8,0.5039348602294922,32
0,oracle_first,9,0.5224243402481079,32
0,oracle_first,10,0.5276355743408203,32
1,dense_first,1,0.5030094385147095,32
1,dense_first,2,0.45416978001594543,32
1,dense_first,3,0.3846414089202881,32
1,dense_first,4,0.32361048460006714,32
1,dense_first,5,0.30194157361984253,32
1,dense_first,6,0.2949638366699219,32
1,dense_first,7,0.28726738691329956,32
1,dense_first,8,0.2824193239212036,32
1,dense_first,9,0.29646599292755127,32
1,dense_first,10,0.2897826135158539,32
1,b0_first,1,0.408744215965271,32
1,b0_first,2,0.3626463711261749,32
1,b0_first,3,0.3405282497406006,32
1,b0_first,4,0.31557098031044006,32
1,b0_first,5,0.301313191652298,32
1,b0_first,6,0.2812734842300415,32
1,b0_first,7,0.2640244662761688,32
1,b0_first,8,0.2598455548286438,32
1,b0_first,9,0.2522234618663788,32
1,b0_first,10,0.2539993226528168,32
1,oracle_first,1,0.17387528717517853,32
1,oracle_first,2,0.25008082389831543,32
1,oracle_first,3,0.2554667294025421,32
1,oracle_first,4,0.24556110799312592,32
1,oracle_first,5,0.24196437001228333,32
1,oracle_first,6,0.23781779408454895,32
1,oracle_first,7,0.22676002979278564,32
1,oracle_first,8,0.22635148465633392,32
1,oracle_first,9,0.2273588478565216,32
1,oracle_first,10,0.23747198283672333,32
2,dense_first,1,1.0317506790161133,32
2,dense_first,2,0.8726227879524231,32
2,dense_first,3,0.7519474029541016,32
2,dense_first,4,0.6694830656051636,32
2,dense_first,5,0.6646840572357178,32
2,dense_first,6,0.6286735534667969,32
2,dense_first,7,0.6091253757476807,32
2,dense_first,8,0.6179448366165161,32
2,dense_first,9,0.6193748712539673,32
2,dense_first,10,0.6193442940711975,32
2,b0_first,1,1.072182059288025,32
2,b0_first,2,0.9328919649124146,32
2,b0_first,3,0.8562247157096863,32
2,b0_first,4,0.7431619763374329,32
2,b0_first,5,0.6963232159614563,32
2,b0_first,6,0.6886356472969055,32
2,b0_first,7,0.6584986448287964,32
2,b0_first,8,0.6355661749839783,32
2,b0_first,9,0.6329776048660278,32
2,b0_first,10,0.6386945843696594,32
2,oracle_first,1,0.35620737075805664,32
2,oracle_first,2,0.4873819947242737,32
2,oracle_first,3,0.5431877374649048,32
2,oracle_first,4,0.6069046258926392,32
2,oracle_first,5,0.55951988697052,32
2,oracle_first,6,0.5789265036582947,32
2,oracle_first,7,0.5809813737869263,32
2,oracle_first,8,0.5854746699333191,32
2,oracle_first,9,0.595638632774353,32
2,oracle_first,10,0.5856925845146179,32
3,dense_first,1,0.4734378457069397,32
3,dense_first,2,0.38583073019981384,32
3,dense_first,3,0.34753239154815674,32
3,dense_first,4,0.31893789768218994,32
3,dense_first,5,0.302343487739563,32
3,dense_first,6,0.2871606647968292,32
3,dense_first,7,0.2803906500339508,32
3,dense_first,8,0.2762272357940674,32
3,dense_first,9,0.27099713683128357,32
3,dense_first,10,0.2612420320510864,32
3,b0_first,1,0.3125453591346741,32
3,b0_first,2,0.2846222519874573,32
3,b0_first,3,0.26340973377227783,32
3,b0_first,4,0.24405214190483093,32
3,b0_first,5,0.2324906289577484,32
3,b0_first,6,0.2241564244031906,32
3,b0_first,7,0.21498146653175354,32
3,b0_first,8,0.2102743238210678,32
3,b0_first,9,0.2065552920103073,32
3,b0_first,10,0.20376303791999817,32
3,oracle_first,1,0.12193800508975983,32
3,oracle_first,2,0.14287051558494568,32
3,oracle_first,3,0.15638814866542816,32
3,oracle_first,4,0.16678595542907715,32
3,oracle_first,5,0.17103365063667297,32
3,oracle_first,6,0.1718038022518158,32
3,oracle_first,7,0.17076849937438965,32
3,oracle_first,8,0.16852962970733643,32
3,oracle_first,9,0.17015600204467773,32
3,oracle_first,10,0.16994869709014893,32
4,dense_first,1,1.1900452375411987,32
4,dense_first,2,0.7572893500328064,32
4,dense_first,3,0.6286751627922058,32
4,dense_first,4,0.4558905065059662,32
4,dense_first,5,0.37594330310821533,32
4,dense_first,6,0.35698211193084717,32
4,dense_first,7,0.3502734303474426,32
4,dense_first,8,0.3334672749042511,32
4,dense_first,9,0.32886573672294617,32
4,dense_first,10,0.31590941548347473,32
4,b0_first,1,0.6054437160491943,32
4,b0_first,2,0.5926258563995361,32
4,b0_first,3,0.5368366241455078,32
4,b0_first,4,0.5002504587173462,32
4,b0_first,5,0.45945337414741516,32
4,b0_first,6,0.42999738454818726,32
4,b0_first,7,0.41707926988601685,32
4,b0_first,8,0.4030243158340454,32
4,b0_first,9,0.3807460367679596,32
4,b0_first,10,0.36645519733428955,32
4,oracle_first,1,0.1588282734155655,32
4,oracle_first,2,0.15929989516735077,32
4,oracle_first,3,0.17966993153095245,32
4,oracle_first,4,0.190029114484787,32
4,oracle_first,5,0.20521803200244904,32
4,oracle_first,6,0.2037753313779831,32
4,oracle_first,7,0.20843380689620972,32
4,oracle_first,8,0.20499126613140106,32
4,oracle_first,9,0.2072889357805252,32
4,oracle_first,10,0.20733726024627686,32
5,dense_first,1,0.38567879796028137,32
5,dense_first,2,0.2519153356552124,32
5,dense_first,3,0.22502315044403076,32
5,dense_first,4,0.1810758262872696,32
5,dense_first,5,0.15906167030334473,32
5,dense_first,6,0.1593814641237259,32
5,dense_first,7,0.15244992077350616,32
5,dense_first,8,0.15854667127132416,32
5,dense_first,9,0.16093645989894867,32
5,dense_first,10,0.157364159822464,32
5,b0_first,1,0.22435864806175232,32
5,b0_first,2,0.2063942849636078,32
5,b0_first,3,0.18742571771144867,32
5,b0_first,4,0.17728875577449799,32
5,b0_first,5,0.16799823939800262,32
5,b0_first,6,0.16372670233249664,32
5,b0_first,7,0.15843144059181213,32
5,b0_first,8,0.154371440410614,32
5,b0_first,9,0.15146087110042572,32
5,b0_first,10,0.14846093952655792,32
5,oracle_first,1,0.07017191499471664,32
5,oracle_first,2,0.08141487836837769,32
5,oracle_first,3,0.08470949530601501,32
5,oracle_first,4,0.08658237755298615,32
5,oracle_first,5,0.08842172473669052,32
5,oracle_first,6,0.09094534814357758,32
5,oracle_first,7,0.09115540981292725,32
5,oracle_first,8,0.09223060309886932,32
5,oracle_first,9,0.09678250551223755,32
5,oracle_first,10,0.10691874474287033,32
6,dense_first,1,0.3301984667778015,32
6,dense_first,2,0.23927046358585358,32
6,dense_first,3,0.19023790955543518,32
6,dense_first,4,0.17570829391479492,32
6,dense_first,5,0.1742207407951355,32
6,dense_first,6,0.17157383263111115,32
6,dense_first,7,0.16153505444526672,32
6,dense_first,8,0.1642608344554901,32
6,dense_first,9,0.17005236446857452,32
6,dense_first,10,0.17172753810882568,32
6,b0_first,1,0.12601985037326813,32
6,b0_first,2,0.107451893389225,32
6,b0_first,3,0.0951799675822258,32
6,b0_first,4,0.08860397338867188,32
6,b0_first,5,0.0916021317243576,32
6,b0_first,6,0.09204773604869843,32
6,b0_first,7,0.0934508815407753,32
6,b0_first,8,0.09887184947729111,32
6,b0_first,9,0.10274579375982285,32
6,b0_first,10,0.10512737929821014,32
6,oracle_first,1,0.022867601364850998,32
6,oracle_first,2,0.03723878413438797,32
6,oracle_first,3,0.04480397701263428,32
6,oracle_first,4,0.050183750689029694,32
6,oracle_first,5,0.07755041122436523,32
6,oracle_first,6,0.09413018822669983,32
6,oracle_first,7,0.11001656949520111,32
6,oracle_first,8,0.10388246178627014,32
6,oracle_first,9,0.10952597856521606,32
6,oracle_first,10,0.11357489228248596,32
0,dense_first,1,1.128934621810913,32
0,dense_first,2,0.854739248752594,32
0,dense_first,3,0.7415016889572144,32
0,dense_first,4,0.6759077310562134,32
0,dense_first,5,0.6588025689125061,32
0,dense_first,6,0.654839038848877,32
0,dense_first,7,0.6203995943069458,32
0,dense_first,8,0.6198073625564575,32
0,dense_first,9,0.5908925533294678,32
0,dense_first,10,0.5911502838134766,32
0,b0_first,1,0.8140122294425964,32
0,b0_first,2,0.7243247032165527,32
0,b0_first,3,0.6812112331390381,32
0,b0_first,4,0.639102578163147,32
0,b0_first,5,0.6062899827957153,32
0,b0_first,6,0.5923431515693665,32
0,b0_first,7,0.5871587991714478,32
0,b0_first,8,0.5798854827880859,32
0,b0_first,9,0.5818657875061035,32
0,b0_first,10,0.5781009793281555,32
0,oracle_first,1,0.4360847771167755,32
0,oracle_first,2,0.5222974419593811,32
0,oracle_first,3,0.5957715511322021,32
0,oracle_first,4,0.59052574634552,32
0,oracle_first,5,0.5897454023361206,32
0,oracle_first,6,0.5852340459823608,32
0,oracle_first,7,0.5742343664169312,32
0,oracle_first,8,0.5787029266357422,32
0,oracle_first,9,0.5804007053375244,32
0,oracle_first,10,0.5573749542236328,32
1,dense_first,1,0.602898359298706,32
1,dense_first,2,0.548941969871521,32
1,dense_first,3,0.4878077507019043,32
1,dense_first,4,0.4443052113056183,32
1,dense_first,5,0.41548240184783936,32
1,dense_first,6,0.39449384808540344,32
1,dense_first,7,0.37918519973754883,32
1,dense_first,8,0.3698540925979614,32
1,dense_first,9,0.3612194061279297,32
1,dense_first,10,0.3568129539489746,32
1,b0_first,1,0.5220372676849365,32
1,b0_first,2,0.4630267322063446,32
1,b0_first,3,0.4255414605140686,32
1,b0_first,4,0.37782561779022217,32
1,b0_first,5,0.36243540048599243,32
1,b0_first,6,0.3406175673007965,32
1,b0_first,7,0.33100610971450806,32
1,b0_first,8,0.3312857449054718,32
1,b0_first,9,0.3230586647987366,32
1,b0_first,10,0.3175486922264099,32
1,oracle_first,1,0.18082398176193237,32
1,oracle_first,2,0.21359726786613464,32
1,oracle_first,3,0.22410503029823303,32
1,oracle_first,4,0.22707486152648926,32
1,oracle_first,5,0.23613031208515167,32
1,oracle_first,6,0.23904913663864136,32
1,oracle_first,7,0.24767863750457764,32
1,oracle_first,8,0.250607967376709,32
1,oracle_first,9,0.25495201349258423,32
1,oracle_first,10,0.2499779313802719,32
2,dense_first,1,1.4813504219055176,32
2,dense_first,2,1.0020712614059448,32
2,dense_first,3,0.8256369829177856,32
2,dense_first,4,0.7769384384155273,32
2,dense_first,5,0.7016289234161377,32
2,dense_first,6,0.6878513097763062,32
2,dense_first,7,0.6713255643844604,32
2,dense_first,8,0.6433556079864502,32
2,dense_first,9,0.6392394304275513,32
2,dense_first,10,0.6293714642524719,32
2,b0_first,1,0.9639834761619568,32
2,b0_first,2,0.8584694862365723,32
2,b0_first,3,0.7679722905158997,32
2,b0_first,4,0.7084344625473022,32
2,b0_first,5,0.6942733526229858,32
2,b0_first,6,0.6767804622650146,32
2,b0_first,7,0.6252691745758057,32
2,b0_first,8,0.6275662183761597,32
2,b0_first,9,0.6223123073577881,32
2,b0_first,10,0.617495059967041,32
2,oracle_first,1,0.4448900520801544,32
2,oracle_first,2,0.5695526003837585,32
2,oracle_first,3,0.6687132716178894,32
2,oracle_first,4,0.6571608781814575,32
2,oracle_first,5,0.6347359418869019,32
2,oracle_first,6,0.6488190293312073,32
2,oracle_first,7,0.6063756942749023,32
2,oracle_first,8,0.6102989912033081,32
2,oracle_first,9,0.6009366512298584,32
2,oracle_first,10,0.6005216836929321,32
3,dense_first,1,0.57755446434021,32
3,dense_first,2,0.4863549768924713,32
3,dense_first,3,0.41799619793891907,32
3,dense_first,4,0.36011242866516113,32
3,dense_first,5,0.3107447028160095,32
3,dense_first,6,0.30641648173332214,32
3,dense_first,7,0.3088245689868927,32
3,dense_first,8,0.2932552099227905,32
3,dense_first,9,0.28950682282447815,32
3,dense_first,10,0.2880956828594208,32
3,b0_first,1,0.3494844138622284,32
3,b0_first,2,0.323641836643219,32
3,b0_first,3,0.30318835377693176,32
3,b0_first,4,0.2824452817440033,32
3,b0_first,5,0.266304612159729,32
3,b0_first,6,0.25727391242980957,32
3,b0_first,7,0.2503644526004791,32
3,b0_first,8,0.2505858540534973,32
3,b0_first,9,0.24618582427501678,32
3,b0_first,10,0.24289295077323914,32
3,oracle_first,1,0.1524602472782135,32
3,oracle_first,2,0.18801406025886536,32
3,oracle_first,3,0.1809534877538681,32
3,oracle_first,4,0.18164271116256714,32
3,oracle_first,5,0.18991945683956146,32
3,oracle_first,6,0.1885051280260086,32
3,oracle_first,7,0.19039884209632874,32
3,oracle_first,8,0.1966293454170227,32
3,oracle_first,9,0.1941719353199005,32
3,oracle_first,10,0.19783544540405273,32
4,dense_first,1,1.5069355964660645,32
4,dense_first,2,0.7869921922683716,32
4,dense_first,3,0.6717788577079773,32
4,dense_first,4,0.5241919755935669,32
4,dense_first,5,0.47929853200912476,32
4,dense_first,6,0.4481844902038574,32
4,dense_first,7,0.4254058599472046,32
4,dense_first,8,0.4107586741447449,32
4,dense_first,9,0.3937622606754303,32
4,dense_first,10,0.3724732995033264,32
4,b0_first,1,0.6215355396270752,32
4,b0_first,2,0.6186591982841492,32
4,b0_first,3,0.5797439217567444,32
4,b0_first,4,0.5377113819122314,32
4,b0_first,5,0.5173084735870361,32
4,b0_first,6,0.48186713457107544,32
4,b0_first,7,0.46911880373954773,32
4,b0_first,8,0.44716981053352356,32
4,b0_first,9,0.44066792726516724,32
4,b0_first,10,0.4338075816631317,32
4,oracle_first,1,0.1961747109889984,32
4,oracle_first,2,0.19727464020252228,32
4,oracle_first,3,0.21419768035411835,32
4,oracle_first,4,0.25430843234062195,32
4,oracle_first,5,0.25292736291885376,32
4,oracle_first,6,0.24330182373523712,32
4,oracle_first,7,0.24184879660606384,32
4,oracle_first,8,0.24164241552352905,32
4,oracle_first,9,0.2597842514514923,32
4,oracle_first,10,0.25573843717575073,32
5,dense_first,1,0.5001936554908752,32
5,dense_first,2,0.3425183594226837,32
5,dense_first,3,0.30899015069007874,32
5,dense_first,4,0.2596836984157562,32
5,dense_first,5,0.23777347803115845,32
5,dense_first,6,0.22244596481323242,32
5,dense_first,7,0.20996224880218506,32
5,dense_first,8,0.2066618949174881,32
5,dense_first,9,0.19434940814971924,32
5,dense_first,10,0.18202045559883118,32
5,b0_first,1,0.18697690963745117,32
5,b0_first,2,0.17733639478683472,32
5,b0_first,3,0.16444632411003113,32
5,b0_first,4,0.16196221113204956,32
5,b0_first,5,0.16266748309135437,32
5,b0_first,6,0.160191610455513,32
5,b0_first,7,0.15721452236175537,32
5,b0_first,8,0.15645495057106018,32
5,b0_first,9,0.1535278856754303,32
5,b0_first,10,0.14770403504371643,32
5,oracle_first,1,0.07903388142585754,32
5,oracle_first,2,0.0836104154586792,32
5,oracle_first,3,0.09239260852336884,32
5,oracle_first,4,0.0952242761850357,32
5,oracle_first,5,0.10211716592311859,32
5,oracle_first,6,0.11849357187747955,32
5,oracle_first,7,0.11941992491483688,32
5,oracle_first,8,0.12073369324207306,32
5,oracle_first,9,0.12248589098453522,32
5,oracle_first,10,0.12201843410730362,32
6,dense_first,1,0.1408955305814743,32
6,dense_first,2,0.09704254567623138,32
6,dense_first,3,0.0953754186630249,32
6,dense_first,4,0.097425177693367,32
6,dense_first,5,0.09328226000070572,32
6,dense_first,6,0.09381967782974243,32
6,dense_first,7,0.09723108261823654,32
6,dense_first,8,0.09397037327289581,32
6,dense_first,9,0.10222555696964264,32
6,dense_first,10,0.09955514967441559,32
6,b0_first,1,0.18525941669940948,32
6,b0_first,2,0.1318504959344864,32
6,b0_first,3,0.10622847825288773,32
6,b0_first,4,0.09258608520030975,32
6,b0_first,5,0.08654288202524185,32
6,b0_first,6,0.07785171270370483,32
6,b0_first,7,0.07604420930147171,32
6,b0_first,8,0.07700030505657196,32
6,b0_first,9,0.07854060083627701,32
6,b0_first,10,0.07627741247415543,32
6,oracle_first,1,0.014773037284612656,32
6,oracle_first,2,0.041322510689496994,32
6,oracle_first,3,0.043070413172245026,32
6,oracle_first,4,0.04724794998764992,32
6,oracle_first,5,0.054272525012493134,32
6,oracle_first,6,0.055936049669981,32
6,oracle_first,7,0.05641996115446091,32
6,oracle_first,8,0.05147425830364227,32
6,oracle_first,9,0.05687902867794037,32
6,oracle_first,10,0.05893241986632347,32
0,dense_first,1,1.1262900829315186,32
0,dense_first,2,0.844840407371521,32
0,dense_first,3,0.801423192024231,32
0,dense_first,4,0.6991536617279053,32
0,dense_first,5,0.6541396379470825,32
0,dense_first,6,0.6282639503479004,32
0,dense_first,7,0.6109485626220703,32
0,dense_first,8,0.6106142401695251,32
0,dense_first,9,0.6006135940551758,32
0,dense_first,10,0.5819107294082642,32
0,b0_first,1,0.8887597322463989,32
0,b0_first,2,0.7875630855560303,32
0,b0_first,3,0.7224814891815186,32
0,b0_first,4,0.6986660361289978,32
0,b0_first,5,0.6661505699157715,32
0,b0_first,6,0.6272665858268738,32
0,b0_first,7,0.6073341369628906,32
0,b0_first,8,0.6003801226615906,32
0,b0_first,9,0.5928922891616821,32
0,b0_first,10,0.5824880599975586,32
0,oracle_first,1,0.44757312536239624,32
0,oracle_first,2,0.6342376470565796,32
0,oracle_first,3,0.6093556880950928,32
0,oracle_first,4,0.5862443447113037,32
0,oracle_first,5,0.5940852165222168,32
0,oracle_first,6,0.5777239799499512,32
0,oracle_first,7,0.5792334675788879,32
0,oracle_first,8,0.577533483505249,32
0,oracle_first,9,0.570824384689331,32
0,oracle_first,10,0.5628057718276978,32
1,dense_first,1,0.4921760857105255,32
1,dense_first,2,0.39237213134765625,32
1,dense_first,3,0.3492719233036041,32
1,dense_first,4,0.3338863253593445,32
1,dense_first,5,0.3298146724700928,32
1,dense_first,6,0.32698628306388855,32
1,dense_first,7,0.343713641166687,32
1,dense_first,8,0.31718990206718445,32
1,dense_first,9,0.3067174255847931,32
1,dense_first,10,0.30774974822998047,32
1,b0_first,1,0.5167189836502075,32
1,b0_first,2,0.4599183201789856,32
1,b0_first,3,0.4142223000526428,32
1,b0_first,4,0.38771918416023254,32
1,b0_first,5,0.3797854781150818,32
1,b0_first,6,0.36395370960235596,32
1,b0_first,7,0.3535583019256592,32
1,b0_first,8,0.34502673149108887,32
1,b0_first,9,0.33511900901794434,32
1,b0_first,10,0.3333520293235779,32
1,oracle_first,1,0.18238772451877594,32
1,oracle_first,2,0.2180686891078949,32
1,oracle_first,3,0.2248331606388092,32
1,oracle_first,4,0.22685466706752777,32
1,oracle_first,5,0.23332466185092926,32
1,oracle_first,6,0.2347879856824875,32
1,oracle_first,7,0.23975789546966553,32
1,oracle_first,8,0.23794874548912048,32
1,oracle_first,9,0.23592904210090637,32
1,oracle_first,10,0.23789164423942566,32
2,dense_first,1,1.2191410064697266,32
2,dense_first,2,0.9311422109603882,32
2,dense_first,3,0.8604289293289185,32
2,dense_first,4,0.8272742033004761,32
2,dense_first,5,0.7662632465362549,32
2,dense_first,6,0.718200147151947,32
2,dense_first,7,0.6855955719947815,32
2,dense_first,8,0.6819843649864197,32
2,dense_first,9,0.6609536409378052,32
2,dense_first,10,0.6370443105697632,32
2,b0_first,1,0.977625846862793,32
2,b0_first,2,0.8602277040481567,32
2,b0_first,3,0.7851225733757019,32
2,b0_first,4,0.7549937963485718,32
2,b0_first,5,0.7251646518707275,32
2,b0_first,6,0.7038414478302002,32
2,b0_first,7,0.6754618883132935,32
2,b0_first,8,0.6562513113021851,32
2,b0_first,9,0.639134407043457,32
2,b0_first,10,0.6186326742172241,32
2,oracle_first,1,0.48340535163879395,32
2,oracle_first,2,0.6700300574302673,32
2,oracle_first,3,0.6846787929534912,32
2,oracle_first,4,0.7112276554107666,32
2,oracle_first,5,0.6874179244041443,32
2,oracle_first,6,0.6771052479743958,32
2,oracle_first,7,0.6678609848022461,32
2,oracle_first,8,0.6319671869277954,32
2,oracle_first,9,0.6176271438598633,32
2,oracle_first,10,0.6127359867095947,32
3,dense_first,1,0.5548696517944336,32
3,dense_first,2,0.4422719180583954,32
3,dense_first,3,0.37883177399635315,32
3,dense_first,4,0.35419192910194397,32
3,dense_first,5,0.29441824555397034,32
3,dense_first,6,0.29479315876960754,32
3,dense_first,7,0.29160118103027344,32
3,dense_first,8,0.27178236842155457,32
3,dense_first,9,0.2627735435962677,32
3,dense_first,10,0.24786540865898132,32
3,b0_first,1,0.3503245711326599,32
3,b0_first,2,0.30875980854034424,32
3,b0_first,3,0.28478798270225525,32
3,b0_first,4,0.2656663954257965,32
3,b0_first,5,0.25399550795555115,32
3,b0_first,6,0.24295765161514282,32
3,b0_first,7,0.2399202287197113,32
3,b0_first,8,0.23747240006923676,32
3,b0_first,9,0.23312298953533173,32
3,b0_first,10,0.23230402171611786,32
3,oracle_first,1,0.13205236196517944,32
3,oracle_first,2,0.14497601985931396,32
3,oracle_first,3,0.14526544511318207,32
3,oracle_first,4,0.1438773274421692,32
3,oracle_first,5,0.14427326619625092,32
3,oracle_first,6,0.14746829867362976,32
3,oracle_first,7,0.15209642052650452,32
3,oracle_first,8,0.15289688110351562,32
3,oracle_first,9,0.15224649012088776,32
3,oracle_first,10,0.1521470546722412,32
4,dense_first,1,1.080789566040039,32
4,dense_first,2,1.074420690536499,32
4,dense_first,3,0.8815181255340576,32
4,dense_first,4,0.631171703338623,32
4,dense_first,5,0.5552072525024414,32
4,dense_first,6,0.512158215045929,32
4,dense_first,7,0.469134658575058,32
4,dense_first,8,0.451576828956604,32
4,dense_first,9,0.46453750133514404,32
4,dense_first,10,0.4294261932373047,32
4,b0_first,1,0.8393917083740234,32
4,b0_first,2,0.8371148109436035,32
4,b0_first,3,0.8057202100753784,32
4,b0_first,4,0.7499900460243225,32
4,b0_first,5,0.6908377408981323,32
4,b0_first,6,0.6598324775695801,32
4,b0_first,7,0.6280140280723572,32
4,b0_first,8,0.6085200309753418,32
4,b0_first,9,0.5867825150489807,32
4,b0_first,10,0.5772724151611328,32
4,oracle_first,1,0.20222246646881104,32
4,oracle_first,2,0.20580175518989563,32
4,oracle_first,3,0.2131079137325287,32
4,oracle_first,4,0.21940618753433228,32
4,oracle_first,5,0.23337756097316742,32
4,oracle_first,6,0.2271842062473297,32
4,oracle_first,7,0.23045194149017334,32
4,oracle_first,8,0.23527660965919495,32
4,oracle_first,9,0.2380652278661728,32
4,oracle_first,10,0.24482369422912598,32
5,dense_first,1,0.493965744972229,32
5,dense_first,2,0.31806474924087524,32
5,dense_first,3,0.2833942770957947,32
5,dense_first,4,0.2441992461681366,32
5,dense_first,5,0.2306567281484604,32
5,dense_first,6,0.2537230849266052,32
5,dense_first,7,0.2653292715549469,32
5,dense_first,8,0.25760525465011597,32
5,dense_first,9,0.2554115653038025,32
5,dense_first,10,0.2439945936203003,32
5,b0_first,1,0.203828364610672,32
5,b0_first,2,0.19657033681869507,32
5,b0_first,3,0.1865479201078415,32
5,b0_first,4,0.180261492729187,32
5,b0_first,5,0.17140358686447144,32
5,b0_first,6,0.17874860763549805,32
5,b0_first,7,0.17626924812793732,32
5,b0_first,8,0.1786990463733673,32
5,b0_first,9,0.17201140522956848,32
5,b0_first,10,0.1699078530073166,32
5,oracle_first,1,0.08462554216384888,32
5,oracle_first,2,0.09628301858901978,32
5,oracle_first,3,0.11176203191280365,32
5,oracle_first,4,0.11564160883426666,32
5,oracle_first,5,0.11839456856250763,32
5,oracle_first,6,0.13614290952682495,32
5,oracle_first,7,0.14670336246490479,32
5,oracle_first,8,0.147783562541008,32
5,oracle_first,9,0.1461065709590912,32
5,oracle_first,10,0.14504790306091309,32
6,dense_first,1,0.30072271823883057,32
6,dense_first,2,0.24831266701221466,32
6,dense_first,3,0.2414122223854065,32
6,dense_first,4,0.20260193943977356,32
6,dense_first,5,0.16482216119766235,32
6,dense_first,6,0.14331519603729248,32
6,dense_first,7,0.13209523260593414,32
6,dense_first,8,0.11156576126813889,32
6,dense_first,9,0.10650995373725891,32
6,dense_first,10,0.10574968159198761,32
6,b0_first,1,0.0770571157336235,32
6,b0_first,2,0.06892494112253189,32
6,b0_first,3,0.05632081627845764,32
6,b0_first,4,0.05379066988825798,32
6,b0_first,5,0.04964178055524826,32
6,b0_first,6,0.04452430456876755,32
6,b0_first,7,0.03803452104330063,32
6,b0_first,8,0.037359923124313354,32
6,b0_first,9,0.03668539598584175,32
6,b0_first,10,0.035909831523895264,32
6,oracle_first,1,0.014526745304465294,32
6,oracle_first,2,0.03151191398501396,32
6,oracle_first,3,0.03553170710802078,32
6,oracle_first,4,0.03741757571697235,32
6,oracle_first,5,0.03745777904987335,32
6,oracle_first,6,0.0361441969871521,32
6,oracle_first,7,0.034942377358675,32
6,oracle_first,8,0.03526819497346878,32
6,oracle_first,9,0.03459015488624573,32
6,oracle_first,10,0.03517720103263855,32
0,dense_first,1,1.8613371849060059,32
0,dense_first,2,1.3838971853256226,32
0,dense_first,3,1.2377846240997314,32
0,dense_first,4,1.157041072845459,32
0,dense_first,5,1.031349539756775,32
0,dense_first,6,1.0078684091567993,32
0,dense_first,7,1.0072741508483887,32
0,dense_first,8,0.9991262555122375,32
0,dense_first,9,0.8949787616729736,32
0,dense_first,10,0.885057270526886,32
0,b0_first,1,1.0696954727172852,32
0,b0_first,2,0.9950547218322754,32
0,b0_first,3,0.9173073768615723,32
0,b0_first,4,0.8704482913017273,32
0,b0_first,5,0.8406672477722168,32
0,b0_first,6,0.8156518936157227,32
0,b0_first,7,0.8212124705314636,32
0,b0_first,8,0.8289695978164673,32
0,b0_first,9,0.8083387613296509,32
0,b0_first,10,0.8010008335113525,32
0,oracle_first,1,0.42872190475463867,32
0,oracle_first,2,0.6853354573249817,32
0,oracle_first,3,0.8335245251655579,32
0,oracle_first,4,0.8463591933250427,32
0,oracle_first,5,0.833733081817627,32
0,oracle_first,6,0.789215087890625,32
0,oracle_first,7,0.7866701483726501,32
0,oracle_first,8,0.8025996685028076,32
0,oracle_first,9,0.7946764230728149,32
0,oracle_first,10,0.7913421392440796,32
1,dense_first,1,0.9256770610809326,32
1,dense_first,2,1.0778298377990723,32
1,dense_first,3,0.5710815191268921,32
1,dense_first,4,0.5507298707962036,32
1,dense_first,5,0.42729759216308594,32
1,dense_first,6,0.34925347566604614,32
1,dense_first,7,0.3180592954158783,32
1,dense_first,8,0.3141285479068756,32
1,dense_first,9,0.3028761148452759,32
1,dense_first,10,0.3001224398612976,32
1,b0_first,1,0.546363890171051,32
1,b0_first,2,0.4817250072956085,32
1,b0_first,3,0.45996853709220886,32
1,b0_first,4,0.4124383330345154,32
1,b0_first,5,0.3963492810726166,32
1,b0_first,6,0.34316688776016235,32
1,b0_first,7,0.330180287361145,32
1,b0_first,8,0.3107452690601349,32
1,b0_first,9,0.3039515018463135,32
1,b0_first,10,0.2994130253791809,32
1,oracle_first,1,0.14903049170970917,32
1,oracle_first,2,0.23532000184059143,32
1,oracle_first,3,0.2607553005218506,32
1,oracle_first,4,0.2688598334789276,32
1,oracle_first,5,0.26004213094711304,32
1,oracle_first,6,0.2607657313346863,32
1,oracle_first,7,0.2567613124847412,32
1,oracle_first,8,0.2366175353527069,32
1,oracle_first,9,0.2272057831287384,32
1,oracle_first,10,0.22548432648181915,32
2,dense_first,1,2.3217759132385254,32
2,dense_first,2,1.7990589141845703,32
2,dense_first,3,1.4938889741897583,32
2,dense_first,4,1.2521288394927979,32
2,dense_first,5,0.97850501537323,32
2,dense_first,6,0.9289547204971313,32
2,dense_first,7,0.9131568074226379,32
2,dense_first,8,0.893406331539154,32
2,dense_first,9,0.9078149795532227,32
2,dense_first,10,0.8911756873130798,32
2,b0_first,1,1.0955173969268799,32
2,b0_first,2,1.0071972608566284,32
2,b0_first,3,0.8849142789840698,32
2,b0_first,4,0.8557766079902649,32
2,b0_first,5,0.8364884257316589,32
2,b0_first,6,0.8347827196121216,32
2,b0_first,7,0.8244446516036987,32
2,b0_first,8,0.8203576803207397,32
2,b0_first,9,0.8207460641860962,32
2,b0_first,10,0.8155354261398315,32
2,oracle_first,1,0.4527040719985962,32
2,oracle_first,2,0.6253708600997925,32
2,oracle_first,3,0.8098405599594116,32
2,oracle_first,4,0.8523070812225342,32
2,oracle_first,5,0.7789875864982605,32
2,oracle_first,6,0.7754089832305908,32
2,oracle_first,7,0.7892304062843323,32
2,oracle_first,8,0.7770392298698425,32
2,oracle_first,9,0.7827762365341187,32
2,oracle_first,10,0.7974501252174377,32
3,dense_first,1,0.6675853729248047,32
3,dense_first,2,0.616043210029602,32
3,dense_first,3,0.5001450777053833,32
3,dense_first,4,0.3518308699131012,32
3,dense_first,5,0.3284432291984558,32
3,dense_first,6,0.2973780035972595,32
3,dense_first,7,0.28713828325271606,32
3,dense_first,8,0.2831267714500427,32
3,dense_first,9,0.2713612914085388,32
3,dense_first,10,0.2597576975822449,32
3,b0_first,1,0.28166306018829346,32
3,b0_first,2,0.24982184171676636,32
3,b0_first,3,0.23137666285037994,32
3,b0_first,4,0.21857023239135742,32
3,b0_first,5,0.2077426314353943,32
3,b0_first,6,0.20043447613716125,32
3,b0_first,7,0.19636356830596924,32
3,b0_first,8,0.19198763370513916,32
3,b0_first,9,0.18735545873641968,32
3,b0_first,10,0.18699084222316742,32
3,oracle_first,1,0.13907977938652039,32
3,oracle_first,2,0.15939635038375854,32
3,oracle_first,3,0.16356858611106873,32
3,oracle_first,4,0.17193418741226196,32
3,oracle_first,5,0.17087703943252563,32
3,oracle_first,6,0.1652311384677887,32
3,oracle_first,7,0.16171005368232727,32
3,oracle_first,8,0.16288265585899353,32
3,oracle_first,9,0.16455842554569244,32
3,oracle_first,10,0.16157905757427216,32
4,dense_first,1,1.1864583492279053,32
4,dense_first,2,0.9058849811553955,32
4,dense_first,3,0.772250771522522,32
4,dense_first,4,0.6269886493682861,32
4,dense_first,5,0.5930687189102173,32
4,dense_first,6,0.5469681024551392,32
4,dense_first,7,0.5298022031784058,32
4,dense_first,8,0.5159509181976318,32
4,dense_first,9,0.4774778485298157,32
4,dense_first,10,0.4053550362586975,32
4,b0_first,1,0.5018414258956909,32
4,b0_first,2,0.4842921197414398,32
4,b0_first,3,0.4469577372074127,32
4,b0_first,4,0.41260433197021484,32
4,b0_first,5,0.3943585753440857,32
4,b0_first,6,0.3731882572174072,32
4,b0_first,7,0.3654472529888153,32
4,b0_first,8,0.35610127449035645,32
4,b0_first,9,0.3432835340499878,32
4,b0_first,10,0.33782076835632324,32
4,oracle_first,1,0.16794288158416748,32
4,oracle_first,2,0.16668157279491425,32
4,oracle_first,3,0.17281056940555573,32
4,oracle_first,4,0.18629078567028046,32
4,oracle_first,5,0.1907031536102295,32
4,oracle_first,6,0.20083042979240417,32
4,oracle_first,7,0.19739684462547302,32
4,oracle_first,8,0.19087272882461548,32
4,oracle_first,9,0.19804467260837555,32
4,oracle_first,10,0.19440588355064392,32
5,dense_first,1,0.447807639837265,32
5,dense_first,2,0.2887614667415619,32
5,dense_first,3,0.2421823889017105,32
5,dense_first,4,0.2016577422618866,32
5,dense_first,5,0.1999494433403015,32
5,dense_first,6,0.19001206755638123,32
5,dense_first,7,0.18961872160434723,32
5,dense_first,8,0.17818307876586914,32
5,dense_first,9,0.16894842684268951,32
5,dense_first,10,0.15857410430908203,32
5,b0_first,1,0.5878266096115112,32
5,b0_first,2,0.4840351939201355,32
5,b0_first,3,0.43684709072113037,32
5,b0_first,4,0.41277265548706055,32
5,b0_first,5,0.3622325658798218,32
5,b0_first,6,0.32054007053375244,32
5,b0_first,7,0.2945840060710907,32
5,b0_first,8,0.2797813415527344,32
5,b0_first,9,0.2628316879272461,32
5,b0_first,10,0.24694104492664337,32
5,oracle_first,1,0.07293599843978882,32
5,oracle_first,2,0.13978582620620728,32
5,oracle_first,3,0.16390523314476013,32
5,oracle_first,4,0.15888403356075287,32
5,oracle_first,5,0.1586432009935379,32
5,oracle_first,6,0.15028633177280426,32
5,oracle_first,7,0.14796198904514313,32
5,oracle_first,8,0.14839279651641846,32
5,oracle_first,9,0.1341981291770935,32
5,oracle_first,10,0.13091151416301727,32
6,dense_first,1,0.1790100336074829,32
6,dense_first,2,0.14387893676757812,32
6,dense_first,3,0.1318207085132599,32
6,dense_first,4,0.1005079373717308,32
6,dense_first,5,0.08035768568515778,32
6,dense_first,6,0.07052233070135117,32
6,dense_first,7,0.06250443309545517,32
6,dense_first,8,0.05390628054738045,32
6,dense_first,9,0.053375259041786194,32
6,dense_first,10,0.05609767138957977,32
6,b0_first,1,0.14496050775051117,32
6,b0_first,2,0.11068494617938995,32
6,b0_first,3,0.08824422210454941,32
6,b0_first,4,0.0744817703962326,32
6,b0_first,5,0.07283665239810944,32
6,b0_first,6,0.06893298774957657,32
6,b0_first,7,0.06461063772439957,32
6,b0_first,8,0.054587215185165405,32
6,b0_first,9,0.05683671683073044,32
6,b0_first,10,0.05741514265537262,32
6,oracle_first,1,0.016994081437587738,32
6,oracle_first,2,0.030792294070124626,32
6,oracle_first,3,0.03742147982120514,32
6,oracle_first,4,0.037924766540527344,32
6,oracle_first,5,0.03541174530982971,32
6,oracle_first,6,0.037366464734077454,32
6,oracle_first,7,0.039612025022506714,32
6,oracle_first,8,0.041999995708465576,32
6,oracle_first,9,0.04330536723136902,32
6,oracle_first,10,0.04156537353992462,32
0,dense_first,1,1.1668648719787598,32
0,dense_first,2,0.9535536766052246,32
0,dense_first,3,0.759697437286377,32
0,dense_first,4,0.6524813771247864,32
0,dense_first,5,0.6468621492385864,32
0,dense_first,6,0.6512985229492188,32
0,dense_first,7,0.6463032960891724,32
0,dense_first,8,0.5787714719772339,32
0,dense_first,9,0.5602349042892456,32
0,dense_first,10,0.5649070739746094,32
0,b0_first,1,0.8568412065505981,32
0,b0_first,2,0.7372751832008362,32
0,b0_first,3,0.6592714190483093,32
0,b0_first,4,0.6015613675117493,32
0,b0_first,5,0.5625183582305908,32
0,b0_first,6,0.55313640832901,32
0,b0_first,7,0.5450764894485474,32
0,b0_first,8,0.5415830612182617,32
0,b0_first,9,0.5243637561798096,32
0,b0_first,10,0.515848696231842,32
0,oracle_first,1,0.3301658630371094,32
0,oracle_first,2,0.41593116521835327,32
0,oracle_first,3,0.45435619354248047,32
0,oracle_first,4,0.4434279799461365,32
0,oracle_first,5,0.4500439763069153,32
0,oracle_first,6,0.45566338300704956,32
0,oracle_first,7,0.4716385304927826,32
0,oracle_first,8,0.47757506370544434,32
0,oracle_first,9,0.47542309761047363,32
0,oracle_first,10,0.4723986089229584,32
1,dense_first,1,0.46172791719436646,32
1,dense_first,2,0.34299302101135254,32
1,dense_first,3,0.2666875123977661,32
1,dense_first,4,0.24500900506973267,32
1,dense_first,5,0.19035357236862183,32
1,dense_first,6,0.18692398071289062,32
1,dense_first,7,0.17787586152553558,32
1,dense_first,8,0.1652349829673767,32
1,dense_first,9,0.15735827386379242,32
1,dense_first,10,0.1713380515575409,32
1,b0_first,1,0.3857352137565613,32
1,b0_first,2,0.33111223578453064,32
1,b0_first,3,0.2801476716995239,32
1,b0_first,4,0.24622023105621338,32
1,b0_first,5,0.21881406009197235,32
1,b0_first,6,0.2028931975364685,32
1,b0_first,7,0.19208264350891113,32
1,b0_first,8,0.18867217004299164,32
1,b0_first,9,0.18486684560775757,32
1,b0_first,10,0.17929419875144958,32
1,oracle_first,1,0.12493620067834854,32
1,oracle_first,2,0.1662016212940216,32
1,oracle_first,3,0.1589331477880478,32
1,oracle_first,4,0.16070134937763214,32
1,oracle_first,5,0.17187732458114624,32
1,oracle_first,6,0.157065749168396,32
1,oracle_first,7,0.14995238184928894,32
1,oracle_first,8,0.14610737562179565,32
1,oracle_first,9,0.1416408121585846,32
1,oracle_first,10,0.13978469371795654,32
2,dense_first,1,1.1487619876861572,32
2,dense_first,2,1.0435187816619873,32
2,dense_first,3,0.7711803317070007,32
2,dense_first,4,0.6845062971115112,32
2,dense_first,5,0.645027756690979,32
2,dense_first,6,0.6050673723220825,32
2,dense_first,7,0.5982986688613892,32
2,dense_first,8,0.5947576761245728,32
2,dense_first,9,0.5861189961433411,32
2,dense_first,10,0.5679510831832886,32
2,b0_first,1,0.992822527885437,32
2,b0_first,2,0.8794047832489014,32
2,b0_first,3,0.7449533939361572,32
2,b0_first,4,0.6916484832763672,32
2,b0_first,5,0.6147624254226685,32
2,b0_first,6,0.59373939037323,32
2,b0_first,7,0.5895021557807922,32
2,b0_first,8,0.5750285983085632,32
2,b0_first,9,0.5664191842079163,32
2,b0_first,10,0.5629763603210449,32
2,oracle_first,1,0.34041857719421387,32
2,oracle_first,2,0.4674641489982605,32
2,oracle_first,3,0.5257236957550049,32
2,oracle_first,4,0.48051226139068604,32
2,oracle_first,5,0.5095926523208618,32
2,oracle_first,6,0.5098632574081421,32
2,oracle_first,7,0.5109107494354248,32
2,oracle_first,8,0.5127446055412292,32
2,oracle_first,9,0.5022780895233154,32
2,oracle_first,10,0.5088970065116882,32
3,dense_first,1,0.48632314801216125,32
3,dense_first,2,0.31978845596313477,32
3,dense_first,3,0.2499677836894989,32
3,dense_first,4,0.22569063305854797,32
3,dense_first,5,0.19792991876602173,32
3,dense_first,6,0.19004830718040466,32
3,dense_first,7,0.17650339007377625,32
3,dense_first,8,0.16619588434696198,32
3,dense_first,9,0.15885671973228455,32
3,dense_first,10,0.1559508889913559,32
3,b0_first,1,0.323760062456131,32
3,b0_first,2,0.28591495752334595,32
3,b0_first,3,0.24692970514297485,32
3,b0_first,4,0.22285455465316772,32
3,b0_first,5,0.20423567295074463,32
3,b0_first,6,0.19656875729560852,32
3,b0_first,7,0.1837371587753296,32
3,b0_first,8,0.17525315284729004,32
3,b0_first,9,0.17178896069526672,32
3,b0_first,10,0.16540557146072388,32
3,oracle_first,1,0.11437445878982544,32
3,oracle_first,2,0.19722619652748108,32
3,oracle_first,3,0.19981224834918976,32
3,oracle_first,4,0.18274018168449402,32
3,oracle_first,5,0.16411937773227692,32
3,oracle_first,6,0.1534094512462616,32
3,oracle_first,7,0.14401966333389282,32
3,oracle_first,8,0.13597095012664795,32
3,oracle_first,9,0.13155916333198547,32
3,oracle_first,10,0.1270654797554016,32
4,dense_first,1,1.4232863187789917,32
4,dense_first,2,0.8177415132522583,32
4,dense_first,3,0.5955109000205994,32
4,dense_first,4,0.4463275671005249,32
4,dense_first,5,0.4222649037837982,32
4,dense_first,6,0.38091951608657837,32
4,dense_first,7,0.3619312345981598,32
4,dense_first,8,0.3194878101348877,32
4,dense_first,9,0.29636621475219727,32
4,dense_first,10,0.2868099808692932,32
4,b0_first,1,0.5396327972412109,32
4,b0_first,2,0.5300053358078003,32
4,b0_first,3,0.47186532616615295,32
4,b0_first,4,0.4202791452407837,32
4,b0_first,5,0.3932831287384033,32
4,b0_first,6,0.3810250759124756,32
4,b0_first,7,0.368572473526001,32
4,b0_first,8,0.3507540822029114,32
4,b0_first,9,0.32802778482437134,32
4,b0_first,10,0.3169046640396118,32
4,oracle_first,1,0.17879046499729156,32
4,oracle_first,2,0.17797163128852844,32
4,oracle_first,3,0.200058251619339,32
4,oracle_first,4,0.20101763308048248,32
4,oracle_first,5,0.21567997336387634,32
4,oracle_first,6,0.2115524411201477,32
4,oracle_first,7,0.20819918811321259,32
4,oracle_first,8,0.20975613594055176,32
4,oracle_first,9,0.2126084268093109,32
4,oracle_first,10,0.20559954643249512,32
5,dense_first,1,0.42985183000564575,32
5,dense_first,2,0.26871803402900696,32
5,dense_first,3,0.21931537985801697,32
5,dense_first,4,0.2167820930480957,32
5,dense_first,5,0.21543008089065552,32
5,dense_first,6,0.21888265013694763,32
5,dense_first,7,0.20176653563976288,32
5,dense_first,8,0.19377656280994415,32
5,dense_first,9,0.196836456656456,32
5,dense_first,10,0.18671400845050812,32
5,b0_first,1,0.3254593014717102,32
5,b0_first,2,0.2884982228279114,32
5,b0_first,3,0.2625775635242462,32
5,b0_first,4,0.245906800031662,32
5,b0_first,5,0.22050422430038452,32
5,b0_first,6,0.21485991775989532,32
5,b0_first,7,0.21078141033649445,32
5,b0_first,8,0.2013932764530182,32
5,b0_first,9,0.19656768441200256,32
5,b0_first,10,0.18696099519729614,32
5,oracle_first,1,0.0711614117026329,32
5,oracle_first,2,0.0886322408914566,32
5,oracle_first,3,0.09407906234264374,32
5,oracle_first,4,0.09655603766441345,32
5,oracle_first,5,0.10339055955410004,32
5,oracle_first,6,0.12897251546382904,32
5,oracle_first,7,0.1285025179386139,32
5,oracle_first,8,0.12459699809551239,32
5,oracle_first,9,0.125610813498497,32
5,oracle_first,10,0.12733927369117737,32
6,dense_first,1,0.17051103711128235,32
6,dense_first,2,0.12014952301979065,32
6,dense_first,3,0.09979036450386047,32
6,dense_first,4,0.07610766589641571,32
6,dense_first,5,0.0658000111579895,32
6,dense_first,6,0.05592982470989227,32
6,dense_first,7,0.054830774664878845,32
6,dense_first,8,0.05538102611899376,32
6,dense_first,9,0.0517025887966156,32
6,dense_first,10,0.05068008974194527,32
6,b0_first,1,0.066998690366745,32
6,b0_first,2,0.060723040252923965,32
6,b0_first,3,0.05313704162836075,32
6,b0_first,4,0.048151448369026184,32
6,b0_first,5,0.0465683788061142,32
6,b0_first,6,0.05037988722324371,32
6,b0_first,7,0.045788779854774475,32
6,b0_first,8,0.04646811634302139,32
6,b0_first,9,0.04944590479135513,32
6,b0_first,10,0.04861034080386162,32
6,oracle_first,1,0.013407078571617603,32
6,oracle_first,2,0.03485553711652756,32
6,oracle_first,3,0.03817626088857651,32
6,oracle_first,4,0.027810988947749138,32
6,oracle_first,5,0.0307987779378891,32
6,oracle_first,6,0.02993200346827507,32
6,oracle_first,7,0.03501511737704277,32
6,oracle_first,8,0.03941596299409866,32
6,oracle_first,9,0.040985655039548874,32
6,oracle_first,10,0.04365677386522293,32
0,dense_first,1,1.127077341079712,32
0,dense_first,2,0.8765619397163391,32
0,dense_first,3,0.8542845845222473,32
0,dense_first,4,0.749327540397644,32
0,dense_first,5,0.6948453187942505,32
0,dense_first,6,0.6959182620048523,32
0,dense_first,7,0.6868370771408081,32
0,dense_first,8,0.6789798736572266,32
0,dense_first,9,0.6346472501754761,32
0,dense_first,10,0.6348362565040588,32
0,b0_first,1,1.0477666854858398,32
0,b0_first,2,0.9546748399734497,32
0,b0_first,3,0.8360073566436768,32
0,b0_first,4,0.7698972225189209,32
0,b0_first,5,0.6958358883857727,32
0,b0_first,6,0.677806556224823,32
0,b0_first,7,0.672307014465332,32
0,b0_first,8,0.6738135814666748,32
0,b0_first,9,0.654333770275116,32
0,b0_first,10,0.6431896686553955,32
0,oracle_first,1,0.3472687005996704,32
0,oracle_first,2,0.40460819005966187,32
0,oracle_first,3,0.49316948652267456,32
0,oracle_first,4,0.5306704044342041,32
0,oracle_first,5,0.5155618190765381,32
0,oracle_first,6,0.5193073153495789,32
0,oracle_first,7,0.5393821597099304,32
0,oracle_first,8,0.5486017465591431,32
0,oracle_first,9,0.5351668000221252,32
0,oracle_first,10,0.5305920839309692,32
1,dense_first,1,0.38321805000305176,32
1,dense_first,2,0.29925212264060974,32
1,dense_first,3,0.22523099184036255,32
1,dense_first,4,0.2046678215265274,32
1,dense_first,5,0.1949232518672943,32
1,dense_first,6,0.1751398742198944,32
1,dense_first,7,0.15950512886047363,32
1,dense_first,8,0.16152308881282806,32
1,dense_first,9,0.13880354166030884,32
1,dense_first,10,0.13531875610351562,32
1,b0_first,1,0.33782675862312317,32
1,b0_first,2,0.27857983112335205,32
1,b0_first,3,0.2541757822036743,32
1,b0_first,4,0.2225748598575592,32
1,b0_first,5,0.1936149299144745,32
1,b0_first,6,0.1776484102010727,32
1,b0_first,7,0.16529591381549835,32
1,b0_first,8,0.1553402841091156,32
1,b0_first,9,0.14637479186058044,32
1,b0_first,10,0.13825348019599915,32
1,oracle_first,1,0.11228148639202118,32
1,oracle_first,2,0.14043492078781128,32
1,oracle_first,3,0.15368737280368805,32
1,oracle_first,4,0.13122235238552094,32
1,oracle_first,5,0.13020041584968567,32
1,oracle_first,6,0.12690149247646332,32
1,oracle_first,7,0.12838417291641235,32
1,oracle_first,8,0.11868707090616226,32
1,oracle_first,9,0.11541791260242462,32
1,oracle_first,10,0.11420772969722748,32
2,dense_first,1,1.4718331098556519,32
2,dense_first,2,1.0304358005523682,32
2,dense_first,3,0.8269299268722534,32
2,dense_first,4,0.716608464717865,32
2,dense_first,5,0.684650182723999,32
2,dense_first,6,0.6762383580207825,32
2,dense_first,7,0.6515038013458252,32
2,dense_first,8,0.6543461680412292,32
2,dense_first,9,0.6590942144393921,32
2,dense_first,10,0.6660000681877136,32
2,b0_first,1,1.0598480701446533,32
2,b0_first,2,0.955311119556427,32
2,b0_first,3,0.789668083190918,32
2,b0_first,4,0.7408620715141296,32
2,b0_first,5,0.7352186441421509,32
2,b0_first,6,0.701677143573761,32
2,b0_first,7,0.6628683805465698,32
2,b0_first,8,0.6582830548286438,32
2,b0_first,9,0.6596750020980835,32
2,b0_first,10,0.6552467346191406,32
2,oracle_first,1,0.34117114543914795,32
2,oracle_first,2,0.4104617238044739,32
2,oracle_first,3,0.5335618257522583,32
2,oracle_first,4,0.5586117506027222,32
2,oracle_first,5,0.562812089920044,32
2,oracle_first,6,0.5942927002906799,32
2,oracle_first,7,0.5910457968711853,32
2,oracle_first,8,0.5852303504943848,32
2,oracle_first,9,0.5874180197715759,32
2,oracle_first,10,0.5990923047065735,32
3,dense_first,1,0.536689281463623,32
3,dense_first,2,0.42073190212249756,32
3,dense_first,3,0.297803670167923,32
3,dense_first,4,0.2417028248310089,32
3,dense_first,5,0.20394393801689148,32
3,dense_first,6,0.19222323596477509,32
3,dense_first,7,0.18286320567131042,32
3,dense_first,8,0.17637185752391815,32
3,dense_first,9,0.16726365685462952,32
3,dense_first,10,0.16210882365703583,32
3,b0_first,1,0.4020646810531616,32
3,b0_first,2,0.33061015605926514,32
3,b0_first,3,0.27997666597366333,32
3,b0_first,4,0.24701932072639465,32
3,b0_first,5,0.21399299800395966,32
3,b0_first,6,0.19642263650894165,32
3,b0_first,7,0.18079864978790283,32
3,b0_first,8,0.17402219772338867,32
3,b0_first,9,0.1650715470314026,32
3,b0_first,10,0.15730127692222595,32
3,oracle_first,1,0.0987725704908371,32
3,oracle_first,2,0.1995774507522583,32
3,oracle_first,3,0.19353866577148438,32
3,oracle_first,4,0.18849943578243256,32
3,oracle_first,5,0.17727118730545044,32
3,oracle_first,6,0.16153410077095032,32
3,oracle_first,7,0.15772104263305664,32
3,oracle_first,8,0.15917140245437622,32
3,oracle_first,9,0.15259003639221191,32
3,oracle_first,10,0.14612579345703125,32
4,dense_first,1,1.5908591747283936,32
4,dense_first,2,1.2882068157196045,32
4,dense_first,3,0.9725183248519897,32
4,dense_first,4,0.7474085092544556,32
4,dense_first,5,0.7013475894927979,32
4,dense_first,6,0.6647874712944031,32
4,dense_first,7,0.6354740858078003,32
4,dense_first,8,0.6267949342727661,32
4,dense_first,9,0.6313679218292236,32
4,dense_first,10,0.6123853325843811,32
4,b0_first,1,1.1350963115692139,32
4,b0_first,2,1.1296706199645996,32
4,b0_first,3,1.0510339736938477,32
4,b0_first,4,1.0232083797454834,32
4,b0_first,5,0.9512125849723816,32
4,b0_first,6,0.9161744117736816,32
4,b0_first,7,0.8866065740585327,32
4,b0_first,8,0.8724812865257263,32
4,b0_first,9,0.8552215695381165,32
4,b0_first,10,0.8432597517967224,32
4,oracle_first,1,0.29646939039230347,32
4,oracle_first,2,0.37990260124206543,32
4,oracle_first,3,0.4519280195236206,32
4,oracle_first,4,0.49219903349876404,32
4,oracle_first,5,0.4708476662635803,32
4,oracle_first,6,0.4588770866394043,32
4,oracle_first,7,0.4709163308143616,32
4,oracle_first,8,0.491679847240448,32
4,oracle_first,9,0.5210050940513611,32
4,oracle_first,10,0.5050064921379089,32
5,dense_first,1,0.48106181621551514,32
5,dense_first,2,0.40919357538223267,32
5,dense_first,3,0.3578464984893799,32
5,dense_first,4,0.28737592697143555,32
5,dense_first,5,0.23217618465423584,32
5,dense_first,6,0.21421705186367035,32
5,dense_first,7,0.2138933539390564,32
5,dense_first,8,0.19917438924312592,32
5,dense_first,9,0.1945396363735199,32
5,dense_first,10,0.17652559280395508,32
5,b0_first,1,0.41675040125846863,32
5,b0_first,2,0.39630353450775146,32
5,b0_first,3,0.35959142446517944,32
5,b0_first,4,0.3425707221031189,32
5,b0_first,5,0.3202401101589203,32
5,b0_first,6,0.2962247133255005,32
5,b0_first,7,0.2861649990081787,32
5,b0_first,8,0.26213759183883667,32
5,b0_first,9,0.24207666516304016,32
5,b0_first,10,0.22716349363327026,32
5,oracle_first,1,0.07857005298137665,32
5,oracle_first,2,0.11604390293359756,32
5,oracle_first,3,0.13434016704559326,32
5,oracle_first,4,0.14802095293998718,32
5,oracle_first,5,0.1540551781654358,32
5,oracle_first,6,0.147390216588974,32
5,oracle_first,7,0.1472967118024826,32
5,oracle_first,8,0.14698949456214905,32
5,oracle_first,9,0.1468251347541809,32
5,oracle_first,10,0.15098804235458374,32
6,dense_first,1,0.15722253918647766,32
6,dense_first,2,0.12743587791919708,32
6,dense_first,3,0.11309275031089783,32
6,dense_first,4,0.09649331867694855,32
6,dense_first,5,0.08252981305122375,32
6,dense_first,6,0.08345038443803787,32
6,dense_first,7,0.07236821204423904,32
6,dense_first,8,0.06646408140659332,32
6,dense_first,9,0.06565781682729721,32
6,dense_first,10,0.06711037456989288,32
6,b0_first,1,0.1204603984951973,32
6,b0_first,2,0.0870278850197792,32
6,b0_first,3,0.06305082142353058,32
6,b0_first,4,0.05351124703884125,32
6,b0_first,5,0.046588435769081116,32
6,b0_first,6,0.04009309411048889,32
6,b0_first,7,0.03393585979938507,32
6,b0_first,8,0.030629277229309082,32
6,b0_first,9,0.028354927897453308,32
6,b0_first,10,0.027272919192910194,32
6,oracle_first,1,0.015965696424245834,32
6,oracle_first,2,0.027348551899194717,32
6,oracle_first,3,0.026661770418286324,32
6,oracle_first,4,0.0243751909583807,32
6,oracle_first,5,0.025754932314157486,32
6,oracle_first,6,0.02852329984307289,32
6,oracle_first,7,0.028732983395457268,32
6,oracle_first,8,0.02800777554512024,32
6,oracle_first,9,0.025816798210144043,32
6,oracle_first,10,0.023549426347017288,32
0,dense_first,1,1.8964920043945312,32
0,dense_first,2,1.3594082593917847,32
0,dense_first,3,1.242959976196289,32
0,dense_first,4,1.0265581607818604,32
0,dense_first,5,1.0262155532836914,32
0,dense_first,6,0.9402099251747131,32
0,dense_first,7,0.8877635598182678,32
0,dense_first,8,0.8225809335708618,32
0,dense_first,9,0.7858156561851501,32
0,dense_first,10,0.7727024555206299,32
0,b0_first,1,1.1933256387710571,32
0,b0_first,2,1.1282634735107422,32
0,b0_first,3,0.9630805253982544,32
0,b0_first,4,0.869163990020752,32
0,b0_first,5,0.833355188369751,32
0,b0_first,6,0.8133936524391174,32
0,b0_first,7,0.7989911437034607,32
0,b0_first,8,0.7814581990242004,32
0,b0_first,9,0.7637135982513428,32
0,b0_first,10,0.7592670917510986,32
0,oracle_first,1,0.39591068029403687,32
0,oracle_first,2,0.42940449714660645,32
0,oracle_first,3,0.48073890805244446,32
0,oracle_first,4,0.5371161103248596,32
0,oracle_first,5,0.5301985740661621,32
0,oracle_first,6,0.5651154518127441,32
0,oracle_first,7,0.5785242319107056,32
0,oracle_first,8,0.5863531827926636,32
0,oracle_first,9,0.5815340280532837,32
0,oracle_first,10,0.5903531312942505,32
1,dense_first,1,0.40114304423332214,32
1,dense_first,2,0.26295605301856995,32
1,dense_first,3,0.2108016312122345,32
1,dense_first,4,0.1989748626947403,32
1,dense_first,5,0.18499109148979187,32
1,dense_first,6,0.1764545440673828,32
1,dense_first,7,0.16606168448925018,32
1,dense_first,8,0.16179144382476807,32
1,dense_first,9,0.15193326771259308,32
1,dense_first,10,0.1537960320711136,32
1,b0_first,1,0.25189799070358276,32
1,b0_first,2,0.21516898274421692,32
1,b0_first,3,0.1970967948436737,32
1,b0_first,4,0.18144279718399048,32
1,b0_first,5,0.17715102434158325,32
1,b0_first,6,0.16947007179260254,32
1,b0_first,7,0.15771926939487457,32
1,b0_first,8,0.1487734317779541,32
1,b0_first,9,0.1458376795053482,32
1,b0_first,10,0.14037877321243286,32
1,oracle_first,1,0.12521645426750183,32
1,oracle_first,2,0.13456326723098755,32
1,oracle_first,3,0.13215985894203186,32
1,oracle_first,4,0.13130134344100952,32
1,oracle_first,5,0.13243594765663147,32
1,oracle_first,6,0.1270383894443512,32
1,oracle_first,7,0.12081720679998398,32
1,oracle_first,8,0.11804872006177902,32
1,oracle_first,9,0.11876082420349121,32
1,oracle_first,10,0.11714071035385132,32
2,dense_first,1,1.4754880666732788,32
2,dense_first,2,1.1897566318511963,32
2,dense_first,3,1.0507807731628418,32
2,dense_first,4,1.0125064849853516,32
2,dense_first,5,0.9482885599136353,32
2,dense_first,6,0.8947320580482483,32
2,dense_first,7,0.8646245002746582,32
2,dense_first,8,0.8503869771957397,32
2,dense_first,9,0.8439493179321289,32
2,dense_first,10,0.8377807140350342,32
2,b0_first,1,1.2799872159957886,32
2,b0_first,2,1.1947166919708252,32
2,b0_first,3,1.064148187637329,32
2,b0_first,4,0.9656991958618164,32
2,b0_first,5,0.8954272270202637,32
2,b0_first,6,0.892595648765564,32
2,b0_first,7,0.8730051517486572,32
2,b0_first,8,0.8590816259384155,32
2,b0_first,9,0.8462361693382263,32
2,b0_first,10,0.8358625769615173,32
2,oracle_first,1,0.37970390915870667,32
2,oracle_first,2,0.43643510341644287,32
2,oracle_first,3,0.5160123705863953,32
2,oracle_first,4,0.6203913688659668,32
2,oracle_first,5,0.6532529592514038,32
2,oracle_first,6,0.6793022155761719,32
2,oracle_first,7,0.6847295761108398,32
2,oracle_first,8,0.7013815641403198,32
2,oracle_first,9,0.6919833421707153,32
2,oracle_first,10,0.7022583484649658,32
3,dense_first,1,0.37589794397354126,32
3,dense_first,2,0.33224955201148987,32
3,dense_first,3,0.3036006689071655,32
3,dense_first,4,0.2098967730998993,32
3,dense_first,5,0.19915828108787537,32
3,dense_first,6,0.1883314698934555,32
3,dense_first,7,0.159551203250885,32
3,dense_first,8,0.15147599577903748,32
3,dense_first,9,0.14233675599098206,32
3,dense_first,10,0.13497668504714966,32
3,b0_first,1,0.3145948350429535,32
3,b0_first,2,0.27179816365242004,32
3,b0_first,3,0.24925129115581512,32
3,b0_first,4,0.22502779960632324,32
3,b0_first,5,0.2086613029241562,32
3,b0_first,6,0.1959940493106842,32
3,b0_first,7,0.18617790937423706,32
3,b0_first,8,0.18061751127243042,32
3,b0_first,9,0.175294890999794,32
3,b0_first,10,0.1739552915096283,32
3,oracle_first,1,0.09764045476913452,32
3,oracle_first,2,0.12661659717559814,32
3,oracle_first,3,0.1337800920009613,32
3,oracle_first,4,0.12865637242794037,32
3,oracle_first,5,0.1168467327952385,32
3,oracle_first,6,0.1175280436873436,32
3,oracle_first,7,0.11286530643701553,32
3,oracle_first,8,0.11353643238544464,32
3,oracle_first,9,0.11029176414012909,32
3,oracle_first,10,0.10582629591226578,32
4,dense_first,1,1.8109041452407837,32
4,dense_first,2,1.624936580657959,32
4,dense_first,3,1.3913860321044922,32
4,dense_first,4,1.2532039880752563,32
4,dense_first,5,1.132582426071167,32
4,dense_first,6,1.1027066707611084,32
4,dense_first,7,1.061582326889038,32
4,dense_first,8,1.0675272941589355,32
4,dense_first,9,1.0716381072998047,32
4,dense_first,10,1.0662147998809814,32
4,b0_first,1,1.6379244327545166,32
4,b0_first,2,1.6278207302093506,32
4,b0_first,3,1.6023997068405151,32
4,b0_first,4,1.53462553024292,32
4,b0_first,5,1.5080493688583374,32
4,b0_first,6,1.490651249885559,32
4,b0_first,7,1.4380232095718384,32
4,b0_first,8,1.3872668743133545,32
4,b0_first,9,1.3209254741668701,32
4,b0_first,10,1.2976897954940796,32
4,oracle_first,1,0.34014058113098145,32
4,oracle_first,2,0.38943034410476685,32
4,oracle_first,3,0.6849699020385742,32
4,oracle_first,4,0.7445273399353027,32
4,oracle_first,5,0.852335512638092,32
4,oracle_first,6,0.8331102728843689,32
4,oracle_first,7,0.8375498056411743,32
4,oracle_first,8,0.845765233039856,32
4,oracle_first,9,0.8766937255859375,32
4,oracle_first,10,0.9031963348388672,32
5,dense_first,1,0.3470902442932129,32
5,dense_first,2,0.24176670610904694,32
5,dense_first,3,0.20461708307266235,32
5,dense_first,4,0.19170954823493958,32
5,dense_first,5,0.2192477285861969,32
5,dense_first,6,0.19962476193904877,32
5,dense_first,7,0.18422114849090576,32
5,dense_first,8,0.18115510046482086,32
5,dense_first,9,0.18094854056835175,32
5,dense_first,10,0.1760101020336151,32
5,b0_first,1,0.9368586540222168,32
5,b0_first,2,0.8439257144927979,32
5,b0_first,3,0.7426940202713013,32
5,b0_first,4,0.6897867918014526,32
5,b0_first,5,0.6561214923858643,32
5,b0_first,6,0.5840187072753906,32
5,b0_first,7,0.5674309134483337,32
5,b0_first,8,0.5496741533279419,32
5,b0_first,9,0.5336021184921265,32
5,b0_first,10,0.5018288493156433,32
5,oracle_first,1,0.0888475775718689,32
5,oracle_first,2,0.1167018860578537,32
5,oracle_first,3,0.12174104154109955,32
5,oracle_first,4,0.13123996555805206,32
5,oracle_first,5,0.12686997652053833,32
5,oracle_first,6,0.15046611428260803,32
5,oracle_first,7,0.14720943570137024,32
5,oracle_first,8,0.1446329802274704,32
5,oracle_first,9,0.14401111006736755,32
5,oracle_first,10,0.14506125450134277,32
6,dense_first,1,0.20264899730682373,32
6,dense_first,2,0.15278023481369019,32
6,dense_first,3,0.13473911583423615,32
6,dense_first,4,0.09991639107465744,32
6,dense_first,5,0.08915160596370697,32
6,dense_first,6,0.08050324022769928,32
6,dense_first,7,0.0763561949133873,32
6,dense_first,8,0.07712212204933167,32
6,dense_first,9,0.07417802512645721,32
6,dense_first,10,0.07775667309761047,32
6,b0_first,1,0.17998188734054565,32
6,b0_first,2,0.14431922137737274,32
6,b0_first,3,0.10305941849946976,32
6,b0_first,4,0.08673928678035736,32
6,b0_first,5,0.07794340699911118,32
6,b0_first,6,0.053326211869716644,32
6,b0_first,7,0.042613763362169266,32
6,b0_first,8,0.036318764090538025,32
6,b0_first,9,0.03284061700105667,32
6,b0_first,10,0.03107565827667713,32
6,oracle_first,1,0.015511449426412582,32
6,oracle_first,2,0.022935932502150536,32
6,oracle_first,3,0.025545798242092133,32
6,oracle_first,4,0.02411257103085518,32
6,oracle_first,5,0.02661949023604393,32
6,oracle_first,6,0.029066186398267746,32
6,oracle_first,7,0.02949262410402298,32
6,oracle_first,8,0.029673077166080475,32
6,oracle_first,9,0.03539390116930008,32
6,oracle_first,10,0.036227136850357056,32
0,dense_first,1,1.8368752002716064,32
0,dense_first,2,1.176666021347046,32
0,dense_first,3,1.085558533668518,32
0,dense_first,4,1.047300100326538,32
0,dense_first,5,1.0061559677124023,32
0,dense_first,6,0.9628598690032959,32
0,dense_first,7,0.9694573879241943,32
0,dense_first,8,0.9547364115715027,32
0,dense_first,9,0.9283934831619263,32
0,dense_first,10,0.9064167737960815,32
0,b0_first,1,1.2615891695022583,32
0,b0_first,2,1.1832579374313354,32
0,b0_first,3,1.0633505582809448,32
0,b0_first,4,1.0130999088287354,32
0,b0_first,5,0.9873077869415283,32
0,b0_first,6,0.9567345976829529,32
0,b0_first,7,0.9575396776199341,32
0,b0_first,8,0.9471717476844788,32
0,b0_first,9,0.915402889251709,32
0,b0_first,10,0.9035357236862183,32
0,oracle_first,1,0.3967364430427551,32
0,oracle_first,2,0.4882652461528778,32
0,oracle_first,3,0.5716376304626465,32
0,oracle_first,4,0.6395927667617798,32
0,oracle_first,5,0.695740818977356,32
0,oracle_first,6,0.7175489664077759,32
0,oracle_first,7,0.7459155321121216,32
0,oracle_first,8,0.758682131767273,32
0,oracle_first,9,0.7633246779441833,32
0,oracle_first,10,0.7598857879638672,32
1,dense_first,1,0.5326485633850098,32
1,dense_first,2,0.4558846354484558,32
1,dense_first,3,0.4071054458618164,32
1,dense_first,4,0.3605819046497345,32
1,dense_first,5,0.34095698595046997,32
1,dense_first,6,0.32873207330703735,32
1,dense_first,7,0.31678307056427,32
1,dense_first,8,0.2991870045661926,32
1,dense_first,9,0.2825070917606354,32
1,dense_first,10,0.2953709661960602,32
1,b0_first,1,0.41249197721481323,32
1,b0_first,2,0.356087863445282,32
1,b0_first,3,0.32347020506858826,32
1,b0_first,4,0.301666796207428,32
1,b0_first,5,0.29179543256759644,32
1,b0_first,6,0.2858580946922302,32
1,b0_first,7,0.27254796028137207,32
1,b0_first,8,0.2663707435131073,32
1,b0_first,9,0.25777798891067505,32
1,b0_first,10,0.2508745491504669,32
1,oracle_first,1,0.14477375149726868,32
1,oracle_first,2,0.19061784446239471,32
1,oracle_first,3,0.21656164526939392,32
1,oracle_first,4,0.21714524924755096,32
1,oracle_first,5,0.2087658941745758,32
1,oracle_first,6,0.2083546221256256,32
1,oracle_first,7,0.20361562073230743,32
1,oracle_first,8,0.20520460605621338,32
1,oracle_first,9,0.20320206880569458,32
1,oracle_first,10,0.2063198983669281,32
2,dense_first,1,1.8030531406402588,32
2,dense_first,2,1.4575886726379395,32
2,dense_first,3,1.2339096069335938,32
2,dense_first,4,1.1243150234222412,32
2,dense_first,5,1.1184899806976318,32
2,dense_first,6,1.067652940750122,32
2,dense_first,7,1.0687743425369263,32
2,dense_first,8,1.0687719583511353,32
2,dense_first,9,1.0352416038513184,32
2,dense_first,10,1.0104010105133057,32
2,b0_first,1,1.3611292839050293,32
2,b0_first,2,1.273568868637085,32
2,b0_first,3,1.1634470224380493,32
2,b0_first,4,1.1323425769805908,32
2,b0_first,5,1.1020312309265137,32
2,b0_first,6,1.1061350107192993,32
2,b0_first,7,1.0713448524475098,32
2,b0_first,8,1.066917896270752,32
2,b0_first,9,1.0318166017532349,32
2,b0_first,10,0.9919154644012451,32
2,oracle_first,1,0.3611280918121338,32
2,oracle_first,2,0.621611475944519,32
2,oracle_first,3,0.7663042545318604,32
2,oracle_first,4,0.809535801410675,32
2,oracle_first,5,0.825265645980835,32
2,oracle_first,6,0.8660478591918945,32
2,oracle_first,7,0.8733762502670288,32
2,oracle_first,8,0.8703960180282593,32
2,oracle_first,9,0.8833174705505371,32
2,oracle_first,10,0.8687126636505127,32
3,dense_first,1,0.5991243720054626,32
3,dense_first,2,0.44836002588272095,32
3,dense_first,3,0.348161518573761,32
3,dense_first,4,0.30813920497894287,32
3,dense_first,5,0.3044137954711914,32
3,dense_first,6,0.2905663847923279,32
3,dense_first,7,0.2517547309398651,32
3,dense_first,8,0.24320131540298462,32
3,dense_first,9,0.23774132132530212,32
3,dense_first,10,0.23331694304943085,32
3,b0_first,1,0.28323838114738464,32
3,b0_first,2,0.2466871440410614,32
3,b0_first,3,0.21692416071891785,32
3,b0_first,4,0.20379039645195007,32
3,b0_first,5,0.19672831892967224,32
3,b0_first,6,0.19003860652446747,32
3,b0_first,7,0.18082460761070251,32
3,b0_first,8,0.175200954079628,32
3,b0_first,9,0.1729745864868164,32
3,b0_first,10,0.17075955867767334,32
3,oracle_first,1,0.09650646150112152,32
3,oracle_first,2,0.17457355558872223,32
3,oracle_first,3,0.23021270334720612,32
3,oracle_first,4,0.19594061374664307,32
3,oracle_first,5,0.1932298243045807,32
3,oracle_first,6,0.1806597262620926,32
3,oracle_first,7,0.1768835484981537,32
3,oracle_first,8,0.17175742983818054,32
3,oracle_first,9,0.1715451180934906,32
3,oracle_first,10,0.1668141484260559,32
4,dense_first,1,2.7650246620178223,32
4,dense_first,2,1.8637237548828125,32
4,dense_first,3,1.7273502349853516,32
4,dense_first,4,1.527886152267456,32
4,dense_first,5,1.4273731708526611,32
4,dense_first,6,1.3839058876037598,32
4,dense_first,7,1.3774198293685913,32
4,dense_first,8,1.366783618927002,32
4,dense_first,9,1.375455379486084,32
4,dense_first,10,1.3538295030593872,32
4,b0_first,1,2.0774073600769043,32
4,b0_first,2,2.0694756507873535,32
4,b0_first,3,2.024554967880249,32
4,b0_first,4,1.933573603630066,32
4,b0_first,5,1.8581950664520264,32
4,b0_first,6,1.7920018434524536,32
4,b0_first,7,1.7570767402648926,32
4,b0_first,8,1.7132055759429932,32
4,b0_first,9,1.628751516342163,32
4,b0_first,10,1.604491949081421,32
4,oracle_first,1,0.2830604016780853,32
4,oracle_first,2,0.3821241557598114,32
4,oracle_first,3,0.7594212889671326,32
4,oracle_first,4,0.8374671936035156,32
4,oracle_first,5,0.9072277545928955,32
4,oracle_first,6,0.9550037384033203,32
4,oracle_first,7,0.9862507581710815,32
4,oracle_first,8,1.0091557502746582,32
4,oracle_first,9,1.0340619087219238,32
4,oracle_first,10,1.0922335386276245,32
5,dense_first,1,0.3949837386608124,32
5,dense_first,2,0.3375346064567566,32
5,dense_first,3,0.3093317747116089,32
5,dense_first,4,0.31075519323349,32
5,dense_first,5,0.3046422302722931,32
5,dense_first,6,0.28595882654190063,32
5,dense_first,7,0.2773628830909729,32
5,dense_first,8,0.27352389693260193,32
5,dense_first,9,0.26528096199035645,32
5,dense_first,10,0.25903940200805664,32
5,b0_first,1,1.1057298183441162,32
5,b0_first,2,1.0146390199661255,32
5,b0_first,3,0.9506502747535706,32
5,b0_first,4,0.8249616622924805,32
5,b0_first,5,0.7765530347824097,32
5,b0_first,6,0.7595530152320862,32
5,b0_first,7,0.7370554804801941,32
5,b0_first,8,0.6921312212944031,32
5,b0_first,9,0.6767196655273438,32
5,b0_first,10,0.6641765832901001,32
5,oracle_first,1,0.1032274067401886,32
5,oracle_first,2,0.11961376667022705,32
5,oracle_first,3,0.1560109257698059,32
5,oracle_first,4,0.1763436496257782,32
5,oracle_first,5,0.1837591826915741,32
5,oracle_first,6,0.18865400552749634,32
5,oracle_first,7,0.1962071657180786,32
5,oracle_first,8,0.19485510885715485,32
5,oracle_first,9,0.1949724555015564,32
5,oracle_first,10,0.19370725750923157,32
6,dense_first,1,0.18658804893493652,32
6,dense_first,2,0.1504952609539032,32
6,dense_first,3,0.13109028339385986,32
6,dense_first,4,0.10862988233566284,32
6,dense_first,5,0.08336539566516876,32
6,dense_first,6,0.0730648785829544,32
6,dense_first,7,0.06515134125947952,32
6,dense_first,8,0.06762100756168365,32
6,dense_first,9,0.07589713484048843,32
6,dense_first,10,0.08602441847324371,32
6,b0_first,1,0.21818532049655914,32
6,b0_first,2,0.1732599288225174,32
6,b0_first,3,0.12342029809951782,32
6,b0_first,4,0.09948708862066269,32
6,b0_first,5,0.09226315468549728,32
6,b0_first,6,0.0774870365858078,32
6,b0_first,7,0.0636519119143486,32
6,b0_first,8,0.05517272278666496,32
6,b0_first,9,0.048930857330560684,32
6,b0_first,10,0.04631848633289337,32
6,oracle_first,1,0.01681821420788765,32
6,oracle_first,2,0.024982687085866928,32
6,oracle_first,3,0.029673166573047638,32
6,oracle_first,4,0.030194737017154694,32
6,oracle_first,5,0.027234243229031563,32
6,oracle_first,6,0.026466703042387962,32
6,oracle_first,7,0.024320777505636215,32
6,oracle_first,8,0.025332365185022354,32
6,oracle_first,9,0.028854286298155785,32
6,oracle_first,10,0.032309744507074356,32
0,dense_first,1,1.3615894317626953,32
0,dense_first,2,1.2478522062301636,32
0,dense_first,3,1.0563322305679321,32
0,dense_first,4,0.877545952796936,32
0,dense_first,5,0.8769227266311646,32
0,dense_first,6,0.8250577449798584,32
0,dense_first,7,0.7198824882507324,32
0,dense_first,8,0.7048380374908447,32
0,dense_first,9,0.6997604370117188,32
0,dense_first,10,0.6994661092758179,32
0,b0_first,1,0.9816576838493347,32
0,b0_first,2,0.9055473804473877,32
0,b0_first,3,0.7861544489860535,32
0,b0_first,4,0.7380048632621765,32
0,b0_first,5,0.6950878500938416,32
0,b0_first,6,0.6878964900970459,32
0,b0_first,7,0.6775640249252319,32
0,b0_first,8,0.6707448959350586,32
0,b0_first,9,0.6716879606246948,32
0,b0_first,10,0.6685186624526978,32
0,oracle_first,1,0.4356938898563385,32
0,oracle_first,2,0.4865512251853943,32
0,oracle_first,3,0.6224993467330933,32
0,oracle_first,4,0.666881263256073,32
0,oracle_first,5,0.6507705450057983,32
0,oracle_first,6,0.641046941280365,32
0,oracle_first,7,0.633086085319519,32
0,oracle_first,8,0.6413652896881104,32
0,oracle_first,9,0.6260550022125244,32
0,oracle_first,10,0.6161773204803467,32
1,dense_first,1,0.6589635610580444,32
1,dense_first,2,0.42413532733917236,32
1,dense_first,3,0.4113834798336029,32
1,dense_first,4,0.3870297074317932,32
1,dense_first,5,0.3496151864528656,32
1,dense_first,6,0.3314628601074219,32
1,dense_first,7,0.3281126320362091,32
1,dense_first,8,0.31554126739501953,32
1,dense_first,9,0.3035990595817566,32
1,dense_first,10,0.29630160331726074,32
1,b0_first,1,0.3765799403190613,32
1,b0_first,2,0.3507651090621948,32
1,b0_first,3,0.33277803659439087,32
1,b0_first,4,0.31358063220977783,32
1,b0_first,5,0.2970215976238251,32
1,b0_first,6,0.2851601839065552,32
1,b0_first,7,0.2793048918247223,32
1,b0_first,8,0.2769525349140167,32
1,b0_first,9,0.27012893557548523,32
1,b0_first,10,0.2682092785835266,32
1,oracle_first,1,0.1640329211950302,32
1,oracle_first,2,0.19271740317344666,32
1,oracle_first,3,0.2171887904405594,32
1,oracle_first,4,0.24389493465423584,32
1,oracle_first,5,0.24275805056095123,32
1,oracle_first,6,0.24157211184501648,32
1,oracle_first,7,0.23903487622737885,32
1,oracle_first,8,0.24131864309310913,32
1,oracle_first,9,0.24047942459583282,32
1,oracle_first,10,0.23370331525802612,32
2,dense_first,1,1.4053997993469238,32
2,dense_first,2,1.1361627578735352,32
2,dense_first,3,0.9230785965919495,32
2,dense_first,4,0.7743439674377441,32
2,dense_first,5,0.7970705628395081,32
2,dense_first,6,0.7425113916397095,32
2,dense_first,7,0.7154277563095093,32
2,dense_first,8,0.6955856680870056,32
2,dense_first,9,0.7094400525093079,32
2,dense_first,10,0.697475016117096,32
2,b0_first,1,0.9573428630828857,32
2,b0_first,2,0.8658490180969238,32
2,b0_first,3,0.7275846600532532,32
2,b0_first,4,0.6930556297302246,32
2,b0_first,5,0.6385943293571472,32
2,b0_first,6,0.637919545173645,32
2,b0_first,7,0.6449520587921143,32
2,b0_first,8,0.6446033716201782,32
2,b0_first,9,0.6501288414001465,32
2,b0_first,10,0.6546778678894043,32
2,oracle_first,1,0.42704206705093384,32
2,oracle_first,2,0.4659852087497711,32
2,oracle_first,3,0.5909610986709595,32
2,oracle_first,4,0.5909296870231628,32
2,oracle_first,5,0.5872712135314941,32
2,oracle_first,6,0.6156661510467529,32
2,oracle_first,7,0.5992295742034912,32
2,oracle_first,8,0.5977606177330017,32
2,oracle_first,9,0.6093748211860657,32
2,oracle_first,10,0.6165676116943359,32
3,dense_first,1,0.48751354217529297,32
3,dense_first,2,0.3945377469062805,32
3,dense_first,3,0.3680298328399658,32
3,dense_first,4,0.342771977186203,32
3,dense_first,5,0.2779819965362549,32
3,dense_first,6,0.2420102208852768,32
3,dense_first,7,0.2366762012243271,32
3,dense_first,8,0.20398329198360443,32
3,dense_first,9,0.1960880309343338,32
3,dense_first,10,0.18498291075229645,32
3,b0_first,1,0.31233295798301697,32
3,b0_first,2,0.275773286819458,32
3,b0_first,3,0.2419343739748001,32
3,b0_first,4,0.2261289358139038,32
3,b0_first,5,0.20685070753097534,32
3,b0_first,6,0.19348488748073578,32
3,b0_first,7,0.18645069003105164,32
3,b0_first,8,0.1804315447807312,32
3,b0_first,9,0.17615514993667603,32
3,b0_first,10,0.17332762479782104,32
3,oracle_first,1,0.11494798958301544,32
3,oracle_first,2,0.15699845552444458,32
3,oracle_first,3,0.16212131083011627,32
3,oracle_first,4,0.16657528281211853,32
3,oracle_first,5,0.16608119010925293,32
3,oracle_first,6,0.16369709372520447,32
3,oracle_first,7,0.15227869153022766,32
3,oracle_first,8,0.14973385632038116,32
3,oracle_first,9,0.1496659815311432,32
3,oracle_first,10,0.14602994918823242,32
4,dense_first,1,2.71816349029541,32
4,dense_first,2,2.2892017364501953,32
4,dense_first,3,2.135319709777832,32
4,dense_first,4,2.0317137241363525,32
4,dense_first,5,2.147376537322998,32
4,dense_first,6,1.94437575340271,32
4,dense_first,7,1.6739437580108643,32
4,dense_first,8,1.655983805656433,32
4,dense_first,9,1.4840425252914429,32
4,dense_first,10,1.4560328722000122,32
4,b0_first,1,1.9498069286346436,32
4,b0_first,2,1.9491443634033203,32
4,b0_first,3,1.831868290901184,32
4,b0_first,4,1.812910556793213,32
4,b0_first,5,1.7006150484085083,32
4,b0_first,6,1.6885840892791748,32
4,b0_first,7,1.6652653217315674,32
4,b0_first,8,1.6340653896331787,32
4,b0_first,9,1.6176077127456665,32
4,b0_first,10,1.6160674095153809,32
4,oracle_first,1,0.3504427671432495,32
4,oracle_first,2,0.42192065715789795,32
4,oracle_first,3,0.6222940683364868,32
4,oracle_first,4,0.5936131477355957,32
4,oracle_first,5,0.6272428631782532,32
4,oracle_first,6,0.6408296823501587,32
4,oracle_first,7,0.6441293954849243,32
4,oracle_first,8,0.6813210844993591,32
4,oracle_first,9,0.7105147242546082,32
4,oracle_first,10,0.7768928408622742,32
5,dense_first,1,0.6046476364135742,32
5,dense_first,2,0.4191654920578003,32
5,dense_first,3,0.3981702923774719,32
5,dense_first,4,0.35253337025642395,32
5,dense_first,5,0.36045148968696594,32
5,dense_first,6,0.34302181005477905,32
5,dense_first,7,0.3230263292789459,32
5,dense_first,8,0.342345267534256,32
5,dense_first,9,0.3330318331718445,32
5,dense_first,10,0.30281299352645874,32
5,b0_first,1,0.3826596736907959,32
5,b0_first,2,0.37062638998031616,32
5,b0_first,3,0.36058640480041504,32
5,b0_first,4,0.35836315155029297,32
5,b0_first,5,0.3506661057472229,32
5,b0_first,6,0.34552228450775146,32
5,b0_first,7,0.3395354151725769,32
5,b0_first,8,0.3307058811187744,32
5,b0_first,9,0.2786831259727478,32
5,b0_first,10,0.28066331148147583,32
5,oracle_first,1,0.11775971949100494,32
5,oracle_first,2,0.15176166594028473,32
5,oracle_first,3,0.1627868413925171,32
5,oracle_first,4,0.18388092517852783,32
5,oracle_first,5,0.20855233073234558,32
5,oracle_first,6,0.20305250585079193,32
5,oracle_first,7,0.1933152973651886,32
5,oracle_first,8,0.18303349614143372,32
5,oracle_first,9,0.19833101332187653,32
5,oracle_first,10,0.22015069425106049,32
6,dense_first,1,0.24445851147174835,32
6,dense_first,2,0.20813775062561035,32
6,dense_first,3,0.19544005393981934,32
6,dense_first,4,0.17210587859153748,32
6,dense_first,5,0.14425808191299438,32
6,dense_first,6,0.12782984972000122,32
6,dense_first,7,0.11868870258331299,32
6,dense_first,8,0.10708273947238922,32
6,dense_first,9,0.09972794353961945,32
6,dense_first,10,0.10135890543460846,32
6,b0_first,1,0.18707576394081116,32
6,b0_first,2,0.15822315216064453,32
6,b0_first,3,0.11890506744384766,32
6,b0_first,4,0.10747535526752472,32
6,b0_first,5,0.09818247705698013,32
6,b0_first,6,0.08819630742073059,32
6,b0_first,7,0.07875986397266388,32
6,b0_first,8,0.07218232750892639,32
6,b0_first,9,0.06498052179813385,32
6,b0_first,10,0.06129034608602524,32
6,oracle_first,1,0.017118258401751518,32
6,oracle_first,2,0.038679320365190506,32
6,oracle_first,3,0.04893159866333008,32
6,oracle_first,4,0.04385501146316528,32
6,oracle_first,5,0.03947734087705612,32
6,oracle_first,6,0.03848201036453247,32
6,oracle_first,7,0.04201731085777283,32
6,oracle_first,8,0.03800603747367859,32
6,oracle_first,9,0.03787381947040558,32
6,oracle_first,10,0.039483845233917236,32
0,dense_first,1,1.3489327430725098,32
0,dense_first,2,0.9271743893623352,32
0,dense_first,3,0.8660847544670105,32
0,dense_first,4,0.8527295589447021,32
0,dense_first,5,0.8047256469726562,32
0,dense_first,6,0.771417498588562,32
0,dense_first,7,0.7372792363166809,32
0,dense_first,8,0.7068130373954773,32
0,dense_first,9,0.6754336953163147,32
0,dense_first,10,0.6779303550720215,32
0,b0_first,1,0.8927344679832458,32
0,b0_first,2,0.8513437509536743,32
0,b0_first,3,0.7617659568786621,32
0,b0_first,4,0.7172415852546692,32
0,b0_first,5,0.7072674036026001,32
0,b0_first,6,0.6914080381393433,32
0,b0_first,7,0.6751098036766052,32
0,b0_first,8,0.6505666971206665,32
0,b0_first,9,0.6496257781982422,32
0,b0_first,10,0.6516003012657166,32
0,oracle_first,1,0.3426685929298401,32
0,oracle_first,2,0.4111083745956421,32
0,oracle_first,3,0.44651803374290466,32
0,oracle_first,4,0.42929619550704956,32
0,oracle_first,5,0.49224936962127686,32
0,oracle_first,6,0.5152038335800171,32
0,oracle_first,7,0.5177910923957825,32
0,oracle_first,8,0.5203601121902466,32
0,oracle_first,9,0.5139093399047852,32
0,oracle_first,10,0.52177894115448,32
1,dense_first,1,0.5871708393096924,32
1,dense_first,2,0.4599328637123108,32
1,dense_first,3,0.41181182861328125,32
1,dense_first,4,0.386221706867218,32
1,dense_first,5,0.35643434524536133,32
1,dense_first,6,0.32399094104766846,32
1,dense_first,7,0.31677061319351196,32
1,dense_first,8,0.31204044818878174,32
1,dense_first,9,0.2996498942375183,32
1,dense_first,10,0.29128497838974,32
1,b0_first,1,0.4317471981048584,32
1,b0_first,2,0.38240039348602295,32
1,b0_first,3,0.350687712430954,32
1,b0_first,4,0.3217940330505371,32
1,b0_first,5,0.31035932898521423,32
1,b0_first,6,0.2951519191265106,32
1,b0_first,7,0.2876795828342438,32
1,b0_first,8,0.2841460704803467,32
1,b0_first,9,0.2788284420967102,32
1,b0_first,10,0.27312371134757996,32
1,oracle_first,1,0.1555086374282837,32
1,oracle_first,2,0.1825505644083023,32
1,oracle_first,3,0.19841548800468445,32
1,oracle_first,4,0.20289647579193115,32
1,oracle_first,5,0.23895415663719177,32
1,oracle_first,6,0.2366279661655426,32
1,oracle_first,7,0.22193655371665955,32
1,oracle_first,8,0.22948265075683594,32
1,oracle_first,9,0.23171506822109222,32
1,oracle_first,10,0.23165012896060944,32
2,dense_first,1,1.177869200706482,32
2,dense_first,2,1.1216634511947632,32
2,dense_first,3,1.024204969406128,32
2,dense_first,4,0.9071303009986877,32
2,dense_first,5,0.7885987758636475,32
2,dense_first,6,0.7581580281257629,32
2,dense_first,7,0.7485759258270264,32
2,dense_first,8,0.7489004135131836,32
2,dense_first,9,0.733803391456604,32
2,dense_first,10,0.7022981643676758,32
2,b0_first,1,0.9337148666381836,32
2,b0_first,2,0.8898468017578125,32
2,b0_first,3,0.8171674013137817,32
2,b0_first,4,0.776602029800415,32
2,b0_first,5,0.721746027469635,32
2,b0_first,6,0.7121683359146118,32
2,b0_first,7,0.7148615717887878,32
2,b0_first,8,0.6899045705795288,32
2,b0_first,9,0.7008481025695801,32
2,b0_first,10,0.6948179006576538,32
2,oracle_first,1,0.3400922119617462,32
2,oracle_first,2,0.4041680693626404,32
2,oracle_first,3,0.4668043255805969,32
2,oracle_first,4,0.49697691202163696,32
2,oracle_first,5,0.5410237312316895,32
2,oracle_first,6,0.5479687452316284,32
2,oracle_first,7,0.5735986232757568,32
2,oracle_first,8,0.5667345523834229,32
2,oracle_first,9,0.5739352107048035,32
2,oracle_first,10,0.5770176649093628,32
3,dense_first,1,0.44409018754959106,32
3,dense_first,2,0.3549148440361023,32
3,dense_first,3,0.3413439393043518,32
3,dense_first,4,0.27879732847213745,32
3,dense_first,5,0.2613752484321594,32
3,dense_first,6,0.22725613415241241,32
3,dense_first,7,0.21535757184028625,32
3,dense_first,8,0.2079288214445114,32
3,dense_first,9,0.20219963788986206,32
3,dense_first,10,0.19451749324798584,32
3,b0_first,1,0.3088040053844452,32
3,b0_first,2,0.2634563446044922,32
3,b0_first,3,0.24404339492321014,32
3,b0_first,4,0.22047390043735504,32
3,b0_first,5,0.199311301112175,32
3,b0_first,6,0.18932530283927917,32
3,b0_first,7,0.1819385588169098,32
3,b0_first,8,0.17980580031871796,32
3,b0_first,9,0.17491087317466736,32
3,b0_first,10,0.17378053069114685,32
3,oracle_first,1,0.12152549624443054,32
3,oracle_first,2,0.159837007522583,32
3,oracle_first,3,0.15519443154335022,32
3,oracle_first,4,0.14592666923999786,32
3,oracle_first,5,0.1385934054851532,32
3,oracle_first,6,0.13962611556053162,32
3,oracle_first,7,0.1391981840133667,32
3,oracle_first,8,0.13450859487056732,32
3,oracle_first,9,0.13355691730976105,32
3,oracle_first,10,0.13253062963485718,32
4,dense_first,1,1.733557939529419,32
4,dense_first,2,1.5354866981506348,32
4,dense_first,3,1.4618186950683594,32
4,dense_first,4,1.2018249034881592,32
4,dense_first,5,1.1561866998672485,32
4,dense_first,6,1.1179380416870117,32
4,dense_first,7,1.0953288078308105,32
4,dense_first,8,1.0592200756072998,32
4,dense_first,9,0.9972366094589233,32
4,dense_first,10,1.0012630224227905,32
4,b0_first,1,1.1665716171264648,32
4,b0_first,2,1.1100397109985352,32
4,b0_first,3,1.0719267129898071,32
4,b0_first,4,1.0228841304779053,32
4,b0_first,5,0.9587384462356567,32
4,b0_first,6,0.9316077828407288,32
4,b0_first,7,0.9254545569419861,32
4,b0_first,8,0.9156322479248047,32
4,b0_first,9,0.8941704034805298,32
4,b0_first,10,0.8535671234130859,32
4,oracle_first,1,0.2847385108470917,32
4,oracle_first,2,0.42923128604888916,32
4,oracle_first,3,0.5293557643890381,32
4,oracle_first,4,0.6080092191696167,32
4,oracle_first,5,0.6125674247741699,32
4,oracle_first,6,0.6354397535324097,32
4,oracle_first,7,0.6743261814117432,32
4,oracle_first,8,0.6784564256668091,32
4,oracle_first,9,0.6794819831848145,32
4,oracle_first,10,0.660786509513855,32
5,dense_first,1,0.46989262104034424,32
5,dense_first,2,0.3243148624897003,32
5,dense_first,3,0.27073973417282104,32
5,dense_first,4,0.25316303968429565,32
5,dense_first,5,0.23968173563480377,32
5,dense_first,6,0.24080251157283783,32
5,dense_first,7,0.23345568776130676,32
5,dense_first,8,0.22241821885108948,32
5,dense_first,9,0.2284330129623413,32
5,dense_first,10,0.2154289186000824,32
5,b0_first,1,0.39968425035476685,32
5,b0_first,2,0.35144752264022827,32
5,b0_first,3,0.33125436305999756,32
5,b0_first,4,0.29064327478408813,32
5,b0_first,5,0.28449487686157227,32
5,b0_first,6,0.2767764925956726,32
5,b0_first,7,0.2722296714782715,32
5,b0_first,8,0.26478931307792664,32
5,b0_first,9,0.23550859093666077,32
5,b0_first,10,0.232438325881958,32
5,oracle_first,1,0.11606757342815399,32
5,oracle_first,2,0.13830307126045227,32
5,oracle_first,3,0.14349231123924255,32
5,oracle_first,4,0.1466892510652542,32
5,oracle_first,5,0.15942059457302094,32
5,oracle_first,6,0.16256386041641235,32
5,oracle_first,7,0.16515517234802246,32
5,oracle_first,8,0.15968316793441772,32
5,oracle_first,9,0.15881143510341644,32
5,oracle_first,10,0.15857543051242828,32
6,dense_first,1,0.2498786598443985,32
6,dense_first,2,0.1677340567111969,32
6,dense_first,3,0.1424301266670227,32
6,dense_first,4,0.13333410024642944,32
6,dense_first,5,0.12397538125514984,32
6,dense_first,6,0.11424751579761505,32
6,dense_first,7,0.11267409473657608,32
6,dense_first,8,0.11992814391851425,32
6,dense_first,9,0.1231110617518425,32
6,dense_first,10,0.12391086667776108,32
6,b0_first,1,0.10753801465034485,32
6,b0_first,2,0.09234608709812164,32
6,b0_first,3,0.08033902943134308,32
6,b0_first,4,0.07422583550214767,32
6,b0_first,5,0.07056476175785065,32
6,b0_first,6,0.07031382620334625,32
6,b0_first,7,0.0726182609796524,32
6,b0_first,8,0.07537151873111725,32
6,b0_first,9,0.08109778165817261,32
6,b0_first,10,0.08378265798091888,32
6,oracle_first,1,0.022910259664058685,32
6,oracle_first,2,0.031481485813856125,32
6,oracle_first,3,0.032953280955553055,32
6,oracle_first,4,0.03962220251560211,32
6,oracle_first,5,0.04602830857038498,32
6,oracle_first,6,0.05152197927236557,32
6,oracle_first,7,0.06196462735533714,32
6,oracle_first,8,0.06504044681787491,32
6,oracle_first,9,0.07192469388246536,32
6,oracle_first,10,0.07702475786209106,32
0,dense_first,1,1.2988719940185547,32
0,dense_first,2,0.979354977607727,32
0,dense_first,3,0.8960369229316711,32
0,dense_first,4,0.8106331825256348,32
0,dense_first,5,0.7764358520507812,32
0,dense_first,6,0.7301928997039795,32
0,dense_first,7,0.7310636043548584,32
0,dense_first,8,0.7275842428207397,32
0,dense_first,9,0.7057220935821533,32
0,dense_first,10,0.6849877834320068,32
0,b0_first,1,1.2460743188858032,32
0,b0_first,2,1.1621794700622559,32
0,b0_first,3,1.0173745155334473,32
0,b0_first,4,0.8587613105773926,32
0,b0_first,5,0.7995033860206604,32
0,b0_first,6,0.7629512548446655,32
0,b0_first,7,0.7584036588668823,32
0,b0_first,8,0.741819441318512,32
0,b0_first,9,0.7417586445808411,32
0,b0_first,10,0.7224876284599304,32
0,oracle_first,1,0.2803070545196533,32
0,oracle_first,2,0.31909826397895813,32
0,oracle_first,3,0.45376908779144287,32
0,oracle_first,4,0.47664713859558105,32
0,oracle_first,5,0.5089939832687378,32
0,oracle_first,6,0.5364996194839478,32
0,oracle_first,7,0.5621845126152039,32
0,oracle_first,8,0.5736708641052246,32
0,oracle_first,9,0.5804966688156128,32
0,oracle_first,10,0.579735279083252,32
1,dense_first,1,0.9349566698074341,32
1,dense_first,2,0.886569082736969,32
1,dense_first,3,0.5091683268547058,32
1,dense_first,4,0.3793069124221802,32
1,dense_first,5,0.36983609199523926,32
1,dense_first,6,0.3450338840484619,32
1,dense_first,7,0.3162896931171417,32
1,dense_first,8,0.2963230013847351,32
1,dense_first,9,0.2869254946708679,32
1,dense_first,10,0.2880215644836426,32
1,b0_first,1,0.5840922594070435,32
1,b0_first,2,0.4641525447368622,32
1,b0_first,3,0.40592342615127563,32
1,b0_first,4,0.3499109447002411,32
1,b0_first,5,0.3313143849372864,32
1,b0_first,6,0.3019941449165344,32
1,b0_first,7,0.2847013473510742,32
1,b0_first,8,0.273159921169281,32
1,b0_first,9,0.25692903995513916,32
1,b0_first,10,0.22371378540992737,32
1,oracle_first,1,0.14492669701576233,32
1,oracle_first,2,0.15009520947933197,32
1,oracle_first,3,0.1882750242948532,32
1,oracle_first,4,0.18502923846244812,32
1,oracle_first,5,0.174822598695755,32
1,oracle_first,6,0.1721011996269226,32
1,oracle_first,7,0.16658204793930054,32
1,oracle_first,8,0.17200449109077454,32
1,oracle_first,9,0.1640944480895996,32
1,oracle_first,10,0.16484485566616058,32
2,dense_first,1,1.275376319885254,32
2,dense_first,2,1.228113055229187,32
2,dense_first,3,0.9797810316085815,32
2,dense_first,4,0.8337090611457825,32
2,dense_first,5,0.8220428824424744,32
2,dense_first,6,0.7881895303726196,32
2,dense_first,7,0.7684763669967651,32
2,dense_first,8,0.7437911033630371,32
2,dense_first,9,0.7366315722465515,32
2,dense_first,10,0.7297488451004028,32
2,b0_first,1,1.4182085990905762,32
2,b0_first,2,1.2564949989318848,32
2,b0_first,3,1.1121430397033691,32
2,b0_first,4,0.9526568651199341,32
2,b0_first,5,0.9094655513763428,32
2,b0_first,6,0.8620166182518005,32
2,b0_first,7,0.8464673757553101,32
2,b0_first,8,0.8173752427101135,32
2,b0_first,9,0.792004406452179,32
2,b0_first,10,0.7854093909263611,32
2,oracle_first,1,0.25415855646133423,32
2,oracle_first,2,0.37645870447158813,32
2,oracle_first,3,0.6009738445281982,32
2,oracle_first,4,0.6282808780670166,32
2,oracle_first,5,0.6367596983909607,32
2,oracle_first,6,0.6353482007980347,32
2,oracle_first,7,0.6257818341255188,32
2,oracle_first,8,0.6304543614387512,32
2,oracle_first,9,0.6338281035423279,32
2,oracle_first,10,0.6362543106079102,32
3,dense_first,1,0.5862880945205688,32
3,dense_first,2,0.4510880708694458,32
3,dense_first,3,0.3097628951072693,32
3,dense_first,4,0.2639521360397339,32
3,dense_first,5,0.251346230506897,32
3,dense_first,6,0.23733167350292206,32
3,dense_first,7,0.24128474295139313,32
3,dense_first,8,0.2061556577682495,32
3,dense_first,9,0.18964537978172302,32
3,dense_first,10,0.17460480332374573,32
3,b0_first,1,0.2598872780799866,32
3,b0_first,2,0.2217518836259842,32
3,b0_first,3,0.20870967209339142,32
3,b0_first,4,0.190964937210083,32
3,b0_first,5,0.17892271280288696,32
3,b0_first,6,0.17165914177894592,32
3,b0_first,7,0.16328983008861542,32
3,b0_first,8,0.15885227918624878,32
3,b0_first,9,0.15666408836841583,32
3,b0_first,10,0.15387311577796936,32
3,oracle_first,1,0.12424494326114655,32
3,oracle_first,2,0.1551152765750885,32
3,oracle_first,3,0.15134477615356445,32
3,oracle_first,4,0.14503879845142365,32
3,oracle_first,5,0.14104919135570526,32
3,oracle_first,6,0.14047735929489136,32
3,oracle_first,7,0.13851045072078705,32
3,oracle_first,8,0.13565903902053833,32
3,oracle_first,9,0.1368080973625183,32
3,oracle_first,10,0.13197582960128784,32
4,dense_first,1,2.755462169647217,32
4,dense_first,2,2.3809165954589844,32
4,dense_first,3,2.1456425189971924,32
4,dense_first,4,2.0660502910614014,32
4,dense_first,5,1.8212780952453613,32
4,dense_first,6,1.6753132343292236,32
4,dense_first,7,1.3086276054382324,32
4,dense_first,8,1.3133577108383179,32
4,dense_first,9,1.229128122329712,32
4,dense_first,10,1.1956760883331299,32
4,b0_first,1,1.2600982189178467,32
4,b0_first,2,1.2157493829727173,32
4,b0_first,3,1.1245009899139404,32
4,b0_first,4,1.091747522354126,32
4,b0_first,5,1.0726161003112793,32
4,b0_first,6,1.0390160083770752,32
4,b0_first,7,1.0051040649414062,32
4,b0_first,8,1.0303208827972412,32
4,b0_first,9,1.0191214084625244,32
4,b0_first,10,1.007110595703125,32
4,oracle_first,1,0.139153391122818,32
4,oracle_first,2,0.24762186408042908,32
4,oracle_first,3,0.3883442282676697,32
4,oracle_first,4,0.46948495507240295,32
4,oracle_first,5,0.5339199304580688,32
4,oracle_first,6,0.568306565284729,32
4,oracle_first,7,0.5696266889572144,32
4,oracle_first,8,0.6866742968559265,32
4,oracle_first,9,0.7452011704444885,32
4,oracle_first,10,0.7658782005310059,32
5,dense_first,1,0.7341280579566956,32
5,dense_first,2,0.6045839786529541,32
5,dense_first,3,0.5603351593017578,32
5,dense_first,4,0.592260479927063,32
5,dense_first,5,0.5574408173561096,32
5,dense_first,6,0.5205937027931213,32
5,dense_first,7,0.49029067158699036,32
5,dense_first,8,0.463082879781723,32
5,dense_first,9,0.3903045654296875,32
5,dense_first,10,0.39063769578933716,32
5,b0_first,1,0.3844600319862366,32
5,b0_first,2,0.3487153649330139,32
5,b0_first,3,0.3217604458332062,32
5,b0_first,4,0.31752675771713257,32
5,b0_first,5,0.30796077847480774,32
5,b0_first,6,0.29857566952705383,32
5,b0_first,7,0.29524296522140503,32
5,b0_first,8,0.2914623022079468,32
5,b0_first,9,0.2864137887954712,32
5,b0_first,10,0.2824409008026123,32
5,oracle_first,1,0.0959232822060585,32
5,oracle_first,2,0.139792799949646,32
5,oracle_first,3,0.1618180125951767,32
5,oracle_first,4,0.1688554286956787,32
5,oracle_first,5,0.2198183238506317,32
5,oracle_first,6,0.21206407248973846,32
5,oracle_first,7,0.20069511234760284,32
5,oracle_first,8,0.19847702980041504,32
5,oracle_first,9,0.19101589918136597,32
5,oracle_first,10,0.18824630975723267,32
6,dense_first,1,0.2467098832130432,32
6,dense_first,2,0.1737758219242096,32
6,dense_first,3,0.1500042974948883,32
6,dense_first,4,0.1546470820903778,32
6,dense_first,5,0.14805687963962555,32
6,dense_first,6,0.15036407113075256,32
6,dense_first,7,0.16094842553138733,32
6,dense_first,8,0.18175369501113892,32
6,dense_first,9,0.20268970727920532,32
6,dense_first,10,0.20765960216522217,32
6,b0_first,1,0.16486385464668274,32
6,b0_first,2,0.13985741138458252,32
6,b0_first,3,0.12563547492027283,32
6,b0_first,4,0.12068594247102737,32
6,b0_first,5,0.11939404904842377,32
6,b0_first,6,0.1213943138718605,32
6,b0_first,7,0.12332019209861755,32
6,b0_first,8,0.133798748254776,32
6,b0_first,9,0.1441469043493271,32
6,b0_first,10,0.14748579263687134,32
6,oracle_first,1,0.02203099988400936,32
6,oracle_first,2,0.04127082973718643,32
6,oracle_first,3,0.05921374633908272,32
6,oracle_first,4,0.07305601984262466,32
6,oracle_first,5,0.08050917088985443,32
6,oracle_first,6,0.08804371953010559,32
6,oracle_first,7,0.11261942982673645,32
6,oracle_first,8,0.12526845932006836,32
6,oracle_first,9,0.13802555203437805,32
6,oracle_first,10,0.14796409010887146,32
0,dense_first,1,1.1028149127960205,32
0,dense_first,2,1.011338233947754,32
0,dense_first,3,0.9080027341842651,32
0,dense_first,4,0.855380654335022,32
0,dense_first,5,0.8425611257553101,32
0,dense_first,6,0.8261017799377441,32
0,dense_first,7,0.8006657958030701,32
0,dense_first,8,0.7547904253005981,32
0,dense_first,9,0.7545129060745239,32
0,dense_first,10,0.7525435090065002,32
0,b0_first,1,1.1792664527893066,32
0,b0_first,2,1.0879409313201904,32
0,b0_first,3,0.9798372983932495,32
0,b0_first,4,0.9097564220428467,32
0,b0_first,5,0.8713535070419312,32
0,b0_first,6,0.8564265966415405,32
0,b0_first,7,0.8372775316238403,32
0,b0_first,8,0.8054118156433105,32
0,b0_first,9,0.816503643989563,32
0,b0_first,10,0.8011113405227661,32
0,oracle_first,1,0.17551010847091675,32
0,oracle_first,2,0.7939296364784241,32
0,oracle_first,3,0.8340225219726562,32
0,oracle_first,4,0.9149526357650757,32
0,oracle_first,5,0.8511272668838501,32
0,oracle_first,6,0.8291239738464355,32
0,oracle_first,7,0.7716642618179321,32
0,oracle_first,8,0.7435728311538696,32
0,oracle_first,9,0.7399555444717407,32
0,oracle_first,10,0.7418948411941528,32
1,dense_first,1,0.5816329121589661,32
1,dense_first,2,0.48092228174209595,32
1,dense_first,3,0.34990599751472473,32
1,dense_first,4,0.29267194867134094,32
1,dense_first,5,0.249031662940979,32
1,dense_first,6,0.2309693545103073,32
1,dense_first,7,0.22630727291107178,32
1,dense_first,8,0.21178600192070007,32
1,dense_first,9,0.19985032081604004,32
1,dense_first,10,0.20358160138130188,32
1,b0_first,1,0.39113637804985046,32
1,b0_first,2,0.33861100673675537,32
1,b0_first,3,0.2865957021713257,32
1,b0_first,4,0.2653268575668335,32
1,b0_first,5,0.24109558761119843,32
1,b0_first,6,0.2222229689359665,32
1,b0_first,7,0.20471252501010895,32
1,b0_first,8,0.19199463725090027,32
1,b0_first,9,0.1858801245689392,32
1,b0_first,10,0.17623980343341827,32
1,oracle_first,1,0.13609454035758972,32
1,oracle_first,2,0.15199896693229675,32
1,oracle_first,3,0.16242465376853943,32
1,oracle_first,4,0.16968481242656708,32
1,oracle_first,5,0.16232094168663025,32
1,oracle_first,6,0.15837343037128448,32
1,oracle_first,7,0.15371908247470856,32
1,oracle_first,8,0.15097346901893616,32
1,oracle_first,9,0.15605783462524414,32
1,oracle_first,10,0.15149971842765808,32
2,dense_first,1,1.2237999439239502,32
2,dense_first,2,1.0271341800689697,32
2,dense_first,3,0.9605955481529236,32
2,dense_first,4,0.9392167329788208,32
2,dense_first,5,0.9092071056365967,32
2,dense_first,6,0.8572592735290527,32
2,dense_first,7,0.8070849776268005,32
2,dense_first,8,0.7702907919883728,32
2,dense_first,9,0.7891404628753662,32
2,dense_first,10,0.7880287170410156,32
2,b0_first,1,1.2629317045211792,32
2,b0_first,2,1.1650829315185547,32
2,b0_first,3,1.0903956890106201,32
2,b0_first,4,1.0274267196655273,32
2,b0_first,5,0.9439260363578796,32
2,b0_first,6,0.9064383506774902,32
2,b0_first,7,0.8688170313835144,32
2,b0_first,8,0.8324240446090698,32
2,b0_first,9,0.8082365989685059,32
2,b0_first,10,0.8064616322517395,32
2,oracle_first,1,0.16504675149917603,32
2,oracle_first,2,0.991806149482727,32
2,oracle_first,3,0.9725542068481445,32
2,oracle_first,4,0.893372118473053,32
2,oracle_first,5,0.91435307264328,32
2,oracle_first,6,0.8413764834403992,32
2,oracle_first,7,0.7941698431968689,32
2,oracle_first,8,0.783772349357605,32
2,oracle_first,9,0.7793338894844055,32
2,oracle_first,10,0.7919683456420898,32
3,dense_first,1,0.541818380355835,32
3,dense_first,2,0.3980792760848999,32
3,dense_first,3,0.30711638927459717,32
3,dense_first,4,0.2528699040412903,32
3,dense_first,5,0.23453381657600403,32
3,dense_first,6,0.21579401195049286,32
3,dense_first,7,0.1870838701725006,32
3,dense_first,8,0.18145784735679626,32
3,dense_first,9,0.16910211741924286,32
3,dense_first,10,0.16362890601158142,32
3,b0_first,1,0.18896427750587463,32
3,b0_first,2,0.16875770688056946,32
3,b0_first,3,0.15597425401210785,32
3,b0_first,4,0.13756313920021057,32
3,b0_first,5,0.1284148395061493,32
3,b0_first,6,0.12300664186477661,32
3,b0_first,7,0.11597990989685059,32
3,b0_first,8,0.11214399337768555,32
3,b0_first,9,0.11054600775241852,32
3,b0_first,10,0.10879147052764893,32
3,oracle_first,1,0.11079885065555573,32
3,oracle_first,2,0.13670383393764496,32
3,oracle_first,3,0.13673749566078186,32
3,oracle_first,4,0.1370370090007782,32
3,oracle_first,5,0.13217252492904663,32
3,oracle_first,6,0.12830519676208496,32
3,oracle_first,7,0.12323679029941559,32
3,oracle_first,8,0.11745540797710419,32
3,oracle_first,9,0.12081505358219147,32
3,oracle_first,10,0.13178183138370514,32
4,dense_first,1,2.2020206451416016,32
4,dense_first,2,1.0719761848449707,32
4,dense_first,3,0.986897349357605,32
4,dense_first,4,0.9003667831420898,32
4,dense_first,5,0.7337965369224548,32
4,dense_first,6,0.7090131640434265,32
4,dense_first,7,0.6980310678482056,32
4,dense_first,8,0.6195094585418701,32
4,dense_first,9,0.5931370854377747,32
4,dense_first,10,0.5843761563301086,32
4,b0_first,1,0.8694663047790527,32
4,b0_first,2,0.8196528553962708,32
4,b0_first,3,0.7875205278396606,32
4,b0_first,4,0.742129921913147,32
4,b0_first,5,0.7042350172996521,32
4,b0_first,6,0.6549537777900696,32
4,b0_first,7,0.6318041682243347,32
4,b0_first,8,0.6117123365402222,32
4,b0_first,9,0.5899797081947327,32
4,b0_first,10,0.5728527307510376,32
4,oracle_first,1,0.10252558439970016,32
4,oracle_first,2,0.1853073537349701,32
4,oracle_first,3,0.2609044909477234,32
4,oracle_first,4,0.3831513524055481,32
4,oracle_first,5,0.3610057830810547,32
4,oracle_first,6,0.35922956466674805,32
4,oracle_first,7,0.37201380729675293,32
4,oracle_first,8,0.39883244037628174,32
4,oracle_first,9,0.41283050179481506,32
4,oracle_first,10,0.4073502719402313,32
5,dense_first,1,0.4716428518295288,32
5,dense_first,2,0.32582706212997437,32
5,dense_first,3,0.3007703721523285,32
5,dense_first,4,0.26381951570510864,32
5,dense_first,5,0.283051073551178,32
5,dense_first,6,0.2539924681186676,32
5,dense_first,7,0.25287488102912903,32
5,dense_first,8,0.27293407917022705,32
5,dense_first,9,0.26949238777160645,32
5,dense_first,10,0.23917153477668762,32
5,b0_first,1,0.2129036784172058,32
5,b0_first,2,0.20385479927062988,32
5,b0_first,3,0.19833573698997498,32
5,b0_first,4,0.19509996473789215,32
5,b0_first,5,0.18875299394130707,32
5,b0_first,6,0.1815629005432129,32
5,b0_first,7,0.17797620594501495,32
5,b0_first,8,0.1755276620388031,32
5,b0_first,9,0.17170175909996033,32
5,b0_first,10,0.1672128140926361,32
5,oracle_first,1,0.07791280001401901,32
5,oracle_first,2,0.11763249337673187,32
5,oracle_first,3,0.12161442637443542,32
5,oracle_first,4,0.13966147601604462,32
5,oracle_first,5,0.12586574256420135,32
5,oracle_first,6,0.1261650025844574,32
5,oracle_first,7,0.1287955939769745,32
5,oracle_first,8,0.1324533224105835,32
5,oracle_first,9,0.1326785832643509,32
5,oracle_first,10,0.12495411932468414,32
6,dense_first,1,0.15377682447433472,32
6,dense_first,2,0.1285431981086731,32
6,dense_first,3,0.10494032502174377,32
6,dense_first,4,0.09053868055343628,32
6,dense_first,5,0.08466441929340363,32
6,dense_first,6,0.07171399146318436,32
6,dense_first,7,0.0727061778306961,32
6,dense_first,8,0.077662393450737,32
6,dense_first,9,0.08343305438756943,32
6,dense_first,10,0.07944399118423462,32
6,b0_first,1,0.10054774582386017,32
6,b0_first,2,0.09163083136081696,32
6,b0_first,3,0.08037558943033218,32
6,b0_first,4,0.07292627543210983,32
6,b0_first,5,0.07017659395933151,32
6,b0_first,6,0.06762813031673431,32
6,b0_first,7,0.06484471261501312,32
6,b0_first,8,0.0637752115726471,32
6,b0_first,9,0.06361455470323563,32
6,b0_first,10,0.06165595352649689,32
6,oracle_first,1,0.016934260725975037,32
6,oracle_first,2,0.030085677281022072,32
6,oracle_first,3,0.033149342983961105,32
6,oracle_first,4,0.03377499803900719,32
6,oracle_first,5,0.03578029200434685,32
6,oracle_first,6,0.04523318633437157,32
6,oracle_first,7,0.05512704700231552,32
6,oracle_first,8,0.05538352578878403,32
6,oracle_first,9,0.058217134326696396,32
6,oracle_first,10,0.06169867515563965,32
0,dense_first,1,1.4849145412445068,32
0,dense_first,2,1.0610902309417725,32
0,dense_first,3,0.9412553310394287,32
0,dense_first,4,0.889665961265564,32
0,dense_first,5,0.8721304535865784,32
0,dense_first,6,0.8583985567092896,32
0,dense_first,7,0.8357959985733032,32
0,dense_first,8,0.8258916735649109,32
0,dense_first,9,0.8214519619941711,32
0,dense_first,10,0.8170747756958008,32
0,b0_first,1,1.1644792556762695,32
0,b0_first,2,1.0359408855438232,32
0,b0_first,3,0.8907538652420044,32
0,b0_first,4,0.8501712679862976,32
0,b0_first,5,0.8314073085784912,32
0,b0_first,6,0.8291424512863159,32
0,b0_first,7,0.8292778730392456,32
0,b0_first,8,0.8205797672271729,32
0,b0_first,9,0.8165481686592102,32
0,b0_first,10,0.8133637309074402,32
0,oracle_first,1,0.3142229914665222,32
0,oracle_first,2,0.614614725112915,32
0,oracle_first,3,0.6893534660339355,32
0,oracle_first,4,0.7016801834106445,32
0,oracle_first,5,0.7223010063171387,32
0,oracle_first,6,0.7308772206306458,32
0,oracle_first,7,0.7457126379013062,32
0,oracle_first,8,0.7336510419845581,32
0,oracle_first,9,0.7362395524978638,32
0,oracle_first,10,0.7526895403862,32
1,dense_first,1,0.5669244527816772,32
1,dense_first,2,0.4216405749320984,32
1,dense_first,3,0.33748090267181396,32
1,dense_first,4,0.2973141074180603,32
1,dense_first,5,0.26920148730278015,32
1,dense_first,6,0.26656681299209595,32
1,dense_first,7,0.22396504878997803,32
1,dense_first,8,0.20422616600990295,32
1,dense_first,9,0.19240617752075195,32
1,dense_first,10,0.18770626187324524,32
1,b0_first,1,0.307944118976593,32
1,b0_first,2,0.267223596572876,32
1,b0_first,3,0.22892895340919495,32
1,b0_first,4,0.20024293661117554,32
1,b0_first,5,0.18301823735237122,32
1,b0_first,6,0.17663037776947021,32
1,b0_first,7,0.17074106633663177,32
1,b0_first,8,0.16672314703464508,32
1,b0_first,9,0.16180041432380676,32
1,b0_first,10,0.15549494326114655,32
1,oracle_first,1,0.13112549483776093,32
1,oracle_first,2,0.15951088070869446,32
1,oracle_first,3,0.16849127411842346,32
1,oracle_first,4,0.15910682082176208,32
1,oracle_first,5,0.15794004499912262,32
1,oracle_first,6,0.15464691817760468,32
1,oracle_first,7,0.15565794706344604,32
1,oracle_first,8,0.1654016673564911,32
1,oracle_first,9,0.15670618414878845,32
1,oracle_first,10,0.15344423055648804,32
2,dense_first,1,1.6305387020111084,32
2,dense_first,2,1.2089487314224243,32
2,dense_first,3,1.0857865810394287,32
2,dense_first,4,1.0306767225265503,32
2,dense_first,5,0.9611709117889404,32
2,dense_first,6,0.9759042263031006,32
2,dense_first,7,0.9665112495422363,32
2,dense_first,8,0.9425930380821228,32
2,dense_first,9,0.940413773059845,32
2,dense_first,10,0.9101386070251465,32
2,b0_first,1,1.2608647346496582,32
2,b0_first,2,1.1293601989746094,32
2,b0_first,3,1.030741572380066,32
2,b0_first,4,1.0108659267425537,32
2,b0_first,5,0.9705603122711182,32
2,b0_first,6,0.9551501870155334,32
2,b0_first,7,0.9485928416252136,32
2,b0_first,8,0.9310082197189331,32
2,b0_first,9,0.9319436550140381,32
2,b0_first,10,0.904694676399231,32
2,oracle_first,1,0.31627577543258667,32
2,oracle_first,2,0.6069132089614868,32
2,oracle_first,3,0.7802423238754272,32
2,oracle_first,4,0.8451594114303589,32
2,oracle_first,5,0.8282933235168457,32
2,oracle_first,6,0.8315978050231934,32
2,oracle_first,7,0.8459211587905884,32
2,oracle_first,8,0.8555756211280823,32
2,oracle_first,9,0.8554280996322632,32
2,oracle_first,10,0.8584238886833191,32
3,dense_first,1,0.4256337285041809,32
3,dense_first,2,0.3082239031791687,32
3,dense_first,3,0.2625287175178528,32
3,dense_first,4,0.21952885389328003,32
3,dense_first,5,0.1976553201675415,32
3,dense_first,6,0.17948046326637268,32
3,dense_first,7,0.16541491448879242,32
3,dense_first,8,0.160956472158432,32
3,dense_first,9,0.1587751805782318,32
3,dense_first,10,0.15647397935390472,32
3,b0_first,1,0.19387374818325043,32
3,b0_first,2,0.16258937120437622,32
3,b0_first,3,0.15177422761917114,32
3,b0_first,4,0.1403602957725525,32
3,b0_first,5,0.1327432096004486,32
3,b0_first,6,0.12961924076080322,32
3,b0_first,7,0.12828320264816284,32
3,b0_first,8,0.12694326043128967,32
3,b0_first,9,0.12566295266151428,32
3,b0_first,10,0.12245653569698334,32
3,oracle_first,1,0.11058516055345535,32
3,oracle_first,2,0.1341172158718109,32
3,oracle_first,3,0.13550101220607758,32
3,oracle_first,4,0.14286062121391296,32
3,oracle_first,5,0.1416861116886139,32
3,oracle_first,6,0.13716435432434082,32
3,oracle_first,7,0.13355672359466553,32
3,oracle_first,8,0.12889274954795837,32
3,oracle_first,9,0.12631723284721375,32
3,oracle_first,10,0.12480121850967407,32
4,dense_first,1,1.7472524642944336,32
4,dense_first,2,1.3919456005096436,32
4,dense_first,3,1.1569210290908813,32
4,dense_first,4,1.0635101795196533,32
4,dense_first,5,1.1826778650283813,32
4,dense_first,6,1.2243854999542236,32
4,dense_first,7,1.1908767223358154,32
4,dense_first,8,0.9331080317497253,32
4,dense_first,9,0.9013149738311768,32
4,dense_first,10,0.8149676322937012,32
4,b0_first,1,1.1215810775756836,32
4,b0_first,2,1.0458166599273682,32
4,b0_first,3,0.9735917448997498,32
4,b0_first,4,0.893198549747467,32
4,b0_first,5,0.8563932180404663,32
4,b0_first,6,0.8270657062530518,32
4,b0_first,7,0.8091065883636475,32
4,b0_first,8,0.7836710214614868,32
4,b0_first,9,0.7697161436080933,32
4,b0_first,10,0.7713344693183899,32
4,oracle_first,1,0.14083412289619446,32
4,oracle_first,2,0.2820780277252197,32
4,oracle_first,3,0.38070303201675415,32
4,oracle_first,4,0.40895524621009827,32
4,oracle_first,5,0.45896798372268677,32
4,oracle_first,6,0.4968934953212738,32
4,oracle_first,7,0.5157278776168823,32
4,oracle_first,8,0.5457961559295654,32
4,oracle_first,9,0.5525699853897095,32
4,oracle_first,10,0.5486325025558472,32
5,dense_first,1,0.5347065329551697,32
5,dense_first,2,0.4028674364089966,32
5,dense_first,3,0.42442673444747925,32
5,dense_first,4,0.46690112352371216,32
5,dense_first,5,0.3617786467075348,32
5,dense_first,6,0.33327364921569824,32
5,dense_first,7,0.3356783986091614,32
5,dense_first,8,0.3236696720123291,32
5,dense_first,9,0.3103758692741394,32
5,dense_first,10,0.2639924883842468,32
5,b0_first,1,0.2297157645225525,32
5,b0_first,2,0.2075153887271881,32
5,b0_first,3,0.19879524409770966,32
5,b0_first,4,0.18870702385902405,32
5,b0_first,5,0.18272262811660767,32
5,b0_first,6,0.17720438539981842,32
5,b0_first,7,0.1734413504600525,32
5,b0_first,8,0.17823606729507446,32
5,b0_first,9,0.17719584703445435,32
5,b0_first,10,0.17316293716430664,32
5,oracle_first,1,0.07602670788764954,32
5,oracle_first,2,0.10170949995517731,32
5,oracle_first,3,0.1267174631357193,32
5,oracle_first,4,0.1222623735666275,32
5,oracle_first,5,0.13904064893722534,32
5,oracle_first,6,0.1559910625219345,32
5,oracle_first,7,0.1498265415430069,32
5,oracle_first,8,0.1515776813030243,32
5,oracle_first,9,0.1512860208749771,32
5,oracle_first,10,0.15201811492443085,32
6,dense_first,1,0.26196950674057007,32
6,dense_first,2,0.2484365701675415,32
6,dense_first,3,0.24704647064208984,32
6,dense_first,4,0.22532597184181213,32
6,dense_first,5,0.2031337022781372,32
6,dense_first,6,0.19582733511924744,32
6,dense_first,7,0.18736866116523743,32
6,dense_first,8,0.17728617787361145,32
6,dense_first,9,0.1761700063943863,32
6,dense_first,10,0.17953193187713623,32
6,b0_first,1,0.09598342329263687,32
6,b0_first,2,0.09264223277568817,32
6,b0_first,3,0.0711909681558609,32
6,b0_first,4,0.06310799717903137,32
6,b0_first,5,0.06303472071886063,32
6,b0_first,6,0.05865238979458809,32
6,b0_first,7,0.05221688002347946,32
6,b0_first,8,0.04777095839381218,32
6,b0_first,9,0.04664624482393265,32
6,b0_first,10,0.045493900775909424,32
6,oracle_first,1,0.017549213021993637,32
6,oracle_first,2,0.0386761836707592,32
6,oracle_first,3,0.03440501168370247,32
6,oracle_first,4,0.040448203682899475,32
6,oracle_first,5,0.04149596393108368,32
6,oracle_first,6,0.040881261229515076,32
6,oracle_first,7,0.04574127867817879,32
6,oracle_first,8,0.04410072788596153,32
6,oracle_first,9,0.04594551399350166,32
6,oracle_first,10,0.04598033055663109,32
0,dense_first,1,1.4576562643051147,32
0,dense_first,2,1.1826666593551636,32
0,dense_first,3,1.126815676689148,32
0,dense_first,4,1.0735595226287842,32
0,dense_first,5,1.0409718751907349,32
0,dense_first,6,1.0366148948669434,32
0,dense_first,7,0.9875091314315796,32
0,dense_first,8,0.9641857743263245,32
0,dense_first,9,0.9456939697265625,32
0,dense_first,10,0.8670935034751892,32
0,b0_first,1,1.0078158378601074,32
0,b0_first,2,0.9678480625152588,32
0,b0_first,3,0.9618211984634399,32
0,b0_first,4,0.8923423290252686,32
0,b0_first,5,0.8861565589904785,32
0,b0_first,6,0.8826367855072021,32
0,b0_first,7,0.8930954933166504,32
0,b0_first,8,0.8795410394668579,32
0,b0_first,9,0.861129879951477,32
0,b0_first,10,0.84735506772995,32
0,oracle_first,1,0.36501210927963257,32
0,oracle_first,2,0.5785890817642212,32
0,oracle_first,3,0.6345853805541992,32
0,oracle_first,4,0.6867198348045349,32
0,oracle_first,5,0.724530816078186,32
0,oracle_first,6,0.7243186235427856,32
0,oracle_first,7,0.7568950653076172,32
0,oracle_first,8,0.7512257099151611,32
0,oracle_first,9,0.7485517263412476,32
0,oracle_first,10,0.7431475520133972,32
1,dense_first,1,0.5926051735877991,32
1,dense_first,2,0.4467152953147888,32
1,dense_first,3,0.3439783453941345,32
1,dense_first,4,0.3556920289993286,32
1,dense_first,5,0.3302830159664154,32
1,dense_first,6,0.2986410856246948,32
1,dense_first,7,0.29435208439826965,32
1,dense_first,8,0.277163028717041,32
1,dense_first,9,0.2730349898338318,32
1,dense_first,10,0.26348328590393066,32
1,b0_first,1,0.42253565788269043,32
1,b0_first,2,0.35610276460647583,32
1,b0_first,3,0.3302276134490967,32
1,b0_first,4,0.31169313192367554,32
1,b0_first,5,0.296966016292572,32
1,b0_first,6,0.2879980206489563,32
1,b0_first,7,0.27795350551605225,32
1,b0_first,8,0.2625642716884613,32
1,b0_first,9,0.2551262378692627,32
1,b0_first,10,0.24842345714569092,32
1,oracle_first,1,0.14110960066318512,32
1,oracle_first,2,0.21813535690307617,32
1,oracle_first,3,0.24763280153274536,32
1,oracle_first,4,0.24787931144237518,32
1,oracle_first,5,0.2407245635986328,32
1,oracle_first,6,0.2382860779762268,32
1,oracle_first,7,0.2312777191400528,32
1,oracle_first,8,0.23903727531433105,32
1,oracle_first,9,0.22433079779148102,32
1,oracle_first,10,0.2181340754032135,32
2,dense_first,1,2.017693042755127,32
2,dense_first,2,1.377404808998108,32
2,dense_first,3,1.1686383485794067,32
2,dense_first,4,1.1117329597473145,32
2,dense_first,5,1.094660758972168,32
2,dense_first,6,1.0661853551864624,32
2,dense_first,7,1.0327081680297852,32
2,dense_first,8,1.0084173679351807,32
2,dense_first,9,0.9823508858680725,32
2,dense_first,10,0.9734640717506409,32
2,b0_first,1,1.2838596105575562,32
2,b0_first,2,1.2417771816253662,32
2,b0_first,3,1.1717023849487305,32
2,b0_first,4,1.0925517082214355,32
2,b0_first,5,1.0737671852111816,32
2,b0_first,6,1.0424420833587646,32
2,b0_first,7,1.0386290550231934,32
2,b0_first,8,1.0027015209197998,32
2,b0_first,9,0.98735511302948,32
2,b0_first,10,0.9796459078788757,32
2,oracle_first,1,0.3834993243217468,32
2,oracle_first,2,0.679660439491272,32
2,oracle_first,3,0.7489497065544128,32
2,oracle_first,4,0.8575223684310913,32
2,oracle_first,5,0.8865315914154053,32
2,oracle_first,6,0.8797215223312378,32
2,oracle_first,7,0.8907567262649536,32
2,oracle_first,8,0.8924241065979004,32
2,oracle_first,9,0.8953831195831299,32
2,oracle_first,10,0.8774162530899048,32
3,dense_first,1,0.4905809760093689,32
3,dense_first,2,0.41016921401023865,32
3,dense_first,3,0.31395667791366577,32
3,dense_first,4,0.26064157485961914,32
3,dense_first,5,0.23991486430168152,32
3,dense_first,6,0.22404295206069946,32
3,dense_first,7,0.21566033363342285,32
3,dense_first,8,0.2207634150981903,32
3,dense_first,9,0.217590793967247,32
3,dense_first,10,0.21130189299583435,32
3,b0_first,1,0.3355681300163269,32
3,b0_first,2,0.2671040892601013,32
3,b0_first,3,0.24090303480625153,32
3,b0_first,4,0.22431904077529907,32
3,b0_first,5,0.21183757483959198,32
3,b0_first,6,0.2030816525220871,32
3,b0_first,7,0.19531255960464478,32
3,b0_first,8,0.19365067780017853,32
3,b0_first,9,0.1921946406364441,32
3,b0_first,10,0.19316279888153076,32
3,oracle_first,1,0.13834655284881592,32
3,oracle_first,2,0.19620844721794128,32
3,oracle_first,3,0.18626999855041504,32
3,oracle_first,4,0.1731410026550293,32
3,oracle_first,5,0.17250244319438934,32
3,oracle_first,6,0.16493329405784607,32
3,oracle_first,7,0.16131137311458588,32
3,oracle_first,8,0.16305500268936157,32
3,oracle_first,9,0.16591747105121613,32
3,oracle_first,10,0.17055745422840118,32
4,dense_first,1,2.0853371620178223,32
4,dense_first,2,1.051572561264038,32
4,dense_first,3,0.7970758080482483,32
4,dense_first,4,0.6936569809913635,32
4,dense_first,5,0.6590502858161926,32
4,dense_first,6,0.6627457737922668,32
4,dense_first,7,0.6479345560073853,32
4,dense_first,8,0.6213452816009521,32
4,dense_first,9,0.6163985133171082,32
4,dense_first,10,0.5850219130516052,32
4,b0_first,1,1.1305794715881348,32
4,b0_first,2,0.9896464347839355,32
4,b0_first,3,0.8663661479949951,32
4,b0_first,4,0.7722533941268921,32
4,b0_first,5,0.6774729490280151,32
4,b0_first,6,0.6414241790771484,32
4,b0_first,7,0.6389263868331909,32
4,b0_first,8,0.6321436166763306,32
4,b0_first,9,0.6124290227890015,32
4,b0_first,10,0.6172375679016113,32
4,oracle_first,1,0.17611736059188843,32
4,oracle_first,2,0.2641512155532837,32
4,oracle_first,3,0.34733283519744873,32
4,oracle_first,4,0.3542930483818054,32
4,oracle_first,5,0.4132235646247864,32
4,oracle_first,6,0.40692460536956787,32
4,oracle_first,7,0.43178218603134155,32
4,oracle_first,8,0.4310033917427063,32
4,oracle_first,9,0.44166815280914307,32
4,oracle_first,10,0.42541640996932983,32
5,dense_first,1,0.3763687014579773,32
5,dense_first,2,0.30163025856018066,32
5,dense_first,3,0.25565919280052185,32
5,dense_first,4,0.23551146686077118,32
5,dense_first,5,0.22620418667793274,32
5,dense_first,6,0.22036470472812653,32
5,dense_first,7,0.21174702048301697,32
5,dense_first,8,0.21193598210811615,32
5,dense_first,9,0.1982092559337616,32
5,dense_first,10,0.20447596907615662,32
5,b0_first,1,0.23914454877376556,32
5,b0_first,2,0.21717675030231476,32
5,b0_first,3,0.20289932191371918,32
5,b0_first,4,0.19837364554405212,32
5,b0_first,5,0.19511021673679352,32
5,b0_first,6,0.1921025812625885,32
5,b0_first,7,0.18724849820137024,32
5,b0_first,8,0.18353061378002167,32
5,b0_first,9,0.18140475451946259,32
5,b0_first,10,0.17427028715610504,32
5,oracle_first,1,0.0803922712802887,32
5,oracle_first,2,0.12297409772872925,32
5,oracle_first,3,0.11629990488290787,32
5,oracle_first,4,0.12446582317352295,32
5,oracle_first,5,0.12244556099176407,32
5,oracle_first,6,0.12442802637815475,32
5,oracle_first,7,0.12418131530284882,32
5,oracle_first,8,0.12586680054664612,32
5,oracle_first,9,0.12562493979930878,32
5,oracle_first,10,0.128074049949646,32
6,dense_first,1,0.17252713441848755,32
6,dense_first,2,0.1475946605205536,32
6,dense_first,3,0.13414207100868225,32
6,dense_first,4,0.09892089664936066,32
6,dense_first,5,0.07555903494358063,32
6,dense_first,6,0.062132008373737335,32
6,dense_first,7,0.050473690032958984,32
6,dense_first,8,0.04047055542469025,32
6,dense_first,9,0.03602159023284912,32
6,dense_first,10,0.03210127726197243,32
6,b0_first,1,0.13355112075805664,32
6,b0_first,2,0.11170833557844162,32
6,b0_first,3,0.08674417436122894,32
6,b0_first,4,0.07848659157752991,32
6,b0_first,5,0.06948266923427582,32
6,b0_first,6,0.05964641273021698,32
6,b0_first,7,0.05154840275645256,32
6,b0_first,8,0.04689271003007889,32
6,b0_first,9,0.046837303787469864,32
6,b0_first,10,0.0397399477660656,32
6,oracle_first,1,0.014205001294612885,32
6,oracle_first,2,0.029146812856197357,32
6,oracle_first,3,0.029098451137542725,32
6,oracle_first,4,0.031997233629226685,32
6,oracle_first,5,0.030347023159265518,32
6,oracle_first,6,0.028088651597499847,32
6,oracle_first,7,0.027596522122621536,32
6,oracle_first,8,0.025150608271360397,32
6,oracle_first,9,0.025221334770321846,32
6,oracle_first,10,0.023454099893569946,32
0,dense_first,1,2.8927505016326904,32
0,dense_first,2,2.8604989051818848,32
0,dense_first,3,2.3428075313568115,32
0,dense_first,4,2.258901596069336,32
0,dense_first,5,2.1513006687164307,32
0,dense_first,6,2.033853530883789,32
0,dense_first,7,1.9769665002822876,32
0,dense_first,8,1.9842216968536377,32
0,dense_first,9,1.9411284923553467,32
0,dense_first,10,1.9174726009368896,32
0,b0_first,1,2.3419013023376465,32
0,b0_first,2,2.280730724334717,32
0,b0_first,3,2.2080624103546143,32
0,b0_first,4,2.1516242027282715,32
0,b0_first,5,2.0610499382019043,32
0,b0_first,6,2.0252442359924316,32
0,b0_first,7,1.9993401765823364,32
0,b0_first,8,1.9803519248962402,32
0,b0_first,9,1.9660365581512451,32
0,b0_first,10,1.9536982774734497,32
0,oracle_first,1,0.34299933910369873,32
0,oracle_first,2,0.987708568572998,32
0,oracle_first,3,1.185041069984436,32
0,oracle_first,4,1.3604021072387695,32
0,oracle_first,5,1.4929531812667847,32
0,oracle_first,6,1.507699966430664,32
0,oracle_first,7,1.5329465866088867,32
0,oracle_first,8,1.556571364402771,32
0,oracle_first,9,1.5549741983413696,32
0,oracle_first,10,1.5984506607055664,32
1,dense_first,1,0.5259485840797424,32
1,dense_first,2,0.4242970943450928,32
1,dense_first,3,0.3363921046257019,32
1,dense_first,4,0.2822588086128235,32
1,dense_first,5,0.2749025821685791,32
1,dense_first,6,0.25005072355270386,32
1,dense_first,7,0.23860469460487366,32
1,dense_first,8,0.22984740138053894,32
1,dense_first,9,0.22716806828975677,32
1,dense_first,10,0.219696044921875,32
1,b0_first,1,0.32684677839279175,32
1,b0_first,2,0.2961408495903015,32
1,b0_first,3,0.273108571767807,32
1,b0_first,4,0.2564762830734253,32
1,b0_first,5,0.23357917368412018,32
1,b0_first,6,0.225896418094635,32
1,b0_first,7,0.22156018018722534,32
1,b0_first,8,0.21414867043495178,32
1,b0_first,9,0.20849727094173431,32
1,b0_first,10,0.20733626186847687,32
1,oracle_first,1,0.1423654556274414,32
1,oracle_first,2,0.19981518387794495,32
1,oracle_first,3,0.19844889640808105,32
1,oracle_first,4,0.19351068139076233,32
1,oracle_first,5,0.19173690676689148,32
1,oracle_first,6,0.1902199387550354,32
1,oracle_first,7,0.19933149218559265,32
1,oracle_first,8,0.18990740180015564,32
1,oracle_first,9,0.18386411666870117,32
1,oracle_first,10,0.1844157576560974,32
2,dense_first,1,2.9685919284820557,32
2,dense_first,2,2.7644550800323486,32
2,dense_first,3,2.4761123657226562,32
2,dense_first,4,2.3796863555908203,32
2,dense_first,5,2.2157604694366455,32
2,dense_first,6,2.2055442333221436,32
2,dense_first,7,2.210732936859131,32
2,dense_first,8,2.2097039222717285,32
2,dense_first,9,2.199083089828491,32
2,dense_first,10,2.177330493927002,32
2,b0_first,1,2.159804344177246,32
2,b0_first,2,2.141784906387329,32
2,b0_first,3,2.05195951461792,32
2,b0_first,4,2.060133934020996,32
2,b0_first,5,2.0140974521636963,32
2,b0_first,6,1.986884355545044,32
2,b0_first,7,1.9602653980255127,32
2,b0_first,8,1.9525314569473267,32
2,b0_first,9,1.9541316032409668,32
2,b0_first,10,1.9490004777908325,32
2,oracle_first,1,0.3646126985549927,32
2,oracle_first,2,1.1397103071212769,32
2,oracle_first,3,1.4612749814987183,32
2,oracle_first,4,1.5053298473358154,32
2,oracle_first,5,1.5463857650756836,32
2,oracle_first,6,1.586024522781372,32
2,oracle_first,7,1.6096360683441162,32
2,oracle_first,8,1.6771659851074219,32
2,oracle_first,9,1.712611198425293,32
2,oracle_first,10,1.6909730434417725,32
3,dense_first,1,0.4491302967071533,32
3,dense_first,2,0.41455739736557007,32
3,dense_first,3,0.3185546100139618,32
3,dense_first,4,0.2863571047782898,32
3,dense_first,5,0.25725796818733215,32
3,dense_first,6,0.23842215538024902,32
3,dense_first,7,0.23259899020195007,32
3,dense_first,8,0.21747732162475586,32
3,dense_first,9,0.20653389394283295,32
3,dense_first,10,0.19781507551670074,32
3,b0_first,1,0.37633082270622253,32
3,b0_first,2,0.3262994885444641,32
3,b0_first,3,0.30826878547668457,32
3,b0_first,4,0.26615020632743835,32
3,b0_first,5,0.2482278048992157,32
3,b0_first,6,0.23579815030097961,32
3,b0_first,7,0.2239377200603485,32
3,b0_first,8,0.21762830018997192,32
3,b0_first,9,0.20903056859970093,32
3,b0_first,10,0.1973499059677124,32
3,oracle_first,1,0.14155647158622742,32
3,oracle_first,2,0.16539835929870605,32
3,oracle_first,3,0.16976086795330048,32
3,oracle_first,4,0.17300456762313843,32
3,oracle_first,5,0.17626327276229858,32
3,oracle_first,6,0.17501147091388702,32
3,oracle_first,7,0.174279123544693,32
3,oracle_first,8,0.17201034724712372,32
3,oracle_first,9,0.16845208406448364,32
3,oracle_first,10,0.16584523022174835,32
4,dense_first,1,1.9996201992034912,32
4,dense_first,2,1.733358383178711,32
4,dense_first,3,1.475672721862793,32
4,dense_first,4,1.4723336696624756,32
4,dense_first,5,1.2878820896148682,32
4,dense_first,6,1.2431663274765015,32
4,dense_first,7,1.0718014240264893,32
4,dense_first,8,1.039527416229248,32
4,dense_first,9,0.924270749092102,32
4,dense_first,10,0.9131804704666138,32
4,b0_first,1,0.7823619842529297,32
4,b0_first,2,0.7642369270324707,32
4,b0_first,3,0.7529535293579102,32
4,b0_first,4,0.7143203020095825,32
4,b0_first,5,0.7044199705123901,32
4,b0_first,6,0.6864769458770752,32
4,b0_first,7,0.6766852140426636,32
4,b0_first,8,0.6705502271652222,32
4,b0_first,9,0.6591596007347107,32
4,b0_first,10,0.6640955805778503,32
4,oracle_first,1,0.28779685497283936,32
4,oracle_first,2,0.3941206932067871,32
4,oracle_first,3,0.46283334493637085,32
4,oracle_first,4,0.5202581286430359,32
4,oracle_first,5,0.5822150707244873,32
4,oracle_first,6,0.6066712141036987,32
4,oracle_first,7,0.6300492286682129,32
4,oracle_first,8,0.6424802541732788,32
4,oracle_first,9,0.6528153419494629,32
4,oracle_first,10,0.6620129942893982,32
5,dense_first,1,0.5455536842346191,32
5,dense_first,2,0.434104859828949,32
5,dense_first,3,0.41669997572898865,32
5,dense_first,4,0.39275258779525757,32
5,dense_first,5,0.3502326011657715,32
5,dense_first,6,0.34408038854599,32
5,dense_first,7,0.33598464727401733,32
5,dense_first,8,0.33107706904411316,32
5,dense_first,9,0.313903272151947,32
5,dense_first,10,0.35125458240509033,32
5,b0_first,1,0.39534473419189453,32
5,b0_first,2,0.3504304885864258,32
5,b0_first,3,0.3298787474632263,32
5,b0_first,4,0.3235815763473511,32
5,b0_first,5,0.318275511264801,32
5,b0_first,6,0.3166115880012512,32
5,b0_first,7,0.3156002461910248,32
5,b0_first,8,0.283087819814682,32
5,b0_first,9,0.2778467833995819,32
5,b0_first,10,0.29607516527175903,32
5,oracle_first,1,0.11418119072914124,32
5,oracle_first,2,0.1508975625038147,32
5,oracle_first,3,0.15356099605560303,32
5,oracle_first,4,0.20532168447971344,32
5,oracle_first,5,0.21078449487686157,32
5,oracle_first,6,0.20330536365509033,32
5,oracle_first,7,0.2148817479610443,32
5,oracle_first,8,0.21984031796455383,32
5,oracle_first,9,0.20880696177482605,32
5,oracle_first,10,0.2089064121246338,32
6,dense_first,1,0.23322856426239014,32
6,dense_first,2,0.2025175392627716,32
6,dense_first,3,0.18493147194385529,32
6,dense_first,4,0.1454668790102005,32
6,dense_first,5,0.11475275456905365,32
6,dense_first,6,0.08330392837524414,32
6,dense_first,7,0.060766227543354034,32
6,dense_first,8,0.047893770039081573,32
6,dense_first,9,0.04425732418894768,32
6,dense_first,10,0.04115377366542816,32
6,b0_first,1,0.1324625164270401,32
6,b0_first,2,0.11515751481056213,32
6,b0_first,3,0.09655924141407013,32
6,b0_first,4,0.08157491683959961,32
6,b0_first,5,0.07134176790714264,32
6,b0_first,6,0.060642946511507034,32
6,b0_first,7,0.042551189661026,32
6,b0_first,8,0.0354706346988678,32
6,b0_first,9,0.0336758978664875,32
6,b0_first,10,0.033012598752975464,32
6,oracle_first,1,0.014324411749839783,32
6,oracle_first,2,0.023024238646030426,32
6,oracle_first,3,0.025176122784614563,32
6,oracle_first,4,0.026778358966112137,32
6,oracle_first,5,0.027094734832644463,32
6,oracle_first,6,0.026766695082187653,32
6,oracle_first,7,0.021743137389421463,32
6,oracle_first,8,0.021260924637317657,32
6,oracle_first,9,0.02003948949277401,32
6,oracle_first,10,0.020698126405477524,32
0,dense_first,1,3.4135780334472656,32
0,dense_first,2,2.2422077655792236,32
0,dense_first,3,1.8567862510681152,32
0,dense_first,4,1.7724781036376953,32
0,dense_first,5,1.631342887878418,32
0,dense_first,6,1.4082586765289307,32
0,dense_first,7,1.3693054914474487,32
0,dense_first,8,1.1653300523757935,32
0,dense_first,9,0.9929393529891968,32
0,dense_first,10,0.9808701276779175,32
0,b0_first,1,1.2034530639648438,32
0,b0_first,2,1.1972624063491821,32
0,b0_first,3,1.0620050430297852,32
0,b0_first,4,0.9939280152320862,32
0,b0_first,5,0.9648189544677734,32
0,b0_first,6,0.9485579133033752,32
0,b0_first,7,0.9150373935699463,32
0,b0_first,8,0.8697450160980225,32
0,b0_first,9,0.8457404971122742,32
0,b0_first,10,0.858595073223114,32
0,oracle_first,1,0.2949713468551636,32
0,oracle_first,2,0.40944743156433105,32
0,oracle_first,3,0.6321165561676025,32
0,oracle_first,4,0.7554037570953369,32
0,oracle_first,5,0.771028995513916,32
0,oracle_first,6,0.7752036452293396,32
0,oracle_first,7,0.7870001792907715,32
0,oracle_first,8,0.77360600233078,32
0,oracle_first,9,0.7760181427001953,32
0,oracle_first,10,0.7827277779579163,32
1,dense_first,1,0.6519042253494263,32
1,dense_first,2,0.4863482117652893,32
1,dense_first,3,0.4012351334095001,32
1,dense_first,4,0.37935322523117065,32
1,dense_first,5,0.32351404428482056,32
1,dense_first,6,0.3085840344429016,32
1,dense_first,7,0.3058794140815735,32
1,dense_first,8,0.28868114948272705,32
1,dense_first,9,0.28560781478881836,32
1,dense_first,10,0.27427250146865845,32
1,b0_first,1,0.4058966636657715,32
1,b0_first,2,0.3422473669052124,32
1,b0_first,3,0.3106882572174072,32
1,b0_first,4,0.2951275706291199,32
1,b0_first,5,0.2751871645450592,32
1,b0_first,6,0.25881102681159973,32
1,b0_first,7,0.24682345986366272,32
1,b0_first,8,0.2443867027759552,32
1,b0_first,9,0.2364625483751297,32
1,b0_first,10,0.23115818202495575,32
1,oracle_first,1,0.15555506944656372,32
1,oracle_first,2,0.23819737136363983,32
1,oracle_first,3,0.24677805602550507,32
1,oracle_first,4,0.24233213067054749,32
1,oracle_first,5,0.2501694858074188,32
1,oracle_first,6,0.23465612530708313,32
1,oracle_first,7,0.22658005356788635,32
1,oracle_first,8,0.2264760583639145,32
1,oracle_first,9,0.2243129163980484,32
1,oracle_first,10,0.22200316190719604,32
2,dense_first,1,2.4718141555786133,32
2,dense_first,2,1.7111599445343018,32
2,dense_first,3,1.2206056118011475,32
2,dense_first,4,1.0861804485321045,32
2,dense_first,5,1.0443146228790283,32
2,dense_first,6,1.02045476436615,32
2,dense_first,7,0.9865051507949829,32
2,dense_first,8,0.9348675012588501,32
2,dense_first,9,0.9140701293945312,32
2,dense_first,10,0.9021588563919067,32
2,b0_first,1,1.2120280265808105,32
2,b0_first,2,1.1937938928604126,32
2,b0_first,3,0.9908542633056641,32
2,b0_first,4,0.9584435224533081,32
2,b0_first,5,0.8969532251358032,32
2,b0_first,6,0.887141227722168,32
2,b0_first,7,0.8676853179931641,32
2,b0_first,8,0.8428183794021606,32
2,b0_first,9,0.8314785957336426,32
2,b0_first,10,0.8353160619735718,32
2,oracle_first,1,0.29345160722732544,32
2,oracle_first,2,0.5689611434936523,32
2,oracle_first,3,0.7523216605186462,32
2,oracle_first,4,0.7756291627883911,32
2,oracle_first,5,0.7630139589309692,32
2,oracle_first,6,0.7790688276290894,32
2,oracle_first,7,0.7763122320175171,32
2,oracle_first,8,0.7720015048980713,32
2,oracle_first,9,0.7613714337348938,32
2,oracle_first,10,0.7544808983802795,32
3,dense_first,1,0.7923392057418823,32
3,dense_first,2,0.5825673937797546,32
3,dense_first,3,0.4554980993270874,32
3,dense_first,4,0.3121759593486786,32
3,dense_first,5,0.2893804907798767,32
3,dense_first,6,0.27531880140304565,32
3,dense_first,7,0.2626049518585205,32
3,dense_first,8,0.24081730842590332,32
3,dense_first,9,0.23726113140583038,32
3,dense_first,10,0.23065370321273804,32
3,b0_first,1,0.2707022428512573,32
3,b0_first,2,0.24345366656780243,32
3,b0_first,3,0.22761419415473938,32
3,b0_first,4,0.2159036248922348,32
3,b0_first,5,0.2061428427696228,32
3,b0_first,6,0.2033921182155609,32
3,b0_first,7,0.19908523559570312,32
3,b0_first,8,0.19680675864219666,32
3,b0_first,9,0.19464823603630066,32
3,b0_first,10,0.19248783588409424,32
3,oracle_first,1,0.13781365752220154,32
3,oracle_first,2,0.20204108953475952,32
3,oracle_first,3,0.19884106516838074,32
3,oracle_first,4,0.19707396626472473,32
3,oracle_first,5,0.18605753779411316,32
3,oracle_first,6,0.18233010172843933,32
3,oracle_first,7,0.1795007884502411,32
3,oracle_first,8,0.17960506677627563,32
3,oracle_first,9,0.1824800968170166,32
3,oracle_first,10,0.18195363879203796,32
4,dense_first,1,1.7155826091766357,32
4,dense_first,2,1.3565552234649658,32
4,dense_first,3,1.1145257949829102,32
4,dense_first,4,1.0815333127975464,32
4,dense_first,5,1.0532079935073853,32
4,dense_first,6,1.026625156402588,32
4,dense_first,7,0.975803554058075,32
4,dense_first,8,0.9515088200569153,32
4,dense_first,9,0.952973484992981,32
4,dense_first,10,0.9447005987167358,32
4,b0_first,1,0.9025593400001526,32
4,b0_first,2,0.8197516202926636,32
4,b0_first,3,0.7978276014328003,32
4,b0_first,4,0.7832678556442261,32
4,b0_first,5,0.7663930654525757,32
4,b0_first,6,0.7583459615707397,32
4,b0_first,7,0.7495894432067871,32
4,b0_first,8,0.7488877177238464,32
4,b0_first,9,0.742224931716919,32
4,b0_first,10,0.7567305564880371,32
4,oracle_first,1,0.3252302408218384,32
4,oracle_first,2,0.4591296315193176,32
4,oracle_first,3,0.6535725593566895,32
4,oracle_first,4,0.7191983461380005,32
4,oracle_first,5,0.73455810546875,32
4,oracle_first,6,0.7822262048721313,32
4,oracle_first,7,0.7898057103157043,32
4,oracle_first,8,0.7701557874679565,32
4,oracle_first,9,0.7919366955757141,32
4,oracle_first,10,0.8094249367713928,32
5,dense_first,1,0.47925543785095215,32
5,dense_first,2,0.3667597770690918,32
5,dense_first,3,0.32354536652565,32
5,dense_first,4,0.32194727659225464,32
5,dense_first,5,0.3142879605293274,32
5,dense_first,6,0.31589314341545105,32
5,dense_first,7,0.29379963874816895,32
5,dense_first,8,0.272762656211853,32
5,dense_first,9,0.26148417592048645,32
5,dense_first,10,0.2624055743217468,32
5,b0_first,1,0.24216404557228088,32
5,b0_first,2,0.22521567344665527,32
5,b0_first,3,0.21161867678165436,32
5,b0_first,4,0.2056632786989212,32
5,b0_first,5,0.20604580640792847,32
5,b0_first,6,0.20258662104606628,32
5,b0_first,7,0.19886016845703125,32
5,b0_first,8,0.1945936679840088,32
5,b0_first,9,0.1916077733039856,32
5,b0_first,10,0.19466039538383484,32
5,oracle_first,1,0.11166737973690033,32
5,oracle_first,2,0.15623213350772858,32
5,oracle_first,3,0.18475639820098877,32
5,oracle_first,4,0.18120518326759338,32
5,oracle_first,5,0.20354308187961578,32
5,oracle_first,6,0.21765726804733276,32
5,oracle_first,7,0.20920097827911377,32
5,oracle_first,8,0.20805874466896057,32
5,oracle_first,9,0.2019578218460083,32
5,oracle_first,10,0.2006649672985077,32
6,dense_first,1,0.20388942956924438,32
6,dense_first,2,0.16593268513679504,32
6,dense_first,3,0.15161946415901184,32
6,dense_first,4,0.11725650727748871,32
6,dense_first,5,0.09095024317502975,32
6,dense_first,6,0.06302542239427567,32
6,dense_first,7,0.04797046631574631,32
6,dense_first,8,0.03840723633766174,32
6,dense_first,9,0.040444761514663696,32
6,dense_first,10,0.039429228752851486,32
6,b0_first,1,0.19462348520755768,32
6,b0_first,2,0.15665407478809357,32
6,b0_first,3,0.14183112978935242,32
6,b0_first,4,0.12836533784866333,32
6,b0_first,5,0.11078538000583649,32
6,b0_first,6,0.09299836307764053,32
6,b0_first,7,0.07936281710863113,32
6,b0_first,8,0.06459858268499374,32
6,b0_first,9,0.05508745089173317,32
6,b0_first,10,0.05403856560587883,32
6,oracle_first,1,0.016558103263378143,32
6,oracle_first,2,0.02713596448302269,32
6,oracle_first,3,0.0314127579331398,32
6,oracle_first,4,0.030028395354747772,32
6,oracle_first,5,0.031845442950725555,32
6,oracle_first,6,0.03197681903839111,32
6,oracle_first,7,0.02883291244506836,32
6,oracle_first,8,0.024980979040265083,32
6,oracle_first,9,0.023721259087324142,32
6,oracle_first,10,0.025683250278234482,32
0,dense_first,1,2.727332592010498,32
0,dense_first,2,2.2286882400512695,32
0,dense_first,3,1.9739742279052734,32
0,dense_first,4,1.8026121854782104,32
0,dense_first,5,1.6302402019500732,32
0,dense_first,6,1.4319875240325928,32
0,dense_first,7,1.397731065750122,32
0,dense_first,8,1.3448221683502197,32
0,dense_first,9,1.2493999004364014,32
0,dense_first,10,1.260948896408081,32
0,b0_first,1,1.8224561214447021,32
0,b0_first,2,1.707717776298523,32
0,b0_first,3,1.6430890560150146,32
0,b0_first,4,1.5288300514221191,32
0,b0_first,5,1.4088971614837646,32
0,b0_first,6,1.3815193176269531,32
0,b0_first,7,1.343451976776123,32
0,b0_first,8,1.3070932626724243,32
0,b0_first,9,1.254706621170044,32
0,b0_first,10,1.2470604181289673,32
0,oracle_first,1,0.33181115984916687,32
0,oracle_first,2,0.49452903866767883,32
0,oracle_first,3,0.791589617729187,32
0,oracle_first,4,0.8890479803085327,32
0,oracle_first,5,0.9692991971969604,32
0,oracle_first,6,0.9590802192687988,32
0,oracle_first,7,1.0188305377960205,32
0,oracle_first,8,1.0217962265014648,32
0,oracle_first,9,1.0038456916809082,32
0,oracle_first,10,0.9869881868362427,32
1,dense_first,1,0.9339451789855957,32
1,dense_first,2,0.7056135535240173,32
1,dense_first,3,0.48867446184158325,32
1,dense_first,4,0.3853733241558075,32
1,dense_first,5,0.3516460061073303,32
1,dense_first,6,0.33960723876953125,32
1,dense_first,7,0.3302915096282959,32
1,dense_first,8,0.3217083215713501,32
1,dense_first,9,0.31597569584846497,32
1,dense_first,10,0.3176363706588745,32
1,b0_first,1,0.4445004165172577,32
1,b0_first,2,0.3879584074020386,32
1,b0_first,3,0.35537755489349365,32
1,b0_first,4,0.3510076403617859,32
1,b0_first,5,0.3245457410812378,32
1,b0_first,6,0.3214167058467865,32
1,b0_first,7,0.3263013958930969,32
1,b0_first,8,0.32174253463745117,32
1,b0_first,9,0.30674034357070923,32
1,b0_first,10,0.30252164602279663,32
1,oracle_first,1,0.1564633697271347,32
1,oracle_first,2,0.23277658224105835,32
1,oracle_first,3,0.2245316505432129,32
1,oracle_first,4,0.22356481850147247,32
1,oracle_first,5,0.23775357007980347,32
1,oracle_first,6,0.24515187740325928,32
1,oracle_first,7,0.2600492238998413,32
1,oracle_first,8,0.25216010212898254,32
1,oracle_first,9,0.2520623803138733,32
1,oracle_first,10,0.2533312737941742,32
2,dense_first,1,2.0543856620788574,32
2,dense_first,2,1.7373384237289429,32
2,dense_first,3,1.4326636791229248,32
2,dense_first,4,1.3432599306106567,32
2,dense_first,5,1.2790484428405762,32
2,dense_first,6,1.2292231321334839,32
2,dense_first,7,1.2076442241668701,32
2,dense_first,8,1.1803033351898193,32
2,dense_first,9,1.1442055702209473,32
2,dense_first,10,1.1405283212661743,32
2,b0_first,1,1.7737066745758057,32
2,b0_first,2,1.6859424114227295,32
2,b0_first,3,1.4917387962341309,32
2,b0_first,4,1.4060412645339966,32
2,b0_first,5,1.3096743822097778,32
2,b0_first,6,1.2654882669448853,32
2,b0_first,7,1.2317928075790405,32
2,b0_first,8,1.1631830930709839,32
2,b0_first,9,1.1542574167251587,32
2,b0_first,10,1.1210498809814453,32
2,oracle_first,1,0.3399691581726074,32
2,oracle_first,2,0.53472900390625,32
2,oracle_first,3,0.7362678050994873,32
2,oracle_first,4,0.8677871227264404,32
2,oracle_first,5,0.9222345352172852,32
2,oracle_first,6,0.9673506021499634,32
2,oracle_first,7,0.9574344754219055,32
2,oracle_first,8,0.9249536991119385,32
2,oracle_first,9,0.9396387934684753,32
2,oracle_first,10,0.9643453359603882,32
3,dense_first,1,0.7251513004302979,32
3,dense_first,2,0.5108507871627808,32
3,dense_first,3,0.4018630087375641,32
3,dense_first,4,0.3145236372947693,32
3,dense_first,5,0.3236710727214813,32
3,dense_first,6,0.3058221936225891,32
3,dense_first,7,0.305374413728714,32
3,dense_first,8,0.29378220438957214,32
3,dense_first,9,0.25742098689079285,32
3,dense_first,10,0.2511727809906006,32
3,b0_first,1,0.3128030002117157,32
3,b0_first,2,0.27005070447921753,32
3,b0_first,3,0.25238311290740967,32
3,b0_first,4,0.24028939008712769,32
3,b0_first,5,0.2259300947189331,32
3,b0_first,6,0.21251153945922852,32
3,b0_first,7,0.2069120556116104,32
3,b0_first,8,0.20688942074775696,32
3,b0_first,9,0.20554061233997345,32
3,b0_first,10,0.19588610529899597,32
3,oracle_first,1,0.11261008679866791,32
3,oracle_first,2,0.1768558919429779,32
3,oracle_first,3,0.1848023682832718,32
3,oracle_first,4,0.18739598989486694,32
3,oracle_first,5,0.16744418442249298,32
3,oracle_first,6,0.16492080688476562,32
3,oracle_first,7,0.1626688539981842,32
3,oracle_first,8,0.17098300158977509,32
3,oracle_first,9,0.17401421070098877,32
3,oracle_first,10,0.17230083048343658,32
4,dense_first,1,2.472632884979248,32
4,dense_first,2,1.928248643875122,32
4,dense_first,3,1.6652722358703613,32
4,dense_first,4,1.555675983428955,32
4,dense_first,5,1.6112760305404663,32
4,dense_first,6,1.317483901977539,32
4,dense_first,7,1.2355955839157104,32
4,dense_first,8,1.1045114994049072,32
4,dense_first,9,1.1163026094436646,32
4,dense_first,10,0.9906585216522217,32
4,b0_first,1,1.122002363204956,32
4,b0_first,2,1.0786142349243164,32
4,b0_first,3,0.9919873476028442,32
4,b0_first,4,0.9489263892173767,32
4,b0_first,5,0.9129453301429749,32
4,b0_first,6,0.8625810146331787,32
4,b0_first,7,0.8520212173461914,32
4,b0_first,8,0.8573821783065796,32
4,b0_first,9,0.8561161160469055,32
4,b0_first,10,0.8429808616638184,32
4,oracle_first,1,0.32000499963760376,32
4,oracle_first,2,0.4252643585205078,32
4,oracle_first,3,0.5522470474243164,32
4,oracle_first,4,0.5692841410636902,32
4,oracle_first,5,0.7365004420280457,32
4,oracle_first,6,0.7046570777893066,32
4,oracle_first,7,0.7103294134140015,32
4,oracle_first,8,0.7088008522987366,32
4,oracle_first,9,0.7292864918708801,32
4,oracle_first,10,0.7285805940628052,32
5,dense_first,1,0.5306940078735352,32
5,dense_first,2,0.3970611095428467,32
5,dense_first,3,0.3521040081977844,32
5,dense_first,4,0.3029724955558777,32
5,dense_first,5,0.27913570404052734,32
5,dense_first,6,0.2747093439102173,32
5,dense_first,7,0.2831908166408539,32
5,dense_first,8,0.28072017431259155,32
5,dense_first,9,0.267342746257782,32
5,dense_first,10,0.25857996940612793,32
5,b0_first,1,0.39581000804901123,32
5,b0_first,2,0.37624508142471313,32
5,b0_first,3,0.3658217191696167,32
5,b0_first,4,0.35069894790649414,32
5,b0_first,5,0.33732131123542786,32
5,b0_first,6,0.3261648416519165,32
5,b0_first,7,0.3222835958003998,32
5,b0_first,8,0.32094860076904297,32
5,b0_first,9,0.3163299560546875,32
5,b0_first,10,0.30364614725112915,32
5,oracle_first,1,0.10063740611076355,32
5,oracle_first,2,0.15532538294792175,32
5,oracle_first,3,0.1485893875360489,32
5,oracle_first,4,0.15104281902313232,32
5,oracle_first,5,0.15511083602905273,32
5,oracle_first,6,0.15234294533729553,32
5,oracle_first,7,0.15773844718933105,32
5,oracle_first,8,0.16963642835617065,32
5,oracle_first,9,0.17554038763046265,32
5,oracle_first,10,0.1763099730014801,32
6,dense_first,1,0.2115224003791809,32
6,dense_first,2,0.1818491518497467,32
6,dense_first,3,0.16847185790538788,32
6,dense_first,4,0.1310560256242752,32
6,dense_first,5,0.10459408909082413,32
6,dense_first,6,0.08054026961326599,32
6,dense_first,7,0.06901837140321732,32
6,dense_first,8,0.054821230471134186,32
6,dense_first,9,0.04832104220986366,32
6,dense_first,10,0.047309089452028275,32
6,b0_first,1,0.18880069255828857,32
6,b0_first,2,0.15056554973125458,32
6,b0_first,3,0.11958807706832886,32
6,b0_first,4,0.09908238798379898,32
6,b0_first,5,0.08723819255828857,32
6,b0_first,6,0.075629822909832,32
6,b0_first,7,0.059568122029304504,32
6,b0_first,8,0.04868539795279503,32
6,b0_first,9,0.047309182584285736,32
6,b0_first,10,0.04370370879769325,32
6,oracle_first,1,0.015537080354988575,32
6,oracle_first,2,0.019378695636987686,32
6,oracle_first,3,0.02461043931543827,32
6,oracle_first,4,0.029283562675118446,32
6,oracle_first,5,0.03082413412630558,32
6,oracle_first,6,0.03107469528913498,32
6,oracle_first,7,0.027574572712183,32
6,oracle_first,8,0.023466885089874268,32
6,oracle_first,9,0.022666798904538155,32
6,oracle_first,10,0.02100006490945816,32
0,dense_first,1,1.1656789779663086,32
0,dense_first,2,1.0076262950897217,32
0,dense_first,3,0.8204529881477356,32
0,dense_first,4,0.7332828044891357,32
0,dense_first,5,0.7165378332138062,32
0,dense_first,6,0.7369205951690674,32
0,dense_first,7,0.741599440574646,32
0,dense_first,8,0.7373785376548767,32
0,dense_first,9,0.7221115231513977,32
0,dense_first,10,0.6927456855773926,32
0,b0_first,1,1.1348899602890015,32
0,b0_first,2,1.0361912250518799,32
0,b0_first,3,0.9168030023574829,32
0,b0_first,4,0.8367561101913452,32
0,b0_first,5,0.7749772071838379,32
0,b0_first,6,0.7603222131729126,32
0,b0_first,7,0.7276180982589722,32
0,b0_first,8,0.7298778295516968,32
0,b0_first,9,0.7187288403511047,32
0,b0_first,10,0.6969385147094727,32
0,oracle_first,1,0.36322021484375,32
0,oracle_first,2,0.44319814443588257,32
0,oracle_first,3,0.5414161086082458,32
0,oracle_first,4,0.5891321301460266,32
0,oracle_first,5,0.6019665598869324,32
0,oracle_first,6,0.6093772649765015,32
0,oracle_first,7,0.6296868324279785,32
0,oracle_first,8,0.6137654781341553,32
0,oracle_first,9,0.6150941848754883,32
0,oracle_first,10,0.6258641481399536,32
1,dense_first,1,0.5764620900154114,32
1,dense_first,2,0.41974911093711853,32
1,dense_first,3,0.362712562084198,32
1,dense_first,4,0.3500172793865204,32
1,dense_first,5,0.29859691858291626,32
1,dense_first,6,0.2744746208190918,32
1,dense_first,7,0.25576311349868774,32
1,dense_first,8,0.24610166251659393,32
1,dense_first,9,0.24248075485229492,32
1,dense_first,10,0.24169811606407166,32
1,b0_first,1,0.3665057420730591,32
1,b0_first,2,0.3207867741584778,32
1,b0_first,3,0.2943977117538452,32
1,b0_first,4,0.2836478352546692,32
1,b0_first,5,0.27727600932121277,32
1,b0_first,6,0.26828625798225403,32
1,b0_first,7,0.25758543610572815,32
1,b0_first,8,0.2418898493051529,32
1,b0_first,9,0.2376181036233902,32
1,b0_first,10,0.23559251427650452,32
1,oracle_first,1,0.12946859002113342,32
1,oracle_first,2,0.16132351756095886,32
1,oracle_first,3,0.16995316743850708,32
1,oracle_first,4,0.17791008949279785,32
1,oracle_first,5,0.17893266677856445,32
1,oracle_first,6,0.18559639155864716,32
1,oracle_first,7,0.19615569710731506,32
1,oracle_first,8,0.18188175559043884,32
1,oracle_first,9,0.19184091687202454,32
1,oracle_first,10,0.19700905680656433,32
2,dense_first,1,1.250084638595581,32
2,dense_first,2,1.1464173793792725,32
2,dense_first,3,0.9175275564193726,32
2,dense_first,4,0.8366466760635376,32
2,dense_first,5,0.7967039346694946,32
2,dense_first,6,0.7350894212722778,32
2,dense_first,7,0.686011791229248,32
2,dense_first,8,0.6620211601257324,32
2,dense_first,9,0.6521087884902954,32
2,dense_first,10,0.6484991908073425,32
2,b0_first,1,1.0866212844848633,32
2,b0_first,2,0.9684996604919434,32
2,b0_first,3,0.8705134391784668,32
2,b0_first,4,0.7952481508255005,32
2,b0_first,5,0.7938422560691833,32
2,b0_first,6,0.7549174427986145,32
2,b0_first,7,0.7323781251907349,32
2,b0_first,8,0.6835590600967407,32
2,b0_first,9,0.6653275489807129,32
2,b0_first,10,0.647343635559082,32
2,oracle_first,1,0.36285948753356934,32
2,oracle_first,2,0.5454000234603882,32
2,oracle_first,3,0.5978031158447266,32
2,oracle_first,4,0.6522295475006104,32
2,oracle_first,5,0.6651102304458618,32
2,oracle_first,6,0.6383122801780701,32
2,oracle_first,7,0.6311049461364746,32
2,oracle_first,8,0.6083422303199768,32
2,oracle_first,9,0.5914413928985596,32
2,oracle_first,10,0.5910816192626953,32
3,dense_first,1,0.5480469465255737,32
3,dense_first,2,0.3674781620502472,32
3,dense_first,3,0.34483712911605835,32
3,dense_first,4,0.27194660902023315,32
3,dense_first,5,0.23491407930850983,32
3,dense_first,6,0.21091978251934052,32
3,dense_first,7,0.20010332763195038,32
3,dense_first,8,0.1979527324438095,32
3,dense_first,9,0.19530680775642395,32
3,dense_first,10,0.185370534658432,32
3,b0_first,1,0.27231115102767944,32
3,b0_first,2,0.25541073083877563,32
3,b0_first,3,0.2295967936515808,32
3,b0_first,4,0.21792690455913544,32
3,b0_first,5,0.21091850101947784,32
3,b0_first,6,0.19467511773109436,32
3,b0_first,7,0.1845725178718567,32
3,b0_first,8,0.17973625659942627,32
3,b0_first,9,0.17811688780784607,32
3,b0_first,10,0.17772254347801208,32
3,oracle_first,1,0.09877414256334305,32
3,oracle_first,2,0.16432712972164154,32
3,oracle_first,3,0.1675061583518982,32
3,oracle_first,4,0.1771540641784668,32
3,oracle_first,5,0.1820298731327057,32
3,oracle_first,6,0.17975614964962006,32
3,oracle_first,7,0.16231432557106018,32
3,oracle_first,8,0.16211983561515808,32
3,oracle_first,9,0.16156655550003052,32
3,oracle_first,10,0.16192829608917236,32
4,dense_first,1,1.9925382137298584,32
4,dense_first,2,1.8076975345611572,32
4,dense_first,3,1.3620736598968506,32
4,dense_first,4,1.062943458557129,32
4,dense_first,5,0.9384320974349976,32
4,dense_first,6,0.9179846048355103,32
4,dense_first,7,0.8693830966949463,32
4,dense_first,8,0.8337701559066772,32
4,dense_first,9,0.7940520644187927,32
4,dense_first,10,0.7955474853515625,32
4,b0_first,1,1.3288805484771729,32
4,b0_first,2,1.3111658096313477,32
4,b0_first,3,1.1967508792877197,32
4,b0_first,4,1.1383284330368042,32
4,b0_first,5,1.071712613105774,32
4,b0_first,6,1.0183331966400146,32
4,b0_first,7,0.9413224458694458,32
4,b0_first,8,0.9140370488166809,32
4,b0_first,9,0.8975775241851807,32
4,b0_first,10,0.8549246788024902,32
4,oracle_first,1,0.23332713544368744,32
4,oracle_first,2,0.32173335552215576,32
4,oracle_first,3,0.4103698134422302,32
4,oracle_first,4,0.4882754385471344,32
4,oracle_first,5,0.5528768301010132,32
4,oracle_first,6,0.5859633684158325,32
4,oracle_first,7,0.6148828268051147,32
4,oracle_first,8,0.6280086040496826,32
4,oracle_first,9,0.6241824626922607,32
4,oracle_first,10,0.6121792793273926,32
5,dense_first,1,0.41262519359588623,32
5,dense_first,2,0.3355415165424347,32
5,dense_first,3,0.2799045145511627,32
5,dense_first,4,0.2929607629776001,32
5,dense_first,5,0.2685995101928711,32
5,dense_first,6,0.2566717267036438,32
5,dense_first,7,0.24486376345157623,32
5,dense_first,8,0.23342224955558777,32
5,dense_first,9,0.2085016667842865,32
5,dense_first,10,0.20062658190727234,32
5,b0_first,1,0.2168215662240982,32
5,b0_first,2,0.1928287148475647,32
5,b0_first,3,0.18820558488368988,32
5,b0_first,4,0.1823541522026062,32
5,b0_first,5,0.17689131200313568,32
5,b0_first,6,0.17431390285491943,32
5,b0_first,7,0.1680196076631546,32
5,b0_first,8,0.16119012236595154,32
5,b0_first,9,0.1577821671962738,32
5,b0_first,10,0.15634331107139587,32
5,oracle_first,1,0.08109097182750702,32
5,oracle_first,2,0.11223132908344269,32
5,oracle_first,3,0.11681023240089417,32
5,oracle_first,4,0.11597301810979843,32
5,oracle_first,5,0.11948002874851227,32
5,oracle_first,6,0.1229078620672226,32
5,oracle_first,7,0.12142230570316315,32
5,oracle_first,8,0.12037841975688934,32
5,oracle_first,9,0.12217611074447632,32
5,oracle_first,10,0.12317972630262375,32
6,dense_first,1,0.22217053174972534,32
6,dense_first,2,0.18959073722362518,32
6,dense_first,3,0.17264345288276672,32
6,dense_first,4,0.1352950930595398,32
6,dense_first,5,0.11457056552171707,32
6,dense_first,6,0.0964665412902832,32
6,dense_first,7,0.08171962201595306,32
6,dense_first,8,0.06844747066497803,32
6,dense_first,9,0.06165282055735588,32
6,dense_first,10,0.05973014980554581,32
6,b0_first,1,0.2121041864156723,32
6,b0_first,2,0.16689446568489075,32
6,b0_first,3,0.13794514536857605,32
6,b0_first,4,0.12489764392375946,32
6,b0_first,5,0.11327625066041946,32
6,b0_first,6,0.09596703946590424,32
6,b0_first,7,0.07837079465389252,32
6,b0_first,8,0.07304149866104126,32
6,b0_first,9,0.06834065169095993,32
6,b0_first,10,0.06359992921352386,32
6,oracle_first,1,0.019453028216958046,32
6,oracle_first,2,0.032468050718307495,32
6,oracle_first,3,0.032928019762039185,32
6,oracle_first,4,0.0370691642165184,32
6,oracle_first,5,0.036630090326070786,32
6,oracle_first,6,0.03688264638185501,32
6,oracle_first,7,0.0377638004720211,32
6,oracle_first,8,0.035527706146240234,32
6,oracle_first,9,0.036222174763679504,32
6,oracle_first,10,0.03717556223273277,32
0,dense_first,1,1.0975794792175293,32
0,dense_first,2,0.978206217288971,32
0,dense_first,3,0.8717459440231323,32
0,dense_first,4,0.8137240409851074,32
0,dense_first,5,0.8242664337158203,32
0,dense_first,6,0.8347619771957397,32
0,dense_first,7,0.8270307779312134,32
0,dense_first,8,0.8112287521362305,32
0,dense_first,9,0.815848708152771,32
0,dense_first,10,0.821578860282898,32
0,b0_first,1,1.0356698036193848,32
0,b0_first,2,0.9665568470954895,32
0,b0_first,3,0.8975675702095032,32
0,b0_first,4,0.8109787702560425,32
0,b0_first,5,0.7744322419166565,32
0,b0_first,6,0.7732557654380798,32
0,b0_first,7,0.7855387926101685,32
0,b0_first,8,0.7692734003067017,32
0,b0_first,9,0.7628717422485352,32
0,b0_first,10,0.7640252709388733,32
0,oracle_first,1,0.4431917369365692,32
0,oracle_first,2,0.5114156007766724,32
0,oracle_first,3,0.5859381556510925,32
0,oracle_first,4,0.6283944845199585,32
0,oracle_first,5,0.6585644483566284,32
0,oracle_first,6,0.6891302466392517,32
0,oracle_first,7,0.6935945749282837,32
0,oracle_first,8,0.6932703256607056,32
0,oracle_first,9,0.69395911693573,32
0,oracle_first,10,0.7082746624946594,32
1,dense_first,1,0.5702946782112122,32
1,dense_first,2,0.4910256266593933,32
1,dense_first,3,0.485404908657074,32
1,dense_first,4,0.4311321973800659,32
1,dense_first,5,0.41367921233177185,32
1,dense_first,6,0.449947714805603,32
1,dense_first,7,0.4405164122581482,32
1,dense_first,8,0.4276697635650635,32
1,dense_first,9,0.42046162486076355,32
1,dense_first,10,0.4069032073020935,32
1,b0_first,1,0.376410573720932,32
1,b0_first,2,0.35081660747528076,32
1,b0_first,3,0.3300091624259949,32
1,b0_first,4,0.3226526081562042,32
1,b0_first,5,0.31448185443878174,32
1,b0_first,6,0.30766767263412476,32
1,b0_first,7,0.30176305770874023,32
1,b0_first,8,0.3001106381416321,32
1,b0_first,9,0.2876962721347809,32
1,b0_first,10,0.28519564867019653,32
1,oracle_first,1,0.16545067727565765,32
1,oracle_first,2,0.19845600426197052,32
1,oracle_first,3,0.2286873608827591,32
1,oracle_first,4,0.2256438285112381,32
1,oracle_first,5,0.2211836874485016,32
1,oracle_first,6,0.22105056047439575,32
1,oracle_first,7,0.22162559628486633,32
1,oracle_first,8,0.23415479063987732,32
1,oracle_first,9,0.2280886173248291,32
1,oracle_first,10,0.23355655372142792,32
2,dense_first,1,1.3296482563018799,32
2,dense_first,2,1.150707721710205,32
2,dense_first,3,1.0185997486114502,32
2,dense_first,4,0.8837189674377441,32
2,dense_first,5,0.8643001317977905,32
2,dense_first,6,0.8267390131950378,32
2,dense_first,7,0.8258102536201477,32
2,dense_first,8,0.8143348693847656,32
2,dense_first,9,0.8154242634773254,32
2,dense_first,10,0.8093547821044922,32
2,b0_first,1,0.9852379560470581,32
2,b0_first,2,0.9492645859718323,32
2,b0_first,3,0.8762520551681519,32
2,b0_first,4,0.8102257251739502,32
2,b0_first,5,0.7895463705062866,32
2,b0_first,6,0.7821928262710571,32
2,b0_first,7,0.7568200826644897,32
2,b0_first,8,0.7586477994918823,32
2,b0_first,9,0.7619419097900391,32
2,b0_first,10,0.7636261582374573,32
2,oracle_first,1,0.41645097732543945,32
2,oracle_first,2,0.4767339527606964,32
2,oracle_first,3,0.6242578029632568,32
2,oracle_first,4,0.68232661485672,32
2,oracle_first,5,0.7177796363830566,32
2,oracle_first,6,0.7193314433097839,32
2,oracle_first,7,0.7115552425384521,32
2,oracle_first,8,0.7161074280738831,32
2,oracle_first,9,0.7145373225212097,32
2,oracle_first,10,0.7271653413772583,32
3,dense_first,1,0.4312080144882202,32
3,dense_first,2,0.43273138999938965,32
3,dense_first,3,0.3391787111759186,32
3,dense_first,4,0.30933207273483276,32
3,dense_first,5,0.26812511682510376,32
3,dense_first,6,0.2542259693145752,32
3,dense_first,7,0.28504112362861633,32
3,dense_first,8,0.282428503036499,32
3,dense_first,9,0.2799108624458313,32
3,dense_first,10,0.2672904133796692,32
3,b0_first,1,0.3229185938835144,32
3,b0_first,2,0.28981900215148926,32
3,b0_first,3,0.2761189639568329,32
3,b0_first,4,0.26020246744155884,32
3,b0_first,5,0.24051064252853394,32
3,b0_first,6,0.2268570363521576,32
3,b0_first,7,0.22228364646434784,32
3,b0_first,8,0.22033587098121643,32
3,b0_first,9,0.21758922934532166,32
3,b0_first,10,0.2127784788608551,32
3,oracle_first,1,0.12005174160003662,32
3,oracle_first,2,0.1391570270061493,32
3,oracle_first,3,0.14747923612594604,32
3,oracle_first,4,0.1517915427684784,32
3,oracle_first,5,0.1501457244157791,32
3,oracle_first,6,0.14899465441703796,32
3,oracle_first,7,0.15137548744678497,32
3,oracle_first,8,0.15230607986450195,32
3,oracle_first,9,0.15455672144889832,32
3,oracle_first,10,0.15506505966186523,32
4,dense_first,1,1.8334044218063354,32
4,dense_first,2,1.218567132949829,32
4,dense_first,3,1.1069152355194092,32
4,dense_first,4,0.9930213689804077,32
4,dense_first,5,0.9061885476112366,32
4,dense_first,6,0.8767815828323364,32
4,dense_first,7,0.8224749565124512,32
4,dense_first,8,0.7702891826629639,32
4,dense_first,9,0.7414662837982178,32
4,dense_first,10,0.7473219633102417,32
4,b0_first,1,1.1299240589141846,32
4,b0_first,2,1.090648889541626,32
4,b0_first,3,1.0131984949111938,32
4,b0_first,4,0.93635493516922,32
4,b0_first,5,0.8926841020584106,32
4,b0_first,6,0.8431113958358765,32
4,b0_first,7,0.8088866472244263,32
4,b0_first,8,0.7792270183563232,32
4,b0_first,9,0.7366830110549927,32
4,b0_first,10,0.715137243270874,32
4,oracle_first,1,0.1928158849477768,32
4,oracle_first,2,0.25114721059799194,32
4,oracle_first,3,0.3186081051826477,32
4,oracle_first,4,0.4458867013454437,32
4,oracle_first,5,0.4957626461982727,32
4,oracle_first,6,0.5596561431884766,32
4,oracle_first,7,0.5576009750366211,32
4,oracle_first,8,0.5587037205696106,32
4,oracle_first,9,0.5749313831329346,32
4,oracle_first,10,0.5612751841545105,32
5,dense_first,1,0.4282204508781433,32
5,dense_first,2,0.24585898220539093,32
5,dense_first,3,0.20157326757907867,32
5,dense_first,4,0.18154257535934448,32
5,dense_first,5,0.16562512516975403,32
5,dense_first,6,0.15788668394088745,32
5,dense_first,7,0.16750268638134003,32
5,dense_first,8,0.16353604197502136,32
5,dense_first,9,0.1574709713459015,32
5,dense_first,10,0.15277233719825745,32
5,b0_first,1,0.23597514629364014,32
5,b0_first,2,0.21091324090957642,32
5,b0_first,3,0.19053857028484344,32
5,b0_first,4,0.17930470407009125,32
5,b0_first,5,0.16880056262016296,32
5,b0_first,6,0.16254542768001556,32
5,b0_first,7,0.15311166644096375,32
5,b0_first,8,0.15161603689193726,32
5,b0_first,9,0.15134337544441223,32
5,b0_first,10,0.1499653160572052,32
5,oracle_first,1,0.0818781927227974,32
5,oracle_first,2,0.15664714574813843,32
5,oracle_first,3,0.13092243671417236,32
5,oracle_first,4,0.1357109248638153,32
5,oracle_first,5,0.1306290626525879,32
5,oracle_first,6,0.12567324936389923,32
5,oracle_first,7,0.12235486507415771,32
5,oracle_first,8,0.12140808999538422,32
5,oracle_first,9,0.13587592542171478,32
5,oracle_first,10,0.1324249804019928,32
6,dense_first,1,0.18985284864902496,32
6,dense_first,2,0.1262342631816864,32
6,dense_first,3,0.09723011404275894,32
6,dense_first,4,0.08829253911972046,32
6,dense_first,5,0.07610645145177841,32
6,dense_first,6,0.07429569214582443,32
6,dense_first,7,0.06718060374259949,32
6,dense_first,8,0.06600602716207504,32
6,dense_first,9,0.06293757259845734,32
6,dense_first,10,0.0630703866481781,32
6,b0_first,1,0.1216139867901802,32
6,b0_first,2,0.09689803421497345,32
6,b0_first,3,0.08380480110645294,32
6,b0_first,4,0.07954651117324829,32
6,b0_first,5,0.08092398941516876,32
6,b0_first,6,0.07232077419757843,32
6,b0_first,7,0.07131299376487732,32
6,b0_first,8,0.06407155841588974,32
6,b0_first,9,0.0622636079788208,32
6,b0_first,10,0.059859875589609146,32
6,oracle_first,1,0.016551366075873375,32
6,oracle_first,2,0.04090510308742523,32
6,oracle_first,3,0.04430414363741875,32
6,oracle_first,4,0.04535604640841484,32
6,oracle_first,5,0.046557068824768066,32
6,oracle_first,6,0.0462767519056797,32
6,oracle_first,7,0.05328083783388138,32
6,oracle_first,8,0.05020248144865036,32
6,oracle_first,9,0.05032900348305702,32
6,oracle_first,10,0.04888365417718887,32
0,dense_first,1,1.1814823150634766,32
0,dense_first,2,0.8490793704986572,32
0,dense_first,3,0.7613192796707153,32
0,dense_first,4,0.7222098112106323,32
0,dense_first,5,0.6970958709716797,32
0,dense_first,6,0.6657189726829529,32
0,dense_first,7,0.621830940246582,32
0,dense_first,8,0.6183447241783142,32
0,dense_first,9,0.6019299030303955,32
0,dense_first,10,0.6029167175292969,32
0,b0_first,1,1.1323857307434082,32
0,b0_first,2,1.0226161479949951,32
0,b0_first,3,0.9108340740203857,32
0,b0_first,4,0.8103522062301636,32
0,b0_first,5,0.7556887865066528,32
0,b0_first,6,0.7227315902709961,32
0,b0_first,7,0.7051323652267456,32
0,b0_first,8,0.6515080332756042,32
0,b0_first,9,0.6309912204742432,32
0,b0_first,10,0.6283905506134033,32
0,oracle_first,1,0.3495863080024719,32
0,oracle_first,2,0.45150065422058105,32
0,oracle_first,3,0.5268920660018921,32
0,oracle_first,4,0.5387750864028931,32
0,oracle_first,5,0.5772438645362854,32
0,oracle_first,6,0.5734038352966309,32
0,oracle_first,7,0.5588610172271729,32
0,oracle_first,8,0.5261212587356567,32
0,oracle_first,9,0.5460855960845947,32
0,oracle_first,10,0.5560176372528076,32
1,dense_first,1,0.621364951133728,32
1,dense_first,2,0.603303074836731,32
1,dense_first,3,0.5833584070205688,32
1,dense_first,4,0.5085747838020325,32
1,dense_first,5,0.4886626899242401,32
1,dense_first,6,0.49078047275543213,32
1,dense_first,7,0.49328696727752686,32
1,dense_first,8,0.4813312888145447,32
1,dense_first,9,0.4764021933078766,32
1,dense_first,10,0.46692442893981934,32
1,b0_first,1,0.4217706620693207,32
1,b0_first,2,0.38706904649734497,32
1,b0_first,3,0.3800053596496582,32
1,b0_first,4,0.3705560266971588,32
1,b0_first,5,0.3523252010345459,32
1,b0_first,6,0.34472209215164185,32
1,b0_first,7,0.33833837509155273,32
1,b0_first,8,0.3339979648590088,32
1,b0_first,9,0.33051782846450806,32
1,b0_first,10,0.32716482877731323,32
1,oracle_first,1,0.17710474133491516,32
1,oracle_first,2,0.23289154469966888,32
1,oracle_first,3,0.22944457828998566,32
1,oracle_first,4,0.24634315073490143,32
1,oracle_first,5,0.2641821503639221,32
1,oracle_first,6,0.26196369528770447,32
1,oracle_first,7,0.26987290382385254,32
1,oracle_first,8,0.2557678520679474,32
1,oracle_first,9,0.25893980264663696,32
1,oracle_first,10,0.24814477562904358,32
2,dense_first,1,1.125952959060669,32
2,dense_first,2,0.8683346509933472,32
2,dense_first,3,0.7793212532997131,32
2,dense_first,4,0.7294137477874756,32
2,dense_first,5,0.6625972986221313,32
2,dense_first,6,0.6547384262084961,32
2,dense_first,7,0.6118731498718262,32
2,dense_first,8,0.5610471367835999,32
2,dense_first,9,0.547673761844635,32
2,dense_first,10,0.5492022037506104,32
2,b0_first,1,1.1021472215652466,32
2,b0_first,2,0.997451901435852,32
2,b0_first,3,0.8593944311141968,32
2,b0_first,4,0.7637736797332764,32
2,b0_first,5,0.7036238312721252,32
2,b0_first,6,0.6765007972717285,32
2,b0_first,7,0.6636929512023926,32
2,b0_first,8,0.608073353767395,32
2,b0_first,9,0.5930917263031006,32
2,b0_first,10,0.6003038883209229,32
2,oracle_first,1,0.3051116466522217,32
2,oracle_first,2,0.4483983516693115,32
2,oracle_first,3,0.5239750146865845,32
2,oracle_first,4,0.5221729278564453,32
2,oracle_first,5,0.5513272285461426,32
2,oracle_first,6,0.5427634119987488,32
2,oracle_first,7,0.5227093696594238,32
2,oracle_first,8,0.5164035558700562,32
2,oracle_first,9,0.4957974851131439,32
2,oracle_first,10,0.5017149448394775,32
3,dense_first,1,0.6663720607757568,32
3,dense_first,2,0.4768579304218292,32
3,dense_first,3,0.43080711364746094,32
3,dense_first,4,0.34800153970718384,32
3,dense_first,5,0.3409125804901123,32
3,dense_first,6,0.32510507106781006,32
3,dense_first,7,0.3226400911808014,32
3,dense_first,8,0.3093710243701935,32
3,dense_first,9,0.2988384962081909,32
3,dense_first,10,0.2902734875679016,32
3,b0_first,1,0.3358317017555237,32
3,b0_first,2,0.31473487615585327,32
3,b0_first,3,0.2978185713291168,32
3,b0_first,4,0.28060561418533325,32
3,b0_first,5,0.2684791684150696,32
3,b0_first,6,0.2643372416496277,32
3,b0_first,7,0.259746253490448,32
3,b0_first,8,0.25677695870399475,32
3,b0_first,9,0.25302553176879883,32
3,b0_first,10,0.2473500519990921,32
3,oracle_first,1,0.13818901777267456,32
3,oracle_first,2,0.18020124733448029,32
3,oracle_first,3,0.1888379454612732,32
3,oracle_first,4,0.18782809376716614,32
3,oracle_first,5,0.18449291586875916,32
3,oracle_first,6,0.18316730856895447,32
3,oracle_first,7,0.18594862520694733,32
3,oracle_first,8,0.18550080060958862,32
3,oracle_first,9,0.1903662234544754,32
3,oracle_first,10,0.190397709608078,32
4,dense_first,1,2.0385994911193848,32
4,dense_first,2,1.4772650003433228,32
4,dense_first,3,1.268846035003662,32
4,dense_first,4,1.1031949520111084,32
4,dense_first,5,1.0483335256576538,32
4,dense_first,6,1.0682361125946045,32
4,dense_first,7,1.0019097328186035,32
4,dense_first,8,0.9602857828140259,32
4,dense_first,9,0.9502649903297424,32
4,dense_first,10,0.9419566988945007,32
4,b0_first,1,1.3702338933944702,32
4,b0_first,2,1.307939052581787,32
4,b0_first,3,1.238673210144043,32
4,b0_first,4,1.169912338256836,32
4,b0_first,5,1.1286132335662842,32
4,b0_first,6,1.0776492357254028,32
4,b0_first,7,1.0628854036331177,32
4,b0_first,8,1.0465646982192993,32
4,b0_first,9,1.0150079727172852,32
4,b0_first,10,0.9983512163162231,32
4,oracle_first,1,0.15313437581062317,32
4,oracle_first,2,0.26003342866897583,32
4,oracle_first,3,0.45992428064346313,32
4,oracle_first,4,0.5531004667282104,32
4,oracle_first,5,0.6245508193969727,32
4,oracle_first,6,0.6606681942939758,32
4,oracle_first,7,0.730482280254364,32
4,oracle_first,8,0.7427851557731628,32
4,oracle_first,9,0.7416830658912659,32
4,oracle_first,10,0.7738754749298096,32
5,dense_first,1,0.4622381627559662,32
5,dense_first,2,0.35191038250923157,32
5,dense_first,3,0.30243295431137085,32
5,dense_first,4,0.2893567979335785,32
5,dense_first,5,0.27689510583877563,32
5,dense_first,6,0.2552419602870941,32
5,dense_first,7,0.2665996849536896,32
5,dense_first,8,0.26748934388160706,32
5,dense_first,9,0.28395572304725647,32
5,dense_first,10,0.27587324380874634,32
5,b0_first,1,0.41122332215309143,32
5,b0_first,2,0.36743173003196716,32
5,b0_first,3,0.3450825810432434,32
5,b0_first,4,0.3434773087501526,32
5,b0_first,5,0.3362440764904022,32
5,b0_first,6,0.32899510860443115,32
5,b0_first,7,0.31182798743247986,32
5,b0_first,8,0.3089197278022766,32
5,b0_first,9,0.3070925772190094,32
5,b0_first,10,0.3063654899597168,32
5,oracle_first,1,0.08944840729236603,32
5,oracle_first,2,0.1387535035610199,32
5,oracle_first,3,0.1514706313610077,32
5,oracle_first,4,0.15670137107372284,32
5,oracle_first,5,0.16974188387393951,32
5,oracle_first,6,0.17004704475402832,32
5,oracle_first,7,0.1711301952600479,32
5,oracle_first,8,0.1859891712665558,32
5,oracle_first,9,0.1865367293357849,32
5,oracle_first,10,0.18275022506713867,32
6,dense_first,1,0.1798636019229889,32
6,dense_first,2,0.1151408925652504,32
6,dense_first,3,0.09749758243560791,32
6,dense_first,4,0.08227488398551941,32
6,dense_first,5,0.07565438747406006,32
6,dense_first,6,0.07198623567819595,32
6,dense_first,7,0.06606541574001312,32
6,dense_first,8,0.061057768762111664,32
6,dense_first,9,0.05851369351148605,32
6,dense_first,10,0.06326711177825928,32
6,b0_first,1,0.11387494206428528,32
6,b0_first,2,0.09531708061695099,32
6,b0_first,3,0.08657567203044891,32
6,b0_first,4,0.07741844654083252,32
6,b0_first,5,0.07066331803798676,32
6,b0_first,6,0.06781959533691406,32
6,b0_first,7,0.07081949710845947,32
6,b0_first,8,0.06501573324203491,32
6,b0_first,9,0.06277810782194138,32
6,b0_first,10,0.06295417249202728,32
6,oracle_first,1,0.019358713179826736,32
6,oracle_first,2,0.044883035123348236,32
6,oracle_first,3,0.048954226076602936,32
6,oracle_first,4,0.04394780844449997,32
6,oracle_first,5,0.04056200012564659,32
6,oracle_first,6,0.04235769435763359,32
6,oracle_first,7,0.04809277877211571,32
6,oracle_first,8,0.04294755309820175,32
6,oracle_first,9,0.0443681925535202,32
6,oracle_first,10,0.045225273817777634,32
0,dense_first,1,1.2511796951293945,32
0,dense_first,2,1.215340256690979,32
0,dense_first,3,1.0317702293395996,32
0,dense_first,4,0.917915940284729,32
0,dense_first,5,0.852554976940155,32
0,dense_first,6,0.8227301836013794,32
0,dense_first,7,0.7542957067489624,32
0,dense_first,8,0.7484289407730103,32
0,dense_first,9,0.7264773845672607,32
0,dense_first,10,0.6989606022834778,32
0,b0_first,1,1.0171468257904053,32
0,b0_first,2,0.970178484916687,32
0,b0_first,3,0.8934445381164551,32
0,b0_first,4,0.8537421822547913,32
0,b0_first,5,0.8009798526763916,32
0,b0_first,6,0.7624620795249939,32
0,b0_first,7,0.7276961803436279,32
0,b0_first,8,0.7267552614212036,32
0,b0_first,9,0.7154942750930786,32
0,b0_first,10,0.7008302211761475,32
0,oracle_first,1,0.27764031291007996,32
0,oracle_first,2,0.30854159593582153,32
0,oracle_first,3,0.5261969566345215,32
0,oracle_first,4,0.5343246459960938,32
0,oracle_first,5,0.5520539283752441,32
0,oracle_first,6,0.5617347359657288,32
0,oracle_first,7,0.5615760087966919,32
0,oracle_first,8,0.5912657976150513,32
0,oracle_first,9,0.5781413316726685,32
0,oracle_first,10,0.5751996636390686,32
1,dense_first,1,0.8476117849349976,32
1,dense_first,2,0.8336794376373291,32
1,dense_first,3,0.6830007433891296,32
1,dense_first,4,0.5383964776992798,32
1,dense_first,5,0.4194534718990326,32
1,dense_first,6,0.3681188225746155,32
1,dense_first,7,0.357418417930603,32
1,dense_first,8,0.34142452478408813,32
1,dense_first,9,0.3668390214443207,32
1,dense_first,10,0.3465985655784607,32
1,b0_first,1,0.3600981831550598,32
1,b0_first,2,0.3299598693847656,32
1,b0_first,3,0.3113080859184265,32
1,b0_first,4,0.29418981075286865,32
1,b0_first,5,0.27587151527404785,32
1,b0_first,6,0.2687552273273468,32
1,b0_first,7,0.26338574290275574,32
1,b0_first,8,0.2527528703212738,32
1,b0_first,9,0.24908259510993958,32
1,b0_first,10,0.245232492685318,32
1,oracle_first,1,0.15092498064041138,32
1,oracle_first,2,0.18564948439598083,32
1,oracle_first,3,0.19014930725097656,32
1,oracle_first,4,0.18246465921401978,32
1,oracle_first,5,0.18050998449325562,32
1,oracle_first,6,0.17838095128536224,32
1,oracle_first,7,0.1812254935503006,32
1,oracle_first,8,0.18187230825424194,32
1,oracle_first,9,0.18015876412391663,32
1,oracle_first,10,0.1839476376771927,32
2,dense_first,1,1.2455310821533203,32
2,dense_first,2,1.1507132053375244,32
2,dense_first,3,0.989897608757019,32
2,dense_first,4,0.8548409342765808,32
2,dense_first,5,0.8049433827400208,32
2,dense_first,6,0.792461633682251,32
2,dense_first,7,0.7486426830291748,32
2,dense_first,8,0.7503244280815125,32
2,dense_first,9,0.7216871976852417,32
2,dense_first,10,0.695406436920166,32
2,b0_first,1,1.0141113996505737,32
2,b0_first,2,0.948674201965332,32
2,b0_first,3,0.8727319836616516,32
2,b0_first,4,0.7852356433868408,32
2,b0_first,5,0.742032527923584,32
2,b0_first,6,0.7261354327201843,32
2,b0_first,7,0.7180722951889038,32
2,b0_first,8,0.7062388062477112,32
2,b0_first,9,0.687063455581665,32
2,b0_first,10,0.679751992225647,32
2,oracle_first,1,0.2528002858161926,32
2,oracle_first,2,0.30533352494239807,32
2,oracle_first,3,0.485114187002182,32
2,oracle_first,4,0.4844064712524414,32
2,oracle_first,5,0.5277083516120911,32
2,oracle_first,6,0.5463699102401733,32
2,oracle_first,7,0.5617635250091553,32
2,oracle_first,8,0.5633793473243713,32
2,oracle_first,9,0.5691900253295898,32
2,oracle_first,10,0.5731866359710693,32
3,dense_first,1,0.7522059082984924,32
3,dense_first,2,0.592674970626831,32
3,dense_first,3,0.4402971863746643,32
3,dense_first,4,0.33405202627182007,32
3,dense_first,5,0.3105665445327759,32
3,dense_first,6,0.3172561824321747,32
3,dense_first,7,0.29964911937713623,32
3,dense_first,8,0.27674224972724915,32
3,dense_first,9,0.25124847888946533,32
3,dense_first,10,0.2435632050037384,32
3,b0_first,1,0.27994194626808167,32
3,b0_first,2,0.2619805335998535,32
3,b0_first,3,0.24382124841213226,32
3,b0_first,4,0.23315316438674927,32
3,b0_first,5,0.2197382003068924,32
3,b0_first,6,0.21254464983940125,32
3,b0_first,7,0.20897847414016724,32
3,b0_first,8,0.2064523696899414,32
3,b0_first,9,0.20337681472301483,32
3,b0_first,10,0.20197969675064087,32
3,oracle_first,1,0.1337430328130722,32
3,oracle_first,2,0.16660644114017487,32
3,oracle_first,3,0.16827359795570374,32
3,oracle_first,4,0.1684398502111435,32
3,oracle_first,5,0.16349776089191437,32
3,oracle_first,6,0.16177606582641602,32
3,oracle_first,7,0.16318368911743164,32
3,oracle_first,8,0.16487789154052734,32
3,oracle_first,9,0.16334168612957,32
3,oracle_first,10,0.1586114764213562,32
4,dense_first,1,2.212006092071533,32
4,dense_first,2,1.8273708820343018,32
4,dense_first,3,1.6858195066452026,32
4,dense_first,4,1.7440658807754517,32
4,dense_first,5,1.5717332363128662,32
4,dense_first,6,1.1448229551315308,32
4,dense_first,7,1.1039044857025146,32
4,dense_first,8,1.052332878112793,32
4,dense_first,9,0.9183982610702515,32
4,dense_first,10,0.9137568473815918,32
4,b0_first,1,1.4106945991516113,32
4,b0_first,2,1.3980461359024048,32
4,b0_first,3,1.2986193895339966,32
4,b0_first,4,1.2519450187683105,32
4,b0_first,5,1.1825916767120361,32
4,b0_first,6,1.1494704484939575,32
4,b0_first,7,1.1107895374298096,32
4,b0_first,8,1.0794851779937744,32
4,b0_first,9,1.0686289072036743,32
4,b0_first,10,1.031671404838562,32
4,oracle_first,1,0.20209380984306335,32
4,oracle_first,2,0.3028092086315155,32
4,oracle_first,3,0.4555283784866333,32
4,oracle_first,4,0.4932510554790497,32
4,oracle_first,5,0.566914439201355,32
4,oracle_first,6,0.5856198072433472,32
4,oracle_first,7,0.5853528380393982,32
4,oracle_first,8,0.5948274731636047,32
4,oracle_first,9,0.6251702308654785,32
4,oracle_first,10,0.6124455332756042,32
5,dense_first,1,0.5640385746955872,32
5,dense_first,2,0.3997408151626587,32
5,dense_first,3,0.3537997603416443,32
5,dense_first,4,0.32302141189575195,32
5,dense_first,5,0.29609414935112,32
5,dense_first,6,0.2761916220188141,32
5,dense_first,7,0.2686731517314911,32
5,dense_first,8,0.27186906337738037,32
5,dense_first,9,0.26043111085891724,32
5,dense_first,10,0.25495100021362305,32
5,b0_first,1,0.22823825478553772,32
5,b0_first,2,0.21378299593925476,32
5,b0_first,3,0.20296567678451538,32
5,b0_first,4,0.1976778209209442,32
5,b0_first,5,0.19496047496795654,32
5,b0_first,6,0.19271820783615112,32
5,b0_first,7,0.19237184524536133,32
5,b0_first,8,0.1960355043411255,32
5,b0_first,9,0.19452208280563354,32
5,b0_first,10,0.19260090589523315,32
5,oracle_first,1,0.09082666039466858,32
5,oracle_first,2,0.11553502082824707,32
5,oracle_first,3,0.12309227138757706,32
5,oracle_first,4,0.1279684454202652,32
5,oracle_first,5,0.13163410127162933,32
5,oracle_first,6,0.15492847561836243,32
5,oracle_first,7,0.16073745489120483,32
5,oracle_first,8,0.16228288412094116,32
5,oracle_first,9,0.16639739274978638,32
5,oracle_first,10,0.1647121161222458,32
6,dense_first,1,0.19321832060813904,32
6,dense_first,2,0.13055117428302765,32
6,dense_first,3,0.11486387252807617,32
6,dense_first,4,0.0906098335981369,32
6,dense_first,5,0.08753794431686401,32
6,dense_first,6,0.08286057412624359,32
6,dense_first,7,0.08690071851015091,32
6,dense_first,8,0.0866098552942276,32
6,dense_first,9,0.0874200314283371,32
6,dense_first,10,0.09008089452981949,32
6,b0_first,1,0.23659858107566833,32
6,b0_first,2,0.1862298548221588,32
6,b0_first,3,0.15004059672355652,32
6,b0_first,4,0.13359102606773376,32
6,b0_first,5,0.12434948980808258,32
6,b0_first,6,0.11167719215154648,32
6,b0_first,7,0.10340967774391174,32
6,b0_first,8,0.095288947224617,32
6,b0_first,9,0.09261015057563782,32
6,b0_first,10,0.09219785779714584,32
6,oracle_first,1,0.011711448431015015,32
6,oracle_first,2,0.04491802304983139,32
6,oracle_first,3,0.04798896983265877,32
6,oracle_first,4,0.04382333159446716,32
6,oracle_first,5,0.04261904954910278,32
6,oracle_first,6,0.04473720118403435,32
6,oracle_first,7,0.04536117985844612,32
6,oracle_first,8,0.04681423306465149,32
6,oracle_first,9,0.051443010568618774,32
6,oracle_first,10,0.052585624158382416,32
0,dense_first,1,0.8882677555084229,32
0,dense_first,2,0.7440053820610046,32
0,dense_first,3,0.6013352870941162,32
0,dense_first,4,0.5678567886352539,32
0,dense_first,5,0.5058469176292419,32
0,dense_first,6,0.46670660376548767,32
0,dense_first,7,0.46583685278892517,32
0,dense_first,8,0.4702393710613251,32
0,dense_first,9,0.4638875126838684,32
0,dense_first,10,0.4684942960739136,32
0,b0_first,1,0.891129195690155,32
0,b0_first,2,0.835607647895813,32
0,b0_first,3,0.6748141050338745,32
0,b0_first,4,0.6050041317939758,32
0,b0_first,5,0.5818301439285278,32
0,b0_first,6,0.5505222678184509,32
0,b0_first,7,0.5204795002937317,32
0,b0_first,8,0.5139330625534058,32
0,b0_first,9,0.49906671047210693,32
0,b0_first,10,0.47215086221694946,32
0,oracle_first,1,0.18473008275032043,32
0,oracle_first,2,0.216415673494339,32
0,oracle_first,3,0.29946959018707275,32
0,oracle_first,4,0.3158736228942871,32
0,oracle_first,5,0.3349184989929199,32
0,oracle_first,6,0.35364216566085815,32
0,oracle_first,7,0.367401123046875,32
0,oracle_first,8,0.3700076937675476,32
0,oracle_first,9,0.3778574466705322,32
0,oracle_first,10,0.3673607110977173,32
1,dense_first,1,0.5365755558013916,32
1,dense_first,2,0.5081787109375,32
1,dense_first,3,0.4440116584300995,32
1,dense_first,4,0.356006383895874,32
1,dense_first,5,0.3110741376876831,32
1,dense_first,6,0.29661911725997925,32
1,dense_first,7,0.29737603664398193,32
1,dense_first,8,0.2759854793548584,32
1,dense_first,9,0.27383071184158325,32
1,dense_first,10,0.2670600414276123,32
1,b0_first,1,0.3441857397556305,32
1,b0_first,2,0.2808438837528229,32
1,b0_first,3,0.26758873462677,32
1,b0_first,4,0.2467721700668335,32
1,b0_first,5,0.23268704116344452,32
1,b0_first,6,0.21808907389640808,32
1,b0_first,7,0.21398307383060455,32
1,b0_first,8,0.20960578322410583,32
1,b0_first,9,0.20378348231315613,32
1,b0_first,10,0.19759973883628845,32
1,oracle_first,1,0.13185478746891022,32
1,oracle_first,2,0.15674139559268951,32
1,oracle_first,3,0.16627660393714905,32
1,oracle_first,4,0.16939127445220947,32
1,oracle_first,5,0.17082202434539795,32
1,oracle_first,6,0.16888585686683655,32
1,oracle_first,7,0.1717619001865387,32
1,oracle_first,8,0.17863687872886658,32
1,oracle_first,9,0.1741015464067459,32
1,oracle_first,10,0.17428699135780334,32
2,dense_first,1,1.096221685409546,32
2,dense_first,2,0.8942416310310364,32
2,dense_first,3,0.7159489393234253,32
2,dense_first,4,0.6814587712287903,32
2,dense_first,5,0.5352246761322021,32
2,dense_first,6,0.5071425437927246,32
2,dense_first,7,0.507240891456604,32
2,dense_first,8,0.5122618079185486,32
2,dense_first,9,0.49474895000457764,32
2,dense_first,10,0.47699880599975586,32
2,b0_first,1,0.8201387524604797,32
2,b0_first,2,0.7001292705535889,32
2,b0_first,3,0.6404367089271545,32
2,b0_first,4,0.5858059525489807,32
2,b0_first,5,0.5347189903259277,32
2,b0_first,6,0.5068734288215637,32
2,b0_first,7,0.498828262090683,32
2,b0_first,8,0.4754676818847656,32
2,b0_first,9,0.4844195544719696,32
2,b0_first,10,0.47855710983276367,32
2,oracle_first,1,0.14559879899024963,32
2,oracle_first,2,0.22994744777679443,32
2,oracle_first,3,0.3514920771121979,32
2,oracle_first,4,0.4007440507411957,32
2,oracle_first,5,0.4196503758430481,32
2,oracle_first,6,0.398560106754303,32
2,oracle_first,7,0.38380172848701477,32
2,oracle_first,8,0.39210671186447144,32
2,oracle_first,9,0.4002235233783722,32
2,oracle_first,10,0.404407799243927,32
3,dense_first,1,0.7088457942008972,32
3,dense_first,2,0.5145078897476196,32
3,dense_first,3,0.4609673023223877,32
3,dense_first,4,0.41551247239112854,32
3,dense_first,5,0.33511096239089966,32
3,dense_first,6,0.32550424337387085,32
3,dense_first,7,0.27678367495536804,32
3,dense_first,8,0.229678213596344,32
3,dense_first,9,0.21675455570220947,32
3,dense_first,10,0.21330145001411438,32
3,b0_first,1,0.27350348234176636,32
3,b0_first,2,0.25710856914520264,32
3,b0_first,3,0.23561538755893707,32
3,b0_first,4,0.22130733728408813,32
3,b0_first,5,0.21380704641342163,32
3,b0_first,6,0.204442098736763,32
3,b0_first,7,0.199593186378479,32
3,b0_first,8,0.19352543354034424,32
3,b0_first,9,0.18406787514686584,32
3,b0_first,10,0.181586354970932,32
3,oracle_first,1,0.12761417031288147,32
3,oracle_first,2,0.13732853531837463,32
3,oracle_first,3,0.15457820892333984,32
3,oracle_first,4,0.15584956109523773,32
3,oracle_first,5,0.1534043252468109,32
3,oracle_first,6,0.15350671112537384,32
3,oracle_first,7,0.15200746059417725,32
3,oracle_first,8,0.15398390591144562,32
3,oracle_first,9,0.1493290662765503,32
3,oracle_first,10,0.14941921830177307,32
4,dense_first,1,1.5269299745559692,32
4,dense_first,2,1.2814666032791138,32
4,dense_first,3,1.0600671768188477,32
4,dense_first,4,0.8682461380958557,32
4,dense_first,5,0.8049793243408203,32
4,dense_first,6,0.7843618392944336,32
4,dense_first,7,0.755462646484375,32
4,dense_first,8,0.6937907934188843,32
4,dense_first,9,0.665366530418396,32
4,dense_first,10,0.6271704435348511,32
4,b0_first,1,1.113825798034668,32
4,b0_first,2,1.0174731016159058,32
4,b0_first,3,0.9242042899131775,32
4,b0_first,4,0.8453187942504883,32
4,b0_first,5,0.7898011207580566,32
4,b0_first,6,0.7663084268569946,32
4,b0_first,7,0.7281440496444702,32
4,b0_first,8,0.6930218935012817,32
4,b0_first,9,0.6733020544052124,32
4,b0_first,10,0.645273745059967,32
4,oracle_first,1,0.20633620023727417,32
4,oracle_first,2,0.2883302569389343,32
4,oracle_first,3,0.3679998517036438,32
4,oracle_first,4,0.3946819007396698,32
4,oracle_first,5,0.4366655945777893,32
4,oracle_first,6,0.44195854663848877,32
4,oracle_first,7,0.4541231393814087,32
4,oracle_first,8,0.45053496956825256,32
4,oracle_first,9,0.44855666160583496,32
4,oracle_first,10,0.45182839035987854,32
5,dense_first,1,0.5427759289741516,32
5,dense_first,2,0.4278879165649414,32
5,dense_first,3,0.3363698124885559,32
5,dense_first,4,0.32619717717170715,32
5,dense_first,5,0.3226086497306824,32
5,dense_first,6,0.30797821283340454,32
5,dense_first,7,0.28777408599853516,32
5,dense_first,8,0.2860114276409149,32
5,dense_first,9,0.27792859077453613,32
5,dense_first,10,0.29059523344039917,32
5,b0_first,1,0.4938827157020569,32
5,b0_first,2,0.4667152464389801,32
5,b0_first,3,0.4131057858467102,32
5,b0_first,4,0.3812578022480011,32
5,b0_first,5,0.358612060546875,32
5,b0_first,6,0.3284144103527069,32
5,b0_first,7,0.32052677869796753,32
5,b0_first,8,0.30851882696151733,32
5,b0_first,9,0.2907283902168274,32
5,b0_first,10,0.28242021799087524,32
5,oracle_first,1,0.09059558063745499,32
5,oracle_first,2,0.10546731948852539,32
5,oracle_first,3,0.1326340138912201,32
5,oracle_first,4,0.13686665892601013,32
5,oracle_first,5,0.14545676112174988,32
5,oracle_first,6,0.14767324924468994,32
5,oracle_first,7,0.15027782320976257,32
5,oracle_first,8,0.15725407004356384,32
5,oracle_first,9,0.16018646955490112,32
5,oracle_first,10,0.15852391719818115,32
6,dense_first,1,0.19820749759674072,32
6,dense_first,2,0.16074970364570618,32
6,dense_first,3,0.1431068778038025,32
6,dense_first,4,0.12342686951160431,32
6,dense_first,5,0.10423892736434937,32
6,dense_first,6,0.09521810710430145,32
6,dense_first,7,0.08441662788391113,32
6,dense_first,8,0.06935250014066696,32
6,dense_first,9,0.07679793983697891,32
6,dense_first,10,0.07735762000083923,32
6,b0_first,1,0.24102266132831573,32
6,b0_first,2,0.21133564412593842,32
6,b0_first,3,0.15688616037368774,32
6,b0_first,4,0.1375144124031067,32
6,b0_first,5,0.11779619008302689,32
6,b0_first,6,0.09387120604515076,32
6,b0_first,7,0.07693569362163544,32
6,b0_first,8,0.06295720487833023,32
6,b0_first,9,0.05800531804561615,32
6,b0_first,10,0.05466332286596298,32
6,oracle_first,1,0.015177587047219276,32
6,oracle_first,2,0.027453020215034485,32
6,oracle_first,3,0.0327732190489769,32
6,oracle_first,4,0.040531426668167114,32
6,oracle_first,5,0.04367130249738693,32
6,oracle_first,6,0.050142452120780945,32
6,oracle_first,7,0.052968621253967285,32
6,oracle_first,8,0.04775330424308777,32
6,oracle_first,9,0.04488634318113327,32
6,oracle_first,10,0.046321943402290344,32
0,dense_first,1,1.2255979776382446,32
0,dense_first,2,1.0406054258346558,32
0,dense_first,3,0.9143743515014648,32
0,dense_first,4,0.803183913230896,32
0,dense_first,5,0.7849876880645752,32
0,dense_first,6,0.7781030535697937,32
0,dense_first,7,0.7930736541748047,32
0,dense_first,8,0.7925916910171509,32
0,dense_first,9,0.7654497027397156,32
0,dense_first,10,0.7855252027511597,32
0,b0_first,1,0.7936437129974365,32
0,b0_first,2,0.7328068017959595,32
0,b0_first,3,0.6804443597793579,32
0,b0_first,4,0.6481418609619141,32
0,b0_first,5,0.624864935874939,32
0,b0_first,6,0.6507313251495361,32
0,b0_first,7,0.6503232717514038,32
0,b0_first,8,0.663178026676178,32
0,b0_first,9,0.6618029475212097,32
0,b0_first,10,0.6870245933532715,32
0,oracle_first,1,0.13491827249526978,32
0,oracle_first,2,0.6840680241584778,32
0,oracle_first,3,0.9191275835037231,32
0,oracle_first,4,0.8320282101631165,32
0,oracle_first,5,0.794861376285553,32
0,oracle_first,6,0.7856743931770325,32
0,oracle_first,7,0.7597682476043701,32
0,oracle_first,8,0.7562394738197327,32
0,oracle_first,9,0.7193422317504883,32
0,oracle_first,10,0.7438997626304626,32
1,dense_first,1,0.6472739577293396,32
1,dense_first,2,0.4606010913848877,32
1,dense_first,3,0.3796755075454712,32
1,dense_first,4,0.325200617313385,32
1,dense_first,5,0.28923848271369934,32
1,dense_first,6,0.2692028284072876,32
1,dense_first,7,0.25660932064056396,32
1,dense_first,8,0.24733245372772217,32
1,dense_first,9,0.23420459032058716,32
1,dense_first,10,0.2086339294910431,32
1,b0_first,1,0.42496833205223083,32
1,b0_first,2,0.3631632924079895,32
1,b0_first,3,0.3193521499633789,32
1,b0_first,4,0.2824232280254364,32
1,b0_first,5,0.2561687231063843,32
1,b0_first,6,0.24182842671871185,32
1,b0_first,7,0.22598442435264587,32
1,b0_first,8,0.2229710966348648,32
1,b0_first,9,0.21932914853096008,32
1,b0_first,10,0.20669221878051758,32
1,oracle_first,1,0.1230277568101883,32
1,oracle_first,2,0.19620363414287567,32
1,oracle_first,3,0.18101154267787933,32
1,oracle_first,4,0.17810563743114471,32
1,oracle_first,5,0.16833552718162537,32
1,oracle_first,6,0.1547798216342926,32
1,oracle_first,7,0.15290766954421997,32
1,oracle_first,8,0.1556774079799652,32
1,oracle_first,9,0.15716099739074707,32
1,oracle_first,10,0.15434390306472778,32
2,dense_first,1,1.3030939102172852,32
2,dense_first,2,0.9375465512275696,32
2,dense_first,3,0.8771867752075195,32
2,dense_first,4,0.8858270645141602,32
2,dense_first,5,0.8370254039764404,32
2,dense_first,6,0.7827663421630859,32
2,dense_first,7,0.765084981918335,32
2,dense_first,8,0.7256317138671875,32
2,dense_first,9,0.7107052803039551,32
2,dense_first,10,0.7012218236923218,32
2,b0_first,1,0.599479079246521,32
2,b0_first,2,0.5351989269256592,32
2,b0_first,3,0.5548292398452759,32
2,b0_first,4,0.5618692636489868,32
2,b0_first,5,0.585640549659729,32
2,b0_first,6,0.5761890411376953,32
2,b0_first,7,0.5722528100013733,32
2,b0_first,8,0.5734612345695496,32
2,b0_first,9,0.5877941846847534,32
2,b0_first,10,0.5945421457290649,32
2,oracle_first,1,0.09167598187923431,32
2,oracle_first,2,0.651139497756958,32
2,oracle_first,3,0.8935127854347229,32
2,oracle_first,4,0.80647873878479,32
2,oracle_first,5,0.7790514230728149,32
2,oracle_first,6,0.7535830736160278,32
2,oracle_first,7,0.6779618263244629,32
2,oracle_first,8,0.6704317927360535,32
2,oracle_first,9,0.6439391374588013,32
2,oracle_first,10,0.6364891529083252,32
3,dense_first,1,0.6279289722442627,32
3,dense_first,2,0.4196574091911316,32
3,dense_first,3,0.36125752329826355,32
3,dense_first,4,0.28301993012428284,32
3,dense_first,5,0.2562694549560547,32
3,dense_first,6,0.24536478519439697,32
3,dense_first,7,0.24027033150196075,32
3,dense_first,8,0.22185489535331726,32
3,dense_first,9,0.18956661224365234,32
3,dense_first,10,0.17720171809196472,32
3,b0_first,1,0.27945631742477417,32
3,b0_first,2,0.25197839736938477,32
3,b0_first,3,0.2268211543560028,32
3,b0_first,4,0.21665059030056,32
3,b0_first,5,0.20288391411304474,32
3,b0_first,6,0.18864913284778595,32
3,b0_first,7,0.1775963455438614,32
3,b0_first,8,0.1705836057662964,32
3,b0_first,9,0.16655640304088593,32
3,b0_first,10,0.16135931015014648,32
3,oracle_first,1,0.11996644735336304,32
3,oracle_first,2,0.1342107057571411,32
3,oracle_first,3,0.1344403326511383,32
3,oracle_first,4,0.13394995033740997,32
3,oracle_first,5,0.1376951038837433,32
3,oracle_first,6,0.13675503432750702,32
3,oracle_first,7,0.1376340389251709,32
3,oracle_first,8,0.1383170634508133,32
3,oracle_first,9,0.1350923627614975,32
3,oracle_first,10,0.13246285915374756,32
4,dense_first,1,2.987337350845337,32
4,dense_first,2,1.4938812255859375,32
4,dense_first,3,1.3062078952789307,32
4,dense_first,4,1.2809512615203857,32
4,dense_first,5,1.046189546585083,32
4,dense_first,6,1.016289234161377,32
4,dense_first,7,0.967839241027832,32
4,dense_first,8,0.9737389087677002,32
4,dense_first,9,0.868520200252533,32
4,dense_first,10,0.868080198764801,32
4,b0_first,1,1.1311166286468506,32
4,b0_first,2,1.0638480186462402,32
4,b0_first,3,0.9742096066474915,32
4,b0_first,4,0.949438214302063,32
4,b0_first,5,0.8980473875999451,32
4,b0_first,6,0.8659262657165527,32
4,b0_first,7,0.8511943817138672,32
4,b0_first,8,0.8364263772964478,32
4,b0_first,9,0.8210514783859253,32
4,b0_first,10,0.7984349727630615,32
4,oracle_first,1,0.2757970988750458,32
4,oracle_first,2,0.3200199007987976,32
4,oracle_first,3,0.3878888785839081,32
4,oracle_first,4,0.43915340304374695,32
4,oracle_first,5,0.47577163577079773,32
4,oracle_first,6,0.4861036539077759,32
4,oracle_first,7,0.5074516534805298,32
4,oracle_first,8,0.5213169455528259,32
4,oracle_first,9,0.538130521774292,32
4,oracle_first,10,0.5714293122291565,32
5,dense_first,1,0.7284382581710815,32
5,dense_first,2,0.5509563684463501,32
5,dense_first,3,0.5308384299278259,32
5,dense_first,4,0.48661160469055176,32
5,dense_first,5,0.48592743277549744,32
5,dense_first,6,0.4766426384449005,32
5,dense_first,7,0.4612080454826355,32
5,dense_first,8,0.4532717764377594,32
5,dense_first,9,0.44900253415107727,32
5,dense_first,10,0.41151052713394165,32
5,b0_first,1,0.7684549689292908,32
5,b0_first,2,0.7252150774002075,32
5,b0_first,3,0.7131634950637817,32
5,b0_first,4,0.6795191168785095,32
5,b0_first,5,0.6660548448562622,32
5,b0_first,6,0.6169170141220093,32
5,b0_first,7,0.6107800006866455,32
5,b0_first,8,0.5675272345542908,32
5,b0_first,9,0.5540550947189331,32
5,b0_first,10,0.530184268951416,32
5,oracle_first,1,0.08375447988510132,32
5,oracle_first,2,0.10605018585920334,32
5,oracle_first,3,0.12715697288513184,32
5,oracle_first,4,0.1482088714838028,32
5,oracle_first,5,0.1502123773097992,32
5,oracle_first,6,0.16506238281726837,32
5,oracle_first,7,0.17409616708755493,32
5,oracle_first,8,0.16466198861598969,32
5,oracle_first,9,0.17270231246948242,32
5,oracle_first,10,0.17416684329509735,32
6,dense_first,1,0.3285183906555176,32
6,dense_first,2,0.2978208363056183,32
6,dense_first,3,0.2752361595630646,32
6,dense_first,4,0.238406240940094,32
6,dense_first,5,0.19760578870773315,32
6,dense_first,6,0.18209350109100342,32
6,dense_first,7,0.1687585860490799,32
6,dense_first,8,0.14997808635234833,32
6,dense_first,9,0.14631067216396332,32
6,dense_first,10,0.13732850551605225,32
6,b0_first,1,0.21231549978256226,32
6,b0_first,2,0.17217685282230377,32
6,b0_first,3,0.12938910722732544,32
6,b0_first,4,0.11340749263763428,32
6,b0_first,5,0.10508090257644653,32
6,b0_first,6,0.09988917410373688,32
6,b0_first,7,0.09065929800271988,32
6,b0_first,8,0.08234961330890656,32
6,b0_first,9,0.08011244237422943,32
6,b0_first,10,0.07914918661117554,32
6,oracle_first,1,0.01831124909222126,32
6,oracle_first,2,0.04029521718621254,32
6,oracle_first,3,0.05264710262417793,32
6,oracle_first,4,0.04916475713253021,32
6,oracle_first,5,0.05528784170746803,32
6,oracle_first,6,0.05895375460386276,32
6,oracle_first,7,0.06161521375179291,32
6,oracle_first,8,0.062050849199295044,32
6,oracle_first,9,0.06586147844791412,32
6,oracle_first,10,0.06370177119970322,32
0,dense_first,1,1.3630019426345825,32
0,dense_first,2,1.0546432733535767,32
0,dense_first,3,0.922362208366394,32
0,dense_first,4,0.864477276802063,32
0,dense_first,5,0.8330587148666382,32
0,dense_first,6,0.8332687020301819,32
0,dense_first,7,0.7900502681732178,32
0,dense_first,8,0.7985910177230835,32
0,dense_first,9,0.8028380870819092,32
0,dense_first,10,0.7945143580436707,32
0,b0_first,1,0.892514705657959,32
0,b0_first,2,0.8220043778419495,32
0,b0_first,3,0.7444294691085815,32
0,b0_first,4,0.7455432415008545,32
0,b0_first,5,0.748846173286438,32
0,b0_first,6,0.7471160888671875,32
0,b0_first,7,0.7318508625030518,32
0,b0_first,8,0.7391608953475952,32
0,b0_first,9,0.7456499338150024,32
0,b0_first,10,0.7455296516418457,32
0,oracle_first,1,0.24678750336170197,32
0,oracle_first,2,0.6453551054000854,32
0,oracle_first,3,0.7677880525588989,32
0,oracle_first,4,0.7795395851135254,32
0,oracle_first,5,0.7725601196289062,32
0,oracle_first,6,0.8168307542800903,32
0,oracle_first,7,0.7894710898399353,32
0,oracle_first,8,0.7440371513366699,32
0,oracle_first,9,0.7643726468086243,32
0,oracle_first,10,0.7684502005577087,32
1,dense_first,1,0.48101210594177246,32
1,dense_first,2,0.39518702030181885,32
1,dense_first,3,0.36337071657180786,32
1,dense_first,4,0.34011274576187134,32
1,dense_first,5,0.2905930280685425,32
1,dense_first,6,0.28051766753196716,32
1,dense_first,7,0.2662053406238556,32
1,dense_first,8,0.26161253452301025,32
1,dense_first,9,0.2603282332420349,32
1,dense_first,10,0.26166003942489624,32
1,b0_first,1,0.40331560373306274,32
1,b0_first,2,0.34122300148010254,32
1,b0_first,3,0.2956628203392029,32
1,b0_first,4,0.2786678373813629,32
1,b0_first,5,0.25806015729904175,32
1,b0_first,6,0.23893626034259796,32
1,b0_first,7,0.22975227236747742,32
1,b0_first,8,0.22122207283973694,32
1,b0_first,9,0.2204931527376175,32
1,b0_first,10,0.2163091003894806,32
1,oracle_first,1,0.1622156798839569,32
1,oracle_first,2,0.24612079560756683,32
1,oracle_first,3,0.2412821352481842,32
1,oracle_first,4,0.22411823272705078,32
1,oracle_first,5,0.22803086042404175,32
1,oracle_first,6,0.22008106112480164,32
1,oracle_first,7,0.21432602405548096,32
1,oracle_first,8,0.21123072504997253,32
1,oracle_first,9,0.20858806371688843,32
1,oracle_first,10,0.21180395781993866,32
2,dense_first,1,1.3562119007110596,32
2,dense_first,2,1.0615214109420776,32
2,dense_first,3,0.896257758140564,32
2,dense_first,4,0.8632413744926453,32
2,dense_first,5,0.8039358854293823,32
2,dense_first,6,0.7787670493125916,32
2,dense_first,7,0.726934015750885,32
2,dense_first,8,0.7192391157150269,32
2,dense_first,9,0.7137798070907593,32
2,dense_first,10,0.7266438007354736,32
2,b0_first,1,0.9479068517684937,32
2,b0_first,2,0.8127641677856445,32
2,b0_first,3,0.7583907246589661,32
2,b0_first,4,0.7506770491600037,32
2,b0_first,5,0.7211872339248657,32
2,b0_first,6,0.7234833240509033,32
2,b0_first,7,0.7055201530456543,32
2,b0_first,8,0.7125576734542847,32
2,b0_first,9,0.6981011629104614,32
2,b0_first,10,0.7015726566314697,32
2,oracle_first,1,0.19023483991622925,32
2,oracle_first,2,0.6275638937950134,32
2,oracle_first,3,0.693434476852417,32
2,oracle_first,4,0.8299044966697693,32
2,oracle_first,5,0.7959333658218384,32
2,oracle_first,6,0.722475528717041,32
2,oracle_first,7,0.6872156858444214,32
2,oracle_first,8,0.6866539120674133,32
2,oracle_first,9,0.6803476810455322,32
2,oracle_first,10,0.6937553882598877,32
3,dense_first,1,0.4369553029537201,32
3,dense_first,2,0.3567655682563782,32
3,dense_first,3,0.2926480174064636,32
3,dense_first,4,0.26017823815345764,32
3,dense_first,5,0.2453669309616089,32
3,dense_first,6,0.24212035536766052,32
3,dense_first,7,0.23017549514770508,32
3,dense_first,8,0.2157081812620163,32
3,dense_first,9,0.21452395617961884,32
3,dense_first,10,0.21521493792533875,32
3,b0_first,1,0.26947662234306335,32
3,b0_first,2,0.2459891140460968,32
3,b0_first,3,0.2346252202987671,32
3,b0_first,4,0.2184174656867981,32
3,b0_first,5,0.2158958613872528,32
3,b0_first,6,0.20484405755996704,32
3,b0_first,7,0.19631020724773407,32
3,b0_first,8,0.1947748064994812,32
3,b0_first,9,0.19098040461540222,32
3,b0_first,10,0.19366338849067688,32
3,oracle_first,1,0.13492080569267273,32
3,oracle_first,2,0.17209117114543915,32
3,oracle_first,3,0.16529357433319092,32
3,oracle_first,4,0.1625138521194458,32
3,oracle_first,5,0.17422521114349365,32
3,oracle_first,6,0.1765827089548111,32
3,oracle_first,7,0.1802491694688797,32
3,oracle_first,8,0.1789824217557907,32
3,oracle_first,9,0.1759282648563385,32
3,oracle_first,10,0.1827005296945572,32
4,dense_first,1,2.1653521060943604,32
4,dense_first,2,1.1659563779830933,32
4,dense_first,3,1.0052963495254517,32
4,dense_first,4,0.978751540184021,32
4,dense_first,5,0.9376209378242493,32
4,dense_first,6,0.9200151562690735,32
4,dense_first,7,0.8694385290145874,32
4,dense_first,8,0.8713220357894897,32
4,dense_first,9,0.8470418453216553,32
4,dense_first,10,0.8318262696266174,32
4,b0_first,1,1.517627477645874,32
4,b0_first,2,1.4288979768753052,32
4,b0_first,3,1.2650163173675537,32
4,b0_first,4,1.1340454816818237,32
4,b0_first,5,1.0804029703140259,32
4,b0_first,6,1.0466601848602295,32
4,b0_first,7,1.0108637809753418,32
4,b0_first,8,0.9887608289718628,32
4,b0_first,9,0.9730404019355774,32
4,b0_first,10,0.9226773977279663,32
4,oracle_first,1,0.4950888752937317,32
4,oracle_first,2,0.599302351474762,32
4,oracle_first,3,0.7315056920051575,32
4,oracle_first,4,0.7017135620117188,32
4,oracle_first,5,0.6791025400161743,32
4,oracle_first,6,0.6716164350509644,32
4,oracle_first,7,0.69060218334198,32
4,oracle_first,8,0.6741430759429932,32
4,oracle_first,9,0.6851323843002319,32
4,oracle_first,10,0.6885841488838196,32
5,dense_first,1,0.6347832679748535,32
5,dense_first,2,0.5068622827529907,32
5,dense_first,3,0.4206937253475189,32
5,dense_first,4,0.3968718647956848,32
5,dense_first,5,0.36855190992355347,32
5,dense_first,6,0.33974945545196533,32
5,dense_first,7,0.34336352348327637,32
5,dense_first,8,0.3339269161224365,32
5,dense_first,9,0.32148420810699463,32
5,dense_first,10,0.3181709945201874,32
5,b0_first,1,0.5070044994354248,32
5,b0_first,2,0.4889237582683563,32
5,b0_first,3,0.45780298113822937,32
5,b0_first,4,0.4431411027908325,32
5,b0_first,5,0.43690207600593567,32
5,b0_first,6,0.42934539914131165,32
5,b0_first,7,0.4250462055206299,32
5,b0_first,8,0.42087697982788086,32
5,b0_first,9,0.4180334508419037,32
5,b0_first,10,0.3835550844669342,32
5,oracle_first,1,0.09928799420595169,32
5,oracle_first,2,0.15489915013313293,32
5,oracle_first,3,0.17920491099357605,32
5,oracle_first,4,0.21252226829528809,32
5,oracle_first,5,0.22122442722320557,32
5,oracle_first,6,0.2196546196937561,32
5,oracle_first,7,0.22347256541252136,32
5,oracle_first,8,0.20441079139709473,32
5,oracle_first,9,0.20415398478507996,32
5,oracle_first,10,0.20698335766792297,32
6,dense_first,1,0.18804709613323212,32
6,dense_first,2,0.15775461494922638,32
6,dense_first,3,0.13184909522533417,32
6,dense_first,4,0.10661538690328598,32
6,dense_first,5,0.09611231833696365,32
6,dense_first,6,0.08894100785255432,32
6,dense_first,7,0.08343902975320816,32
6,dense_first,8,0.08001023530960083,32
6,dense_first,9,0.07705572992563248,32
6,dense_first,10,0.07492895424365997,32
6,b0_first,1,0.13726025819778442,32
6,b0_first,2,0.1237676590681076,32
6,b0_first,3,0.10455402731895447,32
6,b0_first,4,0.09460565447807312,32
6,b0_first,5,0.08819147199392319,32
6,b0_first,6,0.08375099301338196,32
6,b0_first,7,0.0752965658903122,32
6,b0_first,8,0.0704893171787262,32
6,b0_first,9,0.06608933955430984,32
6,b0_first,10,0.06817050278186798,32
6,oracle_first,1,0.01908065751194954,32
6,oracle_first,2,0.032494641840457916,32
6,oracle_first,3,0.03574204444885254,32
6,oracle_first,4,0.0404970720410347,32
6,oracle_first,5,0.044884197413921356,32
6,oracle_first,6,0.05464201420545578,32
6,oracle_first,7,0.052200693637132645,32
6,oracle_first,8,0.058902449905872345,32
6,oracle_first,9,0.0573294460773468,32
6,oracle_first,10,0.056089360266923904,32
0,dense_first,1,1.5152332782745361,32
0,dense_first,2,1.108481764793396,32
0,dense_first,3,1.003657341003418,32
0,dense_first,4,0.9629989266395569,32
0,dense_first,5,0.9592474699020386,32
0,dense_first,6,0.916050910949707,32
0,dense_first,7,0.9198261499404907,32
0,dense_first,8,0.8933098316192627,32
0,dense_first,9,0.8745360970497131,32
0,dense_first,10,0.8773854374885559,32
0,b0_first,1,0.8935467004776001,32
0,b0_first,2,0.8536108732223511,32
0,b0_first,3,0.8186469078063965,32
0,b0_first,4,0.8123699426651001,32
0,b0_first,5,0.8077758550643921,32
0,b0_first,6,0.8148138523101807,32
0,b0_first,7,0.8165603280067444,32
0,b0_first,8,0.8041727542877197,32
0,b0_first,9,0.8046519756317139,32
0,b0_first,10,0.7969015836715698,32
0,oracle_first,1,0.31607621908187866,32
0,oracle_first,2,0.5714918375015259,32
0,oracle_first,3,0.6101930141448975,32
0,oracle_first,4,0.7090018391609192,32
0,oracle_first,5,0.7177842855453491,32
0,oracle_first,6,0.7041313648223877,32
0,oracle_first,7,0.7029454112052917,32
0,oracle_first,8,0.7410273551940918,32
0,oracle_first,9,0.7388292551040649,32
0,oracle_first,10,0.7412848472595215,32
1,dense_first,1,0.6818491816520691,32
1,dense_first,2,0.5271378755569458,32
1,dense_first,3,0.4244392216205597,32
1,dense_first,4,0.387224406003952,32
1,dense_first,5,0.3661268949508667,32
1,dense_first,6,0.3381994962692261,32
1,dense_first,7,0.32865118980407715,32
1,dense_first,8,0.3210785388946533,32
1,dense_first,9,0.3109717071056366,32
1,dense_first,10,0.30777043104171753,32
1,b0_first,1,0.493571937084198,32
1,b0_first,2,0.4273192882537842,32
1,b0_first,3,0.38475722074508667,32
1,b0_first,4,0.3606928586959839,32
1,b0_first,5,0.3501986265182495,32
1,b0_first,6,0.3415917754173279,32
1,b0_first,7,0.32183966040611267,32
1,b0_first,8,0.32260534167289734,32
1,b0_first,9,0.3138633370399475,32
1,b0_first,10,0.30961090326309204,32
1,oracle_first,1,0.2082485854625702,32
1,oracle_first,2,0.316204309463501,32
1,oracle_first,3,0.30605658888816833,32
1,oracle_first,4,0.2877141833305359,32
1,oracle_first,5,0.3012433648109436,32
1,oracle_first,6,0.3167586922645569,32
1,oracle_first,7,0.30611932277679443,32
1,oracle_first,8,0.29179346561431885,32
1,oracle_first,9,0.2954525947570801,32
1,oracle_first,10,0.28964412212371826,32
2,dense_first,1,1.6307544708251953,32
2,dense_first,2,1.0904481410980225,32
2,dense_first,3,1.0062177181243896,32
2,dense_first,4,0.9289339780807495,32
2,dense_first,5,0.8729788064956665,32
2,dense_first,6,0.8241444826126099,32
2,dense_first,7,0.8253868818283081,32
2,dense_first,8,0.8149425983428955,32
2,dense_first,9,0.8099408149719238,32
2,dense_first,10,0.8040157556533813,32
2,b0_first,1,0.8652717471122742,32
2,b0_first,2,0.8347792625427246,32
2,b0_first,3,0.8048841953277588,32
2,b0_first,4,0.7976346015930176,32
2,b0_first,5,0.7798475027084351,32
2,b0_first,6,0.7667049169540405,32
2,b0_first,7,0.7532712817192078,32
2,b0_first,8,0.7500824332237244,32
2,b0_first,9,0.7482112646102905,32
2,b0_first,10,0.7427991628646851,32
2,oracle_first,1,0.25857195258140564,32
2,oracle_first,2,0.507966160774231,32
2,oracle_first,3,0.6647860407829285,32
2,oracle_first,4,0.6912305355072021,32
2,oracle_first,5,0.718711793422699,32
2,oracle_first,6,0.7067949771881104,32
2,oracle_first,7,0.691455602645874,32
2,oracle_first,8,0.6996372938156128,32
2,oracle_first,9,0.6886671781539917,32
2,oracle_first,10,0.6855398416519165,32
3,dense_first,1,0.47237229347229004,32
3,dense_first,2,0.38176989555358887,32
3,dense_first,3,0.30890825390815735,32
3,dense_first,4,0.26105472445487976,32
3,dense_first,5,0.24577438831329346,32
3,dense_first,6,0.23906120657920837,32
3,dense_first,7,0.23467667400836945,32
3,dense_first,8,0.22831770777702332,32
3,dense_first,9,0.21573837101459503,32
3,dense_first,10,0.21085263788700104,32
3,b0_first,1,0.3325008153915405,32
3,b0_first,2,0.29376721382141113,32
3,b0_first,3,0.26766732335090637,32
3,b0_first,4,0.24460211396217346,32
3,b0_first,5,0.2309897541999817,32
3,b0_first,6,0.22261805832386017,32
3,b0_first,7,0.2202083170413971,32
3,b0_first,8,0.22061413526535034,32
3,b0_first,9,0.2156394124031067,32
3,b0_first,10,0.21074983477592468,32
3,oracle_first,1,0.15137937664985657,32
3,oracle_first,2,0.17375223338603973,32
3,oracle_first,3,0.17558088898658752,32
3,oracle_first,4,0.17939966917037964,32
3,oracle_first,5,0.18900930881500244,32
3,oracle_first,6,0.18914657831192017,32
3,oracle_first,7,0.18997272849082947,32
3,oracle_first,8,0.18730953335762024,32
3,oracle_first,9,0.190146341919899,32
3,oracle_first,10,0.18360300362110138,32
4,dense_first,1,1.9668781757354736,32
4,dense_first,2,1.5519624948501587,32
4,dense_first,3,1.4431792497634888,32
4,dense_first,4,1.3083229064941406,32
4,dense_first,5,1.211064338684082,32
4,dense_first,6,1.137873888015747,32
4,dense_first,7,1.0788707733154297,32
4,dense_first,8,1.0715841054916382,32
4,dense_first,9,1.071481466293335,32
4,dense_first,10,1.0559086799621582,32
4,b0_first,1,1.2727797031402588,32
4,b0_first,2,1.1790790557861328,32
4,b0_first,3,1.156705617904663,32
4,b0_first,4,1.1347516775131226,32
4,b0_first,5,1.095652461051941,32
4,b0_first,6,1.0462682247161865,32
4,b0_first,7,1.020951509475708,32
4,b0_first,8,1.0155383348464966,32
4,b0_first,9,1.002506971359253,32
4,b0_first,10,0.9964067339897156,32
4,oracle_first,1,0.6176332831382751,32
4,oracle_first,2,0.6668386459350586,32
4,oracle_first,3,0.6817641258239746,32
4,oracle_first,4,0.7045886516571045,32
4,oracle_first,5,0.8079105019569397,32
4,oracle_first,6,0.8336118459701538,32
4,oracle_first,7,0.8367434740066528,32
4,oracle_first,8,0.8283580541610718,32
4,oracle_first,9,0.8381103277206421,32
4,oracle_first,10,0.8309184312820435,32
5,dense_first,1,0.5248389840126038,32
5,dense_first,2,0.4659646153450012,32
5,dense_first,3,0.4545285105705261,32
5,dense_first,4,0.4245203733444214,32
5,dense_first,5,0.3945627808570862,32
5,dense_first,6,0.36563777923583984,32
5,dense_first,7,0.38403671979904175,32
5,dense_first,8,0.3719009757041931,32
5,dense_first,9,0.36753910779953003,32
5,dense_first,10,0.35588598251342773,32
5,b0_first,1,0.41651320457458496,32
5,b0_first,2,0.39465636014938354,32
5,b0_first,3,0.3813425600528717,32
5,b0_first,4,0.37401655316352844,32
5,b0_first,5,0.3635871410369873,32
5,b0_first,6,0.3561161160469055,32
5,b0_first,7,0.352449506521225,32
5,b0_first,8,0.3484315872192383,32
5,b0_first,9,0.351276159286499,32
5,b0_first,10,0.34787696599960327,32
5,oracle_first,1,0.1504167914390564,32
5,oracle_first,2,0.21290796995162964,32
5,oracle_first,3,0.24842065572738647,32
5,oracle_first,4,0.2576218545436859,32
5,oracle_first,5,0.2747914791107178,32
5,oracle_first,6,0.27864888310432434,32
5,oracle_first,7,0.2953011393547058,32
5,oracle_first,8,0.296750545501709,32
5,oracle_first,9,0.29764020442962646,32
5,oracle_first,10,0.30198177695274353,32
6,dense_first,1,0.13409796357154846,32
6,dense_first,2,0.12175250798463821,32
6,dense_first,3,0.09506882727146149,32
6,dense_first,4,0.07484615594148636,32
6,dense_first,5,0.07023365795612335,32
6,dense_first,6,0.07224566489458084,32
6,dense_first,7,0.07556632161140442,32
6,dense_first,8,0.07166244089603424,32
6,dense_first,9,0.0666181743144989,32
6,dense_first,10,0.06481954455375671,32
6,b0_first,1,0.09789296984672546,32
6,b0_first,2,0.07679320126771927,32
6,b0_first,3,0.07149209082126617,32
6,b0_first,4,0.0709909051656723,32
6,b0_first,5,0.06804801523685455,32
6,b0_first,6,0.07160482555627823,32
6,b0_first,7,0.07207220792770386,32
6,b0_first,8,0.0737561285495758,32
6,b0_first,9,0.06482814997434616,32
6,b0_first,10,0.0627785474061966,32
6,oracle_first,1,0.01854165829718113,32
6,oracle_first,2,0.048407867550849915,32
6,oracle_first,3,0.06314212083816528,32
6,oracle_first,4,0.0695483610033989,32
6,oracle_first,5,0.06870654225349426,32
6,oracle_first,6,0.06573593616485596,32
6,oracle_first,7,0.05969107896089554,32
6,oracle_first,8,0.058716513216495514,32
6,oracle_first,9,0.05812019854784012,32
6,oracle_first,10,0.05694863945245743,32
0,dense_first,1,1.8859102725982666,32
0,dense_first,2,1.5861191749572754,32
0,dense_first,3,1.409617304801941,32
0,dense_first,4,1.3199411630630493,32
0,dense_first,5,1.2021067142486572,32
0,dense_first,6,1.1310971975326538,32
0,dense_first,7,1.0210729837417603,32
0,dense_first,8,0.9620648622512817,32
0,dense_first,9,0.9331538081169128,32
0,dense_first,10,0.891325831413269,32
0,b0_first,1,0.9899177551269531,32
0,b0_first,2,0.9636971354484558,32
0,b0_first,3,0.9093009233474731,32
0,b0_first,4,0.8743640184402466,32
0,b0_first,5,0.8631057143211365,32
0,b0_first,6,0.838569164276123,32
0,b0_first,7,0.8299110531806946,32
0,b0_first,8,0.8213090896606445,32
0,b0_first,9,0.8139840960502625,32
0,b0_first,10,0.7989470958709717,32
0,oracle_first,1,0.3372481167316437,32
0,oracle_first,2,0.5721456408500671,32
0,oracle_first,3,0.6857762336730957,32
0,oracle_first,4,0.7838274240493774,32
0,oracle_first,5,0.7839608192443848,32
0,oracle_first,6,0.7327260971069336,32
0,oracle_first,7,0.7353967428207397,32
0,oracle_first,8,0.7406920194625854,32
0,oracle_first,9,0.7698273658752441,32
0,oracle_first,10,0.7660245895385742,32
1,dense_first,1,0.5873581767082214,32
1,dense_first,2,0.5241579413414001,32
1,dense_first,3,0.4938233494758606,32
1,dense_first,4,0.48838016390800476,32
1,dense_first,5,0.4410475194454193,32
1,dense_first,6,0.4140981435775757,32
1,dense_first,7,0.40712565183639526,32
1,dense_first,8,0.3822975158691406,32
1,dense_first,9,0.3726256489753723,32
1,dense_first,10,0.36980265378952026,32
1,b0_first,1,0.46517419815063477,32
1,b0_first,2,0.41875603795051575,32
1,b0_first,3,0.3827446699142456,32
1,b0_first,4,0.3520701229572296,32
1,b0_first,5,0.3399980068206787,32
1,b0_first,6,0.31370750069618225,32
1,b0_first,7,0.3088977336883545,32
1,b0_first,8,0.2997116148471832,32
1,b0_first,9,0.29554301500320435,32
1,b0_first,10,0.2888500988483429,32
1,oracle_first,1,0.17985683679580688,32
1,oracle_first,2,0.3111521601676941,32
1,oracle_first,3,0.35602423548698425,32
1,oracle_first,4,0.3680569529533386,32
1,oracle_first,5,0.3512721061706543,32
1,oracle_first,6,0.3425745368003845,32
1,oracle_first,7,0.3298845887184143,32
1,oracle_first,8,0.32560187578201294,32
1,oracle_first,9,0.3191583752632141,32
1,oracle_first,10,0.31650638580322266,32
2,dense_first,1,1.2281936407089233,32
2,dense_first,2,1.1196873188018799,32
2,dense_first,3,1.0088715553283691,32
2,dense_first,4,0.9516955614089966,32
2,dense_first,5,0.9030295610427856,32
2,dense_first,6,0.8572245836257935,32
2,dense_first,7,0.8535448312759399,32
2,dense_first,8,0.8357025384902954,32
2,dense_first,9,0.8063684701919556,32
2,dense_first,10,0.7666643261909485,32
2,b0_first,1,0.7349314093589783,32
2,b0_first,2,0.6993581652641296,32
2,b0_first,3,0.6704775094985962,32
2,b0_first,4,0.631800651550293,32
2,b0_first,5,0.6180497407913208,32
2,b0_first,6,0.6040105819702148,32
2,b0_first,7,0.6049391031265259,32
2,b0_first,8,0.6005434989929199,32
2,b0_first,9,0.6020669937133789,32
2,b0_first,10,0.5973048806190491,32
2,oracle_first,1,0.27757424116134644,32
2,oracle_first,2,0.48686280846595764,32
2,oracle_first,3,0.6031768321990967,32
2,oracle_first,4,0.6392210721969604,32
2,oracle_first,5,0.6338574886322021,32
2,oracle_first,6,0.6414982080459595,32
2,oracle_first,7,0.6381592154502869,32
2,oracle_first,8,0.6378687620162964,32
2,oracle_first,9,0.6600098609924316,32
2,oracle_first,10,0.6355606317520142,32
3,dense_first,1,0.6847004294395447,32
3,dense_first,2,0.490389883518219,32
3,dense_first,3,0.41393953561782837,32
3,dense_first,4,0.3679145574569702,32
3,dense_first,5,0.3399031162261963,32
3,dense_first,6,0.33828598260879517,32
3,dense_first,7,0.3255557417869568,32
3,dense_first,8,0.3118171989917755,32
3,dense_first,9,0.29739701747894287,32
3,dense_first,10,0.2961116433143616,32
3,b0_first,1,0.35218101739883423,32
3,b0_first,2,0.30918580293655396,32
3,b0_first,3,0.2934054732322693,32
3,b0_first,4,0.2647049129009247,32
3,b0_first,5,0.2590410113334656,32
3,b0_first,6,0.2590543031692505,32
3,b0_first,7,0.25230979919433594,32
3,b0_first,8,0.23865075409412384,32
3,b0_first,9,0.23272916674613953,32
3,b0_first,10,0.226923868060112,32
3,oracle_first,1,0.11734874546527863,32
3,oracle_first,2,0.2618819773197174,32
3,oracle_first,3,0.32019442319869995,32
3,oracle_first,4,0.2755122780799866,32
3,oracle_first,5,0.2709226608276367,32
3,oracle_first,6,0.2529519200325012,32
3,oracle_first,7,0.24676480889320374,32
3,oracle_first,8,0.24487826228141785,32
3,oracle_first,9,0.24772489070892334,32
3,oracle_first,10,0.2423953413963318,32
4,dense_first,1,2.61826229095459,32
4,dense_first,2,2.3919286727905273,32
4,dense_first,3,2.1148457527160645,32
4,dense_first,4,2.1280784606933594,32
4,dense_first,5,1.9642879962921143,32
4,dense_first,6,1.8724228143692017,32
4,dense_first,7,1.8358793258666992,32
4,dense_first,8,1.7879304885864258,32
4,dense_first,9,1.6689971685409546,32
4,dense_first,10,1.5991451740264893,32
4,b0_first,1,1.4413280487060547,32
4,b0_first,2,1.3938207626342773,32
4,b0_first,3,1.3518662452697754,32
4,b0_first,4,1.3200054168701172,32
4,b0_first,5,1.2819523811340332,32
4,b0_first,6,1.2624636888504028,32
4,b0_first,7,1.2243311405181885,32
4,b0_first,8,1.210305094718933,32
4,b0_first,9,1.1938903331756592,32
4,b0_first,10,1.1844450235366821,32
4,oracle_first,1,0.4429015517234802,32
4,oracle_first,2,0.7502366304397583,32
4,oracle_first,3,0.8004529476165771,32
4,oracle_first,4,0.9185482263565063,32
4,oracle_first,5,0.9326772093772888,32
4,oracle_first,6,1.0814054012298584,32
4,oracle_first,7,1.0756938457489014,32
4,oracle_first,8,1.121268391609192,32
4,oracle_first,9,1.1244029998779297,32
4,oracle_first,10,1.1453115940093994,32
5,dense_first,1,0.6693350076675415,32
5,dense_first,2,0.518250584602356,32
5,dense_first,3,0.47019779682159424,32
5,dense_first,4,0.4475756287574768,32
5,dense_first,5,0.4311741292476654,32
5,dense_first,6,0.4279320240020752,32
5,dense_first,7,0.4217236638069153,32
5,dense_first,8,0.4214818477630615,32
5,dense_first,9,0.41439515352249146,32
5,dense_first,10,0.40465909242630005,32
5,b0_first,1,0.4675353467464447,32
5,b0_first,2,0.4571021795272827,32
5,b0_first,3,0.4404035210609436,32
5,b0_first,4,0.43233180046081543,32
5,b0_first,5,0.42560768127441406,32
5,b0_first,6,0.41917872428894043,32
5,b0_first,7,0.41629064083099365,32
5,b0_first,8,0.4123649299144745,32
5,b0_first,9,0.40996599197387695,32
5,b0_first,10,0.4057532846927643,32
5,oracle_first,1,0.1352991908788681,32
5,oracle_first,2,0.20222678780555725,32
5,oracle_first,3,0.2546864151954651,32
5,oracle_first,4,0.27017974853515625,32
5,oracle_first,5,0.2860318422317505,32
5,oracle_first,6,0.29216018319129944,32
5,oracle_first,7,0.3091443181037903,32
5,oracle_first,8,0.3132026493549347,32
5,oracle_first,9,0.3197783827781677,32
5,oracle_first,10,0.3226137161254883,32
6,dense_first,1,0.1554456651210785,32
6,dense_first,2,0.1378374844789505,32
6,dense_first,3,0.1309104710817337,32
6,dense_first,4,0.11736174672842026,32
6,dense_first,5,0.11581805348396301,32
6,dense_first,6,0.1238861009478569,32
6,dense_first,7,0.13717907667160034,32
6,dense_first,8,0.15905046463012695,32
6,dense_first,9,0.17769116163253784,32
6,dense_first,10,0.19151534140110016,32
6,b0_first,1,0.2863297760486603,32
6,b0_first,2,0.2666054964065552,32
6,b0_first,3,0.25493788719177246,32
6,b0_first,4,0.2511090636253357,32
6,b0_first,5,0.24343255162239075,32
6,b0_first,6,0.23764824867248535,32
6,b0_first,7,0.2348167896270752,32
6,b0_first,8,0.2425614595413208,32
6,b0_first,9,0.24820426106452942,32
6,b0_first,10,0.2500459551811218,32
6,oracle_first,1,0.02465464174747467,32
6,oracle_first,2,0.03433029726147652,32
6,oracle_first,3,0.04751037806272507,32
6,oracle_first,4,0.0580916628241539,32
6,oracle_first,5,0.07242368906736374,32
6,oracle_first,6,0.08323629945516586,32
6,oracle_first,7,0.1045939028263092,32
6,oracle_first,8,0.12538102269172668,32
6,oracle_first,9,0.14332303404808044,32
6,oracle_first,10,0.14164793491363525,32
0,dense_first,1,1.173704743385315,32
0,dense_first,2,0.9725316762924194,32
0,dense_first,3,0.9077130556106567,32
0,dense_first,4,0.9676848649978638,32
0,dense_first,5,0.9493603110313416,32
0,dense_first,6,0.9573045372962952,32
0,dense_first,7,0.9526723623275757,32
0,dense_first,8,0.9509907960891724,32
0,dense_first,9,0.9659059047698975,32
0,dense_first,10,0.9433866739273071,32
0,b0_first,1,1.7362804412841797,32
0,b0_first,2,1.6430110931396484,32
0,b0_first,3,1.3592171669006348,32
0,b0_first,4,1.2248637676239014,32
0,b0_first,5,1.1671311855316162,32
0,b0_first,6,1.1099913120269775,32
0,b0_first,7,1.1045639514923096,32
0,b0_first,8,1.0850151777267456,32
0,b0_first,9,1.0625245571136475,32
0,b0_first,10,1.0617669820785522,32
0,oracle_first,1,0.15540678799152374,32
0,oracle_first,2,0.5640240907669067,32
0,oracle_first,3,0.8425586819648743,32
0,oracle_first,4,0.8462642431259155,32
0,oracle_first,5,0.9065107107162476,32
0,oracle_first,6,0.9130725860595703,32
0,oracle_first,7,0.8797885179519653,32
0,oracle_first,8,0.8759651780128479,32
0,oracle_first,9,0.8925091028213501,32
0,oracle_first,10,0.8804542422294617,32
1,dense_first,1,0.8956671953201294,32
1,dense_first,2,0.8522323966026306,32
1,dense_first,3,0.493411123752594,32
1,dense_first,4,0.42062586545944214,32
1,dense_first,5,0.36909547448158264,32
1,dense_first,6,0.3175247013568878,32
1,dense_first,7,0.29594701528549194,32
1,dense_first,8,0.25019508600234985,32
1,dense_first,9,0.22518053650856018,32
1,dense_first,10,0.21736882627010345,32
1,b0_first,1,0.38144826889038086,32
1,b0_first,2,0.3367063105106354,32
1,b0_first,3,0.3003094792366028,32
1,b0_first,4,0.2817663848400116,32
1,b0_first,5,0.25988221168518066,32
1,b0_first,6,0.24804911017417908,32
1,b0_first,7,0.2401895672082901,32
1,b0_first,8,0.23486250638961792,32
1,b0_first,9,0.23087848722934723,32
1,b0_first,10,0.22783377766609192,32
1,oracle_first,1,0.12948955595493317,32
1,oracle_first,2,0.16311046481132507,32
1,oracle_first,3,0.19773468375205994,32
1,oracle_first,4,0.19954518973827362,32
1,oracle_first,5,0.18967276811599731,32
1,oracle_first,6,0.1911718249320984,32
1,oracle_first,7,0.1953161060810089,32
1,oracle_first,8,0.18303607404232025,32
1,oracle_first,9,0.18329252302646637,32
1,oracle_first,10,0.1822974532842636,32
2,dense_first,1,1.342240810394287,32
2,dense_first,2,1.173924446105957,32
2,dense_first,3,1.0673178434371948,32
2,dense_first,4,1.096839427947998,32
2,dense_first,5,1.0242087841033936,32
2,dense_first,6,1.0288965702056885,32
2,dense_first,7,1.0244560241699219,32
2,dense_first,8,1.0078482627868652,32
2,dense_first,9,1.0041435956954956,32
2,dense_first,10,0.9855042695999146,32
2,b0_first,1,1.5492188930511475,32
2,b0_first,2,1.3801641464233398,32
2,b0_first,3,1.155119776725769,32
2,b0_first,4,1.1070241928100586,32
2,b0_first,5,1.0594450235366821,32
2,b0_first,6,1.0702282190322876,32
2,b0_first,7,1.0382003784179688,32
2,b0_first,8,1.0333545207977295,32
2,b0_first,9,1.0153809785842896,32
2,b0_first,10,0.9969204664230347,32
2,oracle_first,1,0.12559649348258972,32
2,oracle_first,2,0.6885281205177307,32
2,oracle_first,3,0.9602724313735962,32
2,oracle_first,4,1.010801076889038,32
2,oracle_first,5,0.9673309922218323,32
2,oracle_first,6,0.9803633689880371,32
2,oracle_first,7,0.9701230525970459,32
2,oracle_first,8,0.9841508865356445,32
2,oracle_first,9,0.9853661060333252,32
2,oracle_first,10,0.9814503192901611,32
3,dense_first,1,0.4816352427005768,32
3,dense_first,2,0.3831961154937744,32
3,dense_first,3,0.44490575790405273,32
3,dense_first,4,0.41463106870651245,32
3,dense_first,5,0.345253050327301,32
3,dense_first,6,0.3963351845741272,32
3,dense_first,7,0.2616540491580963,32
3,dense_first,8,0.23819607496261597,32
3,dense_first,9,0.2309078425168991,32
3,dense_first,10,0.21129220724105835,32
3,b0_first,1,0.26723551750183105,32
3,b0_first,2,0.23533938825130463,32
3,b0_first,3,0.22087407112121582,32
3,b0_first,4,0.21126973628997803,32
3,b0_first,5,0.19760367274284363,32
3,b0_first,6,0.18869070708751678,32
3,b0_first,7,0.1780189722776413,32
3,b0_first,8,0.17380312085151672,32
3,b0_first,9,0.16835379600524902,32
3,b0_first,10,0.16371671855449677,32
3,oracle_first,1,0.09421508014202118,32
3,oracle_first,2,0.11911511421203613,32
3,oracle_first,3,0.1392279863357544,32
3,oracle_first,4,0.15366822481155396,32
3,oracle_first,5,0.15177297592163086,32
3,oracle_first,6,0.14178699254989624,32
3,oracle_first,7,0.13887950778007507,32
3,oracle_first,8,0.1351904273033142,32
3,oracle_first,9,0.1273900866508484,32
3,oracle_first,10,0.12896192073822021,32
4,dense_first,1,1.9527697563171387,32
4,dense_first,2,2.149636745452881,32
4,dense_first,3,2.0026841163635254,32
4,dense_first,4,1.8183977603912354,32
4,dense_first,5,1.6301356554031372,32
4,dense_first,6,1.607093095779419,32
4,dense_first,7,1.648969292640686,32
4,dense_first,8,1.5781376361846924,32
4,dense_first,9,1.487697958946228,32
4,dense_first,10,1.4906244277954102,32
4,b0_first,1,1.270179271697998,32
4,b0_first,2,1.2452635765075684,32
4,b0_first,3,1.1798603534698486,32
4,b0_first,4,1.1543567180633545,32
4,b0_first,5,1.1147773265838623,32
4,b0_first,6,1.0860772132873535,32
4,b0_first,7,1.066357135772705,32
4,b0_first,8,1.0462242364883423,32
4,b0_first,9,1.0348615646362305,32
4,b0_first,10,1.0311692953109741,32
4,oracle_first,1,0.15887698531150818,32
4,oracle_first,2,0.3645102083683014,32
4,oracle_first,3,0.685202956199646,32
4,oracle_first,4,0.7233726382255554,32
4,oracle_first,5,0.7398396730422974,32
4,oracle_first,6,0.8028798699378967,32
4,oracle_first,7,0.8120603561401367,32
4,oracle_first,8,0.8414146304130554,32
4,oracle_first,9,0.828819751739502,32
4,oracle_first,10,0.8105218410491943,32
5,dense_first,1,1.1361217498779297,32
5,dense_first,2,0.8892468810081482,32
5,dense_first,3,0.7549446821212769,32
5,dense_first,4,0.6616857051849365,32
5,dense_first,5,0.6361562013626099,32
5,dense_first,6,0.6220731735229492,32
5,dense_first,7,0.6044833660125732,32
5,dense_first,8,0.5913520455360413,32
5,dense_first,9,0.5786926746368408,32
5,dense_first,10,0.5569285154342651,32
5,b0_first,1,0.45689907670021057,32
5,b0_first,2,0.44827407598495483,32
5,b0_first,3,0.44132673740386963,32
5,b0_first,4,0.4529503285884857,32
5,b0_first,5,0.4575096368789673,32
5,b0_first,6,0.45552903413772583,32
5,b0_first,7,0.4522111117839813,32
5,b0_first,8,0.4480437636375427,32
5,b0_first,9,0.4454728364944458,32
5,b0_first,10,0.4458392858505249,32
5,oracle_first,1,0.12490325421094894,32
5,oracle_first,2,0.296400785446167,32
5,oracle_first,3,0.37726929783821106,32
5,oracle_first,4,0.39205068349838257,32
5,oracle_first,5,0.4410533308982849,32
5,oracle_first,6,0.4773472249507904,32
5,oracle_first,7,0.4940129220485687,32
5,oracle_first,8,0.4963480532169342,32
5,oracle_first,9,0.49422121047973633,32
5,oracle_first,10,0.4822140038013458,32
6,dense_first,1,0.2608622908592224,32
6,dense_first,2,0.22201865911483765,32
6,dense_first,3,0.19667258858680725,32
6,dense_first,4,0.19059330224990845,32
6,dense_first,5,0.20908717811107635,32
6,dense_first,6,0.22518062591552734,32
6,dense_first,7,0.24158206582069397,32
6,dense_first,8,0.25881093740463257,32
6,dense_first,9,0.27465516328811646,32
6,dense_first,10,0.2864013910293579,32
6,b0_first,1,0.41109371185302734,32
6,b0_first,2,0.36219102144241333,32
6,b0_first,3,0.35990285873413086,32
6,b0_first,4,0.3594360947608948,32
6,b0_first,5,0.35460364818573,32
6,b0_first,6,0.3544064164161682,32
6,b0_first,7,0.34922632575035095,32
6,b0_first,8,0.3504074513912201,32
6,b0_first,9,0.3523380756378174,32
6,b0_first,10,0.35310375690460205,32
6,oracle_first,1,0.031148439273238182,32
6,oracle_first,2,0.09465517103672028,32
6,oracle_first,3,0.11922257393598557,32
6,oracle_first,4,0.1388516128063202,32
6,oracle_first,5,0.14968222379684448,32
6,oracle_first,6,0.15721386671066284,32
6,oracle_first,7,0.17753253877162933,32
6,oracle_first,8,0.19573163986206055,32
6,oracle_first,9,0.2212359756231308,32
6,oracle_first,10,0.21758772432804108,32
0,dense_first,1,1.2565504312515259,32
0,dense_first,2,1.0607573986053467,32
0,dense_first,3,1.0887775421142578,32
0,dense_first,4,1.0080797672271729,32
0,dense_first,5,0.9961307644844055,32
0,dense_first,6,0.9612789750099182,32
0,dense_first,7,0.9951958060264587,32
0,dense_first,8,0.982201099395752,32
0,dense_first,9,0.9520902633666992,32
0,dense_first,10,0.9196584820747375,32
0,b0_first,1,1.1189568042755127,32
0,b0_first,2,0.9657096862792969,32
0,b0_first,3,0.9309782385826111,32
0,b0_first,4,0.9216676354408264,32
0,b0_first,5,0.8835542798042297,32
0,b0_first,6,0.8761992454528809,32
0,b0_first,7,0.8592883944511414,32
0,b0_first,8,0.8471817970275879,32
0,b0_first,9,0.8354491591453552,32
0,b0_first,10,0.8292858600616455,32
0,oracle_first,1,0.1470337063074112,32
0,oracle_first,2,1.0895814895629883,32
0,oracle_first,3,1.053786039352417,32
0,oracle_first,4,1.0327188968658447,32
0,oracle_first,5,0.9929472208023071,32
0,oracle_first,6,0.9395331144332886,32
0,oracle_first,7,0.8653915524482727,32
0,oracle_first,8,0.8864411115646362,32
0,oracle_first,9,0.8892284631729126,32
0,oracle_first,10,0.893668532371521,32
1,dense_first,1,0.46211183071136475,32
1,dense_first,2,0.3297637104988098,32
1,dense_first,3,0.25189435482025146,32
1,dense_first,4,0.2308698147535324,32
1,dense_first,5,0.20970945060253143,32
1,dense_first,6,0.18831634521484375,32
1,dense_first,7,0.1875433474779129,32
1,dense_first,8,0.17897620797157288,32
1,dense_first,9,0.17103412747383118,32
1,dense_first,10,0.17285409569740295,32
1,b0_first,1,0.3748191297054291,32
1,b0_first,2,0.32123053073883057,32
1,b0_first,3,0.2825391888618469,32
1,b0_first,4,0.2582344710826874,32
1,b0_first,5,0.24411821365356445,32
1,b0_first,6,0.22423705458641052,32
1,b0_first,7,0.20877210795879364,32
1,b0_first,8,0.19851824641227722,32
1,b0_first,9,0.19312100112438202,32
1,b0_first,10,0.18813341856002808,32
1,oracle_first,1,0.10183462500572205,32
1,oracle_first,2,0.20682373642921448,32
1,oracle_first,3,0.20295652747154236,32
1,oracle_first,4,0.1874982714653015,32
1,oracle_first,5,0.17755484580993652,32
1,oracle_first,6,0.17182400822639465,32
1,oracle_first,7,0.16126328706741333,32
1,oracle_first,8,0.16561995446681976,32
1,oracle_first,9,0.17026281356811523,32
1,oracle_first,10,0.1597229391336441,32
2,dense_first,1,1.4063019752502441,32
2,dense_first,2,1.113634467124939,32
2,dense_first,3,1.009789228439331,32
2,dense_first,4,0.97027587890625,32
2,dense_first,5,0.9119352698326111,32
2,dense_first,6,0.8656607866287231,32
2,dense_first,7,0.857227623462677,32
2,dense_first,8,0.8598536849021912,32
2,dense_first,9,0.8088463544845581,32
2,dense_first,10,0.8127220869064331,32
2,b0_first,1,0.9858092069625854,32
2,b0_first,2,0.8838380575180054,32
2,b0_first,3,0.8980723023414612,32
2,b0_first,4,0.8459943532943726,32
2,b0_first,5,0.8331902027130127,32
2,b0_first,6,0.7934015989303589,32
2,b0_first,7,0.7802817225456238,32
2,b0_first,8,0.7694740891456604,32
2,b0_first,9,0.7693771123886108,32
2,b0_first,10,0.7578484416007996,32
2,oracle_first,1,0.11974325776100159,32
2,oracle_first,2,0.9320350289344788,32
2,oracle_first,3,0.960242509841919,32
2,oracle_first,4,0.9321619272232056,32
2,oracle_first,5,0.9060025215148926,32
2,oracle_first,6,0.9068276882171631,32
2,oracle_first,7,0.8921307325363159,32
2,oracle_first,8,0.8587977290153503,32
2,oracle_first,9,0.8393504619598389,32
2,oracle_first,10,0.8455772399902344,32
3,dense_first,1,0.6148827075958252,32
3,dense_first,2,0.5228925347328186,32
3,dense_first,3,0.4912464916706085,32
3,dense_first,4,0.40477120876312256,32
3,dense_first,5,0.332484632730484,32
3,dense_first,6,0.31783583760261536,32
3,dense_first,7,0.2708006501197815,32
3,dense_first,8,0.2533353865146637,32
3,dense_first,9,0.23404979705810547,32
3,dense_first,10,0.20192191004753113,32
3,b0_first,1,0.3201713263988495,32
3,b0_first,2,0.29696112871170044,32
3,b0_first,3,0.251816987991333,32
3,b0_first,4,0.22733581066131592,32
3,b0_first,5,0.21505966782569885,32
3,b0_first,6,0.2093583196401596,32
3,b0_first,7,0.19713521003723145,32
3,b0_first,8,0.19416144490242004,32
3,b0_first,9,0.19136150181293488,32
3,b0_first,10,0.18488237261772156,32
3,oracle_first,1,0.10042122006416321,32
3,oracle_first,2,0.11711184680461884,32
3,oracle_first,3,0.1248893141746521,32
3,oracle_first,4,0.12937310338020325,32
3,oracle_first,5,0.1269676387310028,32
3,oracle_first,6,0.12206471711397171,32
3,oracle_first,7,0.12566092610359192,32
3,oracle_first,8,0.1239713579416275,32
3,oracle_first,9,0.12459027767181396,32
3,oracle_first,10,0.12196613848209381,32
4,dense_first,1,2.4142165184020996,32
4,dense_first,2,2.496933698654175,32
4,dense_first,3,1.3781166076660156,32
4,dense_first,4,1.2808008193969727,32
4,dense_first,5,1.2331950664520264,32
4,dense_first,6,1.1254888772964478,32
4,dense_first,7,1.0899813175201416,32
4,dense_first,8,1.0679922103881836,32
4,dense_first,9,1.0264605283737183,32
4,dense_first,10,1.056107997894287,32
4,b0_first,1,1.584903359413147,32
4,b0_first,2,1.514552354812622,32
4,b0_first,3,1.4662147760391235,32
4,b0_first,4,1.3537442684173584,32
4,b0_first,5,1.262355089187622,32
4,b0_first,6,1.2198827266693115,32
4,b0_first,7,1.1822900772094727,32
4,b0_first,8,1.1392619609832764,32
4,b0_first,9,1.0805401802062988,32
4,b0_first,10,1.043241262435913,32
4,oracle_first,1,0.2633242607116699,32
4,oracle_first,2,0.5938888192176819,32
4,oracle_first,3,0.6908965110778809,32
4,oracle_first,4,0.7320563793182373,32
4,oracle_first,5,0.8188529014587402,32
4,oracle_first,6,0.8299221992492676,32
4,oracle_first,7,0.8220794200897217,32
4,oracle_first,8,0.8491713404655457,32
4,oracle_first,9,0.8383766412734985,32
4,oracle_first,10,0.8350174427032471,32
5,dense_first,1,0.34369713068008423,32
5,dense_first,2,0.405856728553772,32
5,dense_first,3,0.42382651567459106,32
5,dense_first,4,0.4461961090564728,32
5,dense_first,5,0.4755859375,32
5,dense_first,6,0.40111619234085083,32
5,dense_first,7,0.3822038471698761,32
5,dense_first,8,0.353307843208313,32
5,dense_first,9,0.3355552554130554,32
5,dense_first,10,0.3259895443916321,32
5,b0_first,1,0.39273735880851746,32
5,b0_first,2,0.31184670329093933,32
5,b0_first,3,0.2939256727695465,32
5,b0_first,4,0.3013615608215332,32
5,b0_first,5,0.29408299922943115,32
5,b0_first,6,0.28909873962402344,32
5,b0_first,7,0.26327160000801086,32
5,b0_first,8,0.260385125875473,32
5,b0_first,9,0.26204466819763184,32
5,b0_first,10,0.2580799162387848,32
5,oracle_first,1,0.05513615906238556,32
5,oracle_first,2,0.11991195380687714,32
5,oracle_first,3,0.16003134846687317,32
5,oracle_first,4,0.2158965915441513,32
5,oracle_first,5,0.23805265128612518,32
5,oracle_first,6,0.24221444129943848,32
5,oracle_first,7,0.22967292368412018,32
5,oracle_first,8,0.22446931898593903,32
5,oracle_first,9,0.22936958074569702,32
5,oracle_first,10,0.23242682218551636,32
6,dense_first,1,0.14583609998226166,32
6,dense_first,2,0.1388862282037735,32
6,dense_first,3,0.1381034255027771,32
6,dense_first,4,0.151417076587677,32
6,dense_first,5,0.15799766778945923,32
6,dense_first,6,0.16643813252449036,32
6,dense_first,7,0.20962996780872345,32
6,dense_first,8,0.24874091148376465,32
6,dense_first,9,0.24891740083694458,32
6,dense_first,10,0.2549363970756531,32
6,b0_first,1,0.25258639454841614,32
6,b0_first,2,0.2197043001651764,32
6,b0_first,3,0.21169741451740265,32
6,b0_first,4,0.19643810391426086,32
6,b0_first,5,0.19372805953025818,32
6,b0_first,6,0.19606101512908936,32
6,b0_first,7,0.1891990602016449,32
6,b0_first,8,0.1813855916261673,32
6,b0_first,9,0.17966456711292267,32
6,b0_first,10,0.1766919046640396,32
6,oracle_first,1,0.025047993287444115,32
6,oracle_first,2,0.09691931307315826,32
6,oracle_first,3,0.11696429550647736,32
6,oracle_first,4,0.12340425699949265,32
6,oracle_first,5,0.12049046158790588,32
6,oracle_first,6,0.12402930110692978,32
6,oracle_first,7,0.12794244289398193,32
6,oracle_first,8,0.13415873050689697,32
6,oracle_first,9,0.1275375336408615,32
6,oracle_first,10,0.12922044098377228,32
0,dense_first,1,1.3341777324676514,32
0,dense_first,2,1.0940123796463013,32
0,dense_first,3,0.9784305691719055,32
0,dense_first,4,0.9576895833015442,32
0,dense_first,5,0.9147294759750366,32
0,dense_first,6,0.9246189594268799,32
0,dense_first,7,0.9042701721191406,32
0,dense_first,8,0.9028213024139404,32
0,dense_first,9,0.896199107170105,32
0,dense_first,10,0.8824305534362793,32
0,b0_first,1,1.0952472686767578,32
0,b0_first,2,1.0048654079437256,32
0,b0_first,3,0.9410630464553833,32
0,b0_first,4,0.9079617261886597,32
0,b0_first,5,0.8614214658737183,32
0,b0_first,6,0.8359782695770264,32
0,b0_first,7,0.8224678635597229,32
0,b0_first,8,0.811760425567627,32
0,b0_first,9,0.8050392866134644,32
0,b0_first,10,0.8017826676368713,32
0,oracle_first,1,0.23969145119190216,32
0,oracle_first,2,0.7276822328567505,32
0,oracle_first,3,0.8063417673110962,32
0,oracle_first,4,0.7956247925758362,32
0,oracle_first,5,0.7915602326393127,32
0,oracle_first,6,0.8037267923355103,32
0,oracle_first,7,0.8190028667449951,32
0,oracle_first,8,0.8366048336029053,32
0,oracle_first,9,0.8199560642242432,32
0,oracle_first,10,0.8243670463562012,32
1,dense_first,1,0.7075197100639343,32
1,dense_first,2,0.5088628530502319,32
1,dense_first,3,0.35564541816711426,32
1,dense_first,4,0.2662044167518616,32
1,dense_first,5,0.2488696426153183,32
1,dense_first,6,0.2426111400127411,32
1,dense_first,7,0.23363596200942993,32
1,dense_first,8,0.24135993421077728,32
1,dense_first,9,0.2407660335302353,32
1,dense_first,10,0.22309017181396484,32
1,b0_first,1,0.32609808444976807,32
1,b0_first,2,0.285398006439209,32
1,b0_first,3,0.2539011538028717,32
1,b0_first,4,0.2364625334739685,32
1,b0_first,5,0.21615496277809143,32
1,b0_first,6,0.20518940687179565,32
1,b0_first,7,0.19697394967079163,32
1,b0_first,8,0.18497821688652039,32
1,b0_first,9,0.18702946603298187,32
1,b0_first,10,0.1827707439661026,32
1,oracle_first,1,0.10420412570238113,32
1,oracle_first,2,0.17530933022499084,32
1,oracle_first,3,0.17608609795570374,32
1,oracle_first,4,0.16053622961044312,32
1,oracle_first,5,0.15271341800689697,32
1,oracle_first,6,0.14445221424102783,32
1,oracle_first,7,0.1474151760339737,32
1,oracle_first,8,0.1441049873828888,32
1,oracle_first,9,0.15981514751911163,32
1,oracle_first,10,0.16106784343719482,32
2,dense_first,1,1.1132177114486694,32
2,dense_first,2,0.8552340269088745,32
2,dense_first,3,0.8230171203613281,32
2,dense_first,4,0.74567711353302,32
2,dense_first,5,0.7259918451309204,32
2,dense_first,6,0.7227786779403687,32
2,dense_first,7,0.716902494430542,32
2,dense_first,8,0.7099554538726807,32
2,dense_first,9,0.7129203677177429,32
2,dense_first,10,0.7040746212005615,32
2,b0_first,1,0.9939714670181274,32
2,b0_first,2,0.8701655268669128,32
2,b0_first,3,0.848656177520752,32
2,b0_first,4,0.8094120025634766,32
2,b0_first,5,0.765768826007843,32
2,b0_first,6,0.7479650974273682,32
2,b0_first,7,0.7335162162780762,32
2,b0_first,8,0.7107553482055664,32
2,b0_first,9,0.7027239799499512,32
2,b0_first,10,0.6932625770568848,32
2,oracle_first,1,0.20279166102409363,32
2,oracle_first,2,0.7551787495613098,32
2,oracle_first,3,0.6472830176353455,32
2,oracle_first,4,0.726148247718811,32
2,oracle_first,5,0.6764441728591919,32
2,oracle_first,6,0.692397952079773,32
2,oracle_first,7,0.6667622327804565,32
2,oracle_first,8,0.6787084341049194,32
2,oracle_first,9,0.6866399049758911,32
2,oracle_first,10,0.6907026767730713,32
3,dense_first,1,0.6851433515548706,32
3,dense_first,2,0.5735731720924377,32
3,dense_first,3,0.4392993152141571,32
3,dense_first,4,0.40178611874580383,32
3,dense_first,5,0.366128146648407,32
3,dense_first,6,0.3561428189277649,32
3,dense_first,7,0.32561561465263367,32
3,dense_first,8,0.289695680141449,32
3,dense_first,9,0.21670955419540405,32
3,dense_first,10,0.1980193704366684,32
3,b0_first,1,0.29400789737701416,32
3,b0_first,2,0.26749110221862793,32
3,b0_first,3,0.25943073630332947,32
3,b0_first,4,0.2431722730398178,32
3,b0_first,5,0.23284323513507843,32
3,b0_first,6,0.22416460514068604,32
3,b0_first,7,0.21584206819534302,32
3,b0_first,8,0.20484429597854614,32
3,b0_first,9,0.19747617840766907,32
3,b0_first,10,0.19085539877414703,32
3,oracle_first,1,0.09752235561609268,32
3,oracle_first,2,0.12027536332607269,32
3,oracle_first,3,0.144019216299057,32
3,oracle_first,4,0.14858749508857727,32
3,oracle_first,5,0.1522747278213501,32
3,oracle_first,6,0.1542559266090393,32
3,oracle_first,7,0.14542502164840698,32
3,oracle_first,8,0.14318719506263733,32
3,oracle_first,9,0.1361384391784668,32
3,oracle_first,10,0.13118097186088562,32
4,dense_first,1,2.408529043197632,32
4,dense_first,2,1.549513816833496,32
4,dense_first,3,1.3290250301361084,32
4,dense_first,4,1.1978559494018555,32
4,dense_first,5,1.1239253282546997,32
4,dense_first,6,1.122755527496338,32
4,dense_first,7,1.043438196182251,32
4,dense_first,8,0.9853236675262451,32
4,dense_first,9,0.9682208299636841,32
4,dense_first,10,0.9771496653556824,32
4,b0_first,1,1.2430604696273804,32
4,b0_first,2,1.2127091884613037,32
4,b0_first,3,1.1563990116119385,32
4,b0_first,4,1.108543872833252,32
4,b0_first,5,1.0718225240707397,32
4,b0_first,6,0.999648928642273,32
4,b0_first,7,0.9888675212860107,32
4,b0_first,8,0.9579630494117737,32
4,b0_first,9,0.9497754573822021,32
4,b0_first,10,0.9274059534072876,32
4,oracle_first,1,0.24311262369155884,32
4,oracle_first,2,0.2725432813167572,32
4,oracle_first,3,0.35989588499069214,32
4,oracle_first,4,0.40858548879623413,32
4,oracle_first,5,0.45028039813041687,32
4,oracle_first,6,0.5241092443466187,32
4,oracle_first,7,0.5575520992279053,32
4,oracle_first,8,0.5799192190170288,32
4,oracle_first,9,0.5804853439331055,32
4,oracle_first,10,0.6354302763938904,32
5,dense_first,1,0.3228220045566559,32
5,dense_first,2,0.26428547501564026,32
5,dense_first,3,0.3664971590042114,32
5,dense_first,4,0.3319277763366699,32
5,dense_first,5,0.315213680267334,32
5,dense_first,6,0.2849062979221344,32
5,dense_first,7,0.27570563554763794,32
5,dense_first,8,0.26354455947875977,32
5,dense_first,9,0.23601803183555603,32
5,dense_first,10,0.2333957403898239,32
5,b0_first,1,0.8524330258369446,32
5,b0_first,2,0.726065993309021,32
5,b0_first,3,0.6265408992767334,32
5,b0_first,4,0.5633120536804199,32
5,b0_first,5,0.5171390175819397,32
5,b0_first,6,0.5012475848197937,32
5,b0_first,7,0.477047324180603,32
5,b0_first,8,0.4636450707912445,32
5,b0_first,9,0.4482010006904602,32
5,b0_first,10,0.402660995721817,32
5,oracle_first,1,0.07092952728271484,32
5,oracle_first,2,0.12850187718868256,32
5,oracle_first,3,0.13512296974658966,32
5,oracle_first,4,0.2165192812681198,32
5,oracle_first,5,0.21049001812934875,32
5,oracle_first,6,0.20513007044792175,32
5,oracle_first,7,0.18832722306251526,32
5,oracle_first,8,0.18152564764022827,32
5,oracle_first,9,0.18129552900791168,32
5,oracle_first,10,0.17573699355125427,32
6,dense_first,1,0.19547292590141296,32
6,dense_first,2,0.1966739296913147,32
6,dense_first,3,0.21217837929725647,32
6,dense_first,4,0.20688161253929138,32
6,dense_first,5,0.2117358148097992,32
6,dense_first,6,0.2009754180908203,32
6,dense_first,7,0.18178659677505493,32
6,dense_first,8,0.1820669323205948,32
6,dense_first,9,0.2151668220758438,32
6,dense_first,10,0.23147833347320557,32
6,b0_first,1,0.13407808542251587,32
6,b0_first,2,0.1072196513414383,32
6,b0_first,3,0.09100319445133209,32
6,b0_first,4,0.083131343126297,32
6,b0_first,5,0.07806909084320068,32
6,b0_first,6,0.0735744908452034,32
6,b0_first,7,0.06805548816919327,32
6,b0_first,8,0.06553106009960175,32
6,b0_first,9,0.06536178290843964,32
6,b0_first,10,0.06298568844795227,32
6,oracle_first,1,0.015110927633941174,32
6,oracle_first,2,0.028064455837011337,32
6,oracle_first,3,0.02403838559985161,32
6,oracle_first,4,0.02619544416666031,32
6,oracle_first,5,0.030896279960870743,32
6,oracle_first,6,0.03463996946811676,32
6,oracle_first,7,0.037611812353134155,32
6,oracle_first,8,0.03956875205039978,32
6,oracle_first,9,0.04211018234491348,32
6,oracle_first,10,0.04836155101656914,32
0,dense_first,1,2.607232093811035,32
0,dense_first,2,2.345400094985962,32
0,dense_first,3,2.1792118549346924,32
0,dense_first,4,2.1229398250579834,32
0,dense_first,5,2.107542037963867,32
0,dense_first,6,2.0456860065460205,32
0,dense_first,7,1.9997055530548096,32
0,dense_first,8,1.9819223880767822,32
0,dense_first,9,1.8917207717895508,32
0,dense_first,10,1.8711447715759277,32
0,b0_first,1,1.6094679832458496,32
0,b0_first,2,1.6014432907104492,32
0,b0_first,3,1.6155259609222412,32
0,b0_first,4,1.5877517461776733,32
0,b0_first,5,1.588646411895752,32
0,b0_first,6,1.5883734226226807,32
0,b0_first,7,1.5946807861328125,32
0,b0_first,8,1.599510908126831,32
0,b0_first,9,1.5920729637145996,32
0,b0_first,10,1.5908533334732056,32
0,oracle_first,1,0.43179750442504883,32
0,oracle_first,2,0.9387734532356262,32
0,oracle_first,3,1.2281403541564941,32
0,oracle_first,4,1.3491891622543335,32
0,oracle_first,5,1.3915244340896606,32
0,oracle_first,6,1.4049999713897705,32
0,oracle_first,7,1.4927399158477783,32
0,oracle_first,8,1.5049711465835571,32
0,oracle_first,9,1.5218220949172974,32
0,oracle_first,10,1.5159122943878174,32
1,dense_first,1,0.7861984372138977,32
1,dense_first,2,0.6969661116600037,32
1,dense_first,3,0.6501142978668213,32
1,dense_first,4,0.7005008459091187,32
1,dense_first,5,0.5937913060188293,32
1,dense_first,6,0.5825710296630859,32
1,dense_first,7,0.5846800804138184,32
1,dense_first,8,0.5618718862533569,32
1,dense_first,9,0.5420836210250854,32
1,dense_first,10,0.5357933044433594,32
1,b0_first,1,0.8014084100723267,32
1,b0_first,2,0.7375705242156982,32
1,b0_first,3,0.7049514055252075,32
1,b0_first,4,0.6955915689468384,32
1,b0_first,5,0.6432861685752869,32
1,b0_first,6,0.6315153241157532,32
1,b0_first,7,0.6214718818664551,32
1,b0_first,8,0.6195823550224304,32
1,b0_first,9,0.6077384352684021,32
1,b0_first,10,0.5944167971611023,32
1,oracle_first,1,0.21052737534046173,32
1,oracle_first,2,0.4268109202384949,32
1,oracle_first,3,0.44430410861968994,32
1,oracle_first,4,0.44505465030670166,32
1,oracle_first,5,0.46407458186149597,32
1,oracle_first,6,0.43796026706695557,32
1,oracle_first,7,0.4276677668094635,32
1,oracle_first,8,0.44627904891967773,32
1,oracle_first,9,0.46222591400146484,32
1,oracle_first,10,0.45844072103500366,32
2,dense_first,1,2.078798294067383,32
2,dense_first,2,1.998647689819336,32
2,dense_first,3,1.9631423950195312,32
2,dense_first,4,1.9348039627075195,32
2,dense_first,5,1.8946458101272583,32
2,dense_first,6,1.8655180931091309,32
2,dense_first,7,1.8371961116790771,32
2,dense_first,8,1.7930492162704468,32
2,dense_first,9,1.784134864807129,32
2,dense_first,10,1.7555863857269287,32
2,b0_first,1,1.5708448886871338,32
2,b0_first,2,1.5044631958007812,32
2,b0_first,3,1.4988441467285156,32
2,b0_first,4,1.4890981912612915,32
2,b0_first,5,1.4868934154510498,32
2,b0_first,6,1.4871764183044434,32
2,b0_first,7,1.4919744729995728,32
2,b0_first,8,1.4939095973968506,32
2,b0_first,9,1.4780981540679932,32
2,b0_first,10,1.4789783954620361,32
2,oracle_first,1,0.3356879949569702,32
2,oracle_first,2,0.9762570261955261,32
2,oracle_first,3,1.1300861835479736,32
2,oracle_first,4,1.150709867477417,32
2,oracle_first,5,1.1518568992614746,32
2,oracle_first,6,1.161684274673462,32
2,oracle_first,7,1.1786150932312012,32
2,oracle_first,8,1.2124699354171753,32
2,oracle_first,9,1.2175350189208984,32
2,oracle_first,10,1.206117033958435,32
3,dense_first,1,0.7715904712677002,32
3,dense_first,2,0.5910556316375732,32
3,dense_first,3,0.5884246826171875,32
3,dense_first,4,0.5659609436988831,32
3,dense_first,5,0.5734946727752686,32
3,dense_first,6,0.5486611127853394,32
3,dense_first,7,0.523149311542511,32
3,dense_first,8,0.5172098278999329,32
3,dense_first,9,0.5027408003807068,32
3,dense_first,10,0.4916360378265381,32
3,b0_first,1,0.5264018774032593,32
3,b0_first,2,0.4967542290687561,32
3,b0_first,3,0.4707971215248108,32
3,b0_first,4,0.4574894905090332,32
3,b0_first,5,0.4519782066345215,32
3,b0_first,6,0.45216092467308044,32
3,b0_first,7,0.45137137174606323,32
3,b0_first,8,0.44935324788093567,32
3,b0_first,9,0.4433635473251343,32
3,b0_first,10,0.44148826599121094,32
3,oracle_first,1,0.20683541893959045,32
3,oracle_first,2,0.28036776185035706,32
3,oracle_first,3,0.31119710206985474,32
3,oracle_first,4,0.3250190019607544,32
3,oracle_first,5,0.3309590518474579,32
3,oracle_first,6,0.33115914463996887,32
3,oracle_first,7,0.3456861078739166,32
3,oracle_first,8,0.3453821539878845,32
3,oracle_first,9,0.36384397745132446,32
3,oracle_first,10,0.37209784984588623,32
4,dense_first,1,1.9653353691101074,32
4,dense_first,2,1.919783115386963,32
4,dense_first,3,1.6463279724121094,32
4,dense_first,4,1.4799377918243408,32
4,dense_first,5,1.3239740133285522,32
4,dense_first,6,1.2252230644226074,32
4,dense_first,7,1.1826913356781006,32
4,dense_first,8,1.1354973316192627,32
4,dense_first,9,1.0964257717132568,32
4,dense_first,10,1.0474963188171387,32
4,b0_first,1,1.295249104499817,32
4,b0_first,2,1.23861825466156,32
4,b0_first,3,1.1859893798828125,32
4,b0_first,4,1.1552000045776367,32
4,b0_first,5,1.1269347667694092,32
4,b0_first,6,1.1205289363861084,32
4,b0_first,7,1.1082346439361572,32
4,b0_first,8,1.0814234018325806,32
4,b0_first,9,1.079011082649231,32
4,b0_first,10,1.0637621879577637,32
4,oracle_first,1,0.319754958152771,32
4,oracle_first,2,0.4843974709510803,32
4,oracle_first,3,0.692252516746521,32
4,oracle_first,4,0.7805777192115784,32
4,oracle_first,5,0.8069204092025757,32
4,oracle_first,6,0.8544411063194275,32
4,oracle_first,7,0.8516383171081543,32
4,oracle_first,8,0.8766838908195496,32
4,oracle_first,9,0.892745316028595,32
4,oracle_first,10,0.8984506726264954,32
5,dense_first,1,0.5976437330245972,32
5,dense_first,2,0.46783334016799927,32
5,dense_first,3,0.40684080123901367,32
5,dense_first,4,0.3436996340751648,32
5,dense_first,5,0.3404039144515991,32
5,dense_first,6,0.32408586144447327,32
5,dense_first,7,0.3262500762939453,32
5,dense_first,8,0.3096831440925598,32
5,dense_first,9,0.3028661608695984,32
5,dense_first,10,0.2813028395175934,32
5,b0_first,1,0.3156028985977173,32
5,b0_first,2,0.29550495743751526,32
5,b0_first,3,0.27282172441482544,32
5,b0_first,4,0.26402151584625244,32
5,b0_first,5,0.24556052684783936,32
5,b0_first,6,0.257650226354599,32
5,b0_first,7,0.24622853100299835,32
5,b0_first,8,0.24080683290958405,32
5,b0_first,9,0.2392192780971527,32
5,b0_first,10,0.22964325547218323,32
5,oracle_first,1,0.08459875732660294,32
5,oracle_first,2,0.1283007264137268,32
5,oracle_first,3,0.13552480936050415,32
5,oracle_first,4,0.14664490520954132,32
5,oracle_first,5,0.15359720587730408,32
5,oracle_first,6,0.18180732429027557,32
5,oracle_first,7,0.1749318242073059,32
5,oracle_first,8,0.17442753911018372,32
5,oracle_first,9,0.17013698816299438,32
5,oracle_first,10,0.16553443670272827,32
6,dense_first,1,0.1643225997686386,32
6,dense_first,2,0.13998886942863464,32
6,dense_first,3,0.12326216697692871,32
6,dense_first,4,0.09585750102996826,32
6,dense_first,5,0.08427557349205017,32
6,dense_first,6,0.08359938859939575,32
6,dense_first,7,0.07645590603351593,32
6,dense_first,8,0.07359665632247925,32
6,dense_first,9,0.05475305765867233,32
6,dense_first,10,0.05209186300635338,32
6,b0_first,1,0.11380667239427567,32
6,b0_first,2,0.09699852764606476,32
6,b0_first,3,0.08759403228759766,32
6,b0_first,4,0.07339981198310852,32
6,b0_first,5,0.0672864094376564,32
6,b0_first,6,0.060945529490709305,32
6,b0_first,7,0.05838702991604805,32
6,b0_first,8,0.05983065068721771,32
6,b0_first,9,0.05780310556292534,32
6,b0_first,10,0.05281724035739899,32
6,oracle_first,1,0.018000725656747818,32
6,oracle_first,2,0.035039015114307404,32
6,oracle_first,3,0.03988630324602127,32
6,oracle_first,4,0.037363048642873764,32
6,oracle_first,5,0.039588212966918945,32
6,oracle_first,6,0.04005838930606842,32
6,oracle_first,7,0.04140927642583847,32
6,oracle_first,8,0.04559783637523651,32
6,oracle_first,9,0.04659462720155716,32
6,oracle_first,10,0.0426039956510067,32
0,dense_first,1,4.090083122253418,32
0,dense_first,2,3.811016082763672,32
0,dense_first,3,3.6264114379882812,32
0,dense_first,4,3.5844614505767822,32
0,dense_first,5,3.5503382682800293,32
0,dense_first,6,3.5231637954711914,32
0,dense_first,7,3.419752597808838,32
0,dense_first,8,3.370516300201416,32
0,dense_first,9,3.354133367538452,32
0,dense_first,10,3.304466724395752,32
0,b0_first,1,3.441894054412842,32
0,b0_first,2,3.419057846069336,32
0,b0_first,3,3.4147911071777344,32
0,b0_first,4,3.376347780227661,32
0,b0_first,5,3.376190185546875,32
0,b0_first,6,3.344170331954956,32
0,b0_first,7,3.3300137519836426,32
0,b0_first,8,3.306067943572998,32
0,b0_first,9,3.2910289764404297,32
0,b0_first,10,3.2779769897460938,32
0,oracle_first,1,0.474031001329422,32
0,oracle_first,2,2.7810840606689453,32
0,oracle_first,3,3.006253242492676,32
0,oracle_first,4,2.995102882385254,32
0,oracle_first,5,3.032285213470459,32
0,oracle_first,6,3.0639443397521973,32
0,oracle_first,7,3.079115152359009,32
0,oracle_first,8,3.0852270126342773,32
0,oracle_first,9,3.076690673828125,32
0,oracle_first,10,3.055964469909668,32
1,dense_first,1,1.0390610694885254,32
1,dense_first,2,0.9673703908920288,32
1,dense_first,3,0.8636475205421448,32
1,dense_first,4,0.8645857572555542,32
1,dense_first,5,0.8589736819267273,32
1,dense_first,6,0.8053563237190247,32
1,dense_first,7,0.8133143186569214,32
1,dense_first,8,0.7941830158233643,32
1,dense_first,9,0.7493568658828735,32
1,dense_first,10,0.7379775047302246,32
1,b0_first,1,0.8416354656219482,32
1,b0_first,2,0.8116393089294434,32
1,b0_first,3,0.8016922473907471,32
1,b0_first,4,0.7844754457473755,32
1,b0_first,5,0.7648405432701111,32
1,b0_first,6,0.7596852779388428,32
1,b0_first,7,0.7441067695617676,32
1,b0_first,8,0.7387639284133911,32
1,b0_first,9,0.7265188694000244,32
1,b0_first,10,0.7218400239944458,32
1,oracle_first,1,0.3193736970424652,32
1,oracle_first,2,0.5155829191207886,32
1,oracle_first,3,0.5576510429382324,32
1,oracle_first,4,0.5556185841560364,32
1,oracle_first,5,0.5500245690345764,32
1,oracle_first,6,0.5591286420822144,32
1,oracle_first,7,0.5656663179397583,32
1,oracle_first,8,0.5771278142929077,32
1,oracle_first,9,0.5826491713523865,32
1,oracle_first,10,0.5774919390678406,32
2,dense_first,1,3.952479362487793,32
2,dense_first,2,3.6714701652526855,32
2,dense_first,3,3.5374512672424316,32
2,dense_first,4,3.4236717224121094,32
2,dense_first,5,3.426168203353882,32
2,dense_first,6,3.426074981689453,32
2,dense_first,7,3.332732677459717,32
2,dense_first,8,3.3017616271972656,32
2,dense_first,9,3.2841718196868896,32
2,dense_first,10,3.2697715759277344,32
2,b0_first,1,3.816488265991211,32
2,b0_first,2,3.7962801456451416,32
2,b0_first,3,3.7058277130126953,32
2,b0_first,4,3.657132625579834,32
2,b0_first,5,3.618912935256958,32
2,b0_first,6,3.57658314704895,32
2,b0_first,7,3.573549270629883,32
2,b0_first,8,3.5586659908294678,32
2,b0_first,9,3.522245407104492,32
2,b0_first,10,3.4977777004241943,32
2,oracle_first,1,0.36560559272766113,32
2,oracle_first,2,2.6078543663024902,32
2,oracle_first,3,2.88273286819458,32
2,oracle_first,4,2.8936710357666016,32
2,oracle_first,5,2.899409532546997,32
2,oracle_first,6,2.8921573162078857,32
2,oracle_first,7,2.9123804569244385,32
2,oracle_first,8,2.8699657917022705,32
2,oracle_first,9,2.8675966262817383,32
2,oracle_first,10,2.860292911529541,32
3,dense_first,1,1.3347373008728027,32
3,dense_first,2,1.0485477447509766,32
3,dense_first,3,0.9102599620819092,32
3,dense_first,4,0.9360377788543701,32
3,dense_first,5,0.845798134803772,32
3,dense_first,6,0.8321397304534912,32
3,dense_first,7,0.7588775753974915,32
3,dense_first,8,0.7594896554946899,32
3,dense_first,9,0.7423868179321289,32
3,dense_first,10,0.7227978706359863,32
3,b0_first,1,0.7339456081390381,32
3,b0_first,2,0.7191474437713623,32
3,b0_first,3,0.7050403356552124,32
3,b0_first,4,0.7037758827209473,32
3,b0_first,5,0.6944754123687744,32
3,b0_first,6,0.69065922498703,32
3,b0_first,7,0.6883172392845154,32
3,b0_first,8,0.686779260635376,32
3,b0_first,9,0.6819236278533936,32
3,b0_first,10,0.6794849634170532,32
3,oracle_first,1,0.3121705651283264,32
3,oracle_first,2,0.4469076693058014,32
3,oracle_first,3,0.4835662841796875,32
3,oracle_first,4,0.49697554111480713,32
3,oracle_first,5,0.5280473828315735,32
3,oracle_first,6,0.5513472557067871,32
3,oracle_first,7,0.5573582649230957,32
3,oracle_first,8,0.5742003917694092,32
3,oracle_first,9,0.5758310556411743,32
3,oracle_first,10,0.5827666521072388,32
4,dense_first,1,1.9614228010177612,32
4,dense_first,2,2.4065890312194824,32
4,dense_first,3,2.023477077484131,32
4,dense_first,4,1.4857847690582275,32
4,dense_first,5,1.4567921161651611,32
4,dense_first,6,1.3456306457519531,32
4,dense_first,7,1.196407675743103,32
4,dense_first,8,1.214151382446289,32
4,dense_first,9,1.2137879133224487,32
4,dense_first,10,1.1456103324890137,32
4,b0_first,1,1.062136173248291,32
4,b0_first,2,1.0598571300506592,32
4,b0_first,3,1.0550786256790161,32
4,b0_first,4,1.007214903831482,32
4,b0_first,5,0.9970250129699707,32
4,b0_first,6,0.9856811761856079,32
4,b0_first,7,0.9791802763938904,32
4,b0_first,8,0.9658377766609192,32
4,b0_first,9,0.9670848846435547,32
4,b0_first,10,0.9546940326690674,32
4,oracle_first,1,0.3536612093448639,32
4,oracle_first,2,0.9095792174339294,32
4,oracle_first,3,0.9051588773727417,32
4,oracle_first,4,0.9276741743087769,32
4,oracle_first,5,0.9070659875869751,32
4,oracle_first,6,0.8937236070632935,32
4,oracle_first,7,0.8813309669494629,32
4,oracle_first,8,0.8641884326934814,32
4,oracle_first,9,0.8798254728317261,32
4,oracle_first,10,0.924606204032898,32
5,dense_first,1,0.5562212467193604,32
5,dense_first,2,0.5091893672943115,32
5,dense_first,3,0.4564914107322693,32
5,dense_first,4,0.36795324087142944,32
5,dense_first,5,0.32998335361480713,32
5,dense_first,6,0.30459901690483093,32
5,dense_first,7,0.2740640342235565,32
5,dense_first,8,0.2607256770133972,32
5,dense_first,9,0.2751805782318115,32
5,dense_first,10,0.23976664245128632,32
5,b0_first,1,0.2612720727920532,32
5,b0_first,2,0.25349143147468567,32
5,b0_first,3,0.24820078909397125,32
5,b0_first,4,0.245494544506073,32
5,b0_first,5,0.2413136065006256,32
5,b0_first,6,0.2378149777650833,32
5,b0_first,7,0.23377034068107605,32
5,b0_first,8,0.2318657636642456,32
5,b0_first,9,0.2210806906223297,32
5,b0_first,10,0.21854659914970398,32
5,oracle_first,1,0.08152517676353455,32
5,oracle_first,2,0.15523147583007812,32
5,oracle_first,3,0.16257336735725403,32
5,oracle_first,4,0.19223099946975708,32
5,oracle_first,5,0.17901156842708588,32
5,oracle_first,6,0.17843462526798248,32
5,oracle_first,7,0.17920634150505066,32
5,oracle_first,8,0.1725011169910431,32
5,oracle_first,9,0.17371654510498047,32
5,oracle_first,10,0.18116843700408936,32
6,dense_first,1,0.24321670830249786,32
6,dense_first,2,0.21153047680854797,32
6,dense_first,3,0.19391879439353943,32
6,dense_first,4,0.17252737283706665,32
6,dense_first,5,0.12862539291381836,32
6,dense_first,6,0.10946120321750641,32
6,dense_first,7,0.09803210943937302,32
6,dense_first,8,0.08875691890716553,32
6,dense_first,9,0.08541005104780197,32
6,dense_first,10,0.0865570604801178,32
6,b0_first,1,0.13479290902614594,32
6,b0_first,2,0.11484978348016739,32
6,b0_first,3,0.0930231511592865,32
6,b0_first,4,0.08754599094390869,32
6,b0_first,5,0.0820348784327507,32
6,b0_first,6,0.07157561928033829,32
6,b0_first,7,0.06616745889186859,32
6,b0_first,8,0.06377813220024109,32
6,b0_first,9,0.06226241961121559,32
6,b0_first,10,0.05991687625646591,32
6,oracle_first,1,0.019224021583795547,32
6,oracle_first,2,0.03920233994722366,32
6,oracle_first,3,0.045012835413217545,32
6,oracle_first,4,0.04760805517435074,32
6,oracle_first,5,0.04966656118631363,32
6,oracle_first,6,0.04068460687994957,32
6,oracle_first,7,0.03717151656746864,32
6,oracle_first,8,0.03889850154519081,32
6,oracle_first,9,0.03590282052755356,32
6,oracle_first,10,0.03673917055130005,32
0,dense_first,1,4.027899742126465,32
0,dense_first,2,3.4989473819732666,32
0,dense_first,3,3.130540370941162,32
0,dense_first,4,3.0041515827178955,32
0,dense_first,5,2.8051505088806152,32
0,dense_first,6,2.632007360458374,32
0,dense_first,7,2.638688564300537,32
0,dense_first,8,2.558718681335449,32
0,dense_first,9,2.443493604660034,32
0,dense_first,10,2.3774733543395996,32
0,b0_first,1,2.6113123893737793,32
0,b0_first,2,2.5597221851348877,32
0,b0_first,3,2.4973578453063965,32
0,b0_first,4,2.4481091499328613,32
0,b0_first,5,2.4322738647460938,32
0,b0_first,6,2.4147696495056152,32
0,b0_first,7,2.415347099304199,32
0,b0_first,8,2.41481614112854,32
0,b0_first,9,2.3984174728393555,32
0,b0_first,10,2.393737316131592,32
0,oracle_first,1,0.4650167226791382,32
0,oracle_first,2,1.7610938549041748,32
0,oracle_first,3,2.0878446102142334,32
0,oracle_first,4,2.1815829277038574,32
0,oracle_first,5,2.2510972023010254,32
0,oracle_first,6,2.195333242416382,32
0,oracle_first,7,2.254443883895874,32
0,oracle_first,8,2.2104644775390625,32
0,oracle_first,9,2.206266403198242,32
0,oracle_first,10,2.190042018890381,32
1,dense_first,1,1.1963214874267578,32
1,dense_first,2,1.2775590419769287,32
1,dense_first,3,1.1843829154968262,32
1,dense_first,4,1.241829514503479,32
1,dense_first,5,1.192218542098999,32
1,dense_first,6,1.1476597785949707,32
1,dense_first,7,1.1470080614089966,32
1,dense_first,8,1.0951626300811768,32
1,dense_first,9,1.0845006704330444,32
1,dense_first,10,1.0269081592559814,32
1,b0_first,1,1.1143990755081177,32
1,b0_first,2,1.1042423248291016,32
1,b0_first,3,1.0836610794067383,32
1,b0_first,4,1.082381248474121,32
1,b0_first,5,1.068755865097046,32
1,b0_first,6,1.0640006065368652,32
1,b0_first,7,1.0505918264389038,32
1,b0_first,8,1.0379537343978882,32
1,b0_first,9,1.0263193845748901,32
1,b0_first,10,1.0257903337478638,32
1,oracle_first,1,0.37216824293136597,32
1,oracle_first,2,0.8553644418716431,32
1,oracle_first,3,0.8739594221115112,32
1,oracle_first,4,0.8906002044677734,32
1,oracle_first,5,0.9087990522384644,32
1,oracle_first,6,0.9253537058830261,32
1,oracle_first,7,0.9347852468490601,32
1,oracle_first,8,0.9514738321304321,32
1,oracle_first,9,0.9488071203231812,32
1,oracle_first,10,0.9270873069763184,32
2,dense_first,1,3.5202019214630127,32
2,dense_first,2,2.791611433029175,32
2,dense_first,3,2.587028741836548,32
2,dense_first,4,2.381112575531006,32
2,dense_first,5,2.4157276153564453,32
2,dense_first,6,2.299931764602661,32
2,dense_first,7,2.1495413780212402,32
2,dense_first,8,2.122018575668335,32
2,dense_first,9,2.1106998920440674,32
2,dense_first,10,2.0955960750579834,32
2,b0_first,1,2.5882725715637207,32
2,b0_first,2,2.553135395050049,32
2,b0_first,3,2.455031394958496,32
2,b0_first,4,2.4191806316375732,32
2,b0_first,5,2.404353618621826,32
2,b0_first,6,2.4042932987213135,32
2,b0_first,7,2.341705799102783,32
2,b0_first,8,2.303252935409546,32
2,b0_first,9,2.267150402069092,32
2,b0_first,10,2.259108066558838,32
2,oracle_first,1,0.40508759021759033,32
2,oracle_first,2,1.7308152914047241,32
2,oracle_first,3,2.008394241333008,32
2,oracle_first,4,2.0043582916259766,32
2,oracle_first,5,2.002572774887085,32
2,oracle_first,6,2.023250102996826,32
2,oracle_first,7,1.9813748598098755,32
2,oracle_first,8,1.9315149784088135,32
2,oracle_first,9,1.9376060962677002,32
2,oracle_first,10,1.9201633930206299,32
3,dense_first,1,1.1178566217422485,32
3,dense_first,2,1.0556501150131226,32
3,dense_first,3,1.0008370876312256,32
3,dense_first,4,0.985906183719635,32
3,dense_first,5,0.9689611196517944,32
3,dense_first,6,0.9808197617530823,32
3,dense_first,7,0.9214006662368774,32
3,dense_first,8,0.9048980474472046,32
3,dense_first,9,0.8941183686256409,32
3,dense_first,10,0.8771079778671265,32
3,b0_first,1,0.8661202192306519,32
3,b0_first,2,0.8564197421073914,32
3,b0_first,3,0.8449127674102783,32
3,b0_first,4,0.8384332656860352,32
3,b0_first,5,0.823380708694458,32
3,b0_first,6,0.815947413444519,32
3,b0_first,7,0.8129077553749084,32
3,b0_first,8,0.8143101930618286,32
3,b0_first,9,0.8239103555679321,32
3,b0_first,10,0.8163930177688599,32
3,oracle_first,1,0.37108755111694336,32
3,oracle_first,2,0.5764452219009399,32
3,oracle_first,3,0.6555477380752563,32
3,oracle_first,4,0.6767463684082031,32
3,oracle_first,5,0.6786883473396301,32
3,oracle_first,6,0.6913987398147583,32
3,oracle_first,7,0.713340699672699,32
3,oracle_first,8,0.7138274908065796,32
3,oracle_first,9,0.7241891622543335,32
3,oracle_first,10,0.7198677659034729,32
4,dense_first,1,2.405407428741455,32
4,dense_first,2,2.4073596000671387,32
4,dense_first,3,2.2783424854278564,32
4,dense_first,4,2.2276711463928223,32
4,dense_first,5,1.9579492807388306,32
4,dense_first,6,1.7222737073898315,32
4,dense_first,7,1.6927907466888428,32
4,dense_first,8,1.7066144943237305,32
4,dense_first,9,1.679915428161621,32
4,dense_first,10,1.6888346672058105,32
4,b0_first,1,1.4372795820236206,32
4,b0_first,2,1.4196730852127075,32
4,b0_first,3,1.4054903984069824,32
4,b0_first,4,1.4073939323425293,32
4,b0_first,5,1.3738439083099365,32
4,b0_first,6,1.3487145900726318,32
4,b0_first,7,1.3327786922454834,32
4,b0_first,8,1.3089860677719116,32
4,b0_first,9,1.3016341924667358,32
4,b0_first,10,1.2885096073150635,32
4,oracle_first,1,0.4317176640033722,32
4,oracle_first,2,0.6851134300231934,32
4,oracle_first,3,1.0199568271636963,32
4,oracle_first,4,1.0670158863067627,32
4,oracle_first,5,1.0693273544311523,32
4,oracle_first,6,1.1050934791564941,32
4,oracle_first,7,1.134901762008667,32
4,oracle_first,8,1.1510190963745117,32
4,oracle_first,9,1.1657187938690186,32
4,oracle_first,10,1.1941816806793213,32
5,dense_first,1,0.5506715774536133,32
5,dense_first,2,0.411944180727005,32
5,dense_first,3,0.3625183701515198,32
5,dense_first,4,0.4175933301448822,32
5,dense_first,5,0.4019320607185364,32
5,dense_first,6,0.3854294419288635,32
5,dense_first,7,0.3856455087661743,32
5,dense_first,8,0.38437381386756897,32
5,dense_first,9,0.387230783700943,32
5,dense_first,10,0.3751431107521057,32
5,b0_first,1,0.3354482054710388,32
5,b0_first,2,0.32740214467048645,32
5,b0_first,3,0.32070398330688477,32
5,b0_first,4,0.31275731325149536,32
5,b0_first,5,0.31441646814346313,32
5,b0_first,6,0.3141382932662964,32
5,b0_first,7,0.3139103651046753,32
5,b0_first,8,0.30816635489463806,32
5,b0_first,9,0.30711475014686584,32
5,b0_first,10,0.3054451644420624,32
5,oracle_first,1,0.11313304305076599,32
5,oracle_first,2,0.18561533093452454,32
5,oracle_first,3,0.2153015285730362,32
5,oracle_first,4,0.23836421966552734,32
5,oracle_first,5,0.2911708354949951,32
5,oracle_first,6,0.28833073377609253,32
5,oracle_first,7,0.2934495508670807,32
5,oracle_first,8,0.29688653349876404,32
5,oracle_first,9,0.2966915965080261,32
5,oracle_first,10,0.3038198947906494,32
6,dense_first,1,0.2573450207710266,32
6,dense_first,2,0.23487794399261475,32
6,dense_first,3,0.22438661754131317,32
6,dense_first,4,0.20133870840072632,32
6,dense_first,5,0.16421881318092346,32
6,dense_first,6,0.13573740422725677,32
6,dense_first,7,0.11939684301614761,32
6,dense_first,8,0.09985684603452682,32
6,dense_first,9,0.08737662434577942,32
6,dense_first,10,0.08561348915100098,32
6,b0_first,1,0.18483680486679077,32
6,b0_first,2,0.1618357002735138,32
6,b0_first,3,0.14400562644004822,32
6,b0_first,4,0.13357967138290405,32
6,b0_first,5,0.1274196058511734,32
6,b0_first,6,0.11417483538389206,32
6,b0_first,7,0.10002852976322174,32
6,b0_first,8,0.09249623119831085,32
6,b0_first,9,0.08685619384050369,32
6,b0_first,10,0.08344868570566177,32
6,oracle_first,1,0.01703697443008423,32
6,oracle_first,2,0.045143499970436096,32
6,oracle_first,3,0.07031142711639404,32
6,oracle_first,4,0.06600578129291534,32
6,oracle_first,5,0.052974965423345566,32
6,oracle_first,6,0.05324513837695122,32
6,oracle_first,7,0.05153525620698929,32
6,oracle_first,8,0.049830347299575806,32
6,oracle_first,9,0.045388005673885345,32
6,oracle_first,10,0.04389412701129913,32
0,dense_first,1,2.284501791000366,32
0,dense_first,2,1.7529246807098389,32
0,dense_first,3,1.4609768390655518,32
0,dense_first,4,1.3294795751571655,32
0,dense_first,5,1.2150777578353882,32
0,dense_first,6,1.1789569854736328,32
0,dense_first,7,1.1762150526046753,32
0,dense_first,8,1.1711604595184326,32
0,dense_first,9,1.1517150402069092,32
0,dense_first,10,1.1685826778411865,32
0,b0_first,1,1.3021860122680664,32
0,b0_first,2,1.2104803323745728,32
0,b0_first,3,1.1471946239471436,32
0,b0_first,4,1.099579095840454,32
0,b0_first,5,1.0102449655532837,32
0,b0_first,6,1.0221227407455444,32
0,b0_first,7,1.0084073543548584,32
0,b0_first,8,0.994504451751709,32
0,b0_first,9,1.0113279819488525,32
0,b0_first,10,1.0159913301467896,32
0,oracle_first,1,0.5069746375083923,32
0,oracle_first,2,0.5980570316314697,32
0,oracle_first,3,0.7447978258132935,32
0,oracle_first,4,0.8249511122703552,32
0,oracle_first,5,0.8613075613975525,32
0,oracle_first,6,0.8534257411956787,32
0,oracle_first,7,0.8800764083862305,32
0,oracle_first,8,0.8991129994392395,32
0,oracle_first,9,0.9444488286972046,32
0,oracle_first,10,0.9500685930252075,32
1,dense_first,1,2.125368356704712,32
1,dense_first,2,1.38381826877594,32
1,dense_first,3,1.2628082036972046,32
1,dense_first,4,1.158935546875,32
1,dense_first,5,1.0463405847549438,32
1,dense_first,6,0.9848041534423828,32
1,dense_first,7,0.972848653793335,32
1,dense_first,8,0.9454063177108765,32
1,dense_first,9,0.9336550831794739,32
1,dense_first,10,0.9130924940109253,32
1,b0_first,1,0.6787636280059814,32
1,b0_first,2,0.6633024215698242,32
1,b0_first,3,0.6484485864639282,32
1,b0_first,4,0.6230963468551636,32
1,b0_first,5,0.6200759410858154,32
1,b0_first,6,0.6076996326446533,32
1,b0_first,7,0.5996913909912109,32
1,b0_first,8,0.5982887744903564,32
1,b0_first,9,0.592453122138977,32
1,b0_first,10,0.5868921279907227,32
1,oracle_first,1,0.3696470260620117,32
1,oracle_first,2,0.438251256942749,32
1,oracle_first,3,0.47123080492019653,32
1,oracle_first,4,0.4893733859062195,32
1,oracle_first,5,0.49738630652427673,32
1,oracle_first,6,0.5021442770957947,32
1,oracle_first,7,0.4841465353965759,32
1,oracle_first,8,0.485165536403656,32
1,oracle_first,9,0.4864974021911621,32
1,oracle_first,10,0.4826333522796631,32
2,dense_first,1,2.3828670978546143,32
2,dense_first,2,1.647695779800415,32
2,dense_first,3,1.5233638286590576,32
2,dense_first,4,1.368852138519287,32
2,dense_first,5,1.2719330787658691,32
2,dense_first,6,1.2550888061523438,32
2,dense_first,7,1.2378469705581665,32
2,dense_first,8,1.2272930145263672,32
2,dense_first,9,1.1919082403182983,32
2,dense_first,10,1.1482634544372559,32
2,b0_first,1,1.2675540447235107,32
2,b0_first,2,1.215481162071228,32
2,b0_first,3,1.1442309617996216,32
2,b0_first,4,1.1314244270324707,32
2,b0_first,5,1.0528275966644287,32
2,b0_first,6,1.0537713766098022,32
2,b0_first,7,1.0702170133590698,32
2,b0_first,8,1.0507606267929077,32
2,b0_first,9,1.0558044910430908,32
2,b0_first,10,1.0372700691223145,32
2,oracle_first,1,0.459164559841156,32
2,oracle_first,2,0.632512092590332,32
2,oracle_first,3,0.7468448281288147,32
2,oracle_first,4,0.8880993127822876,32
2,oracle_first,5,0.937975287437439,32
2,oracle_first,6,0.9719209671020508,32
2,oracle_first,7,1.0117838382720947,32
2,oracle_first,8,1.0032639503479004,32
2,oracle_first,9,1.0138282775878906,32
2,oracle_first,10,0.9916204810142517,32
3,dense_first,1,2.5894267559051514,32
3,dense_first,2,1.8753446340560913,32
3,dense_first,3,1.40635085105896,32
3,dense_first,4,1.2271441221237183,32
3,dense_first,5,1.1514053344726562,32
3,dense_first,6,1.167595624923706,32
3,dense_first,7,1.15327787399292,32
3,dense_first,8,1.1467716693878174,32
3,dense_first,9,1.0880346298217773,32
3,dense_first,10,0.9868514537811279,32
3,b0_first,1,0.6039350032806396,32
3,b0_first,2,0.5865309238433838,32
3,b0_first,3,0.5736716985702515,32
3,b0_first,4,0.5641464591026306,32
3,b0_first,5,0.5494970083236694,32
3,b0_first,6,0.5442709922790527,32
3,b0_first,7,0.5370761156082153,32
3,b0_first,8,0.5307173132896423,32
3,b0_first,9,0.5282365679740906,32
3,b0_first,10,0.5208684206008911,32
3,oracle_first,1,0.35820987820625305,32
3,oracle_first,2,0.40737736225128174,32
3,oracle_first,3,0.4668668806552887,32
3,oracle_first,4,0.4668717384338379,32
3,oracle_first,5,0.44962894916534424,32
3,oracle_first,6,0.45466938614845276,32
3,oracle_first,7,0.4610762596130371,32
3,oracle_first,8,0.45974501967430115,32
3,oracle_first,9,0.4589248299598694,32
3,oracle_first,10,0.4468316435813904,32
4,dense_first,1,2.5652530193328857,32
4,dense_first,2,1.8998883962631226,32
4,dense_first,3,1.6929312944412231,32
4,dense_first,4,1.5772368907928467,32
4,dense_first,5,1.4739084243774414,32
4,dense_first,6,1.3970228433609009,32
4,dense_first,7,1.4033596515655518,32
4,dense_first,8,1.350484848022461,32
4,dense_first,9,1.3065185546875,32
4,dense_first,10,1.2997841835021973,32
4,b0_first,1,1.4400312900543213,32
4,b0_first,2,1.423422932624817,32
4,b0_first,3,1.335404396057129,32
4,b0_first,4,1.2703721523284912,32
4,b0_first,5,1.2606489658355713,32
4,b0_first,6,1.2326452732086182,32
4,b0_first,7,1.20509934425354,32
4,b0_first,8,1.1879651546478271,32
4,b0_first,9,1.1545069217681885,32
4,b0_first,10,1.14388906955719,32
4,oracle_first,1,0.5469863414764404,32
4,oracle_first,2,0.7737711071968079,32
4,oracle_first,3,0.8808721303939819,32
4,oracle_first,4,1.035567045211792,32
4,oracle_first,5,1.0641565322875977,32
4,oracle_first,6,1.0523771047592163,32
4,oracle_first,7,1.0449352264404297,32
4,oracle_first,8,1.0492398738861084,32
4,oracle_first,9,1.0462605953216553,32
4,oracle_first,10,1.0428695678710938,32
5,dense_first,1,0.6528823375701904,32
5,dense_first,2,0.5529118180274963,32
5,dense_first,3,0.49104923009872437,32
5,dense_first,4,0.473105251789093,32
5,dense_first,5,0.4194350242614746,32
5,dense_first,6,0.4006642699241638,32
5,dense_first,7,0.4015544056892395,32
5,dense_first,8,0.40059325098991394,32
5,dense_first,9,0.4157336950302124,32
5,dense_first,10,0.40329307317733765,32
5,b0_first,1,0.3804057836532593,32
5,b0_first,2,0.37254592776298523,32
5,b0_first,3,0.3403594195842743,32
5,b0_first,4,0.3379605710506439,32
5,b0_first,5,0.335517942905426,32
5,b0_first,6,0.32922154664993286,32
5,b0_first,7,0.3286917209625244,32
5,b0_first,8,0.3304906487464905,32
5,b0_first,9,0.3259541988372803,32
5,b0_first,10,0.32599490880966187,32
5,oracle_first,1,0.15022684633731842,32
5,oracle_first,2,0.2566983699798584,32
5,oracle_first,3,0.2730145752429962,32
5,oracle_first,4,0.3120221495628357,32
5,oracle_first,5,0.30020004510879517,32
5,oracle_first,6,0.2989644408226013,32
5,oracle_first,7,0.30632466077804565,32
5,oracle_first,8,0.3135007321834564,32
5,oracle_first,9,0.3022751212120056,32
5,oracle_first,10,0.31531715393066406,32
6,dense_first,1,0.14187711477279663,32
6,dense_first,2,0.11316721141338348,32
6,dense_first,3,0.09917093068361282,32
6,dense_first,4,0.08181843161582947,32
6,dense_first,5,0.06441100686788559,32
6,dense_first,6,0.05067025497555733,32
6,dense_first,7,0.04423822462558746,32
6,dense_first,8,0.03921136260032654,32
6,dense_first,9,0.034107040613889694,32
6,dense_first,10,0.031084053218364716,32
6,b0_first,1,0.14088505506515503,32
6,b0_first,2,0.1145939826965332,32
6,b0_first,3,0.10055454820394516,32
6,b0_first,4,0.08168912678956985,32
6,b0_first,5,0.07052717357873917,32
6,b0_first,6,0.05449296161532402,32
6,b0_first,7,0.04698017239570618,32
6,b0_first,8,0.04273250699043274,32
6,b0_first,9,0.03687131404876709,32
6,b0_first,10,0.03416561335325241,32
6,oracle_first,1,0.01625378429889679,32
6,oracle_first,2,0.031030990183353424,32
6,oracle_first,3,0.031414687633514404,32
6,oracle_first,4,0.03108617104589939,32
6,oracle_first,5,0.02892262116074562,32
6,oracle_first,6,0.028343012556433678,32
6,oracle_first,7,0.028434686362743378,32
6,oracle_first,8,0.02762293815612793,32
6,oracle_first,9,0.028402460739016533,32
6,oracle_first,10,0.027065303176641464,32
0,dense_first,1,1.8238615989685059,32
0,dense_first,2,1.7323758602142334,32
0,dense_first,3,1.3203880786895752,32
0,dense_first,4,1.1504886150360107,32
0,dense_first,5,1.119037389755249,32
0,dense_first,6,1.0732781887054443,32
0,dense_first,7,0.9731749296188354,32
0,dense_first,8,0.9555853605270386,32
0,dense_first,9,0.936458945274353,32
0,dense_first,10,0.8910782933235168,32
0,b0_first,1,1.3595553636550903,32
0,b0_first,2,1.2923210859298706,32
0,b0_first,3,1.156488299369812,32
0,b0_first,4,1.0758341550827026,32
0,b0_first,5,0.9908453226089478,32
0,b0_first,6,0.9611454606056213,32
0,b0_first,7,0.9352089166641235,32
0,b0_first,8,0.913873553276062,32
0,b0_first,9,0.8854665756225586,32
0,b0_first,10,0.8711035847663879,32
0,oracle_first,1,0.4282803237438202,32
0,oracle_first,2,0.5512074828147888,32
0,oracle_first,3,0.6833015084266663,32
0,oracle_first,4,0.736524224281311,32
0,oracle_first,5,0.7179957628250122,32
0,oracle_first,6,0.7272724509239197,32
0,oracle_first,7,0.7165127396583557,32
0,oracle_first,8,0.7240005135536194,32
0,oracle_first,9,0.7249726057052612,32
0,oracle_first,10,0.7326467037200928,32
1,dense_first,1,1.5498991012573242,32
1,dense_first,2,1.226664423942566,32
1,dense_first,3,1.0212618112564087,32
1,dense_first,4,0.7306868433952332,32
1,dense_first,5,0.6874584555625916,32
1,dense_first,6,0.6632952690124512,32
1,dense_first,7,0.6477900147438049,32
1,dense_first,8,0.6116141080856323,32
1,dense_first,9,0.5962066054344177,32
1,dense_first,10,0.5918519496917725,32
1,b0_first,1,0.6822322010993958,32
1,b0_first,2,0.6606966257095337,32
1,b0_first,3,0.6350851655006409,32
1,b0_first,4,0.5951358079910278,32
1,b0_first,5,0.59027099609375,32
1,b0_first,6,0.5831892490386963,32
1,b0_first,7,0.5539796352386475,32
1,b0_first,8,0.5283372402191162,32
1,b0_first,9,0.5336494445800781,32
1,b0_first,10,0.5358892679214478,32
1,oracle_first,1,0.25036266446113586,32
1,oracle_first,2,0.3867757022380829,32
1,oracle_first,3,0.5816153287887573,32
1,oracle_first,4,0.548663318157196,32
1,oracle_first,5,0.5415606498718262,32
1,oracle_first,6,0.5233621597290039,32
1,oracle_first,7,0.5112124085426331,32
1,oracle_first,8,0.5175868272781372,32
1,oracle_first,9,0.5168613791465759,32
1,oracle_first,10,0.5175231695175171,32
2,dense_first,1,2.1506059169769287,32
2,dense_first,2,1.4987542629241943,32
2,dense_first,3,1.135899305343628,32
2,dense_first,4,1.0248894691467285,32
2,dense_first,5,1.042847752571106,32
2,dense_first,6,0.9873474836349487,32
2,dense_first,7,0.9638545513153076,32
2,dense_first,8,0.9508308172225952,32
2,dense_first,9,0.943680465221405,32
2,dense_first,10,0.9297201633453369,32
2,b0_first,1,1.470022201538086,32
2,b0_first,2,1.3321452140808105,32
2,b0_first,3,1.1463574171066284,32
2,b0_first,4,1.039658784866333,32
2,b0_first,5,0.9575446844100952,32
2,b0_first,6,0.9436709880828857,32
2,b0_first,7,0.9298589825630188,32
2,b0_first,8,0.9274865388870239,32
2,b0_first,9,0.9138534069061279,32
2,b0_first,10,0.8955334424972534,32
2,oracle_first,1,0.43374139070510864,32
2,oracle_first,2,0.5444376468658447,32
2,oracle_first,3,0.6175113916397095,32
2,oracle_first,4,0.678435206413269,32
2,oracle_first,5,0.6891406774520874,32
2,oracle_first,6,0.7283962368965149,32
2,oracle_first,7,0.7601773142814636,32
2,oracle_first,8,0.7553101778030396,32
2,oracle_first,9,0.7686488032341003,32
2,oracle_first,10,0.7645292282104492,32
3,dense_first,1,1.2667746543884277,32
3,dense_first,2,1.005004644393921,32
3,dense_first,3,0.8721545934677124,32
3,dense_first,4,0.7223405838012695,32
3,dense_first,5,0.5332050919532776,32
3,dense_first,6,0.5152349472045898,32
3,dense_first,7,0.4893316328525543,32
3,dense_first,8,0.47228696942329407,32
3,dense_first,9,0.4660872519016266,32
3,dense_first,10,0.4668445289134979,32
3,b0_first,1,0.6714861392974854,32
3,b0_first,2,0.628007709980011,32
3,b0_first,3,0.6056510210037231,32
3,b0_first,4,0.5692873597145081,32
3,b0_first,5,0.555510401725769,32
3,b0_first,6,0.5455992221832275,32
3,b0_first,7,0.5054683685302734,32
3,b0_first,8,0.5008312463760376,32
3,b0_first,9,0.49251705408096313,32
3,b0_first,10,0.4848463237285614,32
3,oracle_first,1,0.21189013123512268,32
3,oracle_first,2,0.34737902879714966,32
3,oracle_first,3,0.4265933036804199,32
3,oracle_first,4,0.4348054826259613,32
3,oracle_first,5,0.423957496881485,32
3,oracle_first,6,0.39427679777145386,32
3,oracle_first,7,0.39474090933799744,32
3,oracle_first,8,0.3935188949108124,32
3,oracle_first,9,0.39993423223495483,32
3,oracle_first,10,0.3961081802845001,32
4,dense_first,1,3.168248176574707,32
4,dense_first,2,2.7441556453704834,32
4,dense_first,3,2.2037291526794434,32
4,dense_first,4,1.9306325912475586,32
4,dense_first,5,1.8185646533966064,32
4,dense_first,6,1.7914105653762817,32
4,dense_first,7,1.7358348369598389,32
4,dense_first,8,1.6031986474990845,32
4,dense_first,9,1.581092119216919,32
4,dense_first,10,1.5245792865753174,32
4,b0_first,1,1.7490110397338867,32
4,b0_first,2,1.6863822937011719,32
4,b0_first,3,1.67283296585083,32
4,b0_first,4,1.6150116920471191,32
4,b0_first,5,1.5753110647201538,32
4,b0_first,6,1.5621657371520996,32
4,b0_first,7,1.5485403537750244,32
4,b0_first,8,1.5085630416870117,32
4,b0_first,9,1.4713983535766602,32
4,b0_first,10,1.4474608898162842,32
4,oracle_first,1,0.555099606513977,32
4,oracle_first,2,0.7595181465148926,32
4,oracle_first,3,0.8664270639419556,32
4,oracle_first,4,0.9408743381500244,32
4,oracle_first,5,1.0219964981079102,32
4,oracle_first,6,1.1002825498580933,32
4,oracle_first,7,1.1456100940704346,32
4,oracle_first,8,1.1709345579147339,32
4,oracle_first,9,1.180537462234497,32
4,oracle_first,10,1.1812511682510376,32
5,dense_first,1,0.6922544240951538,32
5,dense_first,2,0.5902618169784546,32
5,dense_first,3,0.5134400725364685,32
5,dense_first,4,0.48709625005722046,32
5,dense_first,5,0.47220659255981445,32
5,dense_first,6,0.4605981409549713,32
5,dense_first,7,0.44488415122032166,32
5,dense_first,8,0.46698638796806335,32
5,dense_first,9,0.41950398683547974,32
5,dense_first,10,0.4111984372138977,32
5,b0_first,1,0.3592139482498169,32
5,b0_first,2,0.3470214009284973,32
5,b0_first,3,0.34248584508895874,32
5,b0_first,4,0.3367304801940918,32
5,b0_first,5,0.343220978975296,32
5,b0_first,6,0.3358997404575348,32
5,b0_first,7,0.33079567551612854,32
5,b0_first,8,0.3275226950645447,32
5,b0_first,9,0.32617515325546265,32
5,b0_first,10,0.32452139258384705,32
5,oracle_first,1,0.17852185666561127,32
5,oracle_first,2,0.2534763514995575,32
5,oracle_first,3,0.3150210678577423,32
5,oracle_first,4,0.31096166372299194,32
5,oracle_first,5,0.37434226274490356,32
5,oracle_first,6,0.3616979122161865,32
5,oracle_first,7,0.3639794588088989,32
5,oracle_first,8,0.34773147106170654,32
5,oracle_first,9,0.3467336893081665,32
5,oracle_first,10,0.34575915336608887,32
6,dense_first,1,0.21782690286636353,32
6,dense_first,2,0.1828070878982544,32
6,dense_first,3,0.1535957157611847,32
6,dense_first,4,0.12377350777387619,32
6,dense_first,5,0.09915176033973694,32
6,dense_first,6,0.08004128187894821,32
6,dense_first,7,0.059653960168361664,32
6,dense_first,8,0.05082397162914276,32
6,dense_first,9,0.04640453681349754,32
6,dense_first,10,0.0465044230222702,32
6,b0_first,1,0.1774873435497284,32
6,b0_first,2,0.15366370975971222,32
6,b0_first,3,0.12627218663692474,32
6,b0_first,4,0.11010149121284485,32
6,b0_first,5,0.10001341998577118,32
6,b0_first,6,0.08532983064651489,32
6,b0_first,7,0.06360195577144623,32
6,b0_first,8,0.057267747819423676,32
6,b0_first,9,0.05446938797831535,32
6,b0_first,10,0.05081581324338913,32
6,oracle_first,1,0.014635475352406502,32
6,oracle_first,2,0.03930427506566048,32
6,oracle_first,3,0.048461735248565674,32
6,oracle_first,4,0.052940480411052704,32
6,oracle_first,5,0.0474449098110199,32
6,oracle_first,6,0.04141470044851303,32
6,oracle_first,7,0.03548731654882431,32
6,oracle_first,8,0.03260429948568344,32
6,oracle_first,9,0.03584647923707962,32
6,oracle_first,10,0.03256163373589516,32
0,dense_first,1,1.1967989206314087,32
0,dense_first,2,1.1121026277542114,32
0,dense_first,3,0.9847605228424072,32
0,dense_first,4,0.9332906007766724,32
0,dense_first,5,0.8504123687744141,32
0,dense_first,6,0.8701047301292419,32
0,dense_first,7,0.8464415073394775,32
0,dense_first,8,0.8374501466751099,32
0,dense_first,9,0.8294808864593506,32
0,dense_first,10,0.8281047344207764,32
0,b0_first,1,1.371589183807373,32
0,b0_first,2,1.2813351154327393,32
0,b0_first,3,1.129414439201355,32
0,b0_first,4,1.0471292734146118,32
0,b0_first,5,0.9798296093940735,32
0,b0_first,6,0.9588335156440735,32
0,b0_first,7,0.9371840953826904,32
0,b0_first,8,0.9185868501663208,32
0,b0_first,9,0.905062198638916,32
0,b0_first,10,0.8878931999206543,32
0,oracle_first,1,0.452001690864563,32
0,oracle_first,2,0.5828137397766113,32
0,oracle_first,3,0.7468589544296265,32
0,oracle_first,4,0.7800836563110352,32
0,oracle_first,5,0.7557348012924194,32
0,oracle_first,6,0.7711621522903442,32
0,oracle_first,7,0.7585915923118591,32
0,oracle_first,8,0.738879919052124,32
0,oracle_first,9,0.7444483637809753,32
0,oracle_first,10,0.7303917407989502,32
1,dense_first,1,0.6407204866409302,32
1,dense_first,2,0.5652820467948914,32
1,dense_first,3,0.5375864505767822,32
1,dense_first,4,0.4563343822956085,32
1,dense_first,5,0.4471130967140198,32
1,dense_first,6,0.448111355304718,32
1,dense_first,7,0.43424028158187866,32
1,dense_first,8,0.42564481496810913,32
1,dense_first,9,0.40024060010910034,32
1,dense_first,10,0.374495267868042,32
1,b0_first,1,0.5111116170883179,32
1,b0_first,2,0.4855748414993286,32
1,b0_first,3,0.4479157328605652,32
1,b0_first,4,0.42804035544395447,32
1,b0_first,5,0.3931432366371155,32
1,b0_first,6,0.38182181119918823,32
1,b0_first,7,0.3751693665981293,32
1,b0_first,8,0.36884820461273193,32
1,b0_first,9,0.36149469017982483,32
1,b0_first,10,0.3466182053089142,32
1,oracle_first,1,0.14400437474250793,32
1,oracle_first,2,0.29936519265174866,32
1,oracle_first,3,0.31791210174560547,32
1,oracle_first,4,0.31788232922554016,32
1,oracle_first,5,0.31660425662994385,32
1,oracle_first,6,0.3203546106815338,32
1,oracle_first,7,0.3247895836830139,32
1,oracle_first,8,0.32574719190597534,32
1,oracle_first,9,0.322068452835083,32
1,oracle_first,10,0.3226313591003418,32
2,dense_first,1,1.6736687421798706,32
2,dense_first,2,1.3902618885040283,32
2,dense_first,3,1.2202439308166504,32
2,dense_first,4,1.0735164880752563,32
2,dense_first,5,1.0020508766174316,32
2,dense_first,6,0.9822977185249329,32
2,dense_first,7,0.9694880843162537,32
2,dense_first,8,0.9401307106018066,32
2,dense_first,9,0.9385817050933838,32
2,dense_first,10,0.918752908706665,32
2,b0_first,1,1.354170322418213,32
2,b0_first,2,1.307478427886963,32
2,b0_first,3,1.1396809816360474,32
2,b0_first,4,1.0533937215805054,32
2,b0_first,5,0.9795147180557251,32
2,b0_first,6,0.9509825706481934,32
2,b0_first,7,0.9281983375549316,32
2,b0_first,8,0.9224984049797058,32
2,b0_first,9,0.8982853293418884,32
2,b0_first,10,0.897733211517334,32
2,oracle_first,1,0.46141988039016724,32
2,oracle_first,2,0.5705285668373108,32
2,oracle_first,3,0.7230416536331177,32
2,oracle_first,4,0.795904278755188,32
2,oracle_first,5,0.7891126275062561,32
2,oracle_first,6,0.7842182517051697,32
2,oracle_first,7,0.7844735383987427,32
2,oracle_first,8,0.7980710864067078,32
2,oracle_first,9,0.793700098991394,32
2,oracle_first,10,0.8022602200508118,32
3,dense_first,1,0.6285618543624878,32
3,dense_first,2,0.5365508794784546,32
3,dense_first,3,0.46107780933380127,32
3,dense_first,4,0.4129073917865753,32
3,dense_first,5,0.39654505252838135,32
3,dense_first,6,0.3804120123386383,32
3,dense_first,7,0.3701171576976776,32
3,dense_first,8,0.3549816906452179,32
3,dense_first,9,0.3506632447242737,32
3,dense_first,10,0.3467249870300293,32
3,b0_first,1,0.4573174715042114,32
3,b0_first,2,0.421806275844574,32
3,b0_first,3,0.4028262794017792,32
3,b0_first,4,0.39244282245635986,32
3,b0_first,5,0.3644222617149353,32
3,b0_first,6,0.3502313494682312,32
3,b0_first,7,0.3417014479637146,32
3,b0_first,8,0.33643394708633423,32
3,b0_first,9,0.3291672170162201,32
3,b0_first,10,0.3270424008369446,32
3,oracle_first,1,0.12390782684087753,32
3,oracle_first,2,0.276638925075531,32
3,oracle_first,3,0.2962847352027893,32
3,oracle_first,4,0.31242549419403076,32
3,oracle_first,5,0.2888661026954651,32
3,oracle_first,6,0.2820298969745636,32
3,oracle_first,7,0.2826535701751709,32
3,oracle_first,8,0.2761129140853882,32
3,oracle_first,9,0.278594970703125,32
3,oracle_first,10,0.28066274523735046,32
4,dense_first,1,3.362898588180542,32
4,dense_first,2,2.089984893798828,32
4,dense_first,3,1.6478843688964844,32
4,dense_first,4,1.5389020442962646,32
4,dense_first,5,1.3988839387893677,32
4,dense_first,6,1.3675446510314941,32
4,dense_first,7,1.3252620697021484,32
4,dense_first,8,1.3057036399841309,32
4,dense_first,9,1.2884521484375,32
4,dense_first,10,1.271723985671997,32
4,b0_first,1,1.6226435899734497,32
4,b0_first,2,1.5657106637954712,32
4,b0_first,3,1.4654775857925415,32
4,b0_first,4,1.420893907546997,32
4,b0_first,5,1.3859025239944458,32
4,b0_first,6,1.337233304977417,32
4,b0_first,7,1.314147710800171,32
4,b0_first,8,1.2802393436431885,32
4,b0_first,9,1.2629380226135254,32
4,b0_first,10,1.2420704364776611,32
4,oracle_first,1,0.43925729393959045,32
4,oracle_first,2,0.5540555715560913,32
4,oracle_first,3,0.6339395046234131,32
4,oracle_first,4,0.9977831840515137,32
4,oracle_first,5,0.9228978157043457,32
4,oracle_first,6,0.9339874386787415,32
4,oracle_first,7,0.9862067699432373,32
4,oracle_first,8,0.9676241278648376,32
4,oracle_first,9,0.9961181879043579,32
4,oracle_first,10,1.010697364807129,32
5,dense_first,1,0.9133656620979309,32
5,dense_first,2,0.775358259677887,32
5,dense_first,3,0.8027744889259338,32
5,dense_first,4,0.763465166091919,32
5,dense_first,5,0.7649661302566528,32
5,dense_first,6,0.6829702854156494,32
5,dense_first,7,0.6652107834815979,32
5,dense_first,8,0.6533797383308411,32
5,dense_first,9,0.6433883905410767,32
5,dense_first,10,0.6488731503486633,32
5,b0_first,1,0.3489309549331665,32
5,b0_first,2,0.33672016859054565,32
5,b0_first,3,0.36650803685188293,32
5,b0_first,4,0.3850046396255493,32
5,b0_first,5,0.3859969973564148,32
5,b0_first,6,0.3853880763053894,32
5,b0_first,7,0.38780179619789124,32
5,b0_first,8,0.3867824673652649,32
5,b0_first,9,0.3906839191913605,32
5,b0_first,10,0.3937499225139618,32
5,oracle_first,1,0.15458640456199646,32
5,oracle_first,2,0.2653886675834656,32
5,oracle_first,3,0.31346550583839417,32
5,oracle_first,4,0.35908353328704834,32
5,oracle_first,5,0.3722955584526062,32
5,oracle_first,6,0.41942986845970154,32
5,oracle_first,7,0.410370409488678,32
5,oracle_first,8,0.4054848551750183,32
5,oracle_first,9,0.4190370440483093,32
5,oracle_first,10,0.42360734939575195,32
6,dense_first,1,0.2970343828201294,32
6,dense_first,2,0.27396276593208313,32
6,dense_first,3,0.26549628376960754,32
6,dense_first,4,0.2205721139907837,32
6,dense_first,5,0.1842656433582306,32
6,dense_first,6,0.13534830510616302,32
6,dense_first,7,0.10680221021175385,32
6,dense_first,8,0.09253169596195221,32
6,dense_first,9,0.08166633546352386,32
6,dense_first,10,0.07799094170331955,32
6,b0_first,1,0.1705024540424347,32
6,b0_first,2,0.14266058802604675,32
6,b0_first,3,0.12607313692569733,32
6,b0_first,4,0.11211986094713211,32
6,b0_first,5,0.10354280471801758,32
6,b0_first,6,0.0936896950006485,32
6,b0_first,7,0.08109297603368759,32
6,b0_first,8,0.07704979181289673,32
6,b0_first,9,0.07131026685237885,32
6,b0_first,10,0.06663215905427933,32
6,oracle_first,1,0.017486365512013435,32
6,oracle_first,2,0.03770974278450012,32
6,oracle_first,3,0.046592287719249725,32
6,oracle_first,4,0.05319717526435852,32
6,oracle_first,5,0.05229760333895683,32
6,oracle_first,6,0.05162858963012695,32
6,oracle_first,7,0.046203963458538055,32
6,oracle_first,8,0.04079975187778473,32
6,oracle_first,9,0.03652474284172058,32
6,oracle_first,10,0.036919958889484406,32
0,dense_first,1,1.4498720169067383,32
0,dense_first,2,0.9206370115280151,32
0,dense_first,3,0.7968087196350098,32
0,dense_first,4,0.7535129189491272,32
0,dense_first,5,0.6991073489189148,32
0,dense_first,6,0.6746442317962646,32
0,dense_first,7,0.7081974744796753,32
0,dense_first,8,0.6868947744369507,32
0,dense_first,9,0.673071563243866,32
0,dense_first,10,0.6686857342720032,32
0,b0_first,1,1.1761267185211182,32
0,b0_first,2,1.0494632720947266,32
0,b0_first,3,0.9171932935714722,32
0,b0_first,4,0.8370535373687744,32
0,b0_first,5,0.7732231020927429,32
0,b0_first,6,0.760607123374939,32
0,b0_first,7,0.7542781829833984,32
0,b0_first,8,0.7418820858001709,32
0,b0_first,9,0.728289008140564,32
0,b0_first,10,0.7108851671218872,32
0,oracle_first,1,0.377754271030426,32
0,oracle_first,2,0.46543920040130615,32
0,oracle_first,3,0.6176584959030151,32
0,oracle_first,4,0.6552712917327881,32
0,oracle_first,5,0.6291184425354004,32
0,oracle_first,6,0.6218270659446716,32
0,oracle_first,7,0.6531392931938171,32
0,oracle_first,8,0.6303533315658569,32
0,oracle_first,9,0.6395823955535889,32
0,oracle_first,10,0.6405563950538635,32
1,dense_first,1,0.6011564135551453,32
1,dense_first,2,0.3877602815628052,32
1,dense_first,3,0.36732423305511475,32
1,dense_first,4,0.3498961925506592,32
1,dense_first,5,0.3438507318496704,32
1,dense_first,6,0.32318899035453796,32
1,dense_first,7,0.3103293776512146,32
1,dense_first,8,0.3125259280204773,32
1,dense_first,9,0.3078567087650299,32
1,dense_first,10,0.2977595925331116,32
1,b0_first,1,0.41110914945602417,32
1,b0_first,2,0.3319283723831177,32
1,b0_first,3,0.28651195764541626,32
1,b0_first,4,0.2656143307685852,32
1,b0_first,5,0.2573602497577667,32
1,b0_first,6,0.24768152832984924,32
1,b0_first,7,0.22930647432804108,32
1,b0_first,8,0.22208115458488464,32
1,b0_first,9,0.2172563076019287,32
1,b0_first,10,0.21288448572158813,32
1,oracle_first,1,0.1271771788597107,32
1,oracle_first,2,0.18415632843971252,32
1,oracle_first,3,0.18514668941497803,32
1,oracle_first,4,0.1825031191110611,32
1,oracle_first,5,0.19193275272846222,32
1,oracle_first,6,0.19376714527606964,32
1,oracle_first,7,0.18997572362422943,32
1,oracle_first,8,0.1863473355770111,32
1,oracle_first,9,0.18062567710876465,32
1,oracle_first,10,0.17573359608650208,32
2,dense_first,1,1.389641523361206,32
2,dense_first,2,1.0170080661773682,32
2,dense_first,3,0.891923189163208,32
2,dense_first,4,0.8345137238502502,32
2,dense_first,5,0.7942041158676147,32
2,dense_first,6,0.7325367331504822,32
2,dense_first,7,0.7501680254936218,32
2,dense_first,8,0.7335598468780518,32
2,dense_first,9,0.7262225151062012,32
2,dense_first,10,0.7167974710464478,32
2,b0_first,1,1.2099416255950928,32
2,b0_first,2,1.0451602935791016,32
2,b0_first,3,0.905319333076477,32
2,b0_first,4,0.8469391465187073,32
2,b0_first,5,0.8052965402603149,32
2,b0_first,6,0.7730249166488647,32
2,b0_first,7,0.7734907865524292,32
2,b0_first,8,0.7641499042510986,32
2,b0_first,9,0.7513686418533325,32
2,b0_first,10,0.730825662612915,32
2,oracle_first,1,0.3701680302619934,32
2,oracle_first,2,0.5802844166755676,32
2,oracle_first,3,0.6385672092437744,32
2,oracle_first,4,0.6820383071899414,32
2,oracle_first,5,0.654459536075592,32
2,oracle_first,6,0.6637923717498779,32
2,oracle_first,7,0.6525200605392456,32
2,oracle_first,8,0.6632004380226135,32
2,oracle_first,9,0.6589321494102478,32
2,oracle_first,10,0.6664109230041504,32
3,dense_first,1,0.5218090415000916,32
3,dense_first,2,0.39365023374557495,32
3,dense_first,3,0.3438953459262848,32
3,dense_first,4,0.30960679054260254,32
3,dense_first,5,0.2827474772930145,32
3,dense_first,6,0.3193214237689972,32
3,dense_first,7,0.27892428636550903,32
3,dense_first,8,0.2501414120197296,32
3,dense_first,9,0.20715641975402832,32
3,dense_first,10,0.20728734135627747,32
3,b0_first,1,0.3988596796989441,32
3,b0_first,2,0.3541254997253418,32
3,b0_first,3,0.32845839858055115,32
3,b0_first,4,0.3000777065753937,32
3,b0_first,5,0.2870903015136719,32
3,b0_first,6,0.2589506506919861,32
3,b0_first,7,0.24667294323444366,32
3,b0_first,8,0.22665655612945557,32
3,b0_first,9,0.21938012540340424,32
3,b0_first,10,0.20601601898670197,32
3,oracle_first,1,0.1113605946302414,32
3,oracle_first,2,0.1911432147026062,32
3,oracle_first,3,0.17912589013576508,32
3,oracle_first,4,0.17685528099536896,32
3,oracle_first,5,0.18194875121116638,32
3,oracle_first,6,0.19615352153778076,32
3,oracle_first,7,0.19017736613750458,32
3,oracle_first,8,0.18100035190582275,32
3,oracle_first,9,0.1807449609041214,32
3,oracle_first,10,0.16963838040828705,32
4,dense_first,1,2.1572513580322266,32
4,dense_first,2,1.8927428722381592,32
4,dense_first,3,1.8851749897003174,32
4,dense_first,4,1.6717040538787842,32
4,dense_first,5,1.2370774745941162,32
4,dense_first,6,1.298413872718811,32
4,dense_first,7,1.2204933166503906,32
4,dense_first,8,1.2030631303787231,32
4,dense_first,9,1.0686944723129272,32
4,dense_first,10,1.027190923690796,32
4,b0_first,1,1.548840045928955,32
4,b0_first,2,1.4878613948822021,32
4,b0_first,3,1.4099454879760742,32
4,b0_first,4,1.2703455686569214,32
4,b0_first,5,1.2531189918518066,32
4,b0_first,6,1.2140815258026123,32
4,b0_first,7,1.14614737033844,32
4,b0_first,8,1.1249310970306396,32
4,b0_first,9,1.0905299186706543,32
4,b0_first,10,1.017700433731079,32
4,oracle_first,1,0.19420427083969116,32
4,oracle_first,2,0.28799328207969666,32
4,oracle_first,3,0.45312660932540894,32
4,oracle_first,4,0.6576691269874573,32
4,oracle_first,5,0.6115861535072327,32
4,oracle_first,6,0.6194347739219666,32
4,oracle_first,7,0.6703872680664062,32
4,oracle_first,8,0.7142198085784912,32
4,oracle_first,9,0.7148028612136841,32
4,oracle_first,10,0.7202014327049255,32
5,dense_first,1,0.4342239201068878,32
5,dense_first,2,0.34484630823135376,32
5,dense_first,3,0.36562806367874146,32
5,dense_first,4,0.38437336683273315,32
5,dense_first,5,0.3570694625377655,32
5,dense_first,6,0.3354627788066864,32
5,dense_first,7,0.30988067388534546,32
5,dense_first,8,0.29316776990890503,32
5,dense_first,9,0.29394370317459106,32
5,dense_first,10,0.28717848658561707,32
5,b0_first,1,0.4579331576824188,32
5,b0_first,2,0.42975670099258423,32
5,b0_first,3,0.4113723635673523,32
5,b0_first,4,0.3794254660606384,32
5,b0_first,5,0.3725101351737976,32
5,b0_first,6,0.34344786405563354,32
5,b0_first,7,0.3020874261856079,32
5,b0_first,8,0.29863208532333374,32
5,b0_first,9,0.2857935428619385,32
5,b0_first,10,0.28354984521865845,32
5,oracle_first,1,0.07794524729251862,32
5,oracle_first,2,0.09403263032436371,32
5,oracle_first,3,0.12485397607088089,32
5,oracle_first,4,0.14703822135925293,32
5,oracle_first,5,0.19078117609024048,32
5,oracle_first,6,0.1924390345811844,32
5,oracle_first,7,0.1754949688911438,32
5,oracle_first,8,0.22050265967845917,32
5,oracle_first,9,0.24400486052036285,32
5,oracle_first,10,0.21207506954669952,32
6,dense_first,1,0.4518185257911682,32
6,dense_first,2,0.4201405346393585,32
6,dense_first,3,0.3994990587234497,32
6,dense_first,4,0.3399330973625183,32
6,dense_first,5,0.2751442790031433,32
6,dense_first,6,0.2357894778251648,32
6,dense_first,7,0.2062498927116394,32
6,dense_first,8,0.16667050123214722,32
6,dense_first,9,0.13739445805549622,32
6,dense_first,10,0.1319308876991272,32
6,b0_first,1,0.15702271461486816,32
6,b0_first,2,0.15217718482017517,32
6,b0_first,3,0.1411975622177124,32
6,b0_first,4,0.12893611192703247,32
6,b0_first,5,0.12825341522693634,32
6,b0_first,6,0.1226794496178627,32
6,b0_first,7,0.11533517390489578,32
6,b0_first,8,0.10319483280181885,32
6,b0_first,9,0.09908801317214966,32
6,b0_first,10,0.09260576218366623,32
6,oracle_first,1,0.02045905962586403,32
6,oracle_first,2,0.02958858758211136,32
6,oracle_first,3,0.03540550172328949,32
6,oracle_first,4,0.035415004938840866,32
6,oracle_first,5,0.0373382493853569,32
6,oracle_first,6,0.04123269394040108,32
6,oracle_first,7,0.04950334504246712,32
6,oracle_first,8,0.04530749469995499,32
6,oracle_first,9,0.04650293290615082,32
6,oracle_first,10,0.04482429474592209,32
0,dense_first,1,1.3388609886169434,32
0,dense_first,2,0.9620401859283447,32
0,dense_first,3,0.8915854692459106,32
0,dense_first,4,0.7780684232711792,32
0,dense_first,5,0.7067209482192993,32
0,dense_first,6,0.7298163175582886,32
0,dense_first,7,0.7497448921203613,32
0,dense_first,8,0.7362014651298523,32
0,dense_first,9,0.7263562679290771,32
0,dense_first,10,0.7135651111602783,32
0,b0_first,1,1.1080541610717773,32
0,b0_first,2,1.0342319011688232,32
0,b0_first,3,0.9218583106994629,32
0,b0_first,4,0.840422511100769,32
0,b0_first,5,0.7918403148651123,32
0,b0_first,6,0.7704702615737915,32
0,b0_first,7,0.7422387599945068,32
0,b0_first,8,0.734785795211792,32
0,b0_first,9,0.7427712678909302,32
0,b0_first,10,0.7413594722747803,32
0,oracle_first,1,0.31729111075401306,32
0,oracle_first,2,0.4265511929988861,32
0,oracle_first,3,0.641701340675354,32
0,oracle_first,4,0.6001265048980713,32
0,oracle_first,5,0.6154670715332031,32
0,oracle_first,6,0.6116529703140259,32
0,oracle_first,7,0.609747052192688,32
0,oracle_first,8,0.6022352576255798,32
0,oracle_first,9,0.6128219366073608,32
0,oracle_first,10,0.640487790107727,32
1,dense_first,1,0.5653262138366699,32
1,dense_first,2,0.4241337180137634,32
1,dense_first,3,0.3937835991382599,32
1,dense_first,4,0.33317121863365173,32
1,dense_first,5,0.30442920327186584,32
1,dense_first,6,0.29735562205314636,32
1,dense_first,7,0.27005064487457275,32
1,dense_first,8,0.27855736017227173,32
1,dense_first,9,0.2720240652561188,32
1,dense_first,10,0.27272579073905945,32
1,b0_first,1,0.29466432332992554,32
1,b0_first,2,0.26265549659729004,32
1,b0_first,3,0.2433682531118393,32
1,b0_first,4,0.23527736961841583,32
1,b0_first,5,0.22230207920074463,32
1,b0_first,6,0.21561788022518158,32
1,b0_first,7,0.2142530381679535,32
1,b0_first,8,0.2118457555770874,32
1,b0_first,9,0.2143365442752838,32
1,b0_first,10,0.21583053469657898,32
1,oracle_first,1,0.10562662780284882,32
1,oracle_first,2,0.13814035058021545,32
1,oracle_first,3,0.1406402587890625,32
1,oracle_first,4,0.14443853497505188,32
1,oracle_first,5,0.14788803458213806,32
1,oracle_first,6,0.15042725205421448,32
1,oracle_first,7,0.1592511534690857,32
1,oracle_first,8,0.16318769752979279,32
1,oracle_first,9,0.17155568301677704,32
1,oracle_first,10,0.17111273109912872,32
2,dense_first,1,1.9738101959228516,32
2,dense_first,2,1.2916409969329834,32
2,dense_first,3,0.9378712177276611,32
2,dense_first,4,0.8981958627700806,32
2,dense_first,5,0.8942220211029053,32
2,dense_first,6,0.8877210021018982,32
2,dense_first,7,0.8638755083084106,32
2,dense_first,8,0.8425573706626892,32
2,dense_first,9,0.8110699653625488,32
2,dense_first,10,0.7996934056282043,32
2,b0_first,1,1.173632025718689,32
2,b0_first,2,1.0909241437911987,32
2,b0_first,3,0.9409024715423584,32
2,b0_first,4,0.888857364654541,32
2,b0_first,5,0.875330924987793,32
2,b0_first,6,0.8528969287872314,32
2,b0_first,7,0.8306228518486023,32
2,b0_first,8,0.8147203922271729,32
2,b0_first,9,0.7931678295135498,32
2,b0_first,10,0.8040965795516968,32
2,oracle_first,1,0.3074292540550232,32
2,oracle_first,2,0.6025487184524536,32
2,oracle_first,3,0.7247319221496582,32
2,oracle_first,4,0.6956264972686768,32
2,oracle_first,5,0.7039659023284912,32
2,oracle_first,6,0.7214570641517639,32
2,oracle_first,7,0.7409115433692932,32
2,oracle_first,8,0.7359566688537598,32
2,oracle_first,9,0.7244337797164917,32
2,oracle_first,10,0.726460337638855,32
3,dense_first,1,0.4385431408882141,32
3,dense_first,2,0.37681347131729126,32
3,dense_first,3,0.35574012994766235,32
3,dense_first,4,0.3377086818218231,32
3,dense_first,5,0.30619704723358154,32
3,dense_first,6,0.28486454486846924,32
3,dense_first,7,0.25962531566619873,32
3,dense_first,8,0.2399037480354309,32
3,dense_first,9,0.2220013439655304,32
3,dense_first,10,0.20774289965629578,32
3,b0_first,1,0.3326178789138794,32
3,b0_first,2,0.3098006844520569,32
3,b0_first,3,0.26862993836402893,32
3,b0_first,4,0.2370680868625641,32
3,b0_first,5,0.23258304595947266,32
3,b0_first,6,0.22139596939086914,32
3,b0_first,7,0.22433482110500336,32
3,b0_first,8,0.20592135190963745,32
3,b0_first,9,0.19838862121105194,32
3,b0_first,10,0.1914551854133606,32
3,oracle_first,1,0.09509187936782837,32
3,oracle_first,2,0.1401577889919281,32
3,oracle_first,3,0.12256340682506561,32
3,oracle_first,4,0.12248434126377106,32
3,oracle_first,5,0.1581481397151947,32
3,oracle_first,6,0.15601329505443573,32
3,oracle_first,7,0.16744637489318848,32
3,oracle_first,8,0.16026601195335388,32
3,oracle_first,9,0.15560650825500488,32
3,oracle_first,10,0.15543757379055023,32
4,dense_first,1,1.634059190750122,32
4,dense_first,2,1.2575150728225708,32
4,dense_first,3,1.1341891288757324,32
4,dense_first,4,1.1593962907791138,32
4,dense_first,5,0.9833700656890869,32
4,dense_first,6,0.9400926828384399,32
4,dense_first,7,0.9186521172523499,32
4,dense_first,8,0.9234163761138916,32
4,dense_first,9,0.8896811008453369,32
4,dense_first,10,0.8712372779846191,32
4,b0_first,1,1.2636154890060425,32
4,b0_first,2,1.2353456020355225,32
4,b0_first,3,1.140237808227539,32
4,b0_first,4,1.0977704524993896,32
4,b0_first,5,1.056937336921692,32
4,b0_first,6,1.0071645975112915,32
4,b0_first,7,0.9958730936050415,32
4,b0_first,8,0.9743180274963379,32
4,b0_first,9,0.9552832245826721,32
4,b0_first,10,0.9229568243026733,32
4,oracle_first,1,0.20908084511756897,32
4,oracle_first,2,0.3659849166870117,32
4,oracle_first,3,0.5010660290718079,32
4,oracle_first,4,0.6180300712585449,32
4,oracle_first,5,0.6560137867927551,32
4,oracle_first,6,0.6349573135375977,32
4,oracle_first,7,0.650529146194458,32
4,oracle_first,8,0.6342786550521851,32
4,oracle_first,9,0.6662288308143616,32
4,oracle_first,10,0.6554837226867676,32
5,dense_first,1,0.3643728494644165,32
5,dense_first,2,0.2752695381641388,32
5,dense_first,3,0.23677752912044525,32
5,dense_first,4,0.20966477692127228,32
5,dense_first,5,0.1983078271150589,32
5,dense_first,6,0.1977912336587906,32
5,dense_first,7,0.1931919902563095,32
5,dense_first,8,0.20345565676689148,32
5,dense_first,9,0.19190628826618195,32
5,dense_first,10,0.18341264128684998,32
5,b0_first,1,0.2059514820575714,32
5,b0_first,2,0.18065579235553741,32
5,b0_first,3,0.17007699608802795,32
5,b0_first,4,0.15997019410133362,32
5,b0_first,5,0.15548953413963318,32
5,b0_first,6,0.15139204263687134,32
5,b0_first,7,0.1506626456975937,32
5,b0_first,8,0.14627836644649506,32
5,b0_first,9,0.14500950276851654,32
5,b0_first,10,0.14160768687725067,32
5,oracle_first,1,0.08345407247543335,32
5,oracle_first,2,0.09709189832210541,32
5,oracle_first,3,0.10546649992465973,32
5,oracle_first,4,0.1026659607887268,32
5,oracle_first,5,0.10569532215595245,32
5,oracle_first,6,0.1094476580619812,32
5,oracle_first,7,0.10845573246479034,32
5,oracle_first,8,0.11129701882600784,32
5,oracle_first,9,0.11083313822746277,32
5,oracle_first,10,0.11465436220169067,32
6,dense_first,1,0.1475570946931839,32
6,dense_first,2,0.10981221497058868,32
6,dense_first,3,0.09515582025051117,32
6,dense_first,4,0.07792696356773376,32
6,dense_first,5,0.06999432295560837,32
6,dense_first,6,0.06412120163440704,32
6,dense_first,7,0.055156029760837555,32
6,dense_first,8,0.050630513578653336,32
6,dense_first,9,0.046343207359313965,32
6,dense_first,10,0.04469836503267288,32
6,b0_first,1,0.15178507566452026,32
6,b0_first,2,0.10465920716524124,32
6,b0_first,3,0.08351778984069824,32
6,b0_first,4,0.06705774366855621,32
6,b0_first,5,0.05565432086586952,32
6,b0_first,6,0.05058199167251587,32
6,b0_first,7,0.04318754002451897,32
6,b0_first,8,0.04223237931728363,32
6,b0_first,9,0.040384624153375626,32
6,b0_first,10,0.038729019463062286,32
6,oracle_first,1,0.018699886277318,32
6,oracle_first,2,0.04605935513973236,32
6,oracle_first,3,0.053981393575668335,32
6,oracle_first,4,0.053978290408849716,32
6,oracle_first,5,0.04861842468380928,32
6,oracle_first,6,0.04238655045628548,32
6,oracle_first,7,0.04517010226845741,32
6,oracle_first,8,0.043400004506111145,32
6,oracle_first,9,0.037054676562547684,32
6,oracle_first,10,0.035974666476249695,32
0,dense_first,1,0.925841212272644,32
0,dense_first,2,0.6196777820587158,32
0,dense_first,3,0.571256697177887,32
0,dense_first,4,0.6084038019180298,32
0,dense_first,5,0.5336042046546936,32
0,dense_first,6,0.4901449978351593,32
0,dense_first,7,0.467082679271698,32
0,dense_first,8,0.45690569281578064,32
0,dense_first,9,0.44632184505462646,32
0,dense_first,10,0.42549699544906616,32
0,b0_first,1,0.659311056137085,32
0,b0_first,2,0.6027777194976807,32
0,b0_first,3,0.4964761734008789,32
0,b0_first,4,0.4988187253475189,32
0,b0_first,5,0.47614791989326477,32
0,b0_first,6,0.45612427592277527,32
0,b0_first,7,0.4392794966697693,32
0,b0_first,8,0.4298552870750427,32
0,b0_first,9,0.4175613224506378,32
0,b0_first,10,0.40189027786254883,32
0,oracle_first,1,0.1685744822025299,32
0,oracle_first,2,0.4628582298755646,32
0,oracle_first,3,0.5335212349891663,32
0,oracle_first,4,0.4782612919807434,32
0,oracle_first,5,0.5187046527862549,32
0,oracle_first,6,0.519303560256958,32
0,oracle_first,7,0.4944305419921875,32
0,oracle_first,8,0.4563218653202057,32
0,oracle_first,9,0.4390895664691925,32
0,oracle_first,10,0.41954705119132996,32
1,dense_first,1,0.507652997970581,32
1,dense_first,2,0.36452025175094604,32
1,dense_first,3,0.3179144859313965,32
1,dense_first,4,0.2364838719367981,32
1,dense_first,5,0.20486316084861755,32
1,dense_first,6,0.19480767846107483,32
1,dense_first,7,0.18905135989189148,32
1,dense_first,8,0.1931529939174652,32
1,dense_first,9,0.19481390714645386,32
1,dense_first,10,0.17606259882450104,32
1,b0_first,1,0.20691819489002228,32
1,b0_first,2,0.1874510943889618,32
1,b0_first,3,0.1707158088684082,32
1,b0_first,4,0.15941603481769562,32
1,b0_first,5,0.14531511068344116,32
1,b0_first,6,0.13784828782081604,32
1,b0_first,7,0.13084840774536133,32
1,b0_first,8,0.12862440943717957,32
1,b0_first,9,0.12810461223125458,32
1,b0_first,10,0.127295583486557,32
1,oracle_first,1,0.10397312045097351,32
1,oracle_first,2,0.1085563600063324,32
1,oracle_first,3,0.10945218801498413,32
1,oracle_first,4,0.10687315464019775,32
1,oracle_first,5,0.10092838108539581,32
1,oracle_first,6,0.10313006490468979,32
1,oracle_first,7,0.10018891096115112,32
1,oracle_first,8,0.09925591200590134,32
1,oracle_first,9,0.09907279908657074,32
1,oracle_first,10,0.1010560616850853,32
2,dense_first,1,1.0426194667816162,32
2,dense_first,2,0.7069388628005981,32
2,dense_first,3,0.5820087194442749,32
2,dense_first,4,0.5341503024101257,32
2,dense_first,5,0.4880303144454956,32
2,dense_first,6,0.4711203873157501,32
2,dense_first,7,0.4685356616973877,32
2,dense_first,8,0.4736770987510681,32
2,dense_first,9,0.4615849554538727,32
2,dense_first,10,0.45389971137046814,32
2,b0_first,1,0.7679230570793152,32
2,b0_first,2,0.6426986455917358,32
2,b0_first,3,0.5472207069396973,32
2,b0_first,4,0.5401158332824707,32
2,b0_first,5,0.502505898475647,32
2,b0_first,6,0.48629331588745117,32
2,b0_first,7,0.46832504868507385,32
2,b0_first,8,0.4637734591960907,32
2,b0_first,9,0.4644988179206848,32
2,b0_first,10,0.4507402777671814,32
2,oracle_first,1,0.14143821597099304,32
2,oracle_first,2,0.6455299854278564,32
2,oracle_first,3,0.7183551788330078,32
2,oracle_first,4,0.5277111530303955,32
2,oracle_first,5,0.5041115283966064,32
2,oracle_first,6,0.4887202978134155,32
2,oracle_first,7,0.47419559955596924,32
2,oracle_first,8,0.4681737422943115,32
2,oracle_first,9,0.4578576683998108,32
2,oracle_first,10,0.4591911733150482,32
3,dense_first,1,0.5566691160202026,32
3,dense_first,2,0.41755780577659607,32
3,dense_first,3,0.33968591690063477,32
3,dense_first,4,0.21604633331298828,32
3,dense_first,5,0.1933012306690216,32
3,dense_first,6,0.18633858859539032,32
3,dense_first,7,0.18076521158218384,32
3,dense_first,8,0.16711099445819855,32
3,dense_first,9,0.16543017327785492,32
3,dense_first,10,0.1616705060005188,32
3,b0_first,1,0.20520120859146118,32
3,b0_first,2,0.17895890772342682,32
3,b0_first,3,0.1623479425907135,32
3,b0_first,4,0.14671087265014648,32
3,b0_first,5,0.13935282826423645,32
3,b0_first,6,0.1383173167705536,32
3,b0_first,7,0.13524672389030457,32
3,b0_first,8,0.13385331630706787,32
3,b0_first,9,0.1295580118894577,32
3,b0_first,10,0.12947334349155426,32
3,oracle_first,1,0.09304924309253693,32
3,oracle_first,2,0.10125505179166794,32
3,oracle_first,3,0.10121718049049377,32
3,oracle_first,4,0.10298876464366913,32
3,oracle_first,5,0.10344839096069336,32
3,oracle_first,6,0.10325931012630463,32
3,oracle_first,7,0.10243512690067291,32
3,oracle_first,8,0.1032935082912445,32
3,oracle_first,9,0.10202758014202118,32
3,oracle_first,10,0.10421927273273468,32
4,dense_first,1,1.8729655742645264,32
4,dense_first,2,1.4921128749847412,32
4,dense_first,3,1.493448257446289,32
4,dense_first,4,1.3505710363388062,32
4,dense_first,5,1.164337158203125,32
4,dense_first,6,0.9802454710006714,32
4,dense_first,7,0.9444501399993896,32
4,dense_first,8,0.8907070159912109,32
4,dense_first,9,0.8202630281448364,32
4,dense_first,10,0.8116054534912109,32
4,b0_first,1,1.2450048923492432,32
4,b0_first,2,1.2004293203353882,32
4,b0_first,3,1.1430237293243408,32
4,b0_first,4,1.0755016803741455,32
4,b0_first,5,1.0398740768432617,32
4,b0_first,6,0.9970569014549255,32
4,b0_first,7,0.961209774017334,32
4,b0_first,8,0.9551876783370972,32
4,b0_first,9,0.9441254734992981,32
4,b0_first,10,0.9084072113037109,32
4,oracle_first,1,0.29224395751953125,32
4,oracle_first,2,0.319858580827713,32
4,oracle_first,3,0.34709984064102173,32
4,oracle_first,4,0.3541630506515503,32
4,oracle_first,5,0.3922293782234192,32
4,oracle_first,6,0.3841249644756317,32
4,oracle_first,7,0.3931507468223572,32
4,oracle_first,8,0.3978421688079834,32
4,oracle_first,9,0.4206211566925049,32
4,oracle_first,10,0.42887890338897705,32
5,dense_first,1,0.32758980989456177,32
5,dense_first,2,0.27021342515945435,32
5,dense_first,3,0.21821971237659454,32
5,dense_first,4,0.21724694967269897,32
5,dense_first,5,0.20014315843582153,32
5,dense_first,6,0.2038915753364563,32
5,dense_first,7,0.2019917070865631,32
5,dense_first,8,0.20696234703063965,32
5,dense_first,9,0.18683010339736938,32
5,dense_first,10,0.18200156092643738,32
5,b0_first,1,0.389842689037323,32
5,b0_first,2,0.35383763909339905,32
5,b0_first,3,0.3367016613483429,32
5,b0_first,4,0.3264032006263733,32
5,b0_first,5,0.32131773233413696,32
5,b0_first,6,0.31592100858688354,32
5,b0_first,7,0.31136029958724976,32
5,b0_first,8,0.30793461203575134,32
5,b0_first,9,0.3051844537258148,32
5,b0_first,10,0.30195093154907227,32
5,oracle_first,1,0.09464345872402191,32
5,oracle_first,2,0.11110414564609528,32
5,oracle_first,3,0.11530791223049164,32
5,oracle_first,4,0.12591533362865448,32
5,oracle_first,5,0.1308537870645523,32
5,oracle_first,6,0.1292247325181961,32
5,oracle_first,7,0.1296578049659729,32
5,oracle_first,8,0.13528941571712494,32
5,oracle_first,9,0.13877500593662262,32
5,oracle_first,10,0.13369685411453247,32
6,dense_first,1,0.17802053689956665,32
6,dense_first,2,0.14944040775299072,32
6,dense_first,3,0.11994291096925735,32
6,dense_first,4,0.09875105321407318,32
6,dense_first,5,0.08174999803304672,32
6,dense_first,6,0.06882935762405396,32
6,dense_first,7,0.06645669043064117,32
6,dense_first,8,0.06064319238066673,32
6,dense_first,9,0.060503676533699036,32
6,dense_first,10,0.057999882847070694,32
6,b0_first,1,0.252799928188324,32
6,b0_first,2,0.1897728145122528,32
6,b0_first,3,0.14905986189842224,32
6,b0_first,4,0.1233500987291336,32
6,b0_first,5,0.11338409781455994,32
6,b0_first,6,0.09245745837688446,32
6,b0_first,7,0.08287286758422852,32
6,b0_first,8,0.07549732178449631,32
6,b0_first,9,0.06983339041471481,32
6,b0_first,10,0.06503526866436005,32
6,oracle_first,1,0.01649218052625656,32
6,oracle_first,2,0.030117636546492577,32
6,oracle_first,3,0.029909390956163406,32
6,oracle_first,4,0.03101157955825329,32
6,oracle_first,5,0.032064925879240036,32
6,oracle_first,6,0.03207762539386749,32
6,oracle_first,7,0.033300429582595825,32
6,oracle_first,8,0.0350407175719738,32
6,oracle_first,9,0.03569738194346428,32
6,oracle_first,10,0.03599560260772705,32
0,dense_first,1,1.012307047843933,32
0,dense_first,2,0.8590623140335083,32
0,dense_first,3,0.6831507682800293,32
0,dense_first,4,0.598864734172821,32
0,dense_first,5,0.5403857827186584,32
0,dense_first,6,0.5262977480888367,32
0,dense_first,7,0.4901450276374817,32
0,dense_first,8,0.47891804575920105,32
0,dense_first,9,0.4825383424758911,32
0,dense_first,10,0.47385478019714355,32
0,b0_first,1,0.6231744289398193,32
0,b0_first,2,0.5620521306991577,32
0,b0_first,3,0.46574726700782776,32
0,b0_first,4,0.4575440585613251,32
0,b0_first,5,0.4451090693473816,32
0,b0_first,6,0.43845486640930176,32
0,b0_first,7,0.43807560205459595,32
0,b0_first,8,0.42268574237823486,32
0,b0_first,9,0.42147839069366455,32
0,b0_first,10,0.42223379015922546,32
0,oracle_first,1,0.15989762544631958,32
0,oracle_first,2,0.6467336416244507,32
0,oracle_first,3,0.6783239245414734,32
0,oracle_first,4,0.6303781270980835,32
0,oracle_first,5,0.6034770011901855,32
0,oracle_first,6,0.5538522005081177,32
0,oracle_first,7,0.5191305875778198,32
0,oracle_first,8,0.4995032846927643,32
0,oracle_first,9,0.48797842860221863,32
0,oracle_first,10,0.46397048234939575,32
1,dense_first,1,0.45842838287353516,32
1,dense_first,2,0.3678756356239319,32
1,dense_first,3,0.2961050570011139,32
1,dense_first,4,0.2679784297943115,32
1,dense_first,5,0.22289693355560303,32
1,dense_first,6,0.20716622471809387,32
1,dense_first,7,0.16217075288295746,32
1,dense_first,8,0.15811824798583984,32
1,dense_first,9,0.1524960696697235,32
1,dense_first,10,0.15141597390174866,32
1,b0_first,1,0.24836374819278717,32
1,b0_first,2,0.2088817059993744,32
1,b0_first,3,0.19251513481140137,32
1,b0_first,4,0.18016858398914337,32
1,b0_first,5,0.1681765615940094,32
1,b0_first,6,0.1523725837469101,32
1,b0_first,7,0.14782187342643738,32
1,b0_first,8,0.14548203349113464,32
1,b0_first,9,0.14197148382663727,32
1,b0_first,10,0.13743025064468384,32
1,oracle_first,1,0.0969245582818985,32
1,oracle_first,2,0.1148863434791565,32
1,oracle_first,3,0.10953854769468307,32
1,oracle_first,4,0.106332927942276,32
1,oracle_first,5,0.1066087931394577,32
1,oracle_first,6,0.10707154870033264,32
1,oracle_first,7,0.10893543064594269,32
1,oracle_first,8,0.10324354469776154,32
1,oracle_first,9,0.10152658820152283,32
1,oracle_first,10,0.09972108155488968,32
2,dense_first,1,1.2853368520736694,32
2,dense_first,2,0.8945819735527039,32
2,dense_first,3,0.6309908628463745,32
2,dense_first,4,0.5674814581871033,32
2,dense_first,5,0.5071437358856201,32
2,dense_first,6,0.4975431561470032,32
2,dense_first,7,0.48698729276657104,32
2,dense_first,8,0.4822419583797455,32
2,dense_first,9,0.44976767897605896,32
2,dense_first,10,0.4554261565208435,32
2,b0_first,1,0.7068545818328857,32
2,b0_first,2,0.6282421946525574,32
2,b0_first,3,0.5541141033172607,32
2,b0_first,4,0.4903222322463989,32
2,b0_first,5,0.4495798647403717,32
2,b0_first,6,0.444341242313385,32
2,b0_first,7,0.44212958216667175,32
2,b0_first,8,0.42830491065979004,32
2,b0_first,9,0.42409253120422363,32
2,b0_first,10,0.42843905091285706,32
2,oracle_first,1,0.14373454451560974,32
2,oracle_first,2,0.8722655177116394,32
2,oracle_first,3,0.8463760614395142,32
2,oracle_first,4,0.6009365916252136,32
2,oracle_first,5,0.5781980752944946,32
2,oracle_first,6,0.5431228876113892,32
2,oracle_first,7,0.5341198444366455,32
2,oracle_first,8,0.49237141013145447,32
2,oracle_first,9,0.46039721369743347,32
2,oracle_first,10,0.4729369282722473,32
3,dense_first,1,0.5235044956207275,32
3,dense_first,2,0.4039495587348938,32
3,dense_first,3,0.3155115842819214,32
3,dense_first,4,0.27334165573120117,32
3,dense_first,5,0.21217340230941772,32
3,dense_first,6,0.19672390818595886,32
3,dense_first,7,0.16304269433021545,32
3,dense_first,8,0.14063182473182678,32
3,dense_first,9,0.13229453563690186,32
3,dense_first,10,0.12441249191761017,32
3,b0_first,1,0.18997830152511597,32
3,b0_first,2,0.17133376002311707,32
3,b0_first,3,0.16367506980895996,32
3,b0_first,4,0.1543036699295044,32
3,b0_first,5,0.14103025197982788,32
3,b0_first,6,0.1314796507358551,32
3,b0_first,7,0.1266915649175644,32
3,b0_first,8,0.12230849266052246,32
3,b0_first,9,0.1155472993850708,32
3,b0_first,10,0.11226276308298111,32
3,oracle_first,1,0.09693646430969238,32
3,oracle_first,2,0.10907343029975891,32
3,oracle_first,3,0.12054181843996048,32
3,oracle_first,4,0.1180935800075531,32
3,oracle_first,5,0.11715646088123322,32
3,oracle_first,6,0.1097421795129776,32
3,oracle_first,7,0.10648925602436066,32
3,oracle_first,8,0.10331405699253082,32
3,oracle_first,9,0.09753185510635376,32
3,oracle_first,10,0.09459466487169266,32
4,dense_first,1,1.8419172763824463,32
4,dense_first,2,1.3560984134674072,32
4,dense_first,3,1.179728627204895,32
4,dense_first,4,0.9665418863296509,32
4,dense_first,5,0.8500929474830627,32
4,dense_first,6,0.8432618379592896,32
4,dense_first,7,0.7696233987808228,32
4,dense_first,8,0.7646355628967285,32
4,dense_first,9,0.7543875575065613,32
4,dense_first,10,0.7400747537612915,32
4,b0_first,1,1.0578781366348267,32
4,b0_first,2,1.0119773149490356,32
4,b0_first,3,0.9275100231170654,32
4,b0_first,4,0.8653844594955444,32
4,b0_first,5,0.7960994243621826,32
4,b0_first,6,0.7654625177383423,32
4,b0_first,7,0.7522529363632202,32
4,b0_first,8,0.7374063730239868,32
4,b0_first,9,0.71491938829422,32
4,b0_first,10,0.7005316615104675,32
4,oracle_first,1,0.33615753054618835,32
4,oracle_first,2,0.3726905882358551,32
4,oracle_first,3,0.367489218711853,32
4,oracle_first,4,0.39370110630989075,32
4,oracle_first,5,0.4276048541069031,32
4,oracle_first,6,0.43058115243911743,32
4,oracle_first,7,0.43681687116622925,32
4,oracle_first,8,0.44918093085289,32
4,oracle_first,9,0.4820515811443329,32
4,oracle_first,10,0.4853209853172302,32
5,dense_first,1,0.5640066266059875,32
5,dense_first,2,0.45440077781677246,32
5,dense_first,3,0.39660921692848206,32
5,dense_first,4,0.3780066668987274,32
5,dense_first,5,0.3614565432071686,32
5,dense_first,6,0.36476293206214905,32
5,dense_first,7,0.33368074893951416,32
5,dense_first,8,0.3253430724143982,32
5,dense_first,9,0.29461532831192017,32
5,dense_first,10,0.2533712089061737,32
5,b0_first,1,0.24809566140174866,32
5,b0_first,2,0.23419825732707977,32
5,b0_first,3,0.22247537970542908,32
5,b0_first,4,0.21484605967998505,32
5,b0_first,5,0.21030864119529724,32
5,b0_first,6,0.20457389950752258,32
5,b0_first,7,0.1984485685825348,32
5,b0_first,8,0.19133493304252625,32
5,b0_first,9,0.1903594434261322,32
5,b0_first,10,0.18795646727085114,32
5,oracle_first,1,0.10376167297363281,32
5,oracle_first,2,0.11188721656799316,32
5,oracle_first,3,0.1165408045053482,32
5,oracle_first,4,0.12083680927753448,32
5,oracle_first,5,0.12438465654850006,32
5,oracle_first,6,0.13250820338726044,32
5,oracle_first,7,0.13203176856040955,32
5,oracle_first,8,0.1306106299161911,32
5,oracle_first,9,0.13198637962341309,32
5,oracle_first,10,0.13450273871421814,32
6,dense_first,1,0.15863320231437683,32
6,dense_first,2,0.1222197562456131,32
6,dense_first,3,0.10550650954246521,32
6,dense_first,4,0.07863538712263107,32
6,dense_first,5,0.06102113425731659,32
6,dense_first,6,0.0489417165517807,32
6,dense_first,7,0.04220050200819969,32
6,dense_first,8,0.03685519099235535,32
6,dense_first,9,0.03583701699972153,32
6,dense_first,10,0.03282415121793747,32
6,b0_first,1,0.09194651246070862,32
6,b0_first,2,0.07541057467460632,32
6,b0_first,3,0.06012718379497528,32
6,b0_first,4,0.05374142527580261,32
6,b0_first,5,0.05002158135175705,32
6,b0_first,6,0.04525730386376381,32
6,b0_first,7,0.04222129285335541,32
6,b0_first,8,0.03723883628845215,32
6,b0_first,9,0.03266006335616112,32
6,b0_first,10,0.03064626082777977,32
6,oracle_first,1,0.016158560290932655,32
6,oracle_first,2,0.02541588619351387,32
6,oracle_first,3,0.02947363257408142,32
6,oracle_first,4,0.0315760113298893,32
6,oracle_first,5,0.02702837437391281,32
6,oracle_first,6,0.025111934170126915,32
6,oracle_first,7,0.024941055104136467,32
6,oracle_first,8,0.02290799468755722,32
6,oracle_first,9,0.022197414189577103,32
6,oracle_first,10,0.02252454310655594,32
0,dense_first,1,1.1247901916503906,32
0,dense_first,2,0.8602985739707947,32
0,dense_first,3,0.7613259553909302,32
0,dense_first,4,0.6915015578269958,32
0,dense_first,5,0.653663694858551,32
0,dense_first,6,0.5951876640319824,32
0,dense_first,7,0.5170168280601501,32
0,dense_first,8,0.4838869571685791,32
0,dense_first,9,0.4670858085155487,32
0,dense_first,10,0.45180878043174744,32
0,b0_first,1,0.7180719375610352,32
0,b0_first,2,0.6345103979110718,32
0,b0_first,3,0.5658369660377502,32
0,b0_first,4,0.5288373231887817,32
0,b0_first,5,0.5115445852279663,32
0,b0_first,6,0.4883502125740051,32
0,b0_first,7,0.4768790602684021,32
0,b0_first,8,0.45459502935409546,32
0,b0_first,9,0.4383912980556488,32
0,b0_first,10,0.4076653718948364,32
0,oracle_first,1,0.17539438605308533,32
0,oracle_first,2,0.4099177122116089,32
0,oracle_first,3,0.5035109519958496,32
0,oracle_first,4,0.48994794487953186,32
0,oracle_first,5,0.4922626316547394,32
0,oracle_first,6,0.4379177391529083,32
0,oracle_first,7,0.4243214428424835,32
0,oracle_first,8,0.41004565358161926,32
0,oracle_first,9,0.39770326018333435,32
0,oracle_first,10,0.3860180377960205,32
1,dense_first,1,0.4521886110305786,32
1,dense_first,2,0.390119731426239,32
1,dense_first,3,0.29552778601646423,32
1,dense_first,4,0.2553768455982208,32
1,dense_first,5,0.23877038061618805,32
1,dense_first,6,0.19206786155700684,32
1,dense_first,7,0.1709941029548645,32
1,dense_first,8,0.1623583436012268,32
1,dense_first,9,0.17557990550994873,32
1,dense_first,10,0.15257024765014648,32
1,b0_first,1,0.25150230526924133,32
1,b0_first,2,0.20079554617404938,32
1,b0_first,3,0.18071815371513367,32
1,b0_first,4,0.17294959723949432,32
1,b0_first,5,0.16284695267677307,32
1,b0_first,6,0.15505215525627136,32
1,b0_first,7,0.15077927708625793,32
1,b0_first,8,0.14157900214195251,32
1,b0_first,9,0.13733194768428802,32
1,b0_first,10,0.13751550018787384,32
1,oracle_first,1,0.11311477422714233,32
1,oracle_first,2,0.11965490132570267,32
1,oracle_first,3,0.11560673266649246,32
1,oracle_first,4,0.11510766297578812,32
1,oracle_first,5,0.11356743425130844,32
1,oracle_first,6,0.111605703830719,32
1,oracle_first,7,0.1137838065624237,32
1,oracle_first,8,0.1099274754524231,32
1,oracle_first,9,0.10978949069976807,32
1,oracle_first,10,0.11032061278820038,32
2,dense_first,1,1.300959825515747,32
2,dense_first,2,0.7437161803245544,32
2,dense_first,3,0.6332415342330933,32
2,dense_first,4,0.5556120872497559,32
2,dense_first,5,0.49741846323013306,32
2,dense_first,6,0.5000419020652771,32
2,dense_first,7,0.4839537739753723,32
2,dense_first,8,0.47319504618644714,32
2,dense_first,9,0.44906947016716003,32
2,dense_first,10,0.4357062876224518,32
2,b0_first,1,0.5959298014640808,32
2,b0_first,2,0.4971085786819458,32
2,b0_first,3,0.4426146149635315,32
2,b0_first,4,0.4286770820617676,32
2,b0_first,5,0.4166732132434845,32
2,b0_first,6,0.4055427312850952,32
2,b0_first,7,0.4123348593711853,32
2,b0_first,8,0.39766043424606323,32
2,b0_first,9,0.39291876554489136,32
2,b0_first,10,0.3905397951602936,32
2,oracle_first,1,0.17199361324310303,32
2,oracle_first,2,0.38464289903640747,32
2,oracle_first,3,0.5072463750839233,32
2,oracle_first,4,0.5178857445716858,32
2,oracle_first,5,0.4336475133895874,32
2,oracle_first,6,0.40825986862182617,32
2,oracle_first,7,0.3939911723136902,32
2,oracle_first,8,0.38482075929641724,32
2,oracle_first,9,0.37838906049728394,32
2,oracle_first,10,0.3667553663253784,32
3,dense_first,1,0.467812716960907,32
3,dense_first,2,0.2958902418613434,32
3,dense_first,3,0.2542128264904022,32
3,dense_first,4,0.2242048978805542,32
3,dense_first,5,0.2187449336051941,32
3,dense_first,6,0.19099318981170654,32
3,dense_first,7,0.17238442599773407,32
3,dense_first,8,0.14952775835990906,32
3,dense_first,9,0.1446816474199295,32
3,dense_first,10,0.13780727982521057,32
3,b0_first,1,0.1960044503211975,32
3,b0_first,2,0.17239072918891907,32
3,b0_first,3,0.15641489624977112,32
3,b0_first,4,0.14321675896644592,32
3,b0_first,5,0.13430196046829224,32
3,b0_first,6,0.12422625720500946,32
3,b0_first,7,0.11999982595443726,32
3,b0_first,8,0.11371716111898422,32
3,b0_first,9,0.11076207458972931,32
3,b0_first,10,0.10726277530193329,32
3,oracle_first,1,0.09626570343971252,32
3,oracle_first,2,0.10747091472148895,32
3,oracle_first,3,0.10256170481443405,32
3,oracle_first,4,0.1035088300704956,32
3,oracle_first,5,0.10568304359912872,32
3,oracle_first,6,0.10511185973882675,32
3,oracle_first,7,0.10542774200439453,32
3,oracle_first,8,0.10285365581512451,32
3,oracle_first,9,0.10575573146343231,32
3,oracle_first,10,0.10009276866912842,32
4,dense_first,1,2.067544937133789,32
4,dense_first,2,1.3429920673370361,32
4,dense_first,3,1.366023063659668,32
4,dense_first,4,1.246521234512329,32
4,dense_first,5,1.270031213760376,32
4,dense_first,6,1.2173585891723633,32
4,dense_first,7,1.1397690773010254,32
4,dense_first,8,1.0089662075042725,32
4,dense_first,9,0.9632430672645569,32
4,dense_first,10,0.929902195930481,32
4,b0_first,1,1.2004292011260986,32
4,b0_first,2,1.1486539840698242,32
4,b0_first,3,1.0820600986480713,32
4,b0_first,4,1.0656788349151611,32
4,b0_first,5,0.9881727695465088,32
4,b0_first,6,0.9670414924621582,32
4,b0_first,7,0.9360771775245667,32
4,b0_first,8,0.9124245643615723,32
4,b0_first,9,0.8955261707305908,32
4,b0_first,10,0.8754822611808777,32
4,oracle_first,1,0.3032832741737366,32
4,oracle_first,2,0.411376953125,32
4,oracle_first,3,0.46943598985671997,32
4,oracle_first,4,0.4925946593284607,32
4,oracle_first,5,0.5317509770393372,32
4,oracle_first,6,0.5302479267120361,32
4,oracle_first,7,0.575035572052002,32
4,oracle_first,8,0.5772678852081299,32
4,oracle_first,9,0.5840010643005371,32
4,oracle_first,10,0.5958683490753174,32
5,dense_first,1,0.620337724685669,32
5,dense_first,2,0.44173312187194824,32
5,dense_first,3,0.40579262375831604,32
5,dense_first,4,0.3592723309993744,32
5,dense_first,5,0.3445105254650116,32
5,dense_first,6,0.34476372599601746,32
5,dense_first,7,0.32890021800994873,32
5,dense_first,8,0.31134313344955444,32
5,dense_first,9,0.29241663217544556,32
5,dense_first,10,0.28900986909866333,32
5,b0_first,1,0.2863243520259857,32
5,b0_first,2,0.26645904779434204,32
5,b0_first,3,0.261250764131546,32
5,b0_first,4,0.2583310604095459,32
5,b0_first,5,0.2537435293197632,32
5,b0_first,6,0.2520148456096649,32
5,b0_first,7,0.24506542086601257,32
5,b0_first,8,0.23638978600502014,32
5,b0_first,9,0.2339475005865097,32
5,b0_first,10,0.22987809777259827,32
5,oracle_first,1,0.11352968215942383,32
5,oracle_first,2,0.1406710147857666,32
5,oracle_first,3,0.1625472456216812,32
5,oracle_first,4,0.16954880952835083,32
5,oracle_first,5,0.18217799067497253,32
5,oracle_first,6,0.1883455216884613,32
5,oracle_first,7,0.18970711529254913,32
5,oracle_first,8,0.18603065609931946,32
5,oracle_first,9,0.18800313770771027,32
5,oracle_first,10,0.18459726870059967,32
6,dense_first,1,0.1779007613658905,32
6,dense_first,2,0.1495283544063568,32
6,dense_first,3,0.13464564085006714,32
6,dense_first,4,0.1032019704580307,32
6,dense_first,5,0.0790591686964035,32
6,dense_first,6,0.06405346840620041,32
6,dense_first,7,0.058818377554416656,32
6,dense_first,8,0.06194435805082321,32
6,dense_first,9,0.05655040591955185,32
6,dense_first,10,0.057366661727428436,32
6,b0_first,1,0.12993919849395752,32
6,b0_first,2,0.10251845419406891,32
6,b0_first,3,0.09143673628568649,32
6,b0_first,4,0.07875031232833862,32
6,b0_first,5,0.07076627761125565,32
6,b0_first,6,0.06624351441860199,32
6,b0_first,7,0.06135307252407074,32
6,b0_first,8,0.06455065310001373,32
6,b0_first,9,0.058559343218803406,32
6,b0_first,10,0.0542043000459671,32
6,oracle_first,1,0.013467282988131046,32
6,oracle_first,2,0.015086820349097252,32
6,oracle_first,3,0.017580069601535797,32
6,oracle_first,4,0.018991854041814804,32
6,oracle_first,5,0.02054465375840664,32
6,oracle_first,6,0.023907950147986412,32
6,oracle_first,7,0.030362442135810852,32
6,oracle_first,8,0.037244029343128204,32
6,oracle_first,9,0.03856399655342102,32
6,oracle_first,10,0.03794950991868973,32
0,dense_first,1,1.3131401538848877,32
0,dense_first,2,0.8362069725990295,32
0,dense_first,3,0.7454847097396851,32
0,dense_first,4,0.691699206829071,32
0,dense_first,5,0.6571464538574219,32
0,dense_first,6,0.6500243544578552,32
0,dense_first,7,0.6271418929100037,32
0,dense_first,8,0.6130771040916443,32
0,dense_first,9,0.596315860748291,32
0,dense_first,10,0.589887797832489,32
0,b0_first,1,0.6858750581741333,32
0,b0_first,2,0.607386589050293,32
0,b0_first,3,0.5543479919433594,32
0,b0_first,4,0.5148958563804626,32
0,b0_first,5,0.4817328453063965,32
0,b0_first,6,0.47152966260910034,32
0,b0_first,7,0.47906693816185,32
0,b0_first,8,0.4743017256259918,32
0,b0_first,9,0.46546226739883423,32
0,b0_first,10,0.4779963791370392,32
0,oracle_first,1,0.2052200436592102,32
0,oracle_first,2,0.33338046073913574,32
0,oracle_first,3,0.43908604979515076,32
0,oracle_first,4,0.45724165439605713,32
0,oracle_first,5,0.4259181022644043,32
0,oracle_first,6,0.43051475286483765,32
0,oracle_first,7,0.43670350313186646,32
0,oracle_first,8,0.44719651341438293,32
0,oracle_first,9,0.457968533039093,32
0,oracle_first,10,0.46337616443634033,32
1,dense_first,1,0.48168328404426575,32
1,dense_first,2,0.36435508728027344,32
1,dense_first,3,0.3384789526462555,32
1,dense_first,4,0.27281564474105835,32
1,dense_first,5,0.24463576078414917,32
1,dense_first,6,0.22597843408584595,32
1,dense_first,7,0.21277225017547607,32
1,dense_first,8,0.198590487241745,32
1,dense_first,9,0.18907670676708221,32
1,dense_first,10,0.17848548293113708,32
1,b0_first,1,0.2752135396003723,32
1,b0_first,2,0.24230626225471497,32
1,b0_first,3,0.21197745203971863,32
1,b0_first,4,0.19831115007400513,32
1,b0_first,5,0.1942586600780487,32
1,b0_first,6,0.18871600925922394,32
1,b0_first,7,0.18388138711452484,32
1,b0_first,8,0.17414282262325287,32
1,b0_first,9,0.1646551936864853,32
1,b0_first,10,0.15847913920879364,32
1,oracle_first,1,0.12299837917089462,32
1,oracle_first,2,0.12494835257530212,32
1,oracle_first,3,0.13780885934829712,32
1,oracle_first,4,0.1431179642677307,32
1,oracle_first,5,0.14408253133296967,32
1,oracle_first,6,0.14085349440574646,32
1,oracle_first,7,0.13637074828147888,32
1,oracle_first,8,0.13298597931861877,32
1,oracle_first,9,0.13172729313373566,32
1,oracle_first,10,0.1306563913822174,32
2,dense_first,1,1.3201667070388794,32
2,dense_first,2,0.8672831058502197,32
2,dense_first,3,0.778812825679779,32
2,dense_first,4,0.6678870916366577,32
2,dense_first,5,0.5954437255859375,32
2,dense_first,6,0.5668492913246155,32
2,dense_first,7,0.5732223987579346,32
2,dense_first,8,0.5508555173873901,32
2,dense_first,9,0.5424003601074219,32
2,dense_first,10,0.5314993858337402,32
2,b0_first,1,0.5674219131469727,32
2,b0_first,2,0.5360274314880371,32
2,b0_first,3,0.5170589685440063,32
2,b0_first,4,0.49212178587913513,32
2,b0_first,5,0.4639838635921478,32
2,b0_first,6,0.44669878482818604,32
2,b0_first,7,0.4311361610889435,32
2,b0_first,8,0.423775851726532,32
2,b0_first,9,0.41109681129455566,32
2,b0_first,10,0.414840966463089,32
2,oracle_first,1,0.1975807249546051,32
2,oracle_first,2,0.5671155452728271,32
2,oracle_first,3,0.44708406925201416,32
2,oracle_first,4,0.3917771875858307,32
2,oracle_first,5,0.37235307693481445,32
2,oracle_first,6,0.39141911268234253,32
2,oracle_first,7,0.3934910297393799,32
2,oracle_first,8,0.3872418999671936,32
2,oracle_first,9,0.3951563239097595,32
2,oracle_first,10,0.39247041940689087,32
3,dense_first,1,0.4720335602760315,32
3,dense_first,2,0.3505958914756775,32
3,dense_first,3,0.31397074460983276,32
3,dense_first,4,0.24643665552139282,32
3,dense_first,5,0.2144010365009308,32
3,dense_first,6,0.18618354201316833,32
3,dense_first,7,0.16560432314872742,32
3,dense_first,8,0.14859196543693542,32
3,dense_first,9,0.1439918875694275,32
3,dense_first,10,0.1373174786567688,32
3,b0_first,1,0.21855343878269196,32
3,b0_first,2,0.18498778343200684,32
3,b0_first,3,0.1639954149723053,32
3,b0_first,4,0.15244776010513306,32
3,b0_first,5,0.1442335546016693,32
3,b0_first,6,0.1395166963338852,32
3,b0_first,7,0.13344252109527588,32
3,b0_first,8,0.13059492409229279,32
3,b0_first,9,0.12849560379981995,32
3,b0_first,10,0.1234273910522461,32
3,oracle_first,1,0.1007058173418045,32
3,oracle_first,2,0.15111571550369263,32
3,oracle_first,3,0.13710910081863403,32
3,oracle_first,4,0.12696781754493713,32
3,oracle_first,5,0.13062666356563568,32
3,oracle_first,6,0.12367521226406097,32
3,oracle_first,7,0.11971860378980637,32
3,oracle_first,8,0.1152370497584343,32
3,oracle_first,9,0.11392003297805786,32
3,oracle_first,10,0.11282139271497726,32
4,dense_first,1,2.6990206241607666,32
4,dense_first,2,1.6365971565246582,32
4,dense_first,3,1.5455737113952637,32
4,dense_first,4,1.4878629446029663,32
4,dense_first,5,1.2788946628570557,32
4,dense_first,6,1.2159826755523682,32
4,dense_first,7,1.1735589504241943,32
4,dense_first,8,1.1250964403152466,32
4,dense_first,9,1.09927499294281,32
4,dense_first,10,1.0279239416122437,32
4,b0_first,1,1.724743366241455,32
4,b0_first,2,1.7058789730072021,32
4,b0_first,3,1.6799273490905762,32
4,b0_first,4,1.5781912803649902,32
4,b0_first,5,1.4535977840423584,32
4,b0_first,6,1.3948945999145508,32
4,b0_first,7,1.383360505104065,32
4,b0_first,8,1.2501754760742188,32
4,b0_first,9,1.255326509475708,32
4,b0_first,10,1.2286829948425293,32
4,oracle_first,1,0.26894667744636536,32
4,oracle_first,2,0.2943531572818756,32
4,oracle_first,3,0.4321783185005188,32
4,oracle_first,4,0.5052433013916016,32
4,oracle_first,5,0.5621824264526367,32
4,oracle_first,6,0.5842269659042358,32
4,oracle_first,7,0.6255556344985962,32
4,oracle_first,8,0.6302143335342407,32
4,oracle_first,9,0.6489890217781067,32
4,oracle_first,10,0.6328001618385315,32
5,dense_first,1,0.6419466137886047,32
5,dense_first,2,0.45597997307777405,32
5,dense_first,3,0.41854095458984375,32
5,dense_first,4,0.3831283450126648,32
5,dense_first,5,0.39698511362075806,32
5,dense_first,6,0.37862786650657654,32
5,dense_first,7,0.3586636781692505,32
5,dense_first,8,0.3177180290222168,32
5,dense_first,9,0.32378241419792175,32
5,dense_first,10,0.3055974543094635,32
5,b0_first,1,0.3183380961418152,32
5,b0_first,2,0.30235445499420166,32
5,b0_first,3,0.29270854592323303,32
5,b0_first,4,0.28153589367866516,32
5,b0_first,5,0.2735324501991272,32
5,b0_first,6,0.27437299489974976,32
5,b0_first,7,0.2694377303123474,32
5,b0_first,8,0.26785093545913696,32
5,b0_first,9,0.26152053475379944,32
5,b0_first,10,0.26142972707748413,32
5,oracle_first,1,0.11159645020961761,32
5,oracle_first,2,0.1566346287727356,32
5,oracle_first,3,0.16736817359924316,32
5,oracle_first,4,0.18327170610427856,32
5,oracle_first,5,0.20229852199554443,32
5,oracle_first,6,0.20542874932289124,32
5,oracle_first,7,0.2049313336610794,32
5,oracle_first,8,0.2129225730895996,32
5,oracle_first,9,0.21742001175880432,32
5,oracle_first,10,0.21862873435020447,32
6,dense_first,1,0.17013633251190186,32
6,dense_first,2,0.14442625641822815,32
6,dense_first,3,0.12287759780883789,32
6,dense_first,4,0.10111787915229797,32
6,dense_first,5,0.09171445667743683,32
6,dense_first,6,0.09506092965602875,32
6,dense_first,7,0.10159797966480255,32
6,dense_first,8,0.10827796906232834,32
6,dense_first,9,0.11918008327484131,32
6,dense_first,10,0.11905518174171448,32
6,b0_first,1,0.17342256009578705,32
6,b0_first,2,0.16154137253761292,32
6,b0_first,3,0.16059324145317078,32
6,b0_first,4,0.15732479095458984,32
6,b0_first,5,0.15291109681129456,32
6,b0_first,6,0.14764875173568726,32
6,b0_first,7,0.14461567997932434,32
6,b0_first,8,0.14872635900974274,32
6,b0_first,9,0.1367417722940445,32
6,b0_first,10,0.13665325939655304,32
6,oracle_first,1,0.020863212645053864,32
6,oracle_first,2,0.030652182176709175,32
6,oracle_first,3,0.03532393276691437,32
6,oracle_first,4,0.03880339115858078,32
6,oracle_first,5,0.03935912251472473,32
6,oracle_first,6,0.05887434631586075,32
6,oracle_first,7,0.06940802186727524,32
6,oracle_first,8,0.08505129814147949,32
6,oracle_first,9,0.0833553746342659,32
6,oracle_first,10,0.08392315357923508,32
0,dense_first,1,1.1760666370391846,32
0,dense_first,2,0.9692127704620361,32
0,dense_first,3,0.9160433411598206,32
0,dense_first,4,0.7791265249252319,32
0,dense_first,5,0.8077383041381836,32
0,dense_first,6,0.7338372468948364,32
0,dense_first,7,0.7254162430763245,32
0,dense_first,8,0.6853817701339722,32
0,dense_first,9,0.7003351449966431,32
0,dense_first,10,0.7007486820220947,32
0,b0_first,1,0.8733105659484863,32
0,b0_first,2,0.8063132166862488,32
0,b0_first,3,0.7795373797416687,32
0,b0_first,4,0.7819646596908569,32
0,b0_first,5,0.7466769218444824,32
0,b0_first,6,0.718161940574646,32
0,b0_first,7,0.7042784690856934,32
0,b0_first,8,0.7069767117500305,32
0,b0_first,9,0.7071844339370728,32
0,b0_first,10,0.6938117742538452,32
0,oracle_first,1,0.20968230068683624,32
0,oracle_first,2,0.4425177574157715,32
0,oracle_first,3,0.5470077991485596,32
0,oracle_first,4,0.5154833197593689,32
0,oracle_first,5,0.5089118480682373,32
0,oracle_first,6,0.5193047523498535,32
0,oracle_first,7,0.4712495803833008,32
0,oracle_first,8,0.48224520683288574,32
0,oracle_first,9,0.4609336853027344,32
0,oracle_first,10,0.4766809642314911,32
1,dense_first,1,0.4935970902442932,32
1,dense_first,2,0.38312017917633057,32
1,dense_first,3,0.3025721609592438,32
1,dense_first,4,0.2705591320991516,32
1,dense_first,5,0.2500050365924835,32
1,dense_first,6,0.2357778251171112,32
1,dense_first,7,0.22936129570007324,32
1,dense_first,8,0.21406862139701843,32
1,dense_first,9,0.2071068286895752,32
1,dense_first,10,0.20752008259296417,32
1,b0_first,1,0.31500646471977234,32
1,b0_first,2,0.2836485207080841,32
1,b0_first,3,0.2611240744590759,32
1,b0_first,4,0.2417079657316208,32
1,b0_first,5,0.22939613461494446,32
1,b0_first,6,0.2191600203514099,32
1,b0_first,7,0.2083054780960083,32
1,b0_first,8,0.20155799388885498,32
1,b0_first,9,0.19860507547855377,32
1,b0_first,10,0.19582094252109528,32
1,oracle_first,1,0.135674387216568,32
1,oracle_first,2,0.18475866317749023,32
1,oracle_first,3,0.17455971240997314,32
1,oracle_first,4,0.16374123096466064,32
1,oracle_first,5,0.15758547186851501,32
1,oracle_first,6,0.16084349155426025,32
1,oracle_first,7,0.16922836005687714,32
1,oracle_first,8,0.17253683507442474,32
1,oracle_first,9,0.165607750415802,32
1,oracle_first,10,0.1672397255897522,32
2,dense_first,1,0.9545588493347168,32
2,dense_first,2,0.7483485341072083,32
2,dense_first,3,0.8033319711685181,32
2,dense_first,4,0.7241165637969971,32
2,dense_first,5,0.6674467325210571,32
2,dense_first,6,0.6514971256256104,32
2,dense_first,7,0.6358172297477722,32
2,dense_first,8,0.6368143558502197,32
2,dense_first,9,0.6785352230072021,32
2,dense_first,10,0.653153121471405,32
2,b0_first,1,0.7480621933937073,32
2,b0_first,2,0.6880105137825012,32
2,b0_first,3,0.6627344489097595,32
2,b0_first,4,0.6394879221916199,32
2,b0_first,5,0.6364273428916931,32
2,b0_first,6,0.6049085855484009,32
2,b0_first,7,0.626323938369751,32
2,b0_first,8,0.5875840187072754,32
2,b0_first,9,0.5794155597686768,32
2,b0_first,10,0.5858852863311768,32
2,oracle_first,1,0.17629241943359375,32
2,oracle_first,2,0.6539357900619507,32
2,oracle_first,3,0.6075105667114258,32
2,oracle_first,4,0.5659158825874329,32
2,oracle_first,5,0.54732346534729,32
2,oracle_first,6,0.5187762975692749,32
2,oracle_first,7,0.5110597610473633,32
2,oracle_first,8,0.5073902010917664,32
2,oracle_first,9,0.47962889075279236,32
2,oracle_first,10,0.4749281406402588,32
3,dense_first,1,0.5629538297653198,32
3,dense_first,2,0.406739205121994,32
3,dense_first,3,0.3290940821170807,32
3,dense_first,4,0.2783902883529663,32
3,dense_first,5,0.22621700167655945,32
3,dense_first,6,0.21396803855895996,32
3,dense_first,7,0.1711788773536682,32
3,dense_first,8,0.1597084254026413,32
3,dense_first,9,0.15132346749305725,32
3,dense_first,10,0.14937712252140045,32
3,b0_first,1,0.23775696754455566,32
3,b0_first,2,0.21749532222747803,32
3,b0_first,3,0.19560560584068298,32
3,b0_first,4,0.1825021505355835,32
3,b0_first,5,0.1759224832057953,32
3,b0_first,6,0.1692371964454651,32
3,b0_first,7,0.1615513265132904,32
3,b0_first,8,0.15580424666404724,32
3,b0_first,9,0.15106335282325745,32
3,b0_first,10,0.14616402983665466,32
3,oracle_first,1,0.10872925817966461,32
3,oracle_first,2,0.18788662552833557,32
3,oracle_first,3,0.17829100787639618,32
3,oracle_first,4,0.1648053526878357,32
3,oracle_first,5,0.1560317575931549,32
3,oracle_first,6,0.15042470395565033,32
3,oracle_first,7,0.14030183851718903,32
3,oracle_first,8,0.14898201823234558,32
3,oracle_first,9,0.14294996857643127,32
3,oracle_first,10,0.13091382384300232,32
4,dense_first,1,2.4453377723693848,32
4,dense_first,2,2.1774024963378906,32
4,dense_first,3,2.120701789855957,32
4,dense_first,4,1.7874810695648193,32
4,dense_first,5,1.6137535572052002,32
4,dense_first,6,1.5145783424377441,32
4,dense_first,7,1.426123857498169,32
4,dense_first,8,1.3896324634552002,32
4,dense_first,9,1.3562960624694824,32
4,dense_first,10,1.3275201320648193,32
4,b0_first,1,1.9053550958633423,32
4,b0_first,2,1.8644375801086426,32
4,b0_first,3,1.802718997001648,32
4,b0_first,4,1.755812168121338,32
4,b0_first,5,1.7007733583450317,32
4,b0_first,6,1.6358757019042969,32
4,b0_first,7,1.6027634143829346,32
4,b0_first,8,1.5453667640686035,32
4,b0_first,9,1.5023447275161743,32
4,b0_first,10,1.474219799041748,32
4,oracle_first,1,0.5720649361610413,32
4,oracle_first,2,0.7325379252433777,32
4,oracle_first,3,0.912523090839386,32
4,oracle_first,4,1.0004029273986816,32
4,oracle_first,5,1.0158125162124634,32
4,oracle_first,6,1.0033082962036133,32
4,oracle_first,7,1.0204795598983765,32
4,oracle_first,8,1.0011255741119385,32
4,oracle_first,9,0.9920928478240967,32
4,oracle_first,10,1.0307661294937134,32
5,dense_first,1,0.6174216866493225,32
5,dense_first,2,0.5112719535827637,32
5,dense_first,3,0.44805940985679626,32
5,dense_first,4,0.35223373770713806,32
5,dense_first,5,0.33155137300491333,32
5,dense_first,6,0.2877073884010315,32
5,dense_first,7,0.2907319664955139,32
5,dense_first,8,0.2840118408203125,32
5,dense_first,9,0.2767661213874817,32
5,dense_first,10,0.274628221988678,32
5,b0_first,1,0.2947228252887726,32
5,b0_first,2,0.2707393765449524,32
5,b0_first,3,0.2609751224517822,32
5,b0_first,4,0.25265637040138245,32
5,b0_first,5,0.24601459503173828,32
5,b0_first,6,0.24042408168315887,32
5,b0_first,7,0.2305665761232376,32
5,b0_first,8,0.2273474931716919,32
5,b0_first,9,0.22534283995628357,32
5,b0_first,10,0.22443613409996033,32
5,oracle_first,1,0.12384393811225891,32
5,oracle_first,2,0.13419485092163086,32
5,oracle_first,3,0.15116479992866516,32
5,oracle_first,4,0.153077632188797,32
5,oracle_first,5,0.15975084900856018,32
5,oracle_first,6,0.16615478694438934,32
5,oracle_first,7,0.172420471906662,32
5,oracle_first,8,0.17217522859573364,32
5,oracle_first,9,0.17375312745571136,32
5,oracle_first,10,0.18484246730804443,32
6,dense_first,1,0.27432939410209656,32
6,dense_first,2,0.22449946403503418,32
6,dense_first,3,0.19781139492988586,32
6,dense_first,4,0.18712694942951202,32
6,dense_first,5,0.19046616554260254,32
6,dense_first,6,0.21178768575191498,32
6,dense_first,7,0.2370401918888092,32
6,dense_first,8,0.2455395758152008,32
6,dense_first,9,0.2630743980407715,32
6,dense_first,10,0.26778852939605713,32
6,b0_first,1,0.37513089179992676,32
6,b0_first,2,0.3358404338359833,32
6,b0_first,3,0.32019442319869995,32
6,b0_first,4,0.3106880784034729,32
6,b0_first,5,0.314474880695343,32
6,b0_first,6,0.3121620714664459,32
6,b0_first,7,0.3198385238647461,32
6,b0_first,8,0.32174238562583923,32
6,b0_first,9,0.3230591118335724,32
6,b0_first,10,0.3116828501224518,32
6,oracle_first,1,0.02741578221321106,32
6,oracle_first,2,0.03863188624382019,32
6,oracle_first,3,0.05037558451294899,32
6,oracle_first,4,0.06558604538440704,32
6,oracle_first,5,0.09149312227964401,32
6,oracle_first,6,0.12204590439796448,32
6,oracle_first,7,0.15704262256622314,32
6,oracle_first,8,0.16382813453674316,32
6,oracle_first,9,0.1889883279800415,32
6,oracle_first,10,0.19005480408668518,32
0,dense_first,1,1.5460654497146606,32
0,dense_first,2,1.3538527488708496,32
0,dense_first,3,1.3333101272583008,32
0,dense_first,4,1.1594122648239136,32
0,dense_first,5,1.166952133178711,32
0,dense_first,6,1.140841007232666,32
0,dense_first,7,1.1491460800170898,32
0,dense_first,8,1.1665501594543457,32
0,dense_first,9,1.14723539352417,32
0,dense_first,10,1.1095404624938965,32
0,b0_first,1,1.2574669122695923,32
0,b0_first,2,1.2322782278060913,32
0,b0_first,3,1.151144027709961,32
0,b0_first,4,1.1419693231582642,32
0,b0_first,5,1.1141692399978638,32
0,b0_first,6,1.099854826927185,32
0,b0_first,7,1.0777931213378906,32
0,b0_first,8,1.1048874855041504,32
0,b0_first,9,1.0910770893096924,32
0,b0_first,10,1.0816571712493896,32
0,oracle_first,1,0.13220539689064026,32
0,oracle_first,2,0.853135347366333,32
0,oracle_first,3,1.2041126489639282,32
0,oracle_first,4,1.1197528839111328,32
0,oracle_first,5,1.0703558921813965,32
0,oracle_first,6,1.105201244354248,32
0,oracle_first,7,1.162074089050293,32
0,oracle_first,8,1.1473098993301392,32
0,oracle_first,9,1.095304250717163,32
0,oracle_first,10,1.1032462120056152,32
1,dense_first,1,0.6238340139389038,32
1,dense_first,2,0.5965161323547363,32
1,dense_first,3,0.4570639729499817,32
1,dense_first,4,0.4266629219055176,32
1,dense_first,5,0.41537824273109436,32
1,dense_first,6,0.39879631996154785,32
1,dense_first,7,0.38034483790397644,32
1,dense_first,8,0.3636392652988434,32
1,dense_first,9,0.33805763721466064,32
1,dense_first,10,0.333096444606781,32
1,b0_first,1,0.5339599847793579,32
1,b0_first,2,0.45031774044036865,32
1,b0_first,3,0.40663182735443115,32
1,b0_first,4,0.3782782554626465,32
1,b0_first,5,0.3564682900905609,32
1,b0_first,6,0.348335862159729,32
1,b0_first,7,0.3442215323448181,32
1,b0_first,8,0.32794857025146484,32
1,b0_first,9,0.32391729950904846,32
1,b0_first,10,0.31576722860336304,32
1,oracle_first,1,0.1461591273546219,32
1,oracle_first,2,0.3060670495033264,32
1,oracle_first,3,0.41156795620918274,32
1,oracle_first,4,0.3854231834411621,32
1,oracle_first,5,0.3603077530860901,32
1,oracle_first,6,0.3528190851211548,32
1,oracle_first,7,0.34566596150398254,32
1,oracle_first,8,0.3353607654571533,32
1,oracle_first,9,0.31988775730133057,32
1,oracle_first,10,0.3016151487827301,32
2,dense_first,1,1.9372811317443848,32
2,dense_first,2,1.4020538330078125,32
2,dense_first,3,1.368753433227539,32
2,dense_first,4,1.2437716722488403,32
2,dense_first,5,1.1256506443023682,32
2,dense_first,6,1.1473493576049805,32
2,dense_first,7,1.1450743675231934,32
2,dense_first,8,1.1220762729644775,32
2,dense_first,9,1.1388171911239624,32
2,dense_first,10,1.139918565750122,32
2,b0_first,1,1.3158252239227295,32
2,b0_first,2,1.2776145935058594,32
2,b0_first,3,1.2194099426269531,32
2,b0_first,4,1.129892349243164,32
2,b0_first,5,1.0946686267852783,32
2,b0_first,6,1.0893856287002563,32
2,b0_first,7,1.0787853002548218,32
2,b0_first,8,1.0924720764160156,32
2,b0_first,9,1.0899806022644043,32
2,b0_first,10,1.0951383113861084,32
2,oracle_first,1,0.10066989064216614,32
2,oracle_first,2,1.0179264545440674,32
2,oracle_first,3,1.3015859127044678,32
2,oracle_first,4,1.1791601181030273,32
2,oracle_first,5,1.1204911470413208,32
2,oracle_first,6,1.0881097316741943,32
2,oracle_first,7,1.083817720413208,32
2,oracle_first,8,1.1031731367111206,32
2,oracle_first,9,1.0788068771362305,32
2,oracle_first,10,1.1069443225860596,32
3,dense_first,1,0.4392833709716797,32
3,dense_first,2,0.3693042993545532,32
3,dense_first,3,0.3668856918811798,32
3,dense_first,4,0.2927664816379547,32
3,dense_first,5,0.2810242772102356,32
3,dense_first,6,0.2675689458847046,32
3,dense_first,7,0.23999521136283875,32
3,dense_first,8,0.23404493927955627,32
3,dense_first,9,0.21222171187400818,32
3,dense_first,10,0.20756277441978455,32
3,b0_first,1,0.31656041741371155,32
3,b0_first,2,0.28484734892845154,32
3,b0_first,3,0.26555633544921875,32
3,b0_first,4,0.2531997561454773,32
3,b0_first,5,0.24187517166137695,32
3,b0_first,6,0.23769406974315643,32
3,b0_first,7,0.2337137907743454,32
3,b0_first,8,0.22595104575157166,32
3,b0_first,9,0.22152313590049744,32
3,b0_first,10,0.2171315848827362,32
3,oracle_first,1,0.10157935321331024,32
3,oracle_first,2,0.15381702780723572,32
3,oracle_first,3,0.19277602434158325,32
3,oracle_first,4,0.19254207611083984,32
3,oracle_first,5,0.20194408297538757,32
3,oracle_first,6,0.20648056268692017,32
3,oracle_first,7,0.20774488151073456,32
3,oracle_first,8,0.20323991775512695,32
3,oracle_first,9,0.20992745459079742,32
3,oracle_first,10,0.19073158502578735,32
4,dense_first,1,2.5192787647247314,32
4,dense_first,2,1.8755868673324585,32
4,dense_first,3,1.7748761177062988,32
4,dense_first,4,1.5591527223587036,32
4,dense_first,5,1.4301033020019531,32
4,dense_first,6,1.401947259902954,32
4,dense_first,7,1.3239920139312744,32
4,dense_first,8,1.2317228317260742,32
4,dense_first,9,1.2392176389694214,32
4,dense_first,10,1.2573350667953491,32
4,b0_first,1,1.5302810668945312,32
4,b0_first,2,1.4874155521392822,32
4,b0_first,3,1.4158830642700195,32
4,b0_first,4,1.3733251094818115,32
4,b0_first,5,1.364133358001709,32
4,b0_first,6,1.325458288192749,32
4,b0_first,7,1.2513267993927002,32
4,b0_first,8,1.2271604537963867,32
4,b0_first,9,1.2175490856170654,32
4,b0_first,10,1.1874301433563232,32
4,oracle_first,1,0.6142486333847046,32
4,oracle_first,2,0.7320218086242676,32
4,oracle_first,3,0.9522655010223389,32
4,oracle_first,4,0.9653154611587524,32
4,oracle_first,5,0.9790722131729126,32
4,oracle_first,6,0.9633722305297852,32
4,oracle_first,7,1.029390811920166,32
4,oracle_first,8,1.0423800945281982,32
4,oracle_first,9,1.0257277488708496,32
4,oracle_first,10,1.0204899311065674,32
5,dense_first,1,0.6549410223960876,32
5,dense_first,2,0.47852623462677,32
5,dense_first,3,0.37642860412597656,32
5,dense_first,4,0.35915321111679077,32
5,dense_first,5,0.31476277112960815,32
5,dense_first,6,0.2993412911891937,32
5,dense_first,7,0.2898278832435608,32
5,dense_first,8,0.2752983570098877,32
5,dense_first,9,0.27014267444610596,32
5,dense_first,10,0.25932297110557556,32
5,b0_first,1,0.44530928134918213,32
5,b0_first,2,0.3944544494152069,32
5,b0_first,3,0.3598610460758209,32
5,b0_first,4,0.2722089886665344,32
5,b0_first,5,0.2621696889400482,32
5,b0_first,6,0.2576720118522644,32
5,b0_first,7,0.2541664242744446,32
5,b0_first,8,0.2470218986272812,32
5,b0_first,9,0.24073204398155212,32
5,b0_first,10,0.23874518275260925,32
5,oracle_first,1,0.10482072830200195,32
5,oracle_first,2,0.16340401768684387,32
5,oracle_first,3,0.15772023797035217,32
5,oracle_first,4,0.16205985844135284,32
5,oracle_first,5,0.16828659176826477,32
5,oracle_first,6,0.17563776671886444,32
5,oracle_first,7,0.1843702793121338,32
5,oracle_first,8,0.18457253277301788,32
5,oracle_first,9,0.18280667066574097,32
5,oracle_first,10,0.18469157814979553,32
6,dense_first,1,0.2946694791316986,32
6,dense_first,2,0.24900025129318237,32
6,dense_first,3,0.21900725364685059,32
6,dense_first,4,0.20863178372383118,32
6,dense_first,5,0.2141980081796646,32
6,dense_first,6,0.2261565923690796,32
6,dense_first,7,0.2378673553466797,32
6,dense_first,8,0.24425256252288818,32
6,dense_first,9,0.23981469869613647,32
6,dense_first,10,0.2350645661354065,32
6,b0_first,1,0.30908113718032837,32
6,b0_first,2,0.3154584467411041,32
6,b0_first,3,0.30903542041778564,32
6,b0_first,4,0.31107938289642334,32
6,b0_first,5,0.31836190819740295,32
6,b0_first,6,0.32971620559692383,32
6,b0_first,7,0.3442690074443817,32
6,b0_first,8,0.35033416748046875,32
6,b0_first,9,0.3339943289756775,32
6,b0_first,10,0.3348483741283417,32
6,oracle_first,1,0.026084531098604202,32
6,oracle_first,2,0.040691256523132324,32
6,oracle_first,3,0.059738874435424805,32
6,oracle_first,4,0.08420617133378983,32
6,oracle_first,5,0.11519567668437958,32
6,oracle_first,6,0.14388982951641083,32
6,oracle_first,7,0.1761842519044876,32
6,oracle_first,8,0.18786512315273285,32
6,oracle_first,9,0.18195170164108276,32
6,oracle_first,10,0.18619489669799805,32
0,dense_first,1,1.1990107297897339,32
0,dense_first,2,1.1453553438186646,32
0,dense_first,3,1.2028355598449707,32
0,dense_first,4,1.1594752073287964,32
0,dense_first,5,1.1298508644104004,32
0,dense_first,6,1.1566228866577148,32
0,dense_first,7,1.061126708984375,32
0,dense_first,8,1.0476677417755127,32
0,dense_first,9,1.041156530380249,32
0,dense_first,10,1.016064167022705,32
0,b0_first,1,0.9802461266517639,32
0,b0_first,2,0.9530940651893616,32
0,b0_first,3,0.9807074069976807,32
0,b0_first,4,0.9802412390708923,32
0,b0_first,5,0.9754216074943542,32
0,b0_first,6,0.9766490459442139,32
0,b0_first,7,0.9638321399688721,32
0,b0_first,8,0.953641951084137,32
0,b0_first,9,0.9580506086349487,32
0,b0_first,10,0.9668176174163818,32
0,oracle_first,1,0.1096850261092186,32
0,oracle_first,2,0.7456912398338318,32
0,oracle_first,3,0.9535600543022156,32
0,oracle_first,4,1.088146448135376,32
0,oracle_first,5,1.1140090227127075,32
0,oracle_first,6,1.0356605052947998,32
0,oracle_first,7,1.0376241207122803,32
0,oracle_first,8,1.0352147817611694,32
0,oracle_first,9,0.9947382211685181,32
0,oracle_first,10,0.9591239094734192,32
1,dense_first,1,0.7466360926628113,32
1,dense_first,2,0.5696094036102295,32
1,dense_first,3,0.4708157777786255,32
1,dense_first,4,0.43073534965515137,32
1,dense_first,5,0.4119771122932434,32
1,dense_first,6,0.42800071835517883,32
1,dense_first,7,0.40694063901901245,32
1,dense_first,8,0.39345765113830566,32
1,dense_first,9,0.39408713579177856,32
1,dense_first,10,0.4125809669494629,32
1,b0_first,1,0.6092590093612671,32
1,b0_first,2,0.5443415641784668,32
1,b0_first,3,0.4931451380252838,32
1,b0_first,4,0.4769102931022644,32
1,b0_first,5,0.45625919103622437,32
1,b0_first,6,0.44652464985847473,32
1,b0_first,7,0.43098121881484985,32
1,b0_first,8,0.4115624725818634,32
1,b0_first,9,0.4027504622936249,32
1,b0_first,10,0.3971213698387146,32
1,oracle_first,1,0.13705791532993317,32
1,oracle_first,2,0.3384515643119812,32
1,oracle_first,3,0.3786076605319977,32
1,oracle_first,4,0.4157712459564209,32
1,oracle_first,5,0.40009474754333496,32
1,oracle_first,6,0.3632063865661621,32
1,oracle_first,7,0.35641244053840637,32
1,oracle_first,8,0.34239715337753296,32
1,oracle_first,9,0.35051122307777405,32
1,oracle_first,10,0.349948525428772,32
2,dense_first,1,1.186561107635498,32
2,dense_first,2,0.9380203485488892,32
2,dense_first,3,0.901183545589447,32
2,dense_first,4,0.8261319994926453,32
2,dense_first,5,0.8555289506912231,32
2,dense_first,6,0.953098475933075,32
2,dense_first,7,0.8807312250137329,32
2,dense_first,8,0.871171236038208,32
2,dense_first,9,0.9477839469909668,32
2,dense_first,10,0.9190495014190674,32
2,b0_first,1,1.199700117111206,32
2,b0_first,2,1.0782382488250732,32
2,b0_first,3,1.0553377866744995,32
2,b0_first,4,0.9940869808197021,32
2,b0_first,5,0.942638635635376,32
2,b0_first,6,0.9379315376281738,32
2,b0_first,7,0.9366042017936707,32
2,b0_first,8,0.9545570611953735,32
2,b0_first,9,0.9450340270996094,32
2,b0_first,10,0.955588698387146,32
2,oracle_first,1,0.08680999279022217,32
2,oracle_first,2,1.0614283084869385,32
2,oracle_first,3,0.9579533934593201,32
2,oracle_first,4,0.8681894540786743,32
2,oracle_first,5,0.9292965531349182,32
2,oracle_first,6,0.8390213251113892,32
2,oracle_first,7,0.8927737474441528,32
2,oracle_first,8,0.8897165656089783,32
2,oracle_first,9,0.9308472871780396,32
2,oracle_first,10,0.929871678352356,32
3,dense_first,1,0.5388155579566956,32
3,dense_first,2,0.5376498699188232,32
3,dense_first,3,0.4064343571662903,32
3,dense_first,4,0.35032665729522705,32
3,dense_first,5,0.4006716012954712,32
3,dense_first,6,0.3001423478126526,32
3,dense_first,7,0.27651557326316833,32
3,dense_first,8,0.24850070476531982,32
3,dense_first,9,0.2456205189228058,32
3,dense_first,10,0.2487485110759735,32
3,b0_first,1,0.4299508333206177,32
3,b0_first,2,0.40740108489990234,32
3,b0_first,3,0.36934202909469604,32
3,b0_first,4,0.3497970998287201,32
3,b0_first,5,0.33432456851005554,32
3,b0_first,6,0.3176690936088562,32
3,b0_first,7,0.3045714497566223,32
3,b0_first,8,0.2900851368904114,32
3,b0_first,9,0.27793118357658386,32
3,b0_first,10,0.26843637228012085,32
3,oracle_first,1,0.07942236959934235,32
3,oracle_first,2,0.21682798862457275,32
3,oracle_first,3,0.2149469256401062,32
3,oracle_first,4,0.21798306703567505,32
3,oracle_first,5,0.20935863256454468,32
3,oracle_first,6,0.23493339121341705,32
3,oracle_first,7,0.22355663776397705,32
3,oracle_first,8,0.21474280953407288,32
3,oracle_first,9,0.21230655908584595,32
3,oracle_first,10,0.21608486771583557,32
4,dense_first,1,2.8758974075317383,32
4,dense_first,2,2.6894755363464355,32
4,dense_first,3,2.682652711868286,32
4,dense_first,4,2.4518847465515137,32
4,dense_first,5,2.382341146469116,32
4,dense_first,6,2.39634108543396,32
4,dense_first,7,2.2767813205718994,32
4,dense_first,8,2.211735725402832,32
4,dense_first,9,1.9306074380874634,32
4,dense_first,10,1.9106429815292358,32
4,b0_first,1,1.1332496404647827,32
4,b0_first,2,1.1252864599227905,32
4,b0_first,3,1.1216657161712646,32
4,b0_first,4,1.1128923892974854,32
4,b0_first,5,1.080688714981079,32
4,b0_first,6,1.090712070465088,32
4,b0_first,7,1.084899663925171,32
4,b0_first,8,1.0860694646835327,32
4,b0_first,9,1.0852179527282715,32
4,b0_first,10,1.062403917312622,32
4,oracle_first,1,0.5467219352722168,32
4,oracle_first,2,0.6149866580963135,32
4,oracle_first,3,0.6586747169494629,32
4,oracle_first,4,0.8060306310653687,32
4,oracle_first,5,0.8397524356842041,32
4,oracle_first,6,0.8612651824951172,32
4,oracle_first,7,0.9336134195327759,32
4,oracle_first,8,0.9586281180381775,32
4,oracle_first,9,0.9721088409423828,32
4,oracle_first,10,0.9503531455993652,32
5,dense_first,1,0.9513410329818726,32
5,dense_first,2,0.6947873830795288,32
5,dense_first,3,0.8350753784179688,32
5,dense_first,4,0.7018736600875854,32
5,dense_first,5,0.6326956152915955,32
5,dense_first,6,0.5837036371231079,32
5,dense_first,7,0.5799964070320129,32
5,dense_first,8,0.5822829604148865,32
5,dense_first,9,0.5545380115509033,32
5,dense_first,10,0.47950276732444763,32
5,b0_first,1,0.3391904830932617,32
5,b0_first,2,0.3330085873603821,32
5,b0_first,3,0.33074620366096497,32
5,b0_first,4,0.3522871434688568,32
5,b0_first,5,0.3441358208656311,32
5,b0_first,6,0.3590155839920044,32
5,b0_first,7,0.3509331941604614,32
5,b0_first,8,0.3504258990287781,32
5,b0_first,9,0.34699755907058716,32
5,b0_first,10,0.34713977575302124,32
5,oracle_first,1,0.083031564950943,32
5,oracle_first,2,0.13143035769462585,32
5,oracle_first,3,0.14862635731697083,32
5,oracle_first,4,0.3276863992214203,32
5,oracle_first,5,0.33396896719932556,32
5,oracle_first,6,0.34194934368133545,32
5,oracle_first,7,0.3479600250720978,32
5,oracle_first,8,0.3036390244960785,32
5,oracle_first,9,0.30631110072135925,32
5,oracle_first,10,0.3113539516925812,32
6,dense_first,1,0.0921643078327179,32
6,dense_first,2,0.0742073655128479,32
6,dense_first,3,0.06722825765609741,32
6,dense_first,4,0.06278316676616669,32
6,dense_first,5,0.06500111520290375,32
6,dense_first,6,0.07216691970825195,32
6,dense_first,7,0.09968563914299011,32
6,dense_first,8,0.09945443272590637,32
6,dense_first,9,0.11390615999698639,32
6,dense_first,10,0.10867983102798462,32
6,b0_first,1,0.13550621271133423,32
6,b0_first,2,0.14684072136878967,32
6,b0_first,3,0.14151306450366974,32
6,b0_first,4,0.14614780247211456,32
6,b0_first,5,0.1516326665878296,32
6,b0_first,6,0.15221217274665833,32
6,b0_first,7,0.15037783980369568,32
6,b0_first,8,0.1487581729888916,32
6,b0_first,9,0.14788931608200073,32
6,b0_first,10,0.14017604291439056,32
6,oracle_first,1,0.01309189572930336,32
6,oracle_first,2,0.041530102491378784,32
6,oracle_first,3,0.043092261999845505,32
6,oracle_first,4,0.04461948573589325,32
6,oracle_first,5,0.041742533445358276,32
6,oracle_first,6,0.046515174210071564,32
6,oracle_first,7,0.046020347625017166,32
6,oracle_first,8,0.047675780951976776,32
6,oracle_first,9,0.05427997559309006,32
6,oracle_first,10,0.057800669223070145,32
0,dense_first,1,0.6721998453140259,32
0,dense_first,2,0.6219502687454224,32
0,dense_first,3,0.6477537155151367,32
0,dense_first,4,0.6091067790985107,32
0,dense_first,5,0.5684124827384949,32
0,dense_first,6,0.5855547785758972,32
0,dense_first,7,0.5681121349334717,32
0,dense_first,8,0.5725205540657043,32
0,dense_first,9,0.5686460137367249,32
0,dense_first,10,0.5215288400650024,32
0,b0_first,1,0.7628707885742188,32
0,b0_first,2,0.7109774351119995,32
0,b0_first,3,0.671369194984436,32
0,b0_first,4,0.6314570903778076,32
0,b0_first,5,0.6207368969917297,32
0,b0_first,6,0.6178080439567566,32
0,b0_first,7,0.6081977486610413,32
0,b0_first,8,0.5984904766082764,32
0,b0_first,9,0.5853604078292847,32
0,b0_first,10,0.5733439922332764,32
0,oracle_first,1,0.1243244931101799,32
0,oracle_first,2,0.31547310948371887,32
0,oracle_first,3,0.5641478300094604,32
0,oracle_first,4,0.5491268634796143,32
0,oracle_first,5,0.5116561055183411,32
0,oracle_first,6,0.5177056789398193,32
0,oracle_first,7,0.5198043584823608,32
0,oracle_first,8,0.5444315075874329,32
0,oracle_first,9,0.4987698793411255,32
0,oracle_first,10,0.47747737169265747,32
1,dense_first,1,0.9220238327980042,32
1,dense_first,2,0.7587321996688843,32
1,dense_first,3,0.6170586347579956,32
1,dense_first,4,0.5274389386177063,32
1,dense_first,5,0.5102415680885315,32
1,dense_first,6,0.4890356957912445,32
1,dense_first,7,0.5075516700744629,32
1,dense_first,8,0.501570463180542,32
1,dense_first,9,0.4778851866722107,32
1,dense_first,10,0.4412594735622406,32
1,b0_first,1,0.8553250432014465,32
1,b0_first,2,0.7428328990936279,32
1,b0_first,3,0.6322565674781799,32
1,b0_first,4,0.6041605472564697,32
1,b0_first,5,0.5804893374443054,32
1,b0_first,6,0.5698723793029785,32
1,b0_first,7,0.5431895852088928,32
1,b0_first,8,0.5272438526153564,32
1,b0_first,9,0.525404155254364,32
1,b0_first,10,0.5042863488197327,32
1,oracle_first,1,0.08680783957242966,32
1,oracle_first,2,0.2914288640022278,32
1,oracle_first,3,0.37882062792778015,32
1,oracle_first,4,0.4329705238342285,32
1,oracle_first,5,0.4256247282028198,32
1,oracle_first,6,0.39856457710266113,32
1,oracle_first,7,0.38697895407676697,32
1,oracle_first,8,0.3995184302330017,32
1,oracle_first,9,0.3835250437259674,32
1,oracle_first,10,0.3611171543598175,32
2,dense_first,1,0.9022674560546875,32
2,dense_first,2,0.5719383955001831,32
2,dense_first,3,0.510700523853302,32
2,dense_first,4,0.5126034617424011,32
2,dense_first,5,0.5761984586715698,32
2,dense_first,6,0.5821222066879272,32
2,dense_first,7,0.533355176448822,32
2,dense_first,8,0.5158594250679016,32
2,dense_first,9,0.47688594460487366,32
2,dense_first,10,0.46047455072402954,32
2,b0_first,1,0.9710705280303955,32
2,b0_first,2,0.8787761926651001,32
2,b0_first,3,0.8311715126037598,32
2,b0_first,4,0.7919089794158936,32
2,b0_first,5,0.753470242023468,32
2,b0_first,6,0.7251296043395996,32
2,b0_first,7,0.6961226463317871,32
2,b0_first,8,0.6785561442375183,32
2,b0_first,9,0.6620587706565857,32
2,b0_first,10,0.6337398886680603,32
2,oracle_first,1,0.08659011125564575,32
2,oracle_first,2,0.45017409324645996,32
2,oracle_first,3,0.4988543391227722,32
2,oracle_first,4,0.4415110945701599,32
2,oracle_first,5,0.43266433477401733,32
2,oracle_first,6,0.3960531949996948,32
2,oracle_first,7,0.3864259123802185,32
2,oracle_first,8,0.3972052335739136,32
2,oracle_first,9,0.41604194045066833,32
2,oracle_first,10,0.4116515517234802,32
3,dense_first,1,0.5777770280838013,32
3,dense_first,2,0.4852844178676605,32
3,dense_first,3,0.3865290582180023,32
3,dense_first,4,0.28155606985092163,32
3,dense_first,5,0.28794699907302856,32
3,dense_first,6,0.26346689462661743,32
3,dense_first,7,0.23928302526474,32
3,dense_first,8,0.23091241717338562,32
3,dense_first,9,0.257886677980423,32
3,dense_first,10,0.2426624596118927,32
3,b0_first,1,0.3899840712547302,32
3,b0_first,2,0.36235153675079346,32
3,b0_first,3,0.3391342759132385,32
3,b0_first,4,0.3350249230861664,32
3,b0_first,5,0.31005123257637024,32
3,b0_first,6,0.301846444606781,32
3,b0_first,7,0.2919883728027344,32
3,b0_first,8,0.28609922528266907,32
3,b0_first,9,0.2732607126235962,32
3,b0_first,10,0.27034232020378113,32
3,oracle_first,1,0.0646647959947586,32
3,oracle_first,2,0.15416237711906433,32
3,oracle_first,3,0.18888860940933228,32
3,oracle_first,4,0.21572045981884003,32
3,oracle_first,5,0.20219537615776062,32
3,oracle_first,6,0.2008679062128067,32
3,oracle_first,7,0.1910383701324463,32
3,oracle_first,8,0.18762031197547913,32
3,oracle_first,9,0.18526610732078552,32
3,oracle_first,10,0.21290802955627441,32
4,dense_first,1,2.6868185997009277,32
4,dense_first,2,2.6389145851135254,32
4,dense_first,3,2.015120029449463,32
4,dense_first,4,1.996869683265686,32
4,dense_first,5,1.8025000095367432,32
4,dense_first,6,1.787305474281311,32
4,dense_first,7,1.836734652519226,32
4,dense_first,8,1.7601262331008911,32
4,dense_first,9,1.7145065069198608,32
4,dense_first,10,1.7118910551071167,32
4,b0_first,1,1.59404718875885,32
4,b0_first,2,1.5372731685638428,32
4,b0_first,3,1.4956213235855103,32
4,b0_first,4,1.4396864175796509,32
4,b0_first,5,1.4574470520019531,32
4,b0_first,6,1.4411007165908813,32
4,b0_first,7,1.4019627571105957,32
4,b0_first,8,1.4069035053253174,32
4,b0_first,9,1.3841415643692017,32
4,b0_first,10,1.3726778030395508,32
4,oracle_first,1,0.29997068643569946,32
4,oracle_first,2,0.718967080116272,32
4,oracle_first,3,0.9050751328468323,32
4,oracle_first,4,0.9691253900527954,32
4,oracle_first,5,1.1129164695739746,32
4,oracle_first,6,1.22029447555542,32
4,oracle_first,7,1.2815600633621216,32
4,oracle_first,8,1.3155131340026855,32
4,oracle_first,9,1.3162044286727905,32
4,oracle_first,10,1.357242226600647,32
5,dense_first,1,0.5384572744369507,32
5,dense_first,2,0.38192957639694214,32
5,dense_first,3,0.32309097051620483,32
5,dense_first,4,0.2977447807788849,32
5,dense_first,5,0.2927364110946655,32
5,dense_first,6,0.26452401280403137,32
5,dense_first,7,0.25426894426345825,32
5,dense_first,8,0.2448883056640625,32
5,dense_first,9,0.23554924130439758,32
5,dense_first,10,0.22799532115459442,32
5,b0_first,1,0.5809888243675232,32
5,b0_first,2,0.5444959402084351,32
5,b0_first,3,0.4959118068218231,32
5,b0_first,4,0.46766361594200134,32
5,b0_first,5,0.4430255889892578,32
5,b0_first,6,0.4216672480106354,32
5,b0_first,7,0.40931862592697144,32
5,b0_first,8,0.3928720951080322,32
5,b0_first,9,0.3837329149246216,32
5,b0_first,10,0.37119853496551514,32
5,oracle_first,1,0.036165378987789154,32
5,oracle_first,2,0.18234191834926605,32
5,oracle_first,3,0.2008761614561081,32
5,oracle_first,4,0.23194777965545654,32
5,oracle_first,5,0.21858854591846466,32
5,oracle_first,6,0.22343824803829193,32
5,oracle_first,7,0.21559220552444458,32
5,oracle_first,8,0.21452274918556213,32
5,oracle_first,9,0.20860806107521057,32
5,oracle_first,10,0.19884876906871796,32
6,dense_first,1,0.14936619997024536,32
6,dense_first,2,0.1414831429719925,32
6,dense_first,3,0.14522700011730194,32
6,dense_first,4,0.13591131567955017,32
6,dense_first,5,0.13260982930660248,32
6,dense_first,6,0.1274735927581787,32
6,dense_first,7,0.13378536701202393,32
6,dense_first,8,0.14404496550559998,32
6,dense_first,9,0.13396424055099487,32
6,dense_first,10,0.14571240544319153,32
6,b0_first,1,0.16616147756576538,32
6,b0_first,2,0.10596998035907745,32
6,b0_first,3,0.09253372251987457,32
6,b0_first,4,0.08734709024429321,32
6,b0_first,5,0.0808854028582573,32
6,b0_first,6,0.0749015063047409,32
6,b0_first,7,0.06786580383777618,32
6,b0_first,8,0.06544815003871918,32
6,b0_first,9,0.06051025167107582,32
6,b0_first,10,0.05877682566642761,32
6,oracle_first,1,0.017489466816186905,32
6,oracle_first,2,0.051776956766843796,32
6,oracle_first,3,0.06303665786981583,32
6,oracle_first,4,0.061694204807281494,32
6,oracle_first,5,0.05793343484401703,32
6,oracle_first,6,0.057233646512031555,32
6,oracle_first,7,0.057833246886730194,32
6,oracle_first,8,0.05827724188566208,32
6,oracle_first,9,0.061525337398052216,32
6,oracle_first,10,0.06325334310531616,32
0,dense_first,1,0.953333854675293,32
0,dense_first,2,0.795944333076477,32
0,dense_first,3,0.7328486442565918,32
0,dense_first,4,0.6909081935882568,32
0,dense_first,5,0.6700149774551392,32
0,dense_first,6,0.6541064381599426,32
0,dense_first,7,0.630129337310791,32
0,dense_first,8,0.618924617767334,32
0,dense_first,9,0.6226179003715515,32
0,dense_first,10,0.6063055992126465,32
0,b0_first,1,0.5794544219970703,32
0,b0_first,2,0.5593211650848389,32
0,b0_first,3,0.5270253419876099,32
0,b0_first,4,0.5117813944816589,32
0,b0_first,5,0.510646402835846,32
0,b0_first,6,0.5056108236312866,32
0,b0_first,7,0.503020167350769,32
0,b0_first,8,0.49963653087615967,32
0,b0_first,9,0.4974974989891052,32
0,b0_first,10,0.49610039591789246,32
0,oracle_first,1,0.21907265484333038,32
0,oracle_first,2,0.32876235246658325,32
0,oracle_first,3,0.35094785690307617,32
0,oracle_first,4,0.3546507656574249,32
0,oracle_first,5,0.35664284229278564,32
0,oracle_first,6,0.3674851059913635,32
0,oracle_first,7,0.3887328803539276,32
0,oracle_first,8,0.39411047101020813,32
0,oracle_first,9,0.40053415298461914,32
0,oracle_first,10,0.4085015654563904,32
1,dense_first,1,0.5583252310752869,32
1,dense_first,2,0.4278707504272461,32
1,dense_first,3,0.3672940135002136,32
1,dense_first,4,0.32956773042678833,32
1,dense_first,5,0.3111371397972107,32
1,dense_first,6,0.29854512214660645,32
1,dense_first,7,0.3057039976119995,32
1,dense_first,8,0.29595619440078735,32
1,dense_first,9,0.28468626737594604,32
1,dense_first,10,0.27273812890052795,32
1,b0_first,1,0.5971453189849854,32
1,b0_first,2,0.5338361263275146,32
1,b0_first,3,0.48646920919418335,32
1,b0_first,4,0.4611486792564392,32
1,b0_first,5,0.44095784425735474,32
1,b0_first,6,0.41938596963882446,32
1,b0_first,7,0.4042121171951294,32
1,b0_first,8,0.401163786649704,32
1,b0_first,9,0.3885488510131836,32
1,b0_first,10,0.3775106370449066,32
1,oracle_first,1,0.11378663033246994,32
1,oracle_first,2,0.20909902453422546,32
1,oracle_first,3,0.22491182386875153,32
1,oracle_first,4,0.24091288447380066,32
1,oracle_first,5,0.23104585707187653,32
1,oracle_first,6,0.23471306264400482,32
1,oracle_first,7,0.23253710567951202,32
1,oracle_first,8,0.2518247365951538,32
1,oracle_first,9,0.2526038885116577,32
1,oracle_first,10,0.24179279804229736,32
2,dense_first,1,0.6134136319160461,32
2,dense_first,2,0.5507583618164062,32
2,dense_first,3,0.4987352788448334,32
2,dense_first,4,0.47511786222457886,32
2,dense_first,5,0.4775920510292053,32
2,dense_first,6,0.4618917405605316,32
2,dense_first,7,0.4562191367149353,32
2,dense_first,8,0.4466750919818878,32
2,dense_first,9,0.4394739270210266,32
2,dense_first,10,0.4320499300956726,32
2,b0_first,1,0.5157753229141235,32
2,b0_first,2,0.49274834990501404,32
2,b0_first,3,0.482840359210968,32
2,b0_first,4,0.4754968583583832,32
2,b0_first,5,0.46950167417526245,32
2,b0_first,6,0.4638868570327759,32
2,b0_first,7,0.4529954195022583,32
2,b0_first,8,0.4430238902568817,32
2,b0_first,9,0.4279268980026245,32
2,b0_first,10,0.4261457920074463,32
2,oracle_first,1,0.20437124371528625,32
2,oracle_first,2,0.2698580026626587,32
2,oracle_first,3,0.35387688875198364,32
2,oracle_first,4,0.3736855685710907,32
2,oracle_first,5,0.36736583709716797,32
2,oracle_first,6,0.37311166524887085,32
2,oracle_first,7,0.36775150895118713,32
2,oracle_first,8,0.36983194947242737,32
2,oracle_first,9,0.36542701721191406,32
2,oracle_first,10,0.36568331718444824,32
3,dense_first,1,0.6520036458969116,32
3,dense_first,2,0.5125118494033813,32
3,dense_first,3,0.4863329231739044,32
3,dense_first,4,0.34335654973983765,32
3,dense_first,5,0.31772375106811523,32
3,dense_first,6,0.27886825799942017,32
3,dense_first,7,0.2714688777923584,32
3,dense_first,8,0.24667569994926453,32
3,dense_first,9,0.2710427939891815,32
3,dense_first,10,0.251461923122406,32
3,b0_first,1,0.34692296385765076,32
3,b0_first,2,0.3296006917953491,32
3,b0_first,3,0.3019201159477234,32
3,b0_first,4,0.29502928256988525,32
3,b0_first,5,0.28031086921691895,32
3,b0_first,6,0.26876217126846313,32
3,b0_first,7,0.26401054859161377,32
3,b0_first,8,0.24811197817325592,32
3,b0_first,9,0.24154600501060486,32
3,b0_first,10,0.23316721618175507,32
3,oracle_first,1,0.08061708509922028,32
3,oracle_first,2,0.1485622674226761,32
3,oracle_first,3,0.16024677455425262,32
3,oracle_first,4,0.17799146473407745,32
3,oracle_first,5,0.174724742770195,32
3,oracle_first,6,0.17841026186943054,32
3,oracle_first,7,0.1798466295003891,32
3,oracle_first,8,0.2071758508682251,32
3,oracle_first,9,0.18764916062355042,32
3,oracle_first,10,0.17034617066383362,32
4,dense_first,1,3.0265579223632812,32
4,dense_first,2,2.4048523902893066,32
4,dense_first,3,1.8294932842254639,32
4,dense_first,4,1.5684900283813477,32
4,dense_first,5,1.3903447389602661,32
4,dense_first,6,1.2611771821975708,32
4,dense_first,7,1.190719485282898,32
4,dense_first,8,1.1006090641021729,32
4,dense_first,9,0.9785805940628052,32
4,dense_first,10,0.9776478409767151,32
4,b0_first,1,1.17903470993042,32
4,b0_first,2,1.1012194156646729,32
4,b0_first,3,1.0789235830307007,32
4,b0_first,4,1.0269471406936646,32
4,b0_first,5,0.9998222589492798,32
4,b0_first,6,0.9699283242225647,32
4,b0_first,7,0.9796574711799622,32
4,b0_first,8,0.9763296246528625,32
4,b0_first,9,0.9331566095352173,32
4,b0_first,10,0.9167218804359436,32
4,oracle_first,1,0.29849106073379517,32
4,oracle_first,2,0.5807794332504272,32
4,oracle_first,3,0.6432751417160034,32
4,oracle_first,4,0.6669658422470093,32
4,oracle_first,5,0.6902391910552979,32
4,oracle_first,6,0.704941987991333,32
4,oracle_first,7,0.7284398078918457,32
4,oracle_first,8,0.7549737691879272,32
4,oracle_first,9,0.7508918046951294,32
4,oracle_first,10,0.7837551236152649,32
5,dense_first,1,0.4266558587551117,32
5,dense_first,2,0.34047430753707886,32
5,dense_first,3,0.2608587145805359,32
5,dense_first,4,0.2201627641916275,32
5,dense_first,5,0.21090075373649597,32
5,dense_first,6,0.19682800769805908,32
5,dense_first,7,0.17925795912742615,32
5,dense_first,8,0.16750185191631317,32
5,dense_first,9,0.1580190658569336,32
5,dense_first,10,0.15240254998207092,32
5,b0_first,1,0.5037529468536377,32
5,b0_first,2,0.44460320472717285,32
5,b0_first,3,0.3898330628871918,32
5,b0_first,4,0.37313371896743774,32
5,b0_first,5,0.3450365960597992,32
5,b0_first,6,0.3174641728401184,32
5,b0_first,7,0.29597628116607666,32
5,b0_first,8,0.2782275676727295,32
5,b0_first,9,0.2596813440322876,32
5,b0_first,10,0.24971553683280945,32
5,oracle_first,1,0.038459837436676025,32
5,oracle_first,2,0.051438432186841965,32
5,oracle_first,3,0.062166161835193634,32
5,oracle_first,4,0.06912548840045929,32
5,oracle_first,5,0.07292214035987854,32
5,oracle_first,6,0.07616166770458221,32
5,oracle_first,7,0.07866250723600388,32
5,oracle_first,8,0.0801437720656395,32
5,oracle_first,9,0.08208569884300232,32
5,oracle_first,10,0.08268406987190247,32
6,dense_first,1,0.27056685090065,32
6,dense_first,2,0.2570115029811859,32
6,dense_first,3,0.24502037465572357,32
6,dense_first,4,0.2217222899198532,32
6,dense_first,5,0.18334633111953735,32
6,dense_first,6,0.1638350486755371,32
6,dense_first,7,0.15386876463890076,32
6,dense_first,8,0.14179669320583344,32
6,dense_first,9,0.1405574232339859,32
6,dense_first,10,0.14239980280399323,32
6,b0_first,1,0.10893470048904419,32
6,b0_first,2,0.09400181472301483,32
6,b0_first,3,0.08443684130907059,32
6,b0_first,4,0.0779120996594429,32
6,b0_first,5,0.07220122218132019,32
6,b0_first,6,0.0679897740483284,32
6,b0_first,7,0.06507188081741333,32
6,b0_first,8,0.06247023120522499,32
6,b0_first,9,0.06074070185422897,32
6,b0_first,10,0.06030334159731865,32
6,oracle_first,1,0.01754547469317913,32
6,oracle_first,2,0.029782036319375038,32
6,oracle_first,3,0.04512812942266464,32
6,oracle_first,4,0.04945794865489006,32
6,oracle_first,5,0.04973418265581131,32
6,oracle_first,6,0.04796331375837326,32
6,oracle_first,7,0.05029530078172684,32
6,oracle_first,8,0.050786297768354416,32
6,oracle_first,9,0.05592256411910057,32
6,oracle_first,10,0.055466193705797195,32
0,dense_first,1,1.0267888307571411,32
0,dense_first,2,0.9734976291656494,32
0,dense_first,3,0.997694194316864,32
0,dense_first,4,0.9959614872932434,32
0,dense_first,5,1.0038535594940186,32
0,dense_first,6,0.9781415462493896,32
0,dense_first,7,0.9746246337890625,32
0,dense_first,8,0.9654315114021301,32
0,dense_first,9,0.9340006709098816,32
0,dense_first,10,0.9500916004180908,32
0,b0_first,1,1.071251392364502,32
0,b0_first,2,1.0185091495513916,32
0,b0_first,3,0.9966351985931396,32
0,b0_first,4,0.987514853477478,32
0,b0_first,5,0.9737290143966675,32
0,b0_first,6,0.9639657139778137,32
0,b0_first,7,0.9591113328933716,32
0,b0_first,8,0.9570044875144958,32
0,b0_first,9,0.9432010650634766,32
0,b0_first,10,0.9420673847198486,32
0,oracle_first,1,0.3450280427932739,32
0,oracle_first,2,0.9379017353057861,32
0,oracle_first,3,0.7891167402267456,32
0,oracle_first,4,0.8227025866508484,32
0,oracle_first,5,0.8512805700302124,32
0,oracle_first,6,0.9729870557785034,32
0,oracle_first,7,0.9529858231544495,32
0,oracle_first,8,0.9412535429000854,32
0,oracle_first,9,0.9246273040771484,32
0,oracle_first,10,0.8975656628608704,32
1,dense_first,1,0.6528900861740112,32
1,dense_first,2,0.7768391370773315,32
1,dense_first,3,0.5921281576156616,32
1,dense_first,4,0.4951621890068054,32
1,dense_first,5,0.42871761322021484,32
1,dense_first,6,0.3995245397090912,32
1,dense_first,7,0.3640119135379791,32
1,dense_first,8,0.34640026092529297,32
1,dense_first,9,0.35233789682388306,32
1,dense_first,10,0.32982584834098816,32
1,b0_first,1,0.6250895261764526,32
1,b0_first,2,0.5678262710571289,32
1,b0_first,3,0.5439409613609314,32
1,b0_first,4,0.5118295550346375,32
1,b0_first,5,0.4819160997867584,32
1,b0_first,6,0.4675711691379547,32
1,b0_first,7,0.45269638299942017,32
1,b0_first,8,0.4354158937931061,32
1,b0_first,9,0.4183945953845978,32
1,b0_first,10,0.40620994567871094,32
1,oracle_first,1,0.1479685753583908,32
1,oracle_first,2,0.27326440811157227,32
1,oracle_first,3,0.33644959330558777,32
1,oracle_first,4,0.31248536705970764,32
1,oracle_first,5,0.29033994674682617,32
1,oracle_first,6,0.31615889072418213,32
1,oracle_first,7,0.32630252838134766,32
1,oracle_first,8,0.30997878313064575,32
1,oracle_first,9,0.2903141379356384,32
1,oracle_first,10,0.29451853036880493,32
2,dense_first,1,0.8489599227905273,32
2,dense_first,2,0.8865584135055542,32
2,dense_first,3,0.8484923839569092,32
2,dense_first,4,0.8350200057029724,32
2,dense_first,5,0.8291432857513428,32
2,dense_first,6,0.809983491897583,32
2,dense_first,7,0.7946470975875854,32
2,dense_first,8,0.7864542603492737,32
2,dense_first,9,0.7830564379692078,32
2,dense_first,10,0.7782687544822693,32
2,b0_first,1,0.9989631772041321,32
2,b0_first,2,0.9860438704490662,32
2,b0_first,3,0.9455897808074951,32
2,b0_first,4,0.9095256328582764,32
2,b0_first,5,0.8893142938613892,32
2,b0_first,6,0.8755518794059753,32
2,b0_first,7,0.8712276816368103,32
2,b0_first,8,0.8670485019683838,32
2,b0_first,9,0.8575663566589355,32
2,b0_first,10,0.8546969890594482,32
2,oracle_first,1,0.31500929594039917,32
2,oracle_first,2,0.8704597353935242,32
2,oracle_first,3,0.8076285719871521,32
2,oracle_first,4,0.7372562885284424,32
2,oracle_first,5,0.7335437536239624,32
2,oracle_first,6,0.7331362962722778,32
2,oracle_first,7,0.7388197779655457,32
2,oracle_first,8,0.741265058517456,32
2,oracle_first,9,0.7320389151573181,32
2,oracle_first,10,0.7234283685684204,32
3,dense_first,1,0.962884247303009,32
3,dense_first,2,0.8572079539299011,32
3,dense_first,3,0.8376080989837646,32
3,dense_first,4,0.7180196046829224,32
3,dense_first,5,0.6860059499740601,32
3,dense_first,6,0.6823393106460571,32
3,dense_first,7,0.6386856436729431,32
3,dense_first,8,0.6203858256340027,32
3,dense_first,9,0.5807900428771973,32
3,dense_first,10,0.4961065948009491,32
3,b0_first,1,0.5783838033676147,32
3,b0_first,2,0.5504420399665833,32
3,b0_first,3,0.5046273469924927,32
3,b0_first,4,0.48038041591644287,32
3,b0_first,5,0.46048054099082947,32
3,b0_first,6,0.4475048780441284,32
3,b0_first,7,0.4411173164844513,32
3,b0_first,8,0.4253731071949005,32
3,b0_first,9,0.4109336733818054,32
3,b0_first,10,0.39271700382232666,32
3,oracle_first,1,0.11293351650238037,32
3,oracle_first,2,0.15672926604747772,32
3,oracle_first,3,0.199350968003273,32
3,oracle_first,4,0.2949678301811218,32
3,oracle_first,5,0.26810163259506226,32
3,oracle_first,6,0.29186707735061646,32
3,oracle_first,7,0.2925420105457306,32
3,oracle_first,8,0.28887996077537537,32
3,oracle_first,9,0.30386605858802795,32
3,oracle_first,10,0.28872954845428467,32
4,dense_first,1,2.507214069366455,32
4,dense_first,2,1.829125165939331,32
4,dense_first,3,1.5986884832382202,32
4,dense_first,4,1.328892707824707,32
4,dense_first,5,1.0591239929199219,32
4,dense_first,6,0.9993702173233032,32
4,dense_first,7,0.8714847564697266,32
4,dense_first,8,0.8523133993148804,32
4,dense_first,9,0.8260179758071899,32
4,dense_first,10,0.7988218665122986,32
4,b0_first,1,0.7809382677078247,32
4,b0_first,2,0.7558850049972534,32
4,b0_first,3,0.7216350436210632,32
4,b0_first,4,0.7009342908859253,32
4,b0_first,5,0.6886556148529053,32
4,b0_first,6,0.6603931188583374,32
4,b0_first,7,0.6621142625808716,32
4,b0_first,8,0.6519031524658203,32
4,b0_first,9,0.6339691877365112,32
4,b0_first,10,0.6272152662277222,32
4,oracle_first,1,0.34557127952575684,32
4,oracle_first,2,0.3768630623817444,32
4,oracle_first,3,0.4088618755340576,32
4,oracle_first,4,0.41909998655319214,32
4,oracle_first,5,0.44093436002731323,32
4,oracle_first,6,0.4624782204627991,32
4,oracle_first,7,0.47456055879592896,32
4,oracle_first,8,0.4805648922920227,32
4,oracle_first,9,0.4949667453765869,32
4,oracle_first,10,0.4957468509674072,32
5,dense_first,1,0.31896013021469116,32
5,dense_first,2,0.23956577479839325,32
5,dense_first,3,0.17261604964733124,32
5,dense_first,4,0.1528175175189972,32
5,dense_first,5,0.137025386095047,32
5,dense_first,6,0.13190573453903198,32
5,dense_first,7,0.12701785564422607,32
5,dense_first,8,0.12581738829612732,32
5,dense_first,9,0.11858846247196198,32
5,dense_first,10,0.11437750607728958,32
5,b0_first,1,0.1748901605606079,32
5,b0_first,2,0.15164537727832794,32
5,b0_first,3,0.1418532282114029,32
5,b0_first,4,0.1291397213935852,32
5,b0_first,5,0.12533192336559296,32
5,b0_first,6,0.12032275646924973,32
5,b0_first,7,0.11842885613441467,32
5,b0_first,8,0.11695416271686554,32
5,b0_first,9,0.11560767143964767,32
5,b0_first,10,0.11060896515846252,32
5,oracle_first,1,0.05820736289024353,32
5,oracle_first,2,0.07460558414459229,32
5,oracle_first,3,0.0747906044125557,32
5,oracle_first,4,0.0725567638874054,32
5,oracle_first,5,0.07744503021240234,32
5,oracle_first,6,0.0797693133354187,32
5,oracle_first,7,0.0799698606133461,32
5,oracle_first,8,0.08085088431835175,32
5,oracle_first,9,0.08120138943195343,32
5,oracle_first,10,0.08019320666790009,32
6,dense_first,1,0.3663721978664398,32
6,dense_first,2,0.33154645562171936,32
6,dense_first,3,0.3144375681877136,32
6,dense_first,4,0.26013630628585815,32
6,dense_first,5,0.20642279088497162,32
6,dense_first,6,0.1720188856124878,32
6,dense_first,7,0.13407093286514282,32
6,dense_first,8,0.09748215973377228,32
6,dense_first,9,0.09312672168016434,32
6,dense_first,10,0.09206819534301758,32
6,b0_first,1,0.29090172052383423,32
6,b0_first,2,0.2582715153694153,32
6,b0_first,3,0.2343924641609192,32
6,b0_first,4,0.20183372497558594,32
6,b0_first,5,0.17895697057247162,32
6,b0_first,6,0.16328482329845428,32
6,b0_first,7,0.14097413420677185,32
6,b0_first,8,0.11504644900560379,32
6,b0_first,9,0.11799411475658417,32
6,b0_first,10,0.11202476173639297,32
6,oracle_first,1,0.01700737327337265,32
6,oracle_first,2,0.05389617383480072,32
6,oracle_first,3,0.054904043674468994,32
6,oracle_first,4,0.06258942186832428,32
6,oracle_first,5,0.06074245646595955,32
6,oracle_first,6,0.05317390710115433,32
6,oracle_first,7,0.050101589411497116,32
6,oracle_first,8,0.04228009283542633,32
6,oracle_first,9,0.03996523469686508,32
6,oracle_first,10,0.04867082089185715,32
0,dense_first,1,1.9023581743240356,32
0,dense_first,2,1.8008471727371216,32
0,dense_first,3,1.7066847085952759,32
0,dense_first,4,1.6231694221496582,32
0,dense_first,5,1.5853147506713867,32
0,dense_first,6,1.5310744047164917,32
0,dense_first,7,1.5160398483276367,32
0,dense_first,8,1.5117720365524292,32
0,dense_first,9,1.4944591522216797,32
0,dense_first,10,1.4414186477661133,32
0,b0_first,1,1.3908414840698242,32
0,b0_first,2,1.3785680532455444,32
0,b0_first,3,1.36893630027771,32
0,b0_first,4,1.3407070636749268,32
0,b0_first,5,1.3434293270111084,32
0,b0_first,6,1.3338779211044312,32
0,b0_first,7,1.3289611339569092,32
0,b0_first,8,1.3326690196990967,32
0,b0_first,9,1.3313660621643066,32
0,b0_first,10,1.3323218822479248,32
0,oracle_first,1,0.38494589924812317,32
0,oracle_first,2,1.1411292552947998,32
0,oracle_first,3,1.238796591758728,32
0,oracle_first,4,1.3519532680511475,32
0,oracle_first,5,1.4230144023895264,32
0,oracle_first,6,1.4245210886001587,32
0,oracle_first,7,1.3700599670410156,32
0,oracle_first,8,1.3705663681030273,32
0,oracle_first,9,1.3597677946090698,32
0,oracle_first,10,1.3587844371795654,32
1,dense_first,1,0.8670546412467957,32
1,dense_first,2,0.746749997138977,32
1,dense_first,3,0.6100211143493652,32
1,dense_first,4,0.4774332344532013,32
1,dense_first,5,0.42144864797592163,32
1,dense_first,6,0.3951260447502136,32
1,dense_first,7,0.4036506414413452,32
1,dense_first,8,0.39218300580978394,32
1,dense_first,9,0.3761806786060333,32
1,dense_first,10,0.36722785234451294,32
1,b0_first,1,0.7705984711647034,32
1,b0_first,2,0.737424373626709,32
1,b0_first,3,0.6911118030548096,32
1,b0_first,4,0.650616466999054,32
1,b0_first,5,0.6098534464836121,32
1,b0_first,6,0.5852006077766418,32
1,b0_first,7,0.5659475326538086,32
1,b0_first,8,0.5532060265541077,32
1,b0_first,9,0.5417931079864502,32
1,b0_first,10,0.5308897495269775,32
1,oracle_first,1,0.1371794492006302,32
1,oracle_first,2,0.35760122537612915,32
1,oracle_first,3,0.4041796028614044,32
1,oracle_first,4,0.3705686926841736,32
1,oracle_first,5,0.33368241786956787,32
1,oracle_first,6,0.32914048433303833,32
1,oracle_first,7,0.33023351430892944,32
1,oracle_first,8,0.32799196243286133,32
1,oracle_first,9,0.32022127509117126,32
1,oracle_first,10,0.31539738178253174,32
2,dense_first,1,2.005298614501953,32
2,dense_first,2,1.7263836860656738,32
2,dense_first,3,1.7256559133529663,32
2,dense_first,4,1.7002143859863281,32
2,dense_first,5,1.6500918865203857,32
2,dense_first,6,1.628023386001587,32
2,dense_first,7,1.5778223276138306,32
2,dense_first,8,1.562401294708252,32
2,dense_first,9,1.5502605438232422,32
2,dense_first,10,1.5434576272964478,32
2,b0_first,1,1.509730339050293,32
2,b0_first,2,1.4894919395446777,32
2,b0_first,3,1.4704110622406006,32
2,b0_first,4,1.4562047719955444,32
2,b0_first,5,1.4641187191009521,32
2,b0_first,6,1.4517605304718018,32
2,b0_first,7,1.4530339241027832,32
2,b0_first,8,1.4511616230010986,32
2,b0_first,9,1.4422271251678467,32
2,b0_first,10,1.4391801357269287,32
2,oracle_first,1,0.3588621914386749,32
2,oracle_first,2,1.5412243604660034,32
2,oracle_first,3,1.4929537773132324,32
2,oracle_first,4,1.4783538579940796,32
2,oracle_first,5,1.511283040046692,32
2,oracle_first,6,1.5103306770324707,32
2,oracle_first,7,1.508613109588623,32
2,oracle_first,8,1.4952462911605835,32
2,oracle_first,9,1.4857726097106934,32
2,oracle_first,10,1.4788548946380615,32
3,dense_first,1,0.7684141397476196,32
3,dense_first,2,0.8820116519927979,32
3,dense_first,3,0.9668768644332886,32
3,dense_first,4,0.770548939704895,32
3,dense_first,5,0.6745660305023193,32
3,dense_first,6,0.5686640739440918,32
3,dense_first,7,0.49262160062789917,32
3,dense_first,8,0.4369513988494873,32
3,dense_first,9,0.41084378957748413,32
3,dense_first,10,0.3588327169418335,32
3,b0_first,1,0.5289283990859985,32
3,b0_first,2,0.5140718817710876,32
3,b0_first,3,0.4903997778892517,32
3,b0_first,4,0.48124340176582336,32
3,b0_first,5,0.46249231696128845,32
3,b0_first,6,0.4421713352203369,32
3,b0_first,7,0.4186466336250305,32
3,b0_first,8,0.3865233063697815,32
3,b0_first,9,0.3820232152938843,32
3,b0_first,10,0.3647351562976837,32
3,oracle_first,1,0.1116042286157608,32
3,oracle_first,2,0.18619383871555328,32
3,oracle_first,3,0.27305108308792114,32
3,oracle_first,4,0.3307901918888092,32
3,oracle_first,5,0.32665565609931946,32
3,oracle_first,6,0.2991650700569153,32
3,oracle_first,7,0.26747003197669983,32
3,oracle_first,8,0.24696224927902222,32
3,oracle_first,9,0.2506510317325592,32
3,oracle_first,10,0.24462798237800598,32
4,dense_first,1,1.8338550329208374,32
4,dense_first,2,1.6298387050628662,32
4,dense_first,3,1.1745339632034302,32
4,dense_first,4,0.9954744577407837,32
4,dense_first,5,0.8748180270195007,32
4,dense_first,6,0.8302850723266602,32
4,dense_first,7,0.7282707691192627,32
4,dense_first,8,0.6871256828308105,32
4,dense_first,9,0.6571272611618042,32
4,dense_first,10,0.6259142756462097,32
4,b0_first,1,0.7349277138710022,32
4,b0_first,2,0.7313627004623413,32
4,b0_first,3,0.6743981838226318,32
4,b0_first,4,0.6452344655990601,32
4,b0_first,5,0.6247045993804932,32
4,b0_first,6,0.6065393686294556,32
4,b0_first,7,0.5982354879379272,32
4,b0_first,8,0.5907508134841919,32
4,b0_first,9,0.5825695395469666,32
4,b0_first,10,0.5689287781715393,32
4,oracle_first,1,0.3288904130458832,32
4,oracle_first,2,0.3650573194026947,32
4,oracle_first,3,0.42488378286361694,32
4,oracle_first,4,0.4388355612754822,32
4,oracle_first,5,0.44603288173675537,32
4,oracle_first,6,0.466895192861557,32
4,oracle_first,7,0.4689643085002899,32
4,oracle_first,8,0.4869411885738373,32
4,oracle_first,9,0.483964741230011,32
4,oracle_first,10,0.47924330830574036,32
5,dense_first,1,0.36196422576904297,32
5,dense_first,2,0.30226513743400574,32
5,dense_first,3,0.3113251030445099,32
5,dense_first,4,0.25620269775390625,32
5,dense_first,5,0.21980026364326477,32
5,dense_first,6,0.1955573558807373,32
5,dense_first,7,0.18214420974254608,32
5,dense_first,8,0.17098015546798706,32
5,dense_first,9,0.1641661524772644,32
5,dense_first,10,0.15448132157325745,32
5,b0_first,1,0.24145275354385376,32
5,b0_first,2,0.2253984808921814,32
5,b0_first,3,0.20942576229572296,32
5,b0_first,4,0.2008707970380783,32
5,b0_first,5,0.1943598985671997,32
5,b0_first,6,0.1831161379814148,32
5,b0_first,7,0.17535430192947388,32
5,b0_first,8,0.17200647294521332,32
5,b0_first,9,0.16265693306922913,32
5,b0_first,10,0.15969224274158478,32
5,oracle_first,1,0.07739681005477905,32
5,oracle_first,2,0.08643029630184174,32
5,oracle_first,3,0.08922810852527618,32
5,oracle_first,4,0.1007872074842453,32
5,oracle_first,5,0.10424958169460297,32
5,oracle_first,6,0.10426653921604156,32
5,oracle_first,7,0.10390546172857285,32
5,oracle_first,8,0.1010386198759079,32
5,oracle_first,9,0.10171502083539963,32
5,oracle_first,10,0.10159698128700256,32
6,dense_first,1,0.18306517601013184,32
6,dense_first,2,0.163176029920578,32
6,dense_first,3,0.15070441365242004,32
6,dense_first,4,0.11823707818984985,32
6,dense_first,5,0.09533918648958206,32
6,dense_first,6,0.08267441391944885,32
6,dense_first,7,0.0718948096036911,32
6,dense_first,8,0.05701697617769241,32
6,dense_first,9,0.0539369210600853,32
6,dense_first,10,0.05604523420333862,32
6,b0_first,1,0.2396744191646576,32
6,b0_first,2,0.20896464586257935,32
6,b0_first,3,0.18406544625759125,32
6,b0_first,4,0.16481725871562958,32
6,b0_first,5,0.13462597131729126,32
6,b0_first,6,0.11421239376068115,32
6,b0_first,7,0.09985512495040894,32
6,b0_first,8,0.08431645482778549,32
6,b0_first,9,0.07834756374359131,32
6,b0_first,10,0.07433376461267471,32
6,oracle_first,1,0.017613742500543594,32
6,oracle_first,2,0.024057190865278244,32
6,oracle_first,3,0.03146250545978546,32
6,oracle_first,4,0.03795574977993965,32
6,oracle_first,5,0.041597820818424225,32
6,oracle_first,6,0.043527886271476746,32
6,oracle_first,7,0.039520613849163055,32
6,oracle_first,8,0.035662002861499786,32
6,oracle_first,9,0.041965749114751816,32
6,oracle_first,10,0.038438159972429276,32
0,dense_first,1,2.734447956085205,32
0,dense_first,2,2.27421236038208,32
0,dense_first,3,2.020874500274658,32
0,dense_first,4,1.952873706817627,32
0,dense_first,5,1.7461665868759155,32
0,dense_first,6,1.63936448097229,32
0,dense_first,7,1.5975666046142578,32
0,dense_first,8,1.5679893493652344,32
0,dense_first,9,1.545588493347168,32
0,dense_first,10,1.479217290878296,32
0,b0_first,1,1.1567274332046509,32
0,b0_first,2,1.1163069009780884,32
0,b0_first,3,1.1021795272827148,32
0,b0_first,4,1.101834774017334,32
0,b0_first,5,1.1145718097686768,32
0,b0_first,6,1.1050364971160889,32
0,b0_first,7,1.0951486825942993,32
0,b0_first,8,1.094092845916748,32
0,b0_first,9,1.094765067100525,32
0,b0_first,10,1.072175145149231,32
0,oracle_first,1,0.3745580017566681,32
0,oracle_first,2,0.5006524324417114,32
0,oracle_first,3,0.5591646432876587,32
0,oracle_first,4,0.6710611581802368,32
0,oracle_first,5,0.746053159236908,32
0,oracle_first,6,0.7776197195053101,32
0,oracle_first,7,0.7879095077514648,32
0,oracle_first,8,0.7992649078369141,32
0,oracle_first,9,0.8229626417160034,32
0,oracle_first,10,0.8259642124176025,32
1,dense_first,1,0.9237449765205383,32
1,dense_first,2,0.6852890253067017,32
1,dense_first,3,0.5018199682235718,32
1,dense_first,4,0.45364484190940857,32
1,dense_first,5,0.4282189607620239,32
1,dense_first,6,0.3494604229927063,32
1,dense_first,7,0.3323008716106415,32
1,dense_first,8,0.31210094690322876,32
1,dense_first,9,0.29821115732192993,32
1,dense_first,10,0.29706087708473206,32
1,b0_first,1,1.0059810876846313,32
1,b0_first,2,0.9417690634727478,32
1,b0_first,3,0.8979526162147522,32
1,b0_first,4,0.8180696964263916,32
1,b0_first,5,0.7914122343063354,32
1,b0_first,6,0.7503752708435059,32
1,b0_first,7,0.6670182943344116,32
1,b0_first,8,0.6349520087242126,32
1,b0_first,9,0.5913103818893433,32
1,b0_first,10,0.5659123063087463,32
1,oracle_first,1,0.136015847325325,32
1,oracle_first,2,0.17934218049049377,32
1,oracle_first,3,0.26736122369766235,32
1,oracle_first,4,0.25755494832992554,32
1,oracle_first,5,0.24591779708862305,32
1,oracle_first,6,0.24046564102172852,32
1,oracle_first,7,0.22127488255500793,32
1,oracle_first,8,0.2321942001581192,32
1,oracle_first,9,0.22811317443847656,32
1,oracle_first,10,0.2291414886713028,32
2,dense_first,1,3.3288815021514893,32
2,dense_first,2,2.382437229156494,32
2,dense_first,3,2.119234085083008,32
2,dense_first,4,2.0688934326171875,32
2,dense_first,5,2.0300590991973877,32
2,dense_first,6,1.996046781539917,32
2,dense_first,7,1.954925537109375,32
2,dense_first,8,1.938403606414795,32
2,dense_first,9,1.9275065660476685,32
2,dense_first,10,1.9189703464508057,32
2,b0_first,1,1.4418200254440308,32
2,b0_first,2,1.4031648635864258,32
2,b0_first,3,1.3641588687896729,32
2,b0_first,4,1.3702728748321533,32
2,b0_first,5,1.378427267074585,32
2,b0_first,6,1.3478127717971802,32
2,b0_first,7,1.350393295288086,32
2,b0_first,8,1.3542914390563965,32
2,b0_first,9,1.3529514074325562,32
2,b0_first,10,1.3568353652954102,32
2,oracle_first,1,0.3851751685142517,32
2,oracle_first,2,0.6025674343109131,32
2,oracle_first,3,0.7128087282180786,32
2,oracle_first,4,0.8354576230049133,32
2,oracle_first,5,0.8720623850822449,32
2,oracle_first,6,0.9381499290466309,32
2,oracle_first,7,0.9811502695083618,32
2,oracle_first,8,0.9915429353713989,32
2,oracle_first,9,0.9969590902328491,32
2,oracle_first,10,1.0142393112182617,32
3,dense_first,1,0.956002950668335,32
3,dense_first,2,0.7807729244232178,32
3,dense_first,3,0.6448462009429932,32
3,dense_first,4,0.6281857490539551,32
3,dense_first,5,0.5622551441192627,32
3,dense_first,6,0.5073428750038147,32
3,dense_first,7,0.47545406222343445,32
3,dense_first,8,0.44222182035446167,32
3,dense_first,9,0.43106305599212646,32
3,dense_first,10,0.4423023462295532,32
3,b0_first,1,0.3804430365562439,32
3,b0_first,2,0.3626216650009155,32
3,b0_first,3,0.3592754602432251,32
3,b0_first,4,0.3432557284832001,32
3,b0_first,5,0.3374575972557068,32
3,b0_first,6,0.33111122250556946,32
3,b0_first,7,0.32243943214416504,32
3,b0_first,8,0.3187062740325928,32
3,b0_first,9,0.3126136064529419,32
3,b0_first,10,0.3072742521762848,32
3,oracle_first,1,0.11067088693380356,32
3,oracle_first,2,0.13327741622924805,32
3,oracle_first,3,0.19380199909210205,32
3,oracle_first,4,0.19664925336837769,32
3,oracle_first,5,0.19582517445087433,32
3,oracle_first,6,0.18774239718914032,32
3,oracle_first,7,0.18620304763317108,32
3,oracle_first,8,0.1973404586315155,32
3,oracle_first,9,0.18820463120937347,32
3,oracle_first,10,0.19060280919075012,32
4,dense_first,1,1.875244379043579,32
4,dense_first,2,1.296541452407837,32
4,dense_first,3,0.9955564141273499,32
4,dense_first,4,0.87925124168396,32
4,dense_first,5,0.8284419178962708,32
4,dense_first,6,0.8134298920631409,32
4,dense_first,7,0.7831223011016846,32
4,dense_first,8,0.7670445442199707,32
4,dense_first,9,0.7397167682647705,32
4,dense_first,10,0.6988475322723389,32
4,b0_first,1,0.9149938821792603,32
4,b0_first,2,0.8628692626953125,32
4,b0_first,3,0.8246444463729858,32
4,b0_first,4,0.7775216102600098,32
4,b0_first,5,0.7615635395050049,32
4,b0_first,6,0.7485219240188599,32
4,b0_first,7,0.7466845512390137,32
4,b0_first,8,0.7349786162376404,32
4,b0_first,9,0.7240267992019653,32
4,b0_first,10,0.7101207375526428,32
4,oracle_first,1,0.36289432644844055,32
4,oracle_first,2,0.46686288714408875,32
4,oracle_first,3,0.5489091873168945,32
4,oracle_first,4,0.5416789054870605,32
4,oracle_first,5,0.5643608570098877,32
4,oracle_first,6,0.6040147542953491,32
4,oracle_first,7,0.6104744672775269,32
4,oracle_first,8,0.622740626335144,32
4,oracle_first,9,0.629052996635437,32
4,oracle_first,10,0.642554759979248,32
5,dense_first,1,0.2817305326461792,32
5,dense_first,2,0.27751749753952026,32
5,dense_first,3,0.2972154915332794,32
5,dense_first,4,0.287245512008667,32
5,dense_first,5,0.27923187613487244,32
5,dense_first,6,0.2775338888168335,32
5,dense_first,7,0.25717031955718994,32
5,dense_first,8,0.2490362673997879,32
5,dense_first,9,0.23761489987373352,32
5,dense_first,10,0.22069847583770752,32
5,b0_first,1,0.21693001687526703,32
5,b0_first,2,0.1998932808637619,32
5,b0_first,3,0.19638600945472717,32
5,b0_first,4,0.19442880153656006,32
5,b0_first,5,0.1906275600194931,32
5,b0_first,6,0.18866603076457977,32
5,b0_first,7,0.18610996007919312,32
5,b0_first,8,0.1850433647632599,32
5,b0_first,9,0.18427282571792603,32
5,b0_first,10,0.18254542350769043,32
5,oracle_first,1,0.07946471124887466,32
5,oracle_first,2,0.09130698442459106,32
5,oracle_first,3,0.13979071378707886,32
5,oracle_first,4,0.15668322145938873,32
5,oracle_first,5,0.159527987241745,32
5,oracle_first,6,0.16067257523536682,32
5,oracle_first,7,0.16080865263938904,32
5,oracle_first,8,0.1620103418827057,32
5,oracle_first,9,0.15905073285102844,32
5,oracle_first,10,0.1536371111869812,32
6,dense_first,1,0.23302850127220154,32
6,dense_first,2,0.19879865646362305,32
6,dense_first,3,0.17841508984565735,32
6,dense_first,4,0.14006273448467255,32
6,dense_first,5,0.11363769322633743,32
6,dense_first,6,0.08835478872060776,32
6,dense_first,7,0.06864307075738907,32
6,dense_first,8,0.05291362106800079,32
6,dense_first,9,0.049982182681560516,32
6,dense_first,10,0.04902932792901993,32
6,b0_first,1,0.14097043871879578,32
6,b0_first,2,0.1210705116391182,32
6,b0_first,3,0.10553914308547974,32
6,b0_first,4,0.09475281834602356,32
6,b0_first,5,0.08597548305988312,32
6,b0_first,6,0.07400847226381302,32
6,b0_first,7,0.05902593210339546,32
6,b0_first,8,0.05106872320175171,32
6,b0_first,9,0.04384372755885124,32
6,b0_first,10,0.04375503957271576,32
6,oracle_first,1,0.01705283671617508,32
6,oracle_first,2,0.027675526216626167,32
6,oracle_first,3,0.0286143459379673,32
6,oracle_first,4,0.02892897091805935,32
6,oracle_first,5,0.02988414652645588,32
6,oracle_first,6,0.03082328476011753,32
6,oracle_first,7,0.031487442553043365,32
6,oracle_first,8,0.029352841898798943,32
6,oracle_first,9,0.028566479682922363,32
6,oracle_first,10,0.029796823859214783,32
0,dense_first,1,2.6299009323120117,32
0,dense_first,2,2.2630558013916016,32
0,dense_first,3,2.0437963008880615,32
0,dense_first,4,1.9397116899490356,32
0,dense_first,5,1.5441031455993652,32
0,dense_first,6,1.5133588314056396,32
0,dense_first,7,1.4516106843948364,32
0,dense_first,8,1.457034945487976,32
0,dense_first,9,1.4520938396453857,32
0,dense_first,10,1.4536175727844238,32
0,b0_first,1,1.1441805362701416,32
0,b0_first,2,1.1392830610275269,32
0,b0_first,3,1.1695454120635986,32
0,b0_first,4,1.1820513010025024,32
0,b0_first,5,1.1898770332336426,32
0,b0_first,6,1.1663844585418701,32
0,b0_first,7,1.1927614212036133,32
0,b0_first,8,1.1675479412078857,32
0,b0_first,9,1.1714357137680054,32
0,b0_first,10,1.1942520141601562,32
0,oracle_first,1,0.5015386939048767,32
0,oracle_first,2,0.659227728843689,32
0,oracle_first,3,0.8309004306793213,32
0,oracle_first,4,0.9090283513069153,32
0,oracle_first,5,1.0079829692840576,32
0,oracle_first,6,1.048190951347351,32
0,oracle_first,7,1.048555850982666,32
0,oracle_first,8,1.0454479455947876,32
0,oracle_first,9,1.0778775215148926,32
0,oracle_first,10,1.0820388793945312,32
1,dense_first,1,0.9909769296646118,32
1,dense_first,2,0.591585636138916,32
1,dense_first,3,0.4548022747039795,32
1,dense_first,4,0.4167290925979614,32
1,dense_first,5,0.3470195531845093,32
1,dense_first,6,0.3270527124404907,32
1,dense_first,7,0.309917151927948,32
1,dense_first,8,0.3065353035926819,32
1,dense_first,9,0.2939441204071045,32
1,dense_first,10,0.2859113812446594,32
1,b0_first,1,0.4080684781074524,32
1,b0_first,2,0.35562101006507874,32
1,b0_first,3,0.3301166296005249,32
1,b0_first,4,0.3222906291484833,32
1,b0_first,5,0.2997453212738037,32
1,b0_first,6,0.2884756922721863,32
1,b0_first,7,0.281579852104187,32
1,b0_first,8,0.27454203367233276,32
1,b0_first,9,0.27077972888946533,32
1,b0_first,10,0.26505082845687866,32
1,oracle_first,1,0.1272554099559784,32
1,oracle_first,2,0.22171562910079956,32
1,oracle_first,3,0.2072388231754303,32
1,oracle_first,4,0.18422356247901917,32
1,oracle_first,5,0.17451795935630798,32
1,oracle_first,6,0.17429354786872864,32
1,oracle_first,7,0.17176231741905212,32
1,oracle_first,8,0.1704559624195099,32
1,oracle_first,9,0.1797204315662384,32
1,oracle_first,10,0.1851707249879837,32
2,dense_first,1,2.5802359580993652,32
2,dense_first,2,2.1657567024230957,32
2,dense_first,3,2.0223822593688965,32
2,dense_first,4,1.9818826913833618,32
2,dense_first,5,1.7370762825012207,32
2,dense_first,6,1.744334101676941,32
2,dense_first,7,1.6412429809570312,32
2,dense_first,8,1.6032805442810059,32
2,dense_first,9,1.6186363697052002,32
2,dense_first,10,1.5579493045806885,32
2,b0_first,1,1.5400182008743286,32
2,b0_first,2,1.4739896059036255,32
2,b0_first,3,1.4473307132720947,32
2,b0_first,4,1.4302953481674194,32
2,b0_first,5,1.4321341514587402,32
2,b0_first,6,1.3961741924285889,32
2,b0_first,7,1.379852533340454,32
2,b0_first,8,1.3839246034622192,32
2,b0_first,9,1.380706787109375,32
2,b0_first,10,1.3689855337142944,32
2,oracle_first,1,0.4624599814414978,32
2,oracle_first,2,0.6658192276954651,32
2,oracle_first,3,0.9144235253334045,32
2,oracle_first,4,0.9788944125175476,32
2,oracle_first,5,1.0649585723876953,32
2,oracle_first,6,1.0757274627685547,32
2,oracle_first,7,1.0875744819641113,32
2,oracle_first,8,1.0917928218841553,32
2,oracle_first,9,1.106158971786499,32
2,oracle_first,10,1.1328343152999878,32
3,dense_first,1,0.7491950988769531,32
3,dense_first,2,0.6373048424720764,32
3,dense_first,3,0.5642358660697937,32
3,dense_first,4,0.4871010184288025,32
3,dense_first,5,0.4315182864665985,32
3,dense_first,6,0.4158376455307007,32
3,dense_first,7,0.39669564366340637,32
3,dense_first,8,0.3621775507926941,32
3,dense_first,9,0.3339006304740906,32
3,dense_first,10,0.3162474036216736,32
3,b0_first,1,0.23950375616550446,32
3,b0_first,2,0.2256689965724945,32
3,b0_first,3,0.20679499208927155,32
3,b0_first,4,0.1948901265859604,32
3,b0_first,5,0.188043013215065,32
3,b0_first,6,0.18556515872478485,32
3,b0_first,7,0.18271103501319885,32
3,b0_first,8,0.1815372258424759,32
3,b0_first,9,0.17987418174743652,32
3,b0_first,10,0.17685264348983765,32
3,oracle_first,1,0.10983957350254059,32
3,oracle_first,2,0.11838730424642563,32
3,oracle_first,3,0.12415827810764313,32
3,oracle_first,4,0.12533476948738098,32
3,oracle_first,5,0.12482032179832458,32
3,oracle_first,6,0.12695905566215515,32
3,oracle_first,7,0.12606042623519897,32
3,oracle_first,8,0.13636265695095062,32
3,oracle_first,9,0.13993336260318756,32
3,oracle_first,10,0.14391550421714783,32
4,dense_first,1,2.3054239749908447,32
4,dense_first,2,1.708458423614502,32
4,dense_first,3,1.2802507877349854,32
4,dense_first,4,1.0830843448638916,32
4,dense_first,5,0.9257962107658386,32
4,dense_first,6,0.8414174318313599,32
4,dense_first,7,0.8378682136535645,32
4,dense_first,8,0.7626307010650635,32
4,dense_first,9,0.6779797673225403,32
4,dense_first,10,0.6200579404830933,32
4,b0_first,1,0.6900016069412231,32
4,b0_first,2,0.6882902383804321,32
4,b0_first,3,0.670748233795166,32
4,b0_first,4,0.6455352306365967,32
4,b0_first,5,0.605018138885498,32
4,b0_first,6,0.5962210297584534,32
4,b0_first,7,0.5690883994102478,32
4,b0_first,8,0.5896669626235962,32
4,b0_first,9,0.5816584229469299,32
4,b0_first,10,0.5575925707817078,32
4,oracle_first,1,0.1632421463727951,32
4,oracle_first,2,0.16810595989227295,32
4,oracle_first,3,0.18778491020202637,32
4,oracle_first,4,0.20535549521446228,32
4,oracle_first,5,0.24089235067367554,32
4,oracle_first,6,0.2448437511920929,32
4,oracle_first,7,0.2488345205783844,32
4,oracle_first,8,0.2633252441883087,32
4,oracle_first,9,0.2642784118652344,32
4,oracle_first,10,0.2649000585079193,32
5,dense_first,1,0.4063858389854431,32
5,dense_first,2,0.2702294886112213,32
5,dense_first,3,0.22105929255485535,32
5,dense_first,4,0.20035910606384277,32
5,dense_first,5,0.1771918088197708,32
5,dense_first,6,0.17188647389411926,32
5,dense_first,7,0.1570010930299759,32
5,dense_first,8,0.14770476520061493,32
5,dense_first,9,0.13935935497283936,32
5,dense_first,10,0.13283489644527435,32
5,b0_first,1,0.2043142020702362,32
5,b0_first,2,0.195459246635437,32
5,b0_first,3,0.18851402401924133,32
5,b0_first,4,0.17590230703353882,32
5,b0_first,5,0.16722029447555542,32
5,b0_first,6,0.15810927748680115,32
5,b0_first,7,0.15235325694084167,32
5,b0_first,8,0.14823377132415771,32
5,b0_first,9,0.14252611994743347,32
5,b0_first,10,0.1385767161846161,32
5,oracle_first,1,0.05448979511857033,32
5,oracle_first,2,0.07089997082948685,32
5,oracle_first,3,0.07116590440273285,32
5,oracle_first,4,0.0761779397726059,32
5,oracle_first,5,0.08243907988071442,32
5,oracle_first,6,0.08105091750621796,32
5,oracle_first,7,0.08171647787094116,32
5,oracle_first,8,0.08084774762392044,32
5,oracle_first,9,0.0789402574300766,32
5,oracle_first,10,0.07582338899374008,32
6,dense_first,1,0.1878991723060608,32
6,dense_first,2,0.15206611156463623,32
6,dense_first,3,0.12858401238918304,32
6,dense_first,4,0.09853346645832062,32
6,dense_first,5,0.08186185359954834,32
6,dense_first,6,0.06883066892623901,32
6,dense_first,7,0.06098678335547447,32
6,dense_first,8,0.04965832084417343,32
6,dense_first,9,0.04083067178726196,32
6,dense_first,10,0.04059848189353943,32
6,b0_first,1,0.13860908150672913,32
6,b0_first,2,0.1106710135936737,32
6,b0_first,3,0.08915497362613678,32
6,b0_first,4,0.08019100874662399,32
6,b0_first,5,0.0664626806974411,32
6,b0_first,6,0.055215515196323395,32
6,b0_first,7,0.04328566789627075,32
6,b0_first,8,0.035535283386707306,32
6,b0_first,9,0.03489702567458153,32
6,b0_first,10,0.03529734909534454,32
6,oracle_first,1,0.01752578839659691,32
6,oracle_first,2,0.03898101672530174,32
6,oracle_first,3,0.04912078380584717,32
6,oracle_first,4,0.04660451412200928,32
6,oracle_first,5,0.044086724519729614,32
6,oracle_first,6,0.04359789937734604,32
6,oracle_first,7,0.04105732589960098,32
6,oracle_first,8,0.040686022490262985,32
6,oracle_first,9,0.03917159512639046,32
6,oracle_first,10,0.037135858088731766,32
0,dense_first,1,2.2427029609680176,32
0,dense_first,2,2.009511947631836,32
0,dense_first,3,1.5949934720993042,32
0,dense_first,4,1.4439111948013306,32
0,dense_first,5,1.239194393157959,32
0,dense_first,6,1.2364466190338135,32
0,dense_first,7,1.2056539058685303,32
0,dense_first,8,1.1743805408477783,32
0,dense_first,9,1.1736676692962646,32
0,dense_first,10,1.1844761371612549,32
0,b0_first,1,1.2075273990631104,32
0,b0_first,2,1.1783305406570435,32
0,b0_first,3,1.1463533639907837,32
0,b0_first,4,1.0881550312042236,32
0,b0_first,5,1.0693094730377197,32
0,b0_first,6,1.0562512874603271,32
0,b0_first,7,1.0682507753372192,32
0,b0_first,8,1.0770618915557861,32
0,b0_first,9,1.068347692489624,32
0,b0_first,10,1.0721158981323242,32
0,oracle_first,1,0.5561047792434692,32
0,oracle_first,2,0.7498089671134949,32
0,oracle_first,3,0.8179855942726135,32
0,oracle_first,4,0.95057213306427,32
0,oracle_first,5,0.9301627278327942,32
0,oracle_first,6,0.9722744226455688,32
0,oracle_first,7,0.9996286034584045,32
0,oracle_first,8,1.0168339014053345,32
0,oracle_first,9,1.0274405479431152,32
0,oracle_first,10,1.0367203950881958,32
1,dense_first,1,0.718994140625,32
1,dense_first,2,0.5724533796310425,32
1,dense_first,3,0.46639928221702576,32
1,dense_first,4,0.46533945202827454,32
1,dense_first,5,0.4284282922744751,32
1,dense_first,6,0.384136438369751,32
1,dense_first,7,0.3430493175983429,32
1,dense_first,8,0.31613045930862427,32
1,dense_first,9,0.3347383737564087,32
1,dense_first,10,0.31210455298423767,32
1,b0_first,1,0.3403890132904053,32
1,b0_first,2,0.29412227869033813,32
1,b0_first,3,0.2731645405292511,32
1,b0_first,4,0.2521224319934845,32
1,b0_first,5,0.2414633184671402,32
1,b0_first,6,0.23661527037620544,32
1,b0_first,7,0.23054452240467072,32
1,b0_first,8,0.2268633246421814,32
1,b0_first,9,0.22326667606830597,32
1,b0_first,10,0.2189568132162094,32
1,oracle_first,1,0.1258780062198639,32
1,oracle_first,2,0.16995516419410706,32
1,oracle_first,3,0.18108883500099182,32
1,oracle_first,4,0.19909751415252686,32
1,oracle_first,5,0.20000874996185303,32
1,oracle_first,6,0.1911199390888214,32
1,oracle_first,7,0.18167957663536072,32
1,oracle_first,8,0.18539497256278992,32
1,oracle_first,9,0.17909711599349976,32
1,oracle_first,10,0.17919965088367462,32
2,dense_first,1,2.1783804893493652,32
2,dense_first,2,1.6027014255523682,32
2,dense_first,3,1.451995849609375,32
2,dense_first,4,1.3838251829147339,32
2,dense_first,5,1.3145674467086792,32
2,dense_first,6,1.2992384433746338,32
2,dense_first,7,1.2660192251205444,32
2,dense_first,8,1.2653534412384033,32
2,dense_first,9,1.2835054397583008,32
2,dense_first,10,1.2749073505401611,32
2,b0_first,1,1.6400127410888672,32
2,b0_first,2,1.5204384326934814,32
2,b0_first,3,1.3900623321533203,32
2,b0_first,4,1.305898666381836,32
2,b0_first,5,1.3046822547912598,32
2,b0_first,6,1.2740740776062012,32
2,b0_first,7,1.2633463144302368,32
2,b0_first,8,1.2711577415466309,32
2,b0_first,9,1.2516255378723145,32
2,b0_first,10,1.2524558305740356,32
2,oracle_first,1,0.46242496371269226,32
2,oracle_first,2,0.8917944431304932,32
2,oracle_first,3,1.0090930461883545,32
2,oracle_first,4,1.0074511766433716,32
2,oracle_first,5,1.0211844444274902,32
2,oracle_first,6,1.065106987953186,32
2,oracle_first,7,1.0729398727416992,32
2,oracle_first,8,1.1193572282791138,32
2,oracle_first,9,1.1275807619094849,32
2,oracle_first,10,1.1488440036773682,32
3,dense_first,1,0.7946593761444092,32
3,dense_first,2,0.663256049156189,32
3,dense_first,3,0.7278295755386353,32
3,dense_first,4,0.6077069044113159,32
3,dense_first,5,0.5063105821609497,32
3,dense_first,6,0.4577847123146057,32
3,dense_first,7,0.397952675819397,32
3,dense_first,8,0.35698074102401733,32
3,dense_first,9,0.3119890093803406,32
3,dense_first,10,0.3022419214248657,32
3,b0_first,1,0.3140508830547333,32
3,b0_first,2,0.30068328976631165,32
3,b0_first,3,0.27267327904701233,32
3,b0_first,4,0.26293468475341797,32
3,b0_first,5,0.25629210472106934,32
3,b0_first,6,0.24686969816684723,32
3,b0_first,7,0.24287551641464233,32
3,b0_first,8,0.23578235507011414,32
3,b0_first,9,0.22703397274017334,32
3,b0_first,10,0.2201680690050125,32
3,oracle_first,1,0.12102411687374115,32
3,oracle_first,2,0.15403296053409576,32
3,oracle_first,3,0.1842854619026184,32
3,oracle_first,4,0.18524475395679474,32
3,oracle_first,5,0.17808055877685547,32
3,oracle_first,6,0.16799086332321167,32
3,oracle_first,7,0.168369323015213,32
3,oracle_first,8,0.17098666727542877,32
3,oracle_first,9,0.16951237618923187,32
3,oracle_first,10,0.16595377027988434,32
4,dense_first,1,1.7262259721755981,32
4,dense_first,2,1.4131295680999756,32
4,dense_first,3,1.0046138763427734,32
4,dense_first,4,0.9519153833389282,32
4,dense_first,5,0.8877439498901367,32
4,dense_first,6,0.7737751007080078,32
4,dense_first,7,0.6083486080169678,32
4,dense_first,8,0.5246297717094421,32
4,dense_first,9,0.5076284408569336,32
4,dense_first,10,0.5021997094154358,32
4,b0_first,1,0.5833184719085693,32
4,b0_first,2,0.581833004951477,32
4,b0_first,3,0.5591622591018677,32
4,b0_first,4,0.5191018581390381,32
4,b0_first,5,0.49018359184265137,32
4,b0_first,6,0.47432807087898254,32
4,b0_first,7,0.46361762285232544,32
4,b0_first,8,0.45610350370407104,32
4,b0_first,9,0.43250149488449097,32
4,b0_first,10,0.4206311106681824,32
4,oracle_first,1,0.14420127868652344,32
4,oracle_first,2,0.14853458106517792,32
4,oracle_first,3,0.16109830141067505,32
4,oracle_first,4,0.20469309389591217,32
4,oracle_first,5,0.23903924226760864,32
4,oracle_first,6,0.24814672768115997,32
4,oracle_first,7,0.25082191824913025,32
4,oracle_first,8,0.24528709053993225,32
4,oracle_first,9,0.24352829158306122,32
4,oracle_first,10,0.24306130409240723,32
5,dense_first,1,0.410020649433136,32
5,dense_first,2,0.3134164810180664,32
5,dense_first,3,0.2782668173313141,32
5,dense_first,4,0.24618102610111237,32
5,dense_first,5,0.228928804397583,32
5,dense_first,6,0.22731667757034302,32
5,dense_first,7,0.18984921276569366,32
5,dense_first,8,0.1617521047592163,32
5,dense_first,9,0.13984951376914978,32
5,dense_first,10,0.13597750663757324,32
5,b0_first,1,0.19980770349502563,32
5,b0_first,2,0.1842004656791687,32
5,b0_first,3,0.17392635345458984,32
5,b0_first,4,0.16797736287117004,32
5,b0_first,5,0.15906108915805817,32
5,b0_first,6,0.1530992090702057,32
5,b0_first,7,0.14811596274375916,32
5,b0_first,8,0.1413380205631256,32
5,b0_first,9,0.13918951153755188,32
5,b0_first,10,0.1336483359336853,32
5,oracle_first,1,0.06455923616886139,32
5,oracle_first,2,0.06831444799900055,32
5,oracle_first,3,0.07343786209821701,32
5,oracle_first,4,0.07754818350076675,32
5,oracle_first,5,0.07854584604501724,32
5,oracle_first,6,0.07915675640106201,32
5,oracle_first,7,0.08143530786037445,32
5,oracle_first,8,0.08223225176334381,32
5,oracle_first,9,0.08043110370635986,32
5,oracle_first,10,0.07907994091510773,32
6,dense_first,1,0.16772258281707764,32
6,dense_first,2,0.1594773828983307,32
6,dense_first,3,0.1448909342288971,32
6,dense_first,4,0.12271970510482788,32
6,dense_first,5,0.10509780794382095,32
6,dense_first,6,0.08836571872234344,32
6,dense_first,7,0.07932033389806747,32
6,dense_first,8,0.07498808205127716,32
6,dense_first,9,0.0789896547794342,32
6,dense_first,10,0.07492001354694366,32
6,b0_first,1,0.14931079745292664,32
6,b0_first,2,0.11606290191411972,32
6,b0_first,3,0.0898805782198906,32
6,b0_first,4,0.0786273181438446,32
6,b0_first,5,0.06975740194320679,32
6,b0_first,6,0.06481607258319855,32
6,b0_first,7,0.05700305849313736,32
6,b0_first,8,0.05077425017952919,32
6,b0_first,9,0.04598645865917206,32
6,b0_first,10,0.041484806686639786,32
6,oracle_first,1,0.017080072313547134,32
6,oracle_first,2,0.028162498027086258,32
6,oracle_first,3,0.04269131273031235,32
6,oracle_first,4,0.03981183469295502,32
6,oracle_first,5,0.03856296092271805,32
6,oracle_first,6,0.038070958107709885,32
6,oracle_first,7,0.037204813212156296,32
6,oracle_first,8,0.034603849053382874,32
6,oracle_first,9,0.029973706230521202,32
6,oracle_first,10,0.031860120594501495,32
0,dense_first,1,2.9595208168029785,32
0,dense_first,2,2.487281322479248,32
0,dense_first,3,2.232877254486084,32
0,dense_first,4,1.811106562614441,32
0,dense_first,5,1.6270605325698853,32
0,dense_first,6,1.608175277709961,32
0,dense_first,7,1.5044342279434204,32
0,dense_first,8,1.5111182928085327,32
0,dense_first,9,1.4898045063018799,32
0,dense_first,10,1.4184393882751465,32
0,b0_first,1,1.2956795692443848,32
0,b0_first,2,1.2443373203277588,32
0,b0_first,3,1.2362945079803467,32
0,b0_first,4,1.219120740890503,32
0,b0_first,5,1.2122845649719238,32
0,b0_first,6,1.2024754285812378,32
0,b0_first,7,1.2145018577575684,32
0,b0_first,8,1.2267065048217773,32
0,b0_first,9,1.2214348316192627,32
0,b0_first,10,1.1988452672958374,32
0,oracle_first,1,0.5692054033279419,32
0,oracle_first,2,0.7954747676849365,32
0,oracle_first,3,0.8496540188789368,32
0,oracle_first,4,0.9385553598403931,32
0,oracle_first,5,1.0398279428482056,32
0,oracle_first,6,1.0560758113861084,32
0,oracle_first,7,1.1059486865997314,32
0,oracle_first,8,1.1312971115112305,32
0,oracle_first,9,1.1189665794372559,32
0,oracle_first,10,1.1298433542251587,32
1,dense_first,1,0.7130968570709229,32
1,dense_first,2,0.5863972902297974,32
1,dense_first,3,0.45668134093284607,32
1,dense_first,4,0.4306938648223877,32
1,dense_first,5,0.384638249874115,32
1,dense_first,6,0.38991206884384155,32
1,dense_first,7,0.3791826367378235,32
1,dense_first,8,0.36900490522384644,32
1,dense_first,9,0.3305544853210449,32
1,dense_first,10,0.31312182545661926,32
1,b0_first,1,0.49299874901771545,32
1,b0_first,2,0.4451864957809448,32
1,b0_first,3,0.41248589754104614,32
1,b0_first,4,0.36981841921806335,32
1,b0_first,5,0.3464861512184143,32
1,b0_first,6,0.33556830883026123,32
1,b0_first,7,0.33429837226867676,32
1,b0_first,8,0.33010023832321167,32
1,b0_first,9,0.3260864317417145,32
1,b0_first,10,0.31591078639030457,32
1,oracle_first,1,0.15051397681236267,32
1,oracle_first,2,0.2434186339378357,32
1,oracle_first,3,0.25560063123703003,32
1,oracle_first,4,0.24016724526882172,32
1,oracle_first,5,0.24490174651145935,32
1,oracle_first,6,0.24189457297325134,32
1,oracle_first,7,0.24093249440193176,32
1,oracle_first,8,0.22936129570007324,32
1,oracle_first,9,0.23389673233032227,32
1,oracle_first,10,0.22487132251262665,32
2,dense_first,1,2.766077756881714,32
2,dense_first,2,2.4936089515686035,32
2,dense_first,3,2.2206997871398926,32
2,dense_first,4,1.8731591701507568,32
2,dense_first,5,1.652618646621704,32
2,dense_first,6,1.6067701578140259,32
2,dense_first,7,1.5619043111801147,32
2,dense_first,8,1.5605359077453613,32
2,dense_first,9,1.5434966087341309,32
2,dense_first,10,1.5433282852172852,32
2,b0_first,1,1.5154578685760498,32
2,b0_first,2,1.5130505561828613,32
2,b0_first,3,1.5306681394577026,32
2,b0_first,4,1.4628572463989258,32
2,b0_first,5,1.4474753141403198,32
2,b0_first,6,1.4025611877441406,32
2,b0_first,7,1.4064607620239258,32
2,b0_first,8,1.410127878189087,32
2,b0_first,9,1.408900260925293,32
2,b0_first,10,1.4000244140625,32
2,oracle_first,1,0.5258318185806274,32
2,oracle_first,2,0.7666260600090027,32
2,oracle_first,3,0.993175208568573,32
2,oracle_first,4,1.1043152809143066,32
2,oracle_first,5,1.1360783576965332,32
2,oracle_first,6,1.1750123500823975,32
2,oracle_first,7,1.19547700881958,32
2,oracle_first,8,1.2192471027374268,32
2,oracle_first,9,1.2321192026138306,32
2,oracle_first,10,1.2553291320800781,32
3,dense_first,1,0.6768763065338135,32
3,dense_first,2,0.5041684508323669,32
3,dense_first,3,0.4714435935020447,32
3,dense_first,4,0.4151233434677124,32
3,dense_first,5,0.36112791299819946,32
3,dense_first,6,0.3338877260684967,32
3,dense_first,7,0.2899269163608551,32
3,dense_first,8,0.2624415457248688,32
3,dense_first,9,0.2526751756668091,32
3,dense_first,10,0.2456945925951004,32
3,b0_first,1,0.24909579753875732,32
3,b0_first,2,0.2406168133020401,32
3,b0_first,3,0.23036986589431763,32
3,b0_first,4,0.2274557650089264,32
3,b0_first,5,0.222500279545784,32
3,b0_first,6,0.22071892023086548,32
3,b0_first,7,0.21822284162044525,32
3,b0_first,8,0.21273162961006165,32
3,b0_first,9,0.21244731545448303,32
3,b0_first,10,0.2102295160293579,32
3,oracle_first,1,0.11374513804912567,32
3,oracle_first,2,0.18058794736862183,32
3,oracle_first,3,0.21023167669773102,32
3,oracle_first,4,0.20564806461334229,32
3,oracle_first,5,0.20120128989219666,32
3,oracle_first,6,0.1887311190366745,32
3,oracle_first,7,0.18031349778175354,32
3,oracle_first,8,0.17907018959522247,32
3,oracle_first,9,0.18587197363376617,32
3,oracle_first,10,0.18393537402153015,32
4,dense_first,1,2.2738423347473145,32
4,dense_first,2,1.6280970573425293,32
4,dense_first,3,1.1741970777511597,32
4,dense_first,4,0.9504867792129517,32
4,dense_first,5,0.5325689315795898,32
4,dense_first,6,0.5216442942619324,32
4,dense_first,7,0.49309244751930237,32
4,dense_first,8,0.4732884466648102,32
4,dense_first,9,0.4232827425003052,32
4,dense_first,10,0.4044608473777771,32
4,b0_first,1,0.4410434365272522,32
4,b0_first,2,0.4257526695728302,32
4,b0_first,3,0.3954755663871765,32
4,b0_first,4,0.36339789628982544,32
4,b0_first,5,0.33827388286590576,32
4,b0_first,6,0.30703264474868774,32
4,b0_first,7,0.3025416135787964,32
4,b0_first,8,0.3078642785549164,32
4,b0_first,9,0.2996778190135956,32
4,b0_first,10,0.2931439280509949,32
4,oracle_first,1,0.13377347588539124,32
4,oracle_first,2,0.15091301500797272,32
4,oracle_first,3,0.15447746217250824,32
4,oracle_first,4,0.16198205947875977,32
4,oracle_first,5,0.16635411977767944,32
4,oracle_first,6,0.17276456952095032,32
4,oracle_first,7,0.176963210105896,32
4,oracle_first,8,0.1940966546535492,32
4,oracle_first,9,0.19964444637298584,32
4,oracle_first,10,0.19984793663024902,32
5,dense_first,1,0.5364134907722473,32
5,dense_first,2,0.38753876090049744,32
5,dense_first,3,0.3629224896430969,32
5,dense_first,4,0.28453895449638367,32
5,dense_first,5,0.2739502489566803,32
5,dense_first,6,0.2545199990272522,32
5,dense_first,7,0.22955767810344696,32
5,dense_first,8,0.2289976328611374,32
5,dense_first,9,0.2094472199678421,32
5,dense_first,10,0.19033896923065186,32
5,b0_first,1,0.17474189400672913,32
5,b0_first,2,0.1658807247877121,32
5,b0_first,3,0.14991149306297302,32
5,b0_first,4,0.14162972569465637,32
5,b0_first,5,0.13328832387924194,32
5,b0_first,6,0.12820202112197876,32
5,b0_first,7,0.12528890371322632,32
5,b0_first,8,0.12023339420557022,32
5,b0_first,9,0.1184879019856453,32
5,b0_first,10,0.11536101996898651,32
5,oracle_first,1,0.06572169810533524,32
5,oracle_first,2,0.07137922197580338,32
5,oracle_first,3,0.07182593643665314,32
5,oracle_first,4,0.07395493984222412,32
5,oracle_first,5,0.07373582571744919,32
5,oracle_first,6,0.07443097233772278,32
5,oracle_first,7,0.07441473752260208,32
5,oracle_first,8,0.07439524680376053,32
5,oracle_first,9,0.07708050310611725,32
5,oracle_first,10,0.0762394517660141,32
6,dense_first,1,0.2147669941186905,32
6,dense_first,2,0.17386674880981445,32
6,dense_first,3,0.15954308211803436,32
6,dense_first,4,0.12536540627479553,32
6,dense_first,5,0.10086977481842041,32
6,dense_first,6,0.0799340233206749,32
6,dense_first,7,0.06426514685153961,32
6,dense_first,8,0.051118671894073486,32
6,dense_first,9,0.043452925980091095,32
6,dense_first,10,0.04280908405780792,32
6,b0_first,1,0.2324904203414917,32
6,b0_first,2,0.20051689445972443,32
6,b0_first,3,0.16670909523963928,32
6,b0_first,4,0.14583030343055725,32
6,b0_first,5,0.1267683207988739,32
6,b0_first,6,0.09690070897340775,32
6,b0_first,7,0.08232251554727554,32
6,b0_first,8,0.06843559443950653,32
6,b0_first,9,0.057729631662368774,32
6,b0_first,10,0.051138874143362045,32
6,oracle_first,1,0.01716022565960884,32
6,oracle_first,2,0.02197664976119995,32
6,oracle_first,3,0.024106549099087715,32
6,oracle_first,4,0.03242223337292671,32
6,oracle_first,5,0.030019840225577354,32
6,oracle_first,6,0.02684151940047741,32
6,oracle_first,7,0.02615070715546608,32
6,oracle_first,8,0.022863712161779404,32
6,oracle_first,9,0.022151004523038864,32
6,oracle_first,10,0.022866081446409225,32
0,dense_first,1,2.242358684539795,32
0,dense_first,2,1.9406421184539795,32
0,dense_first,3,1.9319233894348145,32
0,dense_first,4,1.8699768781661987,32
0,dense_first,5,1.7851357460021973,32
0,dense_first,6,1.7272682189941406,32
0,dense_first,7,1.5351383686065674,32
0,dense_first,8,1.4355236291885376,32
0,dense_first,9,1.366917371749878,32
0,dense_first,10,1.3133330345153809,32
0,b0_first,1,1.1507525444030762,32
0,b0_first,2,1.1282950639724731,32
0,b0_first,3,1.1796334981918335,32
0,b0_first,4,1.1305187940597534,32
0,b0_first,5,1.125745177268982,32
0,b0_first,6,1.1299302577972412,32
0,b0_first,7,1.11087965965271,32
0,b0_first,8,1.0865354537963867,32
0,b0_first,9,1.0831773281097412,32
0,b0_first,10,1.0846354961395264,32
0,oracle_first,1,0.5956336259841919,32
0,oracle_first,2,0.6991210579872131,32
0,oracle_first,3,0.9141362905502319,32
0,oracle_first,4,0.942400336265564,32
0,oracle_first,5,0.9948067665100098,32
0,oracle_first,6,0.9953793287277222,32
0,oracle_first,7,0.9971344470977783,32
0,oracle_first,8,0.9807238578796387,32
0,oracle_first,9,0.9839268326759338,32
0,oracle_first,10,0.9939335584640503,32
1,dense_first,1,1.2228600978851318,32
1,dense_first,2,0.8087269067764282,32
1,dense_first,3,0.7164773344993591,32
1,dense_first,4,0.6833597421646118,32
1,dense_first,5,0.6646988987922668,32
1,dense_first,6,0.6729259490966797,32
1,dense_first,7,0.6228654384613037,32
1,dense_first,8,0.5749390125274658,32
1,dense_first,9,0.4657927453517914,32
1,dense_first,10,0.4453299939632416,32
1,b0_first,1,0.5054681897163391,32
1,b0_first,2,0.45972707867622375,32
1,b0_first,3,0.43191036581993103,32
1,b0_first,4,0.42799681425094604,32
1,b0_first,5,0.41027534008026123,32
1,b0_first,6,0.4043266475200653,32
1,b0_first,7,0.3966273367404938,32
1,b0_first,8,0.3946828246116638,32
1,b0_first,9,0.39197367429733276,32
1,b0_first,10,0.3718271851539612,32
1,oracle_first,1,0.1788104772567749,32
1,oracle_first,2,0.2799585461616516,32
1,oracle_first,3,0.269797682762146,32
1,oracle_first,4,0.28081586956977844,32
1,oracle_first,5,0.29935967922210693,32
1,oracle_first,6,0.30760955810546875,32
1,oracle_first,7,0.3124454915523529,32
1,oracle_first,8,0.30860334634780884,32
1,oracle_first,9,0.310988187789917,32
1,oracle_first,10,0.32029879093170166,32
2,dense_first,1,2.2842655181884766,32
2,dense_first,2,1.783107042312622,32
2,dense_first,3,1.563712477684021,32
2,dense_first,4,1.350189447402954,32
2,dense_first,5,1.3082480430603027,32
2,dense_first,6,1.263838529586792,32
2,dense_first,7,1.2349843978881836,32
2,dense_first,8,1.1980791091918945,32
2,dense_first,9,1.2017483711242676,32
2,dense_first,10,1.203810691833496,32
2,b0_first,1,1.2949528694152832,32
2,b0_first,2,1.2449207305908203,32
2,b0_first,3,1.2024962902069092,32
2,b0_first,4,1.1744203567504883,32
2,b0_first,5,1.1674587726593018,32
2,b0_first,6,1.1712104082107544,32
2,b0_first,7,1.144716501235962,32
2,b0_first,8,1.1588562726974487,32
2,b0_first,9,1.1271406412124634,32
2,b0_first,10,1.109121322631836,32
2,oracle_first,1,0.5352799892425537,32
2,oracle_first,2,0.6444247364997864,32
2,oracle_first,3,0.8577761054039001,32
2,oracle_first,4,0.9612202048301697,32
2,oracle_first,5,1.0108814239501953,32
2,oracle_first,6,1.0328149795532227,32
2,oracle_first,7,1.052768349647522,32
2,oracle_first,8,1.0315154790878296,32
2,oracle_first,9,1.0409433841705322,32
2,oracle_first,10,1.046905279159546,32
3,dense_first,1,0.4939022660255432,32
3,dense_first,2,0.43907901644706726,32
3,dense_first,3,0.37948882579803467,32
3,dense_first,4,0.3366923928260803,32
3,dense_first,5,0.2943028211593628,32
3,dense_first,6,0.30334359407424927,32
3,dense_first,7,0.29262906312942505,32
3,dense_first,8,0.28729793429374695,32
3,dense_first,9,0.283212274312973,32
3,dense_first,10,0.27791228890419006,32
3,b0_first,1,0.37835758924484253,32
3,b0_first,2,0.3590486943721771,32
3,b0_first,3,0.3433222770690918,32
3,b0_first,4,0.32365360856056213,32
3,b0_first,5,0.31964045763015747,32
3,b0_first,6,0.3128010332584381,32
3,b0_first,7,0.3038102090358734,32
3,b0_first,8,0.289851576089859,32
3,b0_first,9,0.28998997807502747,32
3,b0_first,10,0.2876635193824768,32
3,oracle_first,1,0.09763646870851517,32
3,oracle_first,2,0.14025737345218658,32
3,oracle_first,3,0.1612659990787506,32
3,oracle_first,4,0.17700821161270142,32
3,oracle_first,5,0.1873972862958908,32
3,oracle_first,6,0.180238738656044,32
3,oracle_first,7,0.17723079025745392,32
3,oracle_first,8,0.1792716383934021,32
3,oracle_first,9,0.19014239311218262,32
3,oracle_first,10,0.19421261548995972,32
4,dense_first,1,1.9928815364837646,32
4,dense_first,2,1.0301473140716553,32
4,dense_first,3,0.7557936906814575,32
4,dense_first,4,0.6358716487884521,32
4,dense_first,5,0.5694960951805115,32
4,dense_first,6,0.5210071206092834,32
4,dense_first,7,0.4834601879119873,32
4,dense_first,8,0.4543674886226654,32
4,dense_first,9,0.425653338432312,32
4,dense_first,10,0.4194405674934387,32
4,b0_first,1,0.6165405511856079,32
4,b0_first,2,0.5639359951019287,32
4,b0_first,3,0.505725085735321,32
4,b0_first,4,0.46330463886260986,32
4,b0_first,5,0.4366283416748047,32
4,b0_first,6,0.41675448417663574,32
4,b0_first,7,0.3996638059616089,32
4,b0_first,8,0.3873252868652344,32
4,b0_first,9,0.3698929250240326,32
4,b0_first,10,0.34822362661361694,32
4,oracle_first,1,0.135120689868927,32
4,oracle_first,2,0.16421553492546082,32
4,oracle_first,3,0.2188846468925476,32
4,oracle_first,4,0.23294907808303833,32
4,oracle_first,5,0.24997250735759735,32
4,oracle_first,6,0.2617759704589844,32
4,oracle_first,7,0.24193601310253143,32
4,oracle_first,8,0.24331176280975342,32
4,oracle_first,9,0.2363184690475464,32
4,oracle_first,10,0.23539727926254272,32
5,dense_first,1,0.7294973134994507,32
5,dense_first,2,0.5296797752380371,32
5,dense_first,3,0.5187022686004639,32
5,dense_first,4,0.4395553469657898,32
5,dense_first,5,0.37395262718200684,32
5,dense_first,6,0.38994625210762024,32
5,dense_first,7,0.36850297451019287,32
5,dense_first,8,0.3290553689002991,32
5,dense_first,9,0.31496304273605347,32
5,dense_first,10,0.28157904744148254,32
5,b0_first,1,0.22134186327457428,32
5,b0_first,2,0.21212992072105408,32
5,b0_first,3,0.20156729221343994,32
5,b0_first,4,0.19347725808620453,32
5,b0_first,5,0.18845970928668976,32
5,b0_first,6,0.18654733896255493,32
5,b0_first,7,0.1830882430076599,32
5,b0_first,8,0.17967535555362701,32
5,b0_first,9,0.1772337257862091,32
5,b0_first,10,0.16996243596076965,32
5,oracle_first,1,0.06341354548931122,32
5,oracle_first,2,0.0801626518368721,32
5,oracle_first,3,0.08501922339200974,32
5,oracle_first,4,0.09830330312252045,32
5,oracle_first,5,0.10416173934936523,32
5,oracle_first,6,0.11831583082675934,32
5,oracle_first,7,0.12113484740257263,32
5,oracle_first,8,0.1316666454076767,32
5,oracle_first,9,0.13289551436901093,32
5,oracle_first,10,0.13005346059799194,32
6,dense_first,1,0.15821124613285065,32
6,dense_first,2,0.10956819355487823,32
6,dense_first,3,0.0893574059009552,32
6,dense_first,4,0.07044917345046997,32
6,dense_first,5,0.05637422949075699,32
6,dense_first,6,0.041926756501197815,32
6,dense_first,7,0.03172953054308891,32
6,dense_first,8,0.032759860157966614,32
6,dense_first,9,0.02970844879746437,32
6,dense_first,10,0.029505599290132523,32
6,b0_first,1,0.1363154649734497,32
6,b0_first,2,0.10872604697942734,32
6,b0_first,3,0.08938658982515335,32
6,b0_first,4,0.06670965254306793,32
6,b0_first,5,0.055761128664016724,32
6,b0_first,6,0.0520065538585186,32
6,b0_first,7,0.04497582092881203,32
6,b0_first,8,0.03647702932357788,32
6,b0_first,9,0.034931592643260956,32
6,b0_first,10,0.0327017642557621,32
6,oracle_first,1,0.01890179142355919,32
6,oracle_first,2,0.030097177252173424,32
6,oracle_first,3,0.03268781304359436,32
6,oracle_first,4,0.029275819659233093,32
6,oracle_first,5,0.029085010290145874,32
6,oracle_first,6,0.028233608230948448,32
6,oracle_first,7,0.024429425597190857,32
6,oracle_first,8,0.02264563739299774,32
6,oracle_first,9,0.023291034623980522,32
6,oracle_first,10,0.02427394688129425,32
0,dense_first,1,1.711988091468811,32
0,dense_first,2,1.5385949611663818,32
0,dense_first,3,1.406822919845581,32
0,dense_first,4,1.3049752712249756,32
0,dense_first,5,1.2633264064788818,32
0,dense_first,6,1.201848030090332,32
0,dense_first,7,1.081070899963379,32
0,dense_first,8,1.0128998756408691,32
0,dense_first,9,0.9834644198417664,32
0,dense_first,10,0.9703020453453064,32
0,b0_first,1,0.8565549850463867,32
0,b0_first,2,0.8162918090820312,32
0,b0_first,3,0.8037522435188293,32
0,b0_first,4,0.7772636413574219,32
0,b0_first,5,0.7691659331321716,32
0,b0_first,6,0.7742482423782349,32
0,b0_first,7,0.7636841535568237,32
0,b0_first,8,0.7493666410446167,32
0,b0_first,9,0.7458836436271667,32
0,b0_first,10,0.7411109805107117,32
0,oracle_first,1,0.4977841079235077,32
0,oracle_first,2,0.6603469848632812,32
0,oracle_first,3,0.7337638139724731,32
0,oracle_first,4,0.771772563457489,32
0,oracle_first,5,0.754387378692627,32
0,oracle_first,6,0.7378582954406738,32
0,oracle_first,7,0.7360841035842896,32
0,oracle_first,8,0.7331043481826782,32
0,oracle_first,9,0.7211828231811523,32
0,oracle_first,10,0.7188848853111267,32
1,dense_first,1,1.0189458131790161,32
1,dense_first,2,0.6694401502609253,32
1,dense_first,3,0.4967688322067261,32
1,dense_first,4,0.4393526315689087,32
1,dense_first,5,0.4431976079940796,32
1,dense_first,6,0.4140191972255707,32
1,dense_first,7,0.41266775131225586,32
1,dense_first,8,0.40198850631713867,32
1,dense_first,9,0.38859301805496216,32
1,dense_first,10,0.3977641463279724,32
1,b0_first,1,0.565273106098175,32
1,b0_first,2,0.541230320930481,32
1,b0_first,3,0.5038226842880249,32
1,b0_first,4,0.4941183924674988,32
1,b0_first,5,0.4795447587966919,32
1,b0_first,6,0.462351530790329,32
1,b0_first,7,0.4512689709663391,32
1,b0_first,8,0.4452822804450989,32
1,b0_first,9,0.4318832755088806,32
1,b0_first,10,0.4213257431983948,32
1,oracle_first,1,0.14999118447303772,32
1,oracle_first,2,0.259228378534317,32
1,oracle_first,3,0.307495653629303,32
1,oracle_first,4,0.30352145433425903,32
1,oracle_first,5,0.2832616865634918,32
1,oracle_first,6,0.3093262314796448,32
1,oracle_first,7,0.3084276616573334,32
1,oracle_first,8,0.3175946772098541,32
1,oracle_first,9,0.3277732729911804,32
1,oracle_first,10,0.33652418851852417,32
2,dense_first,1,1.727964997291565,32
2,dense_first,2,1.3567581176757812,32
2,dense_first,3,1.0761570930480957,32
2,dense_first,4,0.972782552242279,32
2,dense_first,5,0.9540250301361084,32
2,dense_first,6,0.9462007284164429,32
2,dense_first,7,0.9470459222793579,32
2,dense_first,8,0.9185817837715149,32
2,dense_first,9,0.9027936458587646,32
2,dense_first,10,0.8682541847229004,32
2,b0_first,1,0.8477903604507446,32
2,b0_first,2,0.8016622066497803,32
2,b0_first,3,0.7865257263183594,32
2,b0_first,4,0.78719162940979,32
2,b0_first,5,0.8038827180862427,32
2,b0_first,6,0.8059210777282715,32
2,b0_first,7,0.8041507601737976,32
2,b0_first,8,0.8128882646560669,32
2,b0_first,9,0.809769868850708,32
2,b0_first,10,0.8087083697319031,32
2,oracle_first,1,0.470586359500885,32
2,oracle_first,2,0.5852082967758179,32
2,oracle_first,3,0.7549306750297546,32
2,oracle_first,4,0.7765107750892639,32
2,oracle_first,5,0.7938182353973389,32
2,oracle_first,6,0.7808175086975098,32
2,oracle_first,7,0.8036824464797974,32
2,oracle_first,8,0.8043743968009949,32
2,oracle_first,9,0.7980029582977295,32
2,oracle_first,10,0.7999420166015625,32
3,dense_first,1,0.4978373944759369,32
3,dense_first,2,0.4208762049674988,32
3,dense_first,3,0.3988577127456665,32
3,dense_first,4,0.28419363498687744,32
3,dense_first,5,0.29120999574661255,32
3,dense_first,6,0.26764899492263794,32
3,dense_first,7,0.2591021955013275,32
3,dense_first,8,0.2338629961013794,32
3,dense_first,9,0.2286471724510193,32
3,dense_first,10,0.2289874255657196,32
3,b0_first,1,0.39934295415878296,32
3,b0_first,2,0.3728667199611664,32
3,b0_first,3,0.3454890251159668,32
3,b0_first,4,0.32395055890083313,32
3,b0_first,5,0.3094313144683838,32
3,b0_first,6,0.302501916885376,32
3,b0_first,7,0.29525789618492126,32
3,b0_first,8,0.2893613576889038,32
3,b0_first,9,0.2882630228996277,32
3,b0_first,10,0.28664082288742065,32
3,oracle_first,1,0.07917311787605286,32
3,oracle_first,2,0.09721395373344421,32
3,oracle_first,3,0.11656730622053146,32
3,oracle_first,4,0.13033054769039154,32
3,oracle_first,5,0.13980761170387268,32
3,oracle_first,6,0.1408592164516449,32
3,oracle_first,7,0.1415322721004486,32
3,oracle_first,8,0.15514884889125824,32
3,oracle_first,9,0.15910260379314423,32
3,oracle_first,10,0.16762271523475647,32
4,dense_first,1,2.09355092048645,32
4,dense_first,2,1.233056902885437,32
4,dense_first,3,0.9033308029174805,32
4,dense_first,4,0.7137812972068787,32
4,dense_first,5,0.5435550212860107,32
4,dense_first,6,0.5377249121665955,32
4,dense_first,7,0.529069185256958,32
4,dense_first,8,0.4864181578159332,32
4,dense_first,9,0.46243539452552795,32
4,dense_first,10,0.41458216309547424,32
4,b0_first,1,0.37375450134277344,32
4,b0_first,2,0.3409059941768646,32
4,b0_first,3,0.3198883533477783,32
4,b0_first,4,0.28498518466949463,32
4,b0_first,5,0.2746194899082184,32
4,b0_first,6,0.2704535722732544,32
4,b0_first,7,0.25446081161499023,32
4,b0_first,8,0.2534888982772827,32
4,b0_first,9,0.26080894470214844,32
4,b0_first,10,0.25780096650123596,32
4,oracle_first,1,0.15738478302955627,32
4,oracle_first,2,0.1790143996477127,32
4,oracle_first,3,0.2670060396194458,32
4,oracle_first,4,0.3252440094947815,32
4,oracle_first,5,0.3297010064125061,32
4,oracle_first,6,0.3193652629852295,32
4,oracle_first,7,0.3229440450668335,32
4,oracle_first,8,0.31876975297927856,32
4,oracle_first,9,0.31060168147087097,32
4,oracle_first,10,0.30578726530075073,32
5,dense_first,1,0.5814772844314575,32
5,dense_first,2,0.4268128275871277,32
5,dense_first,3,0.41983985900878906,32
5,dense_first,4,0.3109208941459656,32
5,dense_first,5,0.26448190212249756,32
5,dense_first,6,0.2528577744960785,32
5,dense_first,7,0.22977527976036072,32
5,dense_first,8,0.20879803597927094,32
5,dense_first,9,0.17132267355918884,32
5,dense_first,10,0.15423350036144257,32
5,b0_first,1,0.30300989747047424,32
5,b0_first,2,0.2847300171852112,32
5,b0_first,3,0.24135582149028778,32
5,b0_first,4,0.23009714484214783,32
5,b0_first,5,0.22473850846290588,32
5,b0_first,6,0.21154804527759552,32
5,b0_first,7,0.20474857091903687,32
5,b0_first,8,0.20078377425670624,32
5,b0_first,9,0.19153013825416565,32
5,b0_first,10,0.18839597702026367,32
5,oracle_first,1,0.041682854294776917,32
5,oracle_first,2,0.05408337712287903,32
5,oracle_first,3,0.07142922282218933,32
5,oracle_first,4,0.08760184049606323,32
5,oracle_first,5,0.0888102799654007,32
5,oracle_first,6,0.09131870418787003,32
5,oracle_first,7,0.09193690866231918,32
5,oracle_first,8,0.0881151407957077,32
5,oracle_first,9,0.08371052145957947,32
5,oracle_first,10,0.08143573999404907,32
6,dense_first,1,0.209733247756958,32
6,dense_first,2,0.19045817852020264,32
6,dense_first,3,0.17231254279613495,32
6,dense_first,4,0.15034529566764832,32
6,dense_first,5,0.12419013679027557,32
6,dense_first,6,0.1207001656293869,32
6,dense_first,7,0.09752140939235687,32
6,dense_first,8,0.09452366828918457,32
6,dense_first,9,0.09352482110261917,32
6,dense_first,10,0.08738157153129578,32
6,b0_first,1,0.20613527297973633,32
6,b0_first,2,0.18082313239574432,32
6,b0_first,3,0.1407916247844696,32
6,b0_first,4,0.12907370924949646,32
6,b0_first,5,0.11402879655361176,32
6,b0_first,6,0.10069753974676132,32
6,b0_first,7,0.08449134230613708,32
6,b0_first,8,0.07825489342212677,32
6,b0_first,9,0.07188886404037476,32
6,b0_first,10,0.06649742275476456,32
6,oracle_first,1,0.01750437170267105,32
6,oracle_first,2,0.03215312957763672,32
6,oracle_first,3,0.05082988739013672,32
6,oracle_first,4,0.053190506994724274,32
6,oracle_first,5,0.05527001619338989,32
6,oracle_first,6,0.055907078087329865,32
6,oracle_first,7,0.05001726746559143,32
6,oracle_first,8,0.04397056624293327,32
6,oracle_first,9,0.04337996989488602,32
6,oracle_first,10,0.04013797640800476,32
0,dense_first,1,2.047464609146118,32
0,dense_first,2,1.9410442113876343,32
0,dense_first,3,1.7114356756210327,32
0,dense_first,4,1.5938315391540527,32
0,dense_first,5,1.4246187210083008,32
0,dense_first,6,1.2484787702560425,32
0,dense_first,7,1.1756267547607422,32
0,dense_first,8,1.1300103664398193,32
0,dense_first,9,1.0809272527694702,32
0,dense_first,10,1.0874226093292236,32
0,b0_first,1,1.3862671852111816,32
0,b0_first,2,1.3041725158691406,32
0,b0_first,3,1.2522692680358887,32
0,b0_first,4,1.1765937805175781,32
0,b0_first,5,1.1240453720092773,32
0,b0_first,6,1.0955817699432373,32
0,b0_first,7,1.098801851272583,32
0,b0_first,8,1.0677530765533447,32
0,b0_first,9,1.0706453323364258,32
0,b0_first,10,1.052567481994629,32
0,oracle_first,1,0.5387917757034302,32
0,oracle_first,2,0.6916953325271606,32
0,oracle_first,3,0.8379215598106384,32
0,oracle_first,4,0.8683048486709595,32
0,oracle_first,5,0.8934400677680969,32
0,oracle_first,6,0.9118242263793945,32
0,oracle_first,7,0.929343581199646,32
0,oracle_first,8,0.9210407137870789,32
0,oracle_first,9,0.923388659954071,32
0,oracle_first,10,0.9176518321037292,32
1,dense_first,1,0.764177680015564,32
1,dense_first,2,0.7214494943618774,32
1,dense_first,3,0.5495556592941284,32
1,dense_first,4,0.5551407337188721,32
1,dense_first,5,0.46733370423316956,32
1,dense_first,6,0.46262574195861816,32
1,dense_first,7,0.45905017852783203,32
1,dense_first,8,0.44208818674087524,32
1,dense_first,9,0.4459087550640106,32
1,dense_first,10,0.43844103813171387,32
1,b0_first,1,0.5109367966651917,32
1,b0_first,2,0.491414338350296,32
1,b0_first,3,0.4697780907154083,32
1,b0_first,4,0.45341092348098755,32
1,b0_first,5,0.4446340799331665,32
1,b0_first,6,0.4287564754486084,32
1,b0_first,7,0.43073537945747375,32
1,b0_first,8,0.4286191463470459,32
1,b0_first,9,0.42695704102516174,32
1,b0_first,10,0.419781893491745,32
1,oracle_first,1,0.14571993052959442,32
1,oracle_first,2,0.2548496723175049,32
1,oracle_first,3,0.3019881844520569,32
1,oracle_first,4,0.36580318212509155,32
1,oracle_first,5,0.36623090505599976,32
1,oracle_first,6,0.3461799621582031,32
1,oracle_first,7,0.36695894598960876,32
1,oracle_first,8,0.37504929304122925,32
1,oracle_first,9,0.3790413737297058,32
1,oracle_first,10,0.37984126806259155,32
2,dense_first,1,2.2747230529785156,32
2,dense_first,2,1.549662470817566,32
2,dense_first,3,1.327863097190857,32
2,dense_first,4,1.2659263610839844,32
2,dense_first,5,1.2193279266357422,32
2,dense_first,6,1.1640204191207886,32
2,dense_first,7,1.1166419982910156,32
2,dense_first,8,1.1164565086364746,32
2,dense_first,9,1.101458191871643,32
2,dense_first,10,1.1256873607635498,32
2,b0_first,1,1.4447062015533447,32
2,b0_first,2,1.4023518562316895,32
2,b0_first,3,1.34640371799469,32
2,b0_first,4,1.2449450492858887,32
2,b0_first,5,1.1949546337127686,32
2,b0_first,6,1.1814899444580078,32
2,b0_first,7,1.1661508083343506,32
2,b0_first,8,1.1370065212249756,32
2,b0_first,9,1.1357842683792114,32
2,b0_first,10,1.1254146099090576,32
2,oracle_first,1,0.4930381774902344,32
2,oracle_first,2,0.7304376363754272,32
2,oracle_first,3,0.915794312953949,32
2,oracle_first,4,0.9061524868011475,32
2,oracle_first,5,0.9136556386947632,32
2,oracle_first,6,0.9383634328842163,32
2,oracle_first,7,0.9490598440170288,32
2,oracle_first,8,0.951205313205719,32
2,oracle_first,9,0.9554332494735718,32
2,oracle_first,10,0.9710626006126404,32
3,dense_first,1,0.45559561252593994,32
3,dense_first,2,0.37529462575912476,32
3,dense_first,3,0.3963712453842163,32
3,dense_first,4,0.3801524043083191,32
3,dense_first,5,0.35212692618370056,32
3,dense_first,6,0.3208736777305603,32
3,dense_first,7,0.30511802434921265,32
3,dense_first,8,0.2809732258319855,32
3,dense_first,9,0.2696632742881775,32
3,dense_first,10,0.2578861117362976,32
3,b0_first,1,0.3988015055656433,32
3,b0_first,2,0.3747791051864624,32
3,b0_first,3,0.3510517477989197,32
3,b0_first,4,0.3396109342575073,32
3,b0_first,5,0.3330362141132355,32
3,b0_first,6,0.31983935832977295,32
3,b0_first,7,0.31324440240859985,32
3,b0_first,8,0.31051328778266907,32
3,b0_first,9,0.30046385526657104,32
3,b0_first,10,0.2914928197860718,32
3,oracle_first,1,0.0828363448381424,32
3,oracle_first,2,0.13241778314113617,32
3,oracle_first,3,0.1590702086687088,32
3,oracle_first,4,0.17779985070228577,32
3,oracle_first,5,0.18748760223388672,32
3,oracle_first,6,0.19130682945251465,32
3,oracle_first,7,0.19394513964653015,32
3,oracle_first,8,0.19023767113685608,32
3,oracle_first,9,0.1874731183052063,32
3,oracle_first,10,0.19189952313899994,32
4,dense_first,1,2.5270259380340576,32
4,dense_first,2,1.6609249114990234,32
4,dense_first,3,1.0303905010223389,32
4,dense_first,4,0.8445229530334473,32
4,dense_first,5,0.7958413362503052,32
4,dense_first,6,0.6580566763877869,32
4,dense_first,7,0.5960053205490112,32
4,dense_first,8,0.5444648265838623,32
4,dense_first,9,0.5334256887435913,32
4,dense_first,10,0.5261896848678589,32
4,b0_first,1,0.4118843674659729,32
4,b0_first,2,0.38759636878967285,32
4,b0_first,3,0.3568494915962219,32
4,b0_first,4,0.34058621525764465,32
4,b0_first,5,0.31532976031303406,32
4,b0_first,6,0.31409281492233276,32
4,b0_first,7,0.3073418140411377,32
4,b0_first,8,0.29705187678337097,32
4,b0_first,9,0.2894277572631836,32
4,b0_first,10,0.2896217703819275,32
4,oracle_first,1,0.15563040971755981,32
4,oracle_first,2,0.22788380086421967,32
4,oracle_first,3,0.30748826265335083,32
4,oracle_first,4,0.3621586263179779,32
4,oracle_first,5,0.30961382389068604,32
4,oracle_first,6,0.36375686526298523,32
4,oracle_first,7,0.35389602184295654,32
4,oracle_first,8,0.3592285215854645,32
4,oracle_first,9,0.33732524514198303,32
4,oracle_first,10,0.34313660860061646,32
5,dense_first,1,0.332369327545166,32
5,dense_first,2,0.24203699827194214,32
5,dense_first,3,0.18175803124904633,32
5,dense_first,4,0.15435272455215454,32
5,dense_first,5,0.1326078474521637,32
5,dense_first,6,0.125471293926239,32
5,dense_first,7,0.1172090545296669,32
5,dense_first,8,0.10790006071329117,32
5,dense_first,9,0.09781411290168762,32
5,dense_first,10,0.09405887871980667,32
5,b0_first,1,0.1672581136226654,32
5,b0_first,2,0.1537308692932129,32
5,b0_first,3,0.14242398738861084,32
5,b0_first,4,0.13245722651481628,32
5,b0_first,5,0.1229434460401535,32
5,b0_first,6,0.114499531686306,32
5,b0_first,7,0.10894636809825897,32
5,b0_first,8,0.1049792468547821,32
5,b0_first,9,0.10022880136966705,32
5,b0_first,10,0.09582756459712982,32
5,oracle_first,1,0.03320891037583351,32
5,oracle_first,2,0.045729860663414,32
5,oracle_first,3,0.06299212574958801,32
5,oracle_first,4,0.06141156703233719,32
5,oracle_first,5,0.06218871474266052,32
5,oracle_first,6,0.061495378613471985,32
5,oracle_first,7,0.06118982285261154,32
5,oracle_first,8,0.06264281272888184,32
5,oracle_first,9,0.06317178905010223,32
5,oracle_first,10,0.06099574267864227,32
6,dense_first,1,0.1992190033197403,32
6,dense_first,2,0.15366306900978088,32
6,dense_first,3,0.13446615636348724,32
6,dense_first,4,0.10929076373577118,32
6,dense_first,5,0.09150588512420654,32
6,dense_first,6,0.06954564154148102,32
6,dense_first,7,0.06531669199466705,32
6,dense_first,8,0.056613050401210785,32
6,dense_first,9,0.05037509277462959,32
6,dense_first,10,0.05250508338212967,32
6,b0_first,1,0.10941644012928009,32
6,b0_first,2,0.09302476048469543,32
6,b0_first,3,0.08307948708534241,32
6,b0_first,4,0.07253866642713547,32
6,b0_first,5,0.06719869375228882,32
6,b0_first,6,0.0573788546025753,32
6,b0_first,7,0.04719989746809006,32
6,b0_first,8,0.0395350307226181,32
6,b0_first,9,0.033696532249450684,32
6,b0_first,10,0.03390400484204292,32
6,oracle_first,1,0.01945783756673336,32
6,oracle_first,2,0.02608390897512436,32
6,oracle_first,3,0.030147336423397064,32
6,oracle_first,4,0.028037279844284058,32
6,oracle_first,5,0.028193825855851173,32
6,oracle_first,6,0.02797708474099636,32
6,oracle_first,7,0.03090943582355976,32
6,oracle_first,8,0.031489141285419464,32
6,oracle_first,9,0.03001253306865692,32
6,oracle_first,10,0.03154129162430763,32
0,dense_first,1,2.802198886871338,32
0,dense_first,2,2.575869560241699,32
0,dense_first,3,2.389526844024658,32
0,dense_first,4,2.27726411819458,32
0,dense_first,5,1.9554256200790405,32
0,dense_first,6,1.9394487142562866,32
0,dense_first,7,1.9276673793792725,32
0,dense_first,8,1.907094120979309,32
0,dense_first,9,1.8792948722839355,32
0,dense_first,10,1.8641932010650635,32
0,b0_first,1,2.0558791160583496,32
0,b0_first,2,1.9561123847961426,32
0,b0_first,3,1.9249869585037231,32
0,b0_first,4,1.8618197441101074,32
0,b0_first,5,1.8322149515151978,32
0,b0_first,6,1.8583321571350098,32
0,b0_first,7,1.8073711395263672,32
0,b0_first,8,1.8155767917633057,32
0,b0_first,9,1.8070236444473267,32
0,b0_first,10,1.795833706855774,32
0,oracle_first,1,0.6276392936706543,32
0,oracle_first,2,1.246651291847229,32
0,oracle_first,3,1.5743554830551147,32
0,oracle_first,4,1.7080857753753662,32
0,oracle_first,5,1.706925868988037,32
0,oracle_first,6,1.6997530460357666,32
0,oracle_first,7,1.6902495622634888,32
0,oracle_first,8,1.681747555732727,32
0,oracle_first,9,1.681133508682251,32
0,oracle_first,10,1.6591103076934814,32
1,dense_first,1,0.48837441205978394,32
1,dense_first,2,0.4635269045829773,32
1,dense_first,3,0.39690715074539185,32
1,dense_first,4,0.387154221534729,32
1,dense_first,5,0.36306488513946533,32
1,dense_first,6,0.34134867787361145,32
1,dense_first,7,0.34398818016052246,32
1,dense_first,8,0.3435079753398895,32
1,dense_first,9,0.3489145040512085,32
1,dense_first,10,0.35034072399139404,32
1,b0_first,1,0.5602248907089233,32
1,b0_first,2,0.5021339058876038,32
1,b0_first,3,0.4599127471446991,32
1,b0_first,4,0.43569275736808777,32
1,b0_first,5,0.4296988844871521,32
1,b0_first,6,0.4154359996318817,32
1,b0_first,7,0.40587547421455383,32
1,b0_first,8,0.40348511934280396,32
1,b0_first,9,0.39420056343078613,32
1,b0_first,10,0.3863469660282135,32
1,oracle_first,1,0.12824368476867676,32
1,oracle_first,2,0.19989268481731415,32
1,oracle_first,3,0.25282278656959534,32
1,oracle_first,4,0.2651646137237549,32
1,oracle_first,5,0.27715495228767395,32
1,oracle_first,6,0.2782946228981018,32
1,oracle_first,7,0.2697512209415436,32
1,oracle_first,8,0.2650020122528076,32
1,oracle_first,9,0.27349019050598145,32
1,oracle_first,10,0.28274601697921753,32
2,dense_first,1,3.2771778106689453,32
2,dense_first,2,2.4485161304473877,32
2,dense_first,3,2.19602108001709,32
2,dense_first,4,2.015439510345459,32
2,dense_first,5,1.9855471849441528,32
2,dense_first,6,1.9658918380737305,32
2,dense_first,7,1.9424375295639038,32
2,dense_first,8,1.9044922590255737,32
2,dense_first,9,1.877516269683838,32
2,dense_first,10,1.8785572052001953,32
2,b0_first,1,2.0363047122955322,32
2,b0_first,2,1.937934160232544,32
2,b0_first,3,1.9090988636016846,32
2,b0_first,4,1.8698701858520508,32
2,b0_first,5,1.8359085321426392,32
2,b0_first,6,1.82973051071167,32
2,b0_first,7,1.7939947843551636,32
2,b0_first,8,1.7956185340881348,32
2,b0_first,9,1.778022289276123,32
2,b0_first,10,1.766676664352417,32
2,oracle_first,1,0.5730100274085999,32
2,oracle_first,2,1.2455600500106812,32
2,oracle_first,3,1.5295099020004272,32
2,oracle_first,4,1.6121315956115723,32
2,oracle_first,5,1.6515185832977295,32
2,oracle_first,6,1.6600821018218994,32
2,oracle_first,7,1.6544349193572998,32
2,oracle_first,8,1.663893461227417,32
2,oracle_first,9,1.6315081119537354,32
2,oracle_first,10,1.638163685798645,32
3,dense_first,1,0.5065546035766602,32
3,dense_first,2,0.4339393973350525,32
3,dense_first,3,0.40287643671035767,32
3,dense_first,4,0.3644949793815613,32
3,dense_first,5,0.3368754982948303,32
3,dense_first,6,0.2855634093284607,32
3,dense_first,7,0.26083099842071533,32
3,dense_first,8,0.23786625266075134,32
3,dense_first,9,0.21473215520381927,32
3,dense_first,10,0.1908050775527954,32
3,b0_first,1,0.3255918622016907,32
3,b0_first,2,0.32217326760292053,32
3,b0_first,3,0.30875757336616516,32
3,b0_first,4,0.2937173843383789,32
3,b0_first,5,0.28177136182785034,32
3,b0_first,6,0.26996931433677673,32
3,b0_first,7,0.2657698392868042,32
3,b0_first,8,0.2584226429462433,32
3,b0_first,9,0.24809350073337555,32
3,b0_first,10,0.24390091001987457,32
3,oracle_first,1,0.08394967019557953,32
3,oracle_first,2,0.129076287150383,32
3,oracle_first,3,0.14143739640712738,32
3,oracle_first,4,0.15434816479682922,32
3,oracle_first,5,0.1511068195104599,32
3,oracle_first,6,0.15832656621932983,32
3,oracle_first,7,0.15951937437057495,32
3,oracle_first,8,0.15557527542114258,32
3,oracle_first,9,0.14900720119476318,32
3,oracle_first,10,0.14278340339660645,32
4,dense_first,1,2.272063732147217,32
4,dense_first,2,1.3423112630844116,32
4,dense_first,3,0.9468169808387756,32
4,dense_first,4,0.7416741251945496,32
4,dense_first,5,0.659629225730896,32
4,dense_first,6,0.5354455709457397,32
4,dense_first,7,0.4976714253425598,32
4,dense_first,8,0.44693177938461304,32
4,dense_first,9,0.43660807609558105,32
4,dense_first,10,0.42611750960350037,32
4,b0_first,1,0.5068883895874023,32
4,b0_first,2,0.48365867137908936,32
4,b0_first,3,0.4514615833759308,32
4,b0_first,4,0.4202437102794647,32
4,b0_first,5,0.39309069514274597,32
4,b0_first,6,0.372094064950943,32
4,b0_first,7,0.3521125912666321,32
4,b0_first,8,0.3313443660736084,32
4,b0_first,9,0.32883161306381226,32
4,b0_first,10,0.32666510343551636,32
4,oracle_first,1,0.1394038200378418,32
4,oracle_first,2,0.1867428421974182,32
4,oracle_first,3,0.2236771434545517,32
4,oracle_first,4,0.25148868560791016,32
4,oracle_first,5,0.24035072326660156,32
4,oracle_first,6,0.2603958547115326,32
4,oracle_first,7,0.28588271141052246,32
4,oracle_first,8,0.27255696058273315,32
4,oracle_first,9,0.2761138379573822,32
4,oracle_first,10,0.2924584746360779,32
5,dense_first,1,0.3891769051551819,32
5,dense_first,2,0.2629741430282593,32
5,dense_first,3,0.21715275943279266,32
5,dense_first,4,0.1996879279613495,32
5,dense_first,5,0.17651110887527466,32
5,dense_first,6,0.1599968671798706,32
5,dense_first,7,0.1499069184064865,32
5,dense_first,8,0.14384540915489197,32
5,dense_first,9,0.1348389983177185,32
5,dense_first,10,0.13044129312038422,32
5,b0_first,1,0.14656789600849152,32
5,b0_first,2,0.13583071529865265,32
5,b0_first,3,0.12200386822223663,32
5,b0_first,4,0.1129072904586792,32
5,b0_first,5,0.10243689268827438,32
5,b0_first,6,0.09490744024515152,32
5,b0_first,7,0.09008768200874329,32
5,b0_first,8,0.08665268868207932,32
5,b0_first,9,0.08392032235860825,32
5,b0_first,10,0.08147899806499481,32
5,oracle_first,1,0.027575071901082993,32
5,oracle_first,2,0.0370514914393425,32
5,oracle_first,3,0.04188959300518036,32
5,oracle_first,4,0.052874885499477386,32
5,oracle_first,5,0.056383922696113586,32
5,oracle_first,6,0.062082163989543915,32
5,oracle_first,7,0.06379348039627075,32
5,oracle_first,8,0.06572994589805603,32
5,oracle_first,9,0.06640144437551498,32
5,oracle_first,10,0.06558744609355927,32
6,dense_first,1,0.15876895189285278,32
6,dense_first,2,0.1193077564239502,32
6,dense_first,3,0.09849227964878082,32
6,dense_first,4,0.07505954802036285,32
6,dense_first,5,0.059241823852062225,32
6,dense_first,6,0.052824296057224274,32
6,dense_first,7,0.05493171513080597,32
6,dense_first,8,0.05249679833650589,32
6,dense_first,9,0.051151201128959656,32
6,dense_first,10,0.0534815713763237,32
6,b0_first,1,0.10958873480558395,32
6,b0_first,2,0.08767322450876236,32
6,b0_first,3,0.07318729162216187,32
6,b0_first,4,0.06596926599740982,32
6,b0_first,5,0.06475120782852173,32
6,b0_first,6,0.05262434855103493,32
6,b0_first,7,0.04844718426465988,32
6,b0_first,8,0.048836156725883484,32
6,b0_first,9,0.04762724041938782,32
6,b0_first,10,0.04806780070066452,32
6,oracle_first,1,0.01597212255001068,32
6,oracle_first,2,0.032693859189748764,32
6,oracle_first,3,0.0322117805480957,32
6,oracle_first,4,0.030498314648866653,32
6,oracle_first,5,0.03124426305294037,32
6,oracle_first,6,0.03774791955947876,32
6,oracle_first,7,0.04417378827929497,32
6,oracle_first,8,0.04079729691147804,32
6,oracle_first,9,0.04193178564310074,32
6,oracle_first,10,0.042342934757471085,32
0,dense_first,1,3.5012128353118896,32
0,dense_first,2,2.9245641231536865,32
0,dense_first,3,2.7469534873962402,32
0,dense_first,4,2.618791103363037,32
0,dense_first,5,2.566042423248291,32
0,dense_first,6,2.4868240356445312,32
0,dense_first,7,2.4022114276885986,32
0,dense_first,8,2.3997340202331543,32
0,dense_first,9,2.4112515449523926,32
0,dense_first,10,2.3371222019195557,32
0,b0_first,1,2.648402690887451,32
0,b0_first,2,2.531383991241455,32
0,b0_first,3,2.462236166000366,32
0,b0_first,4,2.4223809242248535,32
0,b0_first,5,2.376838207244873,32
0,b0_first,6,2.4008474349975586,32
0,b0_first,7,2.343179702758789,32
0,b0_first,8,2.28714656829834,32
0,b0_first,9,2.2926464080810547,32
0,b0_first,10,2.2726216316223145,32
0,oracle_first,1,0.7352319955825806,32
0,oracle_first,2,1.6719789505004883,32
0,oracle_first,3,2.0610554218292236,32
0,oracle_first,4,2.1366817951202393,32
0,oracle_first,5,2.130380153656006,32
0,oracle_first,6,2.1765992641448975,32
0,oracle_first,7,2.122931480407715,32
0,oracle_first,8,2.107980728149414,32
0,oracle_first,9,2.109891891479492,32
0,oracle_first,10,2.128805160522461,32
1,dense_first,1,0.6178069114685059,32
1,dense_first,2,0.5849519371986389,32
1,dense_first,3,0.4961297810077667,32
1,dense_first,4,0.4371328055858612,32
1,dense_first,5,0.42636579275131226,32
1,dense_first,6,0.359917551279068,32
1,dense_first,7,0.3556944727897644,32
1,dense_first,8,0.3826620280742645,32
1,dense_first,9,0.3312673270702362,32
1,dense_first,10,0.33839917182922363,32
1,b0_first,1,0.474940687417984,32
1,b0_first,2,0.4557720422744751,32
1,b0_first,3,0.42700305581092834,32
1,b0_first,4,0.4068942070007324,32
1,b0_first,5,0.38926154375076294,32
1,b0_first,6,0.37556907534599304,32
1,b0_first,7,0.37431299686431885,32
1,b0_first,8,0.38246333599090576,32
1,b0_first,9,0.3710237443447113,32
1,b0_first,10,0.3652949631214142,32
1,oracle_first,1,0.10402718186378479,32
1,oracle_first,2,0.16445700824260712,32
1,oracle_first,3,0.23903924226760864,32
1,oracle_first,4,0.2763553857803345,32
1,oracle_first,5,0.2764686644077301,32
1,oracle_first,6,0.2773202061653137,32
1,oracle_first,7,0.2833881974220276,32
1,oracle_first,8,0.2724219858646393,32
1,oracle_first,9,0.28457921743392944,32
1,oracle_first,10,0.2947958707809448,32
2,dense_first,1,3.7229137420654297,32
2,dense_first,2,2.731034278869629,32
2,dense_first,3,2.586327075958252,32
2,dense_first,4,2.4483840465545654,32
2,dense_first,5,2.410445213317871,32
2,dense_first,6,2.387674331665039,32
2,dense_first,7,2.267510414123535,32
2,dense_first,8,2.264653444290161,32
2,dense_first,9,2.254584789276123,32
2,dense_first,10,2.224672555923462,32
2,b0_first,1,2.5570693016052246,32
2,b0_first,2,2.471141815185547,32
2,b0_first,3,2.3512840270996094,32
2,b0_first,4,2.3294601440429688,32
2,b0_first,5,2.292130708694458,32
2,b0_first,6,2.273611068725586,32
2,b0_first,7,2.2494864463806152,32
2,b0_first,8,2.260256290435791,32
2,b0_first,9,2.2411160469055176,32
2,b0_first,10,2.2343435287475586,32
2,oracle_first,1,0.6672994494438171,32
2,oracle_first,2,1.5293910503387451,32
2,oracle_first,3,2.1016950607299805,32
2,oracle_first,4,2.1050474643707275,32
2,oracle_first,5,2.1219191551208496,32
2,oracle_first,6,2.1141624450683594,32
2,oracle_first,7,2.0994176864624023,32
2,oracle_first,8,2.1291556358337402,32
2,oracle_first,9,2.0819311141967773,32
2,oracle_first,10,2.0920557975769043,32
3,dense_first,1,0.5837805271148682,32
3,dense_first,2,0.4722747206687927,32
3,dense_first,3,0.44676700234413147,32
3,dense_first,4,0.3928496241569519,32
3,dense_first,5,0.303598016500473,32
3,dense_first,6,0.2856423854827881,32
3,dense_first,7,0.26355865597724915,32
3,dense_first,8,0.23294666409492493,32
3,dense_first,9,0.24013030529022217,32
3,dense_first,10,0.23296314477920532,32
3,b0_first,1,0.4123852252960205,32
3,b0_first,2,0.3918781876564026,32
3,b0_first,3,0.3692743182182312,32
3,b0_first,4,0.3495371341705322,32
3,b0_first,5,0.33758726716041565,32
3,b0_first,6,0.33082693815231323,32
3,b0_first,7,0.32303810119628906,32
3,b0_first,8,0.31505897641181946,32
3,b0_first,9,0.3087565302848816,32
3,b0_first,10,0.3073830306529999,32
3,oracle_first,1,0.07140554487705231,32
3,oracle_first,2,0.14367154240608215,32
3,oracle_first,3,0.1666172742843628,32
3,oracle_first,4,0.17344225943088531,32
3,oracle_first,5,0.1822066605091095,32
3,oracle_first,6,0.19325625896453857,32
3,oracle_first,7,0.18010824918746948,32
3,oracle_first,8,0.15970905125141144,32
3,oracle_first,9,0.17423997819423676,32
3,oracle_first,10,0.17816060781478882,32
4,dense_first,1,1.8239800930023193,32
4,dense_first,2,1.141862154006958,32
4,dense_first,3,0.804388165473938,32
4,dense_first,4,0.6913063526153564,32
4,dense_first,5,0.6374088525772095,32
4,dense_first,6,0.5983155965805054,32
4,dense_first,7,0.5758806467056274,32
4,dense_first,8,0.5384035706520081,32
4,dense_first,9,0.5391640663146973,32
4,dense_first,10,0.534093976020813,32
4,b0_first,1,0.42061561346054077,32
4,b0_first,2,0.405390202999115,32
4,b0_first,3,0.3694433569908142,32
4,b0_first,4,0.34811097383499146,32
4,b0_first,5,0.3335118293762207,32
4,b0_first,6,0.3329821527004242,32
4,b0_first,7,0.31860876083374023,32
4,b0_first,8,0.31419914960861206,32
4,b0_first,9,0.3133370876312256,32
4,b0_first,10,0.32881462574005127,32
4,oracle_first,1,0.19017374515533447,32
4,oracle_first,2,0.21545164287090302,32
4,oracle_first,3,0.25187280774116516,32
4,oracle_first,4,0.26670441031455994,32
4,oracle_first,5,0.290713369846344,32
4,oracle_first,6,0.2908840775489807,32
4,oracle_first,7,0.30029749870300293,32
4,oracle_first,8,0.3049217462539673,32
4,oracle_first,9,0.31446874141693115,32
4,oracle_first,10,0.343211829662323,32
5,dense_first,1,0.4631429612636566,32
5,dense_first,2,0.28747135400772095,32
5,dense_first,3,0.2141612321138382,32
5,dense_first,4,0.16699731349945068,32
5,dense_first,5,0.12917932868003845,32
5,dense_first,6,0.12184645235538483,32
5,dense_first,7,0.11607719957828522,32
5,dense_first,8,0.11040300875902176,32
5,dense_first,9,0.10092592239379883,32
5,dense_first,10,0.09564728289842606,32
5,b0_first,1,0.1031508594751358,32
5,b0_first,2,0.09845034033060074,32
5,b0_first,3,0.09083056449890137,32
5,b0_first,4,0.0850052461028099,32
5,b0_first,5,0.08076569437980652,32
5,b0_first,6,0.07647819072008133,32
5,b0_first,7,0.07365243881940842,32
5,b0_first,8,0.0712752416729927,32
5,b0_first,9,0.07039688527584076,32
5,b0_first,10,0.06717891246080399,32
5,oracle_first,1,0.01743226870894432,32
5,oracle_first,2,0.021290915086865425,32
5,oracle_first,3,0.025631031021475792,32
5,oracle_first,4,0.03167467564344406,32
5,oracle_first,5,0.03251642733812332,32
5,oracle_first,6,0.033280014991760254,32
5,oracle_first,7,0.03239321708679199,32
5,oracle_first,8,0.034591127187013626,32
5,oracle_first,9,0.0353696309030056,32
5,oracle_first,10,0.03526823967695236,32
6,dense_first,1,0.20664390921592712,32
6,dense_first,2,0.18619155883789062,32
6,dense_first,3,0.17662125825881958,32
6,dense_first,4,0.1511000692844391,32
6,dense_first,5,0.1351412832736969,32
6,dense_first,6,0.1214805543422699,32
6,dense_first,7,0.10627366602420807,32
6,dense_first,8,0.08924455940723419,32
6,dense_first,9,0.08335520327091217,32
6,dense_first,10,0.08216376602649689,32
6,b0_first,1,0.1935906708240509,32
6,b0_first,2,0.16886961460113525,32
6,b0_first,3,0.14731615781784058,32
6,b0_first,4,0.13024653494358063,32
6,b0_first,5,0.11787835508584976,32
6,b0_first,6,0.10136555135250092,32
6,b0_first,7,0.08848398923873901,32
6,b0_first,8,0.08109237998723984,32
6,b0_first,9,0.07301456481218338,32
6,b0_first,10,0.06660040467977524,32
6,oracle_first,1,0.014172689989209175,32
6,oracle_first,2,0.03757164254784584,32
6,oracle_first,3,0.048392705619335175,32
6,oracle_first,4,0.055633269250392914,32
6,oracle_first,5,0.05382492393255234,32
6,oracle_first,6,0.05467633903026581,32
6,oracle_first,7,0.05296337977051735,32
6,oracle_first,8,0.05052582547068596,32
6,oracle_first,9,0.047407783567905426,32
6,oracle_first,10,0.04684779420495033,32
0,dense_first,1,2.60555362701416,32
0,dense_first,2,2.0185022354125977,32
0,dense_first,3,1.8393127918243408,32
0,dense_first,4,1.7429585456848145,32
0,dense_first,5,1.7547106742858887,32
0,dense_first,6,1.6599204540252686,32
0,dense_first,7,1.5358484983444214,32
0,dense_first,8,1.521385669708252,32
0,dense_first,9,1.505262851715088,32
0,dense_first,10,1.50996732711792,32
0,b0_first,1,1.8784297704696655,32
0,b0_first,2,1.7452456951141357,32
0,b0_first,3,1.6359633207321167,32
0,b0_first,4,1.5888421535491943,32
0,b0_first,5,1.5707287788391113,32
0,b0_first,6,1.5553159713745117,32
0,b0_first,7,1.5442605018615723,32
0,b0_first,8,1.5354282855987549,32
0,b0_first,9,1.4932807683944702,32
0,b0_first,10,1.498993158340454,32
0,oracle_first,1,0.8178225755691528,32
0,oracle_first,2,1.196075201034546,32
0,oracle_first,3,1.2887482643127441,32
0,oracle_first,4,1.3285484313964844,32
0,oracle_first,5,1.3415580987930298,32
0,oracle_first,6,1.3862429857254028,32
0,oracle_first,7,1.380270004272461,32
0,oracle_first,8,1.377207636833191,32
0,oracle_first,9,1.3862890005111694,32
0,oracle_first,10,1.3982025384902954,32
1,dense_first,1,0.46802961826324463,32
1,dense_first,2,0.3631155490875244,32
1,dense_first,3,0.3284603953361511,32
1,dense_first,4,0.2697591781616211,32
1,dense_first,5,0.2640816271305084,32
1,dense_first,6,0.24681232869625092,32
1,dense_first,7,0.2389146238565445,32
1,dense_first,8,0.23515495657920837,32
1,dense_first,9,0.23345822095870972,32
1,dense_first,10,0.21536435186862946,32
1,b0_first,1,0.44155561923980713,32
1,b0_first,2,0.40421533584594727,32
1,b0_first,3,0.35496050119400024,32
1,b0_first,4,0.3240657448768616,32
1,b0_first,5,0.3045957088470459,32
1,b0_first,6,0.29762178659439087,32
1,b0_first,7,0.2740442454814911,32
1,b0_first,8,0.27132758498191833,32
1,b0_first,9,0.26263687014579773,32
1,b0_first,10,0.25827401876449585,32
1,oracle_first,1,0.06178458407521248,32
1,oracle_first,2,0.11209613084793091,32
1,oracle_first,3,0.12148822844028473,32
1,oracle_first,4,0.13279429078102112,32
1,oracle_first,5,0.13067671656608582,32
1,oracle_first,6,0.1400967240333557,32
1,oracle_first,7,0.14234602451324463,32
1,oracle_first,8,0.1416756957769394,32
1,oracle_first,9,0.14603105187416077,32
1,oracle_first,10,0.15064026415348053,32
2,dense_first,1,2.4748876094818115,32
2,dense_first,2,1.9583486318588257,32
2,dense_first,3,1.7632660865783691,32
2,dense_first,4,1.6864668130874634,32
2,dense_first,5,1.6646043062210083,32
2,dense_first,6,1.5990371704101562,32
2,dense_first,7,1.5736229419708252,32
2,dense_first,8,1.5333210229873657,32
2,dense_first,9,1.5388195514678955,32
2,dense_first,10,1.5266809463500977,32
2,b0_first,1,1.7469491958618164,32
2,b0_first,2,1.6290043592453003,32
2,b0_first,3,1.6323184967041016,32
2,b0_first,4,1.6154929399490356,32
2,b0_first,5,1.5687456130981445,32
2,b0_first,6,1.5570125579833984,32
2,b0_first,7,1.5201473236083984,32
2,b0_first,8,1.5331858396530151,32
2,b0_first,9,1.517376184463501,32
2,b0_first,10,1.4796850681304932,32
2,oracle_first,1,0.6853708028793335,32
2,oracle_first,2,1.196172833442688,32
2,oracle_first,3,1.2351759672164917,32
2,oracle_first,4,1.2726857662200928,32
2,oracle_first,5,1.3076653480529785,32
2,oracle_first,6,1.3405430316925049,32
2,oracle_first,7,1.3583040237426758,32
2,oracle_first,8,1.3755874633789062,32
2,oracle_first,9,1.3830313682556152,32
2,oracle_first,10,1.3811500072479248,32
3,dense_first,1,0.5069882869720459,32
3,dense_first,2,0.46498599648475647,32
3,dense_first,3,0.3785470128059387,32
3,dense_first,4,0.30112215876579285,32
3,dense_first,5,0.2382185161113739,32
3,dense_first,6,0.2081085741519928,32
3,dense_first,7,0.1709498018026352,32
3,dense_first,8,0.15416066348552704,32
3,dense_first,9,0.1446734517812729,32
3,dense_first,10,0.15263089537620544,32
3,b0_first,1,0.2895170748233795,32
3,b0_first,2,0.26307663321495056,32
3,b0_first,3,0.24882811307907104,32
3,b0_first,4,0.22741486132144928,32
3,b0_first,5,0.21884052455425262,32
3,b0_first,6,0.20714209973812103,32
3,b0_first,7,0.2021215558052063,32
3,b0_first,8,0.1965431272983551,32
3,b0_first,9,0.18659742176532745,32
3,b0_first,10,0.17873671650886536,32
3,oracle_first,1,0.03940343111753464,32
3,oracle_first,2,0.0990997701883316,32
3,oracle_first,3,0.11932298541069031,32
3,oracle_first,4,0.12945210933685303,32
3,oracle_first,5,0.12841184437274933,32
3,oracle_first,6,0.1157616674900055,32
3,oracle_first,7,0.11696214228868484,32
3,oracle_first,8,0.11637699604034424,32
3,oracle_first,9,0.10725875943899155,32
3,oracle_first,10,0.10239888727664948,32
4,dense_first,1,2.145230770111084,32
4,dense_first,2,1.3264613151550293,32
4,dense_first,3,0.997549831867218,32
4,dense_first,4,0.9025660157203674,32
4,dense_first,5,0.7640500068664551,32
4,dense_first,6,0.6732211709022522,32
4,dense_first,7,0.5825701355934143,32
4,dense_first,8,0.5730189085006714,32
4,dense_first,9,0.5377463102340698,32
4,dense_first,10,0.5101591348648071,32
4,b0_first,1,0.591062068939209,32
4,b0_first,2,0.5618338584899902,32
4,b0_first,3,0.5182781219482422,32
4,b0_first,4,0.4853484630584717,32
4,b0_first,5,0.4698556363582611,32
4,b0_first,6,0.4536590874195099,32
4,b0_first,7,0.4424669146537781,32
4,b0_first,8,0.4113229513168335,32
4,b0_first,9,0.39548245072364807,32
4,b0_first,10,0.39273011684417725,32
4,oracle_first,1,0.2550768256187439,32
4,oracle_first,2,0.29174622893333435,32
4,oracle_first,3,0.3202481269836426,32
4,oracle_first,4,0.3298838436603546,32
4,oracle_first,5,0.333010733127594,32
4,oracle_first,6,0.3337801396846771,32
4,oracle_first,7,0.33495959639549255,32
4,oracle_first,8,0.33259496092796326,32
4,oracle_first,9,0.3295743763446808,32
4,oracle_first,10,0.3313431739807129,32
5,dense_first,1,0.3706362247467041,32
5,dense_first,2,0.2541046440601349,32
5,dense_first,3,0.18504580855369568,32
5,dense_first,4,0.1567247062921524,32
5,dense_first,5,0.14291632175445557,32
5,dense_first,6,0.12561775743961334,32
5,dense_first,7,0.10745811462402344,32
5,dense_first,8,0.09146173298358917,32
5,dense_first,9,0.08565904200077057,32
5,dense_first,10,0.07947764545679092,32
5,b0_first,1,0.16555644571781158,32
5,b0_first,2,0.1540418118238449,32
5,b0_first,3,0.13901911675930023,32
5,b0_first,4,0.12642371654510498,32
5,b0_first,5,0.11495531350374222,32
5,b0_first,6,0.10830037295818329,32
5,b0_first,7,0.1032503992319107,32
5,b0_first,8,0.09940659999847412,32
5,b0_first,9,0.09394222497940063,32
5,b0_first,10,0.09048710763454437,32
5,oracle_first,1,0.014414537698030472,32
5,oracle_first,2,0.019410450011491776,32
5,oracle_first,3,0.021662788465619087,32
5,oracle_first,4,0.02295765094459057,32
5,oracle_first,5,0.024148743599653244,32
5,oracle_first,6,0.02657022885978222,32
5,oracle_first,7,0.02729625068604946,32
5,oracle_first,8,0.029484178870916367,32
5,oracle_first,9,0.028332509100437164,32
5,oracle_first,10,0.02996342070400715,32
6,dense_first,1,0.29369860887527466,32
6,dense_first,2,0.2683614194393158,32
6,dense_first,3,0.2594396471977234,32
6,dense_first,4,0.22390107810497284,32
6,dense_first,5,0.19023901224136353,32
6,dense_first,6,0.17244742810726166,32
6,dense_first,7,0.1493881344795227,32
6,dense_first,8,0.12789766490459442,32
6,dense_first,9,0.1165643185377121,32
6,dense_first,10,0.11109644919633865,32
6,b0_first,1,0.2428833544254303,32
6,b0_first,2,0.1706848293542862,32
6,b0_first,3,0.1263173520565033,32
6,b0_first,4,0.11363580077886581,32
6,b0_first,5,0.10609620809555054,32
6,b0_first,6,0.10149748623371124,32
6,b0_first,7,0.09514054656028748,32
6,b0_first,8,0.09354729950428009,32
6,b0_first,9,0.08963027596473694,32
6,b0_first,10,0.08211649954319,32
6,oracle_first,1,0.01707511395215988,32
6,oracle_first,2,0.0322783999145031,32
6,oracle_first,3,0.04012349992990494,32
6,oracle_first,4,0.039051320403814316,32
6,oracle_first,5,0.04160255193710327,32
6,oracle_first,6,0.04160952568054199,32
6,oracle_first,7,0.041662249714136124,32
6,oracle_first,8,0.043912045657634735,32
6,oracle_first,9,0.04533658176660538,32
6,oracle_first,10,0.04425404220819473,32
0,dense_first,1,2.2462635040283203,32
0,dense_first,2,1.8018360137939453,32
0,dense_first,3,1.716549277305603,32
0,dense_first,4,1.6737949848175049,32
0,dense_first,5,1.6387460231781006,32
0,dense_first,6,1.4207375049591064,32
0,dense_first,7,1.429524540901184,32
0,dense_first,8,1.3735933303833008,32
0,dense_first,9,1.3862295150756836,32
0,dense_first,10,1.3784990310668945,32
0,b0_first,1,1.5201327800750732,32
0,b0_first,2,1.5359373092651367,32
0,b0_first,3,1.4710239171981812,32
0,b0_first,4,1.442925214767456,32
0,b0_first,5,1.4195733070373535,32
0,b0_first,6,1.3571250438690186,32
0,b0_first,7,1.3402702808380127,32
0,b0_first,8,1.3228874206542969,32
0,b0_first,9,1.3459367752075195,32
0,b0_first,10,1.3392047882080078,32
0,oracle_first,1,0.7857340574264526,32
0,oracle_first,2,1.234602451324463,32
0,oracle_first,3,1.2636191844940186,32
0,oracle_first,4,1.2459737062454224,32
0,oracle_first,5,1.214927315711975,32
0,oracle_first,6,1.2232811450958252,32
0,oracle_first,7,1.2459509372711182,32
0,oracle_first,8,1.236104965209961,32
0,oracle_first,9,1.2625198364257812,32
0,oracle_first,10,1.2809677124023438,32
1,dense_first,1,0.472746878862381,32
1,dense_first,2,0.37512752413749695,32
1,dense_first,3,0.2952994704246521,32
1,dense_first,4,0.2819625735282898,32
1,dense_first,5,0.2567838430404663,32
1,dense_first,6,0.22681301832199097,32
1,dense_first,7,0.21447475254535675,32
1,dense_first,8,0.20588120818138123,32
1,dense_first,9,0.20309123396873474,32
1,dense_first,10,0.19439564645290375,32
1,b0_first,1,0.18289005756378174,32
1,b0_first,2,0.15419650077819824,32
1,b0_first,3,0.1405278742313385,32
1,b0_first,4,0.14137159287929535,32
1,b0_first,5,0.13324183225631714,32
1,b0_first,6,0.12885722517967224,32
1,b0_first,7,0.1270204484462738,32
1,b0_first,8,0.12630748748779297,32
1,b0_first,9,0.12269645184278488,32
1,b0_first,10,0.12133054435253143,32
1,oracle_first,1,0.04260475933551788,32
1,oracle_first,2,0.06368101388216019,32
1,oracle_first,3,0.08703185617923737,32
1,oracle_first,4,0.09680648148059845,32
1,oracle_first,5,0.09420013427734375,32
1,oracle_first,6,0.09406811743974686,32
1,oracle_first,7,0.0949309766292572,32
1,oracle_first,8,0.09518014639616013,32
1,oracle_first,9,0.09863356500864029,32
1,oracle_first,10,0.10139386355876923,32
2,dense_first,1,2.019381046295166,32
2,dense_first,2,1.662912368774414,32
2,dense_first,3,1.5567233562469482,32
2,dense_first,4,1.4673854112625122,32
2,dense_first,5,1.3250632286071777,32
2,dense_first,6,1.2917340993881226,32
2,dense_first,7,1.3198463916778564,32
2,dense_first,8,1.3030128479003906,32
2,dense_first,9,1.310914158821106,32
2,dense_first,10,1.2820050716400146,32
2,b0_first,1,1.372891902923584,32
2,b0_first,2,1.315774917602539,32
2,b0_first,3,1.2807133197784424,32
2,b0_first,4,1.2866694927215576,32
2,b0_first,5,1.3039041757583618,32
2,b0_first,6,1.2821438312530518,32
2,b0_first,7,1.237577199935913,32
2,b0_first,8,1.2459197044372559,32
2,b0_first,9,1.2500861883163452,32
2,b0_first,10,1.253300666809082,32
2,oracle_first,1,0.6729311943054199,32
2,oracle_first,2,0.9441019892692566,32
2,oracle_first,3,1.1561658382415771,32
2,oracle_first,4,1.1469964981079102,32
2,oracle_first,5,1.1719911098480225,32
2,oracle_first,6,1.1357886791229248,32
2,oracle_first,7,1.1384278535842896,32
2,oracle_first,8,1.1170246601104736,32
2,oracle_first,9,1.130759835243225,32
2,oracle_first,10,1.15021550655365,32
3,dense_first,1,0.3443025052547455,32
3,dense_first,2,0.3473223149776459,32
3,dense_first,3,0.34884440898895264,32
3,dense_first,4,0.32015129923820496,32
3,dense_first,5,0.2346300184726715,32
3,dense_first,6,0.18834087252616882,32
3,dense_first,7,0.1845221221446991,32
3,dense_first,8,0.1799846887588501,32
3,dense_first,9,0.16231191158294678,32
3,dense_first,10,0.1496206670999527,32
3,b0_first,1,0.13442078232765198,32
3,b0_first,2,0.1294972002506256,32
3,b0_first,3,0.12329687178134918,32
3,b0_first,4,0.11675108224153519,32
3,b0_first,5,0.11033470928668976,32
3,b0_first,6,0.10615618526935577,32
3,b0_first,7,0.10093364119529724,32
3,b0_first,8,0.09784787893295288,32
3,b0_first,9,0.09858989715576172,32
3,b0_first,10,0.09540385007858276,32
3,oracle_first,1,0.02755112387239933,32
3,oracle_first,2,0.03409591317176819,32
3,oracle_first,3,0.045216355472803116,32
3,oracle_first,4,0.07251730561256409,32
3,oracle_first,5,0.07952909171581268,32
3,oracle_first,6,0.07533937692642212,32
3,oracle_first,7,0.07329574227333069,32
3,oracle_first,8,0.06791771203279495,32
3,oracle_first,9,0.07439057528972626,32
3,oracle_first,10,0.07340188324451447,32
4,dense_first,1,2.09509539604187,32
4,dense_first,2,1.1779565811157227,32
4,dense_first,3,1.1667120456695557,32
4,dense_first,4,0.946672260761261,32
4,dense_first,5,0.8798987865447998,32
4,dense_first,6,0.8072099685668945,32
4,dense_first,7,0.7099828720092773,32
4,dense_first,8,0.6258655190467834,32
4,dense_first,9,0.5959912538528442,32
4,dense_first,10,0.5623143911361694,32
4,b0_first,1,0.776185154914856,32
4,b0_first,2,0.7544533610343933,32
4,b0_first,3,0.6552349328994751,32
4,b0_first,4,0.6352453827857971,32
4,b0_first,5,0.6104980707168579,32
4,b0_first,6,0.5932260751724243,32
4,b0_first,7,0.5745439529418945,32
4,b0_first,8,0.529984712600708,32
4,b0_first,9,0.5163896083831787,32
4,b0_first,10,0.5029069185256958,32
4,oracle_first,1,0.2572729289531708,32
4,oracle_first,2,0.2836258113384247,32
4,oracle_first,3,0.30763959884643555,32
4,oracle_first,4,0.32548558712005615,32
4,oracle_first,5,0.3740256726741791,32
4,oracle_first,6,0.3780452609062195,32
4,oracle_first,7,0.38482505083084106,32
4,oracle_first,8,0.38385018706321716,32
4,oracle_first,9,0.3703291714191437,32
4,oracle_first,10,0.37252187728881836,32
5,dense_first,1,0.3176197409629822,32
5,dense_first,2,0.1672692894935608,32
5,dense_first,3,0.1406058669090271,32
5,dense_first,4,0.11123603582382202,32
5,dense_first,5,0.08977590501308441,32
5,dense_first,6,0.080375537276268,32
5,dense_first,7,0.07028906047344208,32
5,dense_first,8,0.06481406092643738,32
5,dense_first,9,0.059330396354198456,32
5,dense_first,10,0.058525506407022476,32
5,b0_first,1,0.10071247816085815,32
5,b0_first,2,0.09361737221479416,32
5,b0_first,3,0.08504378795623779,32
5,b0_first,4,0.07748809456825256,32
5,b0_first,5,0.07014806568622589,32
5,b0_first,6,0.06296800822019577,32
5,b0_first,7,0.05977099761366844,32
5,b0_first,8,0.05839695781469345,32
5,b0_first,9,0.055065009742975235,32
5,b0_first,10,0.054590336978435516,32
5,oracle_first,1,0.006609669886529446,32
5,oracle_first,2,0.01032518595457077,32
5,oracle_first,3,0.011618126183748245,32
5,oracle_first,4,0.015457138419151306,32
5,oracle_first,5,0.016892731189727783,32
5,oracle_first,6,0.017096608877182007,32
5,oracle_first,7,0.017095476388931274,32
5,oracle_first,8,0.01741999387741089,32
5,oracle_first,9,0.01899239793419838,32
5,oracle_first,10,0.019861243665218353,32
6,dense_first,1,0.22345507144927979,32
6,dense_first,2,0.19122421741485596,32
6,dense_first,3,0.15624135732650757,32
6,dense_first,4,0.12302355468273163,32
6,dense_first,5,0.10984589159488678,32
6,dense_first,6,0.09664426743984222,32
6,dense_first,7,0.09177050739526749,32
6,dense_first,8,0.07461308687925339,32
6,dense_first,9,0.06888745725154877,32
6,dense_first,10,0.06297112256288528,32
6,b0_first,1,0.12042511999607086,32
6,b0_first,2,0.10277295112609863,32
6,b0_first,3,0.08354498445987701,32
6,b0_first,4,0.07818393409252167,32
6,b0_first,5,0.07479631155729294,32
6,b0_first,6,0.07133311778306961,32
6,b0_first,7,0.07213835418224335,32
6,b0_first,8,0.06065310165286064,32
6,b0_first,9,0.05600529909133911,32
6,b0_first,10,0.053781189024448395,32
6,oracle_first,1,0.019274337217211723,32
6,oracle_first,2,0.020990604534745216,32
6,oracle_first,3,0.02747972309589386,32
6,oracle_first,4,0.0297435000538826,32
6,oracle_first,5,0.035086892545223236,32
6,oracle_first,6,0.0408923514187336,32
6,oracle_first,7,0.05019104480743408,32
6,oracle_first,8,0.04870356619358063,32
6,oracle_first,9,0.04825744032859802,32
6,oracle_first,10,0.04787244647741318,32
0,dense_first,1,1.8304741382598877,32
0,dense_first,2,1.4317293167114258,32
0,dense_first,3,1.3583688735961914,32
0,dense_first,4,1.3393208980560303,32
0,dense_first,5,1.3105740547180176,32
0,dense_first,6,1.2988626956939697,32
0,dense_first,7,1.286912202835083,32
0,dense_first,8,1.284383773803711,32
0,dense_first,9,1.2722783088684082,32
0,dense_first,10,1.2752268314361572,32
0,b0_first,1,1.6488523483276367,32
0,b0_first,2,1.4982411861419678,32
0,b0_first,3,1.4307007789611816,32
0,b0_first,4,1.401469111442566,32
0,b0_first,5,1.3584697246551514,32
0,b0_first,6,1.332027792930603,32
0,b0_first,7,1.3310785293579102,32
0,b0_first,8,1.29240083694458,32
0,b0_first,9,1.2900683879852295,32
0,b0_first,10,1.2828426361083984,32
0,oracle_first,1,0.6844949722290039,32
0,oracle_first,2,1.155630350112915,32
0,oracle_first,3,1.3454463481903076,32
0,oracle_first,4,1.2461103200912476,32
0,oracle_first,5,1.2408454418182373,32
0,oracle_first,6,1.254911184310913,32
0,oracle_first,7,1.2648298740386963,32
0,oracle_first,8,1.2229998111724854,32
0,oracle_first,9,1.2254176139831543,32
0,oracle_first,10,1.245741605758667,32
1,dense_first,1,0.4966292679309845,32
1,dense_first,2,0.3848543167114258,32
1,dense_first,3,0.28274184465408325,32
1,dense_first,4,0.2444007396697998,32
1,dense_first,5,0.21718144416809082,32
1,dense_first,6,0.20082761347293854,32
1,dense_first,7,0.18984586000442505,32
1,dense_first,8,0.1691858470439911,32
1,dense_first,9,0.17051485180854797,32
1,dense_first,10,0.15693968534469604,32
1,b0_first,1,0.10522633790969849,32
1,b0_first,2,0.10292206704616547,32
1,b0_first,3,0.09906897693872452,32
1,b0_first,4,0.09304472804069519,32
1,b0_first,5,0.0868871659040451,32
1,b0_first,6,0.08572772890329361,32
1,b0_first,7,0.08384409546852112,32
1,b0_first,8,0.08229328691959381,32
1,b0_first,9,0.08132654428482056,32
1,b0_first,10,0.07847245037555695,32
1,oracle_first,1,0.044257234781980515,32
1,oracle_first,2,0.045112866908311844,32
1,oracle_first,3,0.048577457666397095,32
1,oracle_first,4,0.04986915737390518,32
1,oracle_first,5,0.04869756102561951,32
1,oracle_first,6,0.049202725291252136,32
1,oracle_first,7,0.04933074116706848,32
1,oracle_first,8,0.0497349351644516,32
1,oracle_first,9,0.049146708101034164,32
1,oracle_first,10,0.04970155656337738,32
2,dense_first,1,1.9859379529953003,32
2,dense_first,2,1.537773609161377,32
2,dense_first,3,1.3180737495422363,32
2,dense_first,4,1.3154739141464233,32
2,dense_first,5,1.2439570426940918,32
2,dense_first,6,1.2188513278961182,32
2,dense_first,7,1.2195219993591309,32
2,dense_first,8,1.2337486743927002,32
2,dense_first,9,1.2488396167755127,32
2,dense_first,10,1.2320101261138916,32
2,b0_first,1,1.5715501308441162,32
2,b0_first,2,1.3952760696411133,32
2,b0_first,3,1.3557578325271606,32
2,b0_first,4,1.3458499908447266,32
2,b0_first,5,1.3040720224380493,32
2,b0_first,6,1.2620251178741455,32
2,b0_first,7,1.251526117324829,32
2,b0_first,8,1.2595040798187256,32
2,b0_first,9,1.2691361904144287,32
2,b0_first,10,1.2468273639678955,32
2,oracle_first,1,0.5971808433532715,32
2,oracle_first,2,1.1203362941741943,32
2,oracle_first,3,1.4184215068817139,32
2,oracle_first,4,1.3439078330993652,32
2,oracle_first,5,1.2336002588272095,32
2,oracle_first,6,1.19075608253479,32
2,oracle_first,7,1.2241703271865845,32
2,oracle_first,8,1.206864595413208,32
2,oracle_first,9,1.2433418035507202,32
2,oracle_first,10,1.2400823831558228,32
3,dense_first,1,0.6201827526092529,32
3,dense_first,2,0.4961489140987396,32
3,dense_first,3,0.4363577961921692,32
3,dense_first,4,0.3017560839653015,32
3,dense_first,5,0.2551661729812622,32
3,dense_first,6,0.21333160996437073,32
3,dense_first,7,0.2195555716753006,32
3,dense_first,8,0.225882425904274,32
3,dense_first,9,0.19400256872177124,32
3,dense_first,10,0.1874653398990631,32
3,b0_first,1,0.08933259546756744,32
3,b0_first,2,0.0813763290643692,32
3,b0_first,3,0.07725780457258224,32
3,b0_first,4,0.0748036801815033,32
3,b0_first,5,0.07246556878089905,32
3,b0_first,6,0.07055823504924774,32
3,b0_first,7,0.06960111856460571,32
3,b0_first,8,0.07086369395256042,32
3,b0_first,9,0.06785121560096741,32
3,b0_first,10,0.06674423813819885,32
3,oracle_first,1,0.0262984037399292,32
3,oracle_first,2,0.027159644290804863,32
3,oracle_first,3,0.03283403813838959,32
3,oracle_first,4,0.05144158750772476,32
3,oracle_first,5,0.051515497267246246,32
3,oracle_first,6,0.05045660212635994,32
3,oracle_first,7,0.04549378156661987,32
3,oracle_first,8,0.052959490567445755,32
3,oracle_first,9,0.05403570085763931,32
3,oracle_first,10,0.05225547030568123,32
4,dense_first,1,1.9475393295288086,32
4,dense_first,2,1.164935827255249,32
4,dense_first,3,1.1966078281402588,32
4,dense_first,4,1.0412405729293823,32
4,dense_first,5,1.0003894567489624,32
4,dense_first,6,0.9329964518547058,32
4,dense_first,7,0.775445282459259,32
4,dense_first,8,0.6607182025909424,32
4,dense_first,9,0.6512243747711182,32
4,dense_first,10,0.6144495606422424,32
4,b0_first,1,0.6442464590072632,32
4,b0_first,2,0.6126027703285217,32
4,b0_first,3,0.54557204246521,32
4,b0_first,4,0.5425098538398743,32
4,b0_first,5,0.5135281085968018,32
4,b0_first,6,0.5004802942276001,32
4,b0_first,7,0.4894803464412689,32
4,b0_first,8,0.4862200617790222,32
4,b0_first,9,0.47263550758361816,32
4,b0_first,10,0.4731694459915161,32
4,oracle_first,1,0.2572100758552551,32
4,oracle_first,2,0.2958664000034332,32
4,oracle_first,3,0.33555716276168823,32
4,oracle_first,4,0.3533574938774109,32
4,oracle_first,5,0.38241004943847656,32
4,oracle_first,6,0.39101743698120117,32
4,oracle_first,7,0.3902859389781952,32
4,oracle_first,8,0.3970409035682678,32
4,oracle_first,9,0.39900463819503784,32
4,oracle_first,10,0.3981795310974121,32
5,dense_first,1,0.3434253931045532,32
5,dense_first,2,0.20676353573799133,32
5,dense_first,3,0.18077048659324646,32
5,dense_first,4,0.11607475578784943,32
5,dense_first,5,0.09086038917303085,32
5,dense_first,6,0.08242489397525787,32
5,dense_first,7,0.06851106137037277,32
5,dense_first,8,0.06346459686756134,32
5,dense_first,9,0.059644103050231934,32
5,dense_first,10,0.05701813846826553,32
5,b0_first,1,0.025660596787929535,32
5,b0_first,2,0.02469109557569027,32
5,b0_first,3,0.025421790778636932,32
5,b0_first,4,0.023625511676073074,32
5,b0_first,5,0.02338550239801407,32
5,b0_first,6,0.022193264216184616,32
5,b0_first,7,0.021654292941093445,32
5,b0_first,8,0.021203912794589996,32
5,b0_first,9,0.021410027518868446,32
5,b0_first,10,0.021259941160678864,32
5,oracle_first,1,0.007145054638385773,32
5,oracle_first,2,0.00836140476167202,32
5,oracle_first,3,0.010182254947721958,32
5,oracle_first,4,0.011641575023531914,32
5,oracle_first,5,0.012141557410359383,32
5,oracle_first,6,0.011981443502008915,32
5,oracle_first,7,0.012374481186270714,32
5,oracle_first,8,0.012667854316532612,32
5,oracle_first,9,0.013482858426868916,32
5,oracle_first,10,0.014201994054019451,32
6,dense_first,1,0.12176057696342468,32
6,dense_first,2,0.10198858380317688,32
6,dense_first,3,0.08338592201471329,32
6,dense_first,4,0.0756642073392868,32
6,dense_first,5,0.06702999770641327,32
6,dense_first,6,0.07056795060634613,32
6,dense_first,7,0.07860066741704941,32
6,dense_first,8,0.08077797293663025,32
6,dense_first,9,0.07658790051937103,32
6,dense_first,10,0.07386025786399841,32
6,b0_first,1,0.14771784842014313,32
6,b0_first,2,0.10899122804403305,32
6,b0_first,3,0.08805368840694427,32
6,b0_first,4,0.08468839526176453,32
6,b0_first,5,0.0917988196015358,32
6,b0_first,6,0.0886690765619278,32
6,b0_first,7,0.09327211230993271,32
6,b0_first,8,0.09222189337015152,32
6,b0_first,9,0.07796494662761688,32
6,b0_first,10,0.07638156414031982,32
6,oracle_first,1,0.020459270104765892,32
6,oracle_first,2,0.026973234489560127,32
6,oracle_first,3,0.027616826817393303,32
6,oracle_first,4,0.02852988988161087,32
6,oracle_first,5,0.04484519362449646,32
6,oracle_first,6,0.04273155331611633,32
6,oracle_first,7,0.050768785178661346,32
6,oracle_first,8,0.05422864109277725,32
6,oracle_first,9,0.05274203047156334,32
6,oracle_first,10,0.055798597633838654,32
0,dense_first,1,1.8466936349868774,32
0,dense_first,2,1.3542593717575073,32
0,dense_first,3,1.2249295711517334,32
0,dense_first,4,1.1716461181640625,32
0,dense_first,5,1.1528533697128296,32
0,dense_first,6,1.146728277206421,32
0,dense_first,7,1.1200954914093018,32
0,dense_first,8,1.0850721597671509,32
0,dense_first,9,1.0801852941513062,32
0,dense_first,10,1.0621333122253418,32
0,b0_first,1,1.1779778003692627,32
0,b0_first,2,1.108020305633545,32
0,b0_first,3,1.0627634525299072,32
0,b0_first,4,1.0267210006713867,32
0,b0_first,5,1.0192270278930664,32
0,b0_first,6,1.0241203308105469,32
0,b0_first,7,1.0241477489471436,32
0,b0_first,8,1.0106830596923828,32
0,b0_first,9,1.00058913230896,32
0,b0_first,10,0.9910949468612671,32
0,oracle_first,1,0.6399956941604614,32
0,oracle_first,2,0.9558699131011963,32
0,oracle_first,3,1.0850393772125244,32
0,oracle_first,4,1.009526252746582,32
0,oracle_first,5,1.0047767162322998,32
0,oracle_first,6,0.9992187023162842,32
0,oracle_first,7,1.0003865957260132,32
0,oracle_first,8,0.9947417974472046,32
0,oracle_first,9,1.0006459951400757,32
0,oracle_first,10,0.9913367629051208,32
1,dense_first,1,0.7808618545532227,32
1,dense_first,2,0.6616161465644836,32
1,dense_first,3,0.483442485332489,32
1,dense_first,4,0.4423968493938446,32
1,dense_first,5,0.3363906741142273,32
1,dense_first,6,0.26458796858787537,32
1,dense_first,7,0.24614845216274261,32
1,dense_first,8,0.24245235323905945,32
1,dense_first,9,0.19836509227752686,32
1,dense_first,10,0.17161819338798523,32
1,b0_first,1,0.07998940348625183,32
1,b0_first,2,0.07705134153366089,32
1,b0_first,3,0.07030049711465836,32
1,b0_first,4,0.07029890269041061,32
1,b0_first,5,0.0684499442577362,32
1,b0_first,6,0.0667220875620842,32
1,b0_first,7,0.06542259454727173,32
1,b0_first,8,0.06442953646183014,32
1,b0_first,9,0.06405410170555115,32
1,b0_first,10,0.06521753966808319,32
1,oracle_first,1,0.04283300042152405,32
1,oracle_first,2,0.043686751276254654,32
1,oracle_first,3,0.04477991908788681,32
1,oracle_first,4,0.04750649631023407,32
1,oracle_first,5,0.046565089374780655,32
1,oracle_first,6,0.045389797538518906,32
1,oracle_first,7,0.0462714284658432,32
1,oracle_first,8,0.04441303387284279,32
1,oracle_first,9,0.04493936523795128,32
1,oracle_first,10,0.046647727489471436,32
2,dense_first,1,2.331671714782715,32
2,dense_first,2,1.283165693283081,32
2,dense_first,3,1.1421456336975098,32
2,dense_first,4,1.0626850128173828,32
2,dense_first,5,1.072957158088684,32
2,dense_first,6,1.0444698333740234,32
2,dense_first,7,1.0292019844055176,32
2,dense_first,8,1.0182279348373413,32
2,dense_first,9,1.0162148475646973,32
2,dense_first,10,1.017443299293518,32
2,b0_first,1,1.1075668334960938,32
2,b0_first,2,1.022594690322876,32
2,b0_first,3,0.9582812786102295,32
2,b0_first,4,0.9553351402282715,32
2,b0_first,5,0.9505422115325928,32
2,b0_first,6,0.9615305662155151,32
2,b0_first,7,0.9681891202926636,32
2,b0_first,8,0.9649094343185425,32
2,b0_first,9,0.9549788236618042,32
2,b0_first,10,0.953094482421875,32
2,oracle_first,1,0.5668625235557556,32
2,oracle_first,2,0.8444470167160034,32
2,oracle_first,3,1.0052130222320557,32
2,oracle_first,4,0.9790722727775574,32
2,oracle_first,5,0.936056911945343,32
2,oracle_first,6,0.9467957615852356,32
2,oracle_first,7,0.9508895874023438,32
2,oracle_first,8,0.952774167060852,32
2,oracle_first,9,0.9623783826828003,32
2,oracle_first,10,0.9627473950386047,32
3,dense_first,1,0.7065637111663818,32
3,dense_first,2,0.5526267290115356,32
3,dense_first,3,0.46073275804519653,32
3,dense_first,4,0.3592836856842041,32
3,dense_first,5,0.3684370517730713,32
3,dense_first,6,0.36618369817733765,32
3,dense_first,7,0.3153086304664612,32
3,dense_first,8,0.2539467215538025,32
3,dense_first,9,0.2152923345565796,32
3,dense_first,10,0.19132675230503082,32
3,b0_first,1,0.05882110446691513,32
3,b0_first,2,0.055783819407224655,32
3,b0_first,3,0.05280347913503647,32
3,b0_first,4,0.05150953307747841,32
3,b0_first,5,0.05149748548865318,32
3,b0_first,6,0.05081531032919884,32
3,b0_first,7,0.05038243532180786,32
3,b0_first,8,0.0496966689825058,32
3,b0_first,9,0.04916682839393616,32
3,b0_first,10,0.04840948432683945,32
3,oracle_first,1,0.022939324378967285,32
3,oracle_first,2,0.026802659034729004,32
3,oracle_first,3,0.03990837186574936,32
3,oracle_first,4,0.041460298001766205,32
3,oracle_first,5,0.04937839135527611,32
3,oracle_first,6,0.04735072702169418,32
3,oracle_first,7,0.05301907658576965,32
3,oracle_first,8,0.04987601563334465,32
3,oracle_first,9,0.047514304518699646,32
3,oracle_first,10,0.04461806267499924,32
4,dense_first,1,2.28495454788208,32
4,dense_first,2,1.757770299911499,32
4,dense_first,3,1.1350826025009155,32
4,dense_first,4,0.9172141551971436,32
4,dense_first,5,0.7536338567733765,32
4,dense_first,6,0.7201724052429199,32
4,dense_first,7,0.6799130439758301,32
4,dense_first,8,0.6009835004806519,32
4,dense_first,9,0.5857322216033936,32
4,dense_first,10,0.5302095413208008,32
4,b0_first,1,0.5221928954124451,32
4,b0_first,2,0.5095803737640381,32
4,b0_first,3,0.46763646602630615,32
4,b0_first,4,0.45592790842056274,32
4,b0_first,5,0.4384654462337494,32
4,b0_first,6,0.42500969767570496,32
4,b0_first,7,0.4229472875595093,32
4,b0_first,8,0.40583503246307373,32
4,b0_first,9,0.39975929260253906,32
4,b0_first,10,0.3932718336582184,32
4,oracle_first,1,0.2916468381881714,32
4,oracle_first,2,0.29704731702804565,32
4,oracle_first,3,0.31090056896209717,32
4,oracle_first,4,0.3308521509170532,32
4,oracle_first,5,0.3447527289390564,32
4,oracle_first,6,0.336612343788147,32
4,oracle_first,7,0.3483664393424988,32
4,oracle_first,8,0.3502098321914673,32
4,oracle_first,9,0.35448235273361206,32
4,oracle_first,10,0.3498317003250122,32
5,dense_first,1,0.34377947449684143,32
5,dense_first,2,0.18664488196372986,32
5,dense_first,3,0.1358625292778015,32
5,dense_first,4,0.11351905763149261,32
5,dense_first,5,0.0937718003988266,32
5,dense_first,6,0.07762347906827927,32
5,dense_first,7,0.06869202107191086,32
5,dense_first,8,0.0661691278219223,32
5,dense_first,9,0.06468533724546432,32
5,dense_first,10,0.06302940100431442,32
5,b0_first,1,0.09002227336168289,32
5,b0_first,2,0.08936049044132233,32
5,b0_first,3,0.08420103788375854,32
5,b0_first,4,0.07835784554481506,32
5,b0_first,5,0.07131516933441162,32
5,b0_first,6,0.06794331967830658,32
5,b0_first,7,0.06553706526756287,32
5,b0_first,8,0.06297573447227478,32
5,b0_first,9,0.06110415235161781,32
5,b0_first,10,0.05949525535106659,32
5,oracle_first,1,0.008343924768269062,32
5,oracle_first,2,0.00959869846701622,32
5,oracle_first,3,0.01011741068214178,32
5,oracle_first,4,0.01023853663355112,32
5,oracle_first,5,0.010774723254144192,32
5,oracle_first,6,0.011512971483170986,32
5,oracle_first,7,0.011942807585000992,32
5,oracle_first,8,0.012023909017443657,32
5,oracle_first,9,0.012378166429698467,32
5,oracle_first,10,0.012934109196066856,32
6,dense_first,1,0.13108797371387482,32
6,dense_first,2,0.10804909467697144,32
6,dense_first,3,0.09141357243061066,32
6,dense_first,4,0.07073674350976944,32
6,dense_first,5,0.062104955315589905,32
6,dense_first,6,0.05582047998905182,32
6,dense_first,7,0.06150433421134949,32
6,dense_first,8,0.06247957795858383,32
6,dense_first,9,0.06910260021686554,32
6,dense_first,10,0.07388318330049515,32
6,b0_first,1,0.16702285408973694,32
6,b0_first,2,0.14180175960063934,32
6,b0_first,3,0.11918943375349045,32
6,b0_first,4,0.11334092915058136,32
6,b0_first,5,0.09975527226924896,32
6,b0_first,6,0.09133605659008026,32
6,b0_first,7,0.08609741926193237,32
6,b0_first,8,0.08142562210559845,32
6,b0_first,9,0.0794048011302948,32
6,b0_first,10,0.08207549154758453,32
6,oracle_first,1,0.020325161516666412,32
6,oracle_first,2,0.033257752656936646,32
6,oracle_first,3,0.034607719630002975,32
6,oracle_first,4,0.03743431717157364,32
6,oracle_first,5,0.04114371910691261,32
6,oracle_first,6,0.04377727583050728,32
6,oracle_first,7,0.046192340552806854,32
6,oracle_first,8,0.059721291065216064,32
6,oracle_first,9,0.06239284947514534,32
6,oracle_first,10,0.06731779128313065,32
0,dense_first,1,1.1125178337097168,1
0,dense_first,2,1.1057451963424683,1
0,dense_first,3,1.1003386974334717,1
0,dense_first,4,1.0657083988189697,1
0,dense_first,5,1.926424264907837,1
0,dense_first,6,1.79972243309021,1
0,dense_first,7,1.6047157049179077,1
0,dense_first,8,1.6036566495895386,1
0,dense_first,9,1.6033427715301514,1
0,dense_first,10,1.6030696630477905,1
0,b0_first,1,0.7367321848869324,1
0,b0_first,2,0.7343125343322754,1
0,b0_first,3,0.7325721979141235,1
0,b0_first,4,0.7320226430892944,1
0,b0_first,5,0.7251113653182983,1
0,b0_first,6,0.7941999435424805,1
0,b0_first,7,0.7934572696685791,1
0,b0_first,8,0.7958504557609558,1
0,b0_first,9,0.7958046197891235,1
0,b0_first,10,0.7958015203475952,1
0,oracle_first,1,0.5035850405693054,1
0,oracle_first,2,0.5088330507278442,1
0,oracle_first,3,0.5123741626739502,1
0,oracle_first,4,0.514045238494873,1
0,oracle_first,5,0.5278729200363159,1
0,oracle_first,6,0.6059502959251404,1
0,oracle_first,7,0.6116170883178711,1
0,oracle_first,8,0.6401557326316833,1
0,oracle_first,9,0.6402908563613892,1
0,oracle_first,10,0.6403973698616028,1
1,dense_first,1,0.8242505788803101,1
1,dense_first,2,0.7187258005142212,1
1,dense_first,3,0.656708836555481,1
1,dense_first,4,0.37708529829978943,1
1,dense_first,5,0.352522611618042,1
1,dense_first,6,0.2963874340057373,1
1,dense_first,7,0.2934502363204956,1
1,dense_first,8,0.27125614881515503,1
1,dense_first,9,0.2272884100675583,1
1,dense_first,10,0.14747320115566254,1
1,b0_first,1,0.06292792409658432,1
1,b0_first,2,0.06426379084587097,1
1,b0_first,3,0.06437601149082184,1
1,b0_first,4,0.06300118565559387,1
1,b0_first,5,0.06276264041662216,1
1,b0_first,6,0.06273718178272247,1
1,b0_first,7,0.06210194528102875,1
1,b0_first,8,0.06161784753203392,1
1,b0_first,9,0.059474777430295944,1
1,b0_first,10,0.05554495379328728,1
1,oracle_first,1,0.037549130618572235,1
1,oracle_first,2,0.037524331361055374,1
1,oracle_first,3,0.03721189498901367,1
1,oracle_first,4,0.03719307854771614,1
1,oracle_first,5,0.03723186254501343,1
1,oracle_first,6,0.037233687937259674,1
1,oracle_first,7,0.03716012090444565,1
1,oracle_first,8,0.03685016557574272,1
1,oracle_first,9,0.037268415093421936,1
1,oracle_first,10,0.03709321469068527,1
2,dense_first,1,1.7783417701721191,1
2,dense_first,2,1.7563408613204956,1
2,dense_first,3,1.7558867931365967,1
2,dense_first,4,1.6443393230438232,1
2,dense_first,5,1.6955583095550537,1
2,dense_first,6,1.697130560874939,1
2,dense_first,7,1.7369364500045776,1
2,dense_first,8,1.6790680885314941,1
2,dense_first,9,1.6789579391479492,1
2,dense_first,10,1.7398346662521362,1
2,b0_first,1,0.6893622875213623,1
2,b0_first,2,0.7547410726547241,1
2,b0_first,3,0.7758099436759949,1
2,b0_first,4,0.775793731212616,1
2,b0_first,5,0.9142541885375977,1
2,b0_first,6,0.9250855445861816,1
2,b0_first,7,0.9246500730514526,1
2,b0_first,8,0.9259762763977051,1
2,b0_first,9,0.9324954748153687,1
2,b0_first,10,0.9311919212341309,1
2,oracle_first,1,0.4437960982322693,1
2,oracle_first,2,0.6512624025344849,1
2,oracle_first,3,0.6784486770629883,1
2,oracle_first,4,0.6785323023796082,1
2,oracle_first,5,0.9477149248123169,1
2,oracle_first,6,0.9481169581413269,1
2,oracle_first,7,0.9549095034599304,1
2,oracle_first,8,0.9573827981948853,1
2,oracle_first,9,0.9694082140922546,1
2,oracle_first,10,0.9681333303451538,1
3,dense_first,1,0.28524336218833923,1
3,dense_first,2,0.20018017292022705,1
3,dense_first,3,0.19059304893016815,1
3,dense_first,4,0.16935770213603973,1
3,dense_first,5,0.09981413185596466,1
3,dense_first,6,0.09317182004451752,1
3,dense_first,7,0.08542869985103607,1
3,dense_first,8,0.0852455422282219,1
3,dense_first,9,0.09335392713546753,1
3,dense_first,10,0.08492022752761841,1
3,b0_first,1,0.05337100476026535,1
3,b0_first,2,0.05329938977956772,1
3,b0_first,3,0.05313016101717949,1
3,b0_first,4,0.04907899722456932,1
3,b0_first,5,0.04802685230970383,1
3,b0_first,6,0.0452582985162735,1
3,b0_first,7,0.043910712003707886,1
3,b0_first,8,0.04380514472723007,1
3,b0_first,9,0.04354707524180412,1
3,b0_first,10,0.04059034213423729,1
3,oracle_first,1,0.01815728098154068,1
3,oracle_first,2,0.01827390119433403,1
3,oracle_first,3,0.018243489786982536,1
3,oracle_first,4,0.01640980690717697,1
3,oracle_first,5,0.01617724448442459,1
3,oracle_first,6,0.016342556104063988,1
3,oracle_first,7,0.016795966774225235,1
3,oracle_first,8,0.016992513090372086,1
3,oracle_first,9,0.02089078724384308,1
3,oracle_first,10,0.018703730776906013,1
4,dense_first,1,0.3513968884944916,1
4,dense_first,2,0.21735429763793945,1
4,dense_first,3,0.23013266921043396,1
4,dense_first,4,0.20482668280601501,1
4,dense_first,5,0.23122403025627136,1
4,dense_first,6,0.23119740188121796,1
4,dense_first,7,0.22238275408744812,1
4,dense_first,8,0.2222612351179123,1
4,dense_first,9,0.22240667045116425,1
4,dense_first,10,0.22194282710552216,1
4,b0_first,1,0.3853777348995209,1
4,b0_first,2,0.30281171202659607,1
4,b0_first,3,0.23013268411159515,1
4,b0_first,4,0.20482668280601501,1
4,b0_first,5,0.23122403025627136,1
4,b0_first,6,0.23119740188121796,1
4,b0_first,7,0.22238275408744812,1
4,b0_first,8,0.2222612351179123,1
4,b0_first,9,0.22240667045116425,1
4,b0_first,10,0.22194281220436096,1
4,oracle_first,1,0.28456687927246094,1
4,oracle_first,2,0.23810991644859314,1
4,oracle_first,3,0.17817449569702148,1
4,oracle_first,4,0.20659582316875458,1
4,oracle_first,5,0.19208720326423645,1
4,oracle_first,6,0.19209465384483337,1
4,oracle_first,7,0.21817557513713837,1
4,oracle_first,8,0.21113668382167816,1
4,oracle_first,9,0.21119356155395508,1
4,oracle_first,10,0.2113383710384369,1
5,dense_first,1,0.190607950091362,1
5,dense_first,2,0.11664547771215439,1
5,dense_first,3,0.06386727094650269,1
5,dense_first,4,0.03892035409808159,1
5,dense_first,5,0.03391888365149498,1
5,dense_first,6,0.028926923871040344,1
5,dense_first,7,0.019027482718229294,1
5,dense_first,8,0.035982754081487656,1
5,dense_first,9,0.036364953964948654,1
5,dense_first,10,0.022131919860839844,1
5,b0_first,1,0.08896036446094513,1
5,b0_first,2,0.08233365416526794,1
5,b0_first,3,0.07833459973335266,1
5,b0_first,4,0.07213674485683441,1
5,b0_first,5,0.06141078099608421,1
5,b0_first,6,0.05894312262535095,1
5,b0_first,7,0.05785919725894928,1
5,b0_first,8,0.04389859735965729,1
5,b0_first,9,0.04076966643333435,1
5,b0_first,10,0.04106990247964859,1
5,oracle_first,1,0.008522510528564453,1
5,oracle_first,2,0.00774775817990303,1
5,oracle_first,3,0.007429112680256367,1
5,oracle_first,4,0.007237556390464306,1
5,oracle_first,5,0.006241105031222105,1
5,oracle_first,6,0.006420196499675512,1
5,oracle_first,7,0.0066974833607673645,1
5,oracle_first,8,0.004842465743422508,1
5,oracle_first,9,0.006636317819356918,1
5,oracle_first,10,0.0073175979778170586,1
6,dense_first,1,0.05442945286631584,1
6,dense_first,2,0.03724805265665054,1
6,dense_first,3,0.031613871455192566,1
6,dense_first,4,0.02599930390715599,1
6,dense_first,5,0.030857563018798828,1
6,dense_first,6,0.05482717603445053,1
6,dense_first,7,0.05699281021952629,1
6,dense_first,8,0.10012863576412201,1
6,dense_first,9,0.1418856978416443,1
6,dense_first,10,0.16583603620529175,1
6,b0_first,1,0.08964058756828308,1
6,b0_first,2,0.07053280621767044,1
6,b0_first,3,0.04380721598863602,1
6,b0_first,4,0.04192838817834854,1
6,b0_first,5,0.04183220863342285,1
6,b0_first,6,0.03931904956698418,1
6,b0_first,7,0.037918221205472946,1
6,b0_first,8,0.055548302829265594,1
6,b0_first,9,0.077447310090065,1
6,b0_first,10,0.09446682780981064,1
6,oracle_first,1,0.018946301192045212,1
6,oracle_first,2,0.019662924110889435,1
6,oracle_first,3,0.01908288523554802,1
6,oracle_first,4,0.02701686881482601,1
6,oracle_first,5,0.04833158850669861,1
6,oracle_first,6,0.053623080253601074,1
6,oracle_first,7,0.07367178052663803,1
6,oracle_first,8,0.1250695437192917,1
6,oracle_first,9,0.17265304923057556,1
6,oracle_first,10,0.20221245288848877,1
