batch_in_epoch,epoch,global_step,train_loss
0,1,1,1.542364614350455
1,1,2,1.6145859389078046
2,1,3,1.5401911678768343
3,1,4,1.5235178697676885
4,1,5,1.5940728925523309
5,1,6,1.5285212709790186
6,1,7,1.494043287776765
7,1,8,1.429327096257891
8,1,9,1.5118865739731562
9,1,10,1.4540312801088606
10,1,11,1.5759011961164926
11,1,12,1.523336478642055
12,1,13,1.52911685194288
13,1,14,1.4489624329975674
14,1,15,1.4553804823330472
15,1,16,1.5308858184587386
16,1,17,1.4482959083148412
17,1,18,1.5290048037256514
18,1,19,1.5803929766019187
19,1,20,1.5987224465324767
20,1,21,1.5613659904116677
21,1,22,1.423012001173837
22,1,23,1.4748738663537158
23,1,24,1.391269297826858
24,1,25,1.4901068607966106
25,1,26,1.4502722933178855
26,1,27,1.4835679900078547
27,1,28,1.4719513087045581
28,1,29,1.4496229007130577
29,1,30,1.468248605728149
30,1,31,1.5487129319281805
31,1,32,1.507823067052024
32,1,33,1.464909885610853
33,1,34,1.5107262077785675
34,1,35,1.5351382664271764
35,1,36,1.4560572164399286
36,1,37,1.5494245347522555
37,1,38,1.5615146954854329
38,1,39,1.5001412346249534
39,1,40,1.5351100734301977
40,1,41,1.4826574864841644
41,1,42,1.5472276437850228
42,1,43,1.4754680622191654
43,1,44,1.5716155426842824
44,1,45,1.517502029736837
45,1,46,1.4635660222598488
46,1,47,1.4816705102012269
47,1,48,1.4946612346739998
48,1,49,1.3686368209975106
49,1,50,1.5322109631129675
50,1,51,1.483401111194066
51,1,52,1.5661497910817463
52,1,53,1.5355473302659535
53,1,54,1.560929809297834
54,1,55,1.45081014860244
55,1,56,1.535355908530099
56,1,57,1.4503896179653348
57,1,58,1.3932895092737108
58,1,59,1.4566172049159096
59,1,60,1.479232907295227
60,1,61,1.539302681173597
61,1,62,1.5141169712657019
62,1,63,1.5019281024024598
63,1,64,1.4780310534295584
64,1,65,1.5668169543856667
65,1,66,1.4875650150435307
66,1,67,1.5228537888753981
67,1,68,1.4972194944109236
68,1,69,1.628004965328035
69,1,70,1.4182755720047722
70,1,71,1.5812627389317464
71,1,72,1.5449435654140653
72,1,73,1.5025329476311091
73,1,74,1.5639795689355758
74,1,75,1.6072299310139249
75,1,76,1.4964672667639598
76,1,77,1.4494334203856332
77,1,78,1.5020285021691093
78,1,79,1.457268269289108
79,1,80,1.5611917121069767
80,1,81,1.5533492792220343
81,1,82,1.5357658749534973
82,1,83,1.4927044312159217
83,1,84,1.5188628577050707
84,1,85,1.4818053046862283
85,1,86,1.4995558574086143
86,1,87,1.494842534973508
87,1,88,1.5576479378200714
88,1,89,1.4571524404344103
89,1,90,1.527480886096046
90,1,91,1.4171840747197468
91,1,92,1.5235869373594013
92,1,93,1.4050830744561695
93,1,94,1.4334437336240495
94,1,95,1.5266172999427434
95,1,96,1.5364548194976082
96,1,97,1.5757644800912765
97,1,98,1.420490568592435
98,1,99,1.5460596822556996
99,1,100,1.4376813485508873
100,1,101,1.604625945999509
101,1,102,1.419420151483445
102,1,103,1.4717419942220054
103,1,104,1.350576080027081
104,1,105,1.5861123970576694
105,1,106,1.5432919604437694
106,1,107,1.5376684552147275
107,1,108,1.5341534273965018
108,1,109,1.4928567806879678
109,1,110,1.4082394611267817
110,1,111,1.619852906181699
111,1,112,1.4498064915339153
112,1,113,1.5668058565684728
113,1,114,1.4233102174032304
114,1,115,1.489525000254313
115,1,116,1.5326879648935228
116,1,117,1.5772823833283922
117,1,118,1.4964488460904077
118,1,119,1.4876197604905992
119,1,120,1.403481755937849
120,1,121,1.4163259211040677
121,1,122,1.5297922378494622
122,1,123,1.4500623231842404
123,1,124,1.408378629457383
124,1,125,1.4834713992618376
125,1,126,1.5096484961963836
126,1,127,1.4874066852387926
127,1,128,1.4506369488579889
128,1,129,1.4534111902827307
129,1,130,1.3929427180971414
130,1,131,1.5086400338581634
131,1,132,1.545645974931263
132,1,133,1.482266122386569
133,1,134,1.4720143562271482
134,1,135,1.464369467326573
135,1,136,1.5201860070228574
136,1,137,1.4284073852357408
137,1,138,1.4880203178950717
138,1,139,1.4435706507591972
139,1,140,1.5814363388788133
140,1,141,1.5001322712217058
141,1,142,1.5175504343850272
142,1,143,1.4623015068826217
143,1,144,1.5437409962926594
144,1,145,1.5435213304701307
145,1,146,1.4582998752593994
146,1,147,1.479553997516632
147,1,148,1.443843066692352
148,1,149,1.5076035431453159
149,1,150,1.5048019886016843
150,1,151,1.5027424097061155
151,1,152,1.3755212851933067
152,1,153,1.4634572522980827
153,1,154,1.5537179878779823
154,1,155,1.4624981653122677
155,1,156,1.4813810104415528
156,1,157,1.5179768545286996
157,1,158,1.430388785543896
158,1,159,1.5314369428725467
159,1,160,1.531545258703686
160,1,161,1.341450594720386
161,1,162,1.523162841796875
162,1,163,1.4765279520125614
163,1,164,1.5432591864040919
164,1,165,1.539015259061541
165,1,166,1.4538677448318118
166,1,167,1.5994479826518466
167,1,168,1.4500765630177088
168,1,169,1.6142680758521673
169,1,170,1.569995355038416
170,1,171,1.5469620284580046
171,1,172,1.4938561859584991
172,1,173,1.4378190352803188
173,1,174,1.4648314572515941
174,1,175,1.5509115344002136
175,1,176,1.4437955050241378
176,1,177,1.4273987838200157
177,1,178,1.4299240963799613
178,1,179,1.5063302289871943
179,1,180,1.535410668168749
180,1,181,1.5353392220678783
181,1,182,1.524255264373053
182,1,183,1.3979494174321492
183,1,184,1.486678415820712
184,1,185,1.483215326354617
185,1,186,1.5149939287276493
186,1,187,1.496600281624567
187,1,188,1.4900592820984973
188,1,189,1.504966803959438
189,1,190,1.4781266677947271
190,1,191,1.4899046137219385
191,1,192,1.532633804139637
192,1,193,1.4502909353801183
193,1,194,1.55919425260453
194,1,195,1.485052406787872
195,1,196,1.5082012982595536
196,1,197,1.4251279518717812
197,1,198,1.484419635363988
198,1,199,1.469579566092718
199,1,200,1.478987123285021
200,1,201,1.512051326887948
201,1,202,1.485941029730297
202,1,203,1.4983142642747787
203,1,204,1.5064846844900224
204,1,205,1.4740064541498819
205,1,206,1.5308559678849718
206,1,207,1.5086913080442517
207,1,208,1.4192485582260854
208,1,209,1.4799647473153614
209,1,210,1.4694841447330658
210,1,211,1.4411894849368507
211,1,212,1.4171244104703267
212,1,213,1.465074689615341
213,1,214,1.460015512648083
214,1,215,1.4532154032162257
215,1,216,1.5236881687527613
216,1,217,1.4877771593275526
217,1,218,1.4776906030518668
218,1,219,1.4709110827673053
219,1,220,1.3890165828523182
220,1,221,1.3643638122649417
221,1,222,1.492488798641023
222,1,223,1.5844563387689135
223,1,224,1.3849004847662787
224,1,225,1.3456293429647175
225,1,226,1.480614466326577
226,1,227,1.5277006285531178
227,1,228,1.449205458164215
228,1,229,1.4986795101846972
229,1,230,1.4565233815284002
230,1,231,1.4668110013008118
231,1,232,1.4815393799827212
232,1,233,1.5027160871596565
233,1,234,1.4683618886130199
234,1,235,1.4734788281576976
235,1,236,1.3399959462029594
236,1,237,1.5587633677891322
237,1,238,1.5338451975867864
238,1,239,1.5103977464494251
239,1,240,1.4876200131007604
240,1,241,1.5584678507986525
241,1,242,1.5269807491983682
242,1,243,1.496636873199826
243,1,244,1.4258298845518202
244,1,245,1.4451290936697097
245,1,246,1.3769861232666742
246,1,247,1.4403314420155116
247,1,248,1.450280867871784
248,1,249,1.4747674465179446
249,1,250,1.408790145601545
250,1,251,1.479479883398328
251,1,252,1.5927942764191398
252,1,253,1.5137620937256584
253,1,254,1.446705270381201
254,1,255,1.4947488194420222
255,1,256,1.4661862821806044
256,1,257,1.4076386690139773
257,1,258,1.4650502999623618
258,1,259,1.4817536728722707
259,1,260,1.4215774365833829
260,1,261,1.4488608780361358
261,1,262,1.4940008350781033
262,1,263,1.4858496472949074
263,1,264,1.5128760224296933
264,1,265,1.4981700352260048
265,1,266,1.4495026554380144
266,1,267,1.5082864818118866
267,1,268,1.4197382813408264
268,1,269,1.4149395482880724
269,1,270,1.5114083432015921
270,1,271,1.4543346194993885
271,1,272,1.5287054181098936
272,1,273,1.3682496831530615
273,1,274,1.4766131071817303
274,1,275,1.6004184881846113
275,1,276,1.4377506701719194
276,1,277,1.4734821688561213
277,1,278,1.537473908492497
278,1,279,1.4595070878664649
279,1,280,1.431969534783136
280,1,281,1.4547549060412819
281,1,282,1.508950085867019
282,1,283,1.4020368769055318
283,1,284,1.532028396924337
284,1,285,1.4373539970034643
285,1,286,1.4238631100881667
286,1,287,1.484563038462684
287,1,288,1.376850866136097
288,1,289,1.4707094090325488
289,1,290,1.3995988425754367
290,1,291,1.4940156510898048
291,1,292,1.4611336106345767
292,1,293,1.4728643440064932
293,1,294,1.4843536388306389
294,1,295,1.5061415660948982
295,1,296,1.4935069027401149
296,1,297,1.542240063349406
297,1,298,1.6102455939565383
298,1,299,1.4786008795102437
299,1,300,1.4732458761760168
300,1,301,1.4109728833039605
301,1,302,1.5556583972204296
302,1,303,1.5189142397471833
303,1,304,1.4576962419918607
304,1,305,1.5205187598864238
305,1,306,1.44857162520999
306,1,307,1.3833517233530679
307,1,308,1.6439549695877802
308,1,309,1.5387730428150723
309,1,310,1.4380107294945488
310,1,311,1.443792695090884
311,1,312,1.5470034508478072
312,1,313,1.4975747522853673
313,1,314,1.4733272819291978
314,1,315,1.4506067207881381
315,1,316,1.5285476900282362
316,1,317,1.5306975614456904
317,1,318,1.512172778447469
318,1,319,1.5065914335704986
319,1,320,1.4630488668169295
320,1,321,1.5641573610759916
321,1,322,1.529159421012515
322,1,323,1.4354152395611717
323,1,324,1.5226326272601174
324,1,325,1.6160856712432132
325,1,326,1.4148575294585453
326,1,327,1.475684182984488
327,1,328,1.4078967741557529
328,1,329,1.4881561426889331
329,1,330,1.5609118257250105
330,1,331,1.4854171786989483
331,1,332,1.4769734002294994
332,1,333,1.552040321486337
333,1,334,1.5665282011032104
334,1,335,1.4338855601492382
335,1,336,1.466210998239971
336,1,337,1.4194898889178322
337,1,338,1.535430598826635
338,1,339,1.4335561139242987
339,1,340,1.4825647388185774
340,1,341,1.4824048649697077
341,1,342,1.4572722628003076
342,1,343,1.4511164142971946
343,1,344,1.3456191959835233
344,1,345,1.4040018093018307
345,1,346,1.4150687739962626
346,1,347,1.4682372042110985
347,1,348,1.4271785985855827
348,1,349,1.450552673566909
349,1,350,1.5107340982982091
350,1,351,1.3922561662537714
351,1,352,1.4294599152746654
352,1,353,1.433260846705664
353,1,354,1.3923889057976857
354,1,355,1.4105985107876005
355,1,356,1.3774812164760772
356,1,357,1.4947842246010192
357,1,358,1.4781342063631329
358,1,359,1.5157058409282143
359,1,360,1.4578134786515011
360,1,361,1.4362261806215557
361,1,362,1.4624376353763395
362,1,363,1.502213418483734
363,1,364,1.434724313872201
364,1,365,1.5475238845461892
365,1,366,1.4701541577066692
366,1,367,1.434242714019049
367,1,368,1.505709551629566
368,1,369,1.399506526333945
369,1,370,1.4881550102006822
370,1,371,1.4876279206503005
371,1,372,1.4416983979088918
372,1,373,1.5109087796438307
373,1,374,1.4411881253832861
374,1,375,1.4234075659797305
375,1,376,1.4936189140592302
376,1,377,1.4943457103910902
377,1,378,1.488243253458114
378,1,379,1.4835667610168457
379,1,380,1.4794076737903414
380,1,381,1.5558040596189953
381,1,382,1.4722409844398499
382,1,383,1.479235422043573
383,1,384,1.4737613371440341
384,1,385,1.4873247714269728
385,1,386,1.5270371210007436
386,1,387,1.4345224159104484
387,1,388,1.5240722667603266
388,1,389,1.4801949177469524
389,1,390,1.5356906028020951
390,1,391,1.51670127255576
391,1,392,1.4947532983053295
392,1,393,1.444020171960195
393,1,394,1.4378204572768438
394,1,395,1.4773592665081934
395,1,396,1.3900205890337627
396,1,397,1.4629816271009897
397,1,398,1.5056855337960382
398,1,399,1.5488607429322747
399,1,400,1.5128297805786135
400,1,401,1.4046714589709326
401,1,402,1.4818345592135473
402,1,403,1.5528035788309007
403,1,404,1.4418748475256422
404,1,405,1.490159636452085
405,1,406,1.468766621180943
406,1,407,1.5324117115565705
407,1,408,1.5390676941190444
408,1,409,1.4659968330746604
409,1,410,1.3889755635034469
410,1,411,1.4237347245216372
411,1,412,1.4569329534258162
412,1,413,1.472573200861613
413,1,414,1.4099174681163966
414,1,415,1.4642388877414525
415,1,416,1.488686726206825
416,1,417,1.456971492086138
417,1,418,1.5346188488460721
418,1,419,1.484071283113389
419,1,420,1.4145608459200179
420,1,421,1.3993592716398693
421,1,422,1.4460575864428564
422,1,423,1.4843996990294681
423,1,424,1.4521961268924533
424,1,425,1.361682318505787
425,1,426,1.4558659621647425
426,1,427,1.4822417270569572
427,1,428,1.4792245002019972
428,1,429,1.4495494819822765
429,1,430,1.444312334060669
430,1,431,1.4702684198107039
431,1,432,1.4341622931616647
432,1,433,1.358982738994417
433,1,434,1.5817503815605527
434,1,435,1.484350275425684
435,1,436,1.4470286284174239
436,1,437,1.510944255760738
437,1,438,1.4445969746226355
438,1,439,1.4373420562062944
439,1,440,1.5008791060674758
440,1,441,1.3717213329814728
441,1,442,1.4151224295298257
442,1,443,1.4021160091672626
443,1,444,1.4619522265025549
444,1,445,1.375529692286537
445,1,446,1.4734565700803488
446,1,447,1.4957954599743795
447,1,448,1.6293152684257144
448,1,449,1.395908270563398
449,1,450,1.4745866798219225
450,1,451,1.4311552487668535
451,1,452,1.5357534913789659
452,1,453,1.4587268148149763
453,1,454,1.4843155259177796
454,1,455,1.5349623646054946
455,1,456,1.4553933711279006
456,1,457,1.4991140819731212
457,1,458,1.441438711824871
458,1,459,1.491906756446475
459,1,460,1.5290795536268322
460,1,461,1.5340301224163606
461,1,462,1.5307060253052485
462,1,463,1.4782745128586179
463,1,464,1.45465536344619
464,1,465,1.5033238274710519
465,1,466,1.463887231690543
466,1,467,1.4837240661893571
467,1,468,1.501358599889846
468,1,469,1.3805007196608043
469,1,470,1.3945468862851462
470,1,471,1.39699763911111
471,1,472,1.5105668505032859
472,1,473,1.3862363525799344
473,1,474,1.5761225110008603
474,1,475,1.438479857785361
475,1,476,1.4448719989685783
476,1,477,1.444546886852809
477,1,478,1.4722948812303092
478,1,479,1.5157052619116647
479,1,480,1.521017789840698
480,1,481,1.5014892986842563
481,1,482,1.486989506653377
482,1,483,1.5547323539143516
483,1,484,1.4351025025049848
484,1,485,1.4858828783035278
485,1,486,1.5093610911142263
486,1,487,1.4755647892043706
487,1,488,1.4500011659803846
488,1,489,1.3960829774538674
489,1,490,1.5182483650389176
490,1,491,1.552648476191929
491,1,492,1.4801736048289706
492,1,493,1.5118425091107681
493,1,494,1.5003908475240073
494,1,495,1.5004130715415596
495,1,496,1.4951581841423396
496,1,497,1.4576750596364338
497,1,498,1.4992371911094309
498,1,499,1.3962945966493514
499,1,500,1.3383664176577612
500,1,501,1.4289191677456812
501,1,502,1.5801581030800227
502,1,503,1.454146935826256
503,1,504,1.3809133001736233
504,1,505,1.4243618902705963
505,1,506,1.4910919751439773
506,1,507,1.4695034935360862
507,1,508,1.5143216394242784
508,1,509,1.427179850283123
509,1,510,1.5203900791349865
510,1,511,1.4497403105099993
511,1,512,1.5243957326525732
512,1,513,1.4594231105986095
513,1,514,1.4898841948736279
514,1,515,1.5377307874815807
515,1,516,1.4012697849954878
516,1,517,1.4110916512353082
517,1,518,1.441873224008651
518,1,519,1.4354962621416365
519,1,520,1.4534144259634472
520,1,521,1.4485957111631116
521,1,522,1.4964170370783125
522,1,523,1.4893748816989714
523,1,524,1.4596444822493049
524,1,525,1.4931678715206331
525,1,526,1.4260951195444378
526,1,527,1.4488092944735573
527,1,528,1.5033969481786094
528,1,529,1.4959056434177214
529,1,530,1.5348470125879559
530,1,531,1.5150309630802699
531,1,532,1.5443585373106457
532,1,533,1.466980054264977
533,1,534,1.510411901133401
534,1,535,1.3889575515474593
535,1,536,1.438569897697085
536,1,537,1.4679671753020516
537,1,538,1.574320123309181
538,1,539,1.4497391950516474
539,1,540,1.425798455874125
540,1,541,1.5457265632493153
541,1,542,1.471866806348165
542,1,543,1.4725224233808971
543,1,544,1.4528706811723255
544,1,545,1.4399754603703818
545,1,546,1.5585686337380182
546,1,547,1.4959726049786526
547,1,548,1.480639452026004
548,1,549,1.5415478348731997
549,1,550,1.4488468681062976
550,1,551,1.4417707863308136
551,1,552,1.4028205587750389
552,1,553,1.455218993482136
553,1,554,1.596496445792062
554,1,555,1.4719330413000926
555,1,556,1.5051305492719014
556,1,557,1.5077935769444417
557,1,558,1.503434868085952
558,1,559,1.428376901717413
559,1,560,1.449474888188498
560,1,561,1.5113549686613539
561,1,562,1.35144046942393
562,1,563,1.4775296165829612
563,1,564,1.5177829208828155
564,1,565,1.398245042278653
565,1,566,1.3723595227513998
566,1,567,1.5002872716812858
567,1,568,1.4317510298320224
568,1,569,1.3533040285110471
569,1,570,1.4744345914749872
570,1,571,1.5205984853562853
571,1,572,1.3886243559065319
572,1,573,1.4386038042250135
573,1,574,1.4158512495812916
574,1,575,1.5374399338449751
575,1,576,1.4364637164842518
576,1,577,1.4618945717811584
577,1,578,1.5337367852528891
578,1,579,1.401347875595093
579,1,580,1.432155918507349
580,1,581,1.5108170537721541
581,1,582,1.4915782269977385
582,1,583,1.465625178246271
583,1,584,1.4537847666513353
584,1,585,1.419970875694638
585,1,586,1.4727510157085602
586,1,587,1.4792910104706176
587,1,588,1.4490613710312616
588,1,589,1.5383915276754467
589,1,590,1.5210246074767337
590,1,591,1.4968043877964932
591,1,592,1.460010857809158
592,1,593,1.386203027906872
593,1,594,1.4499171518144154
594,1,595,1.513475701922462
595,1,596,1.4053038642519997
596,1,597,1.439826658793858
597,1,598,1.5200631959097726
598,1,599,1.3257988180433
599,1,600,1.4793311527797155
600,1,601,1.364536731016068
601,1,602,1.5108326190993897
602,1,603,1.5525616747992381
603,1,604,1.336162731761024
604,1,605,1.392275248255049
605,1,606,1.4885614854948859
606,1,607,1.4241546988487246
607,1,608,1.4167180629003615
608,1,609,1.4411930555389043
609,1,610,1.4315569400787354
610,1,611,1.4476543551399594
611,1,612,1.2859015436399548
612,1,613,1.5099514098394484
613,1,614,1.462133444490887
614,1,615,1.5706851085027058
615,1,616,1.5063030776523407
616,1,617,1.47659737155551
617,1,618,1.4392216205596922
618,1,619,1.5870782193683444
619,1,620,1.5252709076518103
620,1,621,1.4217705158960252
621,1,622,1.4435232707432337
622,1,623,1.3286045193672182
623,1,624,1.4775885712532768
624,1,625,1.468619664510091
625,1,626,1.51710281485603
626,1,627,1.5068038758777438
627,1,628,1.4090197199866883
628,1,629,1.4199962899798442
629,1,630,1.3714459254628135
630,1,631,1.4781412680943808
631,1,632,1.484126851672218
632,1,633,1.4888987541198733
633,1,634,1.4823839465777078
634,1,635,1.4197604258855183
635,1,636,1.5824762071881973
636,1,637,1.4626913893790474
637,1,638,1.4924679909433634
638,1,639,1.4566823244094849
639,1,640,1.4921345483689081
640,1,641,1.527633505208152
641,1,642,1.475326628912063
642,1,643,1.4092801042965482
643,1,644,1.5321182608604431
644,1,645,1.5447849120412556
645,1,646,1.4118721541904267
646,1,647,1.4122373035975864
647,1,648,1.5048883983067105
648,1,649,1.389932856673286
649,1,650,1.4993221447581337
650,1,651,1.5840818881988523
651,1,652,1.4713298508099149
652,1,653,1.468183880760556
653,1,654,1.4955535786492482
654,1,655,1.4433587945642925
655,1,656,1.4728560206435974
656,1,657,1.50468073004768
657,1,658,1.4670404933747792
658,1,659,1.447729420094263
659,1,660,1.50478253194264
660,1,661,1.4793375957579842
661,1,662,1.4651848957652136
662,1,663,1.3567828280585152
663,1,664,1.522665648233323
664,1,665,1.520192563533783
665,1,666,1.4190222649347217
666,1,667,1.4334578599248615
667,1,668,1.5316149904614407
668,1,669,1.482690243493943
669,1,670,1.475577547436669
670,1,671,1.4555184159960064
671,1,672,1.4864806561242967
672,1,673,1.5669265247526625
673,1,674,1.4585829547473361
674,1,675,1.484192763056074
675,1,676,1.3996333479881287
676,1,677,1.4203937025297255
677,1,678,1.4474968569619315
678,1,679,1.4786412914594014
679,1,680,1.531439639273144
680,1,681,1.543262495881035
681,1,682,1.4467240969340007
682,1,683,1.3680328755151654
683,1,684,1.5314842519306002
684,1,685,1.4632179510025753
685,1,686,1.466564161436898
686,1,687,1.4255690631412323
687,1,688,1.4610923188073293
688,1,689,1.513997327713739
689,1,690,1.5660371212732223
690,1,691,1.4315312703450522
691,1,692,1.5440054507482617
692,1,693,1.4460449105217348
693,1,694,1.5298388401667278
694,1,695,1.492841096151443
695,1,696,1.3662196568080356
696,1,697,1.3963007359277633
697,1,698,1.443814856665475
698,1,699,1.4988889240083243
699,1,700,1.416388383933476
700,1,701,1.5391344030698133
701,1,702,1.489867491381509
702,1,703,1.4522439865838912
703,1,704,1.4019900163014731
704,1,705,1.5031367540359497
705,1,706,1.518937184697106
706,1,707,1.4350902182715277
707,1,708,1.4561963478724165
708,1,709,1.4617678097316198
709,1,710,1.4457801466896418
710,1,711,1.5024309782754808
711,1,712,1.5549557577996025
712,1,713,1.4547134297234672
713,1,714,1.4697972252255396
714,1,715,1.4872534019606454
715,1,716,1.477766071047102
716,1,717,1.4450006201153711
717,1,718,1.4303104991004578
718,1,719,1.50364473320189
719,1,720,1.3907995961961293
720,1,721,1.4167233166240512
721,1,722,1.4167760979561579
722,1,723,1.4194723992120653
723,1,724,1.5657620373226349
724,1,725,1.5432101715178714
725,1,726,1.4874726306824455
726,1,727,1.4308910540172033
727,1,728,1.4873286542438326
728,1,729,1.3839163269315446
729,1,730,1.4342461937949769
730,1,731,1.4872935527846927
731,1,732,1.4849491743814376
732,1,733,1.3563681159700665
733,1,734,1.4801829372133526
734,1,735,1.4250476473853704
735,1,736,1.4027227617445448
736,1,737,1.3970756871359689
737,1,738,1.5201847212655202
738,1,739,1.4317689963749478
739,1,740,1.5934583118983674
740,1,741,1.4208592971165976
741,1,742,1.3683726163137524
742,1,743,1.4805379140944706
743,1,744,1.449021728265853
744,1,745,1.4133081776755194
745,1,746,1.4799943027042206
746,1,747,1.45532686937423
747,1,748,1.390706729321253
748,1,749,1.5170860404060003
749,1,750,1.5156642510777427
750,1,751,1.3878035573732286
751,1,752,1.520413875579834
752,1,753,1.4438650891894385
753,1,754,1.4442756261144367
754,1,755,1.4018787855193728
755,1,756,1.574683183715457
756,1,757,1.5403186764035905
757,1,758,1.4981548048201059
758,1,759,1.5079985800243558
759,1,760,1.451487055846623
760,1,761,1.4855214016778129
761,1,762,1.5437195045607428
762,1,763,1.431878572418576
763,1,764,1.4616864068167548
764,1,765,1.5225584421839036
765,1,766,1.501714343116397
766,1,767,1.5707005773271832
767,1,768,1.4024173475447153
768,1,769,1.4685476110095068
769,1,770,1.588113994825454
770,1,771,1.4597550346737818
771,1,772,1.5104996476854597
772,1,773,1.432464979943775
773,1,774,1.5050105736369177
774,1,775,1.4287826731091455
775,1,776,1.4954569055920555
776,1,777,1.4737729855946131
777,1,778,1.594253449212937
778,1,779,1.437682228428977
779,1,780,1.4516738312585016
780,1,781,1.5094020650500342
781,1,782,1.483276565869649
782,1,783,1.5213266980080378
783,1,784,1.4836568548565823
784,1,785,1.4147672823497226
785,1,786,1.460093092350733
786,1,787,1.4493483418510071
787,1,788,1.4845069788751146
788,1,789,1.4958066997073947
789,1,790,1.4861923115594047
790,1,791,1.4397861616952081
791,1,792,1.4462593339738394
792,1,793,1.5201762630825948
793,1,794,1.4546448219390142
794,1,795,1.4153352294649397
795,1,796,1.4008140478815352
796,1,797,1.5113015032949901
797,1,798,1.4044454097747803
798,1,799,1.5071640979676015
799,1,800,1.4811030314082188
800,1,801,1.4347257160005116
801,1,802,1.4522320599783038
802,1,803,1.588537954148792
803,1,804,1.4189275531541734
804,1,805,1.392704818929945
805,1,806,1.4449861844380696
806,1,807,1.4818733845438274
807,1,808,1.451670893601009
808,1,809,1.4591681730179564
809,1,810,1.4985239505767824
810,1,811,1.5621020538466317
811,1,812,1.420802246956598
812,1,813,1.4785851921354023
813,1,814,1.4519492331005277
814,1,815,1.4367490609486895
815,1,816,1.3832876710664657
816,1,817,1.4400995572408042
817,1,818,1.5484460393587747
818,1,819,1.5231658163524808
819,1,820,1.4748783083189099
820,1,821,1.4690696256501334
821,1,822,1.50944371450515
822,1,823,1.5075425023124331
823,1,824,1.3138082651864915
824,1,825,1.4570532753354026
825,1,826,1.5276347228458946
826,1,827,1.481329497836885
827,1,828,1.4034605480375746
828,1,829,1.4314582830383664
829,1,830,1.3236781500634696
830,1,831,1.485161188102904
831,1,832,1.4864481432097296
832,1,833,1.4456633783522106
833,1,834,1.3726695208322433
834,1,835,1.484301277569362
835,1,836,1.5873030225435891
836,1,837,1.4842599318141025
837,1,838,1.4154884474618095
838,1,839,1.4549889678046815
839,1,840,1.4213449302173795
840,1,841,1.60065020549865
841,1,842,1.4420460718018666
842,1,843,1.4634643651190258
843,1,844,1.4815748362314134
844,1,845,1.4876375993092854
845,1,846,1.4405725569952104
846,1,847,1.3638841680118015
847,1,848,1.5652583951041814
848,1,849,1.4690814585912797
849,1,850,1.3951025605201723
850,1,851,1.4927143993831815
851,1,852,1.5195051091057916
852,1,853,1.514062359219506
853,1,854,1.4906424113682337
854,1,855,1.449126039232527
855,1,856,1.4093148878642492
856,1,857,1.3646308864865984
857,1,858,1.4786229445820767
858,1,859,1.3986653004373824
859,1,860,1.5003359828676495
860,1,861,1.474727803752536
861,1,862,1.3954334088734215
862,1,863,1.48627165385655
863,1,864,1.5347919634410314
864,1,865,1.4288436146009533
865,1,866,1.498845140139262
866,1,867,1.3849244855699085
867,1,868,1.473533130827404
868,1,869,1.31740422192074
869,1,870,1.42997221719651
870,1,871,1.5128195229030794
871,1,872,1.521588336853754
872,1,873,1.4323589461190358
873,1,874,1.4716220185870217
874,1,875,1.4530202604475477
875,1,876,1.4823893819536484
876,1,877,1.478259745098296
877,1,878,1.4646774445261275
878,1,879,1.4436262562161402
879,1,880,1.4968358562106179
880,1,881,1.4939966230165391
881,1,882,1.464807010832287
882,1,883,1.5976075274603705
883,1,884,1.5339829240526472
884,1,885,1.4716051362809677
885,1,886,1.5267407298088074
886,1,887,1.4166484730584281
887,1,888,1.3455999181384133
888,1,889,1.6158796889441354
889,1,890,1.5168837025052027
890,1,891,1.3593215147654216
891,1,892,1.5474882296153478
892,1,893,1.4734249540737696
893,1,894,1.4576010760806855
894,1,895,1.4672066399029322
895,1,896,1.4407461541039606
896,1,897,1.4262357609612601
897,1,898,1.4728517589114962
898,1,899,1.4582449538367137
899,1,900,1.5395796639578685
900,1,901,1.4455949919564384
901,1,902,1.4983339366458708
902,1,903,1.4779683408283049
903,1,904,1.4615612711225237
904,1,905,1.500321178209214
905,1,906,1.4778529348827547
906,1,907,1.4719898161433993
907,1,908,1.4859732162384764
908,1,909,1.4135791574205674
909,1,910,1.4580680472510203
910,1,911,1.454691248280661
911,1,912,1.4763274448258537
912,1,913,1.4884382174128579
913,1,914,1.4531911838622318
914,1,915,1.4554369619914467
915,1,916,1.3763406503768194
916,1,917,1.4377342576072327
917,1,918,1.4017161414736796
918,1,919,1.5100040719622658
919,1,920,1.528894100870405
920,1,921,1.3687439049993237
921,1,922,1.4543092648188276
922,1,923,1.3875371160961332
923,1,924,1.437788145882743
924,1,925,1.4463559502647039
925,1,926,1.505558016754332
926,1,927,1.3938916070120677
927,1,928,1.3394550993329004
928,1,929,1.5254001191684174
929,1,930,1.4030249062038607
930,1,931,1.3977957112448556
931,1,932,1.4823418855667112
932,1,933,1.4881846592539836
933,1,934,1.4524198969205222
934,1,935,1.5096268625486466
935,1,936,1.465344829218728
936,1,937,1.4578543447312855
937,1,938,1.4444053570429487
938,1,939,1.3599254205113367
939,1,940,1.511969901266552
940,1,941,1.440315019516718
941,1,942,1.429093264398121
942,1,943,1.359890893811271
943,1,944,1.4901617424828666
944,1,945,1.4750596909295945
945,1,946,1.4362051373436338
946,1,947,1.483248423962366
947,1,948,1.4432219124975658
948,1,949,1.4624628169195992
949,1,950,1.4225121622993833
950,1,951,1.5410001334689911
951,1,952,1.492709438006083
952,1,953,1.4455459884234838
953,1,954,1.4054273650759743
954,1,955,1.4406527451106481
955,1,956,1.4160226384798684
956,1,957,1.451396743456523
957,1,958,1.4621706179210117
958,1,959,1.5200119472685316
959,1,960,1.3625094152632213
960,1,961,1.4516466373489019
961,1,962,1.4163392271314346
962,1,963,1.3921248714129135
963,1,964,1.3236519069898698
964,1,965,1.4811364937396276
965,1,966,1.4132862374896098
966,1,967,1.5037290084929695
967,1,968,1.4131818158285956
968,1,969,1.3981235453060694
969,1,970,1.4193319905371893
970,1,971,1.4448503255844114
971,1,972,1.5294818424043202
972,1,973,1.429582981836228
973,1,974,1.414197859309968
974,1,975,1.5194340773991177
975,1,976,1.4571702366783506
976,1,977,1.4755061126890636
977,1,978,1.4521425848915461
978,1,979,1.384084795202528
979,1,980,1.549524636495681
980,1,981,1.4458895013445898
981,1,982,1.422138492266337
982,1,983,1.4294700480642768
983,1,984,1.315986843336196
984,1,985,1.5925736938204083
985,1,986,1.4879228870073957
986,1,987,1.4028079424585616
987,1,988,1.429414300691514
988,1,989,1.5237618060339064
989,1,990,1.559751266524905
990,1,991,1.548068250928606
991,1,992,1.4176709623563857
992,1,993,1.476943112555004
993,1,994,1.4977361843699504
994,1,995,1.3658764532634193
995,1,996,1.3884689438910711
996,1,997,1.5220282418387279
997,1,998,1.3802458189782643
998,1,999,1.5177806048166185
999,1,1000,1.433599517458961
1000,1,1001,1.446742108889988
1001,1,1002,1.362161789621626
1002,1,1003,1.427150050799052
1003,1,1004,1.3945872215997603
1004,1,1005,1.452603604112353
1005,1,1006,1.3698420921961465
1006,1,1007,1.513779327982948
1007,1,1008,1.4892998933792114
1008,1,1009,1.4658236900965376
1009,1,1010,1.4881755738031297
1010,1,1011,1.3991960826374237
1011,1,1012,1.4535621887161614
1012,1,1013,1.4084539299919494
1013,1,1014,1.4339909383228848
1014,1,1015,1.5009125073750813
1015,1,1016,1.4647725309644426
1016,1,1017,1.4706684805098036
1017,1,1018,1.4772198540823802
1018,1,1019,1.5074109520230974
1019,1,1020,1.425617067586808
1020,1,1021,1.4097760348092943
1021,1,1022,1.5106661348115829
1022,1,1023,1.417101828824906
1023,1,1024,1.4031307924361458
1024,1,1025,1.4836221479234242
1025,1,1026,1.3885126312573748
1026,1,1027,1.5399222487495061
1027,1,1028,1.4211311567397347
1028,1,1029,1.4269497451328095
1029,1,1030,1.4749662961278642
1030,1,1031,1.424652215980348
1031,1,1032,1.449888078939347
1032,1,1033,1.3892610640752883
1033,1,1034,1.4674604336420696
1034,1,1035,1.4414212249574205
1035,1,1036,1.5002331676937286
1036,1,1037,1.4635826292492091
1037,1,1038,1.380873802162352
1038,1,1039,1.4609272281328838
1039,1,1040,1.528319767543248
1040,1,1041,1.4355862083889193
1041,1,1042,1.5513307139987038
1042,1,1043,1.4867833455403647
1043,1,1044,1.498156902335939
1044,1,1045,1.5370955580756775
1045,1,1046,1.4713422258694968
1046,1,1047,1.3485019661131359
1047,1,1048,1.476618034499032
1048,1,1049,1.474856932957967
1049,1,1050,1.521614753064655
1050,1,1051,1.4938463824135915
1051,1,1052,1.4502714787210738
1052,1,1053,1.3863823215166726
1053,1,1054,1.387834565980094
1054,1,1055,1.4246037886256264
1055,1,1056,1.4752196754728049
1056,1,1057,1.4710815577279954
1057,1,1058,1.3905455299786156
1058,1,1059,1.3824164810634796
1059,1,1060,1.5474241432689486
1060,1,1061,1.40035179966972
1061,1,1062,1.5571421129362926
1062,1,1063,1.3596872091293335
1063,1,1064,1.4919720746221996
1064,1,1065,1.5877088563782829
1065,1,1066,1.4062846643584115
1066,1,1067,1.437368943577721
1067,1,1068,1.5145612472579593
1068,1,1069,1.456919272740682
1069,1,1070,1.4789384262902396
1070,1,1071,1.579813593909854
1071,1,1072,1.514697540374029
1072,1,1073,1.4003169877188548
1073,1,1074,1.3352978882335478
1074,1,1075,1.4998775607063657
1075,1,1076,1.475391586621602
1076,1,1077,1.3640755755560736
1077,1,1078,1.550672724133446
1078,1,1079,1.4693573940367923
1079,1,1080,1.3859125489280335
1080,1,1081,1.5066621218408855
1081,1,1082,1.4751805123828705
1082,1,1083,1.380763422875177
1083,1,1084,1.4438475796154568
1084,1,1085,1.4611259755634127
1085,1,1086,1.4599077190671648
1086,1,1087,1.4348505451565696
1087,1,1088,1.4349926511446633
1088,1,1089,1.3977068407194955
1089,1,1090,1.5478935440381365
1090,1,1091,1.497832397619883
1091,1,1092,1.564391295115153
1092,1,1093,1.4277017201696125
1093,1,1094,1.4477593671707882
1094,1,1095,1.4443021913369498
1095,1,1096,1.4571331938107812
1096,1,1097,1.4758889334542409
1097,1,1098,1.5239179191135228
1098,1,1099,1.4733064061119445
1099,1,1100,1.4645729064941408
1100,1,1101,1.370780723435538
1101,1,1102,1.4623709917068484
1102,1,1103,1.4858375305221199
1103,1,1104,1.3207813614890687
1104,1,1105,1.4467224507104783
1105,1,1106,1.465676585833232
1106,1,1107,1.4065607502346944
1107,1,1108,1.3905825331097559
1108,1,1109,1.3826431376593455
1109,1,1110,1.5154272516568499
1110,1,1111,1.3884726620855785
1111,1,1112,1.4789889426458451
1112,1,1113,1.4083519180615742
1113,1,1114,1.4161715252058849
1114,1,1115,1.361850307101295
1115,1,1116,1.4404497004690626
1116,1,1117,1.4058836868831086
1117,1,1118,1.4254841123308453
1118,1,1119,1.3830576822871254
1119,1,1120,1.4477042186827886
1120,1,1121,1.498905482746306
1121,1,1122,1.3109257363137743
1122,1,1123,1.437273763474964
1123,1,1124,1.4876907325926283
1124,1,1125,1.4507552867843994
1125,1,1126,1.4667761666434154
1126,1,1127,1.5033022988410223
1127,1,1128,1.4409164417357672
1128,1,1129,1.4395385129111151
1129,1,1130,1.3767148767198834
1130,1,1131,1.4972786846615018
1131,1,1132,1.4754158088139127
1132,1,1133,1.4868147259666809
1133,1,1134,1.4807211927005222
1134,1,1135,1.4081432989665434
1135,1,1136,1.3766209696020395
1136,1,1137,1.4392963704608739
1137,1,1138,1.4116305027689253
1138,1,1139,1.4243117287045433
1139,1,1140,1.464394177709307
1140,1,1141,1.5612056085041592
0,2,1142,1.51284270627158
1,2,1143,1.5181794790994556
2,2,1144,1.4543439774286178
3,2,1145,1.435132685161772
4,2,1146,1.4194948843547275
5,2,1147,1.3890607726006283
6,2,1148,1.3569523890813195
7,2,1149,1.4975394237609136
8,2,1150,1.466793960049039
9,2,1151,1.3910406146730696
10,2,1152,1.5825143371309556
11,2,1153,1.3991005647750128
12,2,1154,1.4959276573998586
13,2,1155,1.5282002573921567
14,2,1156,1.5088237637565252
15,2,1157,1.4306448925109134
16,2,1158,1.485069334506988
17,2,1159,1.502628649984087
18,2,1160,1.5231304339000156
19,2,1161,1.4367016099748156
20,2,1162,1.411400167714982
21,2,1163,1.4592776298522951
22,2,1164,1.464966595172882
23,2,1165,1.4718377760478427
24,2,1166,1.4671215613683066
25,2,1167,1.4091592487834752
26,2,1168,1.4510969037101382
27,2,1169,1.5470647783506486
28,2,1170,1.467889416785467
29,2,1171,1.4225813093639557
30,2,1172,1.5444173074903946
31,2,1173,1.497842345918928
32,2,1174,1.4796189523878551
33,2,1175,1.459762062345232
34,2,1176,1.4593546787897744
35,2,1177,1.4133754315830411
36,2,1178,1.4381554666019618
37,2,1179,1.495883930297125
38,2,1180,1.4640448944909232
39,2,1181,1.3916593449456351
40,2,1182,1.4549063444137575
41,2,1183,1.4273137194769725
42,2,1184,1.4331310873939878
43,2,1185,1.5111995708374748
44,2,1186,1.3237387339274087
45,2,1187,1.438989275977725
46,2,1188,1.4606311150959561
47,2,1189,1.4037234499340967
48,2,1190,1.3884084508532568
49,2,1191,1.4223805325371879
50,2,1192,1.4029448600042433
51,2,1193,1.5153214079993114
52,2,1194,1.4225298620405653
53,2,1195,1.3551157372338432
54,2,1196,1.418719723111107
55,2,1197,1.375004399390448
56,2,1198,1.4250431969052266
57,2,1199,1.4486831199555168
58,2,1200,1.4675780080613634
59,2,1201,1.4581835780824934
60,2,1202,1.5133953662145705
61,2,1203,1.440170543534415
62,2,1204,1.5119409107026598
63,2,1205,1.4107434267089483
64,2,1206,1.3131660563605172
65,2,1207,1.4084027210871382
66,2,1208,1.412248793102446
67,2,1209,1.3672656558808827
68,2,1210,1.4778327743212383
69,2,1211,1.5078432332901728
70,2,1212,1.4542811541330245
71,2,1213,1.3737791890189759
72,2,1214,1.446097493171692
73,2,1215,1.4720927562032426
74,2,1216,1.4283919816925412
75,2,1217,1.6333792209625246
76,2,1218,1.4611839652061462
77,2,1219,1.441841681798299
78,2,1220,1.5188250030790056
79,2,1221,1.477920872824533
80,2,1222,1.4731998301687692
81,2,1223,1.3679876781645273
82,2,1224,1.485448732262566
83,2,1225,1.47590643735159
84,2,1226,1.3642565693174091
85,2,1227,1.4845031386330014
86,2,1228,1.3871600599516007
87,2,1229,1.4935476212274459
88,2,1230,1.4962657462982905
89,2,1231,1.3733337890534174
90,2,1232,1.40142156680425
91,2,1233,1.400247261637733
92,2,1234,1.426320365497044
93,2,1235,1.4955735745884124
94,2,1236,1.4212978283564248
95,2,1237,1.5357949393136159
96,2,1238,1.4598523151306877
97,2,1239,1.4524672144935247
98,2,1240,1.4353009462356565
99,2,1241,1.4763076816286358
100,2,1242,1.4448854327201843
101,2,1243,1.3978651762008667
102,2,1244,1.446892295564924
103,2,1245,1.4424425079709007
104,2,1246,1.5178352509226118
105,2,1247,1.494160163970221
106,2,1248,1.4214625443731035
107,2,1249,1.320223371187846
108,2,1250,1.4996033793403987
109,2,1251,1.5083127646219163
110,2,1252,1.465720540001279
111,2,1253,1.4101905538922266
112,2,1254,1.3844113917577836
113,2,1255,1.3653680795714964
114,2,1256,1.5094013384410312
115,2,1257,1.405050805636815
116,2,1258,1.5150289223307658
117,2,1259,1.3998310565948489
118,2,1260,1.4065137221699668
119,2,1261,1.4384519628116064
120,2,1262,1.4480744259698048
121,2,1263,1.5365030879066106
122,2,1264,1.4265455915814356
123,2,1265,1.4312361194973897
124,2,1266,1.5099399231729052
125,2,1267,1.3329827671959287
126,2,1268,1.6581073374975295
127,2,1269,1.3719464994612194
128,2,1270,1.362592759586516
129,2,1271,1.414438730194455
130,2,1272,1.4385770644460405
131,2,1273,1.4458781821387152
132,2,1274,1.4752975077856156
133,2,1275,1.408344319888524
134,2,1276,1.4475903823262166
135,2,1277,1.4376796086629233
136,2,1278,1.499597458612351
137,2,1279,1.4499869289852323
138,2,1280,1.4776439155851093
139,2,1281,1.5351615377834864
140,2,1282,1.447019718942188
141,2,1283,1.498536975610824
142,2,1284,1.373831062089829
143,2,1285,1.3893579670361111
144,2,1286,1.426474744365329
145,2,1287,1.4831701119740806
146,2,1288,1.39509159610385
147,2,1289,1.4932871489297777
148,2,1290,1.5187554359436033
149,2,1291,1.4184901600792292
150,2,1292,1.5234115521113079
151,2,1293,1.4413683925356187
152,2,1294,1.5495983021599906
153,2,1295,1.4660062648001169
154,2,1296,1.422333652064914
155,2,1297,1.5014604159763882
156,2,1298,1.4696752542541138
157,2,1299,1.434037015551613
158,2,1300,1.5137804689861478
159,2,1301,1.5034306333178564
160,2,1302,1.400947834764208
161,2,1303,1.6054200615201677
162,2,1304,1.5221835346448989
163,2,1305,1.4124692508152557
164,2,1306,1.4388858931405206
165,2,1307,1.3829960652760096
166,2,1308,1.40951136747996
167,2,1309,1.4425829762504212
168,2,1310,1.5113279762722198
169,2,1311,1.380229544071924
170,2,1312,1.440071750254858
171,2,1313,1.4466287465322587
172,2,1314,1.3701730853035337
173,2,1315,1.4783622196742465
174,2,1316,1.4735665661948067
175,2,1317,1.4897058520998276
176,2,1318,1.4521400389217194
177,2,1319,1.4182156892049878
178,2,1320,1.417939645903451
179,2,1321,1.461538885320936
180,2,1322,1.4050068316005524
181,2,1323,1.4981362620989482
182,2,1324,1.508846518539247
183,2,1325,1.419915741398221
184,2,1326,1.384588014511835
185,2,1327,1.4476093905312672
186,2,1328,1.4261910574776786
187,2,1329,1.443553938752129
188,2,1330,1.363859000660124
189,2,1331,1.4814203920818514
190,2,1332,1.451523550919124
191,2,1333,1.4449865562575204
192,2,1334,1.5052288259778703
193,2,1335,1.4149659276008608
194,2,1336,1.3035352712585815
195,2,1337,1.46065168153672
196,2,1338,1.507494148753938
197,2,1339,1.4626967793419248
198,2,1340,1.448649565378825
199,2,1341,1.3958247133663726
200,2,1342,1.3997308668636141
201,2,1343,1.3669977443558832
202,2,1344,1.436555822690328
203,2,1345,1.4394261269342334
204,2,1346,1.4933740525018604
205,2,1347,1.4733747698011852
206,2,1348,1.4707807416007634
207,2,1349,1.3685305061794466
208,2,1350,1.4397694383348738
209,2,1351,1.4901240780240015
210,2,1352,1.400971057869139
211,2,1353,1.4705719096320016
212,2,1354,1.5320650708107717
213,2,1355,1.3910068188394817
214,2,1356,1.3951219547362557
215,2,1357,1.4228795028868173
216,2,1358,1.4837650287719
217,2,1359,1.536841704731896
218,2,1360,1.3819360846564885
219,2,1361,1.4273308969679332
220,2,1362,1.5444844223204115
221,2,1363,1.3842141032218933
222,2,1364,1.4029276143936884
223,2,1365,1.4285478847367423
224,2,1366,1.38261026711691
225,2,1367,1.4789870069140478
226,2,1368,1.514364841438475
227,2,1369,1.3967829914320082
228,2,1370,1.500009638922555
229,2,1371,1.46364726906731
230,2,1372,1.5232481218519665
231,2,1373,1.40811246349698
232,2,1374,1.468397611663455
233,2,1375,1.365881338005974
234,2,1376,1.428127643607912
235,2,1377,1.458384939602443
236,2,1378,1.4101680630729314
237,2,1379,1.455735234987168
238,2,1380,1.5048265911283947
239,2,1381,1.483691760471889
240,2,1382,1.5085567094030834
241,2,1383,1.4237807393074033
242,2,1384,1.5497822931834626
243,2,1385,1.4035323290597825
244,2,1386,1.5630626025654017
245,2,1387,1.5128605450902666
246,2,1388,1.4682168392908008
247,2,1389,1.507871565364656
248,2,1390,1.3941930078324818
249,2,1391,1.4348025321960451
250,2,1392,1.4480209747950237
251,2,1393,1.4701355866023469
252,2,1394,1.4535751484689257
253,2,1395,1.384761129106794
254,2,1396,1.408415090470087
255,2,1397,1.5119393609818954
256,2,1398,1.5256236933526541
257,2,1399,1.3871656315667287
258,2,1400,1.4991715209824696
259,2,1401,1.5030767804100398
260,2,1402,1.3858418322744823
261,2,1403,1.4262132332438513
262,2,1404,1.5445798124585832
263,2,1405,1.5599119095575242
264,2,1406,1.4247036774953203
265,2,1407,1.4962220816385177
266,2,1408,1.5112997463771276
267,2,1409,1.455987728777386
268,2,1410,1.459364510717846
269,2,1411,1.4000914181981767
270,2,1412,1.472717909585862
271,2,1413,1.4981335060937062
272,2,1414,1.417031631583259
273,2,1415,1.4076314313071112
274,2,1416,1.484288133326031
275,2,1417,1.441903701850346
276,2,1418,1.3801242255029222
277,2,1419,1.4390946711812702
278,2,1420,1.4645042249134608
279,2,1421,1.4584508112498697
280,2,1422,1.4712923708416166
281,2,1423,1.335072418053945
282,2,1424,1.4652286200296312
283,2,1425,1.4076073623838878
284,2,1426,1.483000238736471
285,2,1427,1.3737324277559917
286,2,1428,1.4007082127389452
287,2,1429,1.4722896133150374
288,2,1430,1.460176093237741
289,2,1431,1.3998330803144545
290,2,1432,1.4384351060504006
291,2,1433,1.49445755141122
292,2,1434,1.3896857812291097
293,2,1435,1.5313392593747093
294,2,1436,1.4317075723693484
295,2,1437,1.4482698752766565
296,2,1438,1.4594900863511222
297,2,1439,1.451701692172459
298,2,1440,1.4533869368689398
299,2,1441,1.5733096713111514
300,2,1442,1.467461290813628
301,2,1443,1.3913940503483726
302,2,1444,1.4869571328163147
303,2,1445,1.488966538792565
304,2,1446,1.4045220074199494
305,2,1447,1.475361920538403
306,2,1448,1.4077573702448891
307,2,1449,1.4472139875094094
308,2,1450,1.460183978080749
309,2,1451,1.4645313762483143
310,2,1452,1.4852296511332193
311,2,1453,1.42893062602906
312,2,1454,1.4021150469779968
313,2,1455,1.5204742181868778
314,2,1456,1.419231034460522
315,2,1457,1.3909758045559837
316,2,1458,1.5162022851762318
317,2,1459,1.5410395974204654
318,2,1460,1.3345652506465002
319,2,1461,1.4145706437882923
320,2,1462,1.474204352923802
321,2,1463,1.395542229924883
322,2,1464,1.3606528043746946
323,2,1465,1.4041271805763247
324,2,1466,1.418057816369193
325,2,1467,1.3534892570404782
326,2,1468,1.5268610857781908
327,2,1469,1.4982470444270541
328,2,1470,1.4274157455989287
329,2,1471,1.4421345449629284
330,2,1472,1.3984892708914622
331,2,1473,1.469486097494761
332,2,1474,1.4195090049789065
333,2,1475,1.4518955889202299
334,2,1476,1.4455503878139317
335,2,1477,1.5790169011978874
336,2,1478,1.4606143974122545
337,2,1479,1.4015039858363922
338,2,1480,1.4864104418527513
339,2,1481,1.468478038197472
340,2,1482,1.4931826307660059
341,2,1483,1.410580019156138
342,2,1484,1.487914028621855
343,2,1485,1.4808839815003532
344,2,1486,1.4940600168137326
345,2,1487,1.4754964936347235
346,2,1488,1.3761431801886785
347,2,1489,1.3906411273138863
348,2,1490,1.4878483897163752
349,2,1491,1.4696503423509144
350,2,1492,1.381918640363784
351,2,1493,1.438373645146688
352,2,1494,1.4788062231881276
353,2,1495,1.4456124930154708
354,2,1496,1.4900274901163013
355,2,1497,1.4373797518866402
356,2,1498,1.3584605682463873
357,2,1499,1.421700505983262
358,2,1500,1.3930418888727827
359,2,1501,1.4096268160002572
360,2,1502,1.4239701486769176
361,2,1503,1.4316505023411341
362,2,1504,1.3621707587015062
363,2,1505,1.4749355372928437
364,2,1506,1.492348722049168
365,2,1507,1.4030714006651015
366,2,1508,1.4455113297417048
367,2,1509,1.4202061125210355
368,2,1510,1.4010284940401712
369,2,1511,1.3133010041146054
370,2,1512,1.3634590080806186
371,2,1513,1.506882463182722
372,2,1514,1.4179337081455052
373,2,1515,1.5475280511946903
374,2,1516,1.4510726389430817
375,2,1517,1.4393539826075237
376,2,1518,1.4608888909930273
377,2,1519,1.459448871158418
378,2,1520,1.4484735301562714
379,2,1521,1.356337419578007
380,2,1522,1.5389697211129323
381,2,1523,1.4725811112494693
382,2,1524,1.4918229636691867
383,2,1525,1.514803801264082
384,2,1526,1.5121847731726512
385,2,1527,1.4196336751892453
386,2,1528,1.424023230870565
387,2,1529,1.37509928998493
388,2,1530,1.5084359021413891
389,2,1531,1.5612027758643743
390,2,1532,1.4135637283325195
391,2,1533,1.5061741755122233
392,2,1534,1.4643392591249376
393,2,1535,1.5268315587724954
394,2,1536,1.388797402381897
395,2,1537,1.5419292336418513
396,2,1538,1.3545264119193667
397,2,1539,1.524652523653848
398,2,1540,1.3613063125383287
399,2,1541,1.3564889828364053
400,2,1542,1.5491193362644742
401,2,1543,1.350760403133574
402,2,1544,1.511934314455305
403,2,1545,1.3591575225194297
404,2,1546,1.4126027879260836
405,2,1547,1.44971129440126
406,2,1548,1.400273606890724
407,2,1549,1.385239078885033
408,2,1550,1.5595534415472123
409,2,1551,1.446418143454052
410,2,1552,1.4996107986995153
411,2,1553,1.4938544176873707
412,2,1554,1.5072628202892486
413,2,1555,1.5310424339203608
414,2,1556,1.3885465377853032
415,2,1557,1.466387879280817
416,2,1558,1.4900542781466526
417,2,1559,1.3913338439805165
418,2,1560,1.363144883087703
419,2,1561,1.47058367729187
420,2,1562,1.4023206744875227
421,2,1563,1.4932887383869717
422,2,1564,1.5608783165613809
423,2,1565,1.403639282499041
424,2,1566,1.4274958145050776
425,2,1567,1.4817020949863255
426,2,1568,1.432476321856181
427,2,1569,1.3981382790065946
428,2,1570,1.4324564962160022
429,2,1571,1.4606061492647446
430,2,1572,1.4156300737744287
431,2,1573,1.4749030328932262
432,2,1574,1.4116202819915045
433,2,1575,1.3994323355810978
434,2,1576,1.4492473886126565
435,2,1577,1.4330080066408428
436,2,1578,1.3187237069720312
437,2,1579,1.5567382602464586
438,2,1580,1.5073454947698683
439,2,1581,1.398793001969655
440,2,1582,1.5492519821439468
441,2,1583,1.6000056437083656
442,2,1584,1.3769146714891707
443,2,1585,1.3454626060667494
444,2,1586,1.4463564242635456
445,2,1587,1.4953003213519143
446,2,1588,1.4901325844583053
447,2,1589,1.362295020194281
448,2,1590,1.439800568989345
449,2,1591,1.5217185701642717
450,2,1592,1.4988303638639904
451,2,1593,1.4024159510930376
452,2,1594,1.342876224290757
453,2,1595,1.4184695709319342
454,2,1596,1.4118379127411618
455,2,1597,1.4796057542165122
456,2,1598,1.576773090021951
457,2,1599,1.5179489623932612
458,2,1600,1.42455571322214
459,2,1601,1.326378197897048
460,2,1602,1.4696453525906517
461,2,1603,1.3919586567651656
462,2,1604,1.5232499610810055
463,2,1605,1.3920309004329499
464,2,1606,1.458976598013015
465,2,1607,1.3660715477807182
466,2,1608,1.4279270966847737
467,2,1609,1.3312199938864935
468,2,1610,1.4119977922666642
469,2,1611,1.4037776419094634
470,2,1612,1.4222247856003896
471,2,1613,1.3675842427072067
472,2,1614,1.4663317827951337
473,2,1615,1.5041788929984683
474,2,1616,1.4599100351333618
475,2,1617,1.381599167982737
476,2,1618,1.3422681547346567
477,2,1619,1.4953381674630302
478,2,1620,1.4891875982284548
479,2,1621,1.351523089976538
480,2,1622,1.405709936505272
481,2,1623,1.4819431163015824
482,2,1624,1.447944181306021
483,2,1625,1.3522558581261408
484,2,1626,1.4239214687120345
485,2,1627,1.4365897604397366
486,2,1628,1.4092915569032942
487,2,1629,1.3662870299248469
488,2,1630,1.5170304888770696
489,2,1631,1.4050453390393935
490,2,1632,1.4211871311778115
491,2,1633,1.5092169159934634
492,2,1634,1.5246360756102062
493,2,1635,1.3295362875575112
494,2,1636,1.3590975602467854
495,2,1637,1.4179274241129558
496,2,1638,1.4786163227898736
497,2,1639,1.4416404394876388
498,2,1640,1.4714078789665586
499,2,1641,1.3932480187643144
500,2,1642,1.5054497619469958
501,2,1643,1.4114538714999243
502,2,1644,1.42328675587972
503,2,1645,1.3744946718215942
504,2,1646,1.4549517461231778
505,2,1647,1.3943151178814113
506,2,1648,1.3828684261866981
507,2,1649,1.4662704921904066
508,2,1650,1.411263352348691
509,2,1651,1.4561653222356523
510,2,1652,1.453133273692358
511,2,1653,1.3325302089963644
512,2,1654,1.4756459508623396
513,2,1655,1.543423544792902
514,2,1656,1.4788642270224435
515,2,1657,1.4368279235703603
516,2,1658,1.4297955064546495
517,2,1659,1.5052101952689032
518,2,1660,1.39890090908323
519,2,1661,1.4476957548232308
520,2,1662,1.5241124686740692
521,2,1663,1.4893833796183271
522,2,1664,1.48166629246303
523,2,1665,1.3967983410471962
524,2,1666,1.5012695108141219
525,2,1667,1.4182433854965937
526,2,1668,1.4576111975170318
527,2,1669,1.4276571245420546
528,2,1670,1.490438958009084
529,2,1671,1.4308488681202844
530,2,1672,1.5485942761103315
531,2,1673,1.5265791614850361
532,2,1674,1.5731015489214941
533,2,1675,1.5516573843501862
534,2,1676,1.3715947327159699
535,2,1677,1.5101799624306815
536,2,1678,1.4047227104504905
537,2,1679,1.394779880841573
538,2,1680,1.3550177358445665
539,2,1681,1.4054285458156042
540,2,1682,1.5438774994441442
541,2,1683,1.4918305419740225
542,2,1684,1.42958144346873
543,2,1685,1.3688557233129228
544,2,1686,1.3734685381253562
545,2,1687,1.5005358287266322
546,2,1688,1.4687134027481075
547,2,1689,1.3800760621116268
548,2,1690,1.4914638769058957
549,2,1691,1.3898054957389832
550,2,1692,1.3583813196136834
551,2,1693,1.4533682039805822
552,2,1694,1.4304330859865462
553,2,1695,1.5252097277414234
554,2,1696,1.4624759696778793
555,2,1697,1.4367243051528928
556,2,1698,1.4764928505534214
557,2,1699,1.3536139187358676
558,2,1700,1.379233488014766
559,2,1701,1.4476552974610102
560,2,1702,1.4684597367332095
561,2,1703,1.4435834487279258
562,2,1704,1.469919023059663
563,2,1705,1.4359109401702879
564,2,1706,1.4006371072360448
565,2,1707,1.427049072015853
566,2,1708,1.422627290089925
567,2,1709,1.4262526716504782
568,2,1710,1.4583844854718162
569,2,1711,1.4742548096747627
570,2,1712,1.3837041372344603
571,2,1713,1.4599388610749018
572,2,1714,1.4489482783135912
573,2,1715,1.4681278410412013
574,2,1716,1.4536302458672297
575,2,1717,1.3862349703198387
576,2,1718,1.4819594366209847
577,2,1719,1.4949254535493395
578,2,1720,1.534483129069919
579,2,1721,1.520719113804045
580,2,1722,1.436265712692624
581,2,1723,1.4108473176047915
582,2,1724,1.3407094762438816
583,2,1725,1.3795912237394423
584,2,1726,1.4098011993226554
585,2,1727,1.3644529240471974
586,2,1728,1.410324406056177
587,2,1729,1.386015446413131
588,2,1730,1.3665027504875549
589,2,1731,1.420803501492455
590,2,1732,1.3955126461528593
591,2,1733,1.5014313005265731
592,2,1734,1.4391086016382488
593,2,1735,1.4094151372001285
594,2,1736,1.4406391382217407
595,2,1737,1.494752424103873
596,2,1738,1.4371787650244578
597,2,1739,1.4291291577475413
598,2,1740,1.432122837929499
599,2,1741,1.4794192087082634
600,2,1742,1.3503407835960388
601,2,1743,1.4072924029259455
602,2,1744,1.4205508005051388
603,2,1745,1.3854585460254125
604,2,1746,1.3030674656232195
605,2,1747,1.442326579775129
606,2,1748,1.3479107448032923
607,2,1749,1.4613649447758994
608,2,1750,1.3014633825847082
609,2,1751,1.507685246921721
610,2,1752,1.441184747786749
611,2,1753,1.448997608252934
612,2,1754,1.3249388734499614
613,2,1755,1.3926458585829962
614,2,1756,1.4187958552723838
615,2,1757,1.4523056901636575
616,2,1758,1.4785860436303273
617,2,1759,1.3777695951007662
618,2,1760,1.432492528642927
619,2,1761,1.3806192392394656
620,2,1762,1.4142308859598072
621,2,1763,1.5067522894768488
622,2,1764,1.4522029643967038
623,2,1765,1.4214718285061063
624,2,1766,1.4354753579412192
625,2,1767,1.4631142843337286
626,2,1768,1.3876907002358214
627,2,1769,1.5092334690548128
628,2,1770,1.4570471218654086
629,2,1771,1.4145846792629784
630,2,1772,1.416666751816159
631,2,1773,1.4139597784905207
632,2,1774,1.3649667529832745
633,2,1775,1.4424910006068998
634,2,1776,1.4520121074858165
635,2,1777,1.360643270469847
636,2,1778,1.416677225203741
637,2,1779,1.5398647245906647
638,2,1780,1.4197923058555237
639,2,1781,1.464107902277084
640,2,1782,1.4409327336720057
641,2,1783,1.3993022725695654
642,2,1784,1.500083713304429
643,2,1785,1.471917203494481
644,2,1786,1.4258820613225303
645,2,1787,1.456527766727266
646,2,1788,1.4148156756446477
647,2,1789,1.4546671992256528
648,2,1790,1.3064562053907485
649,2,1791,1.389626823720478
650,2,1792,1.4383991587729679
651,2,1793,1.4453293936593195
652,2,1794,1.5063527538662866
653,2,1795,1.4417438450313749
654,2,1796,1.4854415059089663
655,2,1797,1.543869994935535
656,2,1798,1.3450020324616205
657,2,1799,1.5287895827066331
658,2,1800,1.3728910911650887
659,2,1801,1.4048721875463217
660,2,1802,1.5080289613632927
661,2,1803,1.3596051761082244
662,2,1804,1.439052485284351
663,2,1805,1.306127789474669
664,2,1806,1.444277331942604
665,2,1807,1.4298957188924155
666,2,1808,1.4803435745693385
667,2,1809,1.5163718206541879
668,2,1810,1.4098743853114901
669,2,1811,1.5039512969198678
670,2,1812,1.400003853298369
671,2,1813,1.4228942053658622
672,2,1814,1.4806790749231973
673,2,1815,1.407745985757737
674,2,1816,1.3822619574410575
675,2,1817,1.4303697574706304
676,2,1818,1.5088640735262917
677,2,1819,1.5015280984696888
678,2,1820,1.4711544286637077
679,2,1821,1.5031760817482356
680,2,1822,1.389301285857246
681,2,1823,1.4500322114853632
682,2,1824,1.422143218063173
683,2,1825,1.3385601497831798
684,2,1826,1.4785460545903162
685,2,1827,1.377455529712495
686,2,1828,1.5209375279290336
687,2,1829,1.451834417524792
688,2,1830,1.4036645463534763
689,2,1831,1.4478126962979634
690,2,1832,1.48861365091233
691,2,1833,1.519751406851269
692,2,1834,1.4716727847144724
693,2,1835,1.4893118199847992
694,2,1836,1.4382929716791422
695,2,1837,1.4854813870929535
696,2,1838,1.3988658700670518
697,2,1839,1.5210139070238384
698,2,1840,1.4661670809700373
699,2,1841,1.4538650143714178
700,2,1842,1.4276825076057795
701,2,1843,1.4549968611626392
702,2,1844,1.4915966902460367
703,2,1845,1.3296843994231453
704,2,1846,1.5134475032488508
705,2,1847,1.389140764872233
706,2,1848,1.4399315544537137
707,2,1849,1.4528643630799793
708,2,1850,1.433889701252892
709,2,1851,1.4718045507158553
710,2,1852,1.3813270245279583
711,2,1853,1.405500817866553
712,2,1854,1.4330774772734869
713,2,1855,1.4725118932269867
714,2,1856,1.4840635997908458
715,2,1857,1.4575180382955644
716,2,1858,1.4374679951440719
717,2,1859,1.4200248406046914
718,2,1860,1.4509815261477519
719,2,1861,1.440772391500927
720,2,1862,1.4254141875675745
721,2,1863,1.410405315103985
722,2,1864,1.4703685556139263
723,2,1865,1.4488801047915503
724,2,1866,1.4092417189053126
725,2,1867,1.4804035964466278
726,2,1868,1.4482468082791282
727,2,1869,1.4507297277450562
728,2,1870,1.3517667509260631
729,2,1871,1.4495809674263
730,2,1872,1.4313352760814488
731,2,1873,1.5851166475386844
732,2,1874,1.4266436554136728
733,2,1875,1.422015823069073
734,2,1876,1.4519293705622354
735,2,1877,1.4167844709895905
736,2,1878,1.4404159784317014
737,2,1879,1.514749595097133
738,2,1880,1.3671306655520485
739,2,1881,1.5438359521684195
740,2,1882,1.5440565858568462
741,2,1883,1.4536028504371643
742,2,1884,1.3746755775951205
743,2,1885,1.5399659474690754
744,2,1886,1.409273774850936
745,2,1887,1.4111316658201671
746,2,1888,1.426948808488392
747,2,1889,1.5194833647637143
748,2,1890,1.4240256320862543
749,2,1891,1.412385787282671
750,2,1892,1.3077076304526556
751,2,1893,1.4039373426210315
752,2,1894,1.3816840818950105
753,2,1895,1.4596437669935682
754,2,1896,1.3531779987471444
755,2,1897,1.4305105606714883
756,2,1898,1.420903864360991
757,2,1899,1.4270685911178587
758,2,1900,1.3566593641326543
759,2,1901,1.427700343586149
760,2,1902,1.4573442935943608
761,2,1903,1.4221681583495367
762,2,1904,1.4131822245461603
763,2,1905,1.4592270425387794
764,2,1906,1.3704598744710288
765,2,1907,1.4714332535153343
766,2,1908,1.4728706592605225
767,2,1909,1.4730143944422405
768,2,1910,1.5076594182423184
769,2,1911,1.4800466554505485
770,2,1912,1.472687181972322
771,2,1913,1.3649437143689112
772,2,1914,1.5006676600092934
773,2,1915,1.5952215648832775
774,2,1916,1.4318007003693356
775,2,1917,1.4158728122711184
776,2,1918,1.3651704050245737
777,2,1919,1.4377361933390298
778,2,1920,1.517306566238403
779,2,1921,1.3703129972730368
780,2,1922,1.4253819130715872
781,2,1923,1.4907932167961484
782,2,1924,1.4857918194362099
783,2,1925,1.444779103710538
784,2,1926,1.426367115406763
785,2,1927,1.505435375940232
786,2,1928,1.432980037870861
787,2,1929,1.418819214616503
788,2,1930,1.362906087012518
789,2,1931,1.371012466294425
790,2,1932,1.4712311483564835
791,2,1933,1.4511223179953436
792,2,1934,1.4610837811515447
793,2,1935,1.3934024146624975
794,2,1936,1.421897314843677
795,2,1937,1.43365064121428
796,2,1938,1.4365254952794033
797,2,1939,1.407896671976362
798,2,1940,1.4352738970801944
799,2,1941,1.5215637456803095
800,2,1942,1.4879871152696156
801,2,1943,1.606674353281657
802,2,1944,1.4839574354035512
803,2,1945,1.3691633258547098
804,2,1946,1.3781898844809757
805,2,1947,1.411820332209269
806,2,1948,1.3695134662446522
807,2,1949,1.5592015754608881
808,2,1950,1.3819096443198977
809,2,1951,1.4158581438518705
810,2,1952,1.3869671395846772
811,2,1953,1.3575058806510198
812,2,1954,1.398015817006429
813,2,1955,1.4561922521818254
814,2,1956,1.4707929066249303
815,2,1957,1.4097070693969727
816,2,1958,1.4298238981337772
817,2,1959,1.45647942168372
818,2,1960,1.4267682944025313
819,2,1961,1.4396694189026242
820,2,1962,1.4516172409057617
821,2,1963,1.4414165417353315
822,2,1964,1.4345143465768722
823,2,1965,1.5461604595184328
824,2,1966,1.4522672323953536
825,2,1967,1.4297773383912586
826,2,1968,1.4243513033503574
827,2,1969,1.3609778029578075
828,2,1970,1.3364040596144542
829,2,1971,1.2718648087410702
830,2,1972,1.394365764799572
831,2,1973,1.4486574133237202
832,2,1974,1.4628243815331232
833,2,1975,1.531853681518918
834,2,1976,1.4268730992362613
835,2,1977,1.3888745534987679
836,2,1978,1.3587037097840082
837,2,1979,1.4388026311284021
838,2,1980,1.462752643085661
839,2,1981,1.3862268413816181
840,2,1982,1.5200081581161131
841,2,1983,1.4871668758846461
842,2,1984,1.4712094522657848
843,2,1985,1.429953322524116
844,2,1986,1.4501356312206815
845,2,1987,1.4159864981969197
846,2,1988,1.4527487187158492
847,2,1989,1.4650029909043087
848,2,1990,1.4423746211188184
849,2,1991,1.398308237393697
850,2,1992,1.3876514718646096
851,2,1993,1.4357982476552331
852,2,1994,1.4376188686915803
853,2,1995,1.4973750284739904
854,2,1996,1.367784321308136
855,2,1997,1.4335049986839297
856,2,1998,1.4592098764010841
857,2,1999,1.4777117399942306
858,2,2000,1.433257642246428
859,2,2001,1.349459591365996
860,2,2002,1.4071343342463176
861,2,2003,1.5199804816927232
862,2,2004,1.394031660897391
863,2,2005,1.5008379675093146
864,2,2006,1.4171619869413836
865,2,2007,1.5106494540259954
866,2,2008,1.4972274360202606
867,2,2009,1.4303655340558008
868,2,2010,1.43486555985042
869,2,2011,1.4990507392656236
870,2,2012,1.4790883064270022
871,2,2013,1.3299621684210639
872,2,2014,1.3274487909816564
873,2,2015,1.484082588127681
874,2,2016,1.3640479133242653
875,2,2017,1.373116331441062
876,2,2018,1.4882485809780304
877,2,2019,1.4204115470250447
878,2,2020,1.527075631277902
879,2,2021,1.458438643387386
880,2,2022,1.44415013846897
881,2,2023,1.3635654534612383
882,2,2024,1.50897973492032
883,2,2025,1.490177926563081
884,2,2026,1.4134249687194824
885,2,2027,1.4395906300771804
886,2,2028,1.3937940569151017
887,2,2029,1.4535257702782038
888,2,2030,1.3870125185875664
889,2,2031,1.537572775568281
890,2,2032,1.435255053497496
891,2,2033,1.481131672859192
892,2,2034,1.394925775982085
893,2,2035,1.4930536236081802
894,2,2036,1.3851452015695116
895,2,2037,1.405392297676631
896,2,2038,1.444672473839351
897,2,2039,1.4787405956359139
898,2,2040,1.3067286241622196
899,2,2041,1.4411448041598
900,2,2042,1.375654967058273
901,2,2043,1.4990552550270446
902,2,2044,1.4469147154263085
903,2,2045,1.451532707327888
904,2,2046,1.4975407577696302
905,2,2047,1.4944397267841156
906,2,2048,1.356040684949784
907,2,2049,1.4233474617912654
908,2,2050,1.4534613575254167
909,2,2051,1.5254401592981248
910,2,2052,1.5312412352789018
911,2,2053,1.5029703974723816
912,2,2054,1.4232978820800783
913,2,2055,1.4216134434654601
914,2,2056,1.4140714265051346
915,2,2057,1.3494436116445632
916,2,2058,1.3993039925893145
917,2,2059,1.338288071609679
918,2,2060,1.4293455396379744
919,2,2061,1.4918650275184997
920,2,2062,1.4276617140997023
921,2,2063,1.503153256007603
922,2,2064,1.4072993709927515
923,2,2065,1.3750516289756411
924,2,2066,1.4147019556590488
925,2,2067,1.465853713807605
926,2,2068,1.4338851684615725
927,2,2069,1.4510377503576732
928,2,2070,1.489788373311361
929,2,2071,1.4562798397881642
930,2,2072,1.5557445174171811
931,2,2073,1.4427765210469565
932,2,2074,1.4515840439569383
933,2,2075,1.4318065529777888
934,2,2076,1.446286468278794
935,2,2077,1.3754175220217024
936,2,2078,1.5168616658165344
937,2,2079,1.332904963266282
938,2,2080,1.4388197234698707
939,2,2081,1.3616924853551955
940,2,2082,1.4248432034537906
941,2,2083,1.4918243203844348
942,2,2084,1.4237183105377926
943,2,2085,1.4637560021309626
944,2,2086,1.4292095558983937
945,2,2087,1.4658595266796293
946,2,2088,1.4576049787657603
947,2,2089,1.4374032872063771
948,2,2090,1.4638306640443348
949,2,2091,1.457344798814683
950,2,2092,1.491725118387313
951,2,2093,1.4569306032998226
952,2,2094,1.4001460245677402
953,2,2095,1.3735285827091763
954,2,2096,1.4687626702444891
955,2,2097,1.5020915298234847
956,2,2098,1.4666536024638586
957,2,2099,1.3787493819282168
958,2,2100,1.3523261504513877
959,2,2101,1.5516068935394283
960,2,2102,1.5248292940003532
961,2,2103,1.519648620060512
962,2,2104,1.3790917907442366
963,2,2105,1.4436518805367606
964,2,2106,1.4795061179569788
965,2,2107,1.4108547227723258
966,2,2108,1.4859948101497833
967,2,2109,1.4266172363644558
968,2,2110,1.540463475953965
969,2,2111,1.3961871834028334
970,2,2112,1.4963152976263139
971,2,2113,1.4193875846408663
972,2,2114,1.4593326449394224
973,2,2115,1.4672125010263353
974,2,2116,1.4607665879385812
975,2,2117,1.4041660541579837
976,2,2118,1.382501244544983
977,2,2119,1.4127331092244102
978,2,2120,1.4269169937996637
979,2,2121,1.4632831301007954
980,2,2122,1.4602098777180625
981,2,2123,1.3466826932770868
982,2,2124,1.4929110038848148
983,2,2125,1.472284018993378
984,2,2126,1.497381738254002
985,2,2127,1.4703066831543332
986,2,2128,1.3751544611794604
987,2,2129,1.4720806905201502
988,2,2130,1.4058145398185369
989,2,2131,1.431909958521525
990,2,2132,1.5548881746473766
991,2,2133,1.3525125639779225
992,2,2134,1.5191974327677773
993,2,2135,1.4296690026919048
994,2,2136,1.4335154011136013
995,2,2137,1.385491916111537
996,2,2138,1.3767582433564325
997,2,2139,1.4859554966290789
998,2,2140,1.3954332272211711
999,2,2141,1.345771599383581
1000,2,2142,1.5410973685128346
1001,2,2143,1.533448582603818
1002,2,2144,1.5249372323354085
1003,2,2145,1.466270327568054
1004,2,2146,1.457506015187218
1005,2,2147,1.3857937511943634
1006,2,2148,1.5101616354215708
1007,2,2149,1.4183765252431237
1008,2,2150,1.4095226469494049
1009,2,2151,1.3157813662574407
1010,2,2152,1.351138804640089
1011,2,2153,1.5178957950501215
1012,2,2154,1.4249543944994605
1013,2,2155,1.3316368999935333
1014,2,2156,1.4109356261435009
1015,2,2157,1.4308064579963682
1016,2,2158,1.410043151605697
1017,2,2159,1.4480226664316083
1018,2,2160,1.460383068947565
1019,2,2161,1.3946627435230075
1020,2,2162,1.4508839221227738
1021,2,2163,1.4183687312262399
1022,2,2164,1.4372220039367674
1023,2,2165,1.4089466957818892
1024,2,2166,1.439389183407738
1025,2,2167,1.4398811970438277
1026,2,2168,1.4737847986675445
1027,2,2169,1.462786453110831
1028,2,2170,1.3351104912303744
1029,2,2171,1.3507517462684997
1030,2,2172,1.4742052838915871
1031,2,2173,1.4145072726976304
1032,2,2174,1.3877980623926436
1033,2,2175,1.4188459657487413
1034,2,2176,1.481855931736174
1035,2,2177,1.4847747087478635
1036,2,2178,1.4512423333667572
1037,2,2179,1.4933142832347326
1038,2,2180,1.4433438352176122
1039,2,2181,1.4408632970991588
1040,2,2182,1.5422261726288569
1041,2,2183,1.4810902873675027
1042,2,2184,1.406940840539478
1043,2,2185,1.4177792412894112
1044,2,2186,1.483480955873217
1045,2,2187,1.3807088534037273
1046,2,2188,1.4819109808830988
1047,2,2189,1.4677027549062456
1048,2,2190,1.4710330764452617
1049,2,2191,1.364247356142316
1050,2,2192,1.4399812193143937
1051,2,2193,1.331499548185439
1052,2,2194,1.510179400444031
1053,2,2195,1.558580713612693
1054,2,2196,1.5658938913118272
1055,2,2197,1.4703836554572696
1056,2,2198,1.3872423626127697
1057,2,2199,1.4260791029248925
1058,2,2200,1.5179863685653328
1059,2,2201,1.423707397211166
1060,2,2202,1.5041580767858598
1061,2,2203,1.3477896281651087
1062,2,2204,1.3962038613501047
1063,2,2205,1.4515382675897508
1064,2,2206,1.4387696129935126
1065,2,2207,1.4257172516414096
1066,2,2208,1.4957182435762315
1067,2,2209,1.4170140084766205
1068,2,2210,1.3490177279426936
1069,2,2211,1.4151278308459692
1070,2,2212,1.3714444154784795
1071,2,2213,1.4974038487388976
1072,2,2214,1.4046876203446164
1073,2,2215,1.4937088432766141
1074,2,2216,1.477262045655932
1075,2,2217,1.5280809232166837
1076,2,2218,1.3295445413816542
1077,2,2219,1.4007605143955772
1078,2,2220,1.4423769485382805
1079,2,2221,1.3613465343202864
1080,2,2222,1.4377874164354234
1081,2,2223,1.3593460293043225
1082,2,2224,1.5082102503095356
1083,2,2225,1.400787858735947
1084,2,2226,1.3988115333375475
1085,2,2227,1.4507626295089722
1086,2,2228,1.3714782340185985
1087,2,2229,1.3448395274934315
1088,2,2230,1.5266955693562823
1089,2,2231,1.4585574581509544
1090,2,2232,1.361305262361254
1091,2,2233,1.435474117596944
1092,2,2234,1.4119560292788915
1093,2,2235,1.4392799649919779
1094,2,2236,1.441005298069545
1095,2,2237,1.4849092364311218
1096,2,2238,1.4032907940092538
1097,2,2239,1.3633577823638916
1098,2,2240,1.4249727357001531
1099,2,2241,1.452056884765625
1100,2,2242,1.5030878384908044
1101,2,2243,1.4692093304225375
1102,2,2244,1.4953517119089759
1103,2,2245,1.3907366167931328
1104,2,2246,1.4198957028843107
1105,2,2247,1.5212894820031664
1106,2,2248,1.4772125113578067
1107,2,2249,1.4481946343467347
1108,2,2250,1.533421243940081
1109,2,2251,1.392342249552409
1110,2,2252,1.363238144488562
1111,2,2253,1.399261616525196
1112,2,2254,1.3892226673307873
1113,2,2255,1.5427760992731363
1114,2,2256,1.4499065790857586
1115,2,2257,1.4375518901007516
1116,2,2258,1.441814411254156
1117,2,2259,1.3690583308537803
1118,2,2260,1.3657827490851995
1119,2,2261,1.4141452596301127
1120,2,2262,1.472292945498512
1121,2,2263,1.4180281644775754
1122,2,2264,1.4252852825891404
1123,2,2265,1.4140114812623885
1124,2,2266,1.4109659450394765
1125,2,2267,1.4846282970337639
1126,2,2268,1.400926113128662
1127,2,2269,1.3959469795227049
1128,2,2270,1.367464054198492
1129,2,2271,1.504021201814924
1130,2,2272,1.3622333577701025
1131,2,2273,1.3341642618179321
1132,2,2274,1.4077101520129611
1133,2,2275,1.42237853436243
1134,2,2276,1.3780676410311743
1135,2,2277,1.5494144927887685
1136,2,2278,1.3791571458180745
1137,2,2279,1.392701767739796
1138,2,2280,1.5119233017876033
1139,2,2281,1.479125258468446
1140,2,2282,1.4171768426895142
0,3,2283,1.4092503161657424
1,3,2284,1.3791602736427673
2,3,2285,1.413123295420692
3,3,2286,1.4802847618148438
4,3,2287,1.45200073435193
5,3,2288,1.4694601524443855
6,3,2289,1.4715318679809568
7,3,2290,1.4251357487269807
8,3,2291,1.5139949861026947
9,3,2292,1.4222014943758645
10,3,2293,1.465839391662961
11,3,2294,1.4739910931814286
12,3,2295,1.3889613038017636
13,3,2296,1.4438441424142747
14,3,2297,1.432664930820465
15,3,2298,1.4974442578497387
16,3,2299,1.3456466595331826
17,3,2300,1.3670360417593093
18,3,2301,1.4612364825748265
19,3,2302,1.417608669825963
20,3,2303,1.5158395256314958
21,3,2304,1.3823145230611165
22,3,2305,1.4742819070816044
23,3,2306,1.3467540428751992
24,3,2307,1.388928560983567
25,3,2308,1.4771226729665485
26,3,2309,1.441906838189988
27,3,2310,1.4179194541204543
28,3,2311,1.4126356386003038
29,3,2312,1.4232897020521615
30,3,2313,1.461037794748942
31,3,2314,1.4455158341498602
32,3,2315,1.414937938962664
33,3,2316,1.5032588811147782
34,3,2317,1.4611123346147086
35,3,2318,1.3868176199141002
36,3,2319,1.3983162755057925
37,3,2320,1.585145950317383
38,3,2321,1.4163732415153865
39,3,2322,1.4597235776129223
40,3,2323,1.4448058520044595
41,3,2324,1.3906536329360235
42,3,2325,1.433072356950669
43,3,2326,1.4552563145047142
44,3,2327,1.457651254676637
45,3,2328,1.3725348370415822
46,3,2329,1.4560933936209906
47,3,2330,1.4893798572676522
48,3,2331,1.4401856689226062
49,3,2332,1.434411801043011
50,3,2333,1.3168379834720065
51,3,2334,1.4070060082844325
52,3,2335,1.4369493041719712
53,3,2336,1.401559676442827
54,3,2337,1.4167360748563493
55,3,2338,1.4928464946292697
56,3,2339,1.4780280930655345
57,3,2340,1.3561553444181171
58,3,2341,1.4188762818064007
59,3,2342,1.4661678643453688
60,3,2343,1.4755242041179115
61,3,2344,1.437514725185576
62,3,2345,1.5065888365109759
63,3,2346,1.3203972152301242
64,3,2347,1.48787408215659
65,3,2348,1.413768441904159
66,3,2349,1.4908053023474555
67,3,2350,1.366380722749801
68,3,2351,1.5071796065285095
69,3,2352,1.3872364418847223
70,3,2353,1.449243556885492
71,3,2354,1.3812940404528662
72,3,2355,1.43251815864018
73,3,2356,1.3844443275814966
74,3,2357,1.4094126054218836
75,3,2358,1.4130436465853737
76,3,2359,1.4065081704230538
77,3,2360,1.4721566807656064
78,3,2361,1.4600761390867687
79,3,2362,1.4291295409202573
80,3,2363,1.4461392504828319
81,3,2364,1.4477244629746389
82,3,2365,1.4938626516432991
83,3,2366,1.4636820441200615
84,3,2367,1.3638265274819874
85,3,2368,1.3515401681264243
86,3,2369,1.3793995891298567
87,3,2370,1.434826510293143
88,3,2371,1.4412657788821635
89,3,2372,1.5400872684660416
90,3,2373,1.398874180657523
91,3,2374,1.5375907506261555
92,3,2375,1.3895471152805148
93,3,2376,1.4513600355102902
94,3,2377,1.4295604143823897
95,3,2378,1.4736720266796295
96,3,2379,1.419149838742756
97,3,2380,1.4907884512628824
98,3,2381,1.4034715607052757
99,3,2382,1.3757133597419378
100,3,2383,1.3709627333141507
101,3,2384,1.4665818498248149
102,3,2385,1.4174418108803886
103,3,2386,1.5031235587029232
104,3,2387,1.3549739860353018
105,3,2388,1.433339837051573
106,3,2389,1.4946966000965665
107,3,2390,1.4396293759346008
108,3,2391,1.4188695493198578
109,3,2392,1.449113130569458
110,3,2393,1.431612485931033
111,3,2394,1.4094621482349574
112,3,2395,1.5648120528175713
113,3,2396,1.3952587899707616
114,3,2397,1.3678014335178192
115,3,2398,1.5044999378068107
116,3,2399,1.4713885500317527
117,3,2400,1.4858922220411757
118,3,2401,1.4352640083857946
119,3,2402,1.417119786852882
120,3,2403,1.3011889684767954
121,3,2404,1.4805167289007275
122,3,2405,1.4855975480306718
123,3,2406,1.4960950669788176
124,3,2407,1.4170019513084777
125,3,2408,1.391096239998227
126,3,2409,1.459270891689119
127,3,2410,1.522328671954927
128,3,2411,1.45396709158307
129,3,2412,1.3870695886157807
130,3,2413,1.4116012624331884
131,3,2414,1.3449381731805345
132,3,2415,1.443092104934511
133,3,2416,1.4563029436838062
134,3,2417,1.3946072118622916
135,3,2418,1.4417206361180261
136,3,2419,1.3965540272848949
137,3,2420,1.4025829888525465
138,3,2421,1.3607516998336429
139,3,2422,1.4547046933855325
140,3,2423,1.3215433160463967
141,3,2424,1.438550177074614
142,3,2425,1.4386846508298603
143,3,2426,1.4762685838199798
144,3,2427,1.3809089603878202
145,3,2428,1.4275926805677868
146,3,2429,1.3198070497739887
147,3,2430,1.414844254652659
148,3,2431,1.4962059571629478
149,3,2432,1.3998658657073977
150,3,2433,1.4602815366926651
151,3,2434,1.3559645726567224
152,3,2435,1.5109853630974177
153,3,2436,1.4099970005807425
154,3,2437,1.428181977499099
155,3,2438,1.5332678499675931
156,3,2439,1.464043696721395
157,3,2440,1.4631035441444034
158,3,2441,1.428405443827311
159,3,2442,1.4734198223976862
160,3,2443,1.3224354755310783
161,3,2444,1.4090214371681213
162,3,2445,1.4244819538933893
163,3,2446,1.455615006742023
164,3,2447,1.5327701965967813
165,3,2448,1.432212730248769
166,3,2449,1.414540796052842
167,3,2450,1.4713928585960747
168,3,2451,1.4530832710720243
169,3,2452,1.420461765357426
170,3,2453,1.407542225860414
171,3,2454,1.3965008485884893
172,3,2455,1.3242803726877486
173,3,2456,1.4088197151819861
174,3,2457,1.3811688763754708
175,3,2458,1.420972460792178
176,3,2459,1.4626838650022234
177,3,2460,1.3371577404794235
178,3,2461,1.4732446216401598
179,3,2462,1.343615072114127
180,3,2463,1.513984915756044
181,3,2464,1.3202698770023527
182,3,2465,1.510327583267575
183,3,2466,1.476517665953863
184,3,2467,1.4671087293397813
185,3,2468,1.3869901952289398
186,3,2469,1.4167227972121468
187,3,2470,1.4083467750322252
188,3,2471,1.4166612795421054
189,3,2472,1.445129794733865
190,3,2473,1.3975731191181
191,3,2474,1.4356198764982677
192,3,2475,1.373662415004912
193,3,2476,1.4304482028597876
194,3,2477,1.3606361150741582
195,3,2478,1.4065914352734885
196,3,2479,1.4537389959607807
197,3,2480,1.4683042934962682
198,3,2481,1.4713356154305595
199,3,2482,1.3770472350574674
200,3,2483,1.4054594664346602
201,3,2484,1.4211992422739665
202,3,2485,1.4714419444402056
203,3,2486,1.4109250534148445
204,3,2487,1.5191911856333413
205,3,2488,1.4574809642065136
206,3,2489,1.301415749958583
207,3,2490,1.4437884603227888
208,3,2491,1.427656031790234
209,3,2492,1.4622541325432912
210,3,2493,1.4322502187320163
211,3,2494,1.363847227323623
212,3,2495,1.437889825730097
213,3,2496,1.4593375012988137
214,3,2497,1.4899584338778542
215,3,2498,1.4747901303427564
216,3,2499,1.42103522164481
217,3,2500,1.4237871567408242
218,3,2501,1.4664637872150967
219,3,2502,1.3801038889657886
220,3,2503,1.4774300853411355
221,3,2504,1.4156324125471569
222,3,2505,1.4937919605345955
223,3,2506,1.3633780820029122
224,3,2507,1.3958913882573445
225,3,2508,1.3757016829081947
226,3,2509,1.5410487169311158
227,3,2510,1.5153403395698186
228,3,2511,1.3757195643016271
229,3,2512,1.4223831437882921
230,3,2513,1.3169776995976767
231,3,2514,1.3768025863738287
232,3,2515,1.506962506544022
233,3,2516,1.398903009437379
234,3,2517,1.4479132436570668
235,3,2518,1.4515330564408078
236,3,2519,1.4916087843122932
237,3,2520,1.4886250098546345
238,3,2521,1.400358679748717
239,3,2522,1.4046341805231006
240,3,2523,1.4143769428843544
241,3,2524,1.3729342023531597
242,3,2525,1.5120130663826357
243,3,2526,1.504090172903878
244,3,2527,1.4172585464659186
245,3,2528,1.3934710394768488
246,3,2529,1.4332132992290312
247,3,2530,1.4431824457077755
248,3,2531,1.4423172928038102
249,3,2532,1.4186304836046129
250,3,2533,1.4136255326725191
251,3,2534,1.4258440789722262
252,3,2535,1.4159414314088368
253,3,2536,1.3998925260135104
254,3,2537,1.4335509141286216
255,3,2538,1.465586537406558
256,3,2539,1.3918393736793884
257,3,2540,1.5149126847585042
258,3,2541,1.4137872826485407
259,3,2542,1.3644640417326064
260,3,2543,1.4246318510600497
261,3,2544,1.431039912360055
262,3,2545,1.387795414243426
263,3,2546,1.431977351506551
264,3,2547,1.3750284370921906
265,3,2548,1.395440995693207
266,3,2549,1.4330156190054757
267,3,2550,1.3548635471434822
268,3,2551,1.4790621399879456
269,3,2552,1.4638396331242154
270,3,2553,1.3923433281126478
271,3,2554,1.3632485015051703
272,3,2555,1.3546263064656936
273,3,2556,1.4406807649703253
274,3,2557,1.480286393846784
275,3,2558,1.3944186256045388
276,3,2559,1.3881416746548245
277,3,2560,1.4057727541242326
278,3,2561,1.4415615371295387
279,3,2562,1.386929262252081
280,3,2563,1.3674299887248451
281,3,2564,1.42865142368135
282,3,2565,1.4662659395308721
283,3,2566,1.3574691216150918
284,3,2567,1.4045577020872206
285,3,2568,1.5052479505538943
286,3,2569,1.3220741436595007
287,3,2570,1.4666218927928383
288,3,2571,1.5028542847860427
289,3,2572,1.4885049519084748
290,3,2573,1.3229161586080278
291,3,2574,1.4807961043857392
292,3,2575,1.448525485538301
293,3,2576,1.4708152839115687
294,3,2577,1.4537263030097598
295,3,2578,1.4766586621602376
296,3,2579,1.4344464256649925
297,3,2580,1.3275108706383476
298,3,2581,1.4631141991842362
299,3,2582,1.4637462808972315
300,3,2583,1.465654075145721
301,3,2584,1.3928948924655007
302,3,2585,1.42999499752408
303,3,2586,1.3346379229000638
304,3,2587,1.4345485965410867
305,3,2588,1.5561981144405546
306,3,2589,1.4591030450094318
307,3,2590,1.4141397419429962
308,3,2591,1.3830147101765589
309,3,2592,1.4561718815848943
310,3,2593,1.4119726419448855
311,3,2594,1.4845498289380756
312,3,2595,1.4125127111162457
313,3,2596,1.452693181378501
314,3,2597,1.4334998443013145
315,3,2598,1.3585956749461947
316,3,2599,1.5361854235331218
317,3,2600,1.2683132943652926
318,3,2601,1.5060773747307914
319,3,2602,1.404638920511518
320,3,2603,1.37948629401979
321,3,2604,1.3720591011501493
322,3,2605,1.446878251575288
323,3,2606,1.4300592257862998
324,3,2607,1.369541855085464
325,3,2608,1.3960795317377364
326,3,2609,1.397065735998608
327,3,2610,1.5307060309818814
328,3,2611,1.3625270468848092
329,3,2612,1.4717899447395688
330,3,2613,1.482704043388367
331,3,2614,1.4125353580429443
332,3,2615,1.3685342357272194
333,3,2616,1.41590336390904
334,3,2617,1.43528113478706
335,3,2618,1.3676650779587882
336,3,2619,1.3627870678901672
337,3,2620,1.3605572127160572
338,3,2621,1.5026314372108098
339,3,2622,1.5243059964407057
340,3,2623,1.378654224531991
341,3,2624,1.379152093614851
342,3,2625,1.4706946157273793
343,3,2626,1.4172323885418123
344,3,2627,1.3862229103133794
345,3,2628,1.2828940664018904
346,3,2629,1.4281957546869914
347,3,2630,1.410477836926778
348,3,2631,1.4667759935061138
349,3,2632,1.4315159547896614
350,3,2633,1.4425825476646426
351,3,2634,1.5147567221096587
352,3,2635,1.4175541457675755
353,3,2636,1.4237611293792725
354,3,2637,1.4440081800733293
355,3,2638,1.3964344433375768
356,3,2639,1.3275750960622519
357,3,2640,1.5449672540028887
358,3,2641,1.423503288200923
359,3,2642,1.5123699789955505
360,3,2643,1.4337643895830428
361,3,2644,1.532903089409783
362,3,2645,1.410579437301272
363,3,2646,1.4245557955333166
364,3,2647,1.2779983679453528
365,3,2648,1.5037696134476433
366,3,2649,1.5838705982480736
367,3,2650,1.4186261466571264
368,3,2651,1.4153586569286527
369,3,2652,1.4357324668339317
370,3,2653,1.341854393482208
371,3,2654,1.4703153229895094
372,3,2655,1.4252572854359944
373,3,2656,1.4662578134309676
374,3,2657,1.4721363555817375
375,3,2658,1.420297668093727
376,3,2659,1.4070082959674652
377,3,2660,1.4047963307017373
378,3,2661,1.3890349609511237
379,3,2662,1.457196513811747
380,3,2663,1.3260088449432739
381,3,2664,1.372849646068755
382,3,2665,1.548372458843958
383,3,2666,1.5116031765937805
384,3,2667,1.5141199656895226
385,3,2668,1.4118433963684809
386,3,2669,1.4554023799442108
387,3,2670,1.4453091394333615
388,3,2671,1.5295976740973338
389,3,2672,1.4106424223809015
390,3,2673,1.4234930589085535
391,3,2674,1.4042326580910454
392,3,2675,1.4435754389989943
393,3,2676,1.4657137223652434
394,3,2677,1.3943251768747966
395,3,2678,1.4133640641257876
396,3,2679,1.315657669589633
397,3,2680,1.384696154367356
398,3,2681,1.4370155845369612
399,3,2682,1.4687801713035222
400,3,2683,1.468564237867083
401,3,2684,1.4990184080033078
402,3,2685,1.3718576147442771
403,3,2686,1.402743969644819
404,3,2687,1.3983374266397386
405,3,2688,1.4758930234681993
406,3,2689,1.4202598276592435
407,3,2690,1.4244334811256045
408,3,2691,1.5849934589295163
409,3,2692,1.4710766616321744
410,3,2693,1.447937840507144
411,3,2694,1.3214495948382787
412,3,2695,1.4895225309190296
413,3,2696,1.4264994661013286
414,3,2697,1.3980014068739752
415,3,2698,1.4117636737369357
416,3,2699,1.4280413673037573
417,3,2700,1.4633640448252365
418,3,2701,1.4212457793099538
419,3,2702,1.3351571786971317
420,3,2703,1.4279330940473645
421,3,2704,1.411522087596712
422,3,2705,1.4173438321976437
423,3,2706,1.478671068236942
424,3,2707,1.437318041211083
425,3,2708,1.5118640718005951
426,3,2709,1.5098829496474493
427,3,2710,1.397460108711606
428,3,2711,1.4717273995989844
429,3,2712,1.527340028967176
430,3,2713,1.5040848538989113
431,3,2714,1.2754170468875337
432,3,2715,1.4144908700670518
433,3,2716,1.4887418974013555
434,3,2717,1.404603606178647
435,3,2718,1.3212337181681681
436,3,2719,1.4321107126417618
437,3,2720,1.435415761811393
438,3,2721,1.4846871041116256
439,3,2722,1.4244751078741895
440,3,2723,1.4421267622993108
441,3,2724,1.5236291658310663
442,3,2725,1.374727379708063
443,3,2726,1.4117602450507027
444,3,2727,1.323953302133651
445,3,2728,1.416933360553923
446,3,2729,1.3833317274139043
447,3,2730,1.4567858264559792
448,3,2731,1.4147969228880741
449,3,2732,1.4366477671123687
450,3,2733,1.3691049445243109
451,3,2734,1.5173457009451727
452,3,2735,1.3629796845572335
453,3,2736,1.4225889387584867
454,3,2737,1.3919088726951963
455,3,2738,1.3722800129935857
456,3,2739,1.4256621485664729
457,3,2740,1.3404016835348944
458,3,2741,1.4398911566961377
459,3,2742,1.4486035505930581
460,3,2743,1.4926472192718867
461,3,2744,1.42243853920982
462,3,2745,1.4363286182993933
463,3,2746,1.4716346036820187
464,3,2747,1.423179944356283
465,3,2748,1.4322363762628467
466,3,2749,1.3871921272504897
467,3,2750,1.3797610544023062
468,3,2751,1.4398103952407837
469,3,2752,1.5175594091415405
470,3,2753,1.3799253248033072
471,3,2754,1.3509090429260617
472,3,2755,1.502491797719683
473,3,2756,1.5092402015413557
474,3,2757,1.4528883127939134
475,3,2758,1.4767403545833766
476,3,2759,1.4638325089500064
477,3,2760,1.3943433137167072
478,3,2761,1.4147641034353349
479,3,2762,1.404655893643697
480,3,2763,1.4009344180425007
481,3,2764,1.4152189095815022
482,3,2765,1.455888208888826
483,3,2766,1.452904882885161
484,3,2767,1.4605716665585837
485,3,2768,1.4260720298403784
486,3,2769,1.363515107404618
487,3,2770,1.4244415646507627
488,3,2771,1.429496421700432
489,3,2772,1.473477181934175
490,3,2773,1.4681523924782163
491,3,2774,1.3677494071778795
492,3,2775,1.3575898777870907
493,3,2776,1.3209124179113474
494,3,2777,1.4181812263670426
495,3,2778,1.3893558638436452
496,3,2779,1.425507721446809
497,3,2780,1.3801656507310411
498,3,2781,1.498084687051319
499,3,2782,1.4130663814998807
500,3,2783,1.4216407537460325
501,3,2784,1.3413002831595284
502,3,2785,1.403932679267157
503,3,2786,1.468299417268662
504,3,2787,1.418165922164917
505,3,2788,1.491492918559483
506,3,2789,1.4606185810906547
507,3,2790,1.2926903806981584
508,3,2791,1.3623421390851338
509,3,2792,1.550661495753697
510,3,2793,1.3668377853575209
511,3,2794,1.4492870625995458
512,3,2795,1.4507368065062025
513,3,2796,1.4435568650563555
514,3,2797,1.4078628733044578
515,3,2798,1.35396877356938
516,3,2799,1.3932710091272988
517,3,2800,1.4364234379359655
518,3,2801,1.3958929493313743
519,3,2802,1.4763261477152505
520,3,2803,1.4048737855184648
521,3,2804,1.4474163112186251
522,3,2805,1.4809479656673612
523,3,2806,1.4623316696711948
524,3,2807,1.421254981131781
525,3,2808,1.3407288647833324
526,3,2809,1.412558021999541
527,3,2810,1.4903167032060167
528,3,2811,1.4235699318704151
529,3,2812,1.4135580176398868
530,3,2813,1.3053752439362662
531,3,2814,1.3291494051615396
532,3,2815,1.4089557329813638
533,3,2816,1.446169864563715
534,3,2817,1.4475099075408209
535,3,2818,1.4399837397393727
536,3,2819,1.3906058640707106
537,3,2820,1.387619279679798
538,3,2821,1.4290829017048787
539,3,2822,1.3826398395356678
540,3,2823,1.3395888067427137
541,3,2824,1.3822894124757679
542,3,2825,1.3340382292157125
543,3,2826,1.3798924939973016
544,3,2827,1.393289639836266
545,3,2828,1.5027483474640617
546,3,2829,1.4347406682514006
547,3,2830,1.4027123280933922
548,3,2831,1.4110732646215531
549,3,2832,1.4103974870273044
550,3,2833,1.485536115510123
551,3,2834,1.4412435747328258
552,3,2835,1.4871290638333274
553,3,2836,1.4389155081340246
554,3,2837,1.3397794734864008
555,3,2838,1.4219250451950805
556,3,2839,1.3279282337143308
557,3,2840,1.5535110944793338
558,3,2841,1.4429618631090433
559,3,2842,1.371269555318923
560,3,2843,1.399702086335137
561,3,2844,1.514370396023705
562,3,2845,1.532785864103408
563,3,2846,1.4207938568932672
564,3,2847,1.456246614456177
565,3,2848,1.4700774919419062
566,3,2849,1.5551670392354329
567,3,2850,1.5203194164094471
568,3,2851,1.3591643288021995
569,3,2852,1.3943695454370408
570,3,2853,1.4423950428054446
571,3,2854,1.3893441444351564
572,3,2855,1.4724972191311065
573,3,2856,1.4442434708277387
574,3,2857,1.4143966322853454
575,3,2858,1.4570796574865068
576,3,2859,1.3997202600751608
577,3,2860,1.4549007557687308
578,3,2861,1.4649872581164043
579,3,2862,1.4472745742116657
580,3,2863,1.4502765224093481
581,3,2864,1.4274273145766487
582,3,2865,1.354103193396614
583,3,2866,1.3849473567236037
584,3,2867,1.375939653033302
585,3,2868,1.471119758628664
586,3,2869,1.38922837802342
587,3,2870,1.4301609255018688
588,3,2871,1.340266099997929
589,3,2872,1.4563759678886048
590,3,2873,1.4276421183631534
591,3,2874,1.4241492805026825
592,3,2875,1.3758458750588551
593,3,2876,1.5005243448984056
594,3,2877,1.4275757925851003
595,3,2878,1.456469334307171
596,3,2879,1.4264770604315258
597,3,2880,1.4149148180371238
598,3,2881,1.3985407806578138
599,3,2882,1.4689787824948626
600,3,2883,1.4949327423459007
601,3,2884,1.383262512229738
602,3,2885,1.49202013867242
603,3,2886,1.5963152107738312
604,3,2887,1.3919656191553391
605,3,2888,1.4256208567392257
606,3,2889,1.528308045296442
607,3,2890,1.3116240217572166
608,3,2891,1.4126609762509665
609,3,2892,1.4728863750185286
610,3,2893,1.4483642748423986
611,3,2894,1.4042639505295524
612,3,2895,1.4787308318274361
613,3,2896,1.4672691140856067
614,3,2897,1.4757491747538247
615,3,2898,1.441167468116397
616,3,2899,1.435689670698983
617,3,2900,1.4545954806464056
618,3,2901,1.3175022289866494
619,3,2902,1.4171505939392812
620,3,2903,1.4928882519404092
621,3,2904,1.4192229622886297
622,3,2905,1.4331020684469313
623,3,2906,1.4731659917604358
624,3,2907,1.4291826401438035
625,3,2908,1.3556955768948509
626,3,2909,1.3288318202609108
627,3,2910,1.528823171343122
628,3,2911,1.4819291262399585
629,3,2912,1.4023103486923945
630,3,2913,1.4483039549418855
631,3,2914,1.405717296259744
632,3,2915,1.4724555867058893
633,3,2916,1.423377428736005
634,3,2917,1.485435834952763
635,3,2918,1.4438260708536421
636,3,2919,1.4166850248972571
637,3,2920,1.4725463418733509
638,3,2921,1.477191652570452
639,3,2922,1.4076261066255114
640,3,2923,1.4306287510054452
641,3,2924,1.418796499570211
642,3,2925,1.3984971869559513
643,3,2926,1.4934805291039603
644,3,2927,1.4544839915775118
645,3,2928,1.394580117293767
646,3,2929,1.3839006026585898
647,3,2930,1.4243555409567699
648,3,2931,1.385947701476869
649,3,2932,1.3998494801067174
650,3,2933,1.4274232132094247
651,3,2934,1.4293160892668224
652,3,2935,1.4274824857711792
653,3,2936,1.4251744406563898
654,3,2937,1.4281233463968548
655,3,2938,1.450912064030057
656,3,2939,1.4517339978899277
657,3,2940,1.5551523651395525
658,3,2941,1.4205470340592525
659,3,2942,1.4844308410372054
660,3,2943,1.4255651632944744
661,3,2944,1.4753419444674538
662,3,2945,1.3896758442833312
663,3,2946,1.447115055152348
664,3,2947,1.4154199163119
665,3,2948,1.4748385832423254
666,3,2949,1.4237168857029505
667,3,2950,1.3942849181947252
668,3,2951,1.4335939032690865
669,3,2952,1.4329175438199724
670,3,2953,1.4321384940828596
671,3,2954,1.3825458572024392
672,3,2955,1.4080262581507366
673,3,2956,1.4190752903620403
674,3,2957,1.4224245122500827
675,3,2958,1.403636540685381
676,3,2959,1.4522369021461123
677,3,2960,1.435544964813051
678,3,2961,1.429630517959595
679,3,2962,1.3671396743683588
680,3,2963,1.4674369976634074
681,3,2964,1.4232076605161028
682,3,2965,1.4007930812381562
683,3,2966,1.5368537619000389
684,3,2967,1.4351973079499747
685,3,2968,1.4603743666694278
686,3,2969,1.4923268868809654
687,3,2970,1.5116733142307828
688,3,2971,1.3376507730711074
689,3,2972,1.5237218311854772
690,3,2973,1.4588993106569565
691,3,2974,1.4527830112548101
692,3,2975,1.4574313305673148
693,3,2976,1.4507548950967335
694,3,2977,1.3591474663643608
695,3,2978,1.3628653912317183
696,3,2979,1.4204602440198262
697,3,2980,1.5241958129973638
698,3,2981,1.4473173022270203
699,3,2982,1.4497423938342502
700,3,2983,1.382631920632862
701,3,2984,1.4705073549633934
702,3,2985,1.4138931717191425
703,3,2986,1.495685304914202
704,3,2987,1.4451300615356084
705,3,2988,1.3961931353523618
706,3,2989,1.4558058068865822
707,3,2990,1.398834994861058
708,3,2991,1.3143656764711653
709,3,2992,1.4057333157176062
710,3,2993,1.4129609607514884
711,3,2994,1.482618445441836
712,3,2995,1.3595559029352098
713,3,2996,1.4079160065878005
714,3,2997,1.4586326337995983
715,3,2998,1.4228028995650155
716,3,2999,1.4229919399533955
717,3,3000,1.4363903318132674
718,3,3001,1.4073430952571686
719,3,3002,1.4893267268226262
720,3,3003,1.3744868494215463
721,3,3004,1.506652003242856
722,3,3005,1.4853577131316777
723,3,3006,1.4456952867053803
724,3,3007,1.3633712927500408
725,3,3008,1.4730909097762335
726,3,3009,1.447598939850217
727,3,3010,1.4880774929409937
728,3,3011,1.288387888953799
729,3,3012,1.450448819569179
730,3,3013,1.471561658950079
731,3,3014,1.4652735818000062
732,3,3015,1.5001929714566187
733,3,3016,1.4314299481255666
734,3,3017,1.4114706658181695
735,3,3018,1.4215005920046848
736,3,3019,1.4567225575447083
737,3,3020,1.364816455613999
738,3,3021,1.5459401550747098
739,3,3022,1.4896898439952302
740,3,3023,1.3303474017551968
741,3,3024,1.425609503473554
742,3,3025,1.3620060852595735
743,3,3026,1.3691886095773607
744,3,3027,1.4371532712663924
745,3,3028,1.4113981723785398
746,3,3029,1.5064006589707875
747,3,3030,1.494200536182949
748,3,3031,1.4705905857540311
749,3,3032,1.3296359663917905
750,3,3033,1.411318146047138
751,3,3034,1.4528921672276087
752,3,3035,1.4719317810876027
753,3,3036,1.4219062413488113
754,3,3037,1.5066916658764795
755,3,3038,1.4093615497861594
756,3,3039,1.4574856758117676
757,3,3040,1.488765585990179
758,3,3041,1.4354893338112604
759,3,3042,1.4116169725145609
760,3,3043,1.3689682795887899
761,3,3044,1.3241964975992837
762,3,3045,1.5187475397473291
763,3,3046,1.3939190137953985
764,3,3047,1.3841531078020732
765,3,3048,1.4802664376440502
766,3,3049,1.5706019486699785
767,3,3050,1.3939122926621208
768,3,3051,1.424270241033463
769,3,3052,1.3387573560078938
770,3,3053,1.442603588104248
771,3,3054,1.4082968263399036
772,3,3055,1.460784954684121
773,3,3056,1.475831122625442
774,3,3057,1.4874960922059557
775,3,3058,1.3934890826543171
776,3,3059,1.4577098942938302
777,3,3060,1.4644489487012229
778,3,3061,1.4998464811415901
779,3,3062,1.4612995783487954
780,3,3063,1.3833961742264884
781,3,3064,1.47909205584299
782,3,3065,1.3776631412051974
783,3,3066,1.4113352866399855
784,3,3067,1.3991564682551794
785,3,3068,1.3884376287460325
786,3,3069,1.5472904443740845
787,3,3070,1.445775656473069
788,3,3071,1.4000173636845181
789,3,3072,1.4258616339592707
790,3,3073,1.423618208794367
791,3,3074,1.4405072246279036
792,3,3075,1.407519669759841
793,3,3076,1.393982958225977
794,3,3077,1.4075937271118164
795,3,3078,1.4804798932302565
796,3,3079,1.4190403705551513
797,3,3080,1.4992542437144687
798,3,3081,1.426134603364127
799,3,3082,1.5112130216189792
800,3,3083,1.4132558447974068
801,3,3084,1.3799671104976108
802,3,3085,1.514724138237181
803,3,3086,1.420054276784261
804,3,3087,1.4630652779624576
805,3,3088,1.380989074707031
806,3,3089,1.4527162029629663
807,3,3090,1.4392136136690774
808,3,3091,1.378031864052727
809,3,3092,1.4716505862417673
810,3,3093,1.4855519022260397
811,3,3094,1.3818573384057908
812,3,3095,1.4535104547228135
813,3,3096,1.4000269231342135
814,3,3097,1.378012730961754
815,3,3098,1.400065478824434
816,3,3099,1.455159454118638
817,3,3100,1.423222351641882
818,3,3101,1.5639631350835164
819,3,3102,1.5269909529458912
820,3,3103,1.3877311717896235
821,3,3104,1.399667807987758
822,3,3105,1.3591101112819854
823,3,3106,1.4734785556793213
824,3,3107,1.4719633374895371
825,3,3108,1.3862188146227885
826,3,3109,1.4258271881512234
827,3,3110,1.378077358007431
828,3,3111,1.5887109495344618
829,3,3112,1.4125241154716128
830,3,3113,1.402223785718282
831,3,3114,1.5773122708002725
832,3,3115,1.3939400627499534
833,3,3116,1.3753084909348263
834,3,3117,1.3623631454649425
835,3,3118,1.39578321150371
836,3,3119,1.4479882717132573
837,3,3120,1.3817534248034158
838,3,3121,1.4984949202764606
839,3,3122,1.5220172859373549
840,3,3123,1.4514519799323309
841,3,3124,1.426020886216845
842,3,3125,1.3614592410269235
843,3,3126,1.368276147615342
844,3,3127,1.4329271600359963
845,3,3128,1.3954679540225434
846,3,3129,1.3323555531955902
847,3,3130,1.4586664182799203
848,3,3131,1.4219925545510792
849,3,3132,1.422418622743516
850,3,3133,1.306770083450136
851,3,3134,1.4436027265730356
852,3,3135,1.4363132374627248
853,3,3136,1.4223559073039467
854,3,3137,1.419836393424443
855,3,3138,1.385014363697597
856,3,3139,1.335836342402867
857,3,3140,1.463465403942835
858,3,3141,1.388819972674052
859,3,3142,1.4235829001381284
860,3,3143,1.3952527471951073
861,3,3144,1.45428249665669
862,3,3145,1.4765719118572416
863,3,3146,1.341729147093637
864,3,3147,1.4039353359313242
865,3,3148,1.434262726988111
866,3,3149,1.5062435695103242
867,3,3150,1.4826632113683789
868,3,3151,1.4242748504593263
869,3,3152,1.374588790394011
870,3,3153,1.369343306337084
871,3,3154,1.5936850422904607
872,3,3155,1.3685163316272555
873,3,3156,1.460625316415514
874,3,3157,1.5379941747302102
875,3,3158,1.4429970298494608
876,3,3159,1.383113469396319
877,3,3160,1.419780799320766
878,3,3161,1.4536686085519337
879,3,3162,1.361815909544627
880,3,3163,1.3582053184509282
881,3,3164,1.3811726853961035
882,3,3165,1.3127259612083437
883,3,3166,1.3839208739144464
884,3,3167,1.5062561205455234
885,3,3168,1.5182958898090182
886,3,3169,1.4327225060690019
887,3,3170,1.3987014180137998
888,3,3171,1.3804592376663571
889,3,3172,1.449529102870396
890,3,3173,1.4990564215750921
891,3,3174,1.4476919174194336
892,3,3175,1.4712695252327692
893,3,3176,1.3780735276994254
894,3,3177,1.3795321385065713
895,3,3178,1.4172451779955908
896,3,3179,1.3866064434959775
897,3,3180,1.4273362982840765
898,3,3181,1.363745896589188
899,3,3182,1.3947602169854296
900,3,3183,1.3488778443563552
901,3,3184,1.495468809491112
902,3,3185,1.5282287200291953
903,3,3186,1.4021658528418768
904,3,3187,1.4374227211588906
905,3,3188,1.4265458952812922
906,3,3189,1.3422893995330447
907,3,3190,1.4745072410220195
908,3,3191,1.3636261905942644
909,3,3192,1.435544899531773
910,3,3193,1.344284687723432
911,3,3194,1.4125451701028007
912,3,3195,1.5024866717202323
913,3,3196,1.355355129355476
914,3,3197,1.5105795179094588
915,3,3198,1.385946933712278
916,3,3199,1.3434292815980462
917,3,3200,1.4943127405075798
918,3,3201,1.4582895267577398
919,3,3202,1.4272470360710505
920,3,3203,1.4107342135338559
921,3,3204,1.4024923614093234
922,3,3205,1.3272898849986854
923,3,3206,1.5188468723070052
924,3,3207,1.387117561839876
925,3,3208,1.4834310156958446
926,3,3209,1.368601061048962
927,3,3210,1.4604997805186684
928,3,3211,1.4447828020368305
929,3,3212,1.4042696896053497
930,3,3213,1.4660837480000086
931,3,3214,1.4795770418076288
932,3,3215,1.3203224142392476
933,3,3216,1.3092976155735199
934,3,3217,1.4213713152068002
935,3,3218,1.2956148073786782
936,3,3219,1.4097234408060708
937,3,3220,1.4143357305299664
938,3,3221,1.3876451821554274
939,3,3222,1.443162841456277
940,3,3223,1.4838888560022625
941,3,3224,1.450382993334816
942,3,3225,1.3607845505078633
943,3,3226,1.4011870310420083
944,3,3227,1.4659300588426136
945,3,3228,1.3788257468314395
946,3,3229,1.4112828459058488
947,3,3230,1.3772048268999375
948,3,3231,1.4362391517275857
949,3,3232,1.4075247333163308
950,3,3233,1.4696602282069977
951,3,3234,1.3424452202660697
952,3,3235,1.4352353555815558
953,3,3236,1.4246072911080858
954,3,3237,1.4467437976882573
955,3,3238,1.3741535629544939
956,3,3239,1.395926736650013
957,3,3240,1.350858259768713
958,3,3241,1.381251760891506
959,3,3242,1.379471265134357
960,3,3243,1.4444770812988281
961,3,3244,1.3830794947487968
962,3,3245,1.4323999995277044
963,3,3246,1.4569891265460424
964,3,3247,1.4039553630919688
965,3,3248,1.451456044401441
966,3,3249,1.3515035538446336
967,3,3250,1.3626417120297751
968,3,3251,1.389756398541587
969,3,3252,1.4318894403321403
970,3,3253,1.405981353351048
971,3,3254,1.3653664361862907
972,3,3255,1.434284670012338
973,3,3256,1.404988836674463
974,3,3257,1.4011116254897344
975,3,3258,1.431827783584595
976,3,3259,1.381797614551726
977,3,3260,1.5469097693761191
978,3,3261,1.325488002527328
979,3,3262,1.5121091859681264
980,3,3263,1.3967898686726887
981,3,3264,1.4352798518680392
982,3,3265,1.416806998706999
983,3,3266,1.4323986598423548
984,3,3267,1.3557931922730946
985,3,3268,1.4637580315272016
986,3,3269,1.3702727896826605
987,3,3270,1.5159601427259901
988,3,3271,1.3374448503766743
989,3,3272,1.3778885489418395
990,3,3273,1.464375258911224
991,3,3274,1.4699523335411433
992,3,3275,1.3653262229192824
993,3,3276,1.4901477722894576
994,3,3277,1.394152743475778
995,3,3278,1.4649640463647389
996,3,3279,1.431014183021727
997,3,3280,1.3635786204111005
998,3,3281,1.4774437489963714
999,3,3282,1.50058152562096
1000,3,3283,1.5207168942406064
1001,3,3284,1.5454620548657008
1002,3,3285,1.3955473218645367
1003,3,3286,1.3745538109824773
1004,3,3287,1.4044493947710308
1005,3,3288,1.4469056782268344
1006,3,3289,1.447551721618289
1007,3,3290,1.4732767882801239
1008,3,3291,1.3948026072411308
1009,3,3292,1.4626519793555848
1010,3,3293,1.4050996445474173
1011,3,3294,1.4141919272286552
1012,3,3295,1.3298546416418893
1013,3,3296,1.4841687225160145
1014,3,3297,1.4226126046407788
1015,3,3298,1.386944660118648
1016,3,3299,1.4120385618436906
1017,3,3300,1.4881496826807659
1018,3,3301,1.397914420990717
1019,3,3302,1.4554350489661807
1020,3,3303,1.3531525447255088
1021,3,3304,1.3098304300081165
1022,3,3305,1.417405307292938
1023,3,3306,1.4266132769130524
1024,3,3307,1.4299547785804387
1025,3,3308,1.352578852857862
1026,3,3309,1.4370676704815457
1027,3,3310,1.3250698049863179
1028,3,3311,1.5237847169240313
1029,3,3312,1.3861861058643885
1030,3,3313,1.4260224047161283
1031,3,3314,1.3842190787905735
1032,3,3315,1.4534784214837213
1033,3,3316,1.2965543213344752
1034,3,3317,1.455636407647814
1035,3,3318,1.3207412220182873
1036,3,3319,1.2981039143743969
1037,3,3320,1.4672866378511702
1038,3,3321,1.312546290102459
1039,3,3322,1.3429544312613348
1040,3,3323,1.3686385921069553
1041,3,3324,1.4477945509411039
1042,3,3325,1.3405690902755376
1043,3,3326,1.3419147360892525
1044,3,3327,1.4048672886121845
1045,3,3328,1.3561365831465948
1046,3,3329,1.3317825567154657
1047,3,3330,1.3820965176536921
1048,3,3331,1.3942722365969704
1049,3,3332,1.3842589798427762
1050,3,3333,1.4751263062159221
1051,3,3334,1.439980469998859
1052,3,3335,1.2901947980835324
1053,3,3336,1.3097226506187805
1054,3,3337,1.3918007243247261
1055,3,3338,1.340055706955138
1056,3,3339,1.391434064933232
1057,3,3340,1.4580184647015166
1058,3,3341,1.3557386753104983
1059,3,3342,1.409822926634834
1060,3,3343,1.3981681693167918
1061,3,3344,1.418176440965562
1062,3,3345,1.4585680507478258
1063,3,3346,1.4330018787156968
1064,3,3347,1.4066411398705985
1065,3,3348,1.32548246213368
1066,3,3349,1.3361930818784802
1067,3,3350,1.4534916111401148
1068,3,3351,1.3034331741787142
1069,3,3352,1.3882325064568293
1070,3,3353,1.3793536055655704
1071,3,3354,1.4369267821311948
1072,3,3355,1.5404367617198402
1073,3,3356,1.4005523125330608
1074,3,3357,1.3523587556112382
1075,3,3358,1.4570076522373017
1076,3,3359,1.4850675548825947
1077,3,3360,1.4019553122066315
1078,3,3361,1.3778593483425323
1079,3,3362,1.4150517895108177
1080,3,3363,1.4926064241500128
1081,3,3364,1.4435694444747196
1082,3,3365,1.317974885304769
1083,3,3366,1.3760112722714744
1084,3,3367,1.432511261531285
1085,3,3368,1.4574653194064189
1086,3,3369,1.444730826786586
1087,3,3370,1.4105961379550755
1088,3,3371,1.3035905474708194
1089,3,3372,1.48164309206463
1090,3,3373,1.3635825827008203
1091,3,3374,1.357504262810662
1092,3,3375,1.4067837397257485
1093,3,3376,1.4560121524901615
1094,3,3377,1.5295381773085819
1095,3,3378,1.3722384657178603
1096,3,3379,1.4508317879268102
1097,3,3380,1.463175489788964
1098,3,3381,1.4560009297870455
1099,3,3382,1.407549554393405
1100,3,3383,1.3916000099409191
1101,3,3384,1.4228520733969552
1102,3,3385,1.3758956193923946
1103,3,3386,1.5057913064956667
1104,3,3387,1.399546356428237
1105,3,3388,1.486014042581831
1106,3,3389,1.436152804465521
1107,3,3390,1.426825619879223
1108,3,3391,1.4095784227053323
1109,3,3392,1.4148329695065818
1110,3,3393,1.53850592601867
1111,3,3394,1.4435444899967735
1112,3,3395,1.3887074816794622
1113,3,3396,1.309548108350663
1114,3,3397,1.42847216129303
1115,3,3398,1.3752875271297633
1116,3,3399,1.5117426883606684
1117,3,3400,1.4528685467583788
1118,3,3401,1.4205598008064997
1119,3,3402,1.3275353993688312
1120,3,3403,1.455859649749029
1121,3,3404,1.3067274632908052
1122,3,3405,1.4317721923192346
1123,3,3406,1.471437034152803
1124,3,3407,1.4205237570263094
1125,3,3408,1.3588824073473613
1126,3,3409,1.3779839589482261
1127,3,3410,1.4236855677195956
1128,3,3411,1.3678007721900938
1129,3,3412,1.3593575159708662
1130,3,3413,1.315493807906196
1131,3,3414,1.3905166188875833
1132,3,3415,1.3158391458647591
1133,3,3416,1.377251571133023
1134,3,3417,1.3904084023975192
1135,3,3418,1.4064226264045352
1136,3,3419,1.528942726907276
1137,3,3420,1.4483294657298496
1138,3,3421,1.3555466334025061
1139,3,3422,1.3587431623822166
1140,3,3423,1.4340507927395048
0,4,3424,1.3717264930407207
1,4,3425,1.3978147449947542
2,4,3426,1.461260750180199
3,4,3427,1.4540790943872361
4,4,3428,1.462440482207707
5,4,3429,1.3328004763239905
6,4,3430,1.3247894332522436
7,4,3431,1.4138274590174358
8,4,3432,1.360676109790802
9,4,3433,1.3107702419871374
10,4,3434,1.4417587518692017
11,4,3435,1.3749114161445979
12,4,3436,1.5078633399236772
13,4,3437,1.479702364830744
14,4,3438,1.4373704989751181
15,4,3439,1.4024584690729778
16,4,3440,1.4027107613427299
17,4,3441,1.4066598018010454
18,4,3442,1.361872480029152
19,4,3443,1.4849552086421423
20,4,3444,1.4128297170003254
21,4,3445,1.387671675000872
22,4,3446,1.4578345446359544
23,4,3447,1.4861205191839308
24,4,3448,1.458430653526669
25,4,3449,1.402045655818213
26,4,3450,1.373877647377196
27,4,3451,1.3930768881525313
28,4,3452,1.322690146309989
29,4,3453,1.502603354908171
30,4,3454,1.3543542737052554
31,4,3455,1.3574472836085727
32,4,3456,1.4458693038849606
33,4,3457,1.4480203957784745
34,4,3458,1.4683857758839933
35,4,3459,1.467466167041234
36,4,3460,1.324824367250715
37,4,3461,1.5150159994761148
38,4,3462,1.3653644436881653
39,4,3463,1.4123390458879017
40,4,3464,1.3371390359742301
41,4,3465,1.4248212235314504
42,4,3466,1.4120045900344846
43,4,3467,1.413364671525501
44,4,3468,1.4059236219951086
45,4,3469,1.3897370894749959
46,4,3470,1.3339407103402277
47,4,3471,1.4186373892284574
48,4,3472,1.332705753190177
49,4,3473,1.4882014422189622
50,4,3474,1.4642765692302158
51,4,3475,1.2950871388117473
52,4,3476,1.4121878374190555
53,4,3477,1.3991782381421043
54,4,3478,1.4635850702013287
55,4,3479,1.4549611551421027
56,4,3480,1.449768222513653
57,4,3481,1.354246920063382
58,4,3482,1.44721744174049
59,4,3483,1.4041400864010765
60,4,3484,1.4167036641211737
61,4,3485,1.3147662281990051
62,4,3486,1.3260881560189381
63,4,3487,1.370532067049117
64,4,3488,1.333276243436904
65,4,3489,1.45938055288224
66,4,3490,1.3756025944437296
67,4,3491,1.4652434530712313
68,4,3492,1.448301042829241
69,4,3493,1.4576860354060217
70,4,3494,1.365591639564151
71,4,3495,1.4232599763643177
72,4,3496,1.3931644416990732
73,4,3497,1.4011066527593703
74,4,3498,1.398307539167858
75,4,3499,1.398631181035723
76,4,3500,1.4041339215778166
77,4,3501,1.5346619912556239
78,4,3502,1.4277078935078213
79,4,3503,1.338007438750494
80,4,3504,1.4162924005871729
81,4,3505,1.4978406514440263
82,4,3506,1.4346479347773962
83,4,3507,1.4652573948814756
84,4,3508,1.3811494821593875
85,4,3509,1.372888709817614
86,4,3510,1.4379700848034447
87,4,3511,1.4745987426666987
88,4,3512,1.3071936652773903
89,4,3513,1.377722076007298
90,4,3514,1.4724947100593933
91,4,3515,1.3342191207976566
92,4,3516,1.5297955444880895
93,4,3517,1.4023500028110685
94,4,3518,1.490724728220985
95,4,3519,1.3972506693431308
96,4,3520,1.4196014915193829
97,4,3521,1.388169112659636
98,4,3522,1.466200720696222
99,4,3523,1.306141177813212
100,4,3524,1.4369630927131285
101,4,3525,1.467976729075114
102,4,3526,1.4815492005575266
103,4,3527,1.4669845643497648
104,4,3528,1.384650596550533
105,4,3529,1.3602067459197271
106,4,3530,1.4165420418693904
107,4,3531,1.34674722807748
108,4,3532,1.460991320155916
109,4,3533,1.452506082398551
110,4,3534,1.36548665307817
111,4,3535,1.3754305584090096
112,4,3536,1.4312821229298909
113,4,3537,1.3605750799179077
114,4,3538,1.326158094973791
115,4,3539,1.3497458951813832
116,4,3540,1.3696697552998862
117,4,3541,1.4861808163779122
118,4,3542,1.467711525303977
119,4,3543,1.4167560055142356
120,4,3544,1.4204341797601614
121,4,3545,1.3931724769728526
122,4,3546,1.4183283221153988
123,4,3547,1.47716118040539
124,4,3548,1.3622008193106876
125,4,3549,1.5332734641574681
126,4,3550,1.4263805122602555
127,4,3551,1.4733249204499381
128,4,3552,1.356475245384943
129,4,3553,1.4300377595992315
130,4,3554,1.367630158151899
131,4,3555,1.4764107096762886
132,4,3556,1.3708355313255673
133,4,3557,1.5268691721416656
134,4,3558,1.4707714092163813
135,4,3559,1.4938661739939736
136,4,3560,1.5175073600950693
137,4,3561,1.406848992620196
138,4,3562,1.4613144170670282
139,4,3563,1.4364689304715113
140,4,3564,1.4982970129875912
141,4,3565,1.3988850939841495
142,4,3566,1.3739185872532074
143,4,3567,1.440022025789533
144,4,3568,1.424650095757984
145,4,3569,1.3668088742664881
146,4,3570,1.39894201641991
147,4,3571,1.341056349731627
148,4,3572,1.3822145064671836
149,4,3573,1.3950323065121968
150,4,3574,1.5056734823045275
151,4,3575,1.4102013224647154
152,4,3576,1.3725579863502866
153,4,3577,1.3718904796100797
154,4,3578,1.4383571545283
155,4,3579,1.3708702183905102
156,4,3580,1.390849505152021
157,4,3581,1.4176994931130185
158,4,3582,1.3808771088009788
159,4,3583,1.464737466403416
160,4,3584,1.3892698855627146
161,4,3585,1.4681879253614516
162,4,3586,1.3295516939390273
163,4,3587,1.3145422594887868
164,4,3588,1.4088098690623327
165,4,3589,1.4319951761336556
166,4,3590,1.4057870024726502
167,4,3591,1.3262317067100888
168,4,3592,1.4008342254729493
169,4,3593,1.3955717995053247
170,4,3594,1.37537415822347
171,4,3595,1.3048020232291448
172,4,3596,1.3510710966019406
173,4,3597,1.370993563107082
174,4,3598,1.563080526533581
175,4,3599,1.392527813003177
176,4,3600,1.4798265865870888
177,4,3601,1.440925669102442
178,4,3602,1.432486823626927
179,4,3603,1.531809034801665
180,4,3604,1.5485014177504037
181,4,3605,1.3785638894353591
182,4,3606,1.3130644900458197
183,4,3607,1.522666204543341
184,4,3608,1.388890266418457
185,4,3609,1.373794075988588
186,4,3610,1.3556688541457766
187,4,3611,1.3966712327230546
188,4,3612,1.454385297639029
189,4,3613,1.5127371152242026
190,4,3614,1.4169459342956547
191,4,3615,1.3797671454293388
192,4,3616,1.4612329403559368
193,4,3617,1.4222946166992185
194,4,3618,1.4767645569074723
195,4,3619,1.4597136463437763
196,4,3620,1.3709275552204676
197,4,3621,1.4374396857761202
198,4,3622,1.4290673278626942
199,4,3623,1.3940397273926508
200,4,3624,1.4586169833228704
201,4,3625,1.3907002721514021
202,4,3626,1.4197150639125282
203,4,3627,1.402582477955591
204,4,3628,1.361656157743363
205,4,3629,1.3991341647647673
206,4,3630,1.4243646292459395
207,4,3631,1.404803650719779
208,4,3632,1.3782674017406646
209,4,3633,1.444910835652124
210,4,3634,1.3945869831811815
211,4,3635,1.3677125942139399
212,4,3636,1.433319477807908
213,4,3637,1.4165194148109073
214,4,3638,1.4418148142950877
215,4,3639,1.3537510150954837
216,4,3640,1.443171712614241
217,4,3641,1.4254903254054838
218,4,3642,1.40308297815777
219,4,3643,1.4356267395473665
220,4,3644,1.3849681672595793
221,4,3645,1.4296903099332539
222,4,3646,1.4472751503898986
223,4,3647,1.4222305842808316
224,4,3648,1.3744228595779056
225,4,3649,1.4285064254488267
226,4,3650,1.4038066409883045
227,4,3651,1.4965471767243883
228,4,3652,1.2915882297924584
229,4,3653,1.4045723676681519
230,4,3654,1.4391728866667974
231,4,3655,1.3631797461282642
232,4,3656,1.3512499531110125
233,4,3657,1.379756933166867
234,4,3658,1.4295859450385686
235,4,3659,1.4020481904347737
236,4,3660,1.3738351464271545
237,4,3661,1.4345950569425314
238,4,3662,1.447011414028349
239,4,3663,1.5134689126695904
240,4,3664,1.4503315346581596
241,4,3665,1.3841058356421336
242,4,3666,1.5425867778914313
243,4,3667,1.4552489292053952
244,4,3668,1.3524299803234283
245,4,3669,1.3617352162088665
246,4,3670,1.3192191379410882
247,4,3671,1.5284216063363212
248,4,3672,1.5267722322827295
249,4,3673,1.4888484421230495
250,4,3674,1.4420637346449354
251,4,3675,1.4417894113631475
252,4,3676,1.3146821373984927
253,4,3677,1.4132961545671732
254,4,3678,1.401508799621037
255,4,3679,1.3102006571633473
256,4,3680,1.422461225872948
257,4,3681,1.3484047622907729
258,4,3682,1.5088539833114258
259,4,3683,1.5053494487489976
260,4,3684,1.3615123260588873
261,4,3685,1.5293721301215037
262,4,3686,1.3912370942887806
263,4,3687,1.5524822984422957
264,4,3688,1.3730277646155582
265,4,3689,1.379462446485247
266,4,3690,1.3830827304295132
267,4,3691,1.4346182630175637
268,4,3692,1.4945278735387892
269,4,3693,1.4697505633036294
270,4,3694,1.5422286277725585
271,4,3695,1.4328665676571075
272,4,3696,1.5408620493752618
273,4,3697,1.4119765446299601
274,4,3698,1.4239049270039514
275,4,3699,1.391962494168963
276,4,3700,1.3886913997786388
277,4,3701,1.4052160722868783
278,4,3702,1.4338080088297525
279,4,3703,1.3663401263100763
280,4,3704,1.4009445196106323
281,4,3705,1.4772351185480752
282,4,3706,1.5446031320662725
283,4,3707,1.4029369183949063
284,4,3708,1.4299989910352795
285,4,3709,1.3756830380076455
286,4,3710,1.4097393807910739
287,4,3711,1.4708274233908882
288,4,3712,1.4149499166579471
289,4,3713,1.3135437795094083
290,4,3714,1.3127748540469577
291,4,3715,1.3483812269710362
292,4,3716,1.2769284049669902
293,4,3717,1.3876081250962757
294,4,3718,1.4420176318713598
295,4,3719,1.5073433887390864
296,4,3720,1.4448700433685668
297,4,3721,1.378807170050485
298,4,3722,1.4511049276306518
299,4,3723,1.443082602251144
300,4,3724,1.3782884904316495
301,4,3725,1.3554864781243463
302,4,3726,1.460326030140831
303,4,3727,1.425124418167841
304,4,3728,1.4205070421809243
305,4,3729,1.4174237194515409
306,4,3730,1.4693085380962918
307,4,3731,1.3639063210714433
308,4,3732,1.292805084160396
309,4,3733,1.4488776581627985
310,4,3734,1.370214561621348
311,4,3735,1.400337088675726
312,4,3736,1.5462042774472915
313,4,3737,1.3239092174030485
314,4,3738,1.3749929552986506
315,4,3739,1.3756043201401118
316,4,3740,1.3888799349466958
317,4,3741,1.4044015861692882
318,4,3742,1.2237243084680465
319,4,3743,1.447314705167498
320,4,3744,1.3961985338301883
321,4,3745,1.4243510564168294
322,4,3746,1.4145090579986572
323,4,3747,1.5264760142280942
324,4,3748,1.5173756082852683
325,4,3749,1.5251825877598353
326,4,3750,1.4153076012929284
327,4,3751,1.4828190973826816
328,4,3752,1.4919691710245038
329,4,3753,1.3055426081021628
330,4,3754,1.4026431696755544
331,4,3755,1.490211833091009
332,4,3756,1.4314813557125274
333,4,3757,1.4987340370814006
334,4,3758,1.4406345628556754
335,4,3759,1.4788439529282709
336,4,3760,1.414344009898958
337,4,3761,1.4540557066599527
338,4,3762,1.4005483899797715
339,4,3763,1.3729952971140547
340,4,3764,1.435589625721886
341,4,3765,1.3686545633134386
342,4,3766,1.3690185291426522
343,4,3767,1.4665824004581998
344,4,3768,1.4278314738046556
345,4,3769,1.4343027500879193
346,4,3770,1.4108032130059738
347,4,3771,1.44055966536204
348,4,3772,1.4132042697497773
349,4,3773,1.4303490831738424
350,4,3774,1.3638630793208166
351,4,3775,1.362871732030596
352,4,3776,1.465016021614983
353,4,3777,1.4004796913691933
354,4,3778,1.4540267813773382
355,4,3779,1.441171345256624
356,4,3780,1.382935867423103
357,4,3781,1.3860924641291301
358,4,3782,1.349539197626568
359,4,3783,1.32660812991006
360,4,3784,1.4130022298722043
361,4,3785,1.3699812633650643
362,4,3786,1.4837831202007474
363,4,3787,1.4337391115370253
364,4,3788,1.4747757230486187
365,4,3789,1.3902774907293773
366,4,3790,1.4280077673140028
367,4,3791,1.4838540128299165
368,4,3792,1.404921628180004
369,4,3793,1.4080943153018048
370,4,3794,1.4028765360514324
371,4,3795,1.4022667152541022
372,4,3796,1.4575361524309431
373,4,3797,1.3598148624102275
374,4,3798,1.4622507719766524
375,4,3799,1.4765154918034873
376,4,3800,1.48491793019431
377,4,3801,1.375272239957537
378,4,3802,1.400737972486587
379,4,3803,1.4290387602079482
380,4,3804,1.4784999291102092
381,4,3805,1.45680828889211
382,4,3806,1.3426596493948073
383,4,3807,1.4172907216208326
384,4,3808,1.347574585960025
385,4,3809,1.4369857368015109
386,4,3810,1.4588543687547957
387,4,3811,1.4303343381200517
388,4,3812,1.4584240856624782
389,4,3813,1.4248170284997848
390,4,3814,1.3971834040823434
391,4,3815,1.345814142908369
392,4,3816,1.4312630380902969
393,4,3817,1.4915734444345747
394,4,3818,1.353340920947847
395,4,3819,1.383437060174488
396,4,3820,1.3993901213010151
397,4,3821,1.5153264885856992
398,4,3822,1.3650160006114416
399,4,3823,1.4578345815340679
400,4,3824,1.3579010055178686
401,4,3825,1.3587431425140017
402,4,3826,1.3152362732660203
403,4,3827,1.395412842432658
404,4,3828,1.3503540995575134
405,4,3829,1.467710676647368
406,4,3830,1.4241899138405207
407,4,3831,1.4525251672381447
408,4,3832,1.3185818365642008
409,4,3833,1.43084047238032
410,4,3834,1.2930402301606678
411,4,3835,1.448661929085141
412,4,3836,1.3843963202976046
413,4,3837,1.4292601205053783
414,4,3838,1.490863255092076
415,4,3839,1.3632314205169678
416,4,3840,1.4137658732278005
417,4,3841,1.4228747401918684
418,4,3842,1.4206200383958367
419,4,3843,1.4766901845023745
420,4,3844,1.326195086751665
421,4,3845,1.3838922523316883
422,4,3846,1.4964344387962707
423,4,3847,1.501058862322853
424,4,3848,1.4494266964140397
425,4,3849,1.4192653780891782
426,4,3850,1.3507356813975742
427,4,3851,1.4536197242282687
428,4,3852,1.4208595752716064
429,4,3853,1.4133153415861583
430,4,3854,1.542626534189497
431,4,3855,1.4464799108959379
432,4,3856,1.3355374165943688
433,4,3857,1.4182775815327961
434,4,3858,1.340068871066684
435,4,3859,1.508464867160434
436,4,3860,1.405462563037872
437,4,3861,1.3851313591003416
438,4,3862,1.4442105548722406
439,4,3863,1.4481033909888497
440,4,3864,1.4541024196715586
441,4,3865,1.4306330993061973
442,4,3866,1.4125210103534518
443,4,3867,1.424545997665042
444,4,3868,1.3586012068248932
445,4,3869,1.3299654182933625
446,4,3870,1.3925045104253857
447,4,3871,1.3855361966859725
448,4,3872,1.4710082241467068
449,4,3873,1.520345946153005
450,4,3874,1.4312078612191335
451,4,3875,1.400589020479293
452,4,3876,1.406640284118198
453,4,3877,1.3522246536754425
454,4,3878,1.4225732911200748
455,4,3879,1.4120017233349027
456,4,3880,1.4218905227524894
457,4,3881,1.3234314890134902
458,4,3882,1.3215792846112027
459,4,3883,1.419060054279509
460,4,3884,1.31070781037921
461,4,3885,1.3855979016848974
462,4,3886,1.3976021040053594
463,4,3887,1.3826396777516323
464,4,3888,1.4678115021614802
465,4,3889,1.4856125854310533
466,4,3890,1.4069936644463314
467,4,3891,1.4084542762665522
468,4,3892,1.4107744012560166
469,4,3893,1.4226492785272142
470,4,3894,1.4847340498651775
471,4,3895,1.3990603401547386
472,4,3896,1.3377054163387843
473,4,3897,1.4723918551490423
474,4,3898,1.4587031460943676
475,4,3899,1.5310114593732926
476,4,3900,1.4080164006778169
477,4,3901,1.4367895580473402
478,4,3902,1.4249724887666246
479,4,3903,1.3970906081653776
480,4,3904,1.4294946988423667
481,4,3905,1.4220759584790184
482,4,3906,1.4200233675184706
483,4,3907,1.3304254895164853
484,4,3908,1.3942269171987263
485,4,3909,1.5215196155366444
486,4,3910,1.4391633357320512
487,4,3911,1.439306208065578
488,4,3912,1.4060704566183544
489,4,3913,1.4385779045877
490,4,3914,1.4302604255222138
491,4,3915,1.3664323999768213
492,4,3916,1.426580406370617
493,4,3917,1.5110111179805936
494,4,3918,1.3231276330493746
495,4,3919,1.3122020051592875
496,4,3920,1.437190231822786
497,4,3921,1.4242160887945268
498,4,3922,1.5278260424023582
499,4,3923,1.3780099465733482
500,4,3924,1.435810060728164
501,4,3925,1.4432209673381986
502,4,3926,1.4580245585668652
503,4,3927,1.4123009556815735
504,4,3928,1.5302585817518688
505,4,3929,1.4048763400032407
506,4,3930,1.4269885676247736
507,4,3931,1.4224997333117895
508,4,3932,1.4934621623584203
509,4,3933,1.3689208371298653
510,4,3934,1.2758627448763165
511,4,3935,1.4568108036404566
512,4,3936,1.373454633213225
513,4,3937,1.28399810336885
514,4,3938,1.3802218039830527
515,4,3939,1.4912892580032349
516,4,3940,1.424827291851952
517,4,3941,1.495626256579445
518,4,3942,1.4235449603625707
519,4,3943,1.4281370072137745
520,4,3944,1.497234988780249
521,4,3945,1.4205772110394068
522,4,3946,1.418911173230126
523,4,3947,1.4195379160699388
524,4,3948,1.4425854058492753
525,4,3949,1.471129758017404
526,4,3950,1.3633987108866372
527,4,3951,1.4274817364556447
528,4,3952,1.4594148993492126
529,4,3953,1.4038203897930328
530,4,3954,1.4462743004163106
531,4,3955,1.3984726440338864
532,4,3956,1.3955034273011344
533,4,3957,1.3862819189117066
534,4,3958,1.5052032811301095
535,4,3959,1.3775922514143446
536,4,3960,1.4033244450887046
537,4,3961,1.435674775214422
538,4,3962,1.4141472322600228
539,4,3963,1.3440506940796262
540,4,3964,1.5045191645622256
541,4,3965,1.313035408655802
542,4,3966,1.3572911251158943
543,4,3967,1.4914394503548032
544,4,3968,1.409347395102183
545,4,3969,1.3235351698739186
546,4,3970,1.4113717590059551
547,4,3971,1.3939282950900846
548,4,3972,1.4452509936832245
549,4,3973,1.452230711778005
550,4,3974,1.4206786042168025
551,4,3975,1.3724770006679354
552,4,3976,1.4057704806327822
553,4,3977,1.3518042848223732
554,4,3978,1.3474236045564927
555,4,3979,1.4083265435127987
556,4,3980,1.4413987710362388
557,4,3981,1.379150609175364
558,4,3982,1.4144538669359117
559,4,3983,1.4661116486503967
560,4,3984,1.4222696565446404
561,4,3985,1.514441280137925
562,4,3986,1.4077780104818798
563,4,3987,1.3257089739754087
564,4,3988,1.3628171313376656
565,4,3989,1.379840890566508
566,4,3990,1.4037262258075534
567,4,3991,1.3839964554423378
568,4,3992,1.4756883836927868
569,4,3993,1.4423849525905792
570,4,3994,1.4562808502288092
571,4,3995,1.3510941153480895
572,4,3996,1.355809362161727
573,4,3997,1.3670154639652798
574,4,3998,1.3829368579955332
575,4,3999,1.3982969011579243
576,4,4000,1.3755856411797662
577,4,4001,1.5647184281122115
578,4,4002,1.3363448580106099
579,4,4003,1.4002835012617567
580,4,4004,1.4045213290623257
581,4,4005,1.339944893405551
582,4,4006,1.4626280523481823
583,4,4007,1.4369649489720662
584,4,4008,1.4795335985365368
585,4,4009,1.3841207935696558
586,4,4010,1.3457812468210857
587,4,4011,1.4390285100255695
588,4,4012,1.4391074691499988
589,4,4013,1.4268365417207995
590,4,4014,1.4261806238265267
591,4,4015,1.3838660830543155
592,4,4016,1.4595089980534146
593,4,4017,1.5008674491019474
594,4,4018,1.334500661918095
595,4,4019,1.5161591995330082
596,4,4020,1.3573979366393318
597,4,4021,1.352087696393331
598,4,4022,1.4419996341069539
599,4,4023,1.3442556659380596
600,4,4024,1.3486497487340656
601,4,4025,1.3931808045932224
602,4,4026,1.3601344596771967
603,4,4027,1.435934603214264
604,4,4028,1.3524750613030934
605,4,4029,1.4537199423426672
606,4,4030,1.3078199880463737
607,4,4031,1.3242338384900771
608,4,4032,1.3989457005546206
609,4,4033,1.4017663002014162
610,4,4034,1.3784944727307276
611,4,4035,1.4665364679836093
612,4,4036,1.4302012636547996
613,4,4037,1.3247680351847695
614,4,4038,1.3924157676242648
615,4,4039,1.328884729317256
616,4,4040,1.4269886101995197
617,4,4041,1.3786216576894126
618,4,4042,1.4267995868410384
619,4,4043,1.3445482310794648
620,4,4044,1.4326354435512
621,4,4045,1.3921029170354209
622,4,4046,1.4226252266338892
623,4,4047,1.4108543821743558
624,4,4048,1.440210166431609
625,4,4049,1.3445204411234175
626,4,4050,1.4285417710031783
627,4,4051,1.3822625137510753
628,4,4052,1.37479719661531
629,4,4053,1.3951176660401483
630,4,4054,1.4654460889952523
631,4,4055,1.3422438190096901
632,4,4056,1.2955924755051025
633,4,4057,1.4572399059931436
634,4,4058,1.3991003944760276
635,4,4059,1.3834529973211742
636,4,4060,1.3708124387831917
637,4,4061,1.3809911069415866
638,4,4062,1.391818330401466
639,4,4063,1.4077325321379162
640,4,4064,1.4407097328276863
641,4,4065,1.480214090574355
642,4,4066,1.459424314044771
643,4,4067,1.384443325655801
644,4,4068,1.3635258419173102
645,4,4069,1.390389519078391
646,4,4070,1.4156521218163625
647,4,4071,1.3442684724217366
648,4,4072,1.3853782273474193
649,4,4073,1.390719595409575
650,4,4074,1.4409695125761481
651,4,4075,1.504201854978289
652,4,4076,1.319374904746101
653,4,4077,1.4180583783558434
654,4,4078,1.3452099164326987
655,4,4079,1.4305246869723003
656,4,4080,1.4377671224730357
657,4,4081,1.3983795103572663
658,4,4082,1.4706290477798096
659,4,4083,1.4210230509440105
660,4,4084,1.4124248822530108
661,4,4085,1.4596898413839792
662,4,4086,1.4154112168720794
663,4,4087,1.4484548597108753
664,4,4088,1.4229771920612881
665,4,4089,1.3161833059220087
666,4,4090,1.3375979349726725
667,4,4091,1.420083514281682
668,4,4092,1.3556674889155795
669,4,4093,1.4166879767463323
670,4,4094,1.4563665560313634
671,4,4095,1.3922059535980227
672,4,4096,1.3965395461945307
673,4,4097,1.3897389088358199
674,4,4098,1.3603906972067699
675,4,4099,1.3983162215777807
676,4,4100,1.4120929468245733
677,4,4101,1.4471653245744254
678,4,4102,1.4566198757716584
679,4,4103,1.3946511631920224
680,4,4104,1.3997733252389093
681,4,4105,1.4417387332235063
682,4,4106,1.408588610944294
683,4,4107,1.4301378613426572
684,4,4108,1.4421838777405878
685,4,4109,1.3865170166605996
686,4,4110,1.4026759948049274
687,4,4111,1.313161830107371
688,4,4112,1.5239316849481495
689,4,4113,1.3873519273031325
690,4,4114,1.4086287560917086
691,4,4115,1.428526066598438
692,4,4116,1.4461511032921928
693,4,4117,1.368380640234266
694,4,4118,1.4298685959407262
695,4,4119,1.5562593709854846
696,4,4120,1.477241538819813
697,4,4121,1.4506873601958863
698,4,4122,1.4325164755185444
699,4,4123,1.4843965229533964
700,4,4124,1.5097504967734927
701,4,4125,1.482665209543137
702,4,4126,1.4783621799378168
703,4,4127,1.5153470096134005
704,4,4128,1.402365377971104
705,4,4129,1.3419895853315085
706,4,4130,1.3296976203010196
707,4,4131,1.4700036077272325
708,4,4132,1.4968315760294597
709,4,4133,1.3945586312384832
710,4,4134,1.4105023117292492
711,4,4135,1.4442529224214098
712,4,4136,1.3800340436753775
713,4,4137,1.4164081414540608
714,4,4138,1.4626911594754175
715,4,4139,1.3111563466844105
716,4,4140,1.362525815055484
717,4,4141,1.3656048632803417
718,4,4142,1.3594753174554732
719,4,4143,1.4636263932500566
720,4,4144,1.4555184415408542
721,4,4145,1.3403486410776775
722,4,4146,1.4263599373045426
723,4,4147,1.4587279359499614
724,4,4148,1.4861694347290766
725,4,4149,1.3333568856829692
726,4,4150,1.4601277169727145
727,4,4151,1.411532796564556
728,4,4152,1.431202973638262
729,4,4153,1.3384892429624284
730,4,4154,1.450508753458659
731,4,4155,1.4253859661874317
732,4,4156,1.3873369239625477
733,4,4157,1.397964230605534
734,4,4158,1.3886281138374694
735,4,4159,1.4047707376025973
736,4,4160,1.4104746353058584
737,4,4161,1.5217799232119607
738,4,4162,1.4055800579843063
739,4,4163,1.414780435108003
740,4,4164,1.4206985036532087
741,4,4165,1.4210635480426606
742,4,4166,1.438624308222816
743,4,4167,1.3849753453618008
744,4,4168,1.4573385715484621
745,4,4169,1.3789937382652646
746,4,4170,1.4021929616019837
747,4,4171,1.4509316285451253
748,4,4172,1.388805497260321
749,4,4173,1.4578984464917866
750,4,4174,1.4614857946123399
751,4,4175,1.3782582623617992
752,4,4176,1.461028729166303
753,4,4177,1.347675533521743
754,4,4178,1.5310943353743782
755,4,4179,1.5250846374602545
756,4,4180,1.433927019437154
757,4,4181,1.4013197194962275
758,4,4182,1.3943763488814944
759,4,4183,1.3479871238980974
760,4,4184,1.407511234283447
761,4,4185,1.4719754060109456
762,4,4186,1.6104770983968462
763,4,4187,1.4458424534116472
764,4,4188,1.4143812145505636
765,4,4189,1.331944925444467
766,4,4190,1.4064894403730122
767,4,4191,1.44527800877889
768,4,4192,1.4947650546119327
769,4,4193,1.4901144561313446
770,4,4194,1.360191067059835
771,4,4195,1.4599797356696358
772,4,4196,1.41706493354979
773,4,4197,1.3974462577274869
774,4,4198,1.3565912814367387
775,4,4199,1.4108569820721943
776,4,4200,1.4287682487851097
777,4,4201,1.377111335595449
778,4,4202,1.398673415184021
779,4,4203,1.4593455933389208
780,4,4204,1.3878725681986126
781,4,4205,1.3919871676535833
782,4,4206,1.3160473079908463
783,4,4207,1.4126902591614499
784,4,4208,1.413528521855672
785,4,4209,1.432738394964309
786,4,4210,1.3624830132439023
787,4,4211,1.3988268971443178
788,4,4212,1.43712355977013
789,4,4213,1.4059249049141296
790,4,4214,1.3622728387514753
791,4,4215,1.3971453507741294
792,4,4216,1.519906026976449
793,4,4217,1.2665312346957978
794,4,4218,1.408646325270335
795,4,4219,1.4214562915620348
796,4,4220,1.4311032522292364
797,4,4221,1.3962135031109764
798,4,4222,1.4720659965560552
799,4,4223,1.3871306890533082
800,4,4224,1.3179193593206857
801,4,4225,1.4714952309926355
802,4,4226,1.3377893141337804
803,4,4227,1.3850364685058592
804,4,4228,1.4210335498764401
805,4,4229,1.4109322684151784
806,4,4230,1.4492876132329304
807,4,4231,1.4436294095856799
808,4,4232,1.3111212026505243
809,4,4233,1.4265412830171131
810,4,4234,1.459451079368591
811,4,4235,1.347884992758433
812,4,4236,1.4943542934599374
813,4,4237,1.4080674336070103
814,4,4238,1.3995689778100873
815,4,4239,1.405477943874541
816,4,4240,1.4221062915665763
817,4,4241,1.3565713223956883
818,4,4242,1.4221271162941338
819,4,4243,1.423449056489127
820,4,4244,1.4434212219147453
821,4,4245,1.458037132308597
822,4,4246,1.441947752521152
823,4,4247,1.3789675945327398
824,4,4248,1.4117911543164938
825,4,4249,1.4658932515553067
826,4,4250,1.4028767404102145
827,4,4251,1.3911743220828827
828,4,4252,1.5042447419393632
829,4,4253,1.3769671037083582
830,4,4254,1.2825324961117335
831,4,4255,1.4655869972138176
832,4,4256,1.422742034707751
833,4,4257,1.2982474934487116
834,4,4258,1.3879548424766177
835,4,4259,1.4211639449709939
836,4,4260,1.419102157865252
837,4,4261,1.4312863463447207
838,4,4262,1.3517462639581588
839,4,4263,1.4438968215669907
840,4,4264,1.4220472290402366
841,4,4265,1.341719539392562
842,4,4266,1.3916824914160228
843,4,4267,1.4201170347985765
844,4,4268,1.557304518563407
845,4,4269,1.43514511131105
846,4,4270,1.4163639573823836
847,4,4271,1.3696866943722676
848,4,4272,1.398246847447895
849,4,4273,1.4149401187896724
850,4,4274,1.3907088921183632
851,4,4275,1.3194279159818376
852,4,4276,1.4632694834754583
853,4,4277,1.4414055517741613
854,4,4278,1.3383856642813907
855,4,4279,1.4176064758073716
856,4,4280,1.407495969817752
857,4,4281,1.3372741029376074
858,4,4282,1.3566798539388747
859,4,4283,1.3967839990343367
860,4,4284,1.4830075559161957
861,4,4285,1.436957978066944
862,4,4286,1.3327534028462
863,4,4287,1.4698983288946605
864,4,4288,1.4795022464933854
865,4,4289,1.4384184933844066
866,4,4290,1.3683427430334543
867,4,4291,1.4402857791809804
868,4,4292,1.3968626090458465
869,4,4293,1.3494259402865456
870,4,4294,1.2867248739515036
871,4,4295,1.3984073514030095
872,4,4296,1.4727122840427214
873,4,4297,1.277805981181917
874,4,4298,1.3846946614129203
875,4,4299,1.318908472855886
876,4,4300,1.4237563666843231
877,4,4301,1.458529659679958
878,4,4302,1.4040824458712624
879,4,4303,1.4704808961777462
880,4,4304,1.3969635282244002
881,4,4305,1.374782846087501
882,4,4306,1.4230139312290007
883,4,4307,1.414298026334672
884,4,4308,1.3888436697778248
885,4,4309,1.4592634467851546
886,4,4310,1.3814571783656167
887,4,4311,1.4047600144431704
888,4,4312,1.3637201189994814
889,4,4313,1.4064809566452388
890,4,4314,1.4289005256834488
891,4,4315,1.3697990122295562
892,4,4316,1.327122824532645
893,4,4317,1.3531751973288402
894,4,4318,1.3788725591841196
895,4,4319,1.4348925692694527
896,4,4320,1.3578993876775105
897,4,4321,1.3318480593817577
898,4,4322,1.3611483999661036
899,4,4323,1.3827272880645025
900,4,4324,1.2734203111557734
901,4,4325,1.5525361015683126
902,4,4326,1.446294143086388
903,4,4327,1.4868714014689124
904,4,4328,1.432418564955393
905,4,4329,1.3504984804562157
906,4,4330,1.4553510348002119
907,4,4331,1.42839804433641
908,4,4332,1.4757507017680578
909,4,4333,1.3382666962487355
910,4,4334,1.4597051399094716
911,4,4335,1.3558888265064781
912,4,4336,1.4314639085815066
913,4,4337,1.439111079488482
914,4,4338,1.4706692411786035
915,4,4339,1.4523419170152574
916,4,4340,1.4146826749756223
917,4,4341,1.434457052321661
918,4,4342,1.3682556407792226
919,4,4343,1.322887273061843
920,4,4344,1.4239016260419575
921,4,4345,1.3720800592785791
922,4,4346,1.416660195305234
923,4,4347,1.4060606502351307
924,4,4348,1.3536722149167741
925,4,4349,1.4059880148796808
926,4,4350,1.3788242850984846
927,4,4351,1.3342653512954714
928,4,4352,1.303500059105101
929,4,4353,1.4587928851445517
930,4,4354,1.364828177860805
931,4,4355,1.436740557352702
932,4,4356,1.453049409957159
933,4,4357,1.4137573071888516
934,4,4358,1.4484640700476512
935,4,4359,1.469830399467832
936,4,4360,1.3474238089152746
937,4,4361,1.4525519410769148
938,4,4362,1.4698974915913172
939,4,4363,1.397088754744757
940,4,4364,1.4011960171517872
941,4,4365,1.4223666900680176
942,4,4366,1.4405962285541354
943,4,4367,1.4396203273818606
944,4,4368,1.3713027721359614
945,4,4369,1.4047546784083047
946,4,4370,1.3456573770159768
947,4,4371,1.486123312087286
948,4,4372,1.470469315846761
949,4,4373,1.453212178888775
950,4,4374,1.3490778463227406
951,4,4375,1.381019734200977
952,4,4376,1.3555938998858137
953,4,4377,1.3318639482770647
954,4,4378,1.4902022395815167
955,4,4379,1.4718039745376224
956,4,4380,1.3921214285350982
957,4,4381,1.398957507950919
958,4,4382,1.4115744176365084
959,4,4383,1.396135946114858
960,4,4384,1.5033255815505984
961,4,4385,1.4667057877495173
962,4,4386,1.3988699884641742
963,4,4387,1.4341981865110849
964,4,4388,1.326498778093429
965,4,4389,1.4103512082781111
966,4,4390,1.382717972710019
967,4,4391,1.4854801439103626
968,4,4392,1.4407418852760676
969,4,4393,1.40129299958547
970,4,4394,1.4413708505176361
971,4,4395,1.3662741638365248
972,4,4396,1.4023305234454926
973,4,4397,1.3447186606270929
974,4,4398,1.435263866469974
975,4,4399,1.425611762773423
976,4,4400,1.4266206508591062
977,4,4401,1.4582842900639488
978,4,4402,1.4518408321198961
979,4,4403,1.451186285132454
980,4,4404,1.4323423618362066
981,4,4405,1.4376423075085598
982,4,4406,1.3571006371861405
983,4,4407,1.4155261630103702
984,4,4408,1.3948499957720437
985,4,4409,1.4017843859536303
986,4,4410,1.4454721098854428
987,4,4411,1.4038437945502145
988,4,4412,1.4205226358913239
989,4,4413,1.3713275137401764
990,4,4414,1.3884162221636092
991,4,4415,1.4258904655774436
992,4,4416,1.3355252203487216
993,4,4417,1.4026955848648435
994,4,4418,1.4381521514483864
995,4,4419,1.4272009673572719
996,4,4420,1.3747725146157401
997,4,4421,1.442165834563119
998,4,4422,1.3543621784164797
999,4,4423,1.450566859472366
1000,4,4424,1.4087875059672763
1001,4,4425,1.3459174547876633
1002,4,4426,1.5293208247139343
1003,4,4427,1.4146537468546911
1004,4,4428,1.4555977242333549
1005,4,4429,1.4104476202101934
1006,4,4430,1.518641460509527
1007,4,4431,1.3701280639285134
1008,4,4432,1.3473026638939263
1009,4,4433,1.3923446053550355
1010,4,4434,1.420776801449912
1011,4,4435,1.424159890129453
1012,4,4436,1.382359172616686
1013,4,4437,1.357193166301364
1014,4,4438,1.4138956353777932
1015,4,4439,1.4261614027477445
1016,4,4440,1.4171690146128337
1017,4,4441,1.3922246183667863
1018,4,4442,1.4237388741402401
1019,4,4443,1.4776944887070427
1020,4,4444,1.3900829213006154
1021,4,4445,1.2893392897787548
1022,4,4446,1.383076074577513
1023,4,4447,1.4113046271460399
1024,4,4448,1.4032995360238212
1025,4,4449,1.3967315639768332
1026,4,4450,1.4732651199613298
1027,4,4451,1.3205519574029108
1028,4,4452,1.4565260069710866
1029,4,4453,1.3991582876160034
1030,4,4454,1.3750818371772764
1031,4,4455,1.2735796116647267
1032,4,4456,1.3517041461808341
1033,4,4457,1.3305045990716846
1034,4,4458,1.5310790027890888
1035,4,4459,1.4319474526814053
1036,4,4460,1.3106527669089183
1037,4,4461,1.427516412167322
1038,4,4462,1.386562892368862
1039,4,4463,1.5258549622126991
1040,4,4464,1.4361860241208757
1041,4,4465,1.419390306586311
1042,4,4466,1.4655513366063437
1043,4,4467,1.4326290857224238
1044,4,4468,1.318529472464607
1045,4,4469,1.3512409159115382
1046,4,4470,1.2608937848181956
1047,4,4471,1.4061500231424968
1048,4,4472,1.5070593130020868
1049,4,4473,1.4013737042744954
1050,4,4474,1.489238966078985
1051,4,4475,1.3747476538022358
1052,4,4476,1.418624554361616
1053,4,4477,1.4283879512832278
1054,4,4478,1.422356625398
1055,4,4479,1.3321492302985416
1056,4,4480,1.4474374197778246
1057,4,4481,1.4550150377409796
1058,4,4482,1.3157390980493455
1059,4,4483,1.4648554438636416
1060,4,4484,1.405597008409954
1061,4,4485,1.4623032978602817
1062,4,4486,1.3245643575986228
1063,4,4487,1.3656465467952545
1064,4,4488,1.370201119354793
1065,4,4489,1.3554763339814688
1066,4,4490,1.3441048037438168
1067,4,4491,1.3712698419888816
1068,4,4492,1.3635635319210233
1069,4,4493,1.4931311096463882
1070,4,4494,1.3377172776630948
1071,4,4495,1.411787450313568
1072,4,4496,1.41998294989268
1073,4,4497,1.3726534332547868
1074,4,4498,1.4541154957952953
1075,4,4499,1.4148383537928266
1076,4,4500,1.4153021346955073
1077,4,4501,1.4983948696227296
1078,4,4502,1.448941835335323
1079,4,4503,1.384348699024745
1080,4,4504,1.2979911764462788
1081,4,4505,1.3842557072639465
1082,4,4506,1.3903623734201702
1083,4,4507,1.5521045809700376
1084,4,4508,1.499218742052714
1085,4,4509,1.346775662331354
1086,4,4510,1.4261580932708013
1087,4,4511,1.3734323808125086
1088,4,4512,1.3331097648257297
1089,4,4513,1.3749933072498863
1090,4,4514,1.4807493005480086
1091,4,4515,1.526051348163968
1092,4,4516,1.390803552809216
1093,4,4517,1.3523801934151423
1094,4,4518,1.3902237982977006
1095,4,4519,1.4369418308848425
1096,4,4520,1.4039178008124942
1097,4,4521,1.3599238565989906
1098,4,4522,1.417533948307946
1099,4,4523,1.3661681555566336
1100,4,4524,1.484550853570302
1101,4,4525,1.4054716740335733
1102,4,4526,1.4266052359626407
1103,4,4527,1.425167577607291
1104,4,4528,1.3446406438237146
1105,4,4529,1.3573473464874994
1106,4,4530,1.4032219449679058
1107,4,4531,1.4891255356016613
1108,4,4532,1.4182684989202592
1109,4,4533,1.3543119714373633
1110,4,4534,1.3712777750832694
1111,4,4535,1.3165439480826968
1112,4,4536,1.3418240263348533
1113,4,4537,1.4725245350883123
1114,4,4538,1.3278291679563974
1115,4,4539,1.3775845028105236
1116,4,4540,1.3988621263276964
1117,4,4541,1.4089867330732797
1118,4,4542,1.442188314029148
1119,4,4543,1.537275870641073
1120,4,4544,1.3337686572756087
1121,4,4545,1.4252130900110516
1122,4,4546,1.4423999105181013
1123,4,4547,1.4205687585331146
1124,4,4548,1.4827440863563899
1125,4,4549,1.3027384266966864
1126,4,4550,1.4600723641259332
1127,4,4551,1.3656073326156253
1128,4,4552,1.4409774939219155
1129,4,4553,1.3970093017532714
1130,4,4554,1.3721414265178498
1131,4,4555,1.3679831169900436
1132,4,4556,1.4377034079460873
1133,4,4557,1.3521606240953714
1134,4,4558,1.415732945714678
1135,4,4559,1.302524058591752
1136,4,4560,1.3427436238243469
1137,4,4561,1.5057560631207059
1138,4,4562,1.357564199538458
1139,4,4563,1.384318130356925
1140,4,4564,1.422213736034575
0,5,4565,1.3116586804389951
1,5,4566,1.4657887106850034
2,5,4567,1.4572220983959376
3,5,4568,1.3624583738190787
4,5,4569,1.4159986603827706
5,5,4570,1.384175907997858
6,5,4571,1.3406190588360742
7,5,4572,1.3849938937595914
8,5,4573,1.4635916919935315
9,5,4574,1.4171809696015858
10,5,4575,1.2586062209946767
11,5,4576,1.4322180038406735
12,5,4577,1.378209877581823
13,5,4578,1.3845231987181164
14,5,4579,1.3631060265359427
15,5,4580,1.4556283099310738
16,5,4581,1.3585982918739319
17,5,4582,1.3375708687873114
18,5,4583,1.3597504468191237
19,5,4584,1.5082852556591946
20,5,4585,1.512765183335259
21,5,4586,1.4733737025942122
22,5,4587,1.384415904680888
23,5,4588,1.3344005062466573
24,5,4589,1.3656327497391476
25,5,4590,1.3897547750245955
26,5,4591,1.4907419397717427
27,5,4592,1.3973137821469988
28,5,4593,1.3586328597295854
29,5,4594,1.3835664817265105
30,5,4595,1.3426755297751651
31,5,4596,1.4793571290515717
32,5,4597,1.3444814568474177
33,5,4598,1.4339391958145866
34,5,4599,1.3752670543534413
35,5,4600,1.4254609005791805
36,5,4601,1.407111883163452
37,5,4602,1.4298939137231736
38,5,4603,1.3857922383717127
39,5,4604,1.4521049913905915
40,5,4605,1.502625442686535
41,5,4606,1.4825360604694913
42,5,4607,1.4114660053026107
43,5,4608,1.3643978323255266
44,5,4609,1.4277725730623518
45,5,4610,1.3599082912717544
46,5,4611,1.3711217726979938
47,5,4612,1.4033368769146148
48,5,4613,1.4472446640332541
49,5,4614,1.520620856966291
50,5,4615,1.4612505379177276
51,5,4616,1.3232086840130037
52,5,4617,1.350369978518713
53,5,4618,1.3738743464152017
54,5,4619,1.3720200005031766
55,5,4620,1.372085630893707
56,5,4621,1.4571452935536704
57,5,4622,1.2841243743896484
58,5,4623,1.3761097817193895
59,5,4624,1.3641605746178398
60,5,4625,1.3283516395659671
61,5,4626,1.476358112834749
62,5,4627,1.4005140860875451
63,5,4628,1.2869471169653393
64,5,4629,1.4026495303426472
65,5,4630,1.4429459515072047
66,5,4631,1.4303377554530188
67,5,4632,1.3971421945662728
68,5,4633,1.3843352312133426
69,5,4634,1.4074749265398299
70,5,4635,1.4706626335779824
71,5,4636,1.4710112639835904
72,5,4637,1.4087407929556712
73,5,4638,1.4263669365928289
74,5,4639,1.3911763713473364
75,5,4640,1.5451559339250838
76,5,4641,1.28539970942906
77,5,4642,1.335303309417906
78,5,4643,1.3185217777887979
79,5,4644,1.3754903418677191
80,5,4645,1.4072712262471516
81,5,4646,1.3849552898179918
82,5,4647,1.3702427262351626
83,5,4648,1.4385700509661723
84,5,4649,1.3875047394207543
85,5,4650,1.2850042099044436
86,5,4651,1.3272690233730133
87,5,4652,1.4893331130345662
88,5,4653,1.3579062223434446
89,5,4654,1.4009251764842443
90,5,4655,1.3803240514936899
91,5,4656,1.4206356633277166
92,5,4657,1.3028553752672107
93,5,4658,1.524748166402181
94,5,4659,1.4599317567689079
95,5,4660,1.3894992413974945
96,5,4661,1.446403404076894
97,5,4662,1.4632744931039354
98,5,4663,1.4152466484478539
99,5,4664,1.3874702084632147
100,5,4665,1.4409992808387397
101,5,4666,1.3927253740174428
102,5,4667,1.3876183089755831
103,5,4668,1.4079805385498774
104,5,4669,1.4071533339364186
105,5,4670,1.385564821107047
106,5,4671,1.4241230033692858
107,5,4672,1.4205473945254372
108,5,4673,1.344868222872416
109,5,4674,1.4409888954389665
110,5,4675,1.4048836515063332
111,5,4676,1.4207803748902819
112,5,4677,1.4090762762796314
113,5,4678,1.4786076886313302
114,5,4679,1.4506284963516962
115,5,4680,1.373881799834115
116,5,4681,1.3901340535708837
117,5,4682,1.430978434426444
118,5,4683,1.4138169629233222
119,5,4684,1.4246797306197028
120,5,4685,1.3633495512462799
121,5,4686,1.3523468886102947
122,5,4687,1.332197992574601
123,5,4688,1.3970452774138675
124,5,4689,1.406362246899378
125,5,4690,1.352494708129338
126,5,4691,1.4341392744155155
127,5,4692,1.3458515434038072
128,5,4693,1.375570189385187
129,5,4694,1.372342612062182
130,5,4695,1.39798933551425
131,5,4696,1.377594300678798
132,5,4697,1.4675992443448023
133,5,4698,1.5322501943224953
134,5,4699,1.4226180542083016
135,5,4700,1.398960195836567
136,5,4701,1.4079968191328502
137,5,4702,1.5025375996317183
138,5,4703,1.3398719969249906
139,5,4704,1.368361722855341
140,5,4705,1.4240533993357705
141,5,4706,1.3762382268905642
142,5,4707,1.3882641792297363
143,5,4708,1.4202747174671717
144,5,4709,1.4307656231380643
145,5,4710,1.3266457461175465
146,5,4711,1.4356110975855876
147,5,4712,1.3370900863692876
148,5,4713,1.3766258898235502
149,5,4714,1.4058801985922316
150,5,4715,1.4145849574179876
151,5,4716,1.4133359023502896
152,5,4717,1.3182113142240617
153,5,4718,1.522975552649725
154,5,4719,1.3133978219259352
155,5,4720,1.430311878522237
156,5,4721,1.3422002366610934
157,5,4722,1.3738047054835727
158,5,4723,1.4114633145786466
159,5,4724,1.3594104250272117
160,5,4725,1.4670696031479606
161,5,4726,1.4296769074031286
162,5,4727,1.4491746539161316
163,5,4728,1.4391629412060694
164,5,4729,1.4819091899054389
165,5,4730,1.445429932503473
166,5,4731,1.4098390227272397
167,5,4732,1.4138342539469404
168,5,4733,1.4298992327281408
169,5,4734,1.3757956652414234
170,5,4735,1.4603223516827537
171,5,4736,1.4621146860576812
172,5,4737,1.3950015334855943
173,5,4738,1.39989154395603
174,5,4739,1.4194936979384651
175,5,4740,1.4089384164128984
176,5,4741,1.362800166720436
177,5,4742,1.3442487858590624
178,5,4743,1.4142257117089772
179,5,4744,1.3829399914968579
180,5,4745,1.3069381146203907
181,5,4746,1.3883141988799685
182,5,4747,1.4039342658860343
183,5,4748,1.3589183744930087
184,5,4749,1.324314003898984
185,5,4750,1.3843992607934135
186,5,4751,1.4137677493549528
187,5,4752,1.5149175553094774
188,5,4753,1.4487180936904183
189,5,4754,1.3748824624788192
190,5,4755,1.4176041171664282
191,5,4756,1.4470039095197402
192,5,4757,1.3729186228343417
193,5,4758,1.402550561087472
194,5,4759,1.3666667200270155
195,5,4760,1.3033305463336762
196,5,4761,1.4181475923174904
197,5,4762,1.4195923095657714
198,5,4763,1.431141816434406
199,5,4764,1.3394621071361361
200,5,4765,1.3658061935788113
201,5,4766,1.2615909179051719
202,5,4767,1.4382289875121343
203,5,4768,1.3377099264235726
204,5,4769,1.3076050721463701
205,5,4770,1.3765242894490557
206,5,4771,1.5122504376229786
207,5,4772,1.5367927097138903
208,5,4773,1.3717640382902963
209,5,4774,1.4351501408077423
210,5,4775,1.3853050612267992
211,5,4776,1.4607661962509157
212,5,4777,1.4441569873264861
213,5,4778,1.4036941727002459
214,5,4779,1.4288653561047144
215,5,4780,1.410819737684159
216,5,4781,1.326030353705088
217,5,4782,1.5083262750080653
218,5,4783,1.3064349520774114
219,5,4784,1.4041758974393208
220,5,4785,1.4555646294639222
221,5,4786,1.4393643509773986
222,5,4787,1.3718438999993459
223,5,4788,1.3838540627842861
224,5,4789,1.4451059982890178
225,5,4790,1.351418864159357
226,5,4791,1.349821053800129
227,5,4792,1.44466043086279
228,5,4793,1.4366811201685956
229,5,4794,1.4096393414906094
230,5,4795,1.3658646657353355
231,5,4796,1.3588864831697376
232,5,4797,1.2962462504704795
233,5,4798,1.4778005906513763
234,5,4799,1.4603054693767004
235,5,4800,1.3675308482987538
236,5,4801,1.4618115822474163
237,5,4802,1.405577219667889
238,5,4803,1.3692467155910675
239,5,4804,1.375126390230088
240,5,4805,1.4517384483700706
241,5,4806,1.388645257268633
242,5,4807,1.4114988928749448
243,5,4808,1.3918014878318423
244,5,4809,1.3824075403667633
245,5,4810,1.4139556998298282
246,5,4811,1.3650759458541872
247,5,4812,1.4154436872118998
248,5,4813,1.3095530895959766
249,5,4814,1.3835550319580805
250,5,4815,1.3819394594147087
251,5,4816,1.2788809282439095
252,5,4817,1.366103393690927
253,5,4818,1.2944099732807701
254,5,4819,1.4333342739513943
255,5,4820,1.283258489200047
256,5,4821,1.4061480419976373
257,5,4822,1.4516460782005676
258,5,4823,1.4674019983836581
259,5,4824,1.3934919380006336
260,5,4825,1.4015130429040816
261,5,4826,1.391484416666485
262,5,4827,1.2974009655770802
263,5,4828,1.4162807464599612
264,5,4829,1.4907005003520424
265,5,4830,1.3041111543065027
266,5,4831,1.4860200172378901
267,5,4832,1.432386142866952
268,5,4833,1.4102893045970373
269,5,4834,1.4484381789252874
270,5,4835,1.378144987991878
271,5,4836,1.4142654566537767
272,5,4837,1.3586078030722482
273,5,4838,1.3421743966284252
274,5,4839,1.3952516033535913
275,5,4840,1.4355637232462566
276,5,4841,1.3542258455639795
277,5,4842,1.3897451020422433
278,5,4843,1.4075363675753274
279,5,4844,1.356688385918027
280,5,4845,1.442899715332758
281,5,4846,1.48368315469651
282,5,4847,1.3508390642347787
283,5,4848,1.3579445254235039
284,5,4849,1.4346737464269002
285,5,4850,1.4796843982878187
286,5,4851,1.3992917537689211
287,5,4852,1.4799257573627287
288,5,4853,1.370113599868048
289,5,4854,1.3288417259852092
290,5,4855,1.3559225116457256
291,5,4856,1.4031058805329455
292,5,4857,1.3877561773572649
293,5,4858,1.3585530065354845
294,5,4859,1.4020957719712033
295,5,4860,1.433576992579869
296,5,4861,1.3664418998218717
297,5,4862,1.463351840064639
298,5,4863,1.3697473520324346
299,5,4864,1.3911471054667521
300,5,4865,1.45735764503479
301,5,4866,1.425799213704609
302,5,4867,1.3952413967677528
303,5,4868,1.3719071632339837
304,5,4869,1.3899675096784319
305,5,4870,1.3222909967104595
306,5,4871,1.476202573095049
307,5,4872,1.537807793844314
308,5,4873,1.4133078427541823
309,5,4874,1.380631693771907
310,5,4875,1.46925668773197
311,5,4876,1.400836762927827
312,5,4877,1.3824878533681233
313,5,4878,1.4285786095119655
314,5,4879,1.429613079343523
315,5,4880,1.4561157595543635
316,5,4881,1.457564910252889
317,5,4882,1.495692105520339
318,5,4883,1.2893838655380976
319,5,4884,1.294285339968545
320,5,4885,1.380572006815956
321,5,4886,1.4170441939717247
322,5,4887,1.3559833878562564
323,5,4888,1.4169052044550576
324,5,4889,1.4464742512930007
325,5,4890,1.378895558062054
326,5,4891,1.3853270525024048
327,5,4892,1.3973006379036677
328,5,4893,1.4846640399524145
329,5,4894,1.280786877586728
330,5,4895,1.4932299909137545
331,5,4896,1.3968223446891421
332,5,4897,1.4698899218014307
333,5,4898,1.3969652198609852
334,5,4899,1.3983858440603527
335,5,4900,1.5325880618322465
336,5,4901,1.4014550844828286
337,5,4902,1.4241394712811428
338,5,4903,1.4294171560378301
339,5,4904,1.403286604654221
340,5,4905,1.363517883278075
341,5,4906,1.4021239961896623
342,5,4907,1.3729890868777326
343,5,4908,1.3316592432203749
344,5,4909,1.3924825787544248
345,5,4910,1.311337016877674
346,5,4911,1.3469452488990057
347,5,4912,1.44079734030224
348,5,4913,1.3929954823993502
349,5,4914,1.4102077767962502
350,5,4915,1.398756714094253
351,5,4916,1.5203973565782818
352,5,4917,1.4188694897152132
353,5,4918,1.4557512544450306
354,5,4919,1.3404874063673473
355,5,4920,1.3655942281087239
356,5,4921,1.3543224334716797
357,5,4922,1.3595173075085596
358,5,4923,1.4270873296828495
359,5,4924,1.4412789231254943
360,5,4925,1.3843315896533783
361,5,4926,1.2830561853590465
362,5,4927,1.3022759698686144
363,5,4928,1.348256485802787
364,5,4929,1.3112528806640986
365,5,4930,1.4262489988690332
366,5,4931,1.4187640377453397
367,5,4932,1.3896705877213251
368,5,4933,1.4381152732031686
369,5,4934,1.353142792270297
370,5,4935,1.4317988554636638
371,5,4936,1.430975601786659
372,5,4937,1.4350961418378918
373,5,4938,1.3424277305603027
374,5,4939,1.294082658631461
375,5,4940,1.421223072778611
376,5,4941,1.342284668059576
377,5,4942,1.4938474297523496
378,5,4943,1.4132946389062067
379,5,4944,1.3457863756588526
380,5,4945,1.4172205556006656
381,5,4946,1.499048664456322
382,5,4947,1.3879358427865163
383,5,4948,1.3797883221081324
384,5,4949,1.4988382884434286
385,5,4950,1.3341732308978127
386,5,4951,1.4458157278242563
387,5,4952,1.3721630686805366
388,5,4953,1.3496098121007283
389,5,4954,1.463501351220267
390,5,4955,1.3267041331245784
391,5,4956,1.4260496497154236
392,5,4957,1.3991919188272388
393,5,4958,1.3619935001645769
394,5,4959,1.298659270717984
395,5,4960,1.4158444745200018
396,5,4961,1.453343709309896
397,5,4962,1.4720641771952312
398,5,4963,1.3945714774585904
399,5,4964,1.3886936789467221
400,5,4965,1.448297611304692
401,5,4966,1.3470635882445747
402,5,4967,1.410413208461943
403,5,4968,1.3697401796068465
404,5,4969,1.5016550223032634
405,5,4970,1.3615606569108507
406,5,4971,1.411197895095462
407,5,4972,1.4483049994423278
408,5,4973,1.4011536666325162
409,5,4974,1.334394471985953
410,5,4975,1.4290456289336795
411,5,4976,1.4664453069369001
412,5,4977,1.332539887655349
413,5,4978,1.3981912419909523
414,5,4979,1.4936727257001965
415,5,4980,1.4000096803619746
416,5,4981,1.4524043798446657
417,5,4982,1.369190133753277
418,5,4983,1.4017921175275527
419,5,4984,1.385479308310009
420,5,4985,1.3876443931034632
421,5,4986,1.421071458430517
422,5,4987,1.4208058828399297
423,5,4988,1.3465713603155955
424,5,4989,1.4458442245210918
425,5,4990,1.4256806714194163
426,5,4991,1.3975960527147562
427,5,4992,1.3652850701695396
428,5,4993,1.3593594176428658
429,5,4994,1.371709826446715
430,5,4995,1.3400672986393882
431,5,4996,1.3952601906799136
432,5,4997,1.3860765780721391
433,5,4998,1.308040542261941
434,5,4999,1.2992381425130934
435,5,5000,1.389613730566842
436,5,5001,1.365558581692832
437,5,5002,1.3681647096361433
438,5,5003,1.379119810603914
439,5,5004,1.3632081718671893
440,5,5005,1.3270369682993208
441,5,5006,1.3698567464238127
442,5,5007,1.458839217821757
443,5,5008,1.4771388684000284
444,5,5009,1.5552279154459636
445,5,5010,1.4385016078040713
446,5,5011,1.4167852799097695
447,5,5012,1.4135282238324485
448,5,5013,1.4094954331715899
449,5,5014,1.3990921520051502
450,5,5015,1.3940733444123041
451,5,5016,1.4414255902880713
452,5,5017,1.3985644692466372
453,5,5018,1.33505041826339
454,5,5019,1.4452238565399533
455,5,5020,1.3948582808176677
456,5,5021,1.461272847084772
457,5,5022,1.4878833435830616
458,5,5023,1.3958727092969985
459,5,5024,1.3348236736797154
460,5,5025,1.304736534754435
461,5,5026,1.4574351509412131
462,5,5027,1.4820335450626554
463,5,5028,1.4660067615054906
464,5,5029,1.316469493366423
465,5,5030,1.3110550925845192
466,5,5031,1.4324864745140078
467,5,5032,1.421542477040064
468,5,5033,1.3510142820222035
469,5,5034,1.3680839368275233
470,5,5035,1.450962367511931
471,5,5036,1.4273811436834787
472,5,5037,1.3365833475476219
473,5,5038,1.426052473840259
474,5,5039,1.3720297302518571
475,5,5040,1.4277292149407523
476,5,5041,1.291063101518722
477,5,5042,1.351123727503277
478,5,5043,1.3602575063705442
479,5,5044,1.3443862937745592
480,5,5045,1.5110629172552195
481,5,5046,1.4453745285669963
482,5,5047,1.367148527077266
483,5,5048,1.5148718924749465
484,5,5049,1.3928834824335006
485,5,5050,1.3416683531942821
486,5,5051,1.4105664775485085
487,5,5052,1.3241519190016249
488,5,5053,1.3266453090168182
489,5,5054,1.4226073565937223
490,5,5055,1.4333946307500205
491,5,5056,1.331192604133061
492,5,5057,1.3968904926663352
493,5,5058,1.3200045710518244
494,5,5059,1.44609591790608
495,5,5060,1.4319191035770236
496,5,5061,1.3962605595588684
497,5,5062,1.3751761402402607
498,5,5063,1.4054830414908275
499,5,5064,1.3847170131547109
500,5,5065,1.3710396346591767
501,5,5066,1.3432320696966993
502,5,5067,1.2863502899805705
503,5,5068,1.3787402822857813
504,5,5069,1.342892607053121
505,5,5070,1.325279386270614
506,5,5071,1.3630413725262598
507,5,5072,1.3664854509489877
508,5,5073,1.4067614248820715
509,5,5074,1.3253592735245114
510,5,5075,1.3015350302060444
511,5,5076,1.365298691250029
512,5,5077,1.4296817836307347
513,5,5078,1.3462534263020474
514,5,5079,1.394438820225852
515,5,5080,1.3820665620622181
516,5,5081,1.304334702945891
517,5,5082,1.4257030941191173
518,5,5083,1.4242645331791466
519,5,5084,1.4370856994674315
520,5,5085,1.4812795604978288
521,5,5086,1.3449047122682845
522,5,5087,1.4373175955954054
523,5,5088,1.3041301625115531
524,5,5089,1.4112512895039149
525,5,5090,1.3788485271590099
526,5,5091,1.4005501582508997
527,5,5092,1.3530770568620591
528,5,5093,1.3743835687637325
529,5,5094,1.4433868215197607
530,5,5095,1.4111137872650508
531,5,5096,1.3732838772592089
532,5,5097,1.3300517598787946
533,5,5098,1.4762832749457586
534,5,5099,1.39757609083539
535,5,5100,1.3616463485218229
536,5,5101,1.4579672870181857
537,5,5102,1.4143715756280082
538,5,5103,1.2818296949068706
539,5,5104,1.387624496505374
540,5,5105,1.3990610185123626
541,5,5106,1.439540167649587
542,5,5107,1.4741281696728294
543,5,5108,1.3565686572165714
544,5,5109,1.3469118617829823
545,5,5110,1.4375763223284768
546,5,5111,1.4575579024496534
547,5,5112,1.3653999595415027
548,5,5113,1.3979060990469796
549,5,5114,1.4277566075325012
550,5,5115,1.4411254440035137
551,5,5116,1.4083214913095745
552,5,5117,1.3794654323941187
553,5,5118,1.4286873879886806
554,5,5119,1.3579948885100228
555,5,5120,1.403303208805266
556,5,5121,1.3724601212001983
557,5,5122,1.5010500181288948
558,5,5123,1.3633898056688762
559,5,5124,1.416860024134318
560,5,5125,1.432377122697376
561,5,5126,1.3731566781089422
562,5,5127,1.4923670916330245
563,5,5128,1.4814827867916651
564,5,5129,1.367292310510363
565,5,5130,1.4066425278073267
566,5,5131,1.2699818440846036
567,5,5132,1.3687452787444705
568,5,5133,1.3638858028820584
569,5,5134,1.4548917242458885
570,5,5135,1.3753929705846877
571,5,5136,1.3924750487009683
572,5,5137,1.3976084135827564
573,5,5138,1.4609032443591528
574,5,5139,1.2651495451018926
575,5,5140,1.4270746594383603
576,5,5141,1.468175729115804
577,5,5142,1.4492836679731096
578,5,5143,1.3113458184968858
579,5,5144,1.4135699101856776
580,5,5145,1.4511176063900901
581,5,5146,1.3535040191241672
582,5,5147,1.3790871188754128
583,5,5148,1.3625445905185882
584,5,5149,1.4082863075392589
585,5,5150,1.5142892428806853
586,5,5151,1.4511645634969077
587,5,5152,1.3342871665954592
588,5,5153,1.3850361222312564
589,5,5154,1.3474034099351788
590,5,5155,1.336894886834281
591,5,5156,1.3834193093436107
592,5,5157,1.376213774794624
593,5,5158,1.4441069932211013
594,5,5159,1.4188201086861747
595,5,5160,1.401368226323809
596,5,5161,1.3551092403275629
597,5,5162,1.415618700640542
598,5,5163,1.3831064899762469
599,5,5164,1.5314195383162723
600,5,5165,1.418655758812314
601,5,5166,1.3904562620889571
602,5,5167,1.3571419148218062
603,5,5168,1.3989664486476354
604,5,5169,1.3924467620395478
605,5,5170,1.4404239938372658
606,5,5171,1.3495183984438577
607,5,5172,1.4388073739551364
608,5,5173,1.4269668743723913
609,5,5174,1.4323264757792156
610,5,5175,1.310936513401213
611,5,5176,1.4819563343411402
612,5,5177,1.3694379216148738
613,5,5178,1.3719060506139484
614,5,5179,1.4757946672893705
615,5,5180,1.4190099579947333
616,5,5181,1.385700163387117
617,5,5182,1.3703068665095741
618,5,5183,1.372443395001548
619,5,5184,1.413469734646025
620,5,5185,1.4458152169273013
621,5,5186,1.409851040158953
622,5,5187,1.351721459910983
623,5,5188,1.351784586906433
624,5,5189,1.4051686865942818
625,5,5190,1.3963169852892554
626,5,5191,1.3807966709136963
627,5,5192,1.399498048282805
628,5,5193,1.4218239017895289
629,5,5194,1.3550809479895092
630,5,5195,1.3291084823154269
631,5,5196,1.3603700371015641
632,5,5197,1.4563651311965216
633,5,5198,1.3567774778320676
634,5,5199,1.3714408590680076
635,5,5200,1.4055623667580739
636,5,5201,1.4221848334584917
637,5,5202,1.3941007739021662
638,5,5203,1.339505192779359
639,5,5204,1.4049154065904166
640,5,5205,1.296424360502334
641,5,5206,1.490193809781756
642,5,5207,1.4312277464639573
643,5,5208,1.2678637022063846
644,5,5209,1.415984062921433
645,5,5210,1.2954818322545008
646,5,5211,1.3889770167214532
647,5,5212,1.3934109381267006
648,5,5213,1.453694318022047
649,5,5214,1.4180147591091337
650,5,5215,1.3995063304901125
651,5,5216,1.4101728058996656
652,5,5217,1.410030313900539
653,5,5218,1.3178938684009371
654,5,5219,1.4911171311423892
655,5,5220,1.3145365459578378
656,5,5221,1.519941046124413
657,5,5222,1.3884632899647666
658,5,5223,1.4759074903669809
659,5,5224,1.3501050216811044
660,5,5225,1.3773998731658572
661,5,5226,1.4019540207726613
662,5,5227,1.3911677967934382
663,5,5228,1.3579071135748004
664,5,5229,1.3759367437589736
665,5,5230,1.4952631592750547
666,5,5231,1.406152606010437
667,5,5232,1.4284951119195846
668,5,5233,1.4738193920680454
669,5,5234,1.4670191378820507
670,5,5235,1.3129182543073386
671,5,5236,1.372260610262553
672,5,5237,1.437754994346982
673,5,5238,1.2725474749292645
674,5,5239,1.3901551848366145
675,5,5240,1.4147793026197522
676,5,5241,1.3809182672273543
677,5,5242,1.3850275107792442
678,5,5243,1.3311129155613133
679,5,5244,1.3391797372273035
680,5,5245,1.4513314565022786
681,5,5246,1.4316716648283458
682,5,5247,1.46047842502594
683,5,5248,1.3547648645582653
684,5,5249,1.4027154218582882
685,5,5250,1.364246073223296
686,5,5251,1.3896140569732305
687,5,5252,1.4644200858615695
688,5,5253,1.485843034017654
689,5,5254,1.4555553623608177
690,5,5255,1.46286404132843
691,5,5256,1.419506441979181
692,5,5257,1.4391352363995142
693,5,5258,1.4213478281384424
694,5,5259,1.4239658628191267
695,5,5260,1.4233586688836415
696,5,5261,1.389174739519755
697,5,5262,1.4403178521565025
698,5,5263,1.344411634263538
699,5,5264,1.4927160768281849
700,5,5265,1.346558426107679
701,5,5266,1.4069081431343442
702,5,5267,1.3484445895467485
703,5,5268,1.4638254245122273
704,5,5269,1.3592424392700195
705,5,5270,1.3377188642819722
706,5,5271,1.352063624631791
707,5,5272,1.4186191047940935
708,5,5273,1.2565131244205294
709,5,5274,1.4083573534375147
710,5,5275,1.480889519055684
711,5,5276,1.3569249368849254
712,5,5277,1.4332265570050196
713,5,5278,1.4737087005660645
714,5,5279,1.347375844206129
715,5,5280,1.4180662546839036
716,5,5281,1.3910550276438398
717,5,5282,1.3218249721186501
718,5,5283,1.3664493276959375
719,5,5284,1.3724731774557202
720,5,5285,1.3685266574223836
721,5,5286,1.3367102032616025
722,5,5287,1.395724018414815
723,5,5288,1.442928575334095
724,5,5289,1.428603353954497
725,5,5290,1.454343216759818
726,5,5291,1.4503225911231263
727,5,5292,1.3726845128195624
728,5,5293,1.442395079703558
729,5,5294,1.3638505197706676
730,5,5295,1.4150285834357847
731,5,5296,1.3256392195111228
732,5,5297,1.4382867217063904
733,5,5298,1.390907264891125
734,5,5299,1.3915646445183525
735,5,5300,1.4149972228776841
736,5,5301,1.3757698138554892
737,5,5302,1.3942988713582358
738,5,5303,1.4135821376528062
739,5,5304,1.4032930589857555
740,5,5305,1.3957563979285106
741,5,5306,1.434990888550168
742,5,5307,1.3619037298929124
743,5,5308,1.3792284216199602
744,5,5309,1.420458237330119
745,5,5310,1.3398741199856714
746,5,5311,1.3774789855593725
747,5,5312,1.4213117417835053
748,5,5313,1.43485350835891
749,5,5314,1.4667573883419944
750,5,5315,1.3001269499460857
751,5,5316,1.530109771660396
752,5,5317,1.3633977855954849
753,5,5318,1.4292214484441845
754,5,5319,1.4069457962399439
755,5,5320,1.4447045269466583
756,5,5321,1.4069037778036932
757,5,5322,1.3357626937684561
758,5,5323,1.4099067846934001
759,5,5324,1.3479936208043777
760,5,5325,1.426900437899998
761,5,5326,1.3329893066769556
762,5,5327,1.4167409567605882
763,5,5328,1.360811071736472
764,5,5329,1.4153018877619792
765,5,5330,1.4180686417080102
766,5,5331,1.3788469859531947
767,5,5332,1.3965805485135034
768,5,5333,1.4115640634582158
769,5,5334,1.4299665377253576
770,5,5335,1.4148511347316564
771,5,5336,1.4734091105915252
772,5,5337,1.34242198013124
773,5,5338,1.3531846091860815
774,5,5339,1.3504773151306875
775,5,5340,1.3713015176001049
776,5,5341,1.4070430085772558
777,5,5342,1.4539763927459717
778,5,5343,1.379058545544034
779,5,5344,1.4101239215760002
780,5,5345,1.4275988908041093
781,5,5346,1.446563527697609
782,5,5347,1.3959806703385853
783,5,5348,1.3773464532125566
784,5,5349,1.3446269716535295
785,5,5350,1.2973993051619757
786,5,5351,1.3744520119258337
787,5,5352,1.3864602333023432
788,5,5353,1.4033359573000954
789,5,5354,1.355523875781468
790,5,5355,1.3792118359179726
791,5,5356,1.3125998831930616
792,5,5357,1.3832778306234448
793,5,5358,1.482596615950267
794,5,5359,1.3265431750388375
795,5,5360,1.363947766167777
796,5,5361,1.4816195624215265
797,5,5362,1.529408540044512
798,5,5363,1.3847318348430453
799,5,5364,1.429327059359778
800,5,5365,1.4616322432245528
801,5,5366,1.3982605650311424
802,5,5367,1.368505790120079
803,5,5368,1.4261491866338822
804,5,5369,1.377230561914898
805,5,5370,1.3341498829069591
806,5,5371,1.4610959745588756
807,5,5372,1.3697856863339744
808,5,5373,1.4088750793820335
809,5,5374,1.46086433387938
810,5,5375,1.410572852407183
811,5,5376,1.4458684296835036
812,5,5377,1.4505138737814764
813,5,5378,1.486164541471572
814,5,5379,1.511043977169764
815,5,5380,1.427285469713665
816,5,5381,1.3803192405473619
817,5,5382,1.391673139163426
818,5,5383,1.3164054893312
819,5,5384,1.3447939668382918
820,5,5385,1.4258450071016946
821,5,5386,1.4251885754721505
822,5,5387,1.3384234990392418
823,5,5388,1.4470894506999425
824,5,5389,1.3395075854800995
825,5,5390,1.4724954451833456
826,5,5391,1.4085101258187065
827,5,5392,1.3932519810540336
828,5,5393,1.4815265167327156
829,5,5394,1.4559085993539722
830,5,5395,1.3914258309773038
831,5,5396,1.4267914976392473
832,5,5397,1.4046398060662408
833,5,5398,1.4053662646384468
834,5,5399,1.397759048711686
835,5,5400,1.2831630266848062
836,5,5401,1.3628720783051993
837,5,5402,1.4919139600935436
838,5,5403,1.4008599491346452
839,5,5404,1.3485280246961684
840,5,5405,1.5225869587489536
841,5,5406,1.3449069687298365
842,5,5407,1.4183477220081147
843,5,5408,1.4302280204636715
844,5,5409,1.4210981868562242
845,5,5410,1.5008309057780675
846,5,5411,1.3964930290267579
847,5,5412,1.379411850656782
848,5,5413,1.4545483873004001
849,5,5414,1.5404405877703713
850,5,5415,1.4904478759992692
851,5,5416,1.408664223693666
852,5,5417,1.4961619490668887
853,5,5418,1.358810456026168
854,5,5419,1.443555533885956
855,5,5420,1.5063602981113253
856,5,5421,1.3902793384733654
857,5,5422,1.309236447016398
858,5,5423,1.4042334329514279
859,5,5424,1.4531922226860408
860,5,5425,1.4582217733065288
861,5,5426,1.4617903175808133
862,5,5427,1.3961112953367687
863,5,5428,1.4662641343616305
864,5,5429,1.385815750984918
865,5,5430,1.3231229867253984
866,5,5431,1.3716709188052585
867,5,5432,1.5079356942858018
868,5,5433,1.3826713476862225
869,5,5434,1.4644628422600885
870,5,5435,1.415439753305344
871,5,5436,1.405075586977459
872,5,5437,1.430312820843288
873,5,5438,1.5447163042568024
874,5,5439,1.4465192556381228
875,5,5440,1.3946716132618133
876,5,5441,1.3903196425664992
877,5,5442,1.358490586280823
878,5,5443,1.3674565354983013
879,5,5444,1.4325828949610389
880,5,5445,1.4270352692831132
881,5,5446,1.3825780437106179
882,5,5447,1.366510311762492
883,5,5448,1.4605183118865603
884,5,5449,1.3620671005476088
885,5,5450,1.4299507566860745
886,5,5451,1.4159399611609325
887,5,5452,1.4443331162134805
888,5,5453,1.362620194753011
889,5,5454,1.4082139333089192
890,5,5455,1.3813291930017018
891,5,5456,1.5180415369215463
892,5,5457,1.3925813635190327
893,5,5458,1.4334143797556558
894,5,5459,1.3204555341175626
895,5,5460,1.4806912967136927
896,5,5461,1.3237252065113614
897,5,5462,1.4606577157974245
898,5,5463,1.3820060009048103
899,5,5464,1.3110166788101194
900,5,5465,1.4112014486676172
901,5,5466,1.3637259176799228
902,5,5467,1.4329097696713038
903,5,5468,1.38159403914497
904,5,5469,1.4223432257061912
905,5,5470,1.459449052810669
906,5,5471,1.3811878107842945
907,5,5472,1.363890250523885
908,5,5473,1.4058947619937716
909,5,5474,1.3116479970159982
910,5,5475,1.4287741751897902
911,5,5476,1.3899648104395184
912,5,5477,1.4084756374359129
913,5,5478,1.330231391248249
914,5,5479,1.3203639757065546
915,5,5480,1.376728926386152
916,5,5481,1.402637169474647
917,5,5482,1.3715626852852956
918,5,5483,1.4428581027757554
919,5,5484,1.4079859994706656
920,5,5485,1.4060565630594888
921,5,5486,1.3726401783171154
922,5,5487,1.4200099025453838
923,5,5488,1.3504719052995955
924,5,5489,1.3388396047410511
925,5,5490,1.4133214468047732
926,5,5491,1.3692980238369532
927,5,5492,1.4369553015345622
928,5,5493,1.32303824311211
929,5,5494,1.3337729317801337
930,5,5495,1.3378961426871165
931,5,5496,1.4105186547551836
932,5,5497,1.4194507059596833
933,5,5498,1.386187036832174
934,5,5499,1.3711950438363212
935,5,5500,1.3154040489877974
936,5,5501,1.382877931708381
937,5,5502,1.4199158123561313
938,5,5503,1.459146062533061
939,5,5504,1.3664151004382548
940,5,5505,1.4609017769495647
941,5,5506,1.4456996946107774
942,5,5507,1.321513476825896
943,5,5508,1.3446824351946514
944,5,5509,1.375397162778037
945,5,5510,1.3996039628982546
946,5,5511,1.4024925856363206
947,5,5512,1.403115198725746
948,5,5513,1.4669642561957947
949,5,5514,1.4115540129797801
950,5,5515,1.364097365311214
951,5,5516,1.403625891322181
952,5,5517,1.398238363720122
953,5,5518,1.3450802990368433
954,5,5519,1.3797079608553933
955,5,5520,1.4210424082619804
956,5,5521,1.3759964988345195
957,5,5522,1.4503087202707927
958,5,5523,1.4739233823049631
959,5,5524,1.3979959487915037
960,5,5525,1.4243479002089727
961,5,5526,1.4649360265050613
962,5,5527,1.5198724269866941
963,5,5528,1.3421456813812256
964,5,5529,1.393095266251337
965,5,5530,1.2876934948421659
966,5,5531,1.4194748799006147
967,5,5532,1.3961283961931865
968,5,5533,1.3586413037209286
969,5,5534,1.344603146825518
970,5,5535,1.376454858552842
971,5,5536,1.400420296759832
972,5,5537,1.335900312378293
973,5,5538,1.3003100639297847
974,5,5539,1.4036998351415
975,5,5540,1.3705512824512665
976,5,5541,1.45901840641385
977,5,5542,1.4364816489673793
978,5,5543,1.3439216046106248
979,5,5544,1.4106709304310028
980,5,5545,1.4422858811560133
981,5,5546,1.4054245778492518
982,5,5547,1.3914897129649206
983,5,5548,1.3927576882498605
984,5,5549,1.5403419903346471
985,5,5550,1.418032203401838
986,5,5551,1.4410261653718492
987,5,5552,1.507799875168573
988,5,5553,1.3946669896443684
989,5,5554,1.4810757637023926
990,5,5555,1.3856277181988672
991,5,5556,1.4042677680651345
992,5,5557,1.427991580395472
993,5,5558,1.3895735258147828
994,5,5559,1.4450533361662001
995,5,5560,1.3985265578542434
996,5,5561,1.3860318149839128
997,5,5562,1.3853170786585127
998,5,5563,1.4053691852660404
999,5,5564,1.3174720292999629
1000,5,5565,1.3874181168419975
1001,5,5566,1.3868601322174072
1002,5,5567,1.4730036883127124
1003,5,5568,1.2702365489233107
1004,5,5569,1.2831005113465443
1005,5,5570,1.3957145838510423
1006,5,5571,1.4496018687884014
1007,5,5572,1.4644135605721247
1008,5,5573,1.2770685865765525
1009,5,5574,1.349066532793499
1010,5,5575,1.4436189390364145
1011,5,5576,1.48971578620729
1012,5,5577,1.3473902429853166
1013,5,5578,1.4573651211602343
1014,5,5579,1.428700139125188
1015,5,5580,1.3685681309018816
1016,5,5581,1.4149901980445498
1017,5,5582,1.3075278004010515
1018,5,5583,1.4634290706543693
1019,5,5584,1.396862464291709
1020,5,5585,1.3545840410959153
1021,5,5586,1.4554127341225034
1022,5,5587,1.422736352398282
1023,5,5588,1.370851193155561
1024,5,5589,1.4419299477622625
1025,5,5590,1.5543927805764335
1026,5,5591,1.3778595441863652
1027,5,5592,1.4207051822117396
1028,5,5593,1.4857465766725086
1029,5,5594,1.3887564908890497
1030,5,5595,1.4088338443211146
1031,5,5596,1.43836468174344
1032,5,5597,1.4904157661256336
1033,5,5598,1.4055715714182173
1034,5,5599,1.484592528570266
1035,5,5600,1.3452362673623222
1036,5,5601,1.3659068118958249
1037,5,5602,1.3592070369493394
1038,5,5603,1.4020090784345354
1039,5,5604,1.319848094667707
1040,5,5605,1.4090373260634286
1041,5,5606,1.3921916740281244
1042,5,5607,1.4154505616142634
1043,5,5608,1.3976484310059323
1044,5,5609,1.335736129965101
1045,5,5610,1.375091748578208
1046,5,5611,1.3630591403870356
1047,5,5612,1.5014639241354806
1048,5,5613,1.3253239308084759
1049,5,5614,1.4335806852295283
1050,5,5615,1.4207253342583068
1051,5,5616,1.3947912738436747
1052,5,5617,1.371551269576663
1053,5,5618,1.3974640710013255
1054,5,5619,1.4221888269696916
1055,5,5620,1.3955906459263394
1056,5,5621,1.402063494636899
1057,5,5622,1.4048981553032285
1058,5,5623,1.4169500725609918
1059,5,5624,1.4369889668055942
1060,5,5625,1.5763087499709356
1061,5,5626,1.3560204335621424
1062,5,5627,1.5290336466970897
1063,5,5628,1.545803739911034
1064,5,5629,1.3006265958150227
1065,5,5630,1.391068850244795
1066,5,5631,1.4283253777594795
1067,5,5632,1.3808639049530027
1068,5,5633,1.4310527983165922
1069,5,5634,1.3680920813764845
1070,5,5635,1.3858455760138375
1071,5,5636,1.420460045337677
1072,5,5637,1.4707912490481425
1073,5,5638,1.3921373231070382
1074,5,5639,1.4022481895628431
1075,5,5640,1.3893573397681827
1076,5,5641,1.3872937701997308
1077,5,5642,1.286210610753014
1078,5,5643,1.3914695580800378
1079,5,5644,1.414388460772378
1080,5,5645,1.4813664640699118
1081,5,5646,1.3923510313034055
1082,5,5647,1.451169871148609
1083,5,5648,1.4283550410043628
1084,5,5649,1.3878297805786133
1085,5,5650,1.4023593437103996
1086,5,5651,1.3647855974379037
1087,5,5652,1.3860661841574173
1088,5,5653,1.3277605573336282
1089,5,5654,1.38086511975243
1090,5,5655,1.27589039575486
1091,5,5656,1.4440055063792636
1092,5,5657,1.45769126642318
1093,5,5658,1.3549593800590154
1094,5,5659,1.4632573383195058
1095,5,5660,1.3772458916618713
1096,5,5661,1.4132738085020156
1097,5,5662,1.3816085770016626
1098,5,5663,1.3480397689910162
1099,5,5664,1.3663400298073178
1100,5,5665,1.3953964653469266
1101,5,5666,1.4713212138130554
1102,5,5667,1.3574762202444532
1103,5,5668,1.4766072602499103
1104,5,5669,1.39839692342849
1105,5,5670,1.379526257514954
1106,5,5671,1.3998545777230036
1107,5,5672,1.3829906015169051
1108,5,5673,1.3773923686572482
1109,5,5674,1.3661210139592488
1110,5,5675,1.397183900787717
1111,5,5676,1.3283380610602245
1112,5,5677,1.4272971493857247
1113,5,5678,1.433300336201986
1114,5,5679,1.3093244915916804
1115,5,5680,1.472720449879056
1116,5,5681,1.4426263457252866
1117,5,5682,1.3591519764491489
1118,5,5683,1.472763453211103
1119,5,5684,1.3688229748180933
1120,5,5685,1.4412708906900313
1121,5,5686,1.357307689530509
1122,5,5687,1.4848219326564243
1123,5,5688,1.4129224107379006
1124,5,5689,1.4610281842095512
1125,5,5690,1.3859944684164862
1126,5,5691,1.428245391164507
1127,5,5692,1.388101586273738
1128,5,5693,1.4664804878688993
1129,5,5694,1.4788088798522951
1130,5,5695,1.418666987192063
1131,5,5696,1.3536925542922251
1132,5,5697,1.417905535016741
1133,5,5698,1.3586738961083547
1134,5,5699,1.431529408409482
1135,5,5700,1.4426650433313277
1136,5,5701,1.3903913810139614
1137,5,5702,1.4260612896510538
1138,5,5703,1.431890612556821
1139,5,5704,1.4416276528721763
1140,5,5705,1.2203000613621302
0,6,5706,1.4188859803336005
1,6,5707,1.449831709975288
2,6,5708,1.33808476016635
3,6,5709,1.3997073570887248
4,6,5710,1.485034820579347
5,6,5711,1.3767615386417933
6,6,5712,1.356370250384013
7,6,5713,1.3549819106147403
8,6,5714,1.4357499707312813
9,6,5715,1.4259870052337646
10,6,5716,1.4355905055999751
11,6,5717,1.3892289116269065
12,6,5718,1.471813162167867
13,6,5719,1.3889787140346703
14,6,5720,1.4257782669294448
15,6,5721,1.4990775613557727
16,6,5722,1.3712217751003444
17,6,5723,1.465641623451596
18,6,5724,1.459046108382089
19,6,5725,1.3223470165615987
20,6,5726,1.390216086591993
21,6,5727,1.3710290505772542
22,6,5728,1.3524644516763231
23,6,5729,1.3175906113215858
24,6,5730,1.3573448203858873
25,6,5731,1.339615566389901
26,6,5732,1.343647173472813
27,6,5733,1.3910939665067765
28,6,5734,1.306705531619844
29,6,5735,1.405205119223822
30,6,5736,1.5163181509290424
31,6,5737,1.4045067372776214
32,6,5738,1.3830083381562004
33,6,5739,1.3931009145010083
34,6,5740,1.3866710322243827
35,6,5741,1.3645482517424083
36,6,5742,1.3754185438156126
37,6,5743,1.4204368193944295
38,6,5744,1.4162461842809402
39,6,5745,1.375744586899167
40,6,5746,1.4253136742682684
41,6,5747,1.4121595791407995
42,6,5748,1.4248518887020292
43,6,5749,1.3921226518494743
44,6,5750,1.3812392893291654
45,6,5751,1.3544792078790213
46,6,5752,1.3906202770414808
47,6,5753,1.4389782973698206
48,6,5754,1.4202190580822172
49,6,5755,1.4163770335061208
50,6,5756,1.339617201260158
51,6,5757,1.3029036834126426
52,6,5758,1.3791932179814292
53,6,5759,1.4883415500322978
54,6,5760,1.3949494390260604
55,6,5761,1.47426985842841
56,6,5762,1.3661436637242637
57,6,5763,1.334415776388986
58,6,5764,1.3858973667735144
59,6,5765,1.4336661185537067
60,6,5766,1.357436702364967
61,6,5767,1.493638248670669
62,6,5768,1.404950187319801
63,6,5769,1.3584259691692535
64,6,5770,1.3503564369110832
65,6,5771,1.3837661260650274
66,6,5772,1.496635383083707
67,6,5773,1.402104962439764
68,6,5774,1.430628106707618
69,6,5775,1.3678561392284576
70,6,5776,1.3238097996938796
71,6,5777,1.4273960760661535
72,6,5778,1.4431755769820438
73,6,5779,1.351954059941428
74,6,5780,1.4346884261994133
75,6,5781,1.2924794639859878
76,6,5782,1.4142661009516033
77,6,5783,1.4523243081002009
78,6,5784,1.4368708786510287
79,6,5785,1.4576710292271202
80,6,5786,1.366933632464636
81,6,5787,1.4434100559779581
82,6,5788,1.3796495085670835
83,6,5789,1.3771118436540877
84,6,5790,1.3350523625101363
85,6,5791,1.4456419206800917
86,6,5792,1.3681956245785671
87,6,5793,1.3944503494671412
88,6,5794,1.406292881284441
89,6,5795,1.4406898986725585
90,6,5796,1.5033693086533324
91,6,5797,1.3624881392433532
92,6,5798,1.3381117440405346
93,6,5799,1.4013691062018983
94,6,5800,1.4320850315548128
95,6,5801,1.4551876556305658
96,6,5802,1.420944054921468
97,6,5803,1.4186884278342837
98,6,5804,1.405371898696536
99,6,5805,1.4324051652635847
100,6,5806,1.4118164493924092
101,6,5807,1.4544757491066342
102,6,5808,1.4160965595926556
103,6,5809,1.4220544241723558
104,6,5810,1.3968635627201627
105,6,5811,1.4393225681214106
106,6,5812,1.3124158552714758
107,6,5813,1.3918621426536921
108,6,5814,1.4060669342676797
109,6,5815,1.3830602793466478
110,6,5816,1.2993771575746087
111,6,5817,1.4087826836676824
112,6,5818,1.4009879288219274
113,6,5819,1.3364534718649725
114,6,5820,1.3844677067938302
115,6,5821,1.3867745229176114
116,6,5822,1.3876468766303292
117,6,5823,1.3682085020201546
118,6,5824,1.4807658081962947
119,6,5825,1.404144851934342
120,6,5826,1.374668521540506
121,6,5827,1.5264693271546135
122,6,5828,1.3927988778977165
123,6,5829,1.4096640830948235
124,6,5830,1.3376743055525282
125,6,5831,1.3521884850093298
126,6,5832,1.4278304860705424
127,6,5833,1.3860338500567846
128,6,5834,1.4237626734234035
129,6,5835,1.301459306762332
130,6,5836,1.4111443417412894
131,6,5837,1.3678269215992516
132,6,5838,1.3573743048168365
133,6,5839,1.3907570100965958
134,6,5840,1.2756706731660026
135,6,5841,1.4294561261222478
136,6,5842,1.459721292768206
137,6,5843,1.388762442838578
138,6,5844,1.3512938561893644
139,6,5845,1.4196149110794065
140,6,5846,1.3395013695671443
141,6,5847,1.3654322113309585
142,6,5848,1.4467187268393384
143,6,5849,1.3263222007524398
144,6,5850,1.5097423735119049
145,6,5851,1.3874973427681696
146,6,5852,1.3428275131043934
147,6,5853,1.39278123776118
148,6,5854,1.472491105397542
149,6,5855,1.4260788701829454
150,6,5856,1.3237596807025729
151,6,5857,1.3929021755854292
152,6,5858,1.383637768881662
153,6,5859,1.4166009539649602
154,6,5860,1.3698558807373047
155,6,5861,1.4325303520475114
156,6,5862,1.4118070772715978
157,6,5863,1.3577879525366283
158,6,5864,1.4006577616646179
159,6,5865,1.4853489427339464
160,6,5866,1.3684090546199255
161,6,5867,1.4142087925048101
162,6,5868,1.5938242787406558
163,6,5869,1.3588015068145025
164,6,5870,1.3447878474280945
165,6,5871,1.4295791728155953
166,6,5872,1.483496870313372
167,6,5873,1.3916202840350924
168,6,5874,1.30348824603217
169,6,5875,1.4045646616390774
170,6,5876,1.3138710714521862
171,6,5877,1.3403437903949194
172,6,5878,1.4104551417487008
173,6,5879,1.3743601753598165
174,6,5880,1.3338205360230944
175,6,5881,1.3996722499529521
176,6,5882,1.406052802290235
177,6,5883,1.3434415828614008
178,6,5884,1.4302736492384047
179,6,5885,1.3400096126965115
180,6,5886,1.3878987914039977
181,6,5887,1.404757823262896
182,6,5888,1.4032812856492543
183,6,5889,1.3047308439300171
184,6,5890,1.4147365377062844
185,6,5891,1.3760185355231873
186,6,5892,1.4277133203688122
187,6,5893,1.342354203973498
188,6,5894,1.3759188765571233
189,6,5895,1.3230892277899242
190,6,5896,1.3113123575846353
191,6,5897,1.4457055727640789
192,6,5898,1.3887808606738135
193,6,5899,1.4420070591427032
194,6,5900,1.4382430655615672
195,6,5901,1.365247374489194
196,6,5902,1.3885901087806338
197,6,5903,1.3433442626680647
198,6,5904,1.3529740628742037
199,6,5905,1.3804362359501068
200,6,5906,1.3542230923970542
201,6,5907,1.392817309924534
202,6,5908,1.3632372106824604
203,6,5909,1.3677478035291035
204,6,5910,1.488737637088412
205,6,5911,1.4241881853058227
206,6,5912,1.4433494125093735
207,6,5913,1.4079714530990237
208,6,5914,1.2697093855767025
209,6,5915,1.3265908303714933
210,6,5916,1.370858873639788
211,6,5917,1.3440332214037576
212,6,5918,1.4824108055659704
213,6,5919,1.414918902374449
214,6,5920,1.4020845946811495
215,6,5921,1.4032185815629505
216,6,5922,1.3868623404275804
217,6,5923,1.4324658569835484
218,6,5924,1.487822072846549
219,6,5925,1.418640789531526
220,6,5926,1.3907019126982918
221,6,5927,1.3165113869167506
222,6,5928,1.4363670519420078
223,6,5929,1.4409552954492115
224,6,5930,1.4444131624130976
225,6,5931,1.4367696699642
226,6,5932,1.3124513853163948
227,6,5933,1.3446078726223538
228,6,5934,1.3045563272067482
229,6,5935,1.3897474294617063
230,6,5936,1.4622074592681156
231,6,5937,1.3533514681316556
232,6,5938,1.3927839327426184
233,6,5939,1.3196685569626945
234,6,5940,1.429235850061689
235,6,5941,1.352266652243478
236,6,5942,1.4305855631828308
237,6,5943,1.326833554676601
238,6,5944,1.3407352822167535
239,6,5945,1.3881510893503828
240,6,5946,1.3592148820559182
241,6,5947,1.397183704943884
242,6,5948,1.380479057629903
243,6,5949,1.3399487620308286
244,6,5950,1.3749929865201314
245,6,5951,1.3241751676514038
246,6,5952,1.4397076311565582
247,6,5953,1.3537892841157457
248,6,5954,1.4501123768942696
249,6,5955,1.493079594203404
250,6,5956,1.4685769592012679
251,6,5957,1.3646887994947887
252,6,5958,1.4126434553237186
253,6,5959,1.3764962922959099
254,6,5960,1.4176299486841475
255,6,5961,1.3763384421666465
256,6,5962,1.436045113063994
257,6,5963,1.3460673065412612
258,6,5964,1.3725498630886985
259,6,5965,1.4168902436892195
260,6,5966,1.3605839808781943
261,6,5967,1.382659049261184
262,6,5968,1.3731378033047628
263,6,5969,1.2690091275033495
264,6,5970,1.3390528559684753
265,6,5971,1.3220509773208984
266,6,5972,1.3204774288904102
267,6,5973,1.4925593478339056
268,6,5974,1.4798574390865509
269,6,5975,1.3370017210642497
270,6,5976,1.3663322812034968
271,6,5977,1.3838418608620051
272,6,5978,1.4344602142061507
273,6,5979,1.3823385692778085
274,6,5980,1.3399585371925717
275,6,5981,1.3672769069671626
276,6,5982,1.3435792553992496
277,6,5983,1.4537982287861053
278,6,5984,1.3297422272818429
279,6,5985,1.3614827139036996
280,6,5986,1.5306117080506827
281,6,5987,1.4135664786611286
282,6,5988,1.3830865508034118
283,6,5989,1.4285787911642167
284,6,5990,1.4134611487388613
285,6,5991,1.4051631121408372
286,6,5992,1.4601820196424216
287,6,5993,1.416758012203943
288,6,5994,1.4657269773029142
289,6,5995,1.4816127107256938
290,6,5996,1.3757056451979135
291,6,5997,1.4183280524753388
292,6,5998,1.3550466724804466
293,6,5999,1.3544234179315116
294,6,6000,1.4674495458602905
295,6,6001,1.378435288156782
296,6,6002,1.4248841206232705
297,6,6003,1.5690761832963849
298,6,6004,1.40935123250598
299,6,6005,1.3519241526013328
300,6,6006,1.3289315359933034
301,6,6007,1.3154405355453491
302,6,6008,1.4241536685398648
303,6,6009,1.3209931226003737
304,6,6010,1.3703421240761167
305,6,6011,1.3744409879048665
306,6,6012,1.3376319408416748
307,6,6013,1.4172713586262293
308,6,6014,1.4505615745271956
309,6,6015,1.3817085907572793
310,6,6016,1.4141669103077479
311,6,6017,1.4165783666429064
312,6,6018,1.4279312349501112
313,6,6019,1.3936643657230192
314,6,6020,1.397231300671895
315,6,6021,1.364897041093735
316,6,6022,1.4075051432564145
317,6,6023,1.325711264496758
318,6,6024,1.3301605440321422
319,6,6025,1.4916282494862876
320,6,6026,1.315208727405185
321,6,6027,1.3281757547741846
322,6,6028,1.3995458568845478
323,6,6029,1.343877196311951
324,6,6030,1.3849886882872808
325,6,6031,1.4503060096786133
326,6,6032,1.4987068516867499
327,6,6033,1.3653874567576818
328,6,6034,1.3454173576264155
329,6,6035,1.3978258201054168
330,6,6036,1.4132771605537051
331,6,6037,1.426590485232217
332,6,6038,1.370496363866897
333,6,6039,1.3142949598176137
334,6,6040,1.4613481618109205
335,6,6041,1.3478244316010246
336,6,6042,1.357639409246899
337,6,6043,1.3753276410556976
338,6,6044,1.402742144607363
339,6,6045,1.2910917486463274
340,6,6046,1.4722906180790496
341,6,6047,1.3613583445549013
342,6,6048,1.4048709046273005
343,6,6049,1.463102760769072
344,6,6050,1.3451250450951713
345,6,6051,1.3937942641122003
346,6,6052,1.3682417472203576
347,6,6053,1.3724126645496912
348,6,6054,1.4003058586801802
349,6,6055,1.3198389439355762
350,6,6056,1.3823164360863822
351,6,6057,1.500352797054109
352,6,6058,1.3852066653115407
353,6,6059,1.458359826178778
354,6,6060,1.3401380493527366
355,6,6061,1.4056209041958765
356,6,6062,1.3743749942098344
357,6,6063,1.3482411219960169
358,6,6064,1.410316648937407
359,6,6065,1.3211257429349994
360,6,6066,1.4864117077418733
361,6,6067,1.409280708857945
362,6,6068,1.4017207622528076
363,6,6069,1.3807061825479783
364,6,6070,1.3606243133544924
365,6,6071,1.5508957334927151
366,6,6072,1.3401133900596982
367,6,6073,1.3997372842970348
368,6,6074,1.4305587098712014
369,6,6075,1.2978813421158566
370,6,6076,1.3719394178617568
371,6,6077,1.361523497672308
372,6,6078,1.3783617246718634
373,6,6079,1.4052780412492296
374,6,6080,1.4016570136660624
375,6,6081,1.4100014709291007
376,6,6082,1.3892308643886022
377,6,6083,1.4526607621283754
378,6,6084,1.337234840506599
379,6,6085,1.4059675250734602
380,6,6086,1.3761280207406905
381,6,6087,1.4609641177313668
382,6,6088,1.3246953373863581
383,6,6089,1.3971387176286605
384,6,6090,1.392678155785515
385,6,6091,1.3137782187688918
386,6,6092,1.405639123348963
387,6,6093,1.374919462771643
388,6,6094,1.3640542314166115
389,6,6095,1.4644757140250435
390,6,6096,1.4524457483064561
391,6,6097,1.3200418182781763
392,6,6098,1.4032695634024486
393,6,6099,1.3940850780123757
394,6,6100,1.374891786348252
395,6,6101,1.3076591037568595
396,6,6102,1.3843299207233246
397,6,6103,1.446753399712699
398,6,6104,1.3432770456586565
399,6,6105,1.3992805452573864
400,6,6106,1.409843629314786
401,6,6107,1.311272212437221
402,6,6108,1.3974966832569664
403,6,6109,1.3601236683981761
404,6,6110,1.3564640141668778
405,6,6111,1.466530646596636
406,6,6112,1.3225743770599365
407,6,6113,1.242940391813006
408,6,6114,1.4285042910348797
409,6,6115,1.3902004077321006
410,6,6116,1.3726764406476704
411,6,6117,1.3405773299080985
412,6,6118,1.3188063360395885
413,6,6119,1.3926421914781846
414,6,6120,1.358324837116968
415,6,6121,1.3835366850807551
416,6,6122,1.458690393538702
417,6,6123,1.3671877753166926
418,6,6124,1.361856094428471
419,6,6125,1.3709858769462222
420,6,6126,1.4294759716306413
421,6,6127,1.3693880836168926
422,6,6128,1.3471120397249854
423,6,6129,1.3938426659220742
424,6,6130,1.343498530842009
425,6,6131,1.3870941570826938
426,6,6132,1.4522889625458493
427,6,6133,1.4102693313644048
428,6,6134,1.4566658281144644
429,6,6135,1.5447142180942353
430,6,6136,1.4159926800500777
431,6,6137,1.445124279885065
432,6,6138,1.3528254032135012
433,6,6139,1.3711829128719508
434,6,6140,1.3730052028383528
435,6,6141,1.3395669119698657
436,6,6142,1.4712839552334378
437,6,6143,1.4956706137884228
438,6,6144,1.4489546560105824
439,6,6145,1.429342093921843
440,6,6146,1.321685697351183
441,6,6147,1.4743592057909285
442,6,6148,1.486432455834888
443,6,6149,1.4073778078669597
444,6,6150,1.4237250827607657
445,6,6151,1.3101555023874554
446,6,6152,1.3553225653512135
447,6,6153,1.3599018312635878
448,6,6154,1.4694309631983438
449,6,6155,1.3965627863293602
450,6,6156,1.3882100809188114
451,6,6157,1.3238049234662734
452,6,6158,1.350205376034691
453,6,6159,1.4122288879894076
454,6,6160,1.3963068099248979
455,6,6161,1.4958410348211018
456,6,6162,1.4323401678176155
457,6,6163,1.3539157424654278
458,6,6164,1.3564253619738984
459,6,6165,1.5039206118810746
460,6,6166,1.5020314568565005
461,6,6167,1.3767211579141165
462,6,6168,1.3651473919550579
463,6,6169,1.3889216127849757
464,6,6170,1.321604828039805
465,6,6171,1.4025717519578478
466,6,6172,1.3028922137759982
467,6,6173,1.3712125193505065
468,6,6174,1.3841874202092488
469,6,6175,1.401365938640776
470,6,6176,1.4034158842904225
471,6,6177,1.3783143247876848
472,6,6178,1.4436127798897878
473,6,6179,1.359658746492295
474,6,6180,1.374716483411335
475,6,6181,1.3284979576156253
476,6,6182,1.4046438563437689
477,6,6183,1.361224685396467
478,6,6184,1.4343652271089098
479,6,6185,1.2822334851537431
480,6,6186,1.4366878980682007
481,6,6187,1.3722216259865532
482,6,6188,1.3604351991698853
483,6,6189,1.2990894062178473
484,6,6190,1.3838696820395333
485,6,6191,1.3924710835729326
486,6,6192,1.4519238131386893
487,6,6193,1.419209258896964
488,6,6194,1.3579137438819522
489,6,6195,1.5128274190993538
490,6,6196,1.4191772341728213
491,6,6197,1.358870395592281
492,6,6198,1.4922668933868408
493,6,6199,1.2349501536006018
494,6,6200,1.3332346791312808
495,6,6201,1.4668793309302557
496,6,6202,1.4023228685061135
497,6,6203,1.4375920863378617
498,6,6204,1.3595154484113057
499,6,6205,1.4327411708377653
500,6,6206,1.4161549806594849
501,6,6207,1.4496065718787057
502,6,6208,1.4233984890438263
503,6,6209,1.3438794442585533
504,6,6210,1.3677312305995397
505,6,6211,1.379245093890599
506,6,6212,1.400781569026765
507,6,6213,1.3207118681498937
508,6,6214,1.4095172314416795
509,6,6215,1.4622659342629567
510,6,6216,1.3663313190142314
511,6,6217,1.345748047033946
512,6,6218,1.3986846492404028
513,6,6219,1.3427691573188416
514,6,6220,1.3882200661159698
515,6,6221,1.4129182497660315
516,6,6222,1.4132388915334426
517,6,6223,1.3868225954827806
518,6,6224,1.3733220128785997
519,6,6225,1.3377115442639305
520,6,6226,1.3354660953794208
521,6,6227,1.3353939765975589
522,6,6228,1.3859412670135496
523,6,6229,1.416679058756147
524,6,6230,1.415454251425607
525,6,6231,1.4114231098265877
526,6,6232,1.397207387856075
527,6,6233,1.3949109741619654
528,6,6234,1.2659824689229329
529,6,6235,1.402331516856239
530,6,6236,1.2666289125170027
531,6,6237,1.3998467439696907
532,6,6238,1.2958637362434748
533,6,6239,1.5070056177320934
534,6,6240,1.3946355893498377
535,6,6241,1.4557444282940453
536,6,6242,1.3822904654911585
537,6,6243,1.3828257634526204
538,6,6244,1.4240699211756387
539,6,6245,1.4783919680686226
540,6,6246,1.3291238830203103
541,6,6247,1.4154304890405565
542,6,6248,1.3613357856160118
543,6,6249,1.3635148349262418
544,6,6250,1.3599255482355752
545,6,6251,1.2809713454473586
546,6,6252,1.5168717361631847
547,6,6253,1.4023853597186864
548,6,6254,1.3563511712210514
549,6,6255,1.3976735813277108
550,6,6256,1.3213070375578744
551,6,6257,1.448217613356454
552,6,6258,1.4186131869043626
553,6,6259,1.336481891927265
554,6,6260,1.4113408724466963
555,6,6261,1.4572787086168923
556,6,6262,1.3121527007647924
557,6,6263,1.3652424755550563
558,6,6264,1.4593795651481265
559,6,6265,1.362767741793678
560,6,6266,1.3734021413893926
561,6,6267,1.3812168836593628
562,6,6268,1.4433245857556662
563,6,6269,1.4838127124877203
564,6,6270,1.303298567022596
565,6,6271,1.4334378952071782
566,6,6272,1.4183221062024434
567,6,6273,1.4355955407733012
568,6,6274,1.3912981010618666
569,6,6275,1.4206331400644214
570,6,6276,1.3344518428757077
571,6,6277,1.5384406646092736
572,6,6278,1.381104140054612
573,6,6279,1.3705406756628127
574,6,6280,1.3510700748080295
575,6,6281,1.3412112849099296
576,6,6282,1.3511289471671695
577,6,6283,1.3709861153648013
578,6,6284,1.3615391850471497
579,6,6285,1.4237814574014571
580,6,6286,1.4066673517227173
581,6,6287,1.3980127289181665
582,6,6288,1.4308081127348398
583,6,6289,1.4259717436063855
584,6,6290,1.4345444667906984
585,6,6291,1.4048122337886269
586,6,6292,1.3871345179421561
587,6,6293,1.4766159000850858
588,6,6294,1.4863548505873907
589,6,6295,1.289286692937215
590,6,6296,1.3546687818708874
591,6,6297,1.3567025264104209
592,6,6298,1.3802259195418582
593,6,6299,1.3897863967078075
594,6,6300,1.3430187758945287
595,6,6301,1.392897844314575
596,6,6302,1.445700023855482
597,6,6303,1.4469710701987857
598,6,6304,1.3994657170204887
599,6,6305,1.3554125683648248
600,6,6306,1.3976893368221461
601,6,6307,1.2702439171927318
602,6,6308,1.3094720925603596
603,6,6309,1.4709854551724029
604,6,6310,1.339420525800614
605,6,6311,1.411486375899542
606,6,6312,1.3909644768351597
607,6,6313,1.3906543141319634
608,6,6314,1.361801008383433
609,6,6315,1.3520826214835755
610,6,6316,1.327278554439545
611,6,6317,1.3674462863377161
612,6,6318,1.4314546641849335
613,6,6319,1.3940313685508001
614,6,6320,1.3795336456525893
615,6,6321,1.3852710127830508
616,6,6322,1.4111366555804299
617,6,6323,1.3975554051853363
618,6,6324,1.3975197303862796
619,6,6325,1.3520266896202449
620,6,6326,1.3347019382885528
621,6,6327,1.4470416420981997
622,6,6328,1.4249523338817414
623,6,6329,1.4546853190376645
624,6,6330,1.3849418220065888
625,6,6331,1.4702363411585486
626,6,6332,1.2956314853259494
627,6,6333,1.4769136423156375
628,6,6334,1.3744472974822632
629,6,6335,1.337901819319952
630,6,6336,1.4584709462665377
631,6,6337,1.4071552469616844
632,6,6338,1.3945987423261006
633,6,6339,1.3632461939539229
634,6,6340,1.4036350903056918
635,6,6341,1.4444014515195571
636,6,6342,1.3164615290505546
637,6,6343,1.3312905459176927
638,6,6344,1.5143829640888031
639,6,6345,1.354112670535133
640,6,6346,1.3951491032327925
641,6,6347,1.3635458435331071
642,6,6348,1.49671604235967
643,6,6349,1.3489145381110055
644,6,6350,1.327457649367196
645,6,6351,1.3962842538243248
646,6,6352,1.31196152312415
647,6,6353,1.3970512123334977
648,6,6354,1.409062010901315
649,6,6355,1.4069198483512515
650,6,6356,1.3594789448238556
651,6,6357,1.499080445085253
652,6,6358,1.34540327390035
653,6,6359,1.3148118030457268
654,6,6360,1.365261835711343
655,6,6361,1.3497185366494318
656,6,6362,1.39610591388884
657,6,6363,1.3638494923001243
658,6,6364,1.3664484024047852
659,6,6365,1.3098818858464558
660,6,6366,1.4124764374324257
661,6,6367,1.3049273178690954
662,6,6368,1.3048634727795918
663,6,6369,1.5047920544942224
664,6,6370,1.356434294155666
665,6,6371,1.3900279970396134
666,6,6372,1.5032968975248786
667,6,6373,1.3558613771484012
668,6,6374,1.3917567077137176
669,6,6375,1.405414342880249
670,6,6376,1.3389131739026023
671,6,6377,1.3828323795681907
672,6,6378,1.3878740980511621
673,6,6379,1.3975250295230321
674,6,6380,1.31527757928485
675,6,6381,1.3125590625263397
676,6,6382,1.3193919374829248
677,6,6383,1.3374056220054626
678,6,6384,1.3831767752057031
679,6,6385,1.3540325335093908
680,6,6386,1.3801576353254774
681,6,6387,1.3289892077445986
682,6,6388,1.3084168746357872
683,6,6389,1.3429437847364514
684,6,6390,1.428931948684511
685,6,6391,1.3349952584221252
686,6,6392,1.3727414608001711
687,6,6393,1.3853568888845895
688,6,6394,1.4376900650206066
689,6,6395,1.4019378792671928
690,6,6396,1.3616920596077327
691,6,6397,1.3191181023915608
692,6,6398,1.3359466223489669
693,6,6399,1.4121184547742212
694,6,6400,1.4639890023640225
695,6,6401,1.3872201385952179
696,6,6402,1.459065624645778
697,6,6403,1.3905385108221149
698,6,6404,1.4058025734765192
699,6,6405,1.3969801494053433
700,6,6406,1.3299256307738165
701,6,6407,1.3786724067869638
702,6,6408,1.3867086512701854
703,6,6409,1.3973589071205688
704,6,6410,1.3923902000699724
705,6,6411,1.3862106743313016
706,6,6412,1.381517117931729
707,6,6413,1.2898163227807906
708,6,6414,1.4115517763864427
709,6,6415,1.4100754488082161
710,6,6416,1.34228922923406
711,6,6417,1.380969592503139
712,6,6418,1.4944276185262773
713,6,6419,1.427751416251773
714,6,6420,1.3340700836408705
715,6,6421,1.370123937016442
716,6,6422,1.4254758272852215
717,6,6423,1.391803014846075
718,6,6424,1.3894413709640503
719,6,6425,1.4296891235169908
720,6,6426,1.3703057396979559
721,6,6427,1.3920773721876603
722,6,6428,1.3799497059413364
723,6,6429,1.3497127237774078
724,6,6430,1.4735532601674395
725,6,6431,1.4258523157664706
726,6,6432,1.3689936314310343
727,6,6433,1.4211330527351014
728,6,6434,1.446657907395136
729,6,6435,1.3728059700557163
730,6,6436,1.3560164173444111
731,6,6437,1.3858088936124535
732,6,6438,1.4496672891435167
733,6,6439,1.3418506327129547
734,6,6440,1.3455204935300915
735,6,6441,1.3289277667091008
736,6,6442,1.3848078733398803
737,6,6443,1.4052273035049443
738,6,6444,1.438220969268254
739,6,6445,1.2889077266057332
740,6,6446,1.3798626774833318
741,6,6447,1.3486394655136835
742,6,6448,1.3866472244262693
743,6,6449,1.5353820182028266
744,6,6450,1.4761107649121967
745,6,6451,1.4880296304112388
746,6,6452,1.4398742147854395
747,6,6453,1.416424881844293
748,6,6454,1.4284094884282064
749,6,6455,1.3045879403750102
750,6,6456,1.351714523065658
751,6,6457,1.402436872323354
752,6,6458,1.43325214158921
753,6,6459,1.2156866533415658
754,6,6460,1.3106649347714012
755,6,6461,1.41571733497438
756,6,6462,1.3428096998305548
757,6,6463,1.4360651288713728
758,6,6464,1.3543981370471774
759,6,6465,1.4121216989698866
760,6,6466,1.3450357715288799
761,6,6467,1.3579882127898082
762,6,6468,1.3841780935015002
763,6,6469,1.3659374146234424
764,6,6470,1.509010286558242
765,6,6471,1.361654349735805
766,6,6472,1.4445942441622417
767,6,6473,1.3612948088418872
768,6,6474,1.3244456847508748
769,6,6475,1.2995616963931491
770,6,6476,1.408232129755474
771,6,6477,1.3893187670480636
772,6,6478,1.3595749764215375
773,6,6479,1.3178995421954565
774,6,6480,1.3235407727105275
775,6,6481,1.3881042911892847
776,6,6482,1.372148363363175
777,6,6483,1.3423744950975687
778,6,6484,1.4508268577711925
779,6,6485,1.3429094836825413
780,6,6486,1.3053365974199203
781,6,6487,1.4060655378160025
782,6,6488,1.4985712227367225
783,6,6489,1.3914674406959895
784,6,6490,1.4067694516409013
785,6,6491,1.4191142207100278
786,6,6492,1.4247234605607533
787,6,6493,1.3764650452704656
788,6,6494,1.365319550037384
789,6,6495,1.3770294019154137
790,6,6496,1.374095292318435
791,6,6497,1.424689769744873
792,6,6498,1.3755590206100825
793,6,6499,1.3716223665646143
794,6,6500,1.3695081671079001
795,6,6501,1.4114686364219302
796,6,6502,1.3239813815979729
797,6,6503,1.4302644956679569
798,6,6504,1.379117304370517
799,6,6505,1.3776003746759324
800,6,6506,1.325613958495004
801,6,6507,1.3178246134803409
802,6,6508,1.403714846997034
803,6,6509,1.4333973640487307
804,6,6510,1.3602182155563718
805,6,6511,1.2965572618302845
806,6,6512,1.3628184681846982
807,6,6513,1.3612417124566576
808,6,6514,1.2752184243429276
809,6,6515,1.3980069501059393
810,6,6516,1.2949193659282867
811,6,6517,1.3639610438119794
812,6,6518,1.3215431656156267
813,6,6519,1.3291555472782681
814,6,6520,1.3116529782613118
815,6,6521,1.4105746405465265
816,6,6522,1.3727898739633106
817,6,6523,1.3937486807505288
818,6,6524,1.4155532774471102
819,6,6525,1.4292464085987635
820,6,6526,1.480153276806786
821,6,6527,1.4708758081708635
822,6,6528,1.4238321156728837
823,6,6529,1.4406420446577528
824,6,6530,1.3169000148773193
825,6,6531,1.4156901211965653
826,6,6532,1.2919320435751052
827,6,6533,1.3953756973856972
828,6,6534,1.454055087906974
829,6,6535,1.3460682176408314
830,6,6536,1.3796311304682776
831,6,6537,1.4348150945845104
832,6,6538,1.4343236628032863
833,6,6539,1.3569817912010917
834,6,6540,1.3218474019141422
835,6,6541,1.3910886900765556
836,6,6542,1.4591212130728224
837,6,6543,1.4279542082831975
838,6,6544,1.2976067889304386
839,6,6545,1.4200281273751034
840,6,6546,1.4064970640909105
841,6,6547,1.4480882372174946
842,6,6548,1.4388102491696675
843,6,6549,1.2944682581084115
844,6,6550,1.4423102537790937
845,6,6551,1.3068141170910426
846,6,6552,1.3553082403682528
847,6,6553,1.3960790776071095
848,6,6554,1.3909207525707428
849,6,6555,1.4514020454315912
850,6,6556,1.3623487608773364
851,6,6557,1.4179227068310691
852,6,6558,1.4510282306444076
853,6,6559,1.4098819834845409
854,6,6560,1.4047112010774156
855,6,6561,1.387419377054487
856,6,6562,1.382238424959637
857,6,6563,1.4116624536968412
858,6,6564,1.4090221921602888
859,6,6565,1.2990691264470418
860,6,6566,1.4474581820624213
861,6,6567,1.4391374133882067
862,6,6568,1.3619119184357782
863,6,6569,1.354763734908331
864,6,6570,1.3697007724217007
865,6,6571,1.4224811395009356
866,6,6572,1.430715719858805
867,6,6573,1.372432305699303
868,6,6574,1.2979744701158433
869,6,6575,1.3255724367641266
870,6,6576,1.4642035904384794
871,6,6577,1.439114423025222
872,6,6578,1.3266521663892836
873,6,6579,1.4729351372945876
874,6,6580,1.4528894509587968
875,6,6581,1.4127374575251623
876,6,6582,1.417329396520342
877,6,6583,1.4324100414911909
878,6,6584,1.3805958657037645
879,6,6585,1.4096862304778328
880,6,6586,1.4467857849030268
881,6,6587,1.3847401993615285
882,6,6588,1.2928223524774825
883,6,6589,1.4102666747002377
884,6,6590,1.4072015909921554
885,6,6591,1.3552723867552623
886,6,6592,1.3120661292757307
887,6,6593,1.428320751303718
888,6,6594,1.3795747274444214
889,6,6595,1.3710896912075228
890,6,6596,1.359447956085205
891,6,6597,1.4163549627576557
892,6,6598,1.4925015171368916
893,6,6599,1.4304056309518358
894,6,6600,1.3372908234596252
895,6,6601,1.4429918981733778
896,6,6602,1.4467323904945737
897,6,6603,1.3620909111840387
898,6,6604,1.4104768577076134
899,6,6605,1.4080954222452073
900,6,6606,1.3266926748411996
901,6,6607,1.3701613062903994
902,6,6608,1.4005568368094305
903,6,6609,1.3841028440566288
904,6,6610,1.3875616618565154
905,6,6611,1.4582069260733468
906,6,6612,1.3884728380611966
907,6,6613,1.36583876042139
908,6,6614,1.330318371454875
909,6,6615,1.3824375981376282
910,6,6616,1.3096626145499095
911,6,6617,1.4367177968933469
912,6,6618,1.347084522247314
913,6,6619,1.4008227189381919
914,6,6620,1.3213791052500405
915,6,6621,1.3650721907615664
916,6,6622,1.2976527895246233
917,6,6623,1.3778420857020783
918,6,6624,1.4194356344995043
919,6,6625,1.4550485696111408
920,6,6626,1.3472464794204349
921,6,6627,1.470387231735956
922,6,6628,1.3857663358960832
923,6,6629,1.30600848368236
924,6,6630,1.3676027144704543
925,6,6631,1.3432719111442564
926,6,6632,1.461992445446196
927,6,6633,1.355511154447283
928,6,6634,1.3712766738164994
929,6,6635,1.5252392064957396
930,6,6636,1.4008737603823342
931,6,6637,1.4039752086003616
932,6,6638,1.3776761350177582
933,6,6639,1.4469570971670604
934,6,6640,1.4084151387214658
935,6,6641,1.380740801493327
936,6,6642,1.4148490939821512
937,6,6643,1.3559177148909796
938,6,6644,1.3754121859868367
939,6,6645,1.3247633434477304
940,6,6646,1.3560579589435031
941,6,6647,1.473543507712228
942,6,6648,1.354879396302359
943,6,6649,1.4143547160284857
944,6,6650,1.3683266753242127
945,6,6651,1.3221307538804554
946,6,6652,1.3660681616692318
947,6,6653,1.4347699029105048
948,6,6654,1.390772175221216
949,6,6655,1.3989699681599936
950,6,6656,1.3029745306287492
951,6,6657,1.2640350489389327
952,6,6658,1.3916272322336831
953,6,6659,1.430189461935134
954,6,6660,1.3376331386112033
955,6,6661,1.3858647176197596
956,6,6662,1.3774144308907645
957,6,6663,1.3119369518189201
958,6,6664,1.4795011963163103
959,6,6665,1.3936552376974196
960,6,6666,1.320563140369597
961,6,6667,1.3307207709267026
962,6,6668,1.4155654538245428
963,6,6669,1.5063854001817247
964,6,6670,1.411689863318489
965,6,6671,1.4260649028278534
966,6,6672,1.289095143477122
967,6,6673,1.2893208151771909
968,6,6674,1.332372461046491
969,6,6675,1.3723833901541573
970,6,6676,1.404427238873073
971,6,6677,1.3172356770152138
972,6,6678,1.4059227534702843
973,6,6679,1.3024995951425464
974,6,6680,1.4528060129710605
975,6,6681,1.3929473757743835
976,6,6682,1.4156285183770312
977,6,6683,1.4415389696756995
978,6,6684,1.4627813498179116
979,6,6685,1.4222982014928542
980,6,6686,1.440616267068046
981,6,6687,1.4427463979948134
982,6,6688,1.3800199514343623
983,6,6689,1.3831832777886162
984,6,6690,1.4404329913003107
985,6,6691,1.367232876164573
986,6,6692,1.3843911545617238
987,6,6693,1.2967613282657804
988,6,6694,1.3151881467728386
989,6,6695,1.4854384774253482
990,6,6696,1.4058131093070623
991,6,6697,1.3760101028851102
992,6,6698,1.31574422121048
993,6,6699,1.376132826010386
994,6,6700,1.3249945583797638
995,6,6701,1.492788144520351
996,6,6702,1.3542299895059495
997,6,6703,1.381515389397031
998,6,6704,1.448200435865493
999,6,6705,1.4401768162136985
1000,6,6706,1.3955527260189964
1001,6,6707,1.3842120312509083
1002,6,6708,1.3685587843259175
1003,6,6709,1.3527000063941592
1004,6,6710,1.3132706795419968
1005,6,6711,1.3819236358006797
1006,6,6712,1.3735301750046867
1007,6,6713,1.366336561384655
1008,6,6714,1.4345972481228055
1009,6,6715,1.339012617156619
1010,6,6716,1.5687458940914702
1011,6,6717,1.2968018338793799
1012,6,6718,1.3598927685192652
1013,6,6719,1.319456213996524
1014,6,6720,1.3663719438371207
1015,6,6721,1.3570416115579151
1016,6,6722,1.4177448749542239
1017,6,6723,1.39670098111743
1018,6,6724,1.3791747916312447
1019,6,6725,1.2846718827883405
1020,6,6726,1.3750342414492651
1021,6,6727,1.3415714899698896
1022,6,6728,1.4008208314577737
1023,6,6729,1.3976889053980512
1024,6,6730,1.3236904683567232
1025,6,6731,1.3114129304885862
1026,6,6732,1.2910701093219576
1027,6,6733,1.3947952503249759
1028,6,6734,1.376254215126946
1029,6,6735,1.3857871691385906
1030,6,6736,1.4573756087393988
1031,6,6737,1.3773510285786223
1032,6,6738,1.3560503210340227
1033,6,6739,1.4102184573809307
1034,6,6740,1.3448439155306138
1035,6,6741,1.3222607516107103
1036,6,6742,1.3507588165146964
1037,6,6743,1.357082656451634
1038,6,6744,1.3879380169368924
1039,6,6745,1.393780027117048
1040,6,6746,1.3777536097027003
1041,6,6747,1.39498500029246
1042,6,6748,1.50591132186708
1043,6,6749,1.4448380640574858
1044,6,6750,1.341691318012419
1045,6,6751,1.4189950454802742
1046,6,6752,1.4536436228525074
1047,6,6753,1.3987489995502291
1048,6,6754,1.451155214082627
1049,6,6755,1.407438005719866
1050,6,6756,1.3510110264732724
1051,6,6757,1.3687417109807334
1052,6,6758,1.315029357160841
1053,6,6759,1.3062913815180464
1054,6,6760,1.5087357191812425
1055,6,6761,1.4679075252442133
1056,6,6762,1.3628033030600775
1057,6,6763,1.3861912290255227
1058,6,6764,1.4550766944885258
1059,6,6765,1.3702248817398435
1060,6,6766,1.4187115090233937
1061,6,6767,1.4493603138696578
1062,6,6768,1.3843470669928049
1063,6,6769,1.4349603056907654
1064,6,6770,1.3527588361785525
1065,6,6771,1.3363798260688782
1066,6,6772,1.3681832693872
1067,6,6773,1.4400706802095684
1068,6,6774,1.4875297603153048
1069,6,6775,1.4459079390480405
1070,6,6776,1.3984114442552837
1071,6,6777,1.3904626766840618
1072,6,6778,1.266649808202471
1073,6,6779,1.4017570614814758
1074,6,6780,1.3855160843758358
1075,6,6781,1.2947129919415425
1076,6,6782,1.3807970597630452
1077,6,6783,1.4372260371843977
1078,6,6784,1.4468149684724354
1079,6,6785,1.3366892919653939
1080,6,6786,1.4013213713963826
1081,6,6787,1.462826030594962
1082,6,6788,1.3748630938075839
1083,6,6789,1.5751340956914992
1084,6,6790,1.385826366288321
1085,6,6791,1.3967623086202714
1086,6,6792,1.4286282119296845
1087,6,6793,1.3456514506112967
1088,6,6794,1.4045997687748497
1089,6,6795,1.3522655424617585
1090,6,6796,1.3483524208977111
1091,6,6797,1.3956674025172278
1092,6,6798,1.3544694071724301
1093,6,6799,1.4174322911671229
1094,6,6800,1.339650278999692
1095,6,6801,1.3418563036691573
1096,6,6802,1.4294682741165161
1097,6,6803,1.4305694528988429
1098,6,6804,1.4358637843813216
1099,6,6805,1.4006342178299311
1100,6,6806,1.3997617449079243
1101,6,6807,1.405927944751013
1102,6,6808,1.478169869808924
1103,6,6809,1.3812187086968195
1104,6,6810,1.3259821307091488
1105,6,6811,1.4154424326760429
1106,6,6812,1.3159936666488645
1107,6,6813,1.4276249408721926
1108,6,6814,1.4446061452229817
1109,6,6815,1.3746445491200403
1110,6,6816,1.3379810707909718
1111,6,6817,1.3946870395115443
1112,6,6818,1.3683365838868276
1113,6,6819,1.4478428619248527
1114,6,6820,1.3884902341025218
1115,6,6821,1.3833149785087224
1116,6,6822,1.4285008197739013
1117,6,6823,1.4393252900668552
1118,6,6824,1.340521480355944
1119,6,6825,1.39293516817547
1120,6,6826,1.3948171905108862
1121,6,6827,1.4205139988944644
1122,6,6828,1.3650483261971247
1123,6,6829,1.5206651602472578
1124,6,6830,1.394198156538464
1125,6,6831,1.3711504396938143
1126,6,6832,1.3025083598636447
1127,6,6833,1.4293560612769358
1128,6,6834,1.423179586728414
1129,6,6835,1.3767061460585823
1130,6,6836,1.4239917652947562
1131,6,6837,1.3366520915712632
1132,6,6838,1.3580042067028228
1133,6,6839,1.3728011846542358
1134,6,6840,1.4131253929365248
1135,6,6841,1.332597170557294
1136,6,6842,1.4296919391268774
1137,6,6843,1.3860379457473755
1138,6,6844,1.3950563158307758
1139,6,6845,1.4434743324915569
1140,6,6846,1.4280342260996497
0,7,6847,1.4111549967811223
1,7,6848,1.3999484890983218
2,7,6849,1.3478246955644515
3,7,6850,1.3737198000862485
4,7,6851,1.2913384380794706
5,7,6852,1.418604478949592
6,7,6853,1.3987286034084498
7,7,6854,1.3446040607634044
8,7,6855,1.4236097307432263
9,7,6856,1.4079998391015192
10,7,6857,1.3174446849595933
11,7,6858,1.3752549148741227
12,7,6859,1.4318288791747318
13,7,6860,1.393505087920598
14,7,6861,1.4262687421980358
15,7,6862,1.4073373732112702
16,7,6863,1.381783439999535
17,7,6864,1.3954997601963224
18,7,6865,1.469222000667027
19,7,6866,1.4389648040135703
20,7,6867,1.2985930726641701
21,7,6868,1.320799736749558
22,7,6869,1.4536448234603518
23,7,6870,1.2950011037644886
24,7,6871,1.352938405105046
25,7,6872,1.343569551195417
26,7,6873,1.3505907966977073
27,7,6874,1.3135186377025785
28,7,6875,1.3705519608088903
29,7,6876,1.3258165007545835
30,7,6877,1.3389724947157358
31,7,6878,1.2938132200922285
32,7,6879,1.380001235575903
33,7,6880,1.304893428371066
34,7,6881,1.3520147346314932
35,7,6882,1.369239790099008
36,7,6883,1.3856338886987591
37,7,6884,1.4240817399252028
38,7,6885,1.4300913612047828
39,7,6886,1.4074154581342424
40,7,6887,1.457617685908363
41,7,6888,1.2678766023545036
42,7,6889,1.3901840505145846
43,7,6890,1.30866493497576
44,7,6891,1.3746089651471096
45,7,6892,1.408689095860436
46,7,6893,1.3815123098237174
47,7,6894,1.4302349998837427
48,7,6895,1.351984759171804
49,7,6896,1.3556586248534068
50,7,6897,1.3388225322677976
51,7,6898,1.4126806060473123
52,7,6899,1.4306015996705912
53,7,6900,1.3698559914316453
54,7,6901,1.3455679104441687
55,7,6902,1.4540124109813146
56,7,6903,1.3067065647670202
57,7,6904,1.3572038724308924
58,7,6905,1.3804300171988348
59,7,6906,1.4161609070641654
60,7,6907,1.457944290978568
61,7,6908,1.3784045435133436
62,7,6909,1.4239860943385534
63,7,6910,1.3991798644974116
64,7,6911,1.3727184817904519
65,7,6912,1.4879733806564694
66,7,6913,1.3639249915168399
67,7,6914,1.3911893311001005
68,7,6915,1.2970985372861228
69,7,6916,1.401192917710259
70,7,6917,1.4301305129414517
71,7,6918,1.326616755553654
72,7,6919,1.387899852934338
73,7,6920,1.2757644937151955
74,7,6921,1.3304920139766876
75,7,6922,1.308332306998117
76,7,6923,1.383432802699861
77,7,6924,1.4033668495359877
78,7,6925,1.363294147309803
79,7,6926,1.3777068683079312
80,7,6927,1.5026765749568027
81,7,6928,1.3347416321436563
82,7,6929,1.3717299756549657
83,7,6930,1.42874767099108
84,7,6931,1.2741259705452694
85,7,6932,1.3637873502004716
86,7,6933,1.3740367775871642
87,7,6934,1.440331754230318
88,7,6935,1.4392220037324088
89,7,6936,1.402078673953102
90,7,6937,1.3723114076114835
91,7,6938,1.3316210423197066
92,7,6939,1.3693045264198664
93,7,6940,1.3967936095737277
94,7,6941,1.33249203647886
95,7,6942,1.3808620543706986
96,7,6943,1.4581547294344224
97,7,6944,1.4010178475152877
98,7,6945,1.369682587328411
99,7,6946,1.3794482407115756
100,7,6947,1.3905351445788428
101,7,6948,1.4040411228225347
102,7,6949,1.2787643727802096
103,7,6950,1.4163725376129146
104,7,6951,1.3257313058489844
105,7,6952,1.4489037025542482
106,7,6953,1.3862185847191584
107,7,6954,1.4222469727198284
108,7,6955,1.4321506534303934
109,7,6956,1.3859852041516985
110,7,6957,1.3395404191244213
111,7,6958,1.3905830837431408
112,7,6959,1.4455724614007135
113,7,6960,1.3317682913371494
114,7,6961,1.4320343562534879
115,7,6962,1.4181453812690006
116,7,6963,1.344106560661679
117,7,6964,1.3325340180169971
118,7,6965,1.3289369614351365
119,7,6966,1.3914750076475595
120,7,6967,1.3670661165600733
121,7,6968,1.4102724563507807
122,7,6969,1.3568430471987951
123,7,6970,1.3657653473672413
124,7,6971,1.542950051171439
125,7,6972,1.3207665568306333
126,7,6973,1.4457513718377977
127,7,6974,1.3204091702188767
128,7,6975,1.4291293223698933
129,7,6976,1.3903618199484689
130,7,6977,1.509740732965015
131,7,6978,1.2783631881078084
132,7,6979,1.439388848486401
133,7,6980,1.3803609155473253
134,7,6981,1.3753316005071006
135,7,6982,1.3495608908789498
136,7,6983,1.3416613084929332
137,7,6984,1.3761194490251085
138,7,6985,1.371200939019521
139,7,6986,1.4261866013209026
140,7,6987,1.4180893670944938
141,7,6988,1.3696233488264538
142,7,6989,1.3639448001271204
143,7,6990,1.357746146974109
144,7,6991,1.3699103111312503
145,7,6992,1.3324111756824313
146,7,6993,1.2755525452750067
147,7,6994,1.415586451689402
148,7,6995,1.296207865079244
149,7,6996,1.351630137080238
150,7,6997,1.423728965577625
151,7,6998,1.415756004197257
152,7,6999,1.4475215957278298
153,7,7000,1.3074426054954529
154,7,7001,1.3344434584890095
155,7,7002,1.4395802021026611
156,7,7003,1.3951909031186784
157,7,7004,1.4805208472978504
158,7,7005,1.3266166618892126
159,7,7006,1.350909255799793
160,7,7007,1.3312185917581827
161,7,7008,1.3550835280191333
162,7,7009,1.3681836412066506
163,7,7010,1.3874483023371016
164,7,7011,1.508998166947138
165,7,7012,1.3027217700367877
166,7,7013,1.3825221033323376
167,7,7014,1.2866918487208232
168,7,7015,1.437004146121797
169,7,7016,1.4488299205189656
170,7,7017,1.3849567231677828
171,7,7018,1.3457577086630317
172,7,7019,1.4689028546923681
173,7,7020,1.4068630905378432
174,7,7021,1.3904866122064135
175,7,7022,1.3585377590996879
176,7,7023,1.4080487262635004
177,7,7024,1.3879548765364147
178,7,7025,1.4932825849169775
179,7,7026,1.3574900116239272
180,7,7027,1.4900417072432384
181,7,7028,1.3588595730917792
182,7,7029,1.2738975059418451
183,7,7030,1.4605160951614382
184,7,7031,1.4333786623818534
185,7,7032,1.290353599048796
186,7,7033,1.4474546880949113
187,7,7034,1.399530691759927
188,7,7035,1.4171526630719502
189,7,7036,1.3362901522999715
190,7,7037,1.4532121874037245
191,7,7038,1.2990457046599617
192,7,7039,1.4647810572669617
193,7,7040,1.3233885140646073
194,7,7041,1.3284900443894523
195,7,7042,1.3365691446122672
196,7,7043,1.3664152281624928
197,7,7044,1.4036492222831363
198,7,7045,1.4395791717938013
199,7,7046,1.428223899432591
200,7,7047,1.3860100905100508
201,7,7048,1.418762834299178
202,7,7049,1.3789910901160465
203,7,7050,1.3576357052439734
204,7,7051,1.407734405426752
205,7,7052,1.3606796037583124
206,7,7053,1.4108310086386544
207,7,7054,1.4439838613782607
208,7,7055,1.3599922628629777
209,7,7056,1.3678196782157535
210,7,7057,1.4194373630342028
211,7,7058,1.3952924637567428
212,7,7059,1.433200892947969
213,7,7060,1.3392075243450345
214,7,7061,1.2602450052897134
215,7,7062,1.3586757466906594
216,7,7063,1.358647204580761
217,7,7064,1.3444465569087438
218,7,7065,1.4192216595013936
219,7,7066,1.4489359174455918
220,7,7067,1.4175527493158975
221,7,7068,1.454451762494587
222,7,7069,1.4264118614650907
223,7,7070,1.32420266526086
224,7,7071,1.3294602717672077
225,7,7072,1.3632213274637852
226,7,7073,1.4461032038643247
227,7,7074,1.389429938225519
228,7,7075,1.286802548737753
229,7,7076,1.3432881775356473
230,7,7077,1.4105068303289872
231,7,7078,1.3931986235436937
232,7,7079,1.3158471697852725
233,7,7080,1.406524022420247
234,7,7081,1.40973604009265
235,7,7082,1.3915638611430212
236,7,7083,1.3814340574400767
237,7,7084,1.4630711873372397
238,7,7085,1.3161846229008265
239,7,7086,1.516416589419047
240,7,7087,1.4463672524406794
241,7,7088,1.4211036818368095
242,7,7089,1.312565741084871
243,7,7090,1.3806434529168266
244,7,7091,1.4460283744902838
245,7,7092,1.458493465468997
246,7,7093,1.3645301092238658
247,7,7094,1.3984064175969078
248,7,7095,1.4014811345509122
249,7,7096,1.38039124295825
250,7,7097,1.259084715729668
251,7,7098,1.4199763593219574
252,7,7099,1.4083299863906136
253,7,7100,1.4674317212331862
254,7,7101,1.4230041617438902
255,7,7102,1.290067400251116
256,7,7103,1.3286250403949194
257,7,7104,1.488926541237604
258,7,7105,1.3702480452401296
259,7,7106,1.4756229888825194
260,7,7107,1.4724254381088981
261,7,7108,1.409482473418826
262,7,7109,1.3404254856563746
263,7,7110,1.4157237580844333
264,7,7111,1.3841952795074097
265,7,7112,1.3341011177925832
266,7,7113,1.4378672611145746
267,7,7114,1.3971715001832872
268,7,7115,1.3601157977467493
269,7,7116,1.502621497426714
270,7,7117,1.4008761843045552
271,7,7118,1.4047110165868486
272,7,7119,1.3932753858112152
273,7,7120,1.4375897645950317
274,7,7121,1.3190298023678007
275,7,7122,1.3635063086237225
276,7,7123,1.4131113234020416
277,7,7124,1.3704502213568917
278,7,7125,1.3492899650619141
279,7,7126,1.3507834814843678
280,7,7127,1.3264003027053104
281,7,7128,1.3634781894229704
282,7,7129,1.4420524750437054
283,7,7130,1.329623716218131
284,7,7131,1.3606538488751367
285,7,7132,1.4301553482101077
286,7,7133,1.3820443124998183
287,7,7134,1.351884736901238
288,7,7135,1.4134532638958521
289,7,7136,1.3343297526949924
290,7,7137,1.3049797671181815
291,7,7138,1.3008028921626866
292,7,7139,1.3565243170374917
293,7,7140,1.3435811144965035
294,7,7141,1.4828672948337738
295,7,7142,1.419631418727693
296,7,7143,1.2797837484450565
297,7,7144,1.4156818304743086
298,7,7145,1.4884833210990547
299,7,7146,1.3720945971352712
300,7,7147,1.3372875593957447
301,7,7148,1.3412422906784784
302,7,7149,1.3511665066083274
303,7,7150,1.3352416526703605
304,7,7151,1.3706110488800778
305,7,7152,1.4294385739735196
306,7,7153,1.4149889094488963
307,7,7154,1.4262294513838634
308,7,7155,1.3188027569225858
309,7,7156,1.2799292377063203
310,7,7157,1.3881038966633024
311,7,7158,1.3868700663248696
312,7,7159,1.3864212490263437
313,7,7160,1.34192023674647
314,7,7161,1.4499224310829528
315,7,7162,1.2506567551976158
316,7,7163,1.3204442063967388
317,7,7164,1.3690293062300904
318,7,7165,1.4161407890773956
319,7,7166,1.2625727511587594
320,7,7167,1.5327146280379522
321,7,7168,1.4731888543991813
322,7,7169,1.4873525557063874
323,7,7170,1.4204338845752535
324,7,7171,1.3161740075974235
325,7,7172,1.3504054830187844
326,7,7173,1.327593371981666
327,7,7174,1.3543513928140916
328,7,7175,1.4223340920039584
329,7,7176,1.3797324895858765
330,7,7177,1.3260621570405506
331,7,7178,1.4198169935317269
332,7,7179,1.540820553189232
333,7,7180,1.3233700195948281
334,7,7181,1.388784612928118
335,7,7182,1.3479298466727847
336,7,7183,1.3886998011952354
337,7,7184,1.3794137863885785
338,7,7185,1.4111686547597249
339,7,7186,1.3524149485996788
340,7,7187,1.3784850438435872
341,7,7188,1.3154040972391765
342,7,7189,1.2991529816672915
343,7,7190,1.3870365364210946
344,7,7191,1.333395799001058
345,7,7192,1.4173956740470164
346,7,7193,1.3941747971943448
347,7,7194,1.3669040373393468
348,7,7195,1.3487618224961417
349,7,7196,1.4649872155416581
350,7,7197,1.3810531014487855
351,7,7198,1.4393558927944725
352,7,7199,1.4577866480464028
353,7,7200,1.426687399546305
354,7,7201,1.395230579943884
355,7,7202,1.396039366722107
356,7,7203,1.3242183583123344
357,7,7204,1.3662281320208596
358,7,7205,1.5143721046901883
359,7,7206,1.3305510140600656
360,7,7207,1.4190820058186846
361,7,7208,1.3733801444371543
362,7,7209,1.405471500896272
363,7,7210,1.4045300710768929
364,7,7211,1.3297749899682545
365,7,7212,1.4209409441266745
366,7,7213,1.4343041664078122
367,7,7214,1.3603535095850627
368,7,7215,1.3454015027909054
369,7,7216,1.4237688609531947
370,7,7217,1.2568668978554862
371,7,7218,1.2713329536574227
372,7,7219,1.452919602394104
373,7,7220,1.4174997182119464
374,7,7221,1.3215076015109106
375,7,7222,1.4010548194249473
376,7,7223,1.3663281259082614
377,7,7224,1.3594480071749002
378,7,7225,1.425731653258914
379,7,7226,1.4198352382296606
380,7,7227,1.407833042598906
381,7,7228,1.43608649287905
382,7,7229,1.4498195194062735
383,7,7230,1.3526120526450025
384,7,7231,1.3479643549237934
385,7,7232,1.4184108064288186
386,7,7233,1.4805077598208474
387,7,7234,1.3874711025328863
388,7,7235,1.4679257784570967
389,7,7236,1.278351545333862
390,7,7237,1.4889974707648868
391,7,7238,1.3456956318446567
392,7,7239,1.448386260441371
393,7,7240,1.4380185717628118
394,7,7241,1.3196734104837688
395,7,7242,1.3054865882510227
396,7,7243,1.4175795997892107
397,7,7244,1.2980932281130835
398,7,7245,1.4476462801297505
399,7,7246,1.3926918449855987
400,7,7247,1.355308617864336
401,7,7248,1.4154144128163657
402,7,7249,1.4370764635858084
403,7,7250,1.462264867055984
404,7,7251,1.3793625036875405
405,7,7252,1.4253931528046018
406,7,7253,1.429678553626651
407,7,7254,1.3858346712021599
408,7,7255,1.4065717998005096
409,7,7256,1.3613299528757732
410,7,7257,1.3055628992262343
411,7,7258,1.4396791372980393
412,7,7259,1.3710887091500419
413,7,7260,1.2818813834871565
414,7,7261,1.3069657711755662
415,7,7262,1.3391459953217275
416,7,7263,1.3753269683747065
417,7,7264,1.45790460847673
418,7,7265,1.3050039438974292
419,7,7266,1.2809229635056996
420,7,7267,1.3507297493162613
421,7,7268,1.31496657927831
422,7,7269,1.3426336986677987
423,7,7270,1.4989837606747942
424,7,7271,1.2763145253771826
425,7,7272,1.4044533598990667
426,7,7273,1.371920432363238
427,7,7274,1.301010069392976
428,7,7275,1.3838375551359994
429,7,7276,1.4761733043761487
430,7,7277,1.3781977863538835
431,7,7278,1.4525348799569267
432,7,7279,1.4112199204308649
433,7,7280,1.422174686477298
434,7,7281,1.382608592510223
435,7,7282,1.5475783121018185
436,7,7283,1.422569663751693
437,7,7284,1.399079958597819
438,7,7285,1.4080221227237157
439,7,7286,1.3686487050283522
440,7,7287,1.2655407445771354
441,7,7288,1.4326062599817913
442,7,7289,1.4765875055676412
443,7,7290,1.3576793840953283
444,7,7291,1.3421197136243184
445,7,7292,1.3734812112081618
446,7,7293,1.368746144430978
447,7,7294,1.4706190143312727
448,7,7295,1.3793879946072896
449,7,7296,1.3226994105747767
450,7,7297,1.4493916318530131
451,7,7298,1.4010444056420102
452,7,7299,1.3886458703449793
453,7,7300,1.3845921641304377
454,7,7301,1.3593323968705682
455,7,7302,1.3404358824094136
456,7,7303,1.3238346888905481
457,7,7304,1.3174903364408586
458,7,7305,1.36951334135873
459,7,7306,1.374355057875315
460,7,7307,1.4104491670926411
461,7,7308,1.4315984589712958
462,7,7309,1.3544372433707828
463,7,7310,1.323769260020483
464,7,7311,1.4048596308344883
465,7,7312,1.380934987749372
466,7,7313,1.3248028925486972
467,7,7314,1.351202416987646
468,7,7315,1.4470963648387367
469,7,7316,1.27651941492444
470,7,7317,1.47041498479389
471,7,7318,1.279234420685541
472,7,7319,1.347531315826234
473,7,7320,1.3000801915214175
474,7,7321,1.4261585729462756
475,7,7322,1.427035519054958
476,7,7323,1.3787008949688502
477,7,7324,1.3164553216525485
478,7,7325,1.3659470379352574
479,7,7326,1.446284612019857
480,7,7327,1.4015806118647258
481,7,7328,1.3786658445994058
482,7,7329,1.2758815118244717
483,7,7330,1.354312729267847
484,7,7331,1.4622657951854525
485,7,7332,1.261529510929471
486,7,7333,1.3910134604998996
487,7,7334,1.3846219267163957
488,7,7335,1.303880498522804
489,7,7336,1.417990837778364
490,7,7337,1.3554868698120117
491,7,7338,1.3685048988887245
492,7,7339,1.4439852862131028
493,7,7340,1.3815603710356212
494,7,7341,1.3860646259217033
495,7,7342,1.3962492687361583
496,7,7343,1.4919838507970176
497,7,7344,1.3409474861054194
498,7,7345,1.4164987660589674
499,7,7346,1.357196643238976
500,7,7347,1.3776269384792874
501,7,7348,1.4409622663543338
502,7,7349,1.447199917974926
503,7,7350,1.3873148276692344
504,7,7351,1.3552817986125036
505,7,7352,1.3905762717837378
506,7,7353,1.3707384240059626
507,7,7354,1.4897522358667283
508,7,7355,1.384175862584795
509,7,7356,1.5260999628475738
510,7,7357,1.3106600443522136
511,7,7358,1.5336098642576308
512,7,7359,1.35932039079212
513,7,7360,1.4317528974442253
514,7,7361,1.3216117421785991
515,7,7362,1.3160592658179144
516,7,7363,1.343120543729691
517,7,7364,1.4224182509240648
518,7,7365,1.3676774899164836
519,7,7366,1.3439356826600575
520,7,7367,1.4514062631697884
521,7,7368,1.3690068608238584
522,7,7369,1.407424109322684
523,7,7370,1.391693393389384
524,7,7371,1.3590695120039438
525,7,7372,1.4369953445025854
526,7,7373,1.4177012159710842
527,7,7374,1.4215330339613412
528,7,7375,1.3938361917223252
529,7,7376,1.3179077193850566
530,7,7377,1.2778783497356234
531,7,7378,1.3234657843907676
532,7,7379,1.3245163928894768
533,7,7380,1.3817825203850154
534,7,7381,1.3153280729339238
535,7,7382,1.356458414168585
536,7,7383,1.3318938016891477
537,7,7384,1.4062763793127877
538,7,7385,1.3064683562233337
539,7,7386,1.4381992958840868
540,7,7387,1.3858110450562975
541,7,7388,1.3463865660485765
542,7,7389,1.318176967757089
543,7,7390,1.2509858040582567
544,7,7391,1.4265094654900687
545,7,7392,1.3226988116900127
546,7,7393,1.3863655570007505
547,7,7394,1.4558784053439184
548,7,7395,1.3764462584540957
549,7,7396,1.3172825177510579
550,7,7397,1.3770159085591633
551,7,7398,1.3650182513963607
552,7,7399,1.47210640282858
553,7,7400,1.3419891822905767
554,7,7401,1.4532554915973117
555,7,7402,1.3373581738699054
556,7,7403,1.3967150024005346
557,7,7404,1.359484184355963
558,7,7405,1.3621662542933513
559,7,7406,1.342199370974586
560,7,7407,1.367378206480117
561,7,7408,1.3330029277574449
562,7,7409,1.3720432832127525
563,7,7410,1.3707711128961473
564,7,7411,1.3441465553783236
565,7,7412,1.293275719597226
566,7,7413,1.3724639415740971
567,7,7414,1.4688606375739688
568,7,7415,1.2875145730518158
569,7,7416,1.37313445409139
570,7,7417,1.4121563633282979
571,7,7418,1.2737351428894768
572,7,7419,1.4602771486554826
573,7,7420,1.4416505552473522
574,7,7421,1.4566248257954915
575,7,7422,1.4035820819082714
576,7,7423,1.3899700584865748
577,7,7424,1.275274906839643
578,7,7425,1.453741584505354
579,7,7426,1.3510233745688487
580,7,7427,1.3255753318468728
581,7,7428,1.3234184781710308
582,7,7429,1.3933159680593583
583,7,7430,1.3505924088614327
584,7,7431,1.2951411037218006
585,7,7432,1.4128093492417109
586,7,7433,1.4611719222295851
587,7,7434,1.4465489046914237
588,7,7435,1.298200811658587
589,7,7436,1.3620696834155492
590,7,7437,1.4049457538695564
591,7,7438,1.3251702728725612
592,7,7439,1.2576717450505213
593,7,7440,1.4025078046889532
594,7,7441,1.39291026478722
595,7,7442,1.2996348681904022
596,7,7443,1.3437425465810864
597,7,7444,1.3989983655157545
598,7,7445,1.2986573576927183
599,7,7446,1.3683389141446067
600,7,7447,1.4776925160771326
601,7,7448,1.2749947309494019
602,7,7449,1.3282355949992226
603,7,7450,1.3576739700067606
604,7,7451,1.2847301619393485
605,7,7452,1.4304520856766478
606,7,7453,1.4230865523928686
607,7,7454,1.357035404159909
608,7,7455,1.4308019706181119
609,7,7456,1.3234653699965706
610,7,7457,1.3893085434323267
611,7,7458,1.346890844049908
612,7,7459,1.3640833355131603
613,7,7460,1.4351777405965898
614,7,7461,1.3514469379470464
615,7,7462,1.4525567094484968
616,7,7463,1.3653484242303031
617,7,7464,1.3698876074382238
618,7,7465,1.2401470598720368
619,7,7466,1.3638512804394678
620,7,7467,1.3829847006570726
621,7,7468,1.3303543556304207
622,7,7469,1.4007688874290105
623,7,7470,1.3176092505455017
624,7,7471,1.3800157336961656
625,7,7472,1.3851404417128785
626,7,7473,1.4046876458894642
627,7,7474,1.4380982376280285
628,7,7475,1.4031997663634161
629,7,7476,1.3546516923677354
630,7,7477,1.3896230459213255
631,7,7478,1.3590104948906672
632,7,7479,1.3266920986629671
633,7,7480,1.429862067812965
634,7,7481,1.4156630124364582
635,7,7482,1.3553113199415663
636,7,7483,1.3203236318769909
637,7,7484,1.4349313321567718
638,7,7485,1.399954392796471
639,7,7486,1.4491903043928602
640,7,7487,1.379436595099313
641,7,7488,1.4065304597218833
642,7,7489,1.3970518027033125
643,7,7490,1.4733169930321828
644,7,7491,1.3697245631899149
645,7,7492,1.3786683295454298
646,7,7493,1.3393346071243286
647,7,7494,1.3339019020398455
648,7,7495,1.3957679697445458
649,7,7496,1.4862065144947596
650,7,7497,1.3055460566566104
651,7,7498,1.3603072819255648
652,7,7499,1.4199745144162859
653,7,7500,1.376733416602725
654,7,7501,1.4864018814904345
655,7,7502,1.4416909217834473
656,7,7503,1.2869068838301159
657,7,7504,1.3898407533055264
658,7,7505,1.3194129467010498
659,7,7506,1.4801534612973535
660,7,7507,1.342925026303246
661,7,7508,1.4570666154225667
662,7,7509,1.3569174721127466
663,7,7510,1.504112189724332
664,7,7511,1.3290048752512251
665,7,7512,1.4125109087853207
666,7,7513,1.5217331534340266
667,7,7514,1.4186710516611738
668,7,7515,1.417948870431809
669,7,7516,1.404114916211083
670,7,7517,1.3575603252365476
671,7,7518,1.332803589957101
672,7,7519,1.3459845327195665
673,7,7520,1.3333978993552071
674,7,7521,1.3979353251911342
675,7,7522,1.4087434808413186
676,7,7523,1.3863733439218433
677,7,7524,1.3567523814383007
678,7,7525,1.4199445417949133
679,7,7526,1.358914029030573
680,7,7527,1.3332016240982782
681,7,7528,1.3314929803212485
682,7,7529,1.2811575900940668
683,7,7530,1.333834108852205
684,7,7531,1.397298705010187
685,7,7532,1.421157507669358
686,7,7533,1.4002362489700317
687,7,7534,1.33328012909208
688,7,7535,1.3871785231998988
689,7,7536,1.357818183444795
690,7,7537,1.3450216963177637
691,7,7538,1.3540125858216057
692,7,7539,1.408680478731791
693,7,7540,1.3382225944882349
694,7,7541,1.410377865745908
695,7,7542,1.299878615708578
696,7,7543,1.3847091169584367
697,7,7544,1.3740023033959523
698,7,7545,1.3706919579278858
699,7,7546,1.2875889028821672
700,7,7547,1.3139114323116485
701,7,7548,1.3156648647217524
702,7,7549,1.2331644268262956
703,7,7550,1.408748422350202
704,7,7551,1.4032924969991047
705,7,7552,1.3962447132383073
706,7,7553,1.4064964708827792
707,7,7554,1.3983179217293151
708,7,7555,1.439273309139978
709,7,7556,1.3668518634069535
710,7,7557,1.376291519119626
711,7,7558,1.3612070112001327
712,7,7559,1.3459802582150413
713,7,7560,1.4023387006350925
714,7,7561,1.4369937522070746
715,7,7562,1.3482412766842613
716,7,7563,1.3955631511551994
717,7,7564,1.370042511395046
718,7,7565,1.4408384277707054
719,7,7566,1.4553091554414657
720,7,7567,1.2903867761294048
721,7,7568,1.3944923849332906
722,7,7569,1.4029460833186194
723,7,7570,1.4018141144797918
724,7,7571,1.3970669025466556
725,7,7572,1.4773695639201574
726,7,7573,1.4008774019422985
727,7,7574,1.4838502180008664
728,7,7575,1.4391006117775327
729,7,7576,1.3081307695025488
730,7,7577,1.2612452251570565
731,7,7578,1.3901661208697726
732,7,7579,1.4056731576011292
733,7,7580,1.3467315378643219
734,7,7581,1.3241469519478934
735,7,7582,1.39290143762316
736,7,7583,1.419589610326858
737,7,7584,1.4818128460929505
738,7,7585,1.3337375209445046
739,7,7586,1.5025942950021656
740,7,7587,1.294853536855607
741,7,7588,1.3367072826340087
742,7,7589,1.466207677409762
743,7,7590,1.455970979872204
744,7,7591,1.3082578437668937
745,7,7592,1.3376090696879797
746,7,7593,1.4097357590993247
747,7,7594,1.3974342062359764
748,7,7595,1.3572819431622822
749,7,7596,1.4119204509825933
750,7,7597,1.3201254435947964
751,7,7598,1.3838151523045128
752,7,7599,1.3060891457966395
753,7,7600,1.4742674657276698
754,7,7601,1.4235401664461407
755,7,7602,1.4372065124057587
756,7,7603,1.413957011132013
757,7,7604,1.382304342020126
758,7,7605,1.3353210063207717
759,7,7606,1.3525260147594271
760,7,7607,1.4067827576682679
761,7,7608,1.3913227319717407
762,7,7609,1.3847008886791414
763,7,7610,1.4410093738919212
764,7,7611,1.3933080888929819
765,7,7612,1.3828047513961792
766,7,7613,1.3787529582069034
767,7,7614,1.4828255829356967
768,7,7615,1.3775681938443864
769,7,7616,1.4305575660296852
770,7,7617,1.2868453519684928
771,7,7618,1.4006050087156747
772,7,7619,1.4292525592304413
773,7,7620,1.4299156069755552
774,7,7621,1.296481768290202
775,7,7622,1.31605673403967
776,7,7623,1.3686858926500594
777,7,7624,1.3805954172497703
778,7,7625,1.2872799549783978
779,7,7626,1.3936090696425665
780,7,7627,1.3979478251366384
781,7,7628,1.4110394716262817
782,7,7629,1.5248099849337622
783,7,7630,1.3534674814769196
784,7,7631,1.3089166340373815
785,7,7632,1.3857178631282985
786,7,7633,1.2886564930280053
787,7,7634,1.4452364501498995
788,7,7635,1.3459994196891787
789,7,7636,1.3661086445763
790,7,7637,1.3675175706545513
791,7,7638,1.4081765611966448
792,7,7639,1.3273803733644032
793,7,7640,1.3986720811753046
794,7,7641,1.3203818911597842
795,7,7642,1.3347071437608626
796,7,7643,1.4349367618560789
797,7,7644,1.3187668068068368
798,7,7645,1.3901229358854748
799,7,7646,1.4129579464594524
800,7,7647,1.3681010121390935
801,7,7648,1.4113969973155427
802,7,7649,1.390549622830891
803,7,7650,1.3906919104712352
804,7,7651,1.3438476778212045
805,7,7652,1.3633665243784587
806,7,7653,1.378004059905098
807,7,7654,1.2803826076643805
808,7,7655,1.3811477763312205
809,7,7656,1.3698179466383797
810,7,7657,1.3215426093056086
811,7,7658,1.361959003266834
812,7,7659,1.332777698834737
813,7,7660,1.338616584028517
814,7,7661,1.3572638943081812
815,7,7662,1.4005008794012523
816,7,7663,1.3019116606031147
817,7,7664,1.4184719778242565
818,7,7665,1.3606743046215604
819,7,7666,1.3435326899800981
820,7,7667,1.3944035200845628
821,7,7668,1.4280246382667905
822,7,7669,1.4446995570546106
823,7,7670,1.2597444057464597
824,7,7671,1.4221195436659317
825,7,7672,1.3869249820709229
826,7,7673,1.3058232409613473
827,7,7674,1.3614311076345895
828,7,7675,1.3840991542452856
829,7,7676,1.3875508194877986
830,7,7677,1.3492931127548218
831,7,7678,1.3592164119084678
832,7,7679,1.4343428810437522
833,7,7680,1.4286171424956546
834,7,7681,1.4245442833219257
835,7,7682,1.4467459264255704
836,7,7683,1.3656493538901917
837,7,7684,1.4005671796344574
838,7,7685,1.2763600264276773
839,7,7686,1.296686121395656
840,7,7687,1.3967983041490828
841,7,7688,1.3520407392865132
842,7,7689,1.4010753972189767
843,7,7690,1.3434521641050068
844,7,7691,1.367068381536575
845,7,7692,1.3439124113037473
846,7,7693,1.420538740498679
847,7,7694,1.3880501247587658
848,7,7695,1.4393621257373266
849,7,7696,1.4957006545293898
850,7,7697,1.4448228506814864
851,7,7698,1.458066213698614
852,7,7699,1.3235251960300263
853,7,7700,1.2857178932144528
854,7,7701,1.3443325332232885
855,7,7702,1.3411829613503956
856,7,7703,1.4565460568382629
857,7,7704,1.4263643934613182
858,7,7705,1.3901127321379525
859,7,7706,1.3451474337350755
860,7,7707,1.382780798843929
861,7,7708,1.378527834301903
862,7,7709,1.496708361875443
863,7,7710,1.2885755641119823
864,7,7711,1.3257705427351452
865,7,7712,1.3604287732215155
866,7,7713,1.3458604472024103
867,7,7714,1.3843650079908822
868,7,7715,1.404704809188843
869,7,7716,1.381063574836368
870,7,7717,1.4208756486574807
871,7,7718,1.4356063348906383
872,7,7719,1.3174894111497062
873,7,7720,1.3174664775530496
874,7,7721,1.3364540537198386
875,7,7722,1.3590098647844222
876,7,7723,1.384257274014609
877,7,7724,1.456670045852661
878,7,7725,1.4169026755151295
879,7,7726,1.4058209686052232
880,7,7727,1.3470008997690108
881,7,7728,1.371231186957586
882,7,7729,1.4687698625382923
883,7,7730,1.49557596161252
884,7,7731,1.3516383795511155
885,7,7732,1.4417661343302048
886,7,7733,1.4448880184264408
887,7,7734,1.374521232786633
888,7,7735,1.286519271986825
889,7,7736,1.4242253530593147
890,7,7737,1.4615132922217962
891,7,7738,1.3322845754169284
892,7,7739,1.3602068424224851
893,7,7740,1.362163824694497
894,7,7741,1.2986960325922283
895,7,7742,1.3596895791235424
896,7,7743,1.409494087809608
897,7,7744,1.346656833376203
898,7,7745,1.418046729905265
899,7,7746,1.3754504181089857
900,7,7747,1.3097401630310783
901,7,7748,1.4786383481252763
902,7,7749,1.360149275688898
903,7,7750,1.3375191887219748
904,7,7751,1.3056396813619704
905,7,7752,1.3665851014001027
906,7,7753,1.3467597705977306
907,7,7754,1.3159330912998743
908,7,7755,1.3715847333272297
909,7,7756,1.313171060312362
910,7,7757,1.3989276517005194
911,7,7758,1.4300717853364489
912,7,7759,1.397206289427621
913,7,7760,1.359148743606749
914,7,7761,1.358152224904015
915,7,7762,1.338196814060211
916,7,7763,1.344960981891269
917,7,7764,1.356423360960824
918,7,7765,1.3810802272387912
919,7,7766,1.4357391198476155
920,7,7767,1.3400699978783022
921,7,7768,1.3713795741399128
922,7,7769,1.34087328967594
923,7,7770,1.352884746733166
924,7,7771,1.4216034440767193
925,7,7772,1.381322219258263
926,7,7773,1.424317779995146
927,7,7774,1.3993747745241436
928,7,7775,1.3379802959305898
929,7,7776,1.2827636117026917
930,7,7777,1.3224920062791732
931,7,7778,1.3506082949184237
932,7,7779,1.4205315737497237
933,7,7780,1.399580620584034
934,7,7781,1.2703800314948674
935,7,7782,1.3945622727984472
936,7,7783,1.385895788669586
937,7,7784,1.4120758857045854
938,7,7785,1.391033243565332
939,7,7786,1.3674608071645102
940,7,7787,1.4687320703551885
941,7,7788,1.3262169872011456
942,7,7789,1.3531620757920402
943,7,7790,1.3709039688110354
944,7,7791,1.3746364400500344
945,7,7792,1.3208633902527038
946,7,7793,1.4521590471267702
947,7,7794,1.336167199271066
948,7,7795,1.3729452065059118
949,7,7796,1.4093143060093836
950,7,7797,1.383088500726791
951,7,7798,1.4547686236245292
952,7,7799,1.460270316827865
953,7,7800,1.3728430086658117
954,7,7801,1.3096404387837364
955,7,7802,1.391181318532853
956,7,7803,1.3998381467092604
957,7,7804,1.4724248817988805
958,7,7805,1.3612247137796312
959,7,7806,1.3307442948931736
960,7,7807,1.3288149833679201
961,7,7808,1.3659570018450418
962,7,7809,1.339283497560592
963,7,7810,1.3507585951260157
964,7,7811,1.4081435203552244
965,7,7812,1.3201023836930592
966,7,7813,1.4023298479261852
967,7,7814,1.3517753339949108
968,7,7815,1.3630661368370058
969,7,7816,1.4184854286057609
970,7,7817,1.3749718779609315
971,7,7818,1.3735983428500949
972,7,7819,1.4205739668437412
973,7,7820,1.4803209929239183
974,7,7821,1.312528513726734
975,7,7822,1.3838854971386134
976,7,7823,1.4041706493922645
977,7,7824,1.4053002425602505
978,7,7825,1.324670927865165
979,7,7826,1.298044925644284
980,7,7827,1.3042518127532232
981,7,7828,1.3963976246970042
982,7,7829,1.3990636184102014
983,7,7830,1.3964606580280123
984,7,7831,1.3404434380077181
985,7,7832,1.468829399063474
986,7,7833,1.4134035564604257
987,7,7834,1.4122869571050007
988,7,7835,1.376863380273183
989,7,7836,1.4031639893849692
990,7,7837,1.4269799817176092
991,7,7838,1.444999064717974
992,7,7839,1.3850489201999843
993,7,7840,1.4338574551400685
994,7,7841,1.3525681779498147
995,7,7842,1.3626200272923426
996,7,7843,1.302640117350079
997,7,7844,1.354513310250782
998,7,7845,1.3654327449344457
999,7,7846,1.2537219978514171
1000,7,7847,1.3654078642527265
1001,7,7848,1.3398771541459218
1002,7,7849,1.3445127152261283
1003,7,7850,1.43884703658876
1004,7,7851,1.317098489829472
1005,7,7852,1.2942522820972262
1006,7,7853,1.3940856002625965
1007,7,7854,1.3745314280192058
1008,7,7855,1.395851640474229
1009,7,7856,1.3430380480630055
1010,7,7857,1.4675497497831074
1011,7,7858,1.3116114536921184
1012,7,7859,1.3205551476705641
1013,7,7860,1.3598469779604956
1014,7,7861,1.397722227232797
1015,7,7862,1.5076519790149874
1016,7,7863,1.3209483765420462
1017,7,7864,1.3793480850401378
1018,7,7865,1.3505185501916068
1019,7,7866,1.4074894729114713
1020,7,7867,1.328371195566087
1021,7,7868,1.4515242065702165
1022,7,7869,1.3589938879013062
1023,7,7870,1.3489447150911602
1024,7,7871,1.4580874499820524
1025,7,7872,1.373775283495585
1026,7,7873,1.435178015913282
1027,7,7874,1.330020887511117
1028,7,7875,1.3888058265050252
1029,7,7876,1.447889580613091
1030,7,7877,1.3899127897762116
1031,7,7878,1.4254659641356693
1032,7,7879,1.4153902190072194
1033,7,7880,1.3269245198794775
1034,7,7881,1.3466379727636064
1035,7,7882,1.4856142373312091
1036,7,7883,1.3816275908833457
1037,7,7884,1.3608759925478982
1038,7,7885,1.5228200185866583
1039,7,7886,1.341483893848601
1040,7,7887,1.4788803969110764
1041,7,7888,1.3485906464712962
1042,7,7889,1.3332873412540982
1043,7,7890,1.3259581071989879
1044,7,7891,1.3610012048766729
1045,7,7892,1.3943746827897574
1046,7,7893,1.431698889959426
1047,7,7894,1.4207854526383539
1048,7,7895,1.4657927808307465
1049,7,7896,1.4081887262208121
1050,7,7897,1.4019702672958374
1051,7,7898,1.2412991126378377
1052,7,7899,1.5234188380695524
1053,7,7900,1.4648689939862205
1054,7,7901,1.340694796471369
1055,7,7902,1.3749771742593677
1056,7,7903,1.357431159133003
1057,7,7904,1.3897604005677358
1058,7,7905,1.3638680094764342
1059,7,7906,1.3266060863222398
1060,7,7907,1.3775875312941415
1061,7,7908,1.4117041911397659
1062,7,7909,1.408108052753267
1063,7,7910,1.3574418794541132
1064,7,7911,1.3936762809753418
1065,7,7912,1.4584247782116841
1066,7,7913,1.4394445703143168
1067,7,7914,1.3098093952451437
1068,7,7915,1.2677472602753415
1069,7,7916,1.3947708436420985
1070,7,7917,1.4849655968802313
1071,7,7918,1.3205973392441155
1072,7,7919,1.3476571355547224
1073,7,7920,1.3672483989170623
1074,7,7921,1.3939102036612372
1075,7,7922,1.3342984914779665
1076,7,7923,1.4080020785331726
1077,7,7924,1.3849728220985047
1078,7,7925,1.3287436621529713
1079,7,7926,1.352731193814959
1080,7,7927,1.3647876694088892
1081,7,7928,1.3240955216544015
1082,7,7929,1.4532339856738137
1083,7,7930,1.3894971509774525
1084,7,7931,1.382537143571036
1085,7,7932,1.333006359281994
1086,7,7933,1.3338449427059718
1087,7,7934,1.374590686389378
1088,7,7935,1.3568975301015944
1089,7,7936,1.3720015798296248
1090,7,7937,1.4230233033498128
1091,7,7938,1.3397320622489566
1092,7,7939,1.3939323652358282
1093,7,7940,1.3979038511003765
1094,7,7941,1.3767296075820925
1095,7,7942,1.3754599548521496
1096,7,7943,1.307040469987052
1097,7,7944,1.3579808899334498
1098,7,7945,1.418635408083598
1099,7,7946,1.3704256301834472
1100,7,7947,1.4898307096390497
1101,7,7948,1.3786793493089224
1102,7,7949,1.36669241246723
1103,7,7950,1.3612854367210752
1104,7,7951,1.3803660188402447
1105,7,7952,1.3898082148461113
1106,7,7953,1.3870892922083538
1107,7,7954,1.3641046285629275
1108,7,7955,1.3241052400498161
1109,7,7956,1.3561466449782964
1110,7,7957,1.3831422442481633
1111,7,7958,1.3877000184286208
1112,7,7959,1.493541459242503
1113,7,7960,1.4321286053884594
1114,7,7961,1.3737088158017114
1115,7,7962,1.4145864645640054
1116,7,7963,1.4951156888689314
1117,7,7964,1.3615803519884746
1118,7,7965,1.4251921631041027
1119,7,7966,1.3298444946606955
1120,7,7967,1.3933961107617332
1121,7,7968,1.285498491355351
1122,7,7969,1.3436706066131596
1123,7,7970,1.3500798969041734
1124,7,7971,1.306361666747502
1125,7,7972,1.417544702688853
1126,7,7973,1.3369693245206558
1127,7,7974,1.4001770303362895
1128,7,7975,1.4288582858585175
1129,7,7976,1.2904474167596727
1130,7,7977,1.3478478817712694
1131,7,7978,1.4244259198506677
1132,7,7979,1.4772920778819494
1133,7,7980,1.3162074798629397
1134,7,7981,1.3484132573718115
1135,7,7982,1.2919460676965258
1136,7,7983,1.3553719520568848
1137,7,7984,1.4170481704530258
1138,7,7985,1.5073389325823103
1139,7,7986,1.4024586365336464
1140,7,7987,1.5296901918592907
0,8,7988,1.400263468424479
1,8,7989,1.4758529322487965
2,8,7990,1.4473168339048115
3,8,7991,1.3524352766218641
4,8,7992,1.4593971059435888
5,8,7993,1.3835602601369221
6,8,7994,1.2730112813767933
7,8,7995,1.4315345486005147
8,8,7996,1.4235891132127672
9,8,7997,1.37753777276902
10,8,7998,1.3596248200961523
11,8,7999,1.456592131228674
12,8,8000,1.3444172087169828
13,8,8001,1.4066412250200906
14,8,8002,1.280428613935198
15,8,8003,1.3639914024443853
16,8,8004,1.3691391433988298
17,8,8005,1.3397026970272974
18,8,8006,1.4307532480784828
19,8,8007,1.3538906006585985
20,8,8008,1.3899625766844976
21,8,8009,1.31985874970754
22,8,8010,1.3544039612724665
23,8,8011,1.4338802837190172
24,8,8012,1.4410076595488046
25,8,8013,1.307488109384264
26,8,8014,1.4234933512551446
27,8,8015,1.4944467658088318
28,8,8016,1.3661266139575414
29,8,8017,1.4625144118354432
30,8,8018,1.4462582837967644
31,8,8019,1.3558340980893089
32,8,8020,1.3427399709111167
33,8,8021,1.2958606084187825
34,8,8022,1.2414563780739196
35,8,8023,1.4503134574208942
36,8,8024,1.4198165450777325
37,8,8025,1.4379392919086273
38,8,8026,1.3817958093824843
39,8,8027,1.3788512973558336
40,8,8028,1.3858873219717114
41,8,8029,1.4040875406492324
42,8,8030,1.3190113249279203
43,8,8031,1.3602130782036557
44,8,8032,1.421214608919053
45,8,8033,1.4153900203250702
46,8,8034,1.3159529595147996
47,8,8035,1.370912199928647
48,8,8036,1.485520947547186
49,8,8037,1.3975087744849068
50,8,8038,1.3809245370683214
51,8,8039,1.3428049484888713
52,8,8040,1.384968326205299
53,8,8041,1.3567619380496796
54,8,8042,1.331992240179153
55,8,8043,1.3641028148787362
56,8,8044,1.4449926728294007
57,8,8045,1.411474162623996
58,8,8046,1.2162435026395892
59,8,8047,1.3383591515677316
60,8,8048,1.408410716624487
61,8,8049,1.3498325972330005
62,8,8050,1.3414975802103675
63,8,8051,1.3370898309208097
64,8,8052,1.3036356738635475
65,8,8053,1.3395762074561348
66,8,8054,1.4915202032952082
67,8,8055,1.3845485959734236
68,8,8056,1.4009173824673606
69,8,8057,1.4411117633183796
70,8,8058,1.3619614215124223
71,8,8059,1.373871936684563
72,8,8060,1.3388658847127644
73,8,8061,1.3876832581701735
74,8,8062,1.4231074367250716
75,8,8063,1.404181233474186
76,8,8064,1.353661772750673
77,8,8065,1.357934611184256
78,8,8066,1.3753933565957204
79,8,8067,1.40847754194623
80,8,8068,1.3667265347072055
81,8,8069,1.4283729309127444
82,8,8070,1.3538251717885335
83,8,8071,1.3447913839703516
84,8,8072,1.4771380651564827
85,8,8073,1.3705923159917197
86,8,8074,1.316496145157587
87,8,8075,1.3466114458583653
88,8,8076,1.3377997534615649
89,8,8077,1.3573927368436542
90,8,8078,1.369936398097447
91,8,8079,1.5283047074363345
92,8,8080,1.4550801912943525
93,8,8081,1.3264230205899192
94,8,8082,1.4222324859528315
95,8,8083,1.3542436077481224
96,8,8084,1.3546705018906366
97,8,8085,1.4002661534718104
98,8,8086,1.3509620428085327
99,8,8087,1.4296541895185197
100,8,8088,1.4131582578023276
101,8,8089,1.349766901561192
102,8,8090,1.3820076613199141
103,8,8091,1.4612515199752079
104,8,8092,1.3290009356680372
105,8,8093,1.3455837908245265
106,8,8094,1.3857567707697553
107,8,8095,1.3079377441179185
108,8,8096,1.2944280618713013
109,8,8097,1.373174536795843
110,8,8098,1.464269479115804
111,8,8099,1.3359060769989377
112,8,8100,1.3744163059052963
113,8,8101,1.3983660595757623
114,8,8102,1.3603386481602984
115,8,8103,1.4000043585186914
116,8,8104,1.3345008095105488
117,8,8105,1.4015265220687503
118,8,8106,1.2692001121384757
119,8,8107,1.3143981922240486
120,8,8108,1.4217267433802285
121,8,8109,1.3844782937140692
122,8,8110,1.391936446939196
123,8,8111,1.4066634859357559
124,8,8112,1.3768629062743414
125,8,8113,1.3609111933481126
126,8,8114,1.3381398064749581
127,8,8115,1.2658832044828507
128,8,8116,1.3419589428674605
129,8,8117,1.4884600696109591
130,8,8118,1.2930008172988892
131,8,8119,1.3545522547903515
132,8,8120,1.4054808474722364
133,8,8121,1.407981128919692
134,8,8122,1.3674554711296447
135,8,8123,1.3336573782421295
136,8,8124,1.4075207795415605
137,8,8125,1.3864247969218662
138,8,8126,1.3622540803182692
139,8,8127,1.3474337714059015
140,8,8128,1.439925846599397
141,8,8129,1.4012570835295182
142,8,8130,1.29901708591552
143,8,8131,1.3451200496582758
144,8,8132,1.377225549448104
145,8,8133,1.3982350769497096
146,8,8134,1.4020309561774844
147,8,8135,1.3699624311356318
148,8,8136,1.3546158841678073
149,8,8137,1.3674985681261336
150,8,8138,1.4385490020116172
151,8,8139,1.3199605828239802
152,8,8140,1.3579010225477675
153,8,8141,1.372547847884042
154,8,8142,1.304601856640407
155,8,8143,1.3959574585869199
156,8,8144,1.2924893895785017
157,8,8145,1.4051858470553442
158,8,8146,1.3122221742357525
159,8,8147,1.2902524187451314
160,8,8148,1.3949234939756847
161,8,8149,1.3117316251709348
162,8,8150,1.317704881940569
163,8,8151,1.3882908480507987
164,8,8152,1.3327924013137817
165,8,8153,1.328698813915253
166,8,8154,1.340340676761809
167,8,8155,1.3784219168481373
168,8,8156,1.4203094158853804
169,8,8157,1.3811913359732857
170,8,8158,1.315529670034136
171,8,8159,1.4697563875289192
172,8,8160,1.3156259741101946
173,8,8161,1.3925176575070335
174,8,8162,1.3385705039614726
175,8,8163,1.456685069061461
176,8,8164,1.3158304833230516
177,8,8165,1.4021068811416624
178,8,8166,1.3618443239302866
179,8,8167,1.3812654955046515
180,8,8168,1.3454163869222004
181,8,8169,1.2987022854032972
182,8,8170,1.385967146782648
183,8,8171,1.3629427012943083
184,8,8172,1.3470398386319475
185,8,8173,1.4024341986292885
186,8,8174,1.3585799364816573
187,8,8175,1.368642182577224
188,8,8176,1.4090323902311777
189,8,8177,1.351090130351839
190,8,8178,1.3264887446448916
191,8,8179,1.373599302201044
192,8,8180,1.419268046106611
193,8,8181,1.3690589098703292
194,8,8182,1.401466713065193
195,8,8183,1.4391668069930306
196,8,8184,1.3787414999235241
197,8,8185,1.2840059427987962
198,8,8186,1.4605765115647087
199,8,8187,1.406228292556036
200,8,8188,1.4095390580949332
201,8,8189,1.3102261338915147
202,8,8190,1.450611914907183
203,8,8191,1.43427760828109
204,8,8192,1.3938515753973097
205,8,8193,1.411146402359009
206,8,8194,1.456390815121787
207,8,8195,1.3792661882582165
208,8,8196,1.3073432644208276
209,8,8197,1.4243602412087575
210,8,8198,1.4026213259924027
211,8,8199,1.4901343016397388
212,8,8200,1.2853514523733232
213,8,8201,1.4012730462210516
214,8,8202,1.4463443529038198
215,8,8203,1.4052689245768957
216,8,8204,1.3214089558238074
217,8,8205,1.3070334593454995
218,8,8206,1.3663666901134313
219,8,8207,1.3893841675349645
220,8,8208,1.319690505663554
221,8,8209,1.3945321979976832
222,8,8210,1.4125810010092597
223,8,8211,1.3254156424885706
224,8,8212,1.3534174675033204
225,8,8213,1.373578565461295
226,8,8214,1.3908901526814417
227,8,8215,1.4265820724623544
228,8,8216,1.2093592995689029
229,8,8217,1.3461440574555168
230,8,8218,1.361073862938654
231,8,8219,1.3855332363219492
232,8,8220,1.3251756685120721
233,8,8221,1.3131293995039803
234,8,8222,1.3826997393653506
235,8,8223,1.3158466333434697
236,8,8224,1.3127710876010714
237,8,8225,1.4321428764434092
238,8,8226,1.3415370101020447
239,8,8227,1.3870915997596016
240,8,8228,1.3843605376425245
241,8,8229,1.3923232285749345
242,8,8230,1.2300310957999456
243,8,8231,1.2882617797170364
244,8,8232,1.376149722508022
245,8,8233,1.3756018593197779
246,8,8234,1.3997886862073627
247,8,8235,1.375464848109654
248,8,8236,1.360078050976708
249,8,8237,1.33644414799554
250,8,8238,1.3523678751218888
251,8,8239,1.352021643093654
252,8,8240,1.3464547225407195
253,8,8241,1.40198947985967
254,8,8242,1.352469571999141
255,8,8243,1.3338892374719893
256,8,8244,1.3102715923672632
257,8,8245,1.440475077856155
258,8,8246,1.3320578138033548
259,8,8247,1.3249755672046113
260,8,8248,1.3989128186589195
261,8,8249,1.368465945834205
262,8,8250,1.3692394154412404
263,8,8251,1.392985184987386
264,8,8252,1.3729464468501862
265,8,8253,1.2989187694731215
266,8,8254,1.4619764799163455
267,8,8255,1.2903263199897037
268,8,8256,1.3680991161437264
269,8,8257,1.4117132567224047
270,8,8258,1.4299926133382885
271,8,8259,1.417841803459894
272,8,8260,1.3773873647054033
273,8,8261,1.3694354238964261
274,8,8262,1.3882850692385718
275,8,8263,1.3111274724914914
276,8,8264,1.3526284723054796
277,8,8265,1.313941035951887
278,8,8266,1.391509737287249
279,8,8267,1.4118791761852445
280,8,8268,1.3962350402559554
281,8,8269,1.3159239519210086
282,8,8270,1.3916205040046148
283,8,8271,1.4948787121545701
284,8,8272,1.3191281131335668
285,8,8273,1.4219348203568236
286,8,8274,1.2533720362754093
287,8,8275,1.4214316322689964
288,8,8276,1.3991457394191198
289,8,8277,1.379297421092079
290,8,8278,1.331181470836912
291,8,8279,1.303879604453132
292,8,8280,1.3728705304009574
293,8,8281,1.4313181922549292
294,8,8282,1.3150848150253296
295,8,8283,1.393156051635742
296,8,8284,1.4502209311439878
297,8,8285,1.3596431016921997
298,8,8286,1.3865750375248136
299,8,8287,1.3983762150719052
300,8,8288,1.3797962608791534
301,8,8289,1.4227199554443362
302,8,8290,1.3916318132763816
303,8,8291,1.4422445581072851
304,8,8292,1.3160692793982367
305,8,8293,1.3684475450288685
306,8,8294,1.3044639428456624
307,8,8295,1.3421395903541928
308,8,8296,1.3167516816230047
309,8,8297,1.3665994945026578
310,8,8298,1.3413840674218678
311,8,8299,1.3073939453987846
312,8,8300,1.4148458072117398
313,8,8301,1.3726172078223455
314,8,8302,1.383911405290876
315,8,8303,1.2981276143164862
316,8,8304,1.3768929753984724
317,8,8305,1.3257110913594563
318,8,8306,1.4078850178491502
319,8,8307,1.2677271763483684
320,8,8308,1.4534009297688801
321,8,8309,1.422488155819121
322,8,8310,1.3750386663845608
323,8,8311,1.4074166303589233
324,8,8312,1.3832497085843767
325,8,8313,1.2930338496253604
326,8,8314,1.37783263978504
327,8,8315,1.3963212853386286
328,8,8316,1.369924769515083
329,8,8317,1.3367094936824981
330,8,8318,1.299655684403011
331,8,8319,1.2619414925575259
332,8,8320,1.4540048440297442
333,8,8321,1.421065384433383
334,8,8322,1.431669377145313
335,8,8323,1.2860312178021385
336,8,8324,1.338394641876221
337,8,8325,1.3447136396453494
338,8,8326,1.3415496150652568
339,8,8327,1.3338252533049808
340,8,8328,1.3805875749815075
341,8,8329,1.3735483771278745
342,8,8330,1.4064525223913644
343,8,8331,1.3474601280121574
344,8,8332,1.3400927271161762
345,8,8333,1.4241206305367606
346,8,8334,1.386497330097925
347,8,8335,1.4011131127675376
348,8,8336,1.2981788090297155
349,8,8337,1.4223563983326868
350,8,8338,1.3617492460069203
351,8,8339,1.2842796217827572
352,8,8340,1.4201481853212625
353,8,8341,1.436811821801322
354,8,8342,1.4043192437716887
355,8,8343,1.4641623326710294
356,8,8344,1.39845415524074
357,8,8345,1.414382381098611
358,8,8346,1.4528876543045048
359,8,8347,1.3681001890273325
360,8,8348,1.4795562937146143
361,8,8349,1.3074691040175304
362,8,8350,1.428570974440802
363,8,8351,1.4958261478514898
364,8,8352,1.407972934700194
365,8,8353,1.3214988254365465
366,8,8354,1.416695305279323
367,8,8355,1.336126038006374
368,8,8356,1.3667327903565902
369,8,8357,1.4406069914499922
370,8,8358,1.3430028387478419
371,8,8359,1.327933294432504
372,8,8360,1.3919135615939187
373,8,8361,1.3526420820327032
374,8,8362,1.4314853861218408
375,8,8363,1.364599290348235
376,8,8364,1.3319675950776961
377,8,8365,1.3693514608201525
378,8,8366,1.4506593488511585
379,8,8367,1.4003245348022098
380,8,8368,1.3088042849586123
381,8,8369,1.484345867520287
382,8,8370,1.4189347766694569
383,8,8371,1.2670323962257024
384,8,8372,1.4085882362865265
385,8,8373,1.3468420902887979
386,8,8374,1.3802379426502047
387,8,8375,1.2664693366913569
388,8,8376,1.4261723274276368
389,8,8377,1.3637343701862155
390,8,8378,1.3543606911386763
391,8,8379,1.3144645435469489
392,8,8380,1.3018981729234969
393,8,8381,1.3109608661560785
394,8,8382,1.468954455284845
395,8,8383,1.3367955514362881
396,8,8384,1.3580803927921117
397,8,8385,1.374323529856546
398,8,8386,1.343521998042152
399,8,8387,1.4199909085319156
400,8,8388,1.3676144963219055
401,8,8389,1.3267136727060593
402,8,8390,1.3873667064167203
403,8,8391,1.3255677762485685
404,8,8392,1.3256515832174391
405,8,8393,1.5018453995386758
406,8,8394,1.3501211234501431
407,8,8395,1.3750937666211809
408,8,8396,1.463761338165828
409,8,8397,1.3667745874041606
410,8,8398,1.4114627185321993
411,8,8399,1.3938028755642122
412,8,8400,1.3804382426398143
413,8,8401,1.3089595806031
414,8,8402,1.4277812668255399
415,8,8403,1.3560966991242906
416,8,8404,1.3717351754506428
417,8,8405,1.3423755112148463
418,8,8406,1.389935402643113
419,8,8407,1.4511821213222684
420,8,8408,1.264400328908648
421,8,8409,1.4156367750394914
422,8,8410,1.385056260086241
423,8,8411,1.3704364129475184
424,8,8412,1.4502278168996174
425,8,8413,1.394407482374282
426,8,8414,1.4304677418300082
427,8,8415,1.4266471862792969
428,8,8416,1.3866415023803709
429,8,8417,1.4539217040652321
430,8,8418,1.3247090748378207
431,8,8419,1.36311521984282
432,8,8420,1.369805160022917
433,8,8421,1.3721470435460408
434,8,8422,1.3927608217511855
435,8,8423,1.3789869263058616
436,8,8424,1.382892208439963
437,8,8425,1.3692861398061116
438,8,8426,1.4330042714164368
439,8,8427,1.3652400686627342
440,8,8428,1.3826892432712374
441,8,8429,1.3895974982352481
442,8,8430,1.3653822541236877
443,8,8431,1.243120204834711
444,8,8432,1.4064741702306842
445,8,8433,1.2973747622399103
446,8,8434,1.3305926663534982
447,8,8435,1.4054013717742198
448,8,8436,1.319931319781712
449,8,8437,1.3611776658466883
450,8,8438,1.3188304276693434
451,8,8439,1.3330990643728349
452,8,8440,1.3880216621217272
453,8,8441,1.3317895872252328
454,8,8442,1.36083295799437
455,8,8443,1.2260557143461137
456,8,8444,1.424728350979941
457,8,8445,1.4034630344027565
458,8,8446,1.4316492279370625
459,8,8447,1.3685219514937628
460,8,8448,1.3600549555960153
461,8,8449,1.3748826753525505
462,8,8450,1.5260226499466667
463,8,8451,1.4263325702576408
464,8,8452,1.343192756175995
465,8,8453,1.4222819861911589
466,8,8454,1.366243518534161
467,8,8455,1.3617529982612244
468,8,8456,1.3353462957200548
469,8,8457,1.320172414893196
470,8,8458,1.396439986569541
471,8,8459,1.457179597445897
472,8,8460,1.4003709242457434
473,8,8461,1.4542002337319515
474,8,8462,1.2773846742652708
475,8,8463,1.3550420318331038
476,8,8464,1.3549653660683403
477,8,8465,1.3557206562587192
478,8,8466,1.2951312661170962
479,8,8467,1.3589330230440413
480,8,8468,1.4182490819976443
481,8,8469,1.475642510822841
482,8,8470,1.366421063741048
483,8,8471,1.318832857268197
484,8,8472,1.3399990229379561
485,8,8473,1.4490251200539725
486,8,8474,1.3768265758241927
487,8,8475,1.3718192179997764
488,8,8476,1.3381362387112208
489,8,8477,1.3011505036127
490,8,8478,1.316001310234978
491,8,8479,1.2998472764378504
492,8,8480,1.400181934947059
493,8,8481,1.3382463880947657
494,8,8482,1.3984002385820662
495,8,8483,1.3843707697732106
496,8,8484,1.4003859077181136
497,8,8485,1.3201003727458773
498,8,8486,1.4061864756402516
499,8,8487,1.3035068057832264
500,8,8488,1.3561861287979853
501,8,8489,1.370567378543672
502,8,8490,1.2996445865858168
503,8,8491,1.4079521724155972
504,8,8492,1.3692515180224463
505,8,8493,1.4315479227474752
506,8,8494,1.3345711004166376
507,8,8495,1.3217475045294986
508,8,8496,1.4024812834603446
509,8,8497,1.3454995155334468
510,8,8498,1.363680805478777
511,8,8499,1.3951454503195628
512,8,8500,1.3976641978536335
513,8,8501,1.4099417697815666
514,8,8502,1.3308277981621879
515,8,8503,1.3513226054963614
516,8,8504,1.3786613032931374
517,8,8505,1.3628635207811994
518,8,8506,1.352753369581132
519,8,8507,1.4397353047416326
520,8,8508,1.3065376764252072
521,8,8509,1.4264952512014482
522,8,8510,1.3807092507680256
523,8,8511,1.3840207656224568
524,8,8512,1.3264627995945157
525,8,8513,1.3677053054173787
526,8,8514,1.3899578565642945
527,8,8515,1.2505356839724948
528,8,8516,1.4069394951774956
529,8,8517,1.3907006354559035
530,8,8518,1.3834579785664876
531,8,8519,1.3503403379803611
532,8,8520,1.510750787598746
533,8,8521,1.3636808679217385
534,8,8522,1.3954202589534574
535,8,8523,1.3766252029509773
536,8,8524,1.3621909760293507
537,8,8525,1.3491065729232061
538,8,8526,1.3711229108628773
539,8,8527,1.4075742108481273
540,8,8528,1.3879933243706113
541,8,8529,1.4249330588749476
542,8,8530,1.3369622088613966
543,8,8531,1.3981123254412697
544,8,8532,1.3462863053594316
545,8,8533,1.3795571894872756
546,8,8534,1.3713878166107902
547,8,8535,1.3586480929738
548,8,8536,1.4454682213919503
549,8,8537,1.3355692142531987
550,8,8538,1.3772983636174887
551,8,8539,1.3395203295208158
552,8,8540,1.4445490127518066
553,8,8541,1.454356789588928
554,8,8542,1.3881729131653198
555,8,8543,1.2856702889714924
556,8,8544,1.3689318838573636
557,8,8545,1.4264985436484927
558,8,8546,1.3412535304114934
559,8,8547,1.4938620612734839
560,8,8548,1.3359604761714023
561,8,8549,1.340114406176976
562,8,8550,1.3925307393074036
563,8,8551,1.3924149757339843
564,8,8552,1.444711719240461
565,8,8553,1.3325733088311695
566,8,8554,1.2271517458416168
567,8,8555,1.44154664732161
568,8,8556,1.3187084879193987
569,8,8557,1.3426262764703663
570,8,8558,1.2655621284530278
571,8,8559,1.3680283966518583
572,8,8560,1.3518325260707311
573,8,8561,1.3344880966913133
574,8,8562,1.4172366460164385
575,8,8563,1.3635534133229938
576,8,8564,1.382028145449502
577,8,8565,1.305290381113688
578,8,8566,1.3831196796326408
579,8,8567,1.4095091138567246
580,8,8568,1.3276412373497373
581,8,8569,1.474105471656436
582,8,8570,1.3250222944077992
583,8,8571,1.4033201280094327
584,8,8572,1.4187694333848502
585,8,8573,1.356516168231056
586,8,8574,1.4295704535075597
587,8,8575,1.4578039589382352
588,8,8576,1.3065581917762756
589,8,8577,1.4316692409061247
590,8,8578,1.4425411054066248
591,8,8579,1.3295719481649853
592,8,8580,1.3563157887685866
593,8,8581,1.3393235320136663
594,8,8582,1.4595847640718733
595,8,8583,1.4220742100761048
596,8,8584,1.423569463548206
597,8,8585,1.3394670259384882
598,8,8586,1.423164759363447
599,8,8587,1.4327000379562373
600,8,8588,1.2717145794913878
601,8,8589,1.3519245386123657
602,8,8590,1.3984522535687403
603,8,8591,1.3824351174490792
604,8,8592,1.2920819322268167
605,8,8593,1.4080430326007658
606,8,8594,1.3196871763183955
607,8,8595,1.3918673992156982
608,8,8596,1.3548423165366763
609,8,8597,1.4381613334019976
610,8,8598,1.3623290203866505
611,8,8599,1.3843939559800282
612,8,8600,1.4455278884796874
613,8,8601,1.322607934474945
614,8,8602,1.3570152407600768
615,8,8603,1.379894699369158
616,8,8604,1.4077214882487343
617,8,8605,1.3455957827113922
618,8,8606,1.325654699688866
619,8,8607,1.4108136211122784
620,8,8608,1.3437736942654561
621,8,8609,1.2938709074542636
622,8,8610,1.399416387081146
623,8,8611,1.3773320743015836
624,8,8612,1.3431994631176907
625,8,8613,1.3839982407433646
626,8,8614,1.4211771544956027
627,8,8615,1.404365482784453
628,8,8616,1.371292653537932
629,8,8617,1.3436705555234636
630,8,8618,1.383457538627443
631,8,8619,1.3590432831219268
632,8,8620,1.3744946689832778
633,8,8621,1.4123928887503485
634,8,8622,1.4618529649007888
635,8,8623,1.2814110943249293
636,8,8624,1.3410373500415258
637,8,8625,1.3126004622096106
638,8,8626,1.2671420574188232
639,8,8627,1.4570391859327045
640,8,8628,1.318545985789526
641,8,8629,1.4375222921371456
642,8,8630,1.400673883301871
643,8,8631,1.4699593555359614
644,8,8632,1.2897549299966724
645,8,8633,1.3717740291640872
646,8,8634,1.4757971933909824
647,8,8635,1.385551807426271
648,8,8636,1.3604997510001773
649,8,8637,1.36541257585798
650,8,8638,1.391466756661733
651,8,8639,1.3272284780229842
652,8,8640,1.3977547685305278
653,8,8641,1.3681375696545557
654,8,8642,1.368569348539625
655,8,8643,1.4176230317070373
656,8,8644,1.3653624341601418
657,8,8645,1.391983946164449
658,8,8646,1.3902557066508703
659,8,8647,1.437580000786554
660,8,8648,1.3479253961926412
661,8,8649,1.3581644949458898
662,8,8650,1.3673755441393174
663,8,8651,1.454325721377418
664,8,8652,1.3929535150527959
665,8,8653,1.2671983469100225
666,8,8654,1.3602194417090647
667,8,8655,1.447325925032298
668,8,8656,1.3878909207525707
669,8,8657,1.2789550452005296
670,8,8658,1.4178127561296734
671,8,8659,1.3311456356729783
672,8,8660,1.3888017109462192
673,8,8661,1.2160462765466598
674,8,8662,1.3728287191618056
675,8,8663,1.446172180629912
676,8,8664,1.3738950959273746
677,8,8665,1.284628805660066
678,8,8666,1.358222870599656
679,8,8667,1.3490328221094041
680,8,8668,1.3037740446272352
681,8,8669,1.2872778347560336
682,8,8670,1.4505133288247245
683,8,8671,1.43918856552669
684,8,8672,1.3172984690893264
685,8,8673,1.417268389747256
686,8,8674,1.3405240717388334
687,8,8675,1.3567680205617632
688,8,8676,1.4477522827330087
689,8,8677,1.3313573315030054
690,8,8678,1.3589008904638742
691,8,8679,1.4128914759272622
692,8,8680,1.3831595381100974
693,8,8681,1.3232418014889673
694,8,8682,1.364178214754377
695,8,8683,1.4435387622742428
696,8,8684,1.2939438905034746
697,8,8685,1.3968355173156375
698,8,8686,1.4548046645664032
699,8,8687,1.4143986560049506
700,8,8688,1.314216443470546
701,8,8689,1.4510723976861861
702,8,8690,1.4547043925239929
703,8,8691,1.323999532631465
704,8,8692,1.3766286571820578
705,8,8693,1.3192671083268666
706,8,8694,1.3344389540808541
707,8,8695,1.2895281059401376
708,8,8696,1.3391986801510765
709,8,8697,1.3273254462650845
710,8,8698,1.4488772125471205
711,8,8699,1.269521162623451
712,8,8700,1.408810456593831
713,8,8701,1.4716766561780656
714,8,8702,1.4373438698904857
715,8,8703,1.419403743176233
716,8,8704,1.3529069366909205
717,8,8705,1.3664990436463127
718,8,8706,1.3853478630383809
719,8,8707,1.3521312617120291
720,8,8708,1.4749791849227176
721,8,8709,1.381501629239037
722,8,8710,1.2539914931569778
723,8,8711,1.4058936067989893
724,8,8712,1.2915072157269434
725,8,8713,1.4240224645251318
726,8,8714,1.4021257162094114
727,8,8715,1.3698926312582833
728,8,8716,1.3977510361444383
729,8,8717,1.3934469819068909
730,8,8718,1.450960298379262
731,8,8719,1.3469692951156982
732,8,8720,1.439419808841887
733,8,8721,1.4707797027769542
734,8,8722,1.3224082390467327
735,8,8723,1.3343670396577747
736,8,8724,1.350139169465928
737,8,8725,1.4170272407077604
738,8,8726,1.4825365543365479
739,8,8727,1.317127233459836
740,8,8728,1.4026188254356389
741,8,8729,1.3944251196725028
742,8,8730,1.3363167955761865
743,8,8731,1.432373041198367
744,8,8732,1.375539643423898
745,8,8733,1.3056974779991877
746,8,8734,1.4078688621520994
747,8,8735,1.3903603724070956
748,8,8736,1.358261070081166
749,8,8737,1.2658276501156038
750,8,8738,1.4173012120383126
751,8,8739,1.4637594393321443
752,8,8740,1.3192435559772309
753,8,8741,1.4521412196613492
754,8,8742,1.319513508251735
755,8,8743,1.286986572401864
756,8,8744,1.3945064118930275
757,8,8745,1.2868226965268454
758,8,8746,1.4224288094611397
759,8,8747,1.2650485123906814
760,8,8748,1.4480611540022355
761,8,8749,1.4386142208462667
762,8,8750,1.4061650208064491
763,8,8751,1.3175803337778367
764,8,8752,1.4032809081531707
765,8,8753,1.3470418651898701
766,8,8754,1.399148458526248
767,8,8755,1.3742590858822774
768,8,8756,1.3817290266354878
769,8,8757,1.4305385833694821
770,8,8758,1.3250513133548552
771,8,8759,1.348499669915154
772,8,8760,1.4330693256287346
773,8,8761,1.4776298999786377
774,8,8762,1.3253736950102306
775,8,8763,1.3513555924097698
776,8,8764,1.396826318332127
777,8,8765,1.3852912386258442
778,8,8766,1.332298789705549
779,8,8767,1.3254850705464682
780,8,8768,1.2911678666160222
781,8,8769,1.2234493465650649
782,8,8770,1.3998240232467654
783,8,8771,1.4577600955963135
784,8,8772,1.3908597003845937
785,8,8773,1.4127709610121593
786,8,8774,1.396691157704308
787,8,8775,1.3962439071564445
788,8,8776,1.3994183455194746
789,8,8777,1.3371191223462422
790,8,8778,1.3955683821723577
791,8,8779,1.4026564813795543
792,8,8780,1.3760588452929545
793,8,8781,1.339011041891007
794,8,8782,1.3361832130522955
795,8,8783,1.4206630332129342
796,8,8784,1.405997012342725
797,8,8785,1.3439519121533352
798,8,8786,1.4254297188350133
799,8,8787,1.3044263777278717
800,8,8788,1.393453762644813
801,8,8789,1.436777265298934
802,8,8790,1.463120636485872
803,8,8791,1.5048595723651703
804,8,8792,1.3708957121485752
805,8,8793,1.4677112840470814
806,8,8794,1.3403131195477076
807,8,8795,1.3717018819990612
808,8,8796,1.4388860634395055
809,8,8797,1.4226279145195369
810,8,8798,1.3867452116239638
811,8,8799,1.4236216062591192
812,8,8800,1.3653671911784584
813,8,8801,1.4091557661692302
814,8,8802,1.400140024366833
815,8,8803,1.4208657230649675
816,8,8804,1.3260916556630817
817,8,8805,1.3810855121839618
818,8,8806,1.3853120378085546
819,8,8807,1.461645313671657
820,8,8808,1.3461503329731173
821,8,8809,1.3355154196421306
822,8,8810,1.3761920645123435
823,8,8811,1.391119741258167
824,8,8812,1.2914634545644126
825,8,8813,1.3867568799427574
826,8,8814,1.3877545055888951
827,8,8815,1.2999971083232336
828,8,8816,1.3690891947065083
829,8,8817,1.3845182373410176
830,8,8818,1.396737672033764
831,8,8819,1.320491015911102
832,8,8820,1.4002035004752023
833,8,8821,1.4685143289111913
834,8,8822,1.3955187825929551
835,8,8823,1.3277773175920757
836,8,8824,1.338113898322696
837,8,8825,1.4183471259616671
838,8,8826,1.4299441462471374
839,8,8827,1.3533325081779843
840,8,8828,1.3105492506708416
841,8,8829,1.3833524442854384
842,8,8830,1.3661681129818872
843,8,8831,1.3445599022365753
844,8,8832,1.3450955890473864
845,8,8833,1.3208656225885662
846,8,8834,1.3673673243749709
847,8,8835,1.297002062911079
848,8,8836,1.4347511132558186
849,8,8837,1.5270209794952756
850,8,8838,1.350468110470545
851,8,8839,1.4315896601904008
852,8,8840,1.4430368230456394
853,8,8841,1.4297422000340052
854,8,8842,1.2899445919763477
855,8,8843,1.2921483772141593
856,8,8844,1.3217096896398635
857,8,8845,1.3650719154448738
858,8,8846,1.3370179051444646
859,8,8847,1.3406121645654951
860,8,8848,1.3962694860640028
861,8,8849,1.3450272452263605
862,8,8850,1.3706038225264778
863,8,8851,1.4208090929757984
864,8,8852,1.3264652093251545
865,8,8853,1.3549051682154338
866,8,8854,1.3307967327889942
867,8,8855,1.4063994146528696
868,8,8856,1.320440871374948
869,8,8857,1.3935951391855874
870,8,8858,1.335956607546125
871,8,8859,1.3528618188131423
872,8,8860,1.4034303284826737
873,8,8861,1.3328197343008858
874,8,8862,1.3179481881005424
875,8,8863,1.4296973319280715
876,8,8864,1.3544365763664246
877,8,8865,1.4859272128059748
878,8,8866,1.4314059132621404
879,8,8867,1.4103947423753282
880,8,8868,1.2982033633050463
881,8,8869,1.3834965626398725
882,8,8870,1.3559112889426095
883,8,8871,1.4589157530239651
884,8,8872,1.4138471909931727
885,8,8873,1.4537811846960158
886,8,8874,1.2624002042270843
887,8,8875,1.3952295723415555
888,8,8876,1.3929649307614282
889,8,8877,1.420676174617949
890,8,8878,1.411148548126221
891,8,8879,1.4116576881635758
892,8,8880,1.435976749374753
893,8,8881,1.3726685728345598
894,8,8882,1.4659482581274847
895,8,8883,1.4053844355401537
896,8,8884,1.3563815213385082
897,8,8885,1.3263024120103746
898,8,8886,1.381440866561163
899,8,8887,1.3503451148668923
900,8,8888,1.378299153986431
901,8,8889,1.3986467747461235
902,8,8890,1.2972609116917562
903,8,8891,1.314416411377135
904,8,8892,1.3972744629496618
905,8,8893,1.4013974042165844
906,8,8894,1.3302427331606548
907,8,8895,1.3979114350818453
908,8,8896,1.3838082835787824
909,8,8897,1.4112444292931328
910,8,8898,1.3103897117433096
911,8,8899,1.3986107054210846
912,8,8900,1.3639084214255923
913,8,8901,1.314386311031523
914,8,8902,1.3438075951167514
915,8,8903,1.2384674832934426
916,8,8904,1.2987916299274986
917,8,8905,1.3964000997089203
918,8,8906,1.3269656045096263
919,8,8907,1.4607339472997753
920,8,8908,1.3170937583560036
921,8,8909,1.3915041883786519
922,8,8910,1.405941985902332
923,8,8911,1.3275166863486878
924,8,8912,1.4053856645311626
925,8,8913,1.339897865340823
926,8,8914,1.4239667909485956
927,8,8915,1.3625741004943848
928,8,8916,1.3344601137297494
929,8,8917,1.3152932155699957
930,8,8918,1.3357084194819133
931,8,8919,1.373867948849996
932,8,8920,1.2996345985503421
933,8,8921,1.3487966117404762
934,8,8922,1.2729826654706682
935,8,8923,1.3864333175477528
936,8,8924,1.35580841700236
937,8,8925,1.3632461911156064
938,8,8926,1.3491794949486142
939,8,8927,1.3739689191182454
940,8,8928,1.3301368824073247
941,8,8929,1.4877016657874698
942,8,8930,1.3137957709176198
943,8,8931,1.2781856031644914
944,8,8932,1.3598559356871105
945,8,8933,1.3426476858911063
946,8,8934,1.3480978409449258
947,8,8935,1.30814422312237
948,8,8936,1.3414835986636933
949,8,8937,1.3629651694070726
950,8,8938,1.331758800007048
951,8,8939,1.4068317810694375
952,8,8940,1.3524512705348788
953,8,8941,1.3949549169767472
954,8,8942,1.3764158657618932
955,8,8943,1.3534026316234042
956,8,8944,1.3522437867664152
957,8,8945,1.3882534844534737
958,8,8946,1.3042955001195273
959,8,8947,1.414786029429663
960,8,8948,1.3201883350099837
961,8,8949,1.42150753736496
962,8,8950,1.3941409133729479
963,8,8951,1.384653991176969
964,8,8952,1.389067700931004
965,8,8953,1.4066937140056066
966,8,8954,1.3526861043203444
967,8,8955,1.2396531814620606
968,8,8956,1.4536457345599223
969,8,8957,1.3673355522609891
970,8,8958,1.3267279437610084
971,8,8959,1.381488941964649
972,8,8960,1.4064365596998305
973,8,8961,1.4661576861426941
974,8,8962,1.315138266200111
975,8,8963,1.2274932066599529
976,8,8964,1.474324101493472
977,8,8965,1.324109633763631
978,8,8966,1.2264870490346638
979,8,8967,1.3734244477181208
980,8,8968,1.455424047651745
981,8,8969,1.428522180943262
982,8,8970,1.340644365265256
983,8,8971,1.390586149124872
984,8,8972,1.299385252453032
985,8,8973,1.3169013971374148
986,8,8974,1.38565141530264
987,8,8975,1.3386505388078234
988,8,8976,1.3957685743059434
989,8,8977,1.3416001598040264
990,8,8978,1.2789659102757769
991,8,8979,1.4212845649038042
992,8,8980,1.3787674676804316
993,8,8981,1.423965703873407
994,8,8982,1.4223128897803172
995,8,8983,1.4723906630561465
996,8,8984,1.3473455253101532
997,8,8985,1.3562782094592138
998,8,8986,1.372333923975627
999,8,8987,1.2958178889183771
1000,8,8988,1.4335855501038688
1001,8,8989,1.4223875885918023
1002,8,8990,1.4098551216579622
1003,8,8991,1.3555703163146973
1004,8,8992,1.3191438061850413
1005,8,8993,1.3614245028722856
1006,8,8994,1.4490771094957986
1007,8,8995,1.3688413671084814
1008,8,8996,1.3793284467288425
1009,8,8997,1.3885931684857322
1010,8,8998,1.440434938385373
1011,8,8999,1.3326853400184995
1012,8,9000,1.4367036053112576
1013,8,9001,1.2929601101648238
1014,8,9002,1.4184124923887707
1015,8,9003,1.3564153455552599
1016,8,9004,1.3934570550918581
1017,8,9005,1.3616416340782527
1018,8,9006,1.4279966070538472
1019,8,9007,1.3547551802226478
1020,8,9008,1.4071741927237742
1021,8,9009,1.3371883801051547
1022,8,9010,1.3163878378413973
1023,8,9011,1.3010532884370714
1024,8,9012,1.3567663402784438
1025,8,9013,1.3424365861075267
1026,8,9014,1.3484629307474412
1027,8,9015,1.3577095014708382
1028,8,9016,1.3993094308035714
1029,8,9017,1.378112866764977
1030,8,9018,1.3380171429543268
1031,8,9019,1.3447545766830444
1032,8,9020,1.3290601202419827
1033,8,9021,1.3821525289898826
1034,8,9022,1.4406128071603321
1035,8,9023,1.2979075255848114
1036,8,9024,1.3532308340072632
1037,8,9025,1.2726589185850963
1038,8,9026,1.4301530293055942
1039,8,9027,1.3227172493934634
1040,8,9028,1.329157664662316
1041,8,9029,1.3201672122592019
1042,8,9030,1.3572344836734593
1043,8,9031,1.3339070819673085
1044,8,9032,1.3720988375799998
1045,8,9033,1.403913455350058
1046,8,9034,1.4012649485043116
1047,8,9035,1.3034429436638244
1048,8,9036,1.414199778011867
1049,8,9037,1.2778586376281011
1050,8,9038,1.3257949011666432
1051,8,9039,1.2958581561133973
1052,8,9040,1.3479762815293812
1053,8,9041,1.413692326772781
1054,8,9042,1.3554901338758925
1055,8,9043,1.4957872685931979
1056,8,9044,1.3551238406272164
1057,8,9045,1.3773058993475777
1058,8,9046,1.4060604941277275
1059,8,9047,1.397465135369982
1060,8,9048,1.339243568125225
1061,8,9049,1.3908750272932506
1062,8,9050,1.3154348674274627
1063,8,9051,1.390411941778092
1064,8,9052,1.357704937458038
1065,8,9053,1.3586192017509824
1066,8,9054,1.40659476178033
1067,8,9055,1.3141311492238725
1068,8,9056,1.3148141957464672
1069,8,9057,1.2734045272781733
1070,8,9058,1.3552473442895074
1071,8,9059,1.3114353702181862
1072,8,9060,1.3409217085157124
1073,8,9061,1.3046971843356179
1074,8,9062,1.341264409678323
1075,8,9063,1.3710494609106156
1076,8,9064,1.3845487946555726
1077,8,9065,1.39970486504691
1078,8,9066,1.329706004687718
1079,8,9067,1.4669465110415503
1080,8,9068,1.28828607854389
1081,8,9069,1.440802460625058
1082,8,9070,1.3710568916229975
1083,8,9071,1.4428899713924952
1084,8,9072,1.3775852464494251
1085,8,9073,1.4665631850560503
1086,8,9074,1.3833340945697965
1087,8,9075,1.3589254787990026
1088,8,9076,1.3494236440885634
1089,8,9077,1.4296220200402396
1090,8,9078,1.2830959728785925
1091,8,9079,1.3826453345162524
1092,8,9080,1.2642253041267395
1093,8,9081,1.37602934950874
1094,8,9082,1.3633546744074143
1095,8,9083,1.251740160442534
1096,8,9084,1.4673983114106315
1097,8,9085,1.3648244000616527
1098,8,9086,1.305846691131592
1099,8,9087,1.3818764743350804
1100,8,9088,1.3094028518313454
1101,8,9089,1.4519866932006111
1102,8,9090,1.3338354371842882
1103,8,9091,1.3228782472156342
1104,8,9092,1.371223265216464
1105,8,9093,1.270313038712456
1106,8,9094,1.3014212960288636
1107,8,9095,1.3208177146457487
1108,8,9096,1.325548089685894
1109,8,9097,1.3811173382259552
1110,8,9098,1.4239695696603685
1111,8,9099,1.4023823738098142
1112,8,9100,1.3634411266871864
1113,8,9101,1.1807958795910791
1114,8,9102,1.3462683870678855
1115,8,9103,1.4140951122556416
1116,8,9104,1.3201001116207667
1117,8,9105,1.3313332852863131
1118,8,9106,1.4338620390210834
1119,8,9107,1.4054168292454308
1120,8,9108,1.4129893297240848
1121,8,9109,1.4132407023793179
1122,8,9110,1.3927431872912819
1123,8,9111,1.3268027731350491
1124,8,9112,1.3444696153913227
1125,8,9113,1.2857535594985599
1126,8,9114,1.457272322404952
1127,8,9115,1.4667011669703895
1128,8,9116,1.3276344594501313
1129,8,9117,1.3601394097010293
1130,8,9118,1.3331726377918611
1131,8,9119,1.3946868578592932
1132,8,9120,1.4005905503318425
1133,8,9121,1.428346948964255
1134,8,9122,1.2794604159536815
1135,8,9123,1.3493942675136386
1136,8,9124,1.3302550997052873
1137,8,9125,1.3920672365597315
1138,8,9126,1.3585476137342907
1139,8,9127,1.4563312133153279
1140,8,9128,1.3470627920968192
0,9,9129,1.2896128069786799
1,9,9130,1.3543559028988792
2,9,9131,1.3728476564089456
3,9,9132,1.3961636963344757
4,9,9133,1.3754108860379175
5,9,9134,1.3487496120589122
6,9,9135,1.4167810224351427
7,9,9136,1.3934585480462935
8,9,9137,1.333978397505624
9,9,9138,1.4865770339965823
10,9,9139,1.3620526450020927
11,9,9140,1.4174576259794687
12,9,9141,1.4483721540087744
13,9,9142,1.4392667185692565
14,9,9143,1.3037287110374087
15,9,9144,1.3534961286045255
16,9,9145,1.4539270855131605
17,9,9146,1.3629913188162304
18,9,9147,1.39150071144104
19,9,9148,1.3286827575592766
20,9,9149,1.327844094662439
21,9,9150,1.3742999945368086
22,9,9151,1.2995715964408148
23,9,9152,1.2310654520988462
24,9,9153,1.3728147404534479
25,9,9154,1.3541376902943565
26,9,9155,1.363342549119677
27,9,9156,1.4514642045611428
28,9,9157,1.3628329634666445
29,9,9158,1.329768981252398
30,9,9159,1.3025309131259009
31,9,9160,1.3987946794146582
32,9,9161,1.351205524944124
33,9,9162,1.3767706950505576
34,9,9163,1.4354679669652664
35,9,9164,1.3724147790954229
36,9,9165,1.292810584817614
37,9,9166,1.4104398914745875
38,9,9167,1.3469737427575244
39,9,9168,1.35056818099249
40,9,9169,1.3567701549757094
41,9,9170,1.3764305398577736
42,9,9171,1.388500355538868
43,9,9172,1.3608772130239575
44,9,9173,1.3702795051393055
45,9,9174,1.3625691447939192
46,9,9175,1.339081721646445
47,9,9176,1.3761290425346016
48,9,9177,1.333348878792354
49,9,9178,1.4233212641307287
50,9,9179,1.358025763716017
51,9,9180,1.3646280538468132
52,9,9181,1.3573716680208843
53,9,9182,1.4069698140734719
54,9,9183,1.4006559224355788
55,9,9184,1.4114667659714109
56,9,9185,1.3233669201532998
57,9,9186,1.3117818378266835
58,9,9187,1.3642460533550809
59,9,9188,1.274234170005435
60,9,9189,1.3708241468384155
61,9,9190,1.326978930405208
62,9,9191,1.415377117338635
63,9,9192,1.381902950150626
64,9,9193,1.399455229441325
65,9,9194,1.3257363921120056
66,9,9195,1.4161981855119976
67,9,9196,1.2825717698960077
68,9,9197,1.4500179092089334
69,9,9198,1.2758952152161371
70,9,9199,1.396753515516009
71,9,9200,1.3662990104584465
72,9,9201,1.3000064009711854
73,9,9202,1.3681393606322152
74,9,9203,1.311098785627456
75,9,9204,1.3873001507350375
76,9,9205,1.4443697134653728
77,9,9206,1.3321353083565122
78,9,9207,1.3978386720021563
79,9,9208,1.3674743799936206
80,9,9209,1.4340464557920183
81,9,9210,1.3030812797092257
82,9,9211,1.386384617714655
83,9,9212,1.3771219026474726
84,9,9213,1.3925085209664845
85,9,9214,1.4472267230351767
86,9,9215,1.339115483420236
87,9,9216,1.3954708803267704
88,9,9217,1.3344911620730444
89,9,9218,1.4275895754496255
90,9,9219,1.3464577510243367
91,9,9220,1.383408762159802
92,9,9221,1.3702917780194965
93,9,9222,1.3760044574737547
94,9,9223,1.4549828171730044
95,9,9224,1.4327339842205955
96,9,9225,1.3888826029641288
97,9,9226,1.4441511574245636
98,9,9227,1.3129813841411047
99,9,9228,1.2361858969643003
100,9,9229,1.2771553652627126
101,9,9230,1.4399270386922927
102,9,9231,1.4241973076547894
103,9,9232,1.4029130935668945
104,9,9233,1.4604825973510744
105,9,9234,1.4266794692902338
106,9,9235,1.4955887028149195
107,9,9236,1.391565666312263
108,9,9237,1.3794407958076111
109,9,9238,1.2334589390527635
110,9,9239,1.3612210835729328
111,9,9240,1.3391059778985526
112,9,9241,1.328101331279391
113,9,9242,1.404790109112149
114,9,9243,1.416934203533899
115,9,9244,1.370490883077894
116,9,9245,1.5737257940428595
117,9,9246,1.3632559691156658
118,9,9247,1.361055232229687
119,9,9248,1.4079036400431677
120,9,9249,1.2248409759430658
121,9,9250,1.2966799764406114
122,9,9251,1.37609148593176
123,9,9252,1.372023593811762
124,9,9253,1.4546571402322679
125,9,9254,1.289815962314606
126,9,9255,1.346734254133134
127,9,9256,1.4224306799116588
128,9,9257,1.4193655734970456
129,9,9258,1.3665196555001393
130,9,9259,1.2931874082202004
131,9,9260,1.3515317837397256
132,9,9261,1.392827800342015
133,9,9262,1.3619126819428942
134,9,9263,1.2420426266533988
135,9,9264,1.4113462028049284
136,9,9265,1.3768183220000496
137,9,9266,1.3668471972147624
138,9,9267,1.3240973750750222
139,9,9268,1.3570838173230486
140,9,9269,1.4005229132516044
141,9,9270,1.244644815013522
142,9,9271,1.4337046799205595
143,9,9272,1.3772157459031966
144,9,9273,1.4387976158232918
145,9,9274,1.3934003852662584
146,9,9275,1.4725797289893743
147,9,9276,1.3506414322626024
148,9,9277,1.2704179258573622
149,9,9278,1.3334954977035522
150,9,9279,1.4350961957659043
151,9,9280,1.2944503369785492
152,9,9281,1.3711020776203697
153,9,9282,1.3604713990574788
154,9,9283,1.4457536254610337
155,9,9284,1.2817588675589786
156,9,9285,1.3189945391246252
157,9,9286,1.2561349670092263
158,9,9287,1.309684287934076
159,9,9288,1.3283753565379552
160,9,9289,1.3415394680840629
161,9,9290,1.4349381526311236
162,9,9291,1.5119977224440806
163,9,9292,1.317121664683024
164,9,9293,1.4427105330285572
165,9,9294,1.4040090157872156
166,9,9295,1.3459125899133229
167,9,9296,1.3515396458762035
168,9,9297,1.3701702129273192
169,9,9298,1.4050466673714777
170,9,9299,1.3585190091814312
171,9,9300,1.3710058047657923
172,9,9301,1.4909701744715373
173,9,9302,1.3492292364438376
174,9,9303,1.349068445818765
175,9,9304,1.3937133437111264
176,9,9305,1.305363138516744
177,9,9306,1.3511398888769603
178,9,9307,1.3996519843737287
179,9,9308,1.400355100631714
180,9,9309,1.3187112155414766
181,9,9310,1.3483415558224632
182,9,9311,1.3638004688989547
183,9,9312,1.3471342041378929
184,9,9313,1.3877983263560703
185,9,9314,1.3967165350914001
186,9,9315,1.326088996160598
187,9,9316,1.3284926726704553
188,9,9317,1.4807522751036144
189,9,9318,1.3249838891483487
190,9,9319,1.3477192322413127
191,9,9320,1.3478486254101707
192,9,9321,1.2299057330404009
193,9,9322,1.4190103525207156
194,9,9323,1.3571715837433225
195,9,9324,1.3836531241734822
196,9,9325,1.363197729701088
197,9,9326,1.3521182934443154
198,9,9327,1.251295433157966
199,9,9328,1.3818681892894564
200,9,9329,1.3927003429049538
201,9,9330,1.4447455179123652
202,9,9331,1.3466361761093142
203,9,9332,1.4029594716571627
204,9,9333,1.332391943250384
205,9,9334,1.2772426378159296
206,9,9335,1.308694879213969
207,9,9336,1.4348564545313518
208,9,9337,1.3707270338421775
209,9,9338,1.3958720763524373
210,9,9339,1.383523725327991
211,9,9340,1.3574784568377902
212,9,9341,1.3883532115391322
213,9,9342,1.3795379542169117
214,9,9343,1.4192559548786707
215,9,9344,1.367706503186907
216,9,9345,1.3272883068947565
217,9,9346,1.3519577554294038
218,9,9347,1.3519701844169982
219,9,9348,1.3016361423901148
220,9,9349,1.452822583062308
221,9,9350,1.3849628198714483
222,9,9351,1.3604835725965956
223,9,9352,1.2758608857790632
224,9,9353,1.3405876613798595
225,9,9354,1.4034716770762485
226,9,9355,1.4509389372099009
227,9,9356,1.2671424008551098
228,9,9357,1.2496552041598734
229,9,9358,1.4116725581032892
230,9,9359,1.3237841924031577
231,9,9360,1.3421875039736426
232,9,9361,1.357398203441075
233,9,9362,1.3723442724772865
234,9,9363,1.2697217436063855
235,9,9364,1.428567247731345
236,9,9365,1.363579761414301
237,9,9366,1.412164100578853
238,9,9367,1.3955366270882743
239,9,9368,1.370702842871348
240,9,9369,1.3865259914171126
241,9,9370,1.302146485873631
242,9,9371,1.318668754327865
243,9,9372,1.3795813350450425
244,9,9373,1.385037342707316
245,9,9374,1.3050442934036255
246,9,9375,1.4019482419604348
247,9,9376,1.4235872768220448
248,9,9377,1.373876520565578
249,9,9378,1.3789668253489902
250,9,9379,1.4256715632620311
251,9,9380,1.2114648733820235
252,9,9381,1.380130313691639
253,9,9382,1.343442706834702
254,9,9383,1.3050023913383484
255,9,9384,1.376226533026922
256,9,9385,1.2882468643642608
257,9,9386,1.4257785252162387
258,9,9387,1.2642483824775332
259,9,9388,1.4269784916014898
260,9,9389,1.4017427535284135
261,9,9390,1.4408934598877317
262,9,9391,1.452237912586757
263,9,9392,1.4019433543795627
264,9,9393,1.299110492070516
265,9,9394,1.3258943614505585
266,9,9395,1.413006422065553
267,9,9396,1.4179017231577917
268,9,9397,1.3816165725390117
269,9,9398,1.3374182695434205
270,9,9399,1.4162653514317103
271,9,9400,1.351780760855902
272,9,9401,1.3616821879432317
273,9,9402,1.343471095675514
274,9,9403,1.3641756262098035
275,9,9404,1.3491921935762676
276,9,9405,1.4286273831412908
277,9,9406,1.2663062441916695
278,9,9407,1.2643984584581287
279,9,9408,1.4434167089916405
280,9,9409,1.4302365183830261
281,9,9410,1.3498372066588629
282,9,9411,1.3040888195946105
283,9,9412,1.37961479028066
284,9,9413,1.3245240790503365
285,9,9414,1.4103148153850007
286,9,9415,1.3059008462088448
287,9,9416,1.3734996886480422
288,9,9417,1.3720035042081562
289,9,9418,1.399048475992112
290,9,9419,1.4213992868150984
291,9,9420,1.3860871763456433
292,9,9421,1.2770536031041826
293,9,9422,1.413374846889859
294,9,9423,1.3721920535677954
295,9,9424,1.4393857831046697
296,9,9425,1.376600668543861
297,9,9426,1.2919818645431882
298,9,9427,1.41449982495535
299,9,9428,1.3616874728884016
300,9,9429,1.3500005687986103
301,9,9430,1.3783172085171655
302,9,9431,1.4019953608512878
303,9,9432,1.3443042281128113
304,9,9433,1.3579193978082567
305,9,9434,1.331914827937172
306,9,9435,1.3997561846460618
307,9,9436,1.3928949492318288
308,9,9437,1.3706332615443635
309,9,9438,1.3097265078907923
310,9,9439,1.3993280047462098
311,9,9440,1.398027113505772
312,9,9441,1.3754644620986212
313,9,9442,1.3589275479316711
314,9,9443,1.3345224459966027
315,9,9444,1.3853722583679924
316,9,9445,1.4112821306501118
317,9,9446,1.3352080129441763
318,9,9447,1.2995655820483258
319,9,9448,1.3952742389270238
320,9,9449,1.3437359418187824
321,9,9450,1.4675152869451613
322,9,9451,1.3362474611827304
323,9,9452,1.2916204475221178
324,9,9453,1.3309190585499717
325,9,9454,1.3224652182488215
326,9,9455,1.2649436479523066
327,9,9456,1.4348237514495852
328,9,9457,1.3986057894570485
329,9,9458,1.4559681074959892
330,9,9459,1.339881970768883
331,9,9460,1.361927214122954
332,9,9461,1.3726006547609966
333,9,9462,1.425729186761947
334,9,9463,1.3325273564883642
335,9,9464,1.2748219399225147
336,9,9465,1.431107441584269
337,9,9466,1.2625783312888372
338,9,9467,1.2922500343549819
339,9,9468,1.3860144757089163
340,9,9469,1.293694053377424
341,9,9470,1.3489353429703483
342,9,9471,1.3639096419016519
343,9,9472,1.4180527556510194
344,9,9473,1.3848679406302318
345,9,9474,1.4096536409287228
346,9,9475,1.408305179505121
347,9,9476,1.418858176185971
348,9,9477,1.3264379302660625
349,9,9478,1.2659543894586112
350,9,9479,1.4000920057296753
351,9,9480,1.3633726352737063
352,9,9481,1.3555874938056582
353,9,9482,1.3577284415562945
354,9,9483,1.315036103838966
355,9,9484,1.3762879740624205
356,9,9485,1.3102577186766124
357,9,9486,1.3708479546365284
358,9,9487,1.4844502153850736
359,9,9488,1.2643626928329472
360,9,9489,1.3215946356455486
361,9,9490,1.3445541631607785
362,9,9491,1.394484343982878
363,9,9492,1.365202384335654
364,9,9493,1.4315158412570046
365,9,9494,1.3952303926150007
366,9,9495,1.2944172932988123
367,9,9496,1.2664947992279416
368,9,9497,1.3614043252808703
369,9,9498,1.3797081708908083
370,9,9499,1.2707945449011666
371,9,9500,1.373284603868212
372,9,9501,1.3340961706070673
373,9,9502,1.334128967353276
374,9,9503,1.3300345568429859
375,9,9504,1.2832067608833315
376,9,9505,1.4445081722168696
377,9,9506,1.28117703965732
378,9,9507,1.3638888285273598
379,9,9508,1.4272091956365676
380,9,9509,1.352338481517065
381,9,9510,1.3386278890428087
382,9,9511,1.3564966406141006
383,9,9512,1.4332933511052812
384,9,9513,1.4568009149460561
385,9,9514,1.3818418724196297
386,9,9515,1.32011471192042
387,9,9516,1.4668411924725486
388,9,9517,1.3374291771934146
389,9,9518,1.3143476872217088
390,9,9519,1.3117877386865162
391,9,9520,1.3922961411022003
392,9,9521,1.3578064725512549
393,9,9522,1.3784380867367703
394,9,9523,1.4496555896032426
395,9,9524,1.3977169252577282
396,9,9525,1.3314954865546453
397,9,9526,1.4284184575080874
398,9,9527,1.3670390134765988
399,9,9528,1.285058120886485
400,9,9529,1.3603853498186385
401,9,9530,1.3364493619827997
402,9,9531,1.3528613646825158
403,9,9532,1.3520628157116117
404,9,9533,1.388748566309611
405,9,9534,1.2560913151218778
406,9,9535,1.5260777104468575
407,9,9536,1.4367815029053461
408,9,9537,1.3647039305596125
409,9,9538,1.3114739940280005
410,9,9539,1.275469694818769
411,9,9540,1.303476044109889
412,9,9541,1.3676797974677315
413,9,9542,1.376636743545532
414,9,9543,1.347621012301672
415,9,9544,1.3657977183659873
416,9,9545,1.4478903611501055
417,9,9546,1.259891592320942
418,9,9547,1.4290163176400323
419,9,9548,1.4082732087089904
420,9,9549,1.2920953659784227
421,9,9550,1.323870585078285
422,9,9551,1.328873438494546
423,9,9552,1.444603170667376
424,9,9553,1.420884370803833
425,9,9554,1.3722854994592213
426,9,9555,1.4024218207313899
427,9,9556,1.3397322183563596
428,9,9557,1.310334909529913
429,9,9558,1.4670700288954233
430,9,9559,1.3962076277959918
431,9,9560,1.3473786285945348
432,9,9561,1.4824485324677967
433,9,9562,1.3272881053742909
434,9,9563,1.2816477105731057
435,9,9564,1.3679957957494826
436,9,9565,1.3978380958239238
437,9,9566,1.3204027925218855
438,9,9567,1.414646265052614
439,9,9568,1.436969396613893
440,9,9569,1.331162185896011
441,9,9570,1.318067763532911
442,9,9571,1.4798771483557562
443,9,9572,1.345647462776729
444,9,9573,1.42346119313013
445,9,9574,1.377244429928916
446,9,9575,1.288919068518139
447,9,9576,1.485503594080607
448,9,9577,1.2866510323115758
449,9,9578,1.271174391110738
450,9,9579,1.3811024001666479
451,9,9580,1.3219857897077285
452,9,9581,1.3458207278024585
453,9,9582,1.3767128047488983
454,9,9583,1.314402855577923
455,9,9584,1.340667582693554
456,9,9585,1.3752226602463493
457,9,9586,1.3692858048847745
458,9,9587,1.3864741041546775
459,9,9588,1.4199733024551755
460,9,9589,1.3859264339719497
461,9,9590,1.3594512400173007
462,9,9591,1.3654021989731562
463,9,9592,1.3517781609580628
464,9,9593,1.303955140567961
465,9,9594,1.4674836255255201
466,9,9595,1.4996873793147858
467,9,9596,1.41701313711348
468,9,9597,1.3217130842662994
469,9,9598,1.3593133375758217
470,9,9599,1.3797101350057692
471,9,9600,1.2606538959911888
472,9,9601,1.4135170437040785
473,9,9602,1.3127714395523074
474,9,9603,1.3045299989836558
475,9,9604,1.3040598205157687
476,9,9605,1.3523372014363606
477,9,9606,1.4302960946446375
478,9,9607,1.377809294632503
479,9,9608,1.3387173811594646
480,9,9609,1.269701395715986
481,9,9610,1.418621511686416
482,9,9611,1.3271987097603934
483,9,9612,1.353104790051778
484,9,9613,1.3737594797497705
485,9,9614,1.3918903470039365
486,9,9615,1.4231328850700742
487,9,9616,1.2866623855772477
488,9,9617,1.4508953718912034
489,9,9618,1.2705811545962378
490,9,9619,1.406952846617926
491,9,9620,1.4141578929764884
492,9,9621,1.3044496207010174
493,9,9622,1.3153076966603598
494,9,9623,1.4249663835480098
495,9,9624,1.326113808722723
496,9,9625,1.3507950192406064
497,9,9626,1.4106157847813197
498,9,9627,1.3365756500334967
499,9,9628,1.3572227160135903
500,9,9629,1.4551224708557131
501,9,9630,1.388650749410902
502,9,9631,1.2757231025468734
503,9,9632,1.3905238140197025
504,9,9633,1.4356422140484764
505,9,9634,1.4601827065149942
506,9,9635,1.5012686309360324
507,9,9636,1.3005153962544032
508,9,9637,1.419974903265635
509,9,9638,1.3997909852436607
510,9,9639,1.3012923796971638
511,9,9640,1.2581724297432675
512,9,9641,1.3214932793662664
513,9,9642,1.3944829390162514
514,9,9643,1.241102031299046
515,9,9644,1.2927941566421872
516,9,9645,1.345247311251504
517,9,9646,1.3738802188918702
518,9,9647,1.3841121139980497
519,9,9648,1.359437755175999
520,9,9649,1.367764223189581
521,9,9650,1.379766032809303
522,9,9651,1.4121505760011215
523,9,9652,1.3702485561370852
524,9,9653,1.369185189406077
525,9,9654,1.29583865404129
526,9,9655,1.4173313776652021
527,9,9656,1.3063290857133412
528,9,9657,1.4397428575016205
529,9,9658,1.3046760984829493
530,9,9659,1.3489270153499784
531,9,9660,1.3403437932332356
532,9,9661,1.3634539502007619
533,9,9662,1.3327728850500926
534,9,9663,1.3433634071123033
535,9,9664,1.4408819959277197
536,9,9665,1.3042536463056291
537,9,9666,1.4161621587617057
538,9,9667,1.365859397820064
539,9,9668,1.3371312504722959
540,9,9669,1.381001188641503
541,9,9670,1.4363114606766472
542,9,9671,1.3851786681583949
543,9,9672,1.3090004126230879
544,9,9673,1.3442975594883875
545,9,9674,1.416097430955796
546,9,9675,1.3449807223819552
547,9,9676,1.3885780232293263
548,9,9677,1.3593693914867582
549,9,9678,1.3106609185536704
550,9,9679,1.3089126632327126
551,9,9680,1.3822045837129866
552,9,9681,1.3224569587480455
553,9,9682,1.3634793304261708
554,9,9683,1.3424152135849
555,9,9684,1.440567101751055
556,9,9685,1.4759804294222878
557,9,9686,1.3321158375058857
558,9,9687,1.3433039500599817
559,9,9688,1.3944584017708188
560,9,9689,1.4325538362775527
561,9,9690,1.3912936562583558
562,9,9691,1.3209995769319083
563,9,9692,1.281646294253213
564,9,9693,1.3557662169138591
565,9,9694,1.3978161868594943
566,9,9695,1.3583247888655885
567,9,9696,1.311597560133253
568,9,9697,1.3698203819138666
569,9,9698,1.3942636592047555
570,9,9699,1.370039042972383
571,9,9700,1.3948607785361151
572,9,9701,1.363027992702666
573,9,9702,1.369092555273147
574,9,9703,1.3979671001434326
575,9,9704,1.3176636724244983
576,9,9705,1.471800554366339
577,9,9706,1.3835692973363967
578,9,9707,1.3238438907123746
579,9,9708,1.3887243952069965
580,9,9709,1.4236123391560145
581,9,9710,1.425675480138688
582,9,9711,1.4130960873195104
583,9,9712,1.4138858375095187
584,9,9713,1.3639572858810423
585,9,9714,1.3509246167682463
586,9,9715,1.320553632009597
587,9,9716,1.4281491438547769
588,9,9717,1.3892998723756698
589,9,9718,1.3693502630506242
590,9,9719,1.3140151983215695
591,9,9720,1.3627077511378698
592,9,9721,1.306703039578029
593,9,9722,1.3427766078994388
594,9,9723,1.368433166117895
595,9,9724,1.335940148149218
596,9,9725,1.3352725023315068
597,9,9726,1.3508868586449398
598,9,9727,1.3584049457595462
599,9,9728,1.4074557622273765
600,9,9729,1.4712773561477661
601,9,9730,1.3503882941745575
602,9,9731,1.3167612467493328
603,9,9732,1.3791463233175731
604,9,9733,1.2625458495957511
605,9,9734,1.2888167585645405
606,9,9735,1.3429879233950661
607,9,9736,1.3363722222191947
608,9,9737,1.3150413462093897
609,9,9738,1.3937779437927973
610,9,9739,1.377618704523359
611,9,9740,1.4129456423577804
612,9,9741,1.3239055134001234
613,9,9742,1.3866863960311524
614,9,9743,1.363655896413894
615,9,9744,1.4730540513992312
616,9,9745,1.2822765282222206
617,9,9746,1.399107762745449
618,9,9747,1.3497050035567513
619,9,9748,1.3685089633578345
620,9,9749,1.2892952334313166
621,9,9750,1.390088819322132
622,9,9751,1.3564554225830805
623,9,9752,1.3770139132227222
624,9,9753,1.4077957669893904
625,9,9754,1.31391266697929
626,9,9755,1.358177616482689
627,9,9756,1.3645024526686897
628,9,9757,1.367649890127636
629,9,9758,1.4055507523672919
630,9,9759,1.3673718600046068
631,9,9760,1.4647934323265444
632,9,9761,1.3430674586977274
633,9,9762,1.356331992717016
634,9,9763,1.368653416633606
635,9,9764,1.3921172193118507
636,9,9765,1.346120786099207
637,9,9766,1.3332827318282356
638,9,9767,1.4004318487076532
639,9,9768,1.4091085819970992
640,9,9769,1.2955660252344041
641,9,9770,1.3426753992126101
642,9,9771,1.3479884891282947
643,9,9772,1.3123394421168735
644,9,9773,1.3183726583208357
645,9,9774,1.3111906817981174
646,9,9775,1.3303195408412387
647,9,9776,1.4682502008619767
648,9,9777,1.3966483700843084
649,9,9778,1.4144795224780127
650,9,9779,1.4802097876866662
651,9,9780,1.3148962770189558
652,9,9781,1.371352757726397
653,9,9782,1.378162423769633
654,9,9783,1.3408542729559396
655,9,9784,1.3648363323438735
656,9,9785,1.437627326874506
657,9,9786,1.3405058951604933
658,9,9787,1.3936095805395217
659,9,9788,1.396456235931033
660,9,9789,1.3259990499133156
661,9,9790,1.3512887841179257
662,9,9791,1.3249849393254234
663,9,9792,1.3696360786755877
664,9,9793,1.434221534501939
665,9,9794,1.3309491787637981
666,9,9795,1.4372444039299375
667,9,9796,1.3718110351335433
668,9,9797,1.4226134845188687
669,9,9798,1.359017979531061
670,9,9799,1.4078108696710494
671,9,9800,1.358884215354919
672,9,9801,1.3635249733924866
673,9,9802,1.3565614705994018
674,9,9803,1.3471075551850455
675,9,9804,1.2949023019699824
676,9,9805,1.3361803378377641
677,9,9806,1.4618489288148429
678,9,9807,1.3416182058198112
679,9,9808,1.3954288959503176
680,9,9809,1.3602122522535778
681,9,9810,1.4373303055763245
682,9,9811,1.3520263476031171
683,9,9812,1.3855469283603485
684,9,9813,1.4099205022766477
685,9,9814,1.3704949560619537
686,9,9815,1.318070343562535
687,9,9816,1.3993508560316905
688,9,9817,1.4229144652684529
689,9,9818,1.451744207314082
690,9,9819,1.3036287483714875
691,9,9820,1.3397552711623057
692,9,9821,1.2809902259281705
693,9,9822,1.3698773100262593
694,9,9823,1.3971143336523144
695,9,9824,1.4692894475800649
696,9,9825,1.3954062802451
697,9,9826,1.4615395125888642
698,9,9827,1.3297451507477533
699,9,9828,1.424974248522804
700,9,9829,1.4124044066383725
701,9,9830,1.3638795642625718
702,9,9831,1.3363322416941326
703,9,9832,1.2733452689080007
704,9,9833,1.3910277627763294
705,9,9834,1.328720802352542
706,9,9835,1.4062812158039635
707,9,9836,1.3760824345407032
708,9,9837,1.3996759936923078
709,9,9838,1.37367011819567
710,9,9839,1.3243479416483923
711,9,9840,1.3756637289410547
712,9,9841,1.4665941340582713
713,9,9842,1.4144704966318038
714,9,9843,1.3018720405442377
715,9,9844,1.3751725327400934
716,9,9845,1.3424372644651503
717,9,9846,1.37422742162432
718,9,9847,1.4124731733685447
719,9,9848,1.324118293467022
720,9,9849,1.2955307023865834
721,9,9850,1.3574508144741966
722,9,9851,1.3206422328948975
723,9,9852,1.4159475082442874
724,9,9853,1.4085526920500253
725,9,9854,1.3649705421356928
726,9,9855,1.398236745879764
727,9,9856,1.314973331633068
728,9,9857,1.3391717757497512
729,9,9858,1.317304960318974
730,9,9859,1.3794310149692355
731,9,9860,1.3562338891483485
732,9,9861,1.3786123991012573
733,9,9862,1.3267396660078137
734,9,9863,1.4013372773215886
735,9,9864,1.3941613662810552
736,9,9865,1.3145351438295272
737,9,9866,1.27407629716964
738,9,9867,1.3636831839879355
739,9,9868,1.3338101818448016
740,9,9869,1.3480927348136904
741,9,9870,1.4649852996780757
742,9,9871,1.3780333513305298
743,9,9872,1.4627068809100559
744,9,9873,1.3927027866953894
745,9,9874,1.3162098754019964
746,9,9875,1.2700314436640059
747,9,9876,1.2558085123697917
748,9,9877,1.3263659590766543
749,9,9878,1.375451542082287
750,9,9879,1.34317299865541
751,9,9880,1.436985010192508
752,9,9881,1.3703589325859438
753,9,9882,1.332955513681684
754,9,9883,1.2770731449127197
755,9,9884,1.4092775810332523
756,9,9885,1.4074690767696925
757,9,9886,1.404521862665812
758,9,9887,1.3510945041974385
759,9,9888,1.3160331561451868
760,9,9889,1.326448897520701
761,9,9890,1.1882719028563724
762,9,9891,1.4471816221872966
763,9,9892,1.4136396362667991
764,9,9893,1.3556387396085832
765,9,9894,1.3741719268617174
766,9,9895,1.4511763368334087
767,9,9896,1.4462823754265195
768,9,9897,1.361779689788818
769,9,9898,1.354652084055401
770,9,9899,1.5627033426648094
771,9,9900,1.3537736393156503
772,9,9901,1.373394040834336
773,9,9902,1.3183784257797966
774,9,9903,1.3175771605400812
775,9,9904,1.3407317740576608
776,9,9905,1.3969792354674568
777,9,9906,1.3150159461157662
778,9,9907,1.263966412771316
779,9,9908,1.3093596299489338
780,9,9909,1.3233056522551039
781,9,9910,1.4626437993276684
782,9,9911,1.3655229012171428
783,9,9912,1.3841567096256073
784,9,9913,1.3486495812733967
785,9,9914,1.4248107160840717
786,9,9915,1.2936539962178184
787,9,9916,1.4549580982753207
788,9,9917,1.3835772020476205
789,9,9918,1.3512559618268691
790,9,9919,1.3774398309843883
791,9,9920,1.3201407336053397
792,9,9921,1.3512571652730305
793,9,9922,1.311477493672144
794,9,9923,1.3381823868978595
795,9,9924,1.4335606098175047
796,9,9925,1.3989445311682565
797,9,9926,1.3906440422648476
798,9,9927,1.3719485260191417
799,9,9928,1.3513626910391308
800,9,9929,1.2702101667722066
801,9,9930,1.4116669722965784
802,9,9931,1.3923524305933999
803,9,9932,1.3812836351848785
804,9,9933,1.409800711132231
805,9,9934,1.388330524876004
806,9,9935,1.3437410138902208
807,9,9936,1.2927031999542598
808,9,9937,1.3153191975184848
809,9,9938,1.4055301745732625
810,9,9939,1.3812946592058455
811,9,9940,1.3395843477476215
812,9,9941,1.2570786447752094
813,9,9942,1.3307996732848029
814,9,9943,1.2541221153168454
815,9,9944,1.341185680457524
816,9,9945,1.3748802230471657
817,9,9946,1.4219390210651213
818,9,9947,1.3759381231807528
819,9,9948,1.269164846056984
820,9,9949,1.3263389468193052
821,9,9950,1.3673404001054312
822,9,9951,1.3512715924353829
823,9,9952,1.3859694373039972
824,9,9953,1.3377446674165272
825,9,9954,1.378244400024414
826,9,9955,1.3829951144400094
827,9,9956,1.3675539834158763
828,9,9957,1.3221959131104604
829,9,9958,1.357153654098511
830,9,9959,1.3333495713415602
831,9,9960,1.4174074530601501
832,9,9961,1.2867691573642548
833,9,9962,1.3603365023930867
834,9,9963,1.4020913243293762
835,9,9964,1.252392638297308
836,9,9965,1.3400489773069109
837,9,9966,1.281018538134439
838,9,9967,1.3670700533049447
839,9,9968,1.3057814836502075
840,9,9969,1.3621567544483004
841,9,9970,1.3451985205922807
842,9,9971,1.3483501161847797
843,9,9972,1.4186610607873824
844,9,9973,1.3035860714458285
845,9,9974,1.3660413736388795
846,9,9975,1.3369848756563096
847,9,9976,1.4100331124805268
848,9,9977,1.434443564642043
849,9,9978,1.3453210280055092
850,9,9979,1.377339544750395
851,9,9980,1.317611183438982
852,9,9981,1.2708993185134159
853,9,9982,1.3806596256437753
854,9,9983,1.2959170795622326
855,9,9984,1.3276500304540002
856,9,9985,1.2863456039201648
857,9,9986,1.4013440353529796
858,9,9987,1.2936146316074189
859,9,9988,1.2830846139362877
860,9,9989,1.3753879212197804
861,9,9990,1.3428000722612652
862,9,9991,1.3636358493850345
863,9,9992,1.3130491177241006
864,9,9993,1.3695675333340962
865,9,9994,1.3386703190349396
866,9,9995,1.4445908410208568
867,9,9996,1.4019018979299636
868,9,9997,1.3481688215619043
869,9,9998,1.3682604460489183
870,9,9999,1.3741639057795207
871,9,10000,1.2734315026374092
872,9,10001,1.3171747752598353
873,9,10002,1.311910419237046
874,9,10003,1.3854470593588692
875,9,10004,1.312716787769681
876,9,10005,1.3935206702777319
877,9,10006,1.422809339704968
878,9,10007,1.3775950159345351
879,9,10008,1.371427524657476
880,9,10009,1.3650323635055905
881,9,10010,1.423353178160531
882,9,10011,1.3279062112172444
883,9,10012,1.325060833068121
884,9,10013,1.30252244358971
885,9,10014,1.2816587686538696
886,9,10015,1.3395663641747975
887,9,10016,1.226171919277736
888,9,10017,1.3533699626014348
889,9,10018,1.2824009713672457
890,9,10019,1.3576359748840332
891,9,10020,1.3575100189163571
892,9,10021,1.3658471192632404
893,9,10022,1.3730499943097432
894,9,10023,1.3757128374917165
895,9,10024,1.3929430814016432
896,9,10025,1.3544028202692668
897,9,10026,1.297402430148352
898,9,10027,1.3628567343666438
899,9,10028,1.3255083106812977
900,9,10029,1.3685543083009264
901,9,10030,1.396438729195368
902,9,10031,1.3827055692672727
903,9,10032,1.3268120005017234
904,9,10033,1.4955810194923767
905,9,10034,1.3813655972480772
906,9,10035,1.2985760285740806
907,9,10036,1.3593244808060785
908,9,10037,1.3817220273472013
909,9,10038,1.4099412475313458
910,9,10039,1.3939137742632917
911,9,10040,1.382491253671192
912,9,10041,1.3731746134303864
913,9,10042,1.3110864048912412
914,9,10043,1.3598778900646031
915,9,10044,1.3542540413992745
916,9,10045,1.3753716888881866
917,9,10046,1.370205166794005
918,9,10047,1.2613741670336043
919,9,10048,1.4259886202358065
920,9,10049,1.3408452669779458
921,9,10050,1.327219849541074
922,9,10051,1.3919454671087719
923,9,10052,1.38290821654456
924,9,10053,1.352948404493786
925,9,10054,1.3547063725335255
926,9,10055,1.3968232756569274
927,9,10056,1.378875380470639
928,9,10057,1.4130992037909373
929,9,10058,1.2734871279625664
930,9,10059,1.244579079605284
931,9,10060,1.334558367729187
932,9,10061,1.355853461083912
933,9,10062,1.4604022673198154
934,9,10063,1.3962329711232866
935,9,10064,1.3800592308952695
936,9,10065,1.3830630608967371
937,9,10066,1.332788836388361
938,9,10067,1.32196132058189
939,9,10068,1.4032220613388788
940,9,10069,1.3382525018283302
941,9,10070,1.4005451401074724
942,9,10071,1.462688903013865
943,9,10072,1.2317172345660983
944,9,10073,1.3322118889717827
945,9,10074,1.375829943588802
946,9,10075,1.3960822962579276
947,9,10076,1.3879508631569997
948,9,10077,1.291197861943926
949,9,10078,1.4161788054874962
950,9,10079,1.368754503272829
951,9,10080,1.3774144422440302
952,9,10081,1.4274678968247911
953,9,10082,1.3941412482942854
954,9,10083,1.3364585779962088
955,9,10084,1.3690759539604185
956,9,10085,1.2941243251164756
957,9,10086,1.2518348410016016
958,9,10087,1.2772490211895533
959,9,10088,1.3673638048626129
960,9,10089,1.380074449947902
961,9,10090,1.4318414216949826
962,9,10091,1.2565853198369343
963,9,10092,1.3088033227693463
964,9,10093,1.3668663501739504
965,9,10094,1.3773383725257147
966,9,10095,1.3978011466207958
967,9,10096,1.48138104450135
968,9,10097,1.4445712906973702
969,9,10098,1.4655711452166238
970,9,10099,1.3460115421385994
971,9,10100,1.3065331549871537
972,9,10101,1.3231348338581266
973,9,10102,1.3302923128718425
974,9,10103,1.312033184937068
975,9,10104,1.2956625024477642
976,9,10105,1.3948558909552435
977,9,10106,1.3467731191998438
978,9,10107,1.333394169807434
979,9,10108,1.4618942737579346
980,9,10109,1.2957748628797987
981,9,10110,1.1858570717629933
982,9,10111,1.3613801002502444
983,9,10112,1.41205951997212
984,9,10113,1.3294707196099416
985,9,10114,1.3270075690178649
986,9,10115,1.3816237705094474
987,9,10116,1.3913780138606116
988,9,10117,1.3002063348179775
989,9,10118,1.3644241577103025
990,9,10119,1.342340423947289
991,9,10120,1.3327507263138179
992,9,10121,1.2673151862053642
993,9,10122,1.4097588346118017
994,9,10123,1.3379160591534207
995,9,10124,1.4132562677065532
996,9,10125,1.392961573033106
997,9,10126,1.3211968087014694
998,9,10127,1.3769958700452534
999,9,10128,1.3398601497922626
1000,9,10129,1.3179921848433358
1001,9,10130,1.4434610832305184
1002,9,10131,1.3612035967054819
1003,9,10132,1.421546200911204
1004,9,10133,1.327909966309865
1005,9,10134,1.4367297376905168
1006,9,10135,1.3554439601444064
1007,9,10136,1.4129118011111303
1008,9,10137,1.3463646173477175
1009,9,10138,1.3657162416548954
1010,9,10139,1.2951824551536921
1011,9,10140,1.3806160461334953
1012,9,10141,1.3554441247667588
1013,9,10142,1.3348095473789037
1014,9,10143,1.4103615965162004
1015,9,10144,1.3961913869494484
1016,9,10145,1.3737064543224513
1017,9,10146,1.40338012718019
1018,9,10147,1.436567377476465
1019,9,10148,1.3173597682090032
1020,9,10149,1.3601807043665932
1021,9,10150,1.3134085394087291
1022,9,10151,1.3167520222209748
1023,9,10152,1.4021126145408267
1024,9,10153,1.292140503724416
1025,9,10154,1.4337819729532515
1026,9,10155,1.314093252023061
1027,9,10156,1.3449328428223017
1028,9,10157,1.4167789561407906
1029,9,10158,1.4324646847588676
1030,9,10159,1.424557952653794
1031,9,10160,1.3122955532301044
1032,9,10161,1.3200260826519554
1033,9,10162,1.3569577251161846
1034,9,10163,1.336754804565793
1035,9,10164,1.3804740962528046
1036,9,10165,1.4098732528232394
1037,9,10166,1.318581793989454
1038,9,10167,1.3167791905857271
1039,9,10168,1.347425321737925
1040,9,10169,1.3721159810111638
1041,9,10170,1.2845316330591838
1042,9,10171,1.3599882920583088
1043,9,10172,1.4088329729579743
1044,9,10173,1.3943374951680505
1045,9,10174,1.3752665406181699
1046,9,10175,1.3383991306736356
1047,9,10176,1.371824968428839
1048,9,10177,1.4048958392370314
1049,9,10178,1.385144000961667
1050,9,10179,1.3966678977012634
1051,9,10180,1.3346561193466189
1052,9,10181,1.343299218586513
1053,9,10182,1.3252396498407637
1054,9,10183,1.4309255282084148
1055,9,10184,1.4327939351399739
1056,9,10185,1.36685943319684
1057,9,10186,1.379514836129688
1058,9,10187,1.4158834871791657
1059,9,10188,1.3645334924970354
1060,9,10189,1.3766649478957769
1061,9,10190,1.3718115119707017
1062,9,10191,1.4226982565153212
1063,9,10192,1.3402882644108363
1064,9,10193,1.3435323664120264
1065,9,10194,1.3241390387217202
1066,9,10195,1.4120206549054102
1067,9,10196,1.2963124215602877
1068,9,10197,1.363604380970909
1069,9,10198,1.360197024685996
1070,9,10199,1.4835307654880343
1071,9,10200,1.3857629270780656
1072,9,10201,1.436579318273635
1073,9,10202,1.374946560178484
1074,9,10203,1.3442555665969846
1075,9,10204,1.3782636097499301
1076,9,10205,1.3833616688137962
1077,9,10206,1.3733808227947784
1078,9,10207,1.3228678504625955
1079,9,10208,1.3394825628825595
1080,9,10209,1.2758808192752655
1081,9,10210,1.4189486702283225
1082,9,10211,1.3014515581585109
1083,9,10212,1.3539510340917678
1084,9,10213,1.3333605442728316
1085,9,10214,1.3015317349206832
1086,9,10215,1.3420743346214294
1087,9,10216,1.3738533939634048
1088,9,10217,1.3181220747175668
1089,9,10218,1.4030259734108337
1090,9,10219,1.343983695620582
1091,9,10220,1.3940632967721849
1092,9,10221,1.400839899267469
1093,9,10222,1.3795105218887325
1094,9,10223,1.3856135209401448
1095,9,10224,1.5014584688913257
1096,9,10225,1.2825084726015725
1097,9,10226,1.346015924499148
1098,9,10227,1.3428817164330253
1099,9,10228,1.354868360928127
1100,9,10229,1.385257187343779
1101,9,10230,1.35749994573139
1102,9,10231,1.267922228290921
1103,9,10232,1.3417316334588183
1104,9,10233,1.3484282749039787
1105,9,10234,1.3189710690861658
1106,9,10235,1.383339910280137
1107,9,10236,1.4010603995550244
1108,9,10237,1.222734266803378
1109,9,10238,1.3805495699246724
1110,9,10239,1.3476466564905074
1111,9,10240,1.2670689225196838
1112,9,10241,1.3438192095075334
1113,9,10242,1.2564830098833357
1114,9,10243,1.4110091186705092
1115,9,10244,1.3732807834943137
1116,9,10245,1.4174212557928902
1117,9,10246,1.2696051966576352
1118,9,10247,1.294611618632362
1119,9,10248,1.299466683751061
1120,9,10249,1.4097232875369845
1121,9,10250,1.3321450863565718
1122,9,10251,1.3789651620955694
1123,9,10252,1.4665985164188204
1124,9,10253,1.365443346046266
1125,9,10254,1.3781863082022894
1126,9,10255,1.3359253179459343
1127,9,10256,1.3223342895507815
1128,9,10257,1.3604624952588764
1129,9,10258,1.3297990333466305
1130,9,10259,1.3656169942447116
1131,9,10260,1.379750206356957
1132,9,10261,1.351405789454778
1133,9,10262,1.347279233591897
1134,9,10263,1.4039410068875264
1135,9,10264,1.4253299236297607
1136,9,10265,1.384291444505964
1137,9,10266,1.3617029928025746
1138,9,10267,1.3489141379083907
1139,9,10268,1.3347606034505939
1140,9,10269,1.3260692812147592
0,10,10270,1.336723409947895
1,10,10271,1.2764813928377063
2,10,10272,1.3201967421032132
3,10,10273,1.3622190952301025
4,10,10274,1.3380284025555562
5,10,10275,1.3089267753419422
6,10,10276,1.413383376030695
7,10,10277,1.4063151904514861
8,10,10278,1.444989712465377
9,10,10279,1.406849429720924
10,10,10280,1.212869766212645
11,10,10281,1.2811963586580186
12,10,10282,1.376931769507272
13,10,10283,1.3292160686992462
14,10,10284,1.3251313907759528
15,10,10285,1.28101376692454
16,10,10286,1.2993549562635875
17,10,10287,1.3793689750489735
18,10,10288,1.3664213702792214
19,10,10289,1.387425101938702
20,10,10290,1.3754276179132008
21,10,10291,1.3324175505411058
22,10,10292,1.3211215620949155
23,10,10293,1.308237700235276
24,10,10294,1.275333671342759
25,10,10295,1.2848770306223918
26,10,10296,1.4137146387781414
27,10,10297,1.3444872612044925
28,10,10298,1.3918203257379078
29,10,10299,1.3365991200719562
30,10,10300,1.3710622986157734
31,10,10301,1.3343183540162584
32,10,10302,1.3549105042502994
33,10,10303,1.371452246393476
34,10,10304,1.3868306222416107
35,10,10305,1.3888260409945534
36,10,10306,1.3064480594226293
37,10,10307,1.2895917949222384
38,10,10308,1.3769384338742212
39,10,10309,1.3888565103212993
40,10,10310,1.3528522480101814
41,10,10311,1.3728852839696977
42,10,10312,1.3646238644917803
43,10,10313,1.2600220981098353
44,10,10314,1.345236599445343
45,10,10315,1.4156984346253532
46,10,10316,1.3630330051694597
47,10,10317,1.3134580510003222
48,10,10318,1.3713943787983482
49,10,10319,1.341984703427269
50,10,10320,1.286790260246822
51,10,10321,1.3804792676653181
52,10,10322,1.3384339241754442
53,10,10323,1.3349477478436058
54,10,10324,1.42346369652521
55,10,10325,1.3635431783539906
56,10,10326,1.4251049019041515
57,10,10327,1.3692106263978143
58,10,10328,1.3239242718333288
59,10,10329,1.2866509812218803
60,10,10330,1.3412905534108481
61,10,10331,1.296982452982948
62,10,10332,1.3904556376593453
63,10,10333,1.313642269089108
64,10,10334,1.269179315794082
65,10,10335,1.343544820944468
66,10,10336,1.451304872830709
67,10,10337,1.3189118078776771
68,10,10338,1.4797671919777275
69,10,10339,1.3467121408099216
70,10,10340,1.3878913266318185
71,10,10341,1.3739745843978155
72,10,10342,1.4436460052217754
73,10,10343,1.4346805044582913
74,10,10344,1.3075772126515706
75,10,10345,1.3630137244860332
76,10,10346,1.3016537058921087
77,10,10347,1.2746068636576338
78,10,10348,1.4272556872594921
79,10,10349,1.3713803007489158
80,10,10350,1.3592675470170517
81,10,10351,1.3933677673339844
82,10,10352,1.4174320073354811
83,10,10353,1.316745093890599
84,10,10354,1.4320170084635417
85,10,10355,1.2487500877607434
86,10,10356,1.3582512935002646
87,10,10357,1.273214150042761
88,10,10358,1.4168410045760016
89,10,10359,1.4268466631571453
90,10,10360,1.3119906612804957
91,10,10361,1.3316031552496408
92,10,10362,1.2826752009845916
93,10,10363,1.3998202142261325
94,10,10364,1.3707868456840517
95,10,10365,1.259183903535207
96,10,10366,1.3913055544807797
97,10,10367,1.4389223626681733
98,10,10368,1.3253934496924993
99,10,10369,1.404170978636969
100,10,10370,1.4230854000364035
101,10,10371,1.4502103101639525
102,10,10372,1.2939107758658273
103,10,10373,1.255975686368488
104,10,10374,1.2876501423971993
105,10,10375,1.4757656710488456
106,10,10376,1.3694945176442463
107,10,10377,1.4014250692867098
108,10,10378,1.2965515710058668
109,10,10379,1.4938683793658303
110,10,10380,1.381774771781195
111,10,10381,1.250450202396938
112,10,10382,1.315902238800412
113,10,10383,1.5041845781462533
114,10,10384,1.3794231045813787
115,10,10385,1.3261629257883343
116,10,10386,1.4140132949465798
117,10,10387,1.390731300626482
118,10,10388,1.3366674156416032
119,10,10389,1.322416793732416
120,10,10390,1.4550807220595223
121,10,10391,1.3464576460066298
122,10,10392,1.481843460173834
123,10,10393,1.2609177742685589
124,10,10394,1.293190374260857
125,10,10395,1.3263749395098008
126,10,10396,1.2555110624858312
127,10,10397,1.3677067245755874
128,10,10398,1.3248114614259627
129,10,10399,1.368644112632388
130,10,10400,1.381321418853033
131,10,10401,1.4542250292641776
132,10,10402,1.3205114546276273
133,10,10403,1.3962291848091852
134,10,10404,1.3672627891813003
135,10,10405,1.4027407737005329
136,10,10406,1.349512809798831
137,10,10407,1.3193671192441665
138,10,10408,1.3918309751011075
139,10,10409,1.2870581377120245
140,10,10410,1.2930053444135758
141,10,10411,1.4038444700695216
142,10,10412,1.399855579648699
143,10,10413,1.2772258690425327
144,10,10414,1.4563156820478893
145,10,10415,1.4359289975393386
146,10,10416,1.2391205742245628
147,10,10417,1.262096955662682
148,10,10418,1.3659120060148695
149,10,10419,1.4485041697820027
150,10,10420,1.3480818697384425
151,10,10421,1.4104228303545998
152,10,10422,1.3742143710454306
153,10,10423,1.3622920569919401
154,10,10424,1.3652715058553784
155,10,10425,1.370268293789455
156,10,10426,1.4142808119455974
157,10,10427,1.3572681233996438
158,10,10428,1.3641820294516425
159,10,10429,1.3440934589930944
160,10,10430,1.5330604570252555
161,10,10431,1.2373111077717374
162,10,10432,1.415529089314597
163,10,10433,1.3798012563160487
164,10,10434,1.3879318180538358
165,10,10435,1.3347366736048745
166,10,10436,1.381442671730405
167,10,10437,1.3041019808678402
168,10,10438,1.3757688601811728
169,10,10439,1.2811178139277866
170,10,10440,1.2778961346262976
171,10,10441,1.375771022978283
172,10,10442,1.2943872270129975
173,10,10443,1.379507425285521
174,10,10444,1.307513671261924
175,10,10445,1.3716783466793243
176,10,10446,1.381285085564568
177,10,10447,1.3001170357068381
178,10,10448,1.3763786327271235
179,10,10449,1.2932701252755665
180,10,10450,1.334420343240102
181,10,10451,1.4090453386306767
182,10,10452,1.34904974982852
183,10,10453,1.3289821204685026
184,10,10454,1.381356037798382
185,10,10455,1.3475473665055773
186,10,10456,1.3613827966508414
187,10,10457,1.370045477435702
188,10,10458,1.4430559845197768
189,10,10459,1.2912170092264814
190,10,10460,1.3011635485149566
191,10,10461,1.4046977871940254
192,10,10462,1.3377271181061154
193,10,10463,1.404601942925226
194,10,10464,1.366138049534389
195,10,10465,1.3444160733904158
196,10,10466,1.4476281631560548
197,10,10467,1.2922604765210834
198,10,10468,1.3942434929666063
199,10,10469,1.4184854598272416
200,10,10470,1.353118666580745
201,10,10471,1.375067793187641
202,10,10472,1.3852910200754802
203,10,10473,1.3548917798768907
204,10,10474,1.3133109240304859
205,10,10475,1.3567886295772733
206,10,10476,1.3128340897105988
207,10,10477,1.404997712089902
208,10,10478,1.3874794585364207
209,10,10479,1.377044229280381
210,10,10480,1.331570375533331
211,10,10481,1.4971183027539934
212,10,10482,1.2745685435476757
213,10,10483,1.2782443903741383
214,10,10484,1.3984838752519515
215,10,10485,1.375660498936971
216,10,10486,1.329105257987976
217,10,10487,1.3624876737594602
218,10,10488,1.3374513671511694
219,10,10489,1.3621349987529572
220,10,10490,1.421698544706617
221,10,10491,1.4129301423118226
222,10,10492,1.3359142825717016
223,10,10493,1.408510094597226
224,10,10494,1.4162220500764395
225,10,10495,1.356508385567438
226,10,10496,1.4354596024467834
227,10,10497,1.3486608834493732
228,10,10498,1.364446174530756
229,10,10499,1.3490593546912781
230,10,10500,1.3858375833148047
231,10,10501,1.3854808495158237
232,10,10502,1.2925289244878864
233,10,10503,1.4079582464127314
234,10,10504,1.3327660844439553
235,10,10505,1.3005762781415666
236,10,10506,1.3361921026593164
237,10,10507,1.4081438127018158
238,10,10508,1.377714304696946
239,10,10509,1.3624052660805839
240,10,10510,1.399453302224477
241,10,10511,1.4149627884229024
242,10,10512,1.308604424908048
243,10,10513,1.4717655664398555
244,10,10514,1.454329272111257
245,10,10515,1.294805007321494
246,10,10516,1.2653226852416992
247,10,10517,1.3759968961988176
248,10,10518,1.4140090459869021
249,10,10519,1.3334315277281261
250,10,10520,1.2643203905650549
251,10,10521,1.4543878861836024
252,10,10522,1.3976929755437941
253,10,10523,1.3111848263513473
254,10,10524,1.3507696617217289
255,10,10525,1.2537653588113329
256,10,10526,1.3863990562302726
257,10,10527,1.3567316134770713
258,10,10528,1.450811845915658
259,10,10529,1.299467370623634
260,10,10530,1.4341374522163757
261,10,10531,1.3841762116977145
262,10,10532,1.3936876654624937
263,10,10533,1.2925117498352416
264,10,10534,1.3963748386928012
265,10,10535,1.3494051212356204
266,10,10536,1.3546060550780519
267,10,10537,1.3724604220617385
268,10,10538,1.4458945734160287
269,10,10539,1.3443531621070133
270,10,10540,1.2906513242494495
271,10,10541,1.3409245212872822
272,10,10542,1.3006430495352974
273,10,10543,1.3396158615748088
274,10,10544,1.409211683840979
275,10,10545,1.3613364015306746
276,10,10546,1.433428094500587
277,10,10547,1.383092533974421
278,10,10548,1.3571050308999562
279,10,10549,1.332692515282404
280,10,10550,1.337436976886931
281,10,10551,1.3402967850367227
282,10,10552,1.4161049241111392
283,10,10553,1.4018832445144653
284,10,10554,1.2921172096615745
285,10,10555,1.3366695869536627
286,10,10556,1.3136271295093354
287,10,10557,1.3641165324619837
288,10,10558,1.4168996300016126
289,10,10559,1.4155215223630269
290,10,10560,1.314986671720232
291,10,10561,1.3661490167890278
292,10,10562,1.3200986839476088
293,10,10563,1.3993148008982341
294,10,10564,1.3737597522281466
295,10,10565,1.3294830975078402
296,10,10566,1.3673115401040943
297,10,10567,1.3212555732045859
298,10,10568,1.4603942121778213
299,10,10569,1.3365271432059151
300,10,10570,1.3463179611024403
301,10,10571,1.3505862014634271
302,10,10572,1.2927234343120029
303,10,10573,1.4144551697231473
304,10,10574,1.397914636702765
305,10,10575,1.4246867554528373
306,10,10576,1.330891875993638
307,10,10577,1.3352822292418707
308,10,10578,1.3468003102711272
309,10,10579,1.4558941636766707
310,10,10580,1.3963174649647303
311,10,10581,1.3868998970304216
312,10,10582,1.3508075617608573
313,10,10583,1.3751368749709356
314,10,10584,1.299858087585086
315,10,10585,1.3584254412423997
316,10,10586,1.424123934337071
317,10,10587,1.281432736487616
318,10,10588,1.3525088117236186
319,10,10589,1.323664747533344
320,10,10590,1.4329346446763904
321,10,10591,1.3795119694301061
322,10,10592,1.4181598311378845
323,10,10593,1.385398819333031
324,10,10594,1.344499863329388
325,10,10595,1.3412987277621315
326,10,10596,1.4139276288804554
327,10,10597,1.4088570929708937
328,10,10598,1.4229778619039628
329,10,10599,1.2874128563063487
330,10,10600,1.335441061428615
331,10,10601,1.3122096061706545
332,10,10602,1.331490476926168
333,10,10603,1.3850209542683192
334,10,10604,1.4221985056286768
335,10,10605,1.3312663379169647
336,10,10606,1.3489040476935252
337,10,10607,1.3602002830732436
338,10,10608,1.523675413358779
339,10,10609,1.326617672329857
340,10,10610,1.2841364712942214
341,10,10611,1.2973588222549075
342,10,10612,1.3817209232421146
343,10,10613,1.3186653682163783
344,10,10614,1.3969573747544064
345,10,10615,1.3911591825031098
346,10,10616,1.2671611422584168
347,10,10617,1.2325735035396759
348,10,10618,1.260785383837564
349,10,10619,1.30751515570141
350,10,10620,1.318827759651911
351,10,10621,1.396842834495363
352,10,10622,1.3565581639607749
353,10,10623,1.4662645771389913
354,10,10624,1.394621065684727
355,10,10625,1.4214428890319095
356,10,10626,1.2911140549750553
357,10,10627,1.4558895996638705
358,10,10628,1.3740142583847044
359,10,10629,1.364910227911813
360,10,10630,1.400887983185904
361,10,10631,1.305853074505216
362,10,10632,1.294548500151861
363,10,10633,1.2711286147435505
364,10,10634,1.3592647427604312
365,10,10635,1.2720228263310023
366,10,10636,1.3801190228689286
367,10,10637,1.34927156993321
368,10,10638,1.3330913044157482
369,10,10639,1.4518297115961711
370,10,10640,1.3570430931590853
371,10,10641,1.353806671642122
372,10,10642,1.3274185487202232
373,10,10643,1.3273002420152935
374,10,10644,1.3735002790178568
375,10,10645,1.4260731765202117
376,10,10646,1.2479650037629264
377,10,10647,1.328804328328087
378,10,10648,1.4273777859551566
379,10,10649,1.4455216555368335
380,10,10650,1.2683208471252805
381,10,10651,1.3343115250269575
382,10,10652,1.3294049387886409
383,10,10653,1.3465909163157144
384,10,10654,1.3220946277890884
385,10,10655,1.3405340257145109
386,10,10656,1.4065163362593875
387,10,10657,1.4060688813527427
388,10,10658,1.3528922711099898
389,10,10659,1.3706534987404229
390,10,10660,1.3882049236978802
391,10,10661,1.3490753372510271
392,10,10662,1.3541151937984288
393,10,10663,1.3133285925501872
394,10,10664,1.4374764930634272
395,10,10665,1.4140573938687642
396,10,10666,1.3515287325495764
397,10,10667,1.381601648671286
398,10,10668,1.3983464751924788
399,10,10669,1.2962781673385988
400,10,10670,1.4692894986697607
401,10,10671,1.26936670144399
402,10,10672,1.272456861677624
403,10,10673,1.3537566321236747
404,10,10674,1.3386884331703186
405,10,10675,1.2564776908783688
406,10,10676,1.3767715380305332
407,10,10677,1.3565683535167148
408,10,10678,1.3295813259624298
409,10,10679,1.394289834158761
410,10,10680,1.4379540738605314
411,10,10681,1.3931504715056644
412,10,10682,1.39907344466164
413,10,10683,1.381509235927037
414,10,10684,1.3854044420378548
415,10,10685,1.3737883056913105
416,10,10686,1.4512627181552706
417,10,10687,1.3608076913016183
418,10,10688,1.4323596159617105
419,10,10689,1.3042445665314086
420,10,10690,1.3732521335283914
421,10,10691,1.4273662936119806
422,10,10692,1.4212381811369033
423,10,10693,1.3347854784556794
424,10,10694,1.3498693591072448
425,10,10695,1.364890836534046
426,10,10696,1.3764072174117676
427,10,10697,1.3913812949543904
428,10,10698,1.3334899743398032
429,10,10699,1.3365604054360165
430,10,10700,1.3362881626401626
431,10,10701,1.364663390886216
432,10,10702,1.3783954495475408
433,10,10703,1.3670843499047416
434,10,10704,1.4063015040897187
435,10,10705,1.3298638746851972
436,10,10706,1.2586074812071664
437,10,10707,1.4062570503779819
438,10,10708,1.3062227226438976
439,10,10709,1.3801616089684623
440,10,10710,1.2825938548360551
441,10,10711,1.4156932603745236
442,10,10712,1.3920095364252725
443,10,10713,1.3627094967024669
444,10,10714,1.3211017449696858
445,10,10715,1.3588370624042694
446,10,10716,1.416419920467195
447,10,10717,1.3371354341506956
448,10,10718,1.395960115251087
449,10,10719,1.3603844954853965
450,10,10720,1.4068879428363978
451,10,10721,1.383853983311426
452,10,10722,1.3335103392601013
453,10,10723,1.4288296614374434
454,10,10724,1.3573513882500785
455,10,10725,1.3111936336471923
456,10,10726,1.3918272654215496
457,10,10727,1.300329114709582
458,10,10728,1.2786993242445448
459,10,10729,1.4001047497703911
460,10,10730,1.3029055822463262
461,10,10731,1.3840635702723547
462,10,10732,1.3880025716055007
463,10,10733,1.3717156478336878
464,10,10734,1.3482882437251864
465,10,10735,1.3892290478660947
466,10,10736,1.3354121900740124
467,10,10737,1.2443169639224099
468,10,10738,1.3481520811716716
469,10,10739,1.2915743617784408
470,10,10740,1.2809907793998716
471,10,10741,1.4277942038717726
472,10,10742,1.367775613353366
473,10,10743,1.4166762431462605
474,10,10744,1.3840388911111017
475,10,10745,1.2951479241961523
476,10,10746,1.3649297328222367
477,10,10747,1.3776917883328028
478,10,10748,1.3552511447951907
479,10,10749,1.3326754201026194
480,10,10750,1.3269110662596568
481,10,10751,1.4339431183678764
482,10,10752,1.4142169611794606
483,10,10753,1.3289550798279894
484,10,10754,1.3407384781610394
485,10,10755,1.3351192587897889
486,10,10756,1.2962066048667547
487,10,10757,1.3258153682663327
488,10,10758,1.353149595714751
489,10,10759,1.347516374928611
490,10,10760,1.357208229246594
491,10,10761,1.405716001987457
492,10,10762,1.3441824714342756
493,10,10763,1.3421715327671595
494,10,10764,1.3137303335326058
495,10,10765,1.3127364374342418
496,10,10766,1.3234902450016566
497,10,10767,1.3163057735988073
498,10,10768,1.3597077528635664
499,10,10769,1.365837437765939
500,10,10770,1.308779727844965
501,10,10771,1.3609241133644465
502,10,10772,1.4079738826978776
503,10,10773,1.3558394823755533
504,10,10774,1.4350221015158156
505,10,10775,1.2879549037842521
506,10,10776,1.3345222246079218
507,10,10777,1.408389642125084
508,10,10778,1.3547587792078655
509,10,10779,1.3703703255880446
510,10,10780,1.4239599278994972
511,10,10781,1.377559874738966
512,10,10782,1.355498751004537
513,10,10783,1.3693667479923797
514,10,10784,1.3284982442855835
515,10,10785,1.290738829544612
516,10,10786,1.3599417323157903
517,10,10787,1.3454074178423203
518,10,10788,1.3822306139128548
519,10,10789,1.3104425498417447
520,10,10790,1.3224241336186728
521,10,10791,1.3935911712192353
522,10,10792,1.3100797959736414
523,10,10793,1.3083599266551789
524,10,10794,1.4175339908826918
525,10,10795,1.3700930760020302
526,10,10796,1.4006051449548629
527,10,10797,1.3404358142898196
528,10,10798,1.3860116033327012
529,10,10799,1.4065887417112075
530,10,10800,1.3079110696202232
531,10,10801,1.3674222912107195
532,10,10802,1.3665266774949574
533,10,10803,1.4034412645158312
534,10,10804,1.3830579859869818
535,10,10805,1.3557382708504087
536,10,10806,1.3505713826134096
537,10,10807,1.3974816288266863
538,10,10808,1.3689851193200977
539,10,10809,1.4059405326843262
540,10,10810,1.2944855519703455
541,10,10811,1.3893108765284221
542,10,10812,1.3113928323700315
543,10,10813,1.3430276796931313
544,10,10814,1.4086017040979293
545,10,10815,1.5070960521698
546,10,10816,1.4178996284802758
547,10,10817,1.436343096551441
548,10,10818,1.347319279398237
549,10,10819,1.3046503123782929
550,10,10820,1.327557637577965
551,10,10821,1.34711515051978
552,10,10822,1.3730146288871765
553,10,10823,1.3045671638988312
554,10,10824,1.3676820482526506
555,10,10825,1.3653894379025415
556,10,10826,1.3925093752997262
557,10,10827,1.2679270477521987
558,10,10828,1.333259741465251
559,10,10829,1.5222488244374595
560,10,10830,1.3158651647113617
561,10,10831,1.2616081493241444
562,10,10832,1.279095845563071
563,10,10833,1.3660631605557032
564,10,10834,1.355528360321408
565,10,10835,1.3152130558377224
566,10,10836,1.515297282309759
567,10,10837,1.3026911190577917
568,10,10838,1.4068458875020344
569,10,10839,1.3299949651672722
570,10,10840,1.3994603270576114
571,10,10841,1.4344528118769326
572,10,10842,1.309762438138326
573,10,10843,1.469115805058252
574,10,10844,1.3132600841068085
575,10,10845,1.346940869376773
576,10,10846,1.4280161829221816
577,10,10847,1.3378157388596308
578,10,10848,1.3294918593906224
579,10,10849,1.2796830563318164
580,10,10850,1.3716603063401722
581,10,10851,1.346860062508356
582,10,10852,1.3906161330995104
583,10,10853,1.3491173698788594
584,10,10854,1.3243165981201899
585,10,10855,1.3133756688662936
586,10,10856,1.2882578670978548
587,10,10857,1.3183781646546864
588,10,10858,1.4284301996231077
589,10,10859,1.3134230034691947
590,10,10860,1.3347831538745336
591,10,10861,1.3641679400489441
592,10,10862,1.3024500409762065
593,10,10863,1.266322414080302
594,10,10864,1.3689163980029881
595,10,10865,1.3859319289525347
596,10,10866,1.3529445103236604
597,10,10867,1.4786479274431867
598,10,10868,1.3757887170428322
599,10,10869,1.3393723283495222
600,10,10870,1.3226620838755654
601,10,10871,1.3867048649560838
602,10,10872,1.3822051939510165
603,10,10873,1.3339803758121673
604,10,10874,1.4006253225462781
605,10,10875,1.3684364358584087
606,10,10876,1.2058800288609093
607,10,10877,1.3948308314595905
608,10,10878,1.3790955316452755
609,10,10879,1.3328461079370408
610,10,10880,1.363428904896691
611,10,10881,1.4204124269031342
612,10,10882,1.3757572088922772
613,10,10883,1.3856132399468193
614,10,10884,1.3534520098141265
615,10,10885,1.4569321615355353
616,10,10886,1.363684810343243
617,10,10887,1.4539556162697926
618,10,10888,1.3795828365144276
619,10,10889,1.3121197734560284
620,10,10890,1.3595426820573353
621,10,10891,1.3715804020563764
622,10,10892,1.333212460790362
623,10,10893,1.3628906522478375
624,10,10894,1.3710369269053146
625,10,10895,1.3018691142400105
626,10,10896,1.391257271880195
627,10,10897,1.3113209974198115
628,10,10898,1.4179246425628664
629,10,10899,1.4334984109515234
630,10,10900,1.4310458501180012
631,10,10901,1.4225586198625106
632,10,10902,1.356821698801858
633,10,10903,1.3839167413257418
634,10,10904,1.4515017781938826
635,10,10905,1.3489439913204737
636,10,10906,1.348040506953285
637,10,10907,1.4332537338847207
638,10,10908,1.237776035354251
639,10,10909,1.4494293644314717
640,10,10910,1.3128095184053694
641,10,10911,1.3275116909117928
642,10,10912,1.2700070256278628
643,10,10913,1.3808785194442381
644,10,10914,1.2955724199612932
645,10,10915,1.2431966350192114
646,10,10916,1.2945582611220228
647,10,10917,1.4136897722880046
648,10,10918,1.3993802524748302
649,10,10919,1.3971723828996931
650,10,10920,1.3722422122955327
651,10,10921,1.3939233677727836
652,10,10922,1.3405032470112754
653,10,10923,1.3319453852517262
654,10,10924,1.3405115604400633
655,10,10925,1.3515870287304834
656,10,10926,1.4152655658267792
657,10,10927,1.36549673193977
658,10,10928,1.3598856017703103
659,10,10929,1.3473126008397056
660,10,10930,1.3485327079182579
661,10,10931,1.3945635954538977
662,10,10932,1.3673724844342188
663,10,10933,1.3402052067575
664,10,10934,1.3521349117869421
665,10,10935,1.2889323433240254
666,10,10936,1.2806564640431182
667,10,10937,1.3424898726599555
668,10,10938,1.3778010209401448
669,10,10939,1.35146955649058
670,10,10940,1.315217537539346
671,10,10941,1.3025721595400854
672,10,10942,1.4046520448866344
673,10,10943,1.3275771879014517
674,10,10944,1.3870254527954828
675,10,10945,1.38152399517241
676,10,10946,1.3206675648689268
677,10,10947,1.3316635858444943
678,10,10948,1.3620341618855796
679,10,10949,1.3379124630065191
680,10,10950,1.2823355283055986
681,10,10951,1.3568401223137265
682,10,10952,1.3333167064757572
683,10,10953,1.3944096565246582
684,10,10954,1.511003568058922
685,10,10955,1.3451736966768901
686,10,10956,1.317942744209653
687,10,10957,1.3437968151909967
688,10,10958,1.3168619842756364
689,10,10959,1.329368191105979
690,10,10960,1.4124976793924966
691,10,10961,1.3548036984034946
692,10,10962,1.408021694137937
693,10,10963,1.321947983333043
694,10,10964,1.3638535879907152
695,10,10965,1.2457219362258913
696,10,10966,1.3412121591113864
697,10,10967,1.281617005666097
698,10,10968,1.3785203241166613
699,10,10969,1.303646646794819
700,10,10970,1.3534361691701982
701,10,10971,1.4127651708466664
702,10,10972,1.2992242489542278
703,10,10973,1.3280343555268783
704,10,10974,1.3052536561375572
705,10,10975,1.343090454737346
706,10,10976,1.3644255030722843
707,10,10977,1.35247080099015
708,10,10978,1.339333097139994
709,10,10979,1.4222569295338219
710,10,10980,1.4610767591567264
711,10,10981,1.3848214660372054
712,10,10982,1.437785457997095
713,10,10983,1.301736369019463
714,10,10984,1.330967542671022
715,10,10985,1.3331969919658841
716,10,10986,1.3255608819779896
717,10,10987,1.423628012339274
718,10,10988,1.292636161758786
719,10,10989,1.4135513390813557
720,10,10990,1.3174358577955338
721,10,10991,1.424029758998326
722,10,10992,1.344781254019056
723,10,10993,1.3843742098127092
724,10,10994,1.3182684779167173
725,10,10995,1.3203672255788532
726,10,10996,1.3720632990201314
727,10,10997,1.3834027023542497
728,10,10998,1.3793061318851652
729,10,10999,1.3354019494283769
730,10,11000,1.4049877041862127
731,10,11001,1.2391336702165148
732,10,11002,1.2964949834914434
733,10,11003,1.3521862257094608
734,10,11004,1.334550068491981
735,10,11005,1.3504252121562048
736,10,11006,1.3810415381476997
737,10,11007,1.309748765968141
738,10,11008,1.3007461002894811
739,10,11009,1.3039095117932276
740,10,11010,1.3494528872626168
741,10,11011,1.2780807813008628
742,10,11012,1.3550829631941659
743,10,11013,1.3474596114385697
744,10,11014,1.3779554906345548
745,10,11015,1.3669780436016263
746,10,11016,1.2950377890041893
747,10,11017,1.3760555925823392
748,10,11018,1.3505621751149495
749,10,11019,1.3022053866159349
750,10,11020,1.3037007536206926
751,10,11021,1.3697544251169476
752,10,11022,1.2695350959187464
753,10,11023,1.298236676624843
754,10,11024,1.398814076469058
755,10,11025,1.2606415918895175
756,10,11026,1.3094243719464256
757,10,11027,1.336503477323623
758,10,11028,1.242349664370219
759,10,11029,1.3676680723826091
760,10,11030,1.3768677910168967
761,10,11031,1.336577375729879
762,10,11032,1.3496949672698975
763,10,11033,1.4248215300696236
764,10,11034,1.2834097459202722
765,10,11035,1.3042725296247573
766,10,11036,1.3894273440043132
767,10,11037,1.3863515910648165
768,10,11038,1.4275715407871066
769,10,11039,1.3219155328614371
770,10,11040,1.3727494194394065
771,10,11041,1.3631884512447177
772,10,11042,1.3331400553385415
773,10,11043,1.3792287196431838
774,10,11044,1.3107078274091084
775,10,11045,1.3904782845860435
776,10,11046,1.322050602663131
777,10,11047,1.459664180165246
778,10,11048,1.3291995298294792
779,10,11049,1.4071770338785083
780,10,11050,1.3448823917479744
781,10,11051,1.3503658771514893
782,10,11052,1.336630358582451
783,10,11053,1.3475500146547956
784,10,11054,1.2571036673727491
785,10,11055,1.346039153280712
786,10,11056,1.371328693060648
787,10,11057,1.3416962424914043
788,10,11058,1.3095498851367404
789,10,11059,1.3645376194091072
790,10,11060,1.3390289119311738
791,10,11061,1.3332744978723072
792,10,11062,1.2999412559327623
793,10,11063,1.3504037516457694
794,10,11064,1.3418927760351276
795,10,11065,1.359240906579154
796,10,11066,1.3582252122107004
797,10,11067,1.3355047078359694
798,10,11068,1.326345145702362
799,10,11069,1.2814264325868514
800,10,11070,1.4394138001260302
801,10,11071,1.2932493771825517
802,10,11072,1.3738072202319187
803,10,11073,1.3515593608220418
804,10,11074,1.3393165667851767
805,10,11075,1.4337874934786838
806,10,11076,1.4167589062736146
807,10,11077,1.3326375172251745
808,10,11078,1.3779735820634025
809,10,11079,1.4684111561094009
810,10,11080,1.346864683287484
811,10,11081,1.3495347783679055
812,10,11082,1.3595680395762129
813,10,11083,1.2944144776889257
814,10,11084,1.3571672638257344
815,10,11085,1.5154987176259365
816,10,11086,1.2855702383177623
817,10,11087,1.3517937546684629
818,10,11088,1.37477730853217
819,10,11089,1.38020286105928
820,10,11090,1.3173136597587949
821,10,11091,1.3409690175737652
822,10,11092,1.3172094509715124
823,10,11093,1.4750019709269206
824,10,11094,1.36527129865828
825,10,11095,1.31256365776062
826,10,11096,1.3555677703448703
827,10,11097,1.4409419865835282
828,10,11098,1.3409440176827567
829,10,11099,1.3009460568428037
830,10,11100,1.3368808201381142
831,10,11101,1.267577758857182
832,10,11102,1.345533475989387
833,10,11103,1.289890272276742
834,10,11104,1.361240239370437
835,10,11105,1.4606343507766726
836,10,11106,1.2970645285788034
837,10,11107,1.3031309644381208
838,10,11108,1.4701604417392184
839,10,11109,1.3158063292503355
840,10,11110,1.2925987357185005
841,10,11111,1.3505335081191292
842,10,11112,1.4750471455710272
843,10,11113,1.3484954777218048
844,10,11114,1.3902930333500811
845,10,11115,1.389815790312631
846,10,11116,1.3781277054832097
847,10,11117,1.4255546331405642
848,10,11118,1.3496620938891455
849,10,11119,1.2567388557252428
850,10,11120,1.3802627665655958
851,10,11121,1.3288967694555012
852,10,11122,1.3913362650644212
853,10,11123,1.3644422065644035
854,10,11124,1.4212919927778696
855,10,11125,1.3633367362476534
856,10,11126,1.3547297262010123
857,10,11127,1.3223706824438912
858,10,11128,1.3820765472593761
859,10,11129,1.3507773053078425
860,10,11130,1.4728554089864092
861,10,11131,1.3113331227075486
862,10,11132,1.3814090830939156
863,10,11133,1.3368620006811047
864,10,11134,1.3254177400044032
865,10,11135,1.3113207646778648
866,10,11136,1.3403617966742742
867,10,11137,1.2805624462309337
868,10,11138,1.3980289016451155
869,10,11139,1.2865247102010817
870,10,11140,1.3519942448252729
871,10,11141,1.2503519852956135
872,10,11142,1.365691798073905
873,10,11143,1.2793809402556646
874,10,11144,1.4461194787706648
875,10,11145,1.3812952694438752
876,10,11146,1.2733549645968847
877,10,11147,1.3143943888800484
878,10,11148,1.3174448041688829
879,10,11149,1.3201156116667248
880,10,11150,1.31964738879885
881,10,11151,1.4474898718652272
882,10,11152,1.378090410005479
883,10,11153,1.3217097407295588
884,10,11154,1.333732803662618
885,10,11155,1.383987009525299
886,10,11156,1.2706690572556996
887,10,11157,1.4119585128057572
888,10,11158,1.2974368532498677
889,10,11159,1.4142109042122248
890,10,11160,1.3947944641113281
891,10,11161,1.3876054003125142
892,10,11162,1.3799144285065787
893,10,11163,1.405672851062956
894,10,11164,1.3539555640447707
895,10,11165,1.328889832610176
896,10,11166,1.4033617036683221
897,10,11167,1.4498066731861659
898,10,11168,1.3484076332478299
899,10,11169,1.2966754833857217
900,10,11170,1.4028284237498332
901,10,11171,1.3325289147240773
902,10,11172,1.4413748184839885
903,10,11173,1.446319602784656
904,10,11174,1.3919125284467428
905,10,11175,1.3465689080102103
906,10,11176,1.3389779896963212
907,10,11177,1.445014096441723
908,10,11178,1.3323189985184443
909,10,11179,1.3382341123762587
910,10,11180,1.2513967326709203
911,10,11181,1.288049232392084
912,10,11182,1.3663107071604046
913,10,11183,1.297603425525484
914,10,11184,1.3703869467689878
915,10,11185,1.4106044258390154
916,10,11186,1.2778842534337724
917,10,11187,1.4149994481177555
918,10,11188,1.3368721973328364
919,10,11189,1.3190441954703556
920,10,11190,1.3147555816741214
921,10,11191,1.3801517883936565
922,10,11192,1.3366539818899972
923,10,11193,1.4535123791013447
924,10,11194,1.4142183178947085
925,10,11195,1.389177163441976
926,10,11196,1.3678067723910017
927,10,11197,1.3363091576667057
928,10,11198,1.4207775280589152
929,10,11199,1.3489290560994827
930,10,11200,1.4338756459099904
931,10,11201,1.3925637687955585
932,10,11202,1.2652547075634912
933,10,11203,1.3378260958762398
934,10,11204,1.2865502408572604
935,10,11205,1.432027090163458
936,10,11206,1.3666407494317916
937,10,11207,1.3923285404841108
938,10,11208,1.3983535709835233
939,10,11209,1.2952670085997806
940,10,11210,1.3152831225168138
941,10,11211,1.3173866726103283
942,10,11212,1.3297524778615861
943,10,11213,1.347797669115521
944,10,11214,1.2551062192235674
945,10,11215,1.2101905970346358
946,10,11216,1.3538619450160436
947,10,11217,1.442341075057075
948,10,11218,1.34396588518506
949,10,11219,1.3235108625321161
950,10,11220,1.2436690358888536
951,10,11221,1.3146202535856337
952,10,11222,1.3369619874727157
953,10,11223,1.4033382620130266
954,10,11224,1.3798064163752963
955,10,11225,1.4155813512347992
956,10,11226,1.3687072339512054
957,10,11227,1.3942445261137824
958,10,11228,1.3787139710925878
959,10,11229,1.4012399003619238
960,10,11230,1.394958862236568
961,10,11231,1.4545817375183105
962,10,11232,1.3252466150692532
963,10,11233,1.2988672029404413
964,10,11234,1.37457066206705
965,10,11235,1.2927218079566958
966,10,11236,1.369303220794314
967,10,11237,1.355639315786816
968,10,11238,1.3209339437030607
969,10,11239,1.3509581770215717
970,10,11240,1.3002681278047106
971,10,11241,1.3059316192354473
972,10,11242,1.2843651487713768
973,10,11243,1.3693757880301705
974,10,11244,1.3251458264532543
975,10,11245,1.3630290201732087
976,10,11246,1.2773614014898027
977,10,11247,1.401458487624214
978,10,11248,1.380085922422863
979,10,11249,1.379710867291405
980,10,11250,1.419166664282481
981,10,11251,1.301075719651722
982,10,11252,1.3274483340127128
983,10,11253,1.3081180879047938
984,10,11254,1.3708682457605996
985,10,11255,1.3965089548201788
986,10,11256,1.2595396070253277
987,10,11257,1.3923689126968382
988,10,11258,1.4201502345857169
989,10,11259,1.4722100354376293
990,10,11260,1.3081403232756115
991,10,11261,1.4004333303088234
992,10,11262,1.3139096470106215
993,10,11263,1.3865507557278591
994,10,11264,1.3459637903031847
995,10,11265,1.2924329666864305
996,10,11266,1.3655915317081266
997,10,11267,1.309589513710567
998,10,11268,1.3883288190478373
999,10,11269,1.4034367913291566
1000,10,11270,1.3765982332683746
1001,10,11271,1.3444439910707022
1002,10,11272,1.4136919861748105
1003,10,11273,1.3673959118979317
1004,10,11274,1.3762025435765584
1005,10,11275,1.2655448643934157
1006,10,11276,1.3418438377834503
1007,10,11277,1.2915909403846377
1008,10,11278,1.3238647949127922
1009,10,11279,1.3093286298570181
1010,10,11280,1.4260085281871615
1011,10,11281,1.2878788425808863
1012,10,11282,1.346813392071497
1013,10,11283,1.3791604042053225
1014,10,11284,1.2655996027446927
1015,10,11285,1.3177517709277924
1016,10,11286,1.3461158048538933
1017,10,11287,1.3176943035352795
1018,10,11288,1.4443420540718805
1019,10,11289,1.342227444762275
1020,10,11290,1.3783465652238753
1021,10,11291,1.4202173749605815
1022,10,11292,1.2693409011477517
1023,10,11293,1.3695558309555051
1024,10,11294,1.3329935499600003
1025,10,11295,1.3294645207268854
1026,10,11296,1.4080556290490287
1027,10,11297,1.265586222921099
1028,10,11298,1.3272025329726083
1029,10,11299,1.3634831366084874
1030,10,11300,1.3219263071105596
1031,10,11301,1.2253427789324807
1032,10,11302,1.2703813626652671
1033,10,11303,1.288907766342163
1034,10,11304,1.4276621284938995
1035,10,11305,1.29252351749511
1036,10,11306,1.3557149682726177
1037,10,11307,1.432281147866022
1038,10,11308,1.3786237211454482
1039,10,11309,1.2527008425621757
1040,10,11310,1.4638427779788064
1041,10,11311,1.3419718572071622
1042,10,11312,1.3499958259718756
1043,10,11313,1.3457837502161663
1044,10,11314,1.3557931071236018
1045,10,11315,1.4115465936206633
1046,10,11316,1.3128685355186462
1047,10,11317,1.327451300053369
1048,10,11318,1.3095747402736122
1049,10,11319,1.2856366719518388
1050,10,11320,1.343403293972924
1051,10,11321,1.4689245621363323
1052,10,11322,1.3599000601541427
1053,10,11323,1.3954049632662822
1054,10,11324,1.3744848427318392
1055,10,11325,1.3808191276731947
1056,10,11326,1.2981899834814523
1057,10,11327,1.362996180852254
1058,10,11328,1.380581904025305
1059,10,11329,1.393537890343439
1060,10,11330,1.4136064166114444
1061,10,11331,1.344305492582775
1062,10,11332,1.3815991708210535
1063,10,11333,1.3301382121585665
1064,10,11334,1.3870453380403063
1065,10,11335,1.35730356829507
1066,10,11336,1.3320294959204535
1067,10,11337,1.32988745257968
1068,10,11338,1.3475735698427473
1069,10,11339,1.4206570358503432
1070,10,11340,1.2774715849331446
1071,10,11341,1.3601995536259244
1072,10,11342,1.3560168743133547
1073,10,11343,1.411109666029612
1074,10,11344,1.4169362783432005
1075,10,11345,1.3779520761399042
1076,10,11346,1.3720135944230214
1077,10,11347,1.3327633766900921
1078,10,11348,1.39809710355032
1079,10,11349,1.3240706892240617
1080,10,11350,1.3379622243699574
1081,10,11351,1.3835899489266532
1082,10,11352,1.367593725522359
1083,10,11353,1.3281852517809187
1084,10,11354,1.4114789792469569
1085,10,11355,1.3483542686416987
1086,10,11356,1.3685365148953028
1087,10,11357,1.3362359887077697
1088,10,11358,1.2531402111053467
1089,10,11359,1.3683972585768924
1090,10,11360,1.296622228054773
1091,10,11361,1.3443022171656294
1092,10,11362,1.3991852005322774
1093,10,11363,1.369759829271407
1094,10,11364,1.4203433820179534
1095,10,11365,1.4188745362418038
1096,10,11366,1.3736269871393838
1097,10,11367,1.3254520864713757
1098,10,11368,1.447614215669178
1099,10,11369,1.369283222016834
1100,10,11370,1.3898280121031263
1101,10,11371,1.2447779263768879
1102,10,11372,1.291049179576692
1103,10,11373,1.2877250001544043
1104,10,11374,1.3239513976233346
1105,10,11375,1.3967237529300507
1106,10,11376,1.4164248279162819
1107,10,11377,1.3941688849812464
1108,10,11378,1.323388392017001
1109,10,11379,1.3923351253782
1110,10,11380,1.3369235538301014
1111,10,11381,1.3007024867194035
1112,10,11382,1.2411969814981731
1113,10,11383,1.4306882108960834
1114,10,11384,1.3775430123011272
1115,10,11385,1.3664283014479142
1116,10,11386,1.3909418866747902
1117,10,11387,1.3709795134408136
1118,10,11388,1.3653956566538132
1119,10,11389,1.350835646901812
1120,10,11390,1.3681211868921914
1121,10,11391,1.43108545314698
1122,10,11392,1.3528281790869576
1123,10,11393,1.3236848541668482
1124,10,11394,1.3044827864283608
1125,10,11395,1.3445395004181633
1126,10,11396,1.261980516569955
1127,10,11397,1.3077455475216822
1128,10,11398,1.375848551591237
1129,10,11399,1.3207497142610098
1130,10,11400,1.3237120196932837
1131,10,11401,1.3545369704564414
1132,10,11402,1.3210717411268327
1133,10,11403,1.3731788510367984
1134,10,11404,1.3370079994201662
1135,10,11405,1.4424533758844649
1136,10,11406,1.4064416260946364
1137,10,11407,1.406006458259764
1138,10,11408,1.418133088520595
1139,10,11409,1.430143770717439
1140,10,11410,1.3063274508430844
