batch_in_epoch,epoch,global_step,train_kl
0,1,1,2.061656436395077
1,1,2,1.2224656740824382
2,1,3,1.0599621006598077
3,1,4,0.9460279272780532
4,1,5,0.9491717720492966
5,1,6,0.917153611912259
6,1,7,0.9876832949618498
7,1,8,0.9615724433790004
8,1,9,0.9159053052287728
9,1,10,0.9126452359681329
10,1,11,0.9156613750383257
11,1,12,0.8871374066386906
12,1,13,0.9406363727037038
13,1,14,0.9157645991293802
14,1,15,0.926183760720527
15,1,16,0.9550309560838199
16,1,17,0.8869602033158853
17,1,18,0.9309996562522082
18,1,19,0.9647861318219275
19,1,20,0.862201509509413
20,1,21,0.8809571816541608
21,1,22,0.9088136728498196
22,1,23,0.86728601268537
23,1,24,0.9825999689111041
24,1,25,0.8522891442158392
25,1,26,0.8974668349449832
26,1,27,0.8584596041501278
27,1,28,0.9127547139789731
28,1,29,0.8480727789657455
29,1,30,0.8255681783581773
30,1,31,0.8344661019121605
31,1,32,0.8204785814464446
32,1,33,0.8792883117594534
33,1,34,0.8109291780606978
34,1,35,0.9024217962287368
35,1,36,0.8718311920362923
36,1,37,0.8255025387431183
37,1,38,0.8576803919193998
38,1,39,0.8610958255650032
39,1,40,0.8530350918881596
40,1,41,0.8171560931950809
41,1,42,0.8449832045783598
42,1,43,0.893800384231976
43,1,44,0.9178871134562153
44,1,45,0.8217042099595779
45,1,46,0.9445575716949646
46,1,47,0.9273145615478002
47,1,48,0.9290933679301467
48,1,49,0.889127995286669
49,1,50,0.935512440900008
50,1,51,0.8526666581719404
51,1,52,0.9111728729857577
52,1,53,0.8669078338758222
53,1,54,0.8827671981638384
54,1,55,0.8841059369788993
55,1,56,0.8563962735324387
56,1,57,0.8828893495457513
57,1,58,0.8843053650066611
58,1,59,0.9254500841101012
59,1,60,0.8814130753855264
60,1,61,0.8331843217435693
61,1,62,0.8990956439326204
62,1,63,0.8896677997406748
63,1,64,0.8368267309630201
64,1,65,0.8779314028853108
65,1,66,0.8664506859190407
66,1,67,0.9369597238089356
67,1,68,0.8574970369005487
68,1,69,0.8593980893492699
69,1,70,0.7878345677274323
70,1,71,0.8295679318585566
71,1,72,0.9034036146920351
72,1,73,0.8701713167219645
73,1,74,0.858684262482538
74,1,75,0.9033556875905819
75,1,76,0.8996534772838156
76,1,77,0.8462860433473474
77,1,78,0.8661747743109505
78,1,79,0.8375096246600151
79,1,80,0.913945824683954
80,1,81,0.9135246283951262
81,1,82,0.8475847152017412
82,1,83,0.7861700835859492
83,1,84,0.7986784382235437
84,1,85,0.8526069330317632
85,1,86,0.8926962076996764
86,1,87,0.8671820259963472
87,1,88,0.8323350323231093
88,1,89,0.8499595368990587
89,1,90,0.9070179935633425
90,1,91,0.8825691283813545
91,1,92,0.8070813340711452
92,1,93,0.8769010965313228
93,1,94,0.8628041229787328
94,1,95,0.8336110535255146
95,1,96,0.9624145187747977
96,1,97,0.8928864584969622
97,1,98,0.8511173631995917
98,1,99,0.898826099444358
99,1,100,0.7672941037897199
100,1,101,0.8643915332144214
101,1,102,0.8495777514097945
102,1,103,0.8065831623084488
103,1,104,0.9568471141780416
104,1,105,0.8666414107595171
105,1,106,0.875580256050896
106,1,107,0.8219684380150978
107,1,108,0.8279702635038467
108,1,109,0.8515074736926527
109,1,110,0.7805283462540025
110,1,111,0.8446247022865074
111,1,112,0.8265499285466611
112,1,113,0.8618243702554277
113,1,114,0.8671985728267045
114,1,115,0.9329144852235914
115,1,116,0.8874636065392266
116,1,117,0.8624247873556754
117,1,118,0.853699672612406
118,1,119,0.8576039337508736
119,1,120,0.837385705849599
120,1,121,0.8973945898136925
121,1,122,0.8323373621374014
122,1,123,0.8618250808545521
123,1,124,0.8734418739387323
124,1,125,0.8535302643265044
125,1,126,0.9193055693592345
126,1,127,0.8678293750355286
127,1,128,0.9270194286391847
128,1,129,0.854116313869045
129,1,130,0.8678604654435601
130,1,131,0.8625204880899262
131,1,132,0.8716051344360626
132,1,133,0.9263869372773028
133,1,134,0.890452466062492
134,1,135,0.873417839407921
135,1,136,0.8284606996125407
136,1,137,0.8361301434980262
137,1,138,0.8511709387502856
138,1,139,0.8259880067337128
139,1,140,0.844343899793568
140,1,141,0.8941736857938978
141,1,142,0.8544060755077572
142,1,143,0.8991924485058658
143,1,144,0.8346327508223198
144,1,145,0.8657546007917041
145,1,146,0.8918808522146372
146,1,147,0.8908134889788925
147,1,148,0.9019589793114435
148,1,149,0.8579831139095836
149,1,150,0.8494942644611
150,1,151,0.7795711215585471
151,1,152,0.849412220796304
152,1,153,0.8183065602733267
153,1,154,0.8808938004519969
154,1,155,0.8249298094638757
155,1,156,0.8377922130970372
156,1,157,0.8462779020136666
157,1,158,0.8989719490831097
158,1,159,0.8430815786566763
159,1,160,0.8654839148124058
160,1,161,0.8204828242860024
161,1,162,0.919906317566832
162,1,163,0.8244571700426084
163,1,164,0.8292693715719948
164,1,165,0.8682605141241637
165,1,166,0.943183103487605
166,1,167,0.9173704428997422
167,1,168,0.8169243914030846
168,1,169,0.8425256158003495
169,1,170,0.8595922129849591
170,1,171,0.7617493433478687
171,1,172,0.840780729827072
172,1,173,0.8963358771233332
173,1,174,0.9036526529428859
174,1,175,0.8427997208643884
175,1,176,0.808894148140791
176,1,177,0.8421090697160079
177,1,178,0.8787314494007401
178,1,179,0.813773556479386
179,1,180,0.8475809048506476
180,1,181,0.8472030318475198
181,1,182,0.8438288979675798
182,1,183,0.8222584468090819
183,1,184,0.8552757108229256
184,1,185,0.8540835938904257
185,1,186,0.843855668258454
186,1,187,0.8726085257893871
187,1,188,0.8931876577525623
188,1,189,0.8350778336947162
189,1,190,0.874690623333057
190,1,191,0.8864230824900524
191,1,192,0.8510364153910253
192,1,193,0.8124139958416068
193,1,194,0.8152574280365592
194,1,195,0.8741331126186109
195,1,196,0.8240135681726748
196,1,197,0.8253162510560028
197,1,198,0.7995533189470215
198,1,199,0.870691249435324
199,1,200,0.8446676599837484
200,1,201,0.9216012196349244
201,1,202,0.8772110418815698
202,1,203,0.8254518811369225
203,1,204,0.8625546492902294
204,1,205,0.9246298648594389
205,1,206,0.8192986440179605
206,1,207,0.8606802612720499
207,1,208,0.8566647147138912
208,1,209,0.8102992239541242
209,1,210,0.817695332402807
210,1,211,0.9235261188199121
211,1,212,0.8412236895057418
212,1,213,0.8561944935603866
213,1,214,0.8519291043325903
214,1,215,0.8669653359268392
215,1,216,0.8761464706843807
216,1,217,0.8320770596065338
217,1,218,0.910510358356294
218,1,219,0.8723636512821984
219,1,220,0.8111534170540314
220,1,221,0.8210095806224715
221,1,222,0.772844244193818
222,1,223,0.9393575510364913
223,1,224,0.9212379488606183
224,1,225,0.862569268571124
225,1,226,0.8735795601803279
226,1,227,0.8314678764325522
227,1,228,0.8513932344281956
228,1,229,0.8240013725035601
229,1,230,0.8133115615429624
230,1,231,0.8482745928867231
231,1,232,0.8989611513291795
232,1,233,0.8649178651560631
233,1,234,0.8652104476378077
234,1,235,0.84128741015281
235,1,236,0.8371674519120939
236,1,237,0.8286839730682826
237,1,238,0.8227087675283353
238,1,239,0.9124839521412338
239,1,240,0.7991562878180831
240,1,241,0.9727629272577663
241,1,242,0.8368020268778006
242,1,243,0.8074804291661298
243,1,244,0.8399280848070271
244,1,245,0.8511654351438794
245,1,246,0.8373094121038559
246,1,247,0.8438282517627591
247,1,248,0.8522361948687052
248,1,249,0.8461740061729438
249,1,250,0.8416379055762221
250,1,251,0.8564388010473478
251,1,252,0.8505530466015141
252,1,253,0.8802998777745025
253,1,254,0.961334581886019
254,1,255,0.8974788786976466
255,1,256,0.8612842690864845
256,1,257,0.9021605469862974
257,1,258,0.8909848649054767
258,1,259,0.8117955516846408
259,1,260,0.8403839397554597
260,1,261,0.8844761049286238
261,1,262,0.9216001140663311
262,1,263,0.8615071128033811
263,1,264,0.8138364258754467
264,1,265,0.7844406941772573
265,1,266,0.7950418622543416
266,1,267,0.8545128816650025
267,1,268,0.8890795044689661
268,1,269,0.8681952069912638
269,1,270,0.8577190057064096
270,1,271,0.8623532063904265
271,1,272,0.7902446875703476
272,1,273,0.8451400954010231
273,1,274,0.8631906076556161
274,1,275,0.8964073361518483
275,1,276,0.8510078088868231
276,1,277,0.8339388932190127
277,1,278,0.8692849768946568
278,1,279,0.848380346427716
279,1,280,0.7832440816398178
280,1,281,0.9021676129639324
281,1,282,0.8752861151116944
282,1,283,0.8480250322747798
283,1,284,0.8586479230739532
284,1,285,0.9211273813797604
285,1,286,0.8209614735540182
286,1,287,0.8341957840270231
287,1,288,0.8447528480596488
288,1,289,0.9090706901181312
289,1,290,0.914562897823219
290,1,291,0.8459169732273688
291,1,292,0.8226392670046715
292,1,293,0.7935816062215183
293,1,294,0.8561434929835653
294,1,295,0.8353065836376378
295,1,296,0.7849749953796467
296,1,297,0.8377005966557632
297,1,298,0.7981066539706219
298,1,299,0.8015476444381335
299,1,300,0.8323234523025653
300,1,301,0.8359975318557449
301,1,302,0.9320953334016456
302,1,303,0.8391242137710965
303,1,304,0.8581759133819671
304,1,305,0.8587017650494263
305,1,306,0.820468164492576
306,1,307,0.8005502316879022
307,1,308,0.8348659738188698
308,1,309,0.9027471532823429
309,1,310,0.838283860013776
310,1,311,0.8958808325585865
311,1,312,0.8169942060485484
312,1,313,0.8281273903059109
313,1,314,0.7666770518713053
314,1,315,0.7920991483454903
315,1,316,0.9062587098839381
316,1,317,0.8444555124179237
317,1,318,0.8847883522200086
318,1,319,0.819243619883699
319,1,320,0.8412280493593287
320,1,321,0.8242292160256988
321,1,322,0.8723477316310718
322,1,323,0.8462043321203621
323,1,324,0.8757511225218573
324,1,325,0.8263866075181536
325,1,326,0.9042318896168756
326,1,327,0.8047555326262401
327,1,328,0.774097553742606
328,1,329,0.8585540856279077
329,1,330,0.9287973500433421
330,1,331,0.8348203635818903
331,1,332,0.8598843722914654
332,1,333,0.8097165331599259
333,1,334,0.8330979369403352
334,1,335,0.8994251685217022
335,1,336,0.8805582757507052
336,1,337,0.911555103248074
337,1,338,0.8030046933064504
338,1,339,0.8508262066170571
339,1,340,0.9047580846984472
340,1,341,0.8656310865300751
341,1,342,0.8063574303828532
342,1,343,0.9924311631669601
343,1,344,0.8139974658288771
344,1,345,0.8119066439214205
345,1,346,0.8212542092605005
346,1,347,0.9028535263524168
347,1,348,0.8070682824722356
348,1,349,0.820708317172137
349,1,350,0.8417921225052503
350,1,351,0.81264567599144
351,1,352,0.8125569767185621
352,1,353,0.8965797963153038
353,1,354,0.9198775489681533
354,1,355,0.8312383129128388
355,1,356,0.8519454090190784
356,1,357,0.8819476615282751
357,1,358,0.9139227444483411
358,1,359,0.8651779739718352
359,1,360,0.8578577479791075
360,1,361,0.8638388614303301
361,1,362,0.8566500819731682
362,1,363,0.8842819585420545
363,1,364,0.8362044586933087
364,1,365,0.8327662277345858
365,1,366,0.8522361001177206
366,1,367,0.9464991631962006
367,1,368,0.8684996222367598
368,1,369,0.8348260644956359
369,1,370,0.8698187269536513
370,1,371,0.8301940526635874
371,1,372,0.8555704344152695
372,1,373,0.8166290940273375
373,1,374,0.8320481712442069
374,1,375,0.8516181449716288
375,1,376,0.7964220579624888
376,1,377,0.8450109524696711
377,1,378,0.8202405145968357
378,1,379,0.8955833100314651
379,1,380,0.8368654587705221
380,1,381,0.8463742678896304
381,1,382,0.8660812754893588
382,1,383,0.904397947979825
383,1,384,0.8735480223161479
384,1,385,0.8267811952779691
385,1,386,0.8586597343285879
386,1,387,0.8335520518677574
387,1,388,0.8535092768392393
388,1,389,0.9096896547070217
389,1,390,0.8432499156998734
390,1,391,0.8091556992204417
391,1,392,0.8324854569287883
392,1,393,0.9051921559231623
393,1,394,0.8638677777545082
394,1,395,0.8314294130763128
395,1,396,0.9039907688274978
396,1,397,0.856357210559682
397,1,398,0.8351828304695942
398,1,399,0.8968039910708157
399,1,400,0.9329013280969645
400,1,401,0.7866158819358264
401,1,402,0.7933980493052377
402,1,403,0.8166569583117963
403,1,404,0.8424042629388472
404,1,405,0.7678003252616952
405,1,406,0.9077799448832159
406,1,407,0.89172984686281
407,1,408,0.8301417692786172
408,1,409,0.853792615944431
409,1,410,0.8732956801541149
410,1,411,0.922281596188744
411,1,412,0.8614317888305301
412,1,413,0.8201807323798893
413,1,414,0.8162212876957797
414,1,415,0.8811258526430245
415,1,416,0.8918047536696706
416,1,417,0.8796981574878808
417,1,418,0.7967896956418241
418,1,419,0.7991810178916369
419,1,420,0.7900138192233584
420,1,421,0.8768906186645229
421,1,422,0.8185528995735304
422,1,423,0.8580900485006471
423,1,424,0.8553915166606505
424,1,425,0.8423145544670876
425,1,426,0.8332042506053333
426,1,427,0.8301304986789114
427,1,428,0.8437614994389668
428,1,429,0.8341849722589055
429,1,430,0.8808173310189019
430,1,431,0.9320631583797789
431,1,432,0.8952773005612905
432,1,433,0.8511150998639918
433,1,434,0.8517527868084254
434,1,435,0.8370344112405467
435,1,436,0.8542923477167886
436,1,437,0.9259653034664337
437,1,438,0.8755808343800406
438,1,439,0.8075723686654653
439,1,440,0.8353720598277592
440,1,441,0.8370335728284859
441,1,442,0.8725217502741586
442,1,443,0.7974904853229721
443,1,444,0.8483459709123486
444,1,445,0.8450882205562221
445,1,446,0.8822536951019649
446,1,447,0.8785773422790779
447,1,448,0.8487150496137994
448,1,449,0.8428283815405199
449,1,450,0.7877981429032627
450,1,451,0.8795699139480433
451,1,452,0.8191841072181152
452,1,453,0.8925971873991546
453,1,454,0.8159541239784586
454,1,455,0.859646866009349
455,1,456,0.8092631311821087
456,1,457,0.8279299633577465
457,1,458,0.8611391167644235
458,1,459,0.8595952393620143
459,1,460,0.8488421399988944
460,1,461,0.7998069250690086
461,1,462,0.8480216089103904
462,1,463,0.8177828835323453
463,1,464,0.8063343045346085
464,1,465,0.7889144714433878
465,1,466,0.89462934363456
466,1,467,0.8214174585549958
467,1,468,0.8247404786802472
468,1,469,0.8406845398602033
469,1,470,0.8242189312531125
470,1,471,0.8162688459491446
471,1,472,0.8785460792659294
472,1,473,0.7930749131898792
473,1,474,0.8128372666736445
474,1,475,0.8574593791826848
475,1,476,0.8841725417545864
476,1,477,0.7862102609748642
477,1,478,0.9598373428785376
478,1,479,0.8295870044579108
479,1,480,0.8671628577368599
480,1,481,0.8885998246925216
481,1,482,0.7977837378026119
482,1,483,0.890770668252593
483,1,484,0.8068778154750667
484,1,485,0.8072620503427017
485,1,486,0.8696879997317281
486,1,487,0.8361147305972519
487,1,488,0.894843034801029
488,1,489,0.898705059396369
489,1,490,0.9044989482277918
490,1,491,0.79013322256062
491,1,492,0.8190318576415025
492,1,493,0.8210308305653079
493,1,494,0.782335538040137
494,1,495,0.8411698821222499
495,1,496,0.8132276879180047
496,1,497,0.7993703742422874
497,1,498,0.8267869131550903
498,1,499,0.8513640934778821
499,1,500,0.8303800271380516
500,1,501,0.9050946129219871
501,1,502,0.7859362921721877
502,1,503,0.8030385151061983
503,1,504,0.7923182450855772
504,1,505,0.8173420870499241
505,1,506,0.8762360074379967
506,1,507,0.8190290458234296
507,1,508,0.859762549999037
508,1,509,0.8238608836462455
509,1,510,0.8663536120383512
510,1,511,0.876577688580645
511,1,512,0.9229244425271949
512,1,513,0.8094527733822663
513,1,514,0.8305947990821941
514,1,515,0.7976633054204285
515,1,516,0.7988655238988854
516,1,517,0.8936212882843045
517,1,518,0.8091735741611393
518,1,519,0.8227486761641644
519,1,520,0.7986382069509652
520,1,521,0.8151245844506082
521,1,522,0.8519408485319997
522,1,523,0.8263654243866247
523,1,524,0.9097684403615339
524,1,525,0.8720381470131022
525,1,526,0.791510089189701
526,1,527,0.7893302013565388
527,1,528,0.8387001330653826
528,1,529,0.8321924402289802
529,1,530,0.8924224465375854
530,1,531,0.7602351858457994
531,1,532,0.8963728398084639
532,1,533,0.8170574460444707
533,1,534,0.8986389167562484
534,1,535,0.7835622032926906
535,1,536,0.869450866289082
536,1,537,0.8569339773662032
537,1,538,0.8746813774286281
538,1,539,0.8057753702936075
539,1,540,0.7961809457767578
540,1,541,0.8228322701484321
541,1,542,0.8441761829446824
542,1,543,0.8213441428240567
543,1,544,0.8592973377644304
544,1,545,0.8142245791275943
545,1,546,0.8512269405736809
546,1,547,0.8020795996389575
547,1,548,0.8199998640366607
548,1,549,0.8516384446106497
549,1,550,0.8506126029062129
550,1,551,0.8439807341700153
551,1,552,0.819680997303554
552,1,553,0.8360097199190584
553,1,554,0.7995976034241418
554,1,555,0.8053847757345508
555,1,556,0.8585883226423037
556,1,557,0.8768119345463459
557,1,558,0.8678343292059643
558,1,559,0.904141515315998
559,1,560,0.8400621003072175
560,1,561,0.8343051794384208
561,1,562,0.8168788687104269
562,1,563,0.9355641591717444
563,1,564,0.8681058547947377
564,1,565,0.7975264130426305
565,1,566,0.8529348193800873
566,1,567,0.8107946901138695
567,1,568,0.8176153790693551
568,1,569,0.8359550288434896
569,1,570,0.8536150931336338
570,1,571,0.8640710349593845
571,1,572,0.8279457212913602
572,1,573,0.883165532767418
573,1,574,0.8951249818894126
574,1,575,0.8172883912477462
575,1,576,0.8016658630222082
576,1,577,0.8306675259955227
577,1,578,0.8502652762635124
578,1,579,0.8567145847316298
579,1,580,0.7785123596854863
580,1,581,0.9031334776608717
581,1,582,0.8666139891415479
582,1,583,0.8926981222771463
583,1,584,0.8380385393808996
584,1,585,0.7706364167055912
585,1,586,0.7918550956196018
586,1,587,0.8857445139437915
587,1,588,0.8374204626085145
588,1,589,0.8095973210320586
589,1,590,0.8303708081089316
590,1,591,0.8556959981630955
591,1,592,0.8914123003238014
592,1,593,0.8231982617372913
593,1,594,0.8347502202460809
594,1,595,0.8930324508719855
595,1,596,0.8361002674459347
596,1,597,0.8752655239243592
597,1,598,0.8270736680853935
598,1,599,0.8925324701482342
599,1,600,0.8427098946911947
600,1,601,0.8201132189659845
601,1,602,0.8005504928351868
602,1,603,0.8609765813730302
603,1,604,0.8633276063372337
604,1,605,0.8719513169268056
605,1,606,0.8723683322203304
606,1,607,0.884161350539043
607,1,608,0.8361126258525821
608,1,609,0.8037099034658499
609,1,610,0.8238102006060736
610,1,611,0.8253091186329369
611,1,612,0.8005012575803057
612,1,613,0.8958730551281145
613,1,614,0.7872065695534859
614,1,615,0.8151399260386825
615,1,616,0.8876872824150182
616,1,617,0.80868802942513
617,1,618,0.8377707425859714
618,1,619,0.821042122274992
619,1,620,0.8027354000313651
620,1,621,0.8210734196805529
621,1,622,0.8129506626476845
622,1,623,0.8595051891613928
623,1,624,0.9115767245003512
624,1,625,0.876874652779883
625,1,626,0.8733520599170811
626,1,627,0.8513790618938706
627,1,628,0.8131771799664766
628,1,629,0.8423648753336498
629,1,630,0.9113247015380433
630,1,631,0.833019487205006
631,1,632,0.8149401595195135
632,1,633,0.8446826150507799
633,1,634,0.8512418394952658
634,1,635,0.8656362433518681
635,1,636,0.8525682740756089
636,1,637,0.8187675904926089
637,1,638,0.8238626530260913
638,1,639,0.8473296991017248
639,1,640,0.796582495017598
640,1,641,0.875128373769777
641,1,642,0.8033397556726067
642,1,643,0.8564030395909432
643,1,644,0.8103695293844098
644,1,645,0.8674247845386466
645,1,646,0.8395673978541578
646,1,647,0.8950665394021643
647,1,648,0.7990645754949324
648,1,649,0.9052992437389636
649,1,650,0.8287307648431688
650,1,651,0.9119047248469931
651,1,652,0.8705769495240279
652,1,653,0.8854313640899601
653,1,654,0.8621847455700238
654,1,655,0.8227822491455645
655,1,656,0.804142023946735
656,1,657,0.845953142669584
657,1,658,0.7614255644203651
658,1,659,0.810718836129776
659,1,660,0.9477530913870958
660,1,661,0.8408042391141255
661,1,662,0.8573941484625851
662,1,663,0.8316752965828139
663,1,664,0.8610198436016661
664,1,665,0.8727181282648373
665,1,666,0.826852107686656
666,1,667,0.7549269541632384
667,1,668,0.8558559435907575
668,1,669,0.7876483867211002
669,1,670,0.8867231315622727
670,1,671,0.8675403346839758
671,1,672,0.8045788151877266
672,1,673,0.8898884536964552
673,1,674,0.8198833439188701
674,1,675,0.8544292935791115
675,1,676,0.8513584120997362
676,1,677,0.8262478059956007
677,1,678,0.8773896698174732
678,1,679,0.7959632859565318
679,1,680,0.8037166151085071
680,1,681,0.8599043094686101
681,1,682,0.8994993686099493
682,1,683,0.811445728698302
683,1,684,0.8365103150052684
684,1,685,0.844178668888552
685,1,686,0.8185145436741768
686,1,687,0.7970360625269157
687,1,688,0.8708584234561949
688,1,689,0.8271392752372081
689,1,690,0.7767418102316914
690,1,691,0.83995533464033
691,1,692,0.7844924832295094
692,1,693,0.8453054899083717
693,1,694,0.8393883670768922
694,1,695,0.8770699451810547
695,1,696,0.833254934599002
696,1,697,0.8316862567860102
697,1,698,0.8581334644751177
698,1,699,0.8210730115395217
699,1,700,0.8953992266740116
700,1,701,0.8591373266341785
701,1,702,0.8535262143815912
702,1,703,0.848414626970355
703,1,704,0.8719063187683267
704,1,705,0.7577460036790443
705,1,706,0.8635826902020544
706,1,707,0.7952018412096159
707,1,708,0.8812387486298879
708,1,709,0.8026862773778185
709,1,710,0.9368444207523549
710,1,711,0.8985645999200641
711,1,712,0.8309945013773228
712,1,713,0.8569309055095627
713,1,714,0.8970968581381297
714,1,715,0.8250795686174006
715,1,716,0.8350740596652031
716,1,717,0.8679990381933748
717,1,718,0.8473431657378875
718,1,719,0.8929837914627223
719,1,720,0.8703564856024018
720,1,721,0.8165373570684873
721,1,722,0.876275556073302
722,1,723,0.9575895428480137
723,1,724,0.8585702372005298
724,1,725,0.9217164355019727
725,1,726,0.8345739085315949
726,1,727,0.7925359846004063
727,1,728,0.9107388665988333
728,1,729,0.803014484478072
729,1,730,0.7735860993243046
730,1,731,0.8012432204337702
731,1,732,0.8582598712916175
732,1,733,0.8667909032665193
733,1,734,0.8024583519658163
734,1,735,0.8627459638352905
735,1,736,0.834785404038571
736,1,737,0.8149655186349438
737,1,738,0.8442016234177918
738,1,739,0.8535027569159865
739,1,740,0.8143648638700446
740,1,741,0.8547443001353668
741,1,742,0.8780601045028084
742,1,743,0.8316881708091215
743,1,744,0.8592689249309755
744,1,745,0.817486675500515
745,1,746,0.8379767603640046
746,1,747,0.8256844789499328
747,1,748,0.847447722618069
748,1,749,0.7798660805537587
749,1,750,0.855563452245579
750,1,751,0.8300359770655632
751,1,752,0.8816440298576796
752,1,753,0.8269997272374373
753,1,754,0.8589057554712608
754,1,755,0.8384644605130667
755,1,756,0.9089261194070182
756,1,757,0.8160734517011967
757,1,758,0.8278586165979501
758,1,759,0.8457363066928727
759,1,760,0.8330103097749608
760,1,761,0.8600825774261641
761,1,762,0.8657811441946597
762,1,763,0.889798902551688
763,1,764,0.829957936801726
764,1,765,0.8585599862216484
765,1,766,0.8404176465812183
766,1,767,0.7844930590973016
767,1,768,0.8355011596965294
768,1,769,0.8464799678574004
769,1,770,0.8393911590932737
770,1,771,0.851294387309324
771,1,772,0.8355936425338898
772,1,773,0.9045330209746247
773,1,774,0.8284119413278642
774,1,775,0.8539882339315401
775,1,776,0.7937000406950357
776,1,777,0.8575411247355595
777,1,778,0.8066454450821594
778,1,779,0.8083677508291742
779,1,780,0.856571458102692
780,1,781,0.8601798564195633
781,1,782,0.8471417806244321
782,1,783,0.8752827123694478
783,1,784,0.9311987648585013
784,1,785,0.8362441727935914
785,1,786,0.9167967940281545
786,1,787,0.7584729501090588
787,1,788,0.8526950363912397
788,1,789,0.9095369746819849
789,1,790,0.7878828682892378
790,1,791,0.8136485473119787
791,1,792,0.788930060075862
792,1,793,0.8249169014216888
793,1,794,0.8594281729310751
794,1,795,0.864604208263613
795,1,796,0.8421548867287734
796,1,797,0.794590779003643
797,1,798,0.8458140963200659
798,1,799,0.8253521786647894
799,1,800,0.801365580010627
800,1,801,0.8767160380791341
801,1,802,0.8573082104946177
802,1,803,0.8003562803247146
803,1,804,0.817226427141577
804,1,805,0.8356809431154812
805,1,806,0.873790722384694
806,1,807,0.8813052129532609
807,1,808,0.7909640461827316
808,1,809,0.8615099570846984
809,1,810,0.7867446383904843
810,1,811,0.8353169060179165
811,1,812,0.8138115236402624
812,1,813,0.8389915322352735
813,1,814,0.7940905902179936
814,1,815,0.8284964244369241
815,1,816,0.7725965976715088
816,1,817,0.8390226655728406
817,1,818,0.8727252271824648
818,1,819,0.8556579154295224
819,1,820,0.8698640094537818
820,1,821,0.9053609657677868
821,1,822,0.8176014159717376
822,1,823,0.7889846990860642
823,1,824,0.8869765439913385
824,1,825,0.8231676844436498
825,1,826,0.8699409557462094
826,1,827,0.8690378263681419
827,1,828,0.8480035579053773
828,1,829,0.7917851748698882
829,1,830,0.8398824845485036
830,1,831,0.8292063575770173
831,1,832,0.8285959561887595
832,1,833,0.7965696823916264
833,1,834,0.8215632439546643
834,1,835,0.8776027660462119
835,1,836,0.8182194181052702
836,1,837,0.8380899330867186
837,1,838,0.8329543896196855
838,1,839,0.7545634319429243
839,1,840,0.8697159507178835
840,1,841,0.7930541524131385
841,1,842,0.8381350364181258
842,1,843,0.7983032825757705
843,1,844,0.7611348483312343
844,1,845,0.8457618828729859
845,1,846,0.8424107341450593
846,1,847,0.8328168454269569
847,1,848,0.839016602485485
848,1,849,0.8219147289526604
849,1,850,0.8618874720608195
850,1,851,0.8823858348741419
851,1,852,0.9023991708776782
852,1,853,0.8797691577069818
853,1,854,0.8196445460919114
854,1,855,0.9060294297745539
855,1,856,0.7892049870320731
856,1,857,0.7982790572568773
857,1,858,0.8320854251228627
858,1,859,0.8642464938484841
859,1,860,0.8308317446415975
860,1,861,0.9106793710296708
861,1,862,0.8290382346493147
862,1,863,0.8240092527343049
863,1,864,0.7905414948860803
864,1,865,0.8861759261095098
865,1,866,0.8788922963043053
866,1,867,0.7858589449453922
867,1,868,0.8527721737821898
868,1,869,0.7836316226138954
869,1,870,0.8487003867824873
870,1,871,0.8632552041006939
871,1,872,0.8582700604927681
872,1,873,0.9094944717362522
873,1,874,0.827117533201263
874,1,875,0.761157226260929
875,1,876,0.8073616636739599
876,1,877,0.8021884843751433
877,1,878,0.834249177326759
878,1,879,0.8050749381516308
879,1,880,0.7903309979786475
880,1,881,0.8426398910759461
881,1,882,0.841996584065436
882,1,883,0.8428364703209983
883,1,884,0.9430548381060359
884,1,885,0.8602911745464162
885,1,886,0.8649533344876198
886,1,887,0.8327693421216236
887,1,888,0.7599744449059166
888,1,889,0.8150968285100092
889,1,890,0.8135170773381277
890,1,891,0.8419148531698047
891,1,892,0.8493006782872333
892,1,893,0.7996994271164848
893,1,894,0.9190616174822763
894,1,895,0.8884970510289782
895,1,896,0.8647432483599654
896,1,897,0.7608332507134904
897,1,898,0.8340457551890895
898,1,899,0.8331280114750068
899,1,900,0.8681071673386862
900,1,901,0.862330813271304
901,1,902,0.862086679431654
902,1,903,0.8957778942726908
903,1,904,0.8607413646144171
904,1,905,0.8314842075286876
905,1,906,0.8105842914609682
906,1,907,0.8746403034865146
907,1,908,0.7710597100002425
908,1,909,0.8563247537683871
909,1,910,0.8430975120780723
910,1,911,0.7796620577573775
911,1,912,0.8872000276377157
912,1,913,0.787579022392276
913,1,914,0.7954687497223771
914,1,915,0.8747071292517442
915,1,916,0.8033646721658962
916,1,917,0.844853767459946
917,1,918,0.7984495317740808
918,1,919,0.7798343633656345
919,1,920,0.7706615590889538
920,1,921,0.9159952281929908
921,1,922,0.8669449250169453
922,1,923,0.8535207106864877
923,1,924,0.8471646286281093
924,1,925,0.8268029425914087
925,1,926,0.838958092033863
926,1,927,0.8654001730582898
927,1,928,0.8702218258930814
928,1,929,0.7964488571243628
929,1,930,0.823092070896001
930,1,931,0.8810582101744199
931,1,932,0.8512349632524312
932,1,933,0.8067363685307405
933,1,934,0.8016272491021526
934,1,935,0.7946523087587031
935,1,936,0.8940797251028317
936,1,937,0.7909615123422727
937,1,938,0.8617826130329854
938,1,939,0.7632324092888407
939,1,940,0.8473321460187435
940,1,941,0.9333365251798005
941,1,942,0.806189260689453
942,1,943,0.7837198328758989
943,1,944,0.8276160914850023
944,1,945,0.8161006120831837
945,1,946,0.8475284172399415
946,1,947,0.8631640260684348
947,1,948,0.8537512822520166
948,1,949,0.8414424454261149
949,1,950,0.8352456594418203
950,1,951,0.8565510571269052
951,1,952,0.8470785359275482
952,1,953,0.8532262291049674
953,1,954,0.7949258589762306
954,1,955,0.795977945262123
955,1,956,0.8356716088241055
956,1,957,0.8103552592607836
957,1,958,0.8244475889950991
958,1,959,0.8288407544827179
959,1,960,0.8264549325353334
960,1,961,0.8249866449761958
961,1,962,0.8027287424497663
962,1,963,0.8647580680747827
963,1,964,0.8436839796514028
964,1,965,0.8090699307975313
965,1,966,0.8454868411645294
966,1,967,0.8872570322072576
967,1,968,0.7969352424676929
968,1,969,0.8302359209795083
969,1,970,0.8193332680190603
970,1,971,0.8096997567142047
971,1,972,0.7907679865491533
972,1,973,0.8385996780402603
973,1,974,0.8334859333311521
974,1,975,0.83411561169972
975,1,976,0.8681962650624058
976,1,977,0.8243804315016383
977,1,978,0.7928107449163994
978,1,979,0.8354360771675906
979,1,980,0.9094791607487769
980,1,981,0.8037217405757735
981,1,982,0.7441783180637727
982,1,983,0.8312432441328252
983,1,984,0.8439036461835107
984,1,985,0.9025344827788928
985,1,986,0.8156516195407935
986,1,987,0.8436031683924654
987,1,988,0.8610781162223291
988,1,989,0.7592640637331421
989,1,990,0.8391017832216763
990,1,991,0.834285029697986
991,1,992,0.8524614565429234
992,1,993,0.8722192822467713
993,1,994,0.8587320653632992
994,1,995,0.854612535508793
995,1,996,0.8699454512624514
996,1,997,0.8153732816378276
997,1,998,0.8647520817106679
998,1,999,0.8207861291067232
999,1,1000,0.8346840853669814
1000,1,1001,0.8178793838070262
1001,1,1002,0.804259171886813
1002,1,1003,0.8539737384721993
1003,1,1004,0.8505834894520896
1004,1,1005,0.8730485050140747
1005,1,1006,0.8679096395194178
1006,1,1007,0.7921200796207857
1007,1,1008,0.8263929727531615
1008,1,1009,0.7883047940475602
1009,1,1010,0.7810663497075438
1010,1,1011,0.878734500812633
1011,1,1012,0.7875197579019836
1012,1,1013,0.8050123520550275
1013,1,1014,0.8211705968936994
1014,1,1015,0.8275841670997793
1015,1,1016,0.8033161768689752
1016,1,1017,0.8462699547276965
1017,1,1018,0.8179890851357153
1018,1,1019,0.8045591000644933
1019,1,1020,0.8909753376529331
1020,1,1021,0.7630442544108347
1021,1,1022,0.8589447146902481
1022,1,1023,0.8286404499695413
1023,1,1024,0.7929352207020635
1024,1,1025,0.8073976599566993
1025,1,1026,0.8046190804314044
1026,1,1027,0.8228458608500662
1027,1,1028,0.8258699516189242
1028,1,1029,0.8373114346925701
1029,1,1030,0.8477998906746508
1030,1,1031,0.813835366362972
1031,1,1032,0.8099261438917547
1032,1,1033,0.7724414009024344
1033,1,1034,0.8255456636349361
1034,1,1035,0.8224951094238175
1035,1,1036,0.8727884435405335
1036,1,1037,0.8149550954500836
1037,1,1038,0.8291273651023706
1038,1,1039,0.8830388174170538
1039,1,1040,0.8230612897092386
1040,1,1041,0.7826709398068488
1041,1,1042,0.851572755480274
1042,1,1043,0.8447154635962629
1043,1,1044,0.8520883605150239
1044,1,1045,0.8488021598064476
1045,1,1046,0.8044102268204804
1046,1,1047,0.8867518111531223
1047,1,1048,0.8485156642938302
1048,1,1049,0.8873942890647977
1049,1,1050,0.800789624896078
1050,1,1051,0.8543227643794601
1051,1,1052,0.9336173375846729
1052,1,1053,0.8743189462859716
1053,1,1054,0.8644906618588027
1054,1,1055,0.8575991805465448
1055,1,1056,0.887462811899327
1056,1,1057,0.8399228322364034
1057,1,1058,0.8236983504722868
1058,1,1059,0.8402850876251856
1059,1,1060,0.86512433072286
1060,1,1061,0.8267208854002611
1061,1,1062,0.8273841082561939
1062,1,1063,0.7666343254303292
1063,1,1064,0.828480662068441
1064,1,1065,0.8672556455823638
1065,1,1066,0.7929732081968159
1066,1,1067,0.8705883058054108
1067,1,1068,0.8142166132816956
1068,1,1069,0.8115649831348232
1069,1,1070,0.8329977892073137
1070,1,1071,0.8131743956445939
1071,1,1072,0.8225567913835958
1072,1,1073,0.836130046551781
1073,1,1074,0.7704828284193009
1074,1,1075,0.8106246678424732
1075,1,1076,0.8405659989054716
1076,1,1077,0.9027357934752388
1077,1,1078,0.8651121865869279
1078,1,1079,0.7785821700069522
1079,1,1080,0.8080899033784158
1080,1,1081,0.9279462597332897
1081,1,1082,0.8884908298828773
1082,1,1083,0.772529263803292
1083,1,1084,0.8480829301822399
1084,1,1085,0.7728423431426996
1085,1,1086,0.8358247175014446
1086,1,1087,0.8538376281836205
1087,1,1088,0.8695598280146007
1088,1,1089,0.815665331092619
1089,1,1090,0.8396409170347311
1090,1,1091,0.7925778883731083
1091,1,1092,0.841297499170261
1092,1,1093,0.8136367887657672
1093,1,1094,0.763830577200722
1094,1,1095,0.8401370261396681
1095,1,1096,0.7716870871594264
1096,1,1097,0.8037214888082373
1097,1,1098,0.8557558535110382
1098,1,1099,0.8597308059799528
1099,1,1100,0.7826368598090042
1100,1,1101,0.8393644066084001
1101,1,1102,0.8020922521217948
1102,1,1103,0.8579688886003124
1103,1,1104,0.8457665620815186
1104,1,1105,0.8331386716371137
1105,1,1106,0.8154788036342888
1106,1,1107,0.843818349320264
1107,1,1108,0.910662767056021
1108,1,1109,0.8533028145985944
1109,1,1110,0.8019805536827163
1110,1,1111,0.8009896206758207
1111,1,1112,0.7767234186952313
1112,1,1113,0.8570231802406766
1113,1,1114,0.8310074809761275
1114,1,1115,0.8294289880653933
1115,1,1116,0.8358343063543239
1116,1,1117,0.8153848083734158
1117,1,1118,0.8815921847930268
1118,1,1119,0.8078468213123936
1119,1,1120,0.8384926440415992
1120,1,1121,0.8497965966262632
1121,1,1122,0.7635609859911104
1122,1,1123,0.8532098554340856
1123,1,1124,0.7745575747408329
1124,1,1125,0.871975869117748
1125,1,1126,0.8534208010616049
1126,1,1127,0.7835022944158743
1127,1,1128,0.8049354802905803
1128,1,1129,0.8255093166427242
1129,1,1130,0.8497410185324648
1130,1,1131,0.8059308951986688
1131,1,1132,0.8468985255541547
1132,1,1133,0.7968673061668162
1133,1,1134,0.7607283665621211
1134,1,1135,0.8220030425471211
1135,1,1136,0.85014747868159
1136,1,1137,0.8850445534945243
1137,1,1138,0.7369128698704851
1138,1,1139,0.8244587683473669
1139,1,1140,0.7979988707894726
1140,1,1141,0.8132614971448976
1141,1,1142,0.8171876541205815
1142,1,1143,0.8729936047678902
1143,1,1144,0.8461768026685431
1144,1,1145,0.8168179396362535
1145,1,1146,0.8086259622969443
1146,1,1147,0.8292868941844928
0,2,1148,0.7647484044233956
1,2,1149,0.8765758018763291
2,2,1150,0.8405610266629429
3,2,1151,0.8297412284827306
4,2,1152,0.8448440038732121
5,2,1153,0.8096059771432054
6,2,1154,0.8160465136392129
7,2,1155,0.796652156770939
8,2,1156,0.8522169315256178
9,2,1157,0.7895284135426794
10,2,1158,0.806725258362435
11,2,1159,0.8367848114687062
12,2,1160,0.8593729070742571
13,2,1161,0.8527351573242673
14,2,1162,0.8050866352970756
15,2,1163,0.9073510034941138
16,2,1164,0.8821989024678868
17,2,1165,0.8836577684574183
18,2,1166,0.8119356568814035
19,2,1167,0.8184904389172081
20,2,1168,0.832740664748209
21,2,1169,0.7306565148755906
22,2,1170,0.8509212944301822
23,2,1171,0.7749309642683889
24,2,1172,0.8520554948952935
25,2,1173,0.8374527050625712
26,2,1174,0.8119825122966653
27,2,1175,0.8518535485047671
28,2,1176,0.8281248428282284
29,2,1177,0.8432366291415835
30,2,1178,0.8389836624042973
31,2,1179,0.806431417020836
32,2,1180,0.7740111624644626
33,2,1181,0.8187765689522382
34,2,1182,0.8768955080193424
35,2,1183,0.8717532416229092
36,2,1184,0.7822326986296547
37,2,1185,0.8287636703323753
38,2,1186,0.7857496143274365
39,2,1187,0.8189984644718824
40,2,1188,0.8532990250470383
41,2,1189,0.8798818393122584
42,2,1190,0.8356497323229202
43,2,1191,0.7536907899858695
44,2,1192,0.8068179739639164
45,2,1193,0.8455801027427827
46,2,1194,0.7788367309563216
47,2,1195,0.8590562422538089
48,2,1196,0.7904413437825583
49,2,1197,0.7880067844830808
50,2,1198,0.8253016547255574
51,2,1199,0.8381202829824317
52,2,1200,0.837646475061774
53,2,1201,0.7903379167297055
54,2,1202,0.8128531515775692
55,2,1203,0.841044153330759
56,2,1204,0.8333332468090314
57,2,1205,0.8030080244920793
58,2,1206,0.7787783093129594
59,2,1207,0.8680614323488303
60,2,1208,0.8114069754124754
61,2,1209,0.8377873665608822
62,2,1210,0.8051121536021433
63,2,1211,0.8209974845383493
64,2,1212,0.8503109620706667
65,2,1213,0.8147169387943688
66,2,1214,0.8732001879917722
67,2,1215,0.7877430461701894
68,2,1216,0.7745963392247048
69,2,1217,0.8569559071745192
70,2,1218,0.7926047064718746
71,2,1219,0.8211465708556629
72,2,1220,0.8362730827093832
73,2,1221,0.8250325767412071
74,2,1222,0.837971935935673
75,2,1223,0.8189006476618703
76,2,1224,0.8094907421175213
77,2,1225,0.9057446927541779
78,2,1226,0.7923925954937225
79,2,1227,0.8193242918433886
80,2,1228,0.8049834221601487
81,2,1229,0.832807470246085
82,2,1230,0.8757713685433068
83,2,1231,0.8415090731079024
84,2,1232,0.7859301614530739
85,2,1233,0.7882907124058831
86,2,1234,0.8301721843225615
87,2,1235,0.7955098396965437
88,2,1236,0.8462411028643451
89,2,1237,0.7976577330735466
90,2,1238,0.7965228419218745
91,2,1239,0.908119254568148
92,2,1240,0.7935052022249218
93,2,1241,0.8274080809427514
94,2,1242,0.8754886434679583
95,2,1243,0.8244020070525863
96,2,1244,0.7673803436614218
97,2,1245,0.8591752943272392
98,2,1246,0.8160174243329535
99,2,1247,0.8223910766121532
100,2,1248,0.7683422828669705
101,2,1249,0.8155747597726681
102,2,1250,0.8693234147060486
103,2,1251,0.805004183025587
104,2,1252,0.8477637446707202
105,2,1253,0.8029253924088108
106,2,1254,0.9224927128248273
107,2,1255,0.7430702232356581
108,2,1256,0.8738994545170237
109,2,1257,0.8023437043829333
110,2,1258,0.8327282607732786
111,2,1259,0.8161773245249474
112,2,1260,0.8198081532581929
113,2,1261,0.8237785836681724
114,2,1262,0.7967133326899438
115,2,1263,0.7965418045364676
116,2,1264,0.7845098619748438
117,2,1265,0.8242311095818877
118,2,1266,0.8404982772744481
119,2,1267,0.8719754258082028
120,2,1268,0.8325132112950087
121,2,1269,0.8419303290900731
122,2,1270,0.7872602340454855
123,2,1271,0.8735702888419229
124,2,1272,0.8483248927985275
125,2,1273,0.8391228024182574
126,2,1274,0.7802591361992416
127,2,1275,0.8282444216532722
128,2,1276,0.8456018036231399
129,2,1277,0.8868510043913762
130,2,1278,0.841562782125991
131,2,1279,0.7917546041842017
132,2,1280,0.8784544432447068
133,2,1281,0.8077128578110466
134,2,1282,0.8925322032356191
135,2,1283,0.8844244602091965
136,2,1284,0.8150074204341288
137,2,1285,0.8400516040800582
138,2,1286,0.8167390811168369
139,2,1287,0.8140604086220264
140,2,1288,0.8228988316176192
141,2,1289,0.8299873082322025
142,2,1290,0.8550625731503325
143,2,1291,0.8106876821922404
144,2,1292,0.7741883904451416
145,2,1293,0.8614877047726796
146,2,1294,0.9104263544792218
147,2,1295,0.8118513359111689
148,2,1296,0.8076800461415025
149,2,1297,0.8977515948936342
150,2,1298,0.8460195195816811
151,2,1299,0.8218084739831588
152,2,1300,0.8687118566151532
153,2,1301,0.8343284761178354
154,2,1302,0.8097070318957171
155,2,1303,0.7993598020236407
156,2,1304,0.8815990496160728
157,2,1305,0.827466330269263
158,2,1306,0.8608620403378848
159,2,1307,0.8370530246091742
160,2,1308,0.7319367898495069
161,2,1309,0.8332026417234114
162,2,1310,0.7859236906681741
163,2,1311,0.8720501944688814
164,2,1312,0.8744288362740051
165,2,1313,0.7628843760383981
166,2,1314,0.8354749465804724
167,2,1315,0.7796874865889549
168,2,1316,0.885051089649399
169,2,1317,0.8994236684936497
170,2,1318,0.8045655719581103
171,2,1319,0.8154920746261874
172,2,1320,0.7951832296592848
173,2,1321,0.8022894401413698
174,2,1322,0.8367354930156753
175,2,1323,0.7915884894540622
176,2,1324,0.8158006220169012
177,2,1325,0.8412466953464207
178,2,1326,0.8222403768450021
179,2,1327,0.8744433689197258
180,2,1328,0.8376615825330931
181,2,1329,0.8293896673602007
182,2,1330,0.9304320872983054
183,2,1331,0.8076010816065327
184,2,1332,0.8680389957901622
185,2,1333,0.7681254096373562
186,2,1334,0.7668049712443635
187,2,1335,0.8479967637076268
188,2,1336,0.8122349880147902
189,2,1337,0.7912684806755611
190,2,1338,0.8401984529835834
191,2,1339,0.8053454628790774
192,2,1340,0.8717725231933096
193,2,1341,0.8189979017756526
194,2,1342,0.8165694249882584
195,2,1343,0.831831257790327
196,2,1344,0.8145385357728673
197,2,1345,0.8169230968868803
198,2,1346,0.8760352564665178
199,2,1347,0.833115729592031
200,2,1348,0.8773660063743592
201,2,1349,0.8458478811995259
202,2,1350,0.7919162522247504
203,2,1351,0.8597567255298296
204,2,1352,0.8971354517021348
205,2,1353,0.84123387063543
206,2,1354,0.8889136108392404
207,2,1355,0.8202252685358483
208,2,1356,0.8304492228087926
209,2,1357,0.7803735552754785
210,2,1358,0.8813293872489817
211,2,1359,0.9260603772431969
212,2,1360,0.8256574177538002
213,2,1361,0.8190892126322503
214,2,1362,0.8394587236412225
215,2,1363,0.8573145057473864
216,2,1364,0.8518222998827697
217,2,1365,0.857639452886014
218,2,1366,0.7924558212537142
219,2,1367,0.8256189882577886
220,2,1368,0.8131397828637132
221,2,1369,0.7946988441759631
222,2,1370,0.7773476887405627
223,2,1371,0.8127379792609385
224,2,1372,0.8089386887981422
225,2,1373,0.8735421661376241
226,2,1374,0.8278498935424502
227,2,1375,0.8125866326902593
228,2,1376,0.7931036658230282
229,2,1377,0.7608624226413665
230,2,1378,0.7626341749426154
231,2,1379,0.8656260045688778
232,2,1380,0.8360799291126785
233,2,1381,0.8161098773014688
234,2,1382,0.8663958889831391
235,2,1383,0.860726036486172
236,2,1384,0.9000269702325264
237,2,1385,0.8057313388036118
238,2,1386,0.8760623710806528
239,2,1387,0.7753623778976144
240,2,1388,0.7775717660163839
241,2,1389,0.8096995071641037
242,2,1390,0.7982291338654856
243,2,1391,0.8131645163964657
244,2,1392,0.8025549680127628
245,2,1393,0.8084280587333654
246,2,1394,0.8477267570394492
247,2,1395,0.8551102792844174
248,2,1396,0.8790430873410686
249,2,1397,0.76334686954284
250,2,1398,0.843697232460337
251,2,1399,0.8076181472944362
252,2,1400,0.8565455233412129
253,2,1401,0.8204779277245203
254,2,1402,0.8428429981161442
255,2,1403,0.9047041881297319
256,2,1404,0.8395044949970074
257,2,1405,0.927239566464864
258,2,1406,0.8296933209390513
259,2,1407,0.7979826861327248
260,2,1408,0.8297013091810401
261,2,1409,0.7965352421936889
262,2,1410,0.7958356727225084
263,2,1411,0.8540059545387823
264,2,1412,0.873721128418332
265,2,1413,0.8635688920815787
266,2,1414,0.8382762350319398
267,2,1415,0.82447754860013
268,2,1416,0.8896033979641894
269,2,1417,0.8451849380951552
270,2,1418,0.8560406689842542
271,2,1419,0.8630341494101142
272,2,1420,0.766327186931102
273,2,1421,0.7243117021973288
274,2,1422,0.8133159487818679
275,2,1423,0.7881997994014195
276,2,1424,0.8105148796125182
277,2,1425,0.8112195772784097
278,2,1426,0.8902290215316628
279,2,1427,0.791818625160626
280,2,1428,0.7673369608375998
281,2,1429,0.8557197346928574
282,2,1430,0.8092172917954268
283,2,1431,0.8580699263450999
284,2,1432,0.8379584820497604
285,2,1433,0.7761449243518568
286,2,1434,0.903022808732376
287,2,1435,0.8284441105844011
288,2,1436,0.8545382760154704
289,2,1437,0.7940384721871291
290,2,1438,0.7934312458770971
291,2,1439,0.7757378272002651
292,2,1440,0.8319683898506423
293,2,1441,0.8011523207117404
294,2,1442,0.8576675573186507
295,2,1443,0.8308663846525761
296,2,1444,0.8093095256813935
297,2,1445,0.8698806358235223
298,2,1446,0.8933007055228308
299,2,1447,0.8492682275938843
300,2,1448,0.8075535383873752
301,2,1449,0.9371453377950405
302,2,1450,0.8209248384061668
303,2,1451,0.8205019846292478
304,2,1452,0.887710317570184
305,2,1453,0.8278983847371172
306,2,1454,0.7920756049099421
307,2,1455,0.7882631135040097
308,2,1456,0.8038732828128906
309,2,1457,0.8958784905927523
310,2,1458,0.8174089222614254
311,2,1459,0.7980646256002641
312,2,1460,0.8022047208533402
313,2,1461,0.8912690611378778
314,2,1462,0.8586024390977053
315,2,1463,0.7843058780722676
316,2,1464,0.842545546591282
317,2,1465,0.8093654499610974
318,2,1466,0.8036402195603364
319,2,1467,0.8373387531333027
320,2,1468,0.8961414682368439
321,2,1469,0.7769721240869589
322,2,1470,0.8462402501276561
323,2,1471,0.7730660601297306
324,2,1472,0.8160512248009799
325,2,1473,0.8415286480670882
326,2,1474,0.8156850087412058
327,2,1475,0.7898501246458008
328,2,1476,0.8454862678689617
329,2,1477,0.8236160542195041
330,2,1478,0.8258972396808012
331,2,1479,0.8211483898395228
332,2,1480,0.8459049073668818
333,2,1481,0.8532371386176064
334,2,1482,0.8692552624713806
335,2,1483,0.8404706276598432
336,2,1484,0.7684363147820389
337,2,1485,0.8283724307437383
338,2,1486,0.7683123964594587
339,2,1487,0.8423513282489566
340,2,1488,0.8165409110841297
341,2,1489,0.8118236075111089
342,2,1490,0.8168201239868289
343,2,1491,0.7851965879311873
344,2,1492,0.9144104480344268
345,2,1493,0.839268125504965
346,2,1494,0.8679128716744128
347,2,1495,0.7868652253056921
348,2,1496,0.867803845022406
349,2,1497,0.8013644331533994
350,2,1498,0.8182211069478874
351,2,1499,0.7943613097249043
352,2,1500,0.8198060796463063
353,2,1501,0.7777635275075834
354,2,1502,0.772141108666325
355,2,1503,0.872940324601673
356,2,1504,0.7702797355485104
357,2,1505,0.8018827292669033
358,2,1506,0.8545017488123406
359,2,1507,0.8778073427134325
360,2,1508,0.8755056063334147
361,2,1509,0.8164088385002244
362,2,1510,0.8399803700546424
363,2,1511,0.8431665192668637
364,2,1512,0.7578491094699573
365,2,1513,0.8672725022105233
366,2,1514,0.8168766739379082
367,2,1515,0.8211352273910527
368,2,1516,0.7856977502150198
369,2,1517,0.8109236668484906
370,2,1518,0.8214419895029139
371,2,1519,0.8239680917135308
372,2,1520,0.7922546553558534
373,2,1521,0.7830101215236244
374,2,1522,0.813765217040089
375,2,1523,0.8028507209604694
376,2,1524,0.7735386500578549
377,2,1525,0.7957633861473628
378,2,1526,0.8655442769328753
379,2,1527,0.8058010216447571
380,2,1528,0.8238309773483447
381,2,1529,0.8405245536317429
382,2,1530,0.7969275445544293
383,2,1531,0.8079386776135792
384,2,1532,0.8119103025556321
385,2,1533,0.8366126961385212
386,2,1534,0.7995923750679054
387,2,1535,0.8559408777703843
388,2,1536,0.8222513338107438
389,2,1537,0.8238441975166398
390,2,1538,0.8033558944949792
391,2,1539,0.8566764774067062
392,2,1540,0.835182831356568
393,2,1541,0.852994883344287
394,2,1542,0.8021239702634159
395,2,1543,0.8016950179423604
396,2,1544,0.8662885273585007
397,2,1545,0.8274285107008403
398,2,1546,0.8214465699025563
399,2,1547,0.9197950372028918
400,2,1548,0.7951166814281826
401,2,1549,0.8028406948072926
402,2,1550,0.8175916581503336
403,2,1551,0.9168753763660789
404,2,1552,0.8460377149416934
405,2,1553,0.7993555264103981
406,2,1554,0.852619024614493
407,2,1555,0.8439586519130637
408,2,1556,0.8018430937525063
409,2,1557,0.9349125861412004
410,2,1558,0.7929026135021732
411,2,1559,0.7972112599582901
412,2,1560,0.8908435285889679
413,2,1561,0.7734749409414472
414,2,1562,0.8139855273600135
415,2,1563,0.881037198140153
416,2,1564,0.8571664704275983
417,2,1565,0.8082649494920457
418,2,1566,0.8253681060547631
419,2,1567,0.7904561154455656
420,2,1568,0.8272179777157449
421,2,1569,0.8573851745930455
422,2,1570,0.8283379858670135
423,2,1571,0.7700713176856793
424,2,1572,0.8319568774840307
425,2,1573,0.8000043565629139
426,2,1574,0.869001399681327
427,2,1575,0.7882182663306595
428,2,1576,0.7925557056663646
429,2,1577,0.829854747945709
430,2,1578,0.8498033103311347
431,2,1579,0.8072482912934255
432,2,1580,0.9003970349828404
433,2,1581,0.7951367010495494
434,2,1582,0.8482045810226173
435,2,1583,0.7497543014053786
436,2,1584,0.9127839228049629
437,2,1585,0.8391013046105701
438,2,1586,0.7798672981471534
439,2,1587,0.7765721020599206
440,2,1588,0.7731761788461535
441,2,1589,0.7866717419542727
442,2,1590,0.8149793273104087
443,2,1591,0.8209366870689252
444,2,1592,0.779608222522906
445,2,1593,0.7583557834760064
446,2,1594,0.7875645527660493
447,2,1595,0.7972790343199102
448,2,1596,0.7585230406285041
449,2,1597,0.7806298553145359
450,2,1598,0.8252736595681026
451,2,1599,0.88148185548683
452,2,1600,0.7828855928964913
453,2,1601,0.8289849454359639
454,2,1602,0.7726933131260533
455,2,1603,0.8427954288199545
456,2,1604,0.8310989810686027
457,2,1605,0.8180650043345633
458,2,1606,0.8303652443435221
459,2,1607,0.8670950557903521
460,2,1608,0.8023865585037996
461,2,1609,0.8430934895628266
462,2,1610,0.7987025429583375
463,2,1611,0.8135346753877544
464,2,1612,0.7935571329934258
465,2,1613,0.8886048555640237
466,2,1614,0.8191398433631374
467,2,1615,0.8306176444692983
468,2,1616,0.81382080540061
469,2,1617,0.7760266083337013
470,2,1618,0.8282924384056102
471,2,1619,0.826909874743294
472,2,1620,0.8612930383533238
473,2,1621,0.8817776242891946
474,2,1622,0.8365522403314355
475,2,1623,0.8159886340921124
476,2,1624,0.8175171918368767
477,2,1625,0.7859129628743091
478,2,1626,0.8521257309863965
479,2,1627,0.8778132766795654
480,2,1628,0.864946490131496
481,2,1629,0.8470753012446776
482,2,1630,0.8449689246758463
483,2,1631,0.793606090048949
484,2,1632,0.8118858560032786
485,2,1633,0.7987194108732398
486,2,1634,0.7537478568653265
487,2,1635,0.8084672016668181
488,2,1636,0.8685937100755315
489,2,1637,0.7889767365441436
490,2,1638,0.8678069669708964
491,2,1639,0.8378245191027721
492,2,1640,0.79479294882289
493,2,1641,0.8391834989278797
494,2,1642,0.789258783261868
495,2,1643,0.8404512820499284
496,2,1644,0.7947888396724703
497,2,1645,0.7923276526409955
498,2,1646,0.8341515897107975
499,2,1647,0.7592180019821085
500,2,1648,0.8509997007703144
501,2,1649,0.807856271752999
502,2,1650,0.802951946455453
503,2,1651,0.7869440518940487
504,2,1652,0.8247982024747346
505,2,1653,0.8182081931403705
506,2,1654,0.837540675486837
507,2,1655,0.8638226050173953
508,2,1656,0.8490688325393768
509,2,1657,0.8254640368478638
510,2,1658,0.8410751046169371
511,2,1659,0.7959325479432232
512,2,1660,0.9023691148807604
513,2,1661,0.8509380726498507
514,2,1662,0.841582960183067
515,2,1663,0.8461939206879053
516,2,1664,0.8727679997682573
517,2,1665,0.8755340572623981
518,2,1666,0.7501492717835523
519,2,1667,0.8285492140844111
520,2,1668,0.8415161525121049
521,2,1669,0.8034050522283429
522,2,1670,0.7908853166293175
523,2,1671,0.8740972855261395
524,2,1672,0.8365064251369665
525,2,1673,0.7793308461883238
526,2,1674,0.8416553547472825
527,2,1675,0.8412832394242288
528,2,1676,0.8441224813993489
529,2,1677,0.7902279466035819
530,2,1678,0.7879081672013163
531,2,1679,0.8626326854296383
532,2,1680,0.8292856627986546
533,2,1681,0.8403085843837332
534,2,1682,0.8683912025409793
535,2,1683,0.8261024015290396
536,2,1684,0.7686684688198424
537,2,1685,0.8123871005095895
538,2,1686,0.808611684057507
539,2,1687,0.8027206575941472
540,2,1688,0.8770325756853538
541,2,1689,0.8086267128320678
542,2,1690,0.8680371449195913
543,2,1691,0.7788615318990887
544,2,1692,0.8860319143249873
545,2,1693,0.819904072609331
546,2,1694,0.872307614268114
547,2,1695,0.8292217758218094
548,2,1696,0.7619724692333315
549,2,1697,0.7742501390610068
550,2,1698,0.8263514473635172
551,2,1699,0.7572407884789364
552,2,1700,0.7974959145122695
553,2,1701,0.8579205404523582
554,2,1702,0.8513618727170285
555,2,1703,0.876318083699083
556,2,1704,0.8240576595777559
557,2,1705,0.8347366210960209
558,2,1706,0.7940343471820511
559,2,1707,0.8212998351969178
560,2,1708,0.8131644642867503
561,2,1709,0.8659221178718977
562,2,1710,0.8265522954364619
563,2,1711,0.7947029620852499
564,2,1712,0.7899509672785089
565,2,1713,0.7624429266988523
566,2,1714,0.8111312803147095
567,2,1715,0.7835358115622686
568,2,1716,0.7880264364537738
569,2,1717,0.8117006456568127
570,2,1718,0.7826022943925288
571,2,1719,0.7589649674482645
572,2,1720,0.8489909200441269
573,2,1721,0.8184070289134979
574,2,1722,0.9247689001661327
575,2,1723,0.8258329061791301
576,2,1724,0.8777711998139109
577,2,1725,0.8139708765915461
578,2,1726,0.7813030763839681
579,2,1727,0.8321238096714729
580,2,1728,0.8150117915301095
581,2,1729,0.8111995960186636
582,2,1730,0.8058206162282399
583,2,1731,0.8000322920048523
584,2,1732,0.8071535566511254
585,2,1733,0.7967277276329697
586,2,1734,0.8211992069014481
587,2,1735,0.8662432063858779
588,2,1736,0.8248386390152431
589,2,1737,0.8095135180323962
590,2,1738,0.8360715458790461
591,2,1739,0.7807204135959701
592,2,1740,0.7707720899156161
593,2,1741,0.8381568973972682
594,2,1742,0.9064853900067864
595,2,1743,0.8236100408470346
596,2,1744,0.8156363339429455
597,2,1745,0.8536374848114239
598,2,1746,0.7540538349144518
599,2,1747,0.8548062365236029
600,2,1748,0.8089775406711158
601,2,1749,0.8762297880658438
602,2,1750,0.8729962048874724
603,2,1751,0.8132164415326856
604,2,1752,0.7568500110258658
605,2,1753,0.7676035917053621
606,2,1754,0.792446323626098
607,2,1755,0.7831331525175343
608,2,1756,0.813982231276376
609,2,1757,0.8489507046483812
610,2,1758,0.7912313578694705
611,2,1759,0.8152207218642746
612,2,1760,0.8472744120018822
613,2,1761,0.853580076957033
614,2,1762,0.8040147131486307
615,2,1763,0.8272514086482782
616,2,1764,0.8406951169350318
617,2,1765,0.8296971725566046
618,2,1766,0.8381947062998301
619,2,1767,0.8081529090801876
620,2,1768,0.8056730967502863
621,2,1769,0.8754616128280757
622,2,1770,0.7847869169144401
623,2,1771,0.8255819003762943
624,2,1772,0.7849839687613506
625,2,1773,0.8892541285160753
626,2,1774,0.8721201143316213
627,2,1775,0.7979142473389705
628,2,1776,0.9507779201847456
629,2,1777,0.8265155565348411
630,2,1778,0.8852560229688174
631,2,1779,0.8130558674179373
632,2,1780,0.8819294983875892
633,2,1781,0.8385084855059782
634,2,1782,0.785231687838123
635,2,1783,0.7971440613979386
636,2,1784,0.7994065454584502
637,2,1785,0.7927256025196541
638,2,1786,0.8487304778370474
639,2,1787,0.8439002732435862
640,2,1788,0.8482299323770263
641,2,1789,0.8018611467753848
642,2,1790,0.8770517898679133
643,2,1791,0.7963244742492124
644,2,1792,0.8289065832893054
645,2,1793,0.7817798841389872
646,2,1794,0.8213371875296747
647,2,1795,0.8066573674967954
648,2,1796,0.7794404581543946
649,2,1797,0.8749457781557881
650,2,1798,0.8651879357528828
651,2,1799,0.7960708154188028
652,2,1800,0.8521452149198879
653,2,1801,0.8639244039853414
654,2,1802,0.8377595902864067
655,2,1803,0.779808757893209
656,2,1804,0.8948019197920248
657,2,1805,0.8233638623108467
658,2,1806,0.7717165617671395
659,2,1807,0.8467703606667264
660,2,1808,0.8115447725036314
661,2,1809,0.8834899768588091
662,2,1810,0.8214786854528244
663,2,1811,0.8410343428009324
664,2,1812,0.8718829502440281
665,2,1813,0.8645350748584383
666,2,1814,0.8347130442215575
667,2,1815,0.7972538826454963
668,2,1816,0.8186482685130265
669,2,1817,0.808075737917707
670,2,1818,0.8313132579482737
671,2,1819,0.8462550615492677
672,2,1820,0.7952398694164695
673,2,1821,0.8162558189637604
674,2,1822,0.8347757143367615
675,2,1823,0.7999294023472991
676,2,1824,0.8189583253780646
677,2,1825,0.7938637799539028
678,2,1826,0.8161528114939018
679,2,1827,0.8187312339876024
680,2,1828,0.8201635340228677
681,2,1829,0.9023620224602166
682,2,1830,0.7298083133729439
683,2,1831,0.7946504157568729
684,2,1832,0.8060739427095368
685,2,1833,0.7694190493119615
686,2,1834,0.8528421646250146
687,2,1835,0.7384152519738388
688,2,1836,0.8727850786277226
689,2,1837,0.7799389441941111
690,2,1838,0.8199712080171419
691,2,1839,0.8491503937347304
692,2,1840,0.8458888088574724
693,2,1841,0.8728463341526334
694,2,1842,0.8635142369284518
695,2,1843,0.8633730258970034
696,2,1844,0.8417101882486826
697,2,1845,0.8552518654614686
698,2,1846,0.8708616905579607
699,2,1847,0.7881428704242266
700,2,1848,0.8842679992140757
701,2,1849,0.7861560393967444
702,2,1850,0.7873958792714846
703,2,1851,0.8428216941122498
704,2,1852,0.8245469982336673
705,2,1853,0.7787069545038754
706,2,1854,0.8057632119439188
707,2,1855,0.7767650477942967
708,2,1856,0.801263087606501
709,2,1857,0.8388714461720417
710,2,1858,0.8299717013058919
711,2,1859,0.8299894842230494
712,2,1860,0.8594908409175419
713,2,1861,0.8406257619859563
714,2,1862,0.830805701070598
715,2,1863,0.7864790651060286
716,2,1864,0.8084639907326727
717,2,1865,0.818057009152004
718,2,1866,0.8605431657994078
719,2,1867,0.8513553955015681
720,2,1868,0.8496842911200864
721,2,1869,0.8102596026978319
722,2,1870,0.7340295768254216
723,2,1871,0.837627452620793
724,2,1872,0.83921061030456
725,2,1873,0.8265776671469212
726,2,1874,0.8374579469673334
727,2,1875,0.8074669916892337
728,2,1876,0.8013929926479856
729,2,1877,0.9174452636923108
730,2,1878,0.8595907199861749
731,2,1879,0.8266120388926493
732,2,1880,0.8503342065073194
733,2,1881,0.9185912513972393
734,2,1882,0.8629678381784331
735,2,1883,0.8493423553715861
736,2,1884,0.8568028371248929
737,2,1885,0.8007782794357766
738,2,1886,0.8410690964997878
739,2,1887,0.8017831125873186
740,2,1888,0.7985462858563379
741,2,1889,0.9010589051814305
742,2,1890,0.8765432117285119
743,2,1891,0.8727015681742204
744,2,1892,0.817544128923189
745,2,1893,0.7805408600362992
746,2,1894,0.8505859564812409
747,2,1895,0.8513384124352819
748,2,1896,0.8332673247814888
749,2,1897,0.8841237881708711
750,2,1898,0.8250931203365325
751,2,1899,0.7739579567597026
752,2,1900,0.7950591172224709
753,2,1901,0.8164081467936437
754,2,1902,0.8311881933006502
755,2,1903,0.8125207069817751
756,2,1904,0.8055041622414829
757,2,1905,0.8193897285188236
758,2,1906,0.7732620720441145
759,2,1907,0.8006393132908713
760,2,1908,0.7797965959069275
761,2,1909,0.8481533200967879
762,2,1910,0.8260462895213138
763,2,1911,0.7914877277355465
764,2,1912,0.7754718411181656
765,2,1913,0.9608049570094973
766,2,1914,0.7996661660394498
767,2,1915,0.8225683655944607
768,2,1916,0.8656033323412493
769,2,1917,0.7995755604157846
770,2,1918,0.8365966383855612
771,2,1919,0.806955203968322
772,2,1920,0.8333302380162333
773,2,1921,0.8147319150379017
774,2,1922,0.7882628611377662
775,2,1923,0.8734203800559044
776,2,1924,0.815671540619362
777,2,1925,0.8222686935748371
778,2,1926,0.8010142675290506
779,2,1927,0.8408639560497944
780,2,1928,0.8248756584667025
781,2,1929,0.8006038377948459
782,2,1930,0.8168486325247656
783,2,1931,0.8285002961887844
784,2,1932,0.8060297358648054
785,2,1933,0.8353856415709568
786,2,1934,0.8673893377140519
787,2,1935,0.8465580004489138
788,2,1936,0.8252112036570906
789,2,1937,0.8258902992875804
790,2,1938,0.79192161817281
791,2,1939,0.7860938328362647
792,2,1940,0.8527744985407308
793,2,1941,0.8257608424339975
794,2,1942,0.809338714483948
795,2,1943,0.8068726207129656
796,2,1944,0.8622821339716514
797,2,1945,0.8098612064052195
798,2,1946,0.8808566597955568
799,2,1947,0.8535712187488872
800,2,1948,0.7722291927341193
801,2,1949,0.7647671487537169
802,2,1950,0.7855205480452803
803,2,1951,0.8439957350492477
804,2,1952,0.811551370436237
805,2,1953,0.8560636187460098
806,2,1954,0.8339964610613174
807,2,1955,0.8666543102867547
808,2,1956,0.886360065301969
809,2,1957,0.8907849158914316
810,2,1958,0.9436816793112527
811,2,1959,0.844670258063291
812,2,1960,0.8004877313173242
813,2,1961,0.8192912037040859
814,2,1962,0.8368839853931042
815,2,1963,0.8773537725210191
816,2,1964,0.8486021661332674
817,2,1965,0.7499665284884117
818,2,1966,0.8648153272945257
819,2,1967,0.8171951112647852
820,2,1968,0.7750363045682509
821,2,1969,0.8339244558786352
822,2,1970,0.8242047211110947
823,2,1971,0.7459305275142903
824,2,1972,0.881604842442487
825,2,1973,0.7870820826141253
826,2,1974,0.8240621377758327
827,2,1975,0.8656887417171327
828,2,1976,0.8074579466843889
829,2,1977,0.8672734225789706
830,2,1978,0.8671144039503167
831,2,1979,0.8818709088844203
832,2,1980,0.8355070160967962
833,2,1981,0.8143991717980021
834,2,1982,0.8415968509701391
835,2,1983,0.8049203119728537
836,2,1984,0.8201667904144241
837,2,1985,0.839140780491843
838,2,1986,0.7970865693475518
839,2,1987,0.8234181694154228
840,2,1988,0.8062650225834833
841,2,1989,0.8024150658221472
842,2,1990,0.7627044991545734
843,2,1991,0.8203365132212639
844,2,1992,0.8316984327421301
845,2,1993,0.8300013975905521
846,2,1994,0.8460271958527821
847,2,1995,0.8673358896880276
848,2,1996,0.81087348397289
849,2,1997,0.8578854407671662
850,2,1998,0.8391967222892813
851,2,1999,0.813709062790232
852,2,2000,0.820471053743469
853,2,2001,0.8521907827595161
854,2,2002,0.8548732201701829
855,2,2003,0.9369094829917662
856,2,2004,0.8153399895610551
857,2,2005,0.7645549723834152
858,2,2006,0.786847776112457
859,2,2007,0.8165840151764099
860,2,2008,0.8160077331232883
861,2,2009,0.8433450823206278
862,2,2010,0.8442267865119948
863,2,2011,0.844487758131609
864,2,2012,0.8326834465731819
865,2,2013,0.8021250370047277
866,2,2014,0.8128749953494183
867,2,2015,0.8395355750052703
868,2,2016,0.8166703154953817
869,2,2017,0.8621284310883353
870,2,2018,0.7949157425069385
871,2,2019,0.7649662902667407
872,2,2020,0.8513428054395175
873,2,2021,0.8477688692510128
874,2,2022,0.8239735124544019
875,2,2023,0.7966371715024468
876,2,2024,0.7857711278345616
877,2,2025,0.8461882181997811
878,2,2026,0.7675830658214787
879,2,2027,0.8071505292540506
880,2,2028,0.854972625062579
881,2,2029,0.8662014810279721
882,2,2030,0.8516494978352317
883,2,2031,0.7829431988564984
884,2,2032,0.8121281911264219
885,2,2033,0.7774659189661698
886,2,2034,0.8606482789896074
887,2,2035,0.8621282996166318
888,2,2036,0.763430543953464
889,2,2037,0.8119052765181375
890,2,2038,0.8529556968382425
891,2,2039,0.8685121919427599
892,2,2040,0.8500122642588046
893,2,2041,0.7706610534916676
894,2,2042,0.8010144111522961
895,2,2043,0.7791982150547918
896,2,2044,0.7959156197362712
897,2,2045,0.8357301361504054
898,2,2046,0.8291062156315007
899,2,2047,0.7686082870655118
900,2,2048,0.807717940792264
901,2,2049,0.7817441086683954
902,2,2050,0.8372800768840878
903,2,2051,0.8015628657082007
904,2,2052,0.8589813570891109
905,2,2053,0.8681007757605542
906,2,2054,0.838327305391431
907,2,2055,0.820379656606487
908,2,2056,0.7888255350823914
909,2,2057,0.8390786817652129
910,2,2058,0.8709764997253107
911,2,2059,0.802857460365409
912,2,2060,0.8430100947707182
913,2,2061,0.8410126974894885
914,2,2062,0.8412629773929005
915,2,2063,0.83513062837578
916,2,2064,0.8062354039090375
917,2,2065,0.7574453733506658
918,2,2066,0.7920179156852619
919,2,2067,0.804330690519973
920,2,2068,0.8751371460966766
921,2,2069,0.836366128309497
922,2,2070,0.9149385914206505
923,2,2071,0.8105498097304789
924,2,2072,0.9027045982934179
925,2,2073,0.8891319876891515
926,2,2074,0.7643100507113905
927,2,2075,0.7576943242124149
928,2,2076,0.8198563358081239
929,2,2077,0.7989038422792442
930,2,2078,0.8487806487385006
931,2,2079,0.8818578048431801
932,2,2080,0.8928706576781616
933,2,2081,0.8472883987595283
934,2,2082,0.7992598629512246
935,2,2083,0.8522706370623341
936,2,2084,0.8474223745676379
937,2,2085,0.8059720722071472
938,2,2086,0.8240633053439005
939,2,2087,0.8887657687910611
940,2,2088,0.7625548660400367
941,2,2089,0.7807385894869057
942,2,2090,0.821912188570769
943,2,2091,0.89017942179704
944,2,2092,0.8911291764649963
945,2,2093,0.8043699012625786
946,2,2094,0.7981515364898815
947,2,2095,0.8422920778837232
948,2,2096,0.8063359134830534
949,2,2097,0.7861979507087241
950,2,2098,0.7984641492810278
951,2,2099,0.8208138131802636
952,2,2100,0.8206770700358209
953,2,2101,0.7809155570742276
954,2,2102,0.8176827544479498
955,2,2103,0.8535604419718895
956,2,2104,0.7878238915110982
957,2,2105,0.8112883323892239
958,2,2106,0.8089320510625839
959,2,2107,0.7849287806699673
960,2,2108,0.8594716245840704
961,2,2109,0.8147581778466702
962,2,2110,0.7571903109284384
963,2,2111,0.8337123503997209
964,2,2112,0.8236361389004048
965,2,2113,0.8204532231514654
966,2,2114,0.8394280624176772
967,2,2115,0.8187979280372106
968,2,2116,0.77678380647142
969,2,2117,0.793678605175089
970,2,2118,0.8712091825547674
971,2,2119,0.7480586730830726
972,2,2120,0.8588931067358881
973,2,2121,0.7805726348333769
974,2,2122,0.7346691425357544
975,2,2123,0.8072399014518375
976,2,2124,0.795980332862763
977,2,2125,0.8661001305583687
978,2,2126,0.9196124970912933
979,2,2127,0.9493517136378656
980,2,2128,0.796788278944968
981,2,2129,0.7972141167237644
982,2,2130,0.9097266386130027
983,2,2131,0.8666871697863653
984,2,2132,0.7903718035224649
985,2,2133,0.8143396891564841
986,2,2134,0.8178521097149877
987,2,2135,0.7354829501848491
988,2,2136,0.7704380666615352
989,2,2137,0.8313037314940066
990,2,2138,0.7723924870868878
991,2,2139,0.8002910979668654
992,2,2140,0.8875044629953448
993,2,2141,0.7670234735123814
994,2,2142,0.7806613758383762
995,2,2143,0.8415832297787781
996,2,2144,0.8224377019242163
997,2,2145,0.8240826449223927
998,2,2146,0.7743908805950056
999,2,2147,0.873788188477712
1000,2,2148,0.8046217157860244
1001,2,2149,0.822318559246404
1002,2,2150,0.8667270507042609
1003,2,2151,0.8499124309801985
1004,2,2152,0.8467829246960935
1005,2,2153,0.8247235030645417
1006,2,2154,0.8401373227437339
1007,2,2155,0.79891714478089
1008,2,2156,0.8781990243920257
1009,2,2157,0.7773404508119538
1010,2,2158,0.8542163308177674
1011,2,2159,0.824186736318682
1012,2,2160,0.8416537525398391
1013,2,2161,0.8245677706297666
1014,2,2162,0.7751200250349942
1015,2,2163,0.8465669794185529
1016,2,2164,0.837839743344202
1017,2,2165,0.7629982022169444
1018,2,2166,0.7982634327019611
1019,2,2167,0.8537201370511736
1020,2,2168,0.8849674971729871
1021,2,2169,0.8235663552103297
1022,2,2170,0.8389668907704098
1023,2,2171,0.8093953755285058
1024,2,2172,0.8408138563058204
1025,2,2173,0.8808436464695701
1026,2,2174,0.8122185753392321
1027,2,2175,0.7986076709681325
1028,2,2176,0.8456405663774127
1029,2,2177,0.8372102626821116
1030,2,2178,0.8585053579438301
1031,2,2179,0.8142730682378724
1032,2,2180,0.8646083639358125
1033,2,2181,0.8717199956687788
1034,2,2182,0.8482987055377591
1035,2,2183,0.8133625750030788
1036,2,2184,0.7932553637462356
1037,2,2185,0.843484187188248
1038,2,2186,0.8642446732458968
1039,2,2187,0.8261317722721113
1040,2,2188,0.8314370424264954
1041,2,2189,0.8375501908982792
1042,2,2190,0.8298890702869923
1043,2,2191,0.8178312785346945
1044,2,2192,0.8745829845290808
1045,2,2193,0.7994869693980685
1046,2,2194,0.8732892565784
1047,2,2195,0.8253239110289585
1048,2,2196,0.8379158847743556
1049,2,2197,0.8404529482081887
1050,2,2198,0.843771376691404
1051,2,2199,0.8674406609719706
1052,2,2200,0.8178467756536388
1053,2,2201,0.8941375370181741
1054,2,2202,0.7791863764148383
1055,2,2203,0.874009486908714
1056,2,2204,0.7743963119795634
1057,2,2205,0.8168487986993221
1058,2,2206,0.859839415177703
1059,2,2207,0.8614811535392486
1060,2,2208,0.8538211586752108
1061,2,2209,0.8344907905196861
1062,2,2210,0.832500042415978
1063,2,2211,0.8442277307622135
1064,2,2212,0.8283694002422547
1065,2,2213,0.7608878406518625
1066,2,2214,0.8325429270487456
1067,2,2215,0.823211658036425
1068,2,2216,0.8452450845922742
1069,2,2217,0.7972865853281248
1070,2,2218,0.8867184826660723
1071,2,2219,0.8822406388464428
1072,2,2220,0.8553058554728826
1073,2,2221,0.8382916749410687
1074,2,2222,0.8333393079672186
1075,2,2223,0.9016000082095464
1076,2,2224,0.8237372501753272
1077,2,2225,0.8672969239719565
1078,2,2226,0.842128823289559
1079,2,2227,0.8467684850717585
1080,2,2228,0.7959673698725446
1081,2,2229,0.8346971710035134
1082,2,2230,0.8192494234203228
1083,2,2231,0.7960200247665248
1084,2,2232,0.7964529136550569
1085,2,2233,0.8025697113369546
1086,2,2234,0.8237579038277978
1087,2,2235,0.8626723776438406
1088,2,2236,0.776086135057821
1089,2,2237,0.8194039539167924
1090,2,2238,0.873814616618412
1091,2,2239,0.8771919930974643
1092,2,2240,0.8739534128634703
1093,2,2241,0.7755113498174719
1094,2,2242,0.8170074248420339
1095,2,2243,0.8349167981318066
1096,2,2244,0.8289273537340618
1097,2,2245,0.8560724756902172
1098,2,2246,0.8531906224698536
1099,2,2247,0.8497646303315248
1100,2,2248,0.7716605606533232
1101,2,2249,0.8359722036291801
1102,2,2250,0.8442592893594079
1103,2,2251,0.8665811520823766
1104,2,2252,0.890778360245306
1105,2,2253,0.8573349216686829
1106,2,2254,0.7966163731401876
1107,2,2255,0.7409698168880172
1108,2,2256,0.7793262831955438
1109,2,2257,0.8131361881359702
1110,2,2258,0.7837172827372948
1111,2,2259,0.8311465245538523
1112,2,2260,0.8760581207461654
1113,2,2261,0.7689687127380499
1114,2,2262,0.8048487860886823
1115,2,2263,0.7769404106241251
1116,2,2264,0.7862114751312349
1117,2,2265,0.8593150748028642
1118,2,2266,0.7936093375707666
1119,2,2267,0.7852655930355902
1120,2,2268,0.7966376057205105
1121,2,2269,0.8110912557070453
1122,2,2270,0.8217338009604385
1123,2,2271,0.7591996233732927
1124,2,2272,0.8669454371556639
1125,2,2273,0.8219435349151136
1126,2,2274,0.7926441384701146
1127,2,2275,0.8526983908377589
1128,2,2276,0.7942470386624336
1129,2,2277,0.8209493069111236
1130,2,2278,0.7542319176275105
1131,2,2279,0.8779227536482115
1132,2,2280,0.7394280762500351
1133,2,2281,0.7813546456219186
1134,2,2282,0.8373117889055894
1135,2,2283,0.816434004587964
1136,2,2284,0.8929891728219532
1137,2,2285,0.8266116045858888
1138,2,2286,0.8406651359761047
1139,2,2287,0.8196805362323565
1140,2,2288,0.8959097025383798
1141,2,2289,0.8532935434154101
1142,2,2290,0.7097030851014313
1143,2,2291,0.7876050298412641
1144,2,2292,0.8527935286540362
1145,2,2293,0.7653164556915208
1146,2,2294,0.8104810995005427
0,3,2295,0.8358336826342911
1,3,2296,0.8018710818141699
2,3,2297,0.8390296290495567
3,3,2298,0.8159426676464225
4,3,2299,0.8391457511378184
5,3,2300,0.8629758134927777
6,3,2301,0.8343021940617334
7,3,2302,0.7799532121890004
8,3,2303,0.8594430428042653
9,3,2304,0.8927195794170811
10,3,2305,0.8318375455481665
11,3,2306,0.8926637605542229
12,3,2307,0.8049206621944903
13,3,2308,0.7784069754360686
14,3,2309,0.7694430133505238
15,3,2310,0.8092479412222193
16,3,2311,0.7816874603075642
17,3,2312,0.8452543070805923
18,3,2313,0.9005066088977314
19,3,2314,0.9227194796715463
20,3,2315,0.8562181524134106
21,3,2316,0.8082926753642302
22,3,2317,0.7840210149907283
23,3,2318,0.7664260362674084
24,3,2319,0.8534523703690087
25,3,2320,0.8133557966156374
26,3,2321,0.7612728712459403
27,3,2322,0.7427736370646881
28,3,2323,0.7960199521677125
29,3,2324,0.8225736944226635
30,3,2325,0.7722149754297875
31,3,2326,0.849863160933767
32,3,2327,0.8501467043090435
33,3,2328,0.8094698117070254
34,3,2329,0.7699091239344507
35,3,2330,0.8006093426430156
36,3,2331,0.8579981566096345
37,3,2332,0.801908062793137
38,3,2333,0.7912515789891282
39,3,2334,0.7674246688728176
40,3,2335,0.8148037484359174
41,3,2336,0.883216030119608
42,3,2337,0.8198630204424261
43,3,2338,0.829084782195943
44,3,2339,0.8433269140798422
45,3,2340,0.755072013497175
46,3,2341,0.9035513201462373
47,3,2342,0.8186191597155164
48,3,2343,0.8403034250118905
49,3,2344,0.7766332408147198
50,3,2345,0.8084147462754376
51,3,2346,0.8848048766099271
52,3,2347,0.7973618581447575
53,3,2348,0.8499536666841733
54,3,2349,0.814502762896674
55,3,2350,0.8042209312940638
56,3,2351,0.8159450590610504
57,3,2352,0.8868378024060457
58,3,2353,0.8257726730690114
59,3,2354,0.822972050557534
60,3,2355,0.7501236192571621
61,3,2356,0.8748242694973237
62,3,2357,0.7663499150602592
63,3,2358,0.9139003520166235
64,3,2359,0.868251809140756
65,3,2360,0.7498623575749142
66,3,2361,0.7640062368120111
67,3,2362,0.8030854436524568
68,3,2363,0.8671938521077945
69,3,2364,0.8078603890192297
70,3,2365,0.8096203117498331
71,3,2366,0.8424370772027898
72,3,2367,0.7725905402164374
73,3,2368,0.8707993782258459
74,3,2369,0.8700610830093778
75,3,2370,0.792037052811966
76,3,2371,0.8627740060467095
77,3,2372,0.8436773442441509
78,3,2373,0.795782059564122
79,3,2374,0.7960103957337283
80,3,2375,0.9210366266114373
81,3,2376,0.8525924272170025
82,3,2377,0.8175076186834346
83,3,2378,0.811776564168256
84,3,2379,0.8811860980820797
85,3,2380,0.7935065597384459
86,3,2381,0.8320013986723054
87,3,2382,0.8258651761958997
88,3,2383,0.8940895299781999
89,3,2384,0.8210763064700932
90,3,2385,0.8313447054741637
91,3,2386,0.834955511481634
92,3,2387,0.8443082769268325
93,3,2388,0.8077895754859562
94,3,2389,0.8216393426326767
95,3,2390,0.834291118684979
96,3,2391,0.7864789991151719
97,3,2392,0.8848618537498019
98,3,2393,0.8016517541504332
99,3,2394,0.8282582557627131
100,3,2395,0.868225145641537
101,3,2396,0.7747486702476939
102,3,2397,0.867496760473365
103,3,2398,0.7914435460365244
104,3,2399,0.8158750181042012
105,3,2400,0.8299655875279789
106,3,2401,0.7537659221284446
107,3,2402,0.8122608164946238
108,3,2403,0.7385031554315771
109,3,2404,0.8503575466928028
110,3,2405,0.7821406865315067
111,3,2406,0.8540272012441641
112,3,2407,0.8087546240006175
113,3,2408,0.7799511982039327
114,3,2409,0.8003669767862271
115,3,2410,0.8268722796457862
116,3,2411,0.8579589121398472
117,3,2412,0.8247893888148522
118,3,2413,0.8253663330383244
119,3,2414,0.8190858409340892
120,3,2415,0.8158233859354541
121,3,2416,0.8197558736206876
122,3,2417,0.7813239135291605
123,3,2418,0.7860212244891694
124,3,2419,0.725802223663777
125,3,2420,0.873731927502723
126,3,2421,0.8046243870630858
127,3,2422,0.7872844893440961
128,3,2423,0.8116819868751225
129,3,2424,0.812244071181686
130,3,2425,0.8016127233526535
131,3,2426,0.7876149667648686
132,3,2427,0.8146885778267114
133,3,2428,0.7929800091355685
134,3,2429,0.744260523202164
135,3,2430,0.8025269770462599
136,3,2431,0.7583700081200473
137,3,2432,0.8073738394748597
138,3,2433,0.8727108228596904
139,3,2434,0.7885141130315052
140,3,2435,0.8008060243557252
141,3,2436,0.8055826465022706
142,3,2437,0.8390796186978973
143,3,2438,0.7846169017610096
144,3,2439,0.7821239636590083
145,3,2440,0.8477259061210566
146,3,2441,0.838848548298258
147,3,2442,0.8432784321097034
148,3,2443,0.8570762134733655
149,3,2444,0.8692326138150834
150,3,2445,0.8017539836111525
151,3,2446,0.8086672263840835
152,3,2447,0.866637377179272
153,3,2448,0.8400413659622982
154,3,2449,0.8174263847370944
155,3,2450,0.8276626447747862
156,3,2451,0.8138527358394294
157,3,2452,0.808234342462605
158,3,2453,0.8408911545716582
159,3,2454,0.8430897016521722
160,3,2455,0.8357739645455565
161,3,2456,0.8469617483427836
162,3,2457,0.7752097657926025
163,3,2458,0.8650361405508148
164,3,2459,0.7735069092097026
165,3,2460,0.834092015844016
166,3,2461,0.8269334913098385
167,3,2462,0.8111316460140403
168,3,2463,0.7601282114296087
169,3,2464,0.795088152002011
170,3,2465,0.8083208296447992
171,3,2466,0.8957880089680353
172,3,2467,0.7527237515009586
173,3,2468,0.7845398595645313
174,3,2469,0.818760677373835
175,3,2470,0.741527252254032
176,3,2471,0.8326683999482719
177,3,2472,0.7540421278792476
178,3,2473,0.801489039058132
179,3,2474,0.8821277461192081
180,3,2475,0.8505247048590155
181,3,2476,0.7962027150428012
182,3,2477,0.827571002899536
183,3,2478,0.772554596442552
184,3,2479,0.8366567489824125
185,3,2480,0.8575396002048536
186,3,2481,0.8500289461531103
187,3,2482,0.8988741626519531
188,3,2483,0.8070776667445897
189,3,2484,0.7560573126455504
190,3,2485,0.8347871344802635
191,3,2486,0.8138371855020524
192,3,2487,0.8113416176555412
193,3,2488,0.8462471111367146
194,3,2489,0.8492501126158807
195,3,2490,0.8342842818903071
196,3,2491,0.86686032358557
197,3,2492,0.8112621156144
198,3,2493,0.8165204846300185
199,3,2494,0.8151594940572977
200,3,2495,0.8042480590575862
201,3,2496,0.8430484786540977
202,3,2497,0.7584853743513424
203,3,2498,0.9045781088505117
204,3,2499,0.8278482113743112
205,3,2500,0.8214690709220513
206,3,2501,0.8507375818278109
207,3,2502,0.8668489763956695
208,3,2503,0.8727513491619555
209,3,2504,0.8347200979700402
210,3,2505,0.7917200673948085
211,3,2506,0.7578402641451076
212,3,2507,0.765358915042487
213,3,2508,0.8401074044051624
214,3,2509,0.8411278422655803
215,3,2510,0.8308259145179319
216,3,2511,0.8409011053542298
217,3,2512,0.7730823376969923
218,3,2513,0.864005908170449
219,3,2514,0.7982644531432364
220,3,2515,0.7803616058081387
221,3,2516,0.8146741971639652
222,3,2517,0.8461317398718426
223,3,2518,0.821911255740339
224,3,2519,0.9032591016342242
225,3,2520,0.8287010909102503
226,3,2521,0.8561280092135782
227,3,2522,0.8353364637919833
228,3,2523,0.8308878607959266
229,3,2524,0.8243085566597681
230,3,2525,0.8572321543913511
231,3,2526,0.799257967798483
232,3,2527,0.7790427641233517
233,3,2528,0.7950538435862178
234,3,2529,0.8536349190842538
235,3,2530,0.8378551344697673
236,3,2531,0.8275157599044696
237,3,2532,0.7960182431020908
238,3,2533,0.8354732185779583
239,3,2534,0.8292179717904045
240,3,2535,0.7892635360892329
241,3,2536,0.8974540926782147
242,3,2537,0.90159366160099
243,3,2538,0.8470304184149773
244,3,2539,0.861261836031363
245,3,2540,0.9050689213909209
246,3,2541,0.8160540930305917
247,3,2542,0.7842669271464857
248,3,2543,0.7782502210078142
249,3,2544,0.8125350046237666
250,3,2545,0.8529222072545616
251,3,2546,0.8022362837301833
252,3,2547,0.8109915022339141
253,3,2548,0.8070830914768433
254,3,2549,0.8299958549794698
255,3,2550,0.7971864910796284
256,3,2551,0.8455971979447419
257,3,2552,0.8708554343098686
258,3,2553,0.802488050201819
259,3,2554,0.7922849655594855
260,3,2555,0.8143513297129955
261,3,2556,0.8049241529467208
262,3,2557,0.8084443148136847
263,3,2558,0.8708297666605741
264,3,2559,0.7988146171639008
265,3,2560,0.8126902456528373
266,3,2561,0.8512441899095262
267,3,2562,0.8272946377595266
268,3,2563,0.7966384797667464
269,3,2564,0.7842715404750334
270,3,2565,0.7674777738395192
271,3,2566,0.7947295783974584
272,3,2567,0.7933361968247308
273,3,2568,0.8608340681308791
274,3,2569,0.7646207499894357
275,3,2570,0.8157530093476886
276,3,2571,0.8941840907292705
277,3,2572,0.8237865431943818
278,3,2573,0.7934309662364067
279,3,2574,0.7684256427344821
280,3,2575,0.772099923697256
281,3,2576,0.7579091323450917
282,3,2577,0.9127662565470451
283,3,2578,0.7459235617536164
284,3,2579,0.8138800835724742
285,3,2580,0.7577609607417669
286,3,2581,0.8634927691448303
287,3,2582,0.8203476248530761
288,3,2583,0.7861516496521376
289,3,2584,0.8690241271009049
290,3,2585,0.8339761855701605
291,3,2586,0.7735992674494073
292,3,2587,0.8428935620357236
293,3,2588,0.9245340594400961
294,3,2589,0.8209506178585194
295,3,2590,0.8079211094993209
296,3,2591,0.8176201403007974
297,3,2592,0.7823128365867194
298,3,2593,0.7597580338340431
299,3,2594,0.8183875969566761
300,3,2595,0.7763006233033679
301,3,2596,0.7820396299606989
302,3,2597,0.8235100607520766
303,3,2598,0.7710114050035677
304,3,2599,0.7738582037744066
305,3,2600,0.8169475563668779
306,3,2601,0.8694142196327448
307,3,2602,0.8428096346379746
308,3,2603,0.8128265499226038
309,3,2604,0.7982717325156997
310,3,2605,0.8355238856304258
311,3,2606,0.8319013234937476
312,3,2607,0.8818121917900585
313,3,2608,0.8256600593615855
314,3,2609,0.7797788172250703
315,3,2610,0.8317269672684016
316,3,2611,0.7397677042477188
317,3,2612,0.8606361849455253
318,3,2613,0.8385231324604577
319,3,2614,0.8010536719645772
320,3,2615,0.8039773544518366
321,3,2616,0.8627374660933302
322,3,2617,0.7969938972521395
323,3,2618,0.8220684930371743
324,3,2619,0.7861549304798245
325,3,2620,0.822814938213144
326,3,2621,0.8149680979106397
327,3,2622,0.7660572106417801
328,3,2623,0.7987926103440778
329,3,2624,0.8000772308026042
330,3,2625,0.7864944056740828
331,3,2626,0.8292214036697433
332,3,2627,0.7630186840847489
333,3,2628,0.8274495311613594
334,3,2629,0.832161310727575
335,3,2630,0.7976759932935236
336,3,2631,0.7974362679358039
337,3,2632,0.8053546033001371
338,3,2633,0.8225217641641696
339,3,2634,0.7853108445803324
340,3,2635,0.8738644941310797
341,3,2636,0.8060971510685272
342,3,2637,0.7715363232862381
343,3,2638,0.7949147259905223
344,3,2639,0.8005806956706302
345,3,2640,0.7935518520396381
346,3,2641,0.7321019185086092
347,3,2642,0.8933961350648175
348,3,2643,0.854847215825603
349,3,2644,0.7673110563662792
350,3,2645,0.788200944839489
351,3,2646,0.7741357846451655
352,3,2647,0.9452993342919009
353,3,2648,0.7854080655212914
354,3,2649,0.7776757653447843
355,3,2650,0.8017863532794371
356,3,2651,0.855535489462671
357,3,2652,0.7702971771359444
358,3,2653,0.842389427901556
359,3,2654,0.8663281067496253
360,3,2655,0.7956806790261042
361,3,2656,0.8170571384862775
362,3,2657,0.7915707927729402
363,3,2658,0.797037649899721
364,3,2659,0.8366375816985966
365,3,2660,0.8289844632769624
366,3,2661,0.7974398711563219
367,3,2662,0.766196093056351
368,3,2663,0.7592512101955002
369,3,2664,0.8831714501693134
370,3,2665,0.8366254859914382
371,3,2666,0.73548841576225
372,3,2667,0.8086121982584396
373,3,2668,0.8158795747551181
374,3,2669,0.8731597884159003
375,3,2670,0.8341274669482596
376,3,2671,0.8450280516408382
377,3,2672,0.7650546331756881
378,3,2673,0.7754390762586677
379,3,2674,0.8175754676173841
380,3,2675,0.7795310150610194
381,3,2676,0.7744732226821638
382,3,2677,0.7722400615346573
383,3,2678,0.8486361516905683
384,3,2679,0.8697975227343187
385,3,2680,0.7987229460850357
386,3,2681,0.8205926043114493
387,3,2682,0.7790545178577303
388,3,2683,0.7877969343570017
389,3,2684,0.857073706574738
390,3,2685,0.8207655571223724
391,3,2686,0.8375119928802761
392,3,2687,0.861271606514319
393,3,2688,0.832625882079204
394,3,2689,0.7887730015707867
395,3,2690,0.8354574654783522
396,3,2691,0.8513166166487193
397,3,2692,0.8088722119240889
398,3,2693,0.8334661423938261
399,3,2694,0.8507731320513856
400,3,2695,0.8730547806425463
401,3,2696,0.765256394410417
402,3,2697,0.7295841784438208
403,3,2698,0.8309807381814435
404,3,2699,0.7935238790121817
405,3,2700,0.7789673808784712
406,3,2701,0.7570440987834617
407,3,2702,0.7696206100905936
408,3,2703,0.7405624096060083
409,3,2704,0.8411437695225078
410,3,2705,0.8717729635314926
411,3,2706,0.8617949209486445
412,3,2707,0.8196677567348594
413,3,2708,0.7839747143998035
414,3,2709,0.811514593106473
415,3,2710,0.8059224740690771
416,3,2711,0.8638593311909409
417,3,2712,0.8631045605011639
418,3,2713,0.8865595296734857
419,3,2714,0.7620363912678191
420,3,2715,0.7785754439731438
421,3,2716,0.8090602539124944
422,3,2717,0.8122801099726488
423,3,2718,0.8093192715729987
424,3,2719,0.8405641819838259
425,3,2720,0.7796932850476531
426,3,2721,0.7857893001554268
427,3,2722,0.8009618510979982
428,3,2723,0.8231316829277645
429,3,2724,0.8118742246712956
430,3,2725,0.7747209616493259
431,3,2726,0.7970877640791947
432,3,2727,0.8062983326436507
433,3,2728,0.864071261137724
434,3,2729,0.8004226767058885
435,3,2730,0.7629285952342408
436,3,2731,0.7819322821950273
437,3,2732,0.803784618331563
438,3,2733,0.8139313480905478
439,3,2734,0.7581453680371244
440,3,2735,0.7966538872126313
441,3,2736,0.8775060148466202
442,3,2737,0.804009229299568
443,3,2738,0.8258513803150325
444,3,2739,0.802817399391816
445,3,2740,0.803235436967086
446,3,2741,0.8642057624778579
447,3,2742,0.7890698476029294
448,3,2743,0.8765369639510201
449,3,2744,0.7915040375221345
450,3,2745,0.8327217407169797
451,3,2746,0.8079561190236183
452,3,2747,0.7921576944756367
453,3,2748,0.9640326833441142
454,3,2749,0.8519813656319111
455,3,2750,0.831915055312926
456,3,2751,0.8090527639946059
457,3,2752,0.8417387917371735
458,3,2753,0.7737236590169015
459,3,2754,0.8014641635430357
460,3,2755,0.8106701213068197
461,3,2756,0.8539384136065132
462,3,2757,0.795596517888563
463,3,2758,0.7901280221884095
464,3,2759,0.7953748857114641
465,3,2760,0.8278459949152809
466,3,2761,0.780938934157824
467,3,2762,0.8428704550134993
468,3,2763,0.7680845011823942
469,3,2764,0.8280885461052613
470,3,2765,0.8893817226358112
471,3,2766,0.8543149020655879
472,3,2767,0.8010337111495789
473,3,2768,0.7938989046517583
474,3,2769,0.8223257751780606
475,3,2770,0.7978612863946529
476,3,2771,0.8710255067618122
477,3,2772,0.785195311997086
478,3,2773,0.786330657279385
479,3,2774,0.824731264928622
480,3,2775,0.8985816293085616
481,3,2776,0.8360465853696778
482,3,2777,0.8455184659078008
483,3,2778,0.8718091021957144
484,3,2779,0.7872659180845533
485,3,2780,0.8631681214264105
486,3,2781,0.7675009529948945
487,3,2782,0.7921315906569362
488,3,2783,0.8674647282986413
489,3,2784,0.8505242686674352
490,3,2785,0.8058201039121263
491,3,2786,0.7589438861856858
492,3,2787,0.7749838817066379
493,3,2788,0.7666677682926611
494,3,2789,0.777983773233635
495,3,2790,0.7900823365364756
496,3,2791,0.8105682882347278
497,3,2792,0.8030980567980023
498,3,2793,0.8627836763681401
499,3,2794,0.8270614613291054
500,3,2795,0.8054339965095831
501,3,2796,0.8016336573997422
502,3,2797,0.9023870816232549
503,3,2798,0.8376956957924578
504,3,2799,0.8565261268189975
505,3,2800,0.8569585504897295
506,3,2801,0.7912187597581318
507,3,2802,0.7985100102433493
508,3,2803,0.8001964894079027
509,3,2804,0.8447842825470228
510,3,2805,0.8884478421837444
511,3,2806,0.8678724515650954
512,3,2807,0.7869518618542879
513,3,2808,0.8355229393623416
514,3,2809,0.7845194666158586
515,3,2810,0.8035737747947377
516,3,2811,0.865889501070515
517,3,2812,0.7977161329417001
518,3,2813,0.775169869973546
519,3,2814,0.8059482073322648
520,3,2815,0.7584601850692358
521,3,2816,0.8459649768968422
522,3,2817,0.8176415786590605
523,3,2818,0.8300155101432687
524,3,2819,0.8319169563862183
525,3,2820,0.7716846267160559
526,3,2821,0.7959180278703571
527,3,2822,0.7843363572887719
528,3,2823,0.8213561319169544
529,3,2824,0.8071136300540752
530,3,2825,0.8383045969530941
531,3,2826,0.8084221111078349
532,3,2827,0.8154430777233626
533,3,2828,0.7907863128043356
534,3,2829,0.8184248086597238
535,3,2830,0.8002709627062792
536,3,2831,0.7520930198509067
537,3,2832,0.8447286082165583
538,3,2833,0.742875235687409
539,3,2834,0.8007422611782594
540,3,2835,0.7680586993561258
541,3,2836,0.870726984215989
542,3,2837,0.8133848342778426
543,3,2838,0.8133992727047631
544,3,2839,0.8036377461006244
545,3,2840,0.8485077807591074
546,3,2841,0.8173838265772377
547,3,2842,0.8578534331837933
548,3,2843,0.8450734687614299
549,3,2844,0.8661234258186251
550,3,2845,0.8138626660885555
551,3,2846,0.8711520600620479
552,3,2847,0.8706586948995081
553,3,2848,0.8679695710584167
554,3,2849,0.839975459279404
555,3,2850,0.788401436947641
556,3,2851,0.8020407235737712
557,3,2852,0.8486165306087408
558,3,2853,0.7490461542537171
559,3,2854,0.8374584834756593
560,3,2855,0.7872769040099922
561,3,2856,0.8362395756301424
562,3,2857,0.7964082339867241
563,3,2858,0.8540679223480678
564,3,2859,0.8809474043193317
565,3,2860,0.8842277542820998
566,3,2861,0.7849736437644987
567,3,2862,0.8442994027753317
568,3,2863,0.8234566910901949
569,3,2864,0.8172706715496523
570,3,2865,0.8115345644986346
571,3,2866,0.8528445149062291
572,3,2867,0.8529260650144092
573,3,2868,0.835916451488932
574,3,2869,0.830492769767131
575,3,2870,0.8151844158502562
576,3,2871,0.8582407422807244
577,3,2872,0.8827268018697699
578,3,2873,0.8147348633834296
579,3,2874,0.803620801750748
580,3,2875,0.8157861658726775
581,3,2876,0.7707963070521751
582,3,2877,0.9154568332291784
583,3,2878,0.8413029837510771
584,3,2879,0.786557802664382
585,3,2880,0.7982278737416934
586,3,2881,0.8320510951757786
587,3,2882,0.8908345243405729
588,3,2883,0.7309166659556683
589,3,2884,0.7894090874830172
590,3,2885,0.7855438248121311
591,3,2886,0.8450692566555171
592,3,2887,0.8031737403944135
593,3,2888,0.8639290927066692
594,3,2889,0.7777433821576692
595,3,2890,0.7332078220677516
596,3,2891,0.8500041162728198
597,3,2892,0.8412712684699468
598,3,2893,0.808953817312916
599,3,2894,0.8386967097231676
600,3,2895,0.8035280736872839
601,3,2896,0.779243878754122
602,3,2897,0.8937637236944977
603,3,2898,0.8023415631171139
604,3,2899,0.841034096643506
605,3,2900,0.7873588363152174
606,3,2901,0.8165906685448828
607,3,2902,0.7932716691866516
608,3,2903,0.8004596650245646
609,3,2904,0.8067760310091434
610,3,2905,0.8044384756302905
611,3,2906,0.8283082374504634
612,3,2907,0.8172647912010903
613,3,2908,0.8107115675118707
614,3,2909,0.8241013021962273
615,3,2910,0.816937204317323
616,3,2911,0.846825505407261
617,3,2912,0.7813776526821866
618,3,2913,0.8104034363779994
619,3,2914,0.8403077817388943
620,3,2915,0.879141556209929
621,3,2916,0.822905681073843
622,3,2917,0.8369397406155864
623,3,2918,0.8164970007325922
624,3,2919,0.7726984677304114
625,3,2920,0.8562021642213776
626,3,2921,0.8309619362865176
627,3,2922,0.7571571022272108
628,3,2923,0.8020665026491596
629,3,2924,0.8013524283610639
630,3,2925,0.8777703222419535
631,3,2926,0.8398204526553551
632,3,2927,0.8640798842534423
633,3,2928,0.8196388049760744
634,3,2929,0.8139655981656342
635,3,2930,0.8873086794767351
636,3,2931,0.7977492070668155
637,3,2932,0.8121131138565638
638,3,2933,0.8766866406159742
639,3,2934,0.7549309544487014
640,3,2935,0.8773582097187282
641,3,2936,0.7869365103542805
642,3,2937,0.7913581713856684
643,3,2938,0.7768668368503096
644,3,2939,0.7967385100644258
645,3,2940,0.8994331554997534
646,3,2941,0.8100350063427216
647,3,2942,0.8051057719581183
648,3,2943,0.832928386139905
649,3,2944,0.8278070396211529
650,3,2945,0.7518149920783581
651,3,2946,0.8416687832657426
652,3,2947,0.7820204461791687
653,3,2948,0.838560365317833
654,3,2949,0.7886041201917189
655,3,2950,0.8642727312232766
656,3,2951,0.8588369887189138
657,3,2952,0.8296874974898638
658,3,2953,0.7617512656641859
659,3,2954,0.7940385379118934
660,3,2955,0.8218636308752354
661,3,2956,0.7834263310457268
662,3,2957,0.8455669637769462
663,3,2958,0.7869088501846861
664,3,2959,0.782515992543527
665,3,2960,0.8215914956249651
666,3,2961,0.8253489143348166
667,3,2962,0.7925122600669662
668,3,2963,0.7756224416994623
669,3,2964,0.8455476341990843
670,3,2965,0.8142684188981852
671,3,2966,0.8163232641693736
672,3,2967,0.7735780340929824
673,3,2968,0.8599245487268836
674,3,2969,0.8260610529354641
675,3,2970,0.9202639982991275
676,3,2971,0.832289305737331
677,3,2972,0.7867483775175754
678,3,2973,0.7813719760271765
679,3,2974,0.7798357225422349
680,3,2975,0.8476423356859457
681,3,2976,0.8195769153978852
682,3,2977,0.8387905949105819
683,3,2978,0.9176258011055842
684,3,2979,0.8178202914783642
685,3,2980,0.8670074831073482
686,3,2981,0.8360518110649927
687,3,2982,0.8020949749542136
688,3,2983,0.8629179253863793
689,3,2984,0.746546842046969
690,3,2985,0.7872880063507528
691,3,2986,0.8380495975947095
692,3,2987,0.8561846617431867
693,3,2988,0.8156263692570584
694,3,2989,0.8294054397293146
695,3,2990,0.8339007687311442
696,3,2991,0.858769437652968
697,3,2992,0.770868072463643
698,3,2993,0.7731746433834945
699,3,2994,0.9027073636562342
700,3,2995,0.8503692876547574
701,3,2996,0.849469705263064
702,3,2997,0.8619577367568301
703,3,2998,0.8414676381452453
704,3,2999,0.8745349189044821
705,3,3000,0.7868998968264178
706,3,3001,0.8795223498849996
707,3,3002,0.7635003764714513
708,3,3003,0.8274138392215327
709,3,3004,0.7921854870926057
710,3,3005,0.8129543605304901
711,3,3006,0.8191212574463517
712,3,3007,0.7796680483567928
713,3,3008,0.8753836765175771
714,3,3009,0.7675376809423875
715,3,3010,0.891974400684592
716,3,3011,0.8766978049340348
717,3,3012,0.8239668474222221
718,3,3013,0.8872369020467715
719,3,3014,0.8344078722764694
720,3,3015,0.8852284650007884
721,3,3016,0.8405934084384213
722,3,3017,0.8449212035519026
723,3,3018,0.7918907854528654
724,3,3019,0.8598795367094377
725,3,3020,0.7787415221156108
726,3,3021,0.8263649795470492
727,3,3022,0.8312486883785044
728,3,3023,0.788441099226475
729,3,3024,0.8176799021838677
730,3,3025,0.7879876241398356
731,3,3026,0.9000643806177236
732,3,3027,0.8069148125747841
733,3,3028,0.7645860440319493
734,3,3029,0.8617078381191406
735,3,3030,0.7812606950423548
736,3,3031,0.7726593705204625
737,3,3032,0.7948883652154889
738,3,3033,0.7537892323785594
739,3,3034,0.903038201454495
740,3,3035,0.8336744153472996
741,3,3036,0.7821334380257342
742,3,3037,0.8360824298024885
743,3,3038,0.8006449220258567
744,3,3039,0.816548588020461
745,3,3040,0.8126675836697577
746,3,3041,0.7884940649604514
747,3,3042,0.8942301030315103
748,3,3043,0.8203182850210439
749,3,3044,0.7858409015461802
750,3,3045,0.8067995308942739
751,3,3046,0.8140934102148527
752,3,3047,0.8418543162711319
753,3,3048,0.7862941324710848
754,3,3049,0.7575442667695738
755,3,3050,0.7668316195319805
756,3,3051,0.8305264345059793
757,3,3052,0.8672682820331481
758,3,3053,0.8203406294896491
759,3,3054,0.8838050812039346
760,3,3055,0.837621209677309
761,3,3056,0.8358735419543725
762,3,3057,0.8034445593754451
763,3,3058,0.8087597721300664
764,3,3059,0.8040560544246717
765,3,3060,0.8234773661409104
766,3,3061,0.7937482065033346
767,3,3062,0.8152113503199959
768,3,3063,0.8147575054317712
769,3,3064,0.8645773650634857
770,3,3065,0.7875103972231349
771,3,3066,0.8451343209349683
772,3,3067,0.8032051954152328
773,3,3068,0.8210335509807227
774,3,3069,0.8348423135245131
775,3,3070,0.8013240372362948
776,3,3071,0.775637901787247
777,3,3072,0.821356955383505
778,3,3073,0.8016029690791454
779,3,3074,0.8514658646391972
780,3,3075,0.8011303235821071
781,3,3076,0.814909535149733
782,3,3077,0.7751903196220241
783,3,3078,0.8093125223669977
784,3,3079,0.7743710117148501
785,3,3080,0.8402829609057377
786,3,3081,0.7454786718867366
787,3,3082,0.8019510534192833
788,3,3083,0.8162211563349481
789,3,3084,0.8318832660138253
790,3,3085,0.8080776918768174
791,3,3086,0.8271352717697265
792,3,3087,0.836934295638154
793,3,3088,0.8126107634355626
794,3,3089,0.8479442218584674
795,3,3090,0.8021151188406206
796,3,3091,0.7503083706168191
797,3,3092,0.8586361541279726
798,3,3093,0.8041844550254087
799,3,3094,0.87976616465797
800,3,3095,0.8523843600192953
801,3,3096,0.8480308881650368
802,3,3097,0.7910630204936578
803,3,3098,0.8578034311178185
804,3,3099,0.8620689422601744
805,3,3100,0.9055735104318177
806,3,3101,0.7875126764799159
807,3,3102,0.9105843596071714
808,3,3103,0.813431027190139
809,3,3104,0.8479229093839723
810,3,3105,0.8074719232196609
811,3,3106,0.8057356024427071
812,3,3107,0.8569814207342764
813,3,3108,0.841111869972554
814,3,3109,0.8361503514461218
815,3,3110,0.8586992719432426
816,3,3111,0.7352785496041179
817,3,3112,0.8126959753267111
818,3,3113,0.826119714771353
819,3,3114,0.7500774664804339
820,3,3115,0.8513964016788773
821,3,3116,0.8759966974723198
822,3,3117,0.7911386531999424
823,3,3118,0.8316818701014631
824,3,3119,0.8698202556087857
825,3,3120,0.8100245967507363
826,3,3121,0.8170550686218555
827,3,3122,0.8085745377909571
828,3,3123,0.7960927888662332
829,3,3124,0.8062775394923629
830,3,3125,0.819966806631003
831,3,3126,0.8235588692838238
832,3,3127,0.7868593757351241
833,3,3128,0.8749548521425041
834,3,3129,0.8009017462886514
835,3,3130,0.848146959784485
836,3,3131,0.8158921878341407
837,3,3132,0.8196868623739907
838,3,3133,0.8471059807620589
839,3,3134,0.876760951819874
840,3,3135,0.869858833207261
841,3,3136,0.8215174763241696
842,3,3137,0.7845078614717793
843,3,3138,0.8110608572495125
844,3,3139,0.8078866798785472
845,3,3140,0.825928929638827
846,3,3141,0.7567941482578004
847,3,3142,0.8789097527263775
848,3,3143,0.7833197310212112
849,3,3144,0.8185535385273397
850,3,3145,0.8092191639755454
851,3,3146,0.8603750727848991
852,3,3147,0.7644959922791236
853,3,3148,0.767821044616756
854,3,3149,0.8283664621191013
855,3,3150,0.8126712679153397
856,3,3151,0.8947656181020042
857,3,3152,0.7911400462811192
858,3,3153,0.7724230369286876
859,3,3154,0.8313124014419457
860,3,3155,0.8690460031364289
861,3,3156,0.7694116095302713
862,3,3157,0.8380942920311576
863,3,3158,0.7855364780740014
864,3,3159,0.8144280104676175
865,3,3160,0.8274185473010652
866,3,3161,0.8052035241964316
867,3,3162,0.7952213390242486
868,3,3163,0.8317661136388781
869,3,3164,0.7844777784443325
870,3,3165,0.8046192404414927
871,3,3166,0.8563415402369129
872,3,3167,0.770857973977746
873,3,3168,0.7914695945302289
874,3,3169,0.8222138918936253
875,3,3170,0.7986384477200255
876,3,3171,0.7432007469857732
877,3,3172,0.8060168683794992
878,3,3173,0.8468390827377638
879,3,3174,0.7875534097131873
880,3,3175,0.8170282579514949
881,3,3176,0.7562637659055846
882,3,3177,0.8460189080131906
883,3,3178,0.7765667612797448
884,3,3179,0.7635921281097189
885,3,3180,0.7850755627843596
886,3,3181,0.80479399052759
887,3,3182,0.8398958381620191
888,3,3183,0.804048513106647
889,3,3184,0.8886198980645055
890,3,3185,0.7897671549802734
891,3,3186,0.7538109473396272
892,3,3187,0.7982304194010792
893,3,3188,0.7807025458841096
894,3,3189,0.8086079362824206
895,3,3190,0.8771826368978339
896,3,3191,0.7941016405820847
897,3,3192,0.8417897146372568
898,3,3193,0.8041125631979888
899,3,3194,0.8807807873402322
900,3,3195,0.8186246437419737
901,3,3196,0.7243506455616581
902,3,3197,0.7455328114862952
903,3,3198,0.8091494386040028
904,3,3199,0.8304399244398588
905,3,3200,0.7849499240207176
906,3,3201,0.8141908877573552
907,3,3202,0.8869794573457469
908,3,3203,0.8314085879717907
909,3,3204,0.8507041374132747
910,3,3205,0.789758281117039
911,3,3206,0.777135570888363
912,3,3207,0.7911133722712597
913,3,3208,0.8199185221677736
914,3,3209,0.8062545203027272
915,3,3210,0.841726090005111
916,3,3211,0.8102382939486277
917,3,3212,0.8230084724103411
918,3,3213,0.805846447612913
919,3,3214,0.8421747305740912
920,3,3215,0.8052199220595259
921,3,3216,0.7258390639243381
922,3,3217,0.845552351104007
923,3,3218,0.7838395406447705
924,3,3219,0.7895377484992855
925,3,3220,0.7861574764053028
926,3,3221,0.796712990584118
927,3,3222,0.7903432545385191
928,3,3223,0.8137850541444052
929,3,3224,0.8287591617554423
930,3,3225,0.814403846992978
931,3,3226,0.8215094570602688
932,3,3227,0.8917432101886895
933,3,3228,0.8080831241926978
934,3,3229,0.7745958675985181
935,3,3230,0.7520803137283241
936,3,3231,0.8096851386528996
937,3,3232,0.8135244151178216
938,3,3233,0.7329099611157462
939,3,3234,0.7682266091218308
940,3,3235,0.7245619978888759
941,3,3236,0.8551305460388816
942,3,3237,0.8191066401611483
943,3,3238,0.8425962252631073
944,3,3239,0.8192870515354332
945,3,3240,0.8028075445354692
946,3,3241,0.8138065678732737
947,3,3242,0.8120470699809845
948,3,3243,0.821661900019362
949,3,3244,0.7952279535432655
950,3,3245,0.8386761093778269
951,3,3246,0.8150668349117041
952,3,3247,0.8418086330805507
953,3,3248,0.8176743045804047
954,3,3249,0.790415599276977
955,3,3250,0.7742051801067731
956,3,3251,0.8656139593083589
957,3,3252,0.8827921643941886
958,3,3253,0.7932871196064211
959,3,3254,0.8166290712764575
960,3,3255,0.7787380688380273
961,3,3256,0.869362093153454
962,3,3257,0.7931627545816202
963,3,3258,0.7801277555880094
964,3,3259,0.7834393614903091
965,3,3260,0.8049332149814639
966,3,3261,0.7632446067319029
967,3,3262,0.7835190069994755
968,3,3263,0.8319582556862207
969,3,3264,0.8486647870435953
970,3,3265,0.8541243573029834
971,3,3266,0.7644141935521649
972,3,3267,0.7482761599433919
973,3,3268,0.7874407887325755
974,3,3269,0.8066306635072191
975,3,3270,0.819998043278853
976,3,3271,0.8815387702059178
977,3,3272,0.8150351988595154
978,3,3273,0.7889895125159196
979,3,3274,0.7804907358118466
980,3,3275,0.7203321327632737
981,3,3276,0.8382661965941745
982,3,3277,0.7727365418603378
983,3,3278,0.8392782523962005
984,3,3279,0.8385822361423857
985,3,3280,0.8655287032680851
986,3,3281,0.8633707960224931
987,3,3282,0.8393436978083282
988,3,3283,0.8558915924458278
989,3,3284,0.764085797947787
990,3,3285,0.9004859514756217
991,3,3286,0.8372257363405964
992,3,3287,0.8291394867091659
993,3,3288,0.842780139563339
994,3,3289,0.8233470228012828
995,3,3290,0.8124139732015987
996,3,3291,0.8383982307942852
997,3,3292,0.7775756707858473
998,3,3293,0.7225032163606513
999,3,3294,0.8229176413844382
1000,3,3295,0.8228140274683635
1001,3,3296,0.7637945647307095
1002,3,3297,0.8598444414369407
1003,3,3298,0.8170444359115903
1004,3,3299,0.7864131820166395
1005,3,3300,0.7883821365733941
1006,3,3301,0.8030047054801669
1007,3,3302,0.8717230460828259
1008,3,3303,0.7279520437254438
1009,3,3304,0.8615480789559937
1010,3,3305,0.7831636931126317
1011,3,3306,0.7863193827548197
1012,3,3307,0.8899576902345177
1013,3,3308,0.8819661253531065
1014,3,3309,0.8091140247304881
1015,3,3310,0.7654168935315242
1016,3,3311,0.8713922419008756
1017,3,3312,0.8267460552576401
1018,3,3313,0.9059501416271641
1019,3,3314,0.8019474404198783
1020,3,3315,0.7783700304682412
1021,3,3316,0.7568972668654862
1022,3,3317,0.829580434110193
1023,3,3318,0.7915066902170932
1024,3,3319,0.8307303493354647
1025,3,3320,0.7778883071704991
1026,3,3321,0.8225566677837853
1027,3,3322,0.7582488869804711
1028,3,3323,0.8339815799679074
1029,3,3324,0.8070014308295435
1030,3,3325,0.7929322950852413
1031,3,3326,0.8158319319287937
1032,3,3327,0.7808284170349086
1033,3,3328,0.8046812764147209
1034,3,3329,0.8339843037759975
1035,3,3330,0.8466198655022751
1036,3,3331,0.8612261104087037
1037,3,3332,0.8951207065866105
1038,3,3333,0.7678584373068241
1039,3,3334,0.8448547472556434
1040,3,3335,0.8561641435094531
1041,3,3336,0.7765335625347992
1042,3,3337,0.8222714611994368
1043,3,3338,0.867161639921722
1044,3,3339,0.8286679775143663
1045,3,3340,0.7960193311086012
1046,3,3341,0.7912696871817823
1047,3,3342,0.8064258825477391
1048,3,3343,0.8491668236397562
1049,3,3344,0.8082936848735526
1050,3,3345,0.8003825194069316
1051,3,3346,0.9497976491582536
1052,3,3347,0.792068567503953
1053,3,3348,0.7968855581822849
1054,3,3349,0.8295452900763067
1055,3,3350,0.860257184731641
1056,3,3351,0.8469391328814838
1057,3,3352,0.799564536173074
1058,3,3353,0.7788398002850868
1059,3,3354,0.8561528838638748
1060,3,3355,0.8205641520963537
1061,3,3356,0.7768051244008046
1062,3,3357,0.7823136452408064
1063,3,3358,0.779946074954101
1064,3,3359,0.7879787800567493
1065,3,3360,0.757232815293329
1066,3,3361,0.7912958351717817
1067,3,3362,0.8130236509743901
1068,3,3363,0.8540505960672384
1069,3,3364,0.7778909072900811
1070,3,3365,0.8705082979895885
1071,3,3366,0.807170564087019
1072,3,3367,0.9064580094778822
1073,3,3368,0.822689562082468
1074,3,3369,0.8523062401495517
1075,3,3370,0.7668692600425508
1076,3,3371,0.8063805640808174
1077,3,3372,0.8451278658716805
1078,3,3373,0.7830779565764325
1079,3,3374,0.8481463902585562
1080,3,3375,0.8023050696855145
1081,3,3376,0.8368418092085491
1082,3,3377,0.799422778610495
1083,3,3378,0.7921303727531006
1084,3,3379,0.8396939515978806
1085,3,3380,0.7879098758234511
1086,3,3381,0.801920884067104
1087,3,3382,0.7745253931553592
1088,3,3383,0.8688107616312448
1089,3,3384,0.8362417001099816
1090,3,3385,0.8444912553587485
1091,3,3386,0.7948851340583393
1092,3,3387,0.8215551229548594
1093,3,3388,0.7973595638094203
1094,3,3389,0.7973258606202545
1095,3,3390,0.8108564007229039
1096,3,3391,0.8230879101015274
1097,3,3392,0.8694623652623878
1098,3,3393,0.8433278884206501
1099,3,3394,0.8160159775676826
1100,3,3395,0.8709302021279223
1101,3,3396,0.7631701751656474
1102,3,3397,0.8815005196347123
1103,3,3398,0.7830992751266983
1104,3,3399,0.7818960712202604
1105,3,3400,0.7763279189932205
1106,3,3401,0.8495442997664213
1107,3,3402,0.7910988210212615
1108,3,3403,0.8413409130825173
1109,3,3404,0.7761068749019788
1110,3,3405,0.8161972119872057
1111,3,3406,0.8402524859467079
1112,3,3407,0.7999710692979751
1113,3,3408,0.7983511909399005
1114,3,3409,0.8071290981024503
1115,3,3410,0.8365822762162203
1116,3,3411,0.7804075079925713
1117,3,3412,0.8486535228744503
1118,3,3413,0.841505268389093
1119,3,3414,0.858424122179193
1120,3,3415,0.8054821658879519
1121,3,3416,0.8091294440839973
1122,3,3417,0.8158277074495951
1123,3,3418,0.8146023673138449
1124,3,3419,0.8041234240601107
1125,3,3420,0.8467170260181384
1126,3,3421,0.8109225068862239
1127,3,3422,0.8557725603958325
1128,3,3423,0.8005031453268159
1129,3,3424,0.850295229327111
1130,3,3425,0.9314077881031801
1131,3,3426,0.8744577839970589
1132,3,3427,0.8209717576391996
1133,3,3428,0.7594501406087407
1134,3,3429,0.8592727851965244
1135,3,3430,0.8207331009297852
1136,3,3431,0.7945351627699674
1137,3,3432,0.867524190340191
1138,3,3433,0.805276852389354
1139,3,3434,0.8426547551172832
1140,3,3435,0.829923467444522
1141,3,3436,0.90426949127799
1142,3,3437,0.8263480650881928
1143,3,3438,0.8076659158714826
1144,3,3439,0.8489461353359122
1145,3,3440,0.7548133723127347
1146,3,3441,0.9709557531667607
0,4,3442,0.7511349151886646
1,4,3443,0.8533308814678873
2,4,3444,0.7912466543770973
3,4,3445,0.8191696414502252
4,4,3446,0.8494907734871263
5,4,3447,0.7921735659862559
6,4,3448,0.7880418845230625
7,4,3449,0.8471716635062229
8,4,3450,0.7879659594701871
9,4,3451,0.8046757266634987
10,4,3452,0.8126565992078257
11,4,3453,0.8465217898289362
12,4,3454,0.8878957670004595
13,4,3455,0.7920964433855955
14,4,3456,0.801861508217241
15,4,3457,0.7996069440795552
16,4,3458,0.7904064419368902
17,4,3459,0.7747568776609287
18,4,3460,0.852531678619839
19,4,3461,0.7735720249558133
20,4,3462,0.8204160927173989
21,4,3463,0.9015545335908729
22,4,3464,0.7998677709006836
23,4,3465,0.8163113808037625
24,4,3466,0.7919249437483292
25,4,3467,0.8082722510610307
26,4,3468,0.8793691967702694
27,4,3469,0.7598719121888281
28,4,3470,0.8158560589931552
29,4,3471,0.8161608939103425
30,4,3472,0.8037632793808974
31,4,3473,0.7677206540968091
32,4,3474,0.7940641938753072
33,4,3475,0.8342655598230303
34,4,3476,0.8194194949852922
35,4,3477,0.850944469017642
36,4,3478,0.8286573201240529
37,4,3479,0.8509458981764814
38,4,3480,0.8052785025599102
39,4,3481,0.8453786542772183
40,4,3482,0.7955541363252061
41,4,3483,0.8195546636845741
42,4,3484,0.8201887248350042
43,4,3485,0.7844264823499887
44,4,3486,0.844089618307494
45,4,3487,0.8222715064794535
46,4,3488,0.8653716116788841
47,4,3489,0.8453823393875999
48,4,3490,0.7755239140464081
49,4,3491,0.815196856900695
50,4,3492,0.8785201951506594
51,4,3493,0.8476701474615504
52,4,3494,0.8535210173355325
53,4,3495,0.7916485179836551
54,4,3496,0.8188905414593005
55,4,3497,0.8506606724334969
56,4,3498,0.8787808835151649
57,4,3499,0.807828419974872
58,4,3500,0.7675493482411616
59,4,3501,0.7716843088911401
60,4,3502,0.8087693812724736
61,4,3503,0.7965977773114685
62,4,3504,0.8254688086564694
63,4,3505,0.848256574899313
64,4,3506,0.7719840297165016
65,4,3507,0.9393469465098212
66,4,3508,0.7884595546694029
67,4,3509,0.8536665562008109
68,4,3510,0.8418702080491044
69,4,3511,0.8311415173202044
70,4,3512,0.810142003354572
71,4,3513,0.8356588962709622
72,4,3514,0.8293496531966541
73,4,3515,0.7833861233444795
74,4,3516,0.8609427948083196
75,4,3517,0.8162402543461037
76,4,3518,0.822118029885349
77,4,3519,0.7943658779064814
78,4,3520,0.8515812708730144
79,4,3521,0.8276002982720021
80,4,3522,0.8623313109966971
81,4,3523,0.857935182040646
82,4,3524,0.7880840136314786
83,4,3525,0.8382489681243896
84,4,3526,0.7456155999430586
85,4,3527,0.9420521726743099
86,4,3528,0.8612564924572196
87,4,3529,0.8653197841097912
88,4,3530,0.8427621266095056
89,4,3531,0.798678262602715
90,4,3532,0.8966536807738955
91,4,3533,0.9110163734072732
92,4,3534,0.8243700463236088
93,4,3535,0.879338728707461
94,4,3536,0.7368899766976637
95,4,3537,0.8099124284372442
96,4,3538,0.8363940600483191
97,4,3539,0.8587932057811746
98,4,3540,0.771633801737889
99,4,3541,0.8234867660683537
100,4,3542,0.8057438912136214
101,4,3543,0.863038763049103
102,4,3544,0.7279660499965152
103,4,3545,0.8671933790402753
104,4,3546,0.755419284371393
105,4,3547,0.8669710659555026
106,4,3548,0.8423318635849726
107,4,3549,0.7857680619649944
108,4,3550,0.8031227223220325
109,4,3551,0.8711026008240879
110,4,3552,0.8058893628241051
111,4,3553,0.7845149902360781
112,4,3554,0.8700156621413215
113,4,3555,0.7927548439641084
114,4,3556,0.8507057612850554
115,4,3557,0.7747211825723448
116,4,3558,0.7621909949396338
117,4,3559,0.8078765755164482
118,4,3560,0.85942079851936
119,4,3561,0.811460743813465
120,4,3562,0.8200794025989515
121,4,3563,0.8318166803745998
122,4,3564,0.8428688021376729
123,4,3565,0.8323616529149669
124,4,3566,0.8123137304736746
125,4,3567,0.8010523233873148
126,4,3568,0.868748415261507
127,4,3569,0.8521425963955975
128,4,3570,0.815460667391086
129,4,3571,0.8365952992989194
130,4,3572,0.7795647792961626
131,4,3573,0.806853323664871
132,4,3574,0.8391798592749095
133,4,3575,0.8372448883019388
134,4,3576,0.7455593756887882
135,4,3577,0.7975438682007648
136,4,3578,0.7977327611297369
137,4,3579,0.8246335353524912
138,4,3580,0.7733734796444574
139,4,3581,0.8054255917668343
140,4,3582,0.9274806897377682
141,4,3583,0.7896486307893481
142,4,3584,0.8153370210812206
143,4,3585,0.8518331920994179
144,4,3586,0.8536486689533506
145,4,3587,0.8178779184818268
146,4,3588,0.79289322173489
147,4,3589,0.7834092709457591
148,4,3590,0.8551698310655498
149,4,3591,0.7819919912588027
150,4,3592,0.7927314751293688
151,4,3593,0.8101974700887999
152,4,3594,0.8073504725914628
153,4,3595,0.8051739770120806
154,4,3596,0.7539211405175072
155,4,3597,0.7961529779159241
156,4,3598,0.8369124495823467
157,4,3599,0.8532715112059601
158,4,3600,0.7797043023276187
159,4,3601,0.8400632854595423
160,4,3602,0.827706492727711
161,4,3603,0.8116944096982479
162,4,3604,0.7644509389730436
163,4,3605,0.8412159041146793
164,4,3606,0.7784059931124959
165,4,3607,0.8701959762367466
166,4,3608,0.808187767508484
167,4,3609,0.7497651418227524
168,4,3610,0.7537416519951962
169,4,3611,0.7972516716413555
170,4,3612,0.7927648604049216
171,4,3613,0.8658374182081647
172,4,3614,0.8224921215857779
173,4,3615,0.8042033805201452
174,4,3616,0.8630833086513338
175,4,3617,0.8592594771956404
176,4,3618,0.7936821052848937
177,4,3619,0.8083536548185208
178,4,3620,0.8034455249352115
179,4,3621,0.7514990250624363
180,4,3622,0.7775368050539068
181,4,3623,0.8045847036742738
182,4,3624,0.850946637225293
183,4,3625,0.820258298933151
184,4,3626,0.8718400467187168
185,4,3627,0.7180996049816409
186,4,3628,0.7692158196919731
187,4,3629,0.8160443144761734
188,4,3630,0.8568981419805259
189,4,3631,0.8525959890158404
190,4,3632,0.7989578706522782
191,4,3633,0.7976869831438218
192,4,3634,0.7994513100101832
193,4,3635,0.8081778472821628
194,4,3636,0.8202146541415932
195,4,3637,0.7751033115200695
196,4,3638,0.79602622114388
197,4,3639,0.8493432924594907
198,4,3640,0.7921741874445052
199,4,3641,0.8205029621631617
200,4,3642,0.8370151610246728
201,4,3643,0.7970572153904609
202,4,3644,0.8928376710530195
203,4,3645,0.7677965301665521
204,4,3646,0.7786797910840028
205,4,3647,0.8366331223487145
206,4,3648,0.8116490383455086
207,4,3649,0.7979742673092655
208,4,3650,0.8051210036057801
209,4,3651,0.8027593584154687
210,4,3652,0.7610464476802875
211,4,3653,0.8087171665171073
212,4,3654,0.8094527314284018
213,4,3655,0.7932558109806405
214,4,3656,0.80311497054728
215,4,3657,0.7934017183613918
216,4,3658,0.8157468225274767
217,4,3659,0.8005287769206223
218,4,3660,0.8676286617826137
219,4,3661,0.8016598730658492
220,4,3662,0.8568024200475995
221,4,3663,0.7858500179967711
222,4,3664,0.8444592476423298
223,4,3665,0.8605748234050614
224,4,3666,0.7852785902408264
225,4,3667,0.7784183428046247
226,4,3668,0.7518010801147849
227,4,3669,0.7912276516712848
228,4,3670,0.8354569536500744
229,4,3671,0.8404613486491144
230,4,3672,0.7897757949263212
231,4,3673,0.7882704213261605
232,4,3674,0.7488561082587002
233,4,3675,0.7969580593829355
234,4,3676,0.7396744907212753
235,4,3677,0.7949389075150802
236,4,3678,0.8056993836182214
237,4,3679,0.8606170429182903
238,4,3680,0.8197480556111605
239,4,3681,0.7933079728058408
240,4,3682,0.7528599123026998
241,4,3683,0.8248179300377765
242,4,3684,0.748478711183582
243,4,3685,0.8560481156621661
244,4,3686,0.832682050143679
245,4,3687,0.8653453452335228
246,4,3688,0.8019992699624883
247,4,3689,0.8083875267988159
248,4,3690,0.781293198022814
249,4,3691,0.8132390795009475
250,4,3692,0.7890623868443071
251,4,3693,0.8051728373615158
252,4,3694,0.7995609545725443
253,4,3695,0.7552258591389372
254,4,3696,0.7874642493025886
255,4,3697,0.8175370428888572
256,4,3698,0.8005176611865561
257,4,3699,0.7815206495690202
258,4,3700,0.8309615766407833
259,4,3701,0.8305882603994437
260,4,3702,0.7871442026503029
261,4,3703,0.7784412575530862
262,4,3704,0.8298362877574705
263,4,3705,0.8360953807298627
264,4,3706,0.8370400003068856
265,4,3707,0.7821898196956941
266,4,3708,0.8789307968247506
267,4,3709,0.863196997504149
268,4,3710,0.8362196299158746
269,4,3711,0.819597909182665
270,4,3712,0.8386535885788147
271,4,3713,0.7788578254569855
272,4,3714,0.8088277053265346
273,4,3715,0.8492691068067437
274,4,3716,0.8781982240311448
275,4,3717,0.8084719120746566
276,4,3718,0.7729774731255715
277,4,3719,0.8419403882608527
278,4,3720,0.8033509719673366
279,4,3721,0.8851222055298941
280,4,3722,0.8154505843385345
281,4,3723,0.8156514898652123
282,4,3724,0.7764449376790296
283,4,3725,0.870322552465257
284,4,3726,0.7202237502095244
285,4,3727,0.8380532576924279
286,4,3728,0.7691249609703108
287,4,3729,0.8176282852267224
288,4,3730,0.7628693852041452
289,4,3731,0.7705818232858465
290,4,3732,0.8232177806619024
291,4,3733,0.7711132697628009
292,4,3734,0.7548982343370361
293,4,3735,0.8514260328153057
294,4,3736,0.771117884310938
295,4,3737,0.7992861425681484
296,4,3738,0.838360138592266
297,4,3739,0.8314068540709005
298,4,3740,0.8528346323097744
299,4,3741,0.7979368560814433
300,4,3742,0.8091044779423445
301,4,3743,0.8095526026473159
302,4,3744,0.8166523545847407
303,4,3745,0.8398302811242284
304,4,3746,0.8450224898932945
305,4,3747,0.8642854446633941
306,4,3748,0.8456256550603682
307,4,3749,0.783714290930047
308,4,3750,0.7466077489911445
309,4,3751,0.8509350333451516
310,4,3752,0.8170496278132002
311,4,3753,0.902971259495687
312,4,3754,0.802669235527338
313,4,3755,0.7496644648324166
314,4,3756,0.8469705840661411
315,4,3757,0.757042198264528
316,4,3758,0.8123260383449851
317,4,3759,0.8855650561551254
318,4,3760,0.8055655793065117
319,4,3761,0.7895298260042356
320,4,3762,0.8956333893306909
321,4,3763,0.8143120092738952
322,4,3764,0.8023463138157412
323,4,3765,0.7987713551902699
324,4,3766,0.7579847937449814
325,4,3767,0.8290544237409317
326,4,3768,0.8491493980178519
327,4,3769,0.8618943393230436
328,4,3770,0.7693140868186241
329,4,3771,0.7929133390564295
330,4,3772,0.8584923149042187
331,4,3773,0.8185346332777824
332,4,3774,0.8846571945718357
333,4,3775,0.8145920124259733
334,4,3776,0.7699773162381633
335,4,3777,0.8149870325412069
336,4,3778,0.8658007470935228
337,4,3779,0.7768504173672273
338,4,3780,0.7754828426099957
339,4,3781,0.8311666506120846
340,4,3782,0.8039642038444678
341,4,3783,0.8237811306136705
342,4,3784,0.9004106229570294
343,4,3785,0.7604143907803862
344,4,3786,0.8141251289330068
345,4,3787,0.8026195036779555
346,4,3788,0.7891580254460374
347,4,3789,0.8536434157618453
348,4,3790,0.8395176181747089
349,4,3791,0.7787710032204077
350,4,3792,0.7408663771957869
351,4,3793,0.9227607691039641
352,4,3794,0.9015349864604927
353,4,3795,0.8278862638842491
354,4,3796,0.8290078453719616
355,4,3797,0.9104177784174681
356,4,3798,0.8298875735629171
357,4,3799,0.8757436218715849
358,4,3800,0.8057526956268011
359,4,3801,0.7539779781807391
360,4,3802,0.8286065192715752
361,4,3803,0.9007546343352822
362,4,3804,0.823060870148419
363,4,3805,0.8282325856298917
364,4,3806,0.7830140947452967
365,4,3807,0.8503277652143014
366,4,3808,0.8076529292655843
367,4,3809,0.7937473660512341
368,4,3810,0.8284760107995855
369,4,3811,0.8322625868465928
370,4,3812,0.7881439964819168
371,4,3813,0.7698104158487349
372,4,3814,0.8245135918259622
373,4,3815,0.8258840192685881
374,4,3816,0.8431988489769753
375,4,3817,0.7898772486175101
376,4,3818,0.7963041394416774
377,4,3819,0.8288066614241827
378,4,3820,0.8174886878668552
379,4,3821,0.7820769489875861
380,4,3822,0.8398979831309545
381,4,3823,0.8230774565821601
382,4,3824,0.7597605442362171
383,4,3825,0.8732514314885651
384,4,3826,0.8430329131938163
385,4,3827,0.873376070388726
386,4,3828,0.7862742634578829
387,4,3829,0.9046715927709423
388,4,3830,0.7690455468282813
389,4,3831,0.8499542369196813
390,4,3832,0.7483700146632535
391,4,3833,0.7283648196164344
392,4,3834,0.8797065765552579
393,4,3835,0.8109211308349454
394,4,3836,0.8608271131912866
395,4,3837,0.7471298405545809
396,4,3838,0.8335303894155438
397,4,3839,0.8758094065955707
398,4,3840,0.8280620473836149
399,4,3841,0.7930274249187537
400,4,3842,0.7687032644060396
401,4,3843,0.8270894960455952
402,4,3844,0.7529846223825148
403,4,3845,0.8301106079126752
404,4,3846,0.7773413164541124
405,4,3847,0.8879260744988208
406,4,3848,0.7964140520475447
407,4,3849,0.8207063978493568
408,4,3850,0.8697171490195958
409,4,3851,0.7982057207929237
410,4,3852,0.8301022959252201
411,4,3853,0.861174735994566
412,4,3854,0.8222908672122727
413,4,3855,0.7862757177402576
414,4,3856,0.7741201858790148
415,4,3857,0.8481040332200273
416,4,3858,0.7945744215200343
417,4,3859,0.7813974224651855
418,4,3860,0.8134474095090158
419,4,3861,0.7843966040139397
420,4,3862,0.7924371885268816
421,4,3863,0.8862173901427358
422,4,3864,0.8603509536811285
423,4,3865,0.7687579490288737
424,4,3866,0.7915089041038994
425,4,3867,0.8054438123834274
426,4,3868,0.8274012909581263
427,4,3869,0.8358911794078139
428,4,3870,0.773167401153062
429,4,3871,0.7673395326627154
430,4,3872,0.8825855034270457
431,4,3873,0.7844497096680461
432,4,3874,0.8382532006972249
433,4,3875,0.8217367713029187
434,4,3876,0.7491321375682239
435,4,3877,0.8104547081249103
436,4,3878,0.8636471870843143
437,4,3879,0.8338959085799399
438,4,3880,0.7554742016253018
439,4,3881,0.8298633871156548
440,4,3882,0.7803440676735981
441,4,3883,0.7914929614801492
442,4,3884,0.8273694629647902
443,4,3885,0.7449705683227097
444,4,3886,0.7870918444269117
445,4,3887,0.7648949322423765
446,4,3888,0.8197475136035965
447,4,3889,0.8216644880760992
448,4,3890,0.8272890091341518
449,4,3891,0.8519431390311746
450,4,3892,0.8489493415469214
451,4,3893,0.7986845062114298
452,4,3894,0.7821022127089755
453,4,3895,0.8479683299859367
454,4,3896,0.8389174680092504
455,4,3897,0.7295493646303102
456,4,3898,0.8037713910231279
457,4,3899,0.8123751929517657
458,4,3900,0.766158910290826
459,4,3901,0.7818103426668259
460,4,3902,0.8526007222632567
461,4,3903,0.8098407024517654
462,4,3904,0.7939087796424116
463,4,3905,0.7694613972368338
464,4,3906,0.7603355674960073
465,4,3907,0.819471706237112
466,4,3908,0.8198484690372076
467,4,3909,0.8192902453509823
468,4,3910,0.7530248179765685
469,4,3911,0.8088486858067059
470,4,3912,0.8559954860469415
471,4,3913,0.8190730709493869
472,4,3914,0.8423502080231194
473,4,3915,0.804700677017016
474,4,3916,0.7784598772192286
475,4,3917,0.8370957967514794
476,4,3918,0.8005865980383187
477,4,3919,0.7997707490410123
478,4,3920,0.7921085498029632
479,4,3921,0.9023701700692376
480,4,3922,0.8357247464314459
481,4,3923,0.8147645670964958
482,4,3924,0.861628926048676
483,4,3925,0.8071456720298601
484,4,3926,0.8609878169816164
485,4,3927,0.8432999973717545
486,4,3928,0.8287906816805757
487,4,3929,0.8124630219258723
488,4,3930,0.8046418011986783
489,4,3931,0.8430059088305347
490,4,3932,0.8413512583023736
491,4,3933,0.7677889857441188
492,4,3934,0.8183064229697701
493,4,3935,0.7888964642992332
494,4,3936,0.8077450587547251
495,4,3937,0.8199345926931569
496,4,3938,0.8041700509243777
497,4,3939,0.776699297972733
498,4,3940,0.8503273640138407
499,4,3941,0.8494472849138435
500,4,3942,0.7835343321785331
501,4,3943,0.7669572732411326
502,4,3944,0.7892745981170306
503,4,3945,0.7961975421889552
504,4,3946,0.7658749897742555
505,4,3947,0.8359355599663797
506,4,3948,0.7881142647404756
507,4,3949,0.8000445930021148
508,4,3950,0.8637100167217708
509,4,3951,0.8465287465424767
510,4,3952,0.7969896498003177
511,4,3953,0.8261900529974983
512,4,3954,0.8059563927707218
513,4,3955,0.8138170357616176
514,4,3956,0.8452653978906929
515,4,3957,0.757438102604023
516,4,3958,0.8722287771247682
517,4,3959,0.8220095413603955
518,4,3960,0.8213447962577145
519,4,3961,0.818157416768372
520,4,3962,0.8141653846417154
521,4,3963,0.8148000562740931
522,4,3964,0.788164756748648
523,4,3965,0.7876792020341824
524,4,3966,0.801592550107411
525,4,3967,0.8270349889284089
526,4,3968,0.8298955877045435
527,4,3969,0.8540776603456055
528,4,3970,0.8395486782260594
529,4,3971,0.8399265766853378
530,4,3972,0.8134947839592183
531,4,3973,0.7987892111053777
532,4,3974,0.8606117312752065
533,4,3975,0.7888156773433799
534,4,3976,0.8001322016297352
535,4,3977,0.7667254699128014
536,4,3978,0.8541345513824904
537,4,3979,0.7816432881878602
538,4,3980,0.7859800393205315
539,4,3981,0.8198343264160767
540,4,3982,0.8202112966350145
541,4,3983,0.8209712390920945
542,4,3984,0.8161881702641643
543,4,3985,0.787323191340658
544,4,3986,0.8103284338223083
545,4,3987,0.8288383799649421
546,4,3988,0.7454257451130876
547,4,3989,0.800987617046173
548,4,3990,0.7772245573412095
549,4,3991,0.8491842639410779
550,4,3992,0.8891032998050962
551,4,3993,0.8152137994766236
552,4,3994,0.8089755301674204
553,4,3995,0.7680921732847179
554,4,3996,0.8210515021124766
555,4,3997,0.7751389200843515
556,4,3998,0.7963638283046228
557,4,3999,0.7448233736767655
558,4,4000,0.8100457699703318
559,4,4001,0.8650911430207393
560,4,4002,0.7782951155455696
561,4,4003,0.8487442992405878
562,4,4004,0.783352138430235
563,4,4005,0.7916207348794808
564,4,4006,0.8080650452701819
565,4,4007,0.7552570505954682
566,4,4008,0.741949495393783
567,4,4009,0.8066850113460704
568,4,4010,0.8331702754256272
569,4,4011,0.8852707642086206
570,4,4012,0.7967013425770259
571,4,4013,0.7892820319559957
572,4,4014,0.8149619959073052
573,4,4015,0.8662532777747228
574,4,4016,0.8404595909994983
575,4,4017,0.8018797592570386
576,4,4018,0.8224885293859103
577,4,4019,0.7816170167532707
578,4,4020,0.839832310165678
579,4,4021,0.8858561368792187
580,4,4022,0.8424107591355486
581,4,4023,0.8795223380438983
582,4,4024,0.8476870488375426
583,4,4025,0.7395214377680706
584,4,4026,0.7819349853366259
585,4,4027,0.800760810396501
586,4,4028,0.807338536938741
587,4,4029,0.8003878919851213
588,4,4030,0.8629509159142063
589,4,4031,0.7828382337909369
590,4,4032,0.8215811178975161
591,4,4033,0.8137582054450396
592,4,4034,0.778193105100876
593,4,4035,0.8551812383257563
594,4,4036,0.851914166140237
595,4,4037,0.8583739972229869
596,4,4038,0.860244913824967
597,4,4039,0.8222282178744318
598,4,4040,0.8346893421950794
599,4,4041,0.8099552911395829
600,4,4042,0.7527837508491109
601,4,4043,0.8215062696309315
602,4,4044,0.7921807577035254
603,4,4045,0.8293493721368059
604,4,4046,0.8056106858310244
605,4,4047,0.8175271929995643
606,4,4048,0.8223420525457533
607,4,4049,0.8843709024645033
608,4,4050,0.800337781153974
609,4,4051,0.7629646613661731
610,4,4052,0.8110903667374737
611,4,4053,0.7831549247105916
612,4,4054,0.8612418442831509
613,4,4055,0.8156214687263681
614,4,4056,0.8366206164604849
615,4,4057,0.8290631068604333
616,4,4058,0.7542300531197161
617,4,4059,0.8820463226930727
618,4,4060,0.8011832742818764
619,4,4061,0.8038494661450388
620,4,4062,0.8898553221619557
621,4,4063,0.8285855116943519
622,4,4064,0.8348010672655488
623,4,4065,0.8129919816163326
624,4,4066,0.8274305221580324
625,4,4067,0.8845815188251436
626,4,4068,0.79952132626481
627,4,4069,0.8872149626591377
628,4,4070,0.8494255069111075
629,4,4071,0.7816157607760811
630,4,4072,0.8096994226798415
631,4,4073,0.8204690955490586
632,4,4074,0.8676514959494981
633,4,4075,0.790351648105397
634,4,4076,0.7942925611333478
635,4,4077,0.7979647189689177
636,4,4078,0.8643558443124808
637,4,4079,0.872276716289066
638,4,4080,0.8176969523940768
639,4,4081,0.787308619579389
640,4,4082,0.821588939854077
641,4,4083,0.8088934658583078
642,4,4084,0.8634312677507598
643,4,4085,0.8769501669199339
644,4,4086,0.8388536209462301
645,4,4087,0.7399573158472775
646,4,4088,0.8629269706351416
647,4,4089,0.8110391669019701
648,4,4090,0.7876607400719965
649,4,4091,0.8193917912652806
650,4,4092,0.8131152710966055
651,4,4093,0.8288783736172176
652,4,4094,0.7849155662670021
653,4,4095,0.7976063363076675
654,4,4096,0.7687339216382022
655,4,4097,0.7769499027303288
656,4,4098,0.8693816601520492
657,4,4099,0.8263133712822479
658,4,4100,0.7549310440552377
659,4,4101,0.7967937531925383
660,4,4102,0.8123342984666426
661,4,4103,0.8413996184244751
662,4,4104,0.7716048010846689
663,4,4105,0.7788222809543922
664,4,4106,0.8042048470871079
665,4,4107,0.7641419857917796
666,4,4108,0.8532527815550563
667,4,4109,0.7760705097268025
668,4,4110,0.8129459643692134
669,4,4111,0.8232453596290378
670,4,4112,0.8591956047873411
671,4,4113,0.8622677744854065
672,4,4114,0.8131475725565993
673,4,4115,0.8193946605370868
674,4,4116,0.8015632528279508
675,4,4117,0.8289774570702798
676,4,4118,0.8706723016997178
677,4,4119,0.7813818915968849
678,4,4120,0.8250457036885479
679,4,4121,0.7730697757076649
680,4,4122,0.8470528681895563
681,4,4123,0.773395788944548
682,4,4124,0.7984755205079203
683,4,4125,0.8557079236599662
684,4,4126,0.8659192041626999
685,4,4127,0.7875099771966537
686,4,4128,0.82738582514936
687,4,4129,0.7603197826427364
688,4,4130,0.800916114112451
689,4,4131,0.7967740073800087
690,4,4132,0.8145638060800376
691,4,4133,0.8521054227437294
692,4,4134,0.8456760810333348
693,4,4135,0.7947712710925511
694,4,4136,0.8441152681064391
695,4,4137,0.7811683737451123
696,4,4138,0.7285839620356759
697,4,4139,0.8147456858839309
698,4,4140,0.8160918366297013
699,4,4141,0.8317382854099075
700,4,4142,0.7897324251631896
701,4,4143,0.7956710832104796
702,4,4144,0.8296810479479888
703,4,4145,0.7943514624521847
704,4,4146,0.8216945810598276
705,4,4147,0.7848761128705173
706,4,4148,0.8499146801907392
707,4,4149,0.8241397745552517
708,4,4150,0.8607888104438427
709,4,4151,0.7752666039658445
710,4,4152,0.863857809986387
711,4,4153,0.819610118378131
712,4,4154,0.8399367970192715
713,4,4155,0.7645248084639512
714,4,4156,0.8276525692615126
715,4,4157,0.8402407330327799
716,4,4158,0.8005334680589536
717,4,4159,0.808650801046973
718,4,4160,0.8459207004024868
719,4,4161,0.7575880432324041
720,4,4162,0.8284933144182322
721,4,4163,0.7801207039904382
722,4,4164,0.8136214038268441
723,4,4165,0.8836375688690513
724,4,4166,0.7902677951025822
725,4,4167,0.777487736594464
726,4,4168,0.7508205319754778
727,4,4169,0.7959229525710857
728,4,4170,0.8216132836948548
729,4,4171,0.7520611170634983
730,4,4172,0.8388125441436256
731,4,4173,0.8602068273439294
732,4,4174,0.7962890248745681
733,4,4175,0.8094581666269475
734,4,4176,0.7992856484571735
735,4,4177,0.9118711545930376
736,4,4178,0.788731886517434
737,4,4179,0.8123696311155246
738,4,4180,0.8323817225616602
739,4,4181,0.914365899106044
740,4,4182,0.7775622005796149
741,4,4183,0.7610787427097204
742,4,4184,0.7784674664338429
743,4,4185,0.8183138922211671
744,4,4186,0.9318597236914291
745,4,4187,0.8235433104758463
746,4,4188,0.8634713210520288
747,4,4189,0.7991201061134537
748,4,4190,0.7850991211654175
749,4,4191,0.7892884217823546
750,4,4192,0.8117435358775157
751,4,4193,0.7997722562313789
752,4,4194,0.8215085029646398
753,4,4195,0.7597986201179171
754,4,4196,0.7956492076184424
755,4,4197,0.826606216840446
756,4,4198,0.7859622234301198
757,4,4199,0.7807798117754005
758,4,4200,0.8514763393572398
759,4,4201,0.8246858037919517
760,4,4202,0.8425528419514497
761,4,4203,0.8331154696865095
762,4,4204,0.8121784478647723
763,4,4205,0.6833457269129299
764,4,4206,0.7513550285782132
765,4,4207,0.7785083811641448
766,4,4208,0.7040878851188435
767,4,4209,0.8593142683662118
768,4,4210,0.8217335965573079
769,4,4211,0.8263766194383304
770,4,4212,0.7789568191482908
771,4,4213,0.7228584770290626
772,4,4214,0.8525176319249329
773,4,4215,0.784111073196289
774,4,4216,0.7682719769488489
775,4,4217,0.8256975770484479
776,4,4218,0.7893640118030208
777,4,4219,0.7962998489494479
778,4,4220,0.8663047632379901
779,4,4221,0.7816120446437882
780,4,4222,0.8837643553768949
781,4,4223,0.8027445759092056
782,4,4224,0.8030298702596197
783,4,4225,0.8346328385440367
784,4,4226,0.7684378632388654
785,4,4227,0.798746412841692
786,4,4228,0.7421677215911803
787,4,4229,0.8154942141402334
788,4,4230,0.8057794016564175
789,4,4231,0.8590715978338959
790,4,4232,0.8185251342753569
791,4,4233,0.8135235723374147
792,4,4234,0.8672471766227061
793,4,4235,0.7854268917636504
794,4,4236,0.7716133385408848
795,4,4237,0.8700702508822793
796,4,4238,0.828156939108989
797,4,4239,0.7715662548850688
798,4,4240,0.7934542251750827
799,4,4241,0.8041261861189489
800,4,4242,0.7883473703016838
801,4,4243,0.8002866315211922
802,4,4244,0.8634586329571904
803,4,4245,0.7266249474625858
804,4,4246,0.844759542672407
805,4,4247,0.7812394056291808
806,4,4248,0.8211400480497452
807,4,4249,0.8553368032776882
808,4,4250,0.8474711345597392
809,4,4251,0.8368738935816856
810,4,4252,0.7856979511146036
811,4,4253,0.7848216119843223
812,4,4254,0.7812500854599332
813,4,4255,0.8127990789445384
814,4,4256,0.7865959331393242
815,4,4257,0.9445221819693135
816,4,4258,0.8560168415618439
817,4,4259,0.8742314805941922
818,4,4260,0.8363077459590775
819,4,4261,0.8338563119815219
820,4,4262,0.8061185364301006
821,4,4263,0.7863423471294698
822,4,4264,0.7726809215465826
823,4,4265,0.8560235897478249
824,4,4266,0.8051896427225855
825,4,4267,0.7871918404208761
826,4,4268,0.782104174163015
827,4,4269,0.7749615857998531
828,4,4270,0.7565446382920658
829,4,4271,0.7982291734466949
830,4,4272,0.7983736233963142
831,4,4273,0.8110586093694327
832,4,4274,0.8388301525264977
833,4,4275,0.8153774136056504
834,4,4276,0.8048039952159992
835,4,4277,0.8094395166262985
836,4,4278,0.7970572691189035
837,4,4279,0.7666472782868715
838,4,4280,0.7641705748004219
839,4,4281,0.8282926105672406
840,4,4282,0.7938846875913442
841,4,4283,0.8042204550334385
842,4,4284,0.8154435671555498
843,4,4285,0.8566992353825345
844,4,4286,0.8237123453679183
845,4,4287,0.7810706095770001
846,4,4288,0.8079205533223492
847,4,4289,0.8125464973882551
848,4,4290,0.8192820185351939
849,4,4291,0.7664554582110472
850,4,4292,0.8026113955836213
851,4,4293,0.7783781769020218
852,4,4294,0.8611202074791348
853,4,4295,0.7892775835158923
854,4,4296,0.7538588468561925
855,4,4297,0.8058648444490417
856,4,4298,0.8194902143884629
857,4,4299,0.7819446637295188
858,4,4300,0.7954754928082582
859,4,4301,0.8688038368487642
860,4,4302,0.7528954297969385
861,4,4303,0.8107086536031038
862,4,4304,0.7682514135681446
863,4,4305,0.7787165552643794
864,4,4306,0.8534034558660574
865,4,4307,0.8085367481800771
866,4,4308,0.7792340438103391
867,4,4309,0.8436556685538518
868,4,4310,0.8507246127618211
869,4,4311,0.7897553991393318
870,4,4312,0.787365073781638
871,4,4313,0.7901503291601933
872,4,4314,0.7567321641060213
873,4,4315,0.8316302978034531
874,4,4316,0.7878967714939442
875,4,4317,0.8623240235527712
876,4,4318,0.7900073443140302
877,4,4319,0.8820973020490437
878,4,4320,0.7557663620626996
879,4,4321,0.794449566730431
880,4,4322,0.7655945434456778
881,4,4323,0.8124173898693352
882,4,4324,0.8248258802507605
883,4,4325,0.8428819491306233
884,4,4326,0.7796094978139514
885,4,4327,0.8554169027179123
886,4,4328,0.7644223255947941
887,4,4329,0.9044441025083263
888,4,4330,0.7813228468765461
889,4,4331,0.7938965151884726
890,4,4332,0.78925536036314
891,4,4333,0.792881514234025
892,4,4334,0.8524476639438597
893,4,4335,0.7984514283016323
894,4,4336,0.779658974658343
895,4,4337,0.82190723519861
896,4,4338,0.8276551118608386
897,4,4339,0.7983721127467495
898,4,4340,0.8977626815793059
899,4,4341,0.8562150409533864
900,4,4342,0.8177666515998898
901,4,4343,0.7769999269706507
902,4,4344,0.792092269020421
903,4,4345,0.7750954432856471
904,4,4346,0.800686684481445
905,4,4347,0.8324531664450963
906,4,4348,0.809154592942269
907,4,4349,0.8266491153765293
908,4,4350,0.8378367245064252
909,4,4351,0.8267981738872117
910,4,4352,0.7995216105842873
911,4,4353,0.8506707601648357
912,4,4354,0.8214135663583874
913,4,4355,0.8103506191456247
914,4,4356,0.7889834788982711
915,4,4357,0.8713217614484685
916,4,4358,0.8482310942241124
917,4,4359,0.796930240533714
918,4,4360,0.7828874983159559
919,4,4361,0.7836929709162741
920,4,4362,0.7607903243264273
921,4,4363,0.8810742370606889
922,4,4364,0.7858848171973866
923,4,4365,0.8133363233701815
924,4,4366,0.7838143130232181
925,4,4367,0.8553034677391957
926,4,4368,0.7790665878426463
927,4,4369,0.7756139768198844
928,4,4370,0.8819449263669196
929,4,4371,0.8379671847492103
930,4,4372,0.7404545007184855
931,4,4373,0.7851931144084249
932,4,4374,0.8515662975121469
933,4,4375,0.8222554947160893
934,4,4376,0.850540529847855
935,4,4377,0.861077134386592
936,4,4378,0.825075604198944
937,4,4379,0.787139325846164
938,4,4380,0.7746032435624371
939,4,4381,0.8186832872175035
940,4,4382,0.8141938576563486
941,4,4383,0.8317952177797754
942,4,4384,0.8000407799014025
943,4,4385,0.7501650543972138
944,4,4386,0.835358111986092
945,4,4387,0.7907115788465099
946,4,4388,0.8214122624624343
947,4,4389,0.8492848312570938
948,4,4390,0.7957210997563031
949,4,4391,0.8040782209663164
950,4,4392,0.8101227839166921
951,4,4393,0.8511051330715418
952,4,4394,0.8543084417248057
953,4,4395,0.8568969362725816
954,4,4396,0.7576320116363822
955,4,4397,0.7545450967514797
956,4,4398,0.8325427720944089
957,4,4399,0.8357563623715013
958,4,4400,0.8249139114549118
959,4,4401,0.7653156043518158
960,4,4402,0.7590843722268585
961,4,4403,0.8142375723414479
962,4,4404,0.8200690867601051
963,4,4405,0.886770570406779
964,4,4406,0.7261758919893985
965,4,4407,0.8582154523936055
966,4,4408,0.8007860247134452
967,4,4409,0.8080168880877038
968,4,4410,0.7964587088984749
969,4,4411,0.7334933112419786
970,4,4412,0.8633990337451298
971,4,4413,0.830520392595125
972,4,4414,0.7742687182367911
973,4,4415,0.8469230212226865
974,4,4416,0.8150625857746316
975,4,4417,0.8422753425935903
976,4,4418,0.7598455699515484
977,4,4419,0.8026370308583691
978,4,4420,0.776032134557941
979,4,4421,0.8223553756251932
980,4,4422,0.810944778512099
981,4,4423,0.7915932310833815
982,4,4424,0.777893893487219
983,4,4425,0.8006969496075595
984,4,4426,0.7979363944115386
985,4,4427,0.8105331843807583
986,4,4428,0.8044864617376811
987,4,4429,0.8173161387399194
988,4,4430,0.8208661963719698
989,4,4431,0.7928358033033354
990,4,4432,0.8061693361738609
991,4,4433,0.8796587784641556
992,4,4434,0.813623838304054
993,4,4435,0.8228113253467849
994,4,4436,0.7863892307948497
995,4,4437,0.8351758923159823
996,4,4438,0.7880925184248815
997,4,4439,0.8383370637893677
998,4,4440,0.7921680569693089
999,4,4441,0.8858783615841751
1000,4,4442,0.7858381155168727
1001,4,4443,0.8866085732089622
1002,4,4444,0.8204926754835817
1003,4,4445,0.7874089075208067
1004,4,4446,0.7857784467882344
1005,4,4447,0.833708436937914
1006,4,4448,0.8007999897624056
1007,4,4449,0.8057749468744511
1008,4,4450,0.832700803166344
1009,4,4451,0.8194269381153084
1010,4,4452,0.8143214309100238
1011,4,4453,0.7737467743101575
1012,4,4454,0.8497673805270876
1013,4,4455,0.811050096792834
1014,4,4456,0.7973449078078072
1015,4,4457,0.8460145446338825
1016,4,4458,0.8664437230853806
1017,4,4459,0.7859143520306262
1018,4,4460,0.8297736588422032
1019,4,4461,0.7788438822275827
1020,4,4462,0.8046406432986257
1021,4,4463,0.8603846894665843
1022,4,4464,0.8044288390360418
1023,4,4465,0.8367494536297662
1024,4,4466,0.7382982741775258
1025,4,4467,0.7564831817345251
1026,4,4468,0.8013879847491073
1027,4,4469,0.7855053696825746
1028,4,4470,0.7858372986139286
1029,4,4471,0.8000867413800387
1030,4,4472,0.819052239569525
1031,4,4473,0.8017556693937098
1032,4,4474,0.7965299764736776
1033,4,4475,0.8031477700652823
1034,4,4476,0.8211556661962753
1035,4,4477,0.8496952187491669
1036,4,4478,0.8052494412376767
1037,4,4479,0.8601085568467776
1038,4,4480,0.8345025204609905
1039,4,4481,0.8324609936569773
1040,4,4482,0.8593279697400118
1041,4,4483,0.7726003718118936
1042,4,4484,0.8472275718869199
1043,4,4485,0.743583847968174
1044,4,4486,0.8134019112303145
1045,4,4487,0.7641379483088496
1046,4,4488,0.7996381746294596
1047,4,4489,0.842960561714357
1048,4,4490,0.8055300637636156
1049,4,4491,0.8274509486343181
1050,4,4492,0.8305673672418507
1051,4,4493,0.7838302993526061
1052,4,4494,0.8262631903579901
1053,4,4495,0.8394346393733505
1054,4,4496,0.7330921637781318
1055,4,4497,0.7547596627846359
1056,4,4498,0.8495257127852666
1057,4,4499,0.7746077281910748
1058,4,4500,0.7260107188929049
1059,4,4501,0.8080691571480461
1060,4,4502,0.7881603448075201
1061,4,4503,0.8251882670890718
1062,4,4504,0.7941124647234876
1063,4,4505,0.8039382068617713
1064,4,4506,0.7817498467685212
1065,4,4507,0.7721704296058134
1066,4,4508,0.7297208832044688
1067,4,4509,0.8348394331655332
1068,4,4510,0.8921249053174897
1069,4,4511,0.7595094183814667
1070,4,4512,0.8259447582420851
1071,4,4513,0.8109492026269436
1072,4,4514,0.8341475028899455
1073,4,4515,0.7994497879630045
1074,4,4516,0.8114479734074502
1075,4,4517,0.8247658652918678
1076,4,4518,0.7704699071390287
1077,4,4519,0.8033598816643157
1078,4,4520,0.7561335371629823
1079,4,4521,0.845469906859632
1080,4,4522,0.8006422134293686
1081,4,4523,0.8071803829987488
1082,4,4524,0.7673719920484084
1083,4,4525,0.7983444447496109
1084,4,4526,0.8290643790470702
1085,4,4527,0.8128930108311276
1086,4,4528,0.8248525992745444
1087,4,4529,0.7522799291736669
1088,4,4530,0.8172397892922161
1089,4,4531,0.8299654474304546
1090,4,4532,0.8649144868499467
1091,4,4533,0.8612879955076744
1092,4,4534,0.869174616056539
1093,4,4535,0.7870199421775483
1094,4,4536,0.776771694665686
1095,4,4537,0.7931441940988104
1096,4,4538,0.8014622749317262
1097,4,4539,0.764686827858289
1098,4,4540,0.7692243358829903
1099,4,4541,0.790797948948152
1100,4,4542,0.8252559949954352
1101,4,4543,0.8897569456270763
1102,4,4544,0.7496033031049939
1103,4,4545,0.7879762300068422
1104,4,4546,0.8110432063362428
1105,4,4547,0.8770534588201415
1106,4,4548,0.8173484443908646
1107,4,4549,0.8236279947062334
1108,4,4550,0.8083385685015292
1109,4,4551,0.780432708605769
1110,4,4552,0.7939985118628966
1111,4,4553,0.8039321841760759
1112,4,4554,0.8498738993047958
1113,4,4555,0.8037467427285654
1114,4,4556,0.8408566786508475
1115,4,4557,0.879436109081975
1116,4,4558,0.7867640184593343
1117,4,4559,0.8475084416568279
1118,4,4560,0.7712098557413334
1119,4,4561,0.7720323756691954
1120,4,4562,0.8035446657311349
1121,4,4563,0.8147815897439917
1122,4,4564,0.8221629102093476
1123,4,4565,0.7844660069926509
1124,4,4566,0.7904236447731301
1125,4,4567,0.8037109858400765
1126,4,4568,0.788238279499291
1127,4,4569,0.7943027073606138
1128,4,4570,0.8166607744282202
1129,4,4571,0.8115313031400244
1130,4,4572,0.7795162260354984
1131,4,4573,0.7190085935317688
1132,4,4574,0.8127435938943002
1133,4,4575,0.7841477957110674
1134,4,4576,0.8084727607312656
1135,4,4577,0.7420285377607103
1136,4,4578,0.8007458749981153
1137,4,4579,0.7668124515829342
1138,4,4580,0.7990801839069244
1139,4,4581,0.8045164677092715
1140,4,4582,0.7905056183004662
1141,4,4583,0.8357283742876634
1142,4,4584,0.7673530048202901
1143,4,4585,0.816076504155284
1144,4,4586,0.7884561269144925
1145,4,4587,0.8122237455099822
1146,4,4588,0.754012684027354
0,5,4589,0.7742581916307766
1,5,4590,0.787654508060465
2,5,4591,0.840662048863513
3,5,4592,0.8874384915190086
4,5,4593,0.8448334958936486
5,5,4594,0.7942270939903601
6,5,4595,0.8615142149584636
7,5,4596,0.7795029776614337
8,5,4597,0.8052616743814377
9,5,4598,0.8370996776391708
10,5,4599,0.8017544648831799
11,5,4600,0.7683959403740507
12,5,4601,0.8074667377042628
13,5,4602,0.8054430380108811
14,5,4603,0.8271124317709888
15,5,4604,0.8322305827445926
16,5,4605,0.7728274177671189
17,5,4606,0.8476598484086846
18,5,4607,0.8357474032257286
19,5,4608,0.8538655754888342
20,5,4609,0.7929912432141247
21,5,4610,0.7885121987866504
22,5,4611,0.7407508458764783
23,5,4612,0.8102151784336282
24,5,4613,0.8201792619767645
25,5,4614,0.824500627860072
26,5,4615,0.8646309581540881
27,5,4616,0.8019488512627072
28,5,4617,0.875746067081179
29,5,4618,0.7734705658540841
30,5,4619,0.8312713404939998
31,5,4620,0.8032413378712678
32,5,4621,0.7819079735449382
33,5,4622,0.8401979750820567
34,5,4623,0.817910430065933
35,5,4624,0.786323896365329
36,5,4625,0.7947665559394019
37,5,4626,0.7847925099499877
38,5,4627,0.8635063911122934
39,5,4628,0.7796991374121891
40,5,4629,0.8012394036742901
41,5,4630,0.8173915840064486
42,5,4631,0.8143790295524967
43,5,4632,0.8226879775701532
44,5,4633,0.7579058359731876
45,5,4634,0.8150468200134735
46,5,4635,0.8444783174033675
47,5,4636,0.9021020066880046
48,5,4637,0.7937187650019215
49,5,4638,0.8206838054050292
50,5,4639,0.8149442721956542
51,5,4640,0.7670352735689708
52,5,4641,0.8432502971208167
53,5,4642,0.7799301708471917
54,5,4643,0.780354009675128
55,5,4644,0.8432635028536122
56,5,4645,0.765905836974049
57,5,4646,0.8352186394677985
58,5,4647,0.8151621610990591
59,5,4648,0.8176063480565235
60,5,4649,0.8324832919142431
61,5,4650,0.8846315530882706
62,5,4651,0.838068081243407
63,5,4652,0.8245656042847606
64,5,4653,0.804264632364114
65,5,4654,0.8028597374047552
66,5,4655,0.8356414771239673
67,5,4656,0.7847846183438032
68,5,4657,0.7967139470524021
69,5,4658,0.7653751961576442
70,5,4659,0.7376161224120076
71,5,4660,0.7798954935389613
72,5,4661,0.805340072228795
73,5,4662,0.7619027370320901
74,5,4663,0.8139819285521904
75,5,4664,0.8498708055620746
76,5,4665,0.7765520477800498
77,5,4666,0.7767281384606447
78,5,4667,0.7637072690496488
79,5,4668,0.7712087488866278
80,5,4669,0.7803369731243168
81,5,4670,0.8136843571084595
82,5,4671,0.834466265913631
83,5,4672,0.8398850816967232
84,5,4673,0.8114576922685264
85,5,4674,0.7733079040689127
86,5,4675,0.8713827801735271
87,5,4676,0.7745239144812028
88,5,4677,0.8076450040652637
89,5,4678,0.7730816165872273
90,5,4679,0.8682980111223602
91,5,4680,0.8002790285363084
92,5,4681,0.7567878394565056
93,5,4682,0.773562734857911
94,5,4683,0.8414350662912643
95,5,4684,0.8468545733817986
96,5,4685,0.8303974206958498
97,5,4686,0.837665250170089
98,5,4687,0.7738305440482997
99,5,4688,0.8679641334872158
100,5,4689,0.8343624144659507
101,5,4690,0.7814917630028156
102,5,4691,0.9064945493425641
103,5,4692,0.7791453830764764
104,5,4693,0.8105783157405398
105,5,4694,0.7927854341410455
106,5,4695,0.7980223867066558
107,5,4696,0.8012630547662929
108,5,4697,0.8163410749375111
109,5,4698,0.7868374315134825
110,5,4699,0.796864990588455
111,5,4700,0.8039096872366612
112,5,4701,0.8136994534260815
113,5,4702,0.7799819220034848
114,5,4703,0.7975677751182091
115,5,4704,0.7537955230190642
116,5,4705,0.7934543816372752
117,5,4706,0.7265411108022645
118,5,4707,0.7761954010597298
119,5,4708,0.8832118533817785
120,5,4709,0.7853833503045496
121,5,4710,0.7704091921803495
122,5,4711,0.732460270325343
123,5,4712,0.8273931319958395
124,5,4713,0.8118146985237088
125,5,4714,0.8815213556490129
126,5,4715,0.8176019589106241
127,5,4716,0.8326195018099887
128,5,4717,0.8102972322542752
129,5,4718,0.71668660285927
130,5,4719,0.8528377695585644
131,5,4720,0.8093094136122437
132,5,4721,0.7694142026427601
133,5,4722,0.798054823474515
134,5,4723,0.7793450461523165
135,5,4724,0.7898064676805265
136,5,4725,0.8583952710919437
137,5,4726,0.8611065424269156
138,5,4727,0.7768667610140426
139,5,4728,0.785858956431704
140,5,4729,0.7739102571227009
141,5,4730,0.7982977323588871
142,5,4731,0.8098299311740059
143,5,4732,0.8533831415919674
144,5,4733,0.8655438360181592
145,5,4734,0.8005346080199593
146,5,4735,0.8332928957949792
147,5,4736,0.7563441062257402
148,5,4737,0.7852088593256971
149,5,4738,0.8445484730902882
150,5,4739,0.7750341259386567
151,5,4740,0.9233063686461677
152,5,4741,0.8067063460392613
153,5,4742,0.7390511049889028
154,5,4743,0.8242460416097727
155,5,4744,0.7942030817004185
156,5,4745,0.8439158427839477
157,5,4746,0.8097731110506824
158,5,4747,0.8206549470002452
159,5,4748,0.7971130006148346
160,5,4749,0.7917045261045651
161,5,4750,0.8026295507415421
162,5,4751,0.777881871465416
163,5,4752,0.7708004507724019
164,5,4753,0.784691903385378
165,5,4754,0.7805797500269754
166,5,4755,0.739624354323106
167,5,4756,0.9069357712620072
168,5,4757,0.8393958159278903
169,5,4758,0.8056894372705192
170,5,4759,0.8343694332454886
171,5,4760,0.7826035095023965
172,5,4761,0.8395728222759706
173,5,4762,0.8453373171034315
174,5,4763,0.7935333599646887
175,5,4764,0.761497582752435
176,5,4765,0.802845674655622
177,5,4766,0.8522051741768207
178,5,4767,0.8162552622767786
179,5,4768,0.7494321690783614
180,5,4769,0.7627106175669248
181,5,4770,0.8590545767829534
182,5,4771,0.757962129433595
183,5,4772,0.8550756709384066
184,5,4773,0.8416810943079848
185,5,4774,0.8783637750006856
186,5,4775,0.794258609303229
187,5,4776,0.7918416053677598
188,5,4777,0.8583418755304246
189,5,4778,0.7859581219741987
190,5,4779,0.8103771752544813
191,5,4780,0.7545297035415257
192,5,4781,0.8142837928164574
193,5,4782,0.7829572362160043
194,5,4783,0.9049376966875226
195,5,4784,0.7939383734594144
196,5,4785,0.8098034219417188
197,5,4786,0.8571615243286249
198,5,4787,0.8430392777857681
199,5,4788,0.798651906129505
200,5,4789,0.8271754148549265
201,5,4790,0.8423709384210054
202,5,4791,0.8585376492701472
203,5,4792,0.7820965869662664
204,5,4793,0.8164796958943564
205,5,4794,0.8538364701505219
206,5,4795,0.726169530612727
207,5,4796,0.7752421785012952
208,5,4797,0.8163771725126674
209,5,4798,0.7507329344350312
210,5,4799,0.8210628497902127
211,5,4800,0.814798635386285
212,5,4801,0.7751027765639482
213,5,4802,0.7977600222054335
214,5,4803,0.7611545519016327
215,5,4804,0.7846806105004535
216,5,4805,0.8180802903980726
217,5,4806,0.7608828890980001
218,5,4807,0.7957031973415896
219,5,4808,0.784064637275324
220,5,4809,0.7885822214274888
221,5,4810,0.86241337887588
222,5,4811,0.8147285293920763
223,5,4812,0.8136466429347083
224,5,4813,0.8648787529340812
225,5,4814,0.8773834276057425
226,5,4815,0.8629843868492615
227,5,4816,0.812315403040321
228,5,4817,0.806576609722383
229,5,4818,0.8090691454043347
230,5,4819,0.7992854823047918
231,5,4820,0.8188202026787967
232,5,4821,0.8455524846822731
233,5,4822,0.8570411808433985
234,5,4823,0.8521435352131015
235,5,4824,0.8076104063851139
236,5,4825,0.7559475987440064
237,5,4826,0.8497685869002626
238,5,4827,0.9043046398354427
239,5,4828,0.8490762304337252
240,5,4829,0.8009040738411602
241,5,4830,0.7469290156094801
242,5,4831,0.8061122399799171
243,5,4832,0.7882983579876875
244,5,4833,0.8115385665691325
245,5,4834,0.8227414053731733
246,5,4835,0.7822448285074818
247,5,4836,0.8192862244988127
248,5,4837,0.7792286970874382
249,5,4838,0.8054972354633112
250,5,4839,0.8278094352267329
251,5,4840,0.813431890880955
252,5,4841,0.7625159638978186
253,5,4842,0.850783909005778
254,5,4843,0.7793278141789847
255,5,4844,0.7621579352056697
256,5,4845,0.7729366179112168
257,5,4846,0.7989414515461595
258,5,4847,0.8242759418984255
259,5,4848,0.8443279262587784
260,5,4849,0.847482718527317
261,5,4850,0.7960377311821848
262,5,4851,0.7179772267783326
263,5,4852,0.80955389904834
264,5,4853,0.7541834680762677
265,5,4854,0.7660660018168746
266,5,4855,0.8427770432262194
267,5,4856,0.8286565785473656
268,5,4857,0.828040397060769
269,5,4858,0.7736798996504927
270,5,4859,0.8516721958072769
271,5,4860,0.8505881980638063
272,5,4861,0.8400552694996197
273,5,4862,0.7654407661896022
274,5,4863,0.7701297232082912
275,5,4864,0.8536338594830817
276,5,4865,0.8246894272576485
277,5,4866,0.8630647274355093
278,5,4867,0.8667909333349337
279,5,4868,0.7701225604507186
280,5,4869,0.8206786058310952
281,5,4870,0.754298863089865
282,5,4871,0.7511958781008921
283,5,4872,0.7869021659273474
284,5,4873,0.8580617414388273
285,5,4874,0.831279211810657
286,5,4875,0.7943864184254337
287,5,4876,0.7831013524638755
288,5,4877,0.8048390968303594
289,5,4878,0.7878626272791907
290,5,4879,0.816510233274173
291,5,4880,0.7882170556113124
292,5,4881,0.7558841955448898
293,5,4882,0.8635180989901227
294,5,4883,0.8425054495622005
295,5,4884,0.7963313351695738
296,5,4885,0.8140998516409169
297,5,4886,0.7893796138288011
298,5,4887,0.8298815656675117
299,5,4888,0.7899669236281797
300,5,4889,0.7701432282725968
301,5,4890,0.8275700969444142
302,5,4891,0.8357106856558294
303,5,4892,0.8713483379355499
304,5,4893,0.7940936028469531
305,5,4894,0.8064239900559187
306,5,4895,0.7949122797830829
307,5,4896,0.8258622628636657
308,5,4897,0.8439633052441335
309,5,4898,0.8064696171897509
310,5,4899,0.8062962741990174
311,5,4900,0.7149677094781682
312,5,4901,0.8528898206672498
313,5,4902,0.7891641752350897
314,5,4903,0.834898599556514
315,5,4904,0.7776907004549034
316,5,4905,0.8219125282374167
317,5,4906,0.7519788594606023
318,5,4907,0.7982209946383676
319,5,4908,0.8275501896804641
320,5,4909,0.7836017483801004
321,5,4910,0.8029180665810902
322,5,4911,0.7563888100641115
323,5,4912,0.8164228610029177
324,5,4913,0.8364146110557374
325,5,4914,0.854873332771517
326,5,4915,0.8668991291141582
327,5,4916,0.7882857907430401
328,5,4917,0.8111484383365938
329,5,4918,0.8360155483796483
330,5,4919,0.790279180787149
331,5,4920,0.8396696334793453
332,5,4921,0.8028089685942092
333,5,4922,0.8495056532057269
334,5,4923,0.8444994049412865
335,5,4924,0.8138234175830371
336,5,4925,0.8095459520728105
337,5,4926,0.8093893600716479
338,5,4927,0.7705021971127107
339,5,4928,0.8300298844419773
340,5,4929,0.8927086188812696
341,5,4930,0.8306980214436496
342,5,4931,0.8593756654521539
343,5,4932,0.8074734100539769
344,5,4933,0.7897717982441897
345,5,4934,0.8006342613759141
346,5,4935,0.80840473644258
347,5,4936,0.7834066875899833
348,5,4937,0.7671403463131616
349,5,4938,0.7745278033738336
350,5,4939,0.7744036126172259
351,5,4940,0.8348214429847541
352,5,4941,0.8266906288807236
353,5,4942,0.7849959012653145
354,5,4943,0.8421130013164311
355,5,4944,0.7783174425186145
356,5,4945,0.7835550462339249
357,5,4946,0.8661773725678878
358,5,4947,0.8024187076482036
359,5,4948,0.8843998065262678
360,5,4949,0.8756050906543221
361,5,4950,0.7738702308076122
362,5,4951,0.8202648743809688
363,5,4952,0.8303103120554061
364,5,4953,0.8139377849043481
365,5,4954,0.7922055968748672
366,5,4955,0.7717882123376641
367,5,4956,0.8284408945945048
368,5,4957,0.8370449664514691
369,5,4958,0.84708501717874
370,5,4959,0.724783456596058
371,5,4960,0.8390544081727661
372,5,4961,0.8151660046894991
373,5,4962,0.7822874353178555
374,5,4963,0.7947160856177409
375,5,4964,0.8519474838727286
376,5,4965,0.8651446996345408
377,5,4966,0.7981029959129436
378,5,4967,0.8163029623350926
379,5,4968,0.793143093319876
380,5,4969,0.7853945747816136
381,5,4970,0.8077385377227551
382,5,4971,0.8224227640423037
383,5,4972,0.802761265209743
384,5,4973,0.7970666999795606
385,5,4974,0.8309155328287966
386,5,4975,0.8302040665100018
387,5,4976,0.774224577028127
388,5,4977,0.7701957896351813
389,5,4978,0.8945574856230192
390,5,4979,0.841521439763407
391,5,4980,0.7880922951070325
392,5,4981,0.7925022170391111
393,5,4982,0.776137227436439
394,5,4983,0.7815181209173588
395,5,4984,0.7706117946654557
396,5,4985,0.8848271125129292
397,5,4986,0.797580847339261
398,5,4987,0.792046081274748
399,5,4988,0.7588820218862524
400,5,4989,0.8323644126011501
401,5,4990,0.8244234516861892
402,5,4991,0.8359487340120333
403,5,4992,0.7801598047482825
404,5,4993,0.8254871540924623
405,5,4994,0.7988951144119105
406,5,4995,0.8114791801199317
407,5,4996,0.7976814864558123
408,5,4997,0.7864654221172844
409,5,4998,0.8575987824283186
410,5,4999,0.8874657724850945
411,5,5000,0.8244807016814039
412,5,5001,0.8000680324843242
413,5,5002,0.8640832595881961
414,5,5003,0.8295369962939905
415,5,5004,0.8538631889082137
416,5,5005,0.7872685395358575
417,5,5006,0.8083243955458914
418,5,5007,0.7966915135316197
419,5,5008,0.762373579577321
420,5,5009,0.8111454105182063
421,5,5010,0.8513099469599271
422,5,5011,0.8297306554879817
423,5,5012,0.831099171767987
424,5,5013,0.8066433818035185
425,5,5014,0.7901287128306216
426,5,5015,0.8787587940072024
427,5,5016,0.7529071156112919
428,5,5017,0.8650136067132864
429,5,5018,0.77507859284413
430,5,5019,0.8770134697357813
431,5,5020,0.793982883516167
432,5,5021,0.8290466244022052
433,5,5022,0.7782446805032945
434,5,5023,0.8195155740360774
435,5,5024,0.7934420395731219
436,5,5025,0.7689550354455909
437,5,5026,0.7583521842468709
438,5,5027,0.814310760592066
439,5,5028,0.8071328963020019
440,5,5029,0.7618264139053368
441,5,5030,0.8095068917831493
442,5,5031,0.7995244143974214
443,5,5032,0.8393255697474594
444,5,5033,0.7928828389295156
445,5,5034,0.8487649408745622
446,5,5035,0.8207559660077095
447,5,5036,0.8920678642711468
448,5,5037,0.7818968683215124
449,5,5038,0.7954467649882038
450,5,5039,0.8123166397701772
451,5,5040,0.8470978622457812
452,5,5041,0.8683778952718493
453,5,5042,0.8234563327527472
454,5,5043,0.8110955321185646
455,5,5044,0.8088686394815642
456,5,5045,0.829749401392681
457,5,5046,0.8179078376630232
458,5,5047,0.7959741098096683
459,5,5048,0.8622840949822042
460,5,5049,0.8740390457124227
461,5,5050,0.8106413583625994
462,5,5051,0.8035671005380297
463,5,5052,0.7729293047228738
464,5,5053,0.8035095637398106
465,5,5054,0.7893652474241598
466,5,5055,0.7941068958136298
467,5,5056,0.7999776256980288
468,5,5057,0.8253716358116697
469,5,5058,0.8639388775586017
470,5,5059,0.767701453396252
471,5,5060,0.7101480013779586
472,5,5061,0.8213688946506451
473,5,5062,0.8149155038187194
474,5,5063,0.7972955765158292
475,5,5064,0.8150221249088647
476,5,5065,0.7844286878105431
477,5,5066,0.8622429528096246
478,5,5067,0.8828103527914554
479,5,5068,0.8461362315075739
480,5,5069,0.8229096183287246
481,5,5070,0.757978501197483
482,5,5071,0.832785512675487
483,5,5072,0.7776582333747121
484,5,5073,0.7701558597119792
485,5,5074,0.7931944298380541
486,5,5075,0.8303603339230732
487,5,5076,0.8366174818726169
488,5,5077,0.8608924767800739
489,5,5078,0.7918338656558523
490,5,5079,0.7717159621727963
491,5,5080,0.7964095426723362
492,5,5081,0.7687860114632973
493,5,5082,0.786112925969064
494,5,5083,0.8522165544508467
495,5,5084,0.7603698664877031
496,5,5085,0.8159029902003351
497,5,5086,0.7641554843368273
498,5,5087,0.7969437450436611
499,5,5088,0.8156941734210013
500,5,5089,0.7400307187012265
501,5,5090,0.7668466838741941
502,5,5091,0.8650293554223718
503,5,5092,0.8028677464241074
504,5,5093,0.7366181326852669
505,5,5094,0.7982629995704409
506,5,5095,0.8140401763930205
507,5,5096,0.7875991961253541
508,5,5097,0.8376740546276175
509,5,5098,0.7855094785447275
510,5,5099,0.8169848679653591
511,5,5100,0.882211546125334
512,5,5101,0.8021581101985203
513,5,5102,0.8047509121132038
514,5,5103,0.7914054948792218
515,5,5104,0.7616144653321023
516,5,5105,0.8124073936293521
517,5,5106,0.8168400646009972
518,5,5107,0.7432340848303977
519,5,5108,0.815939160839965
520,5,5109,0.7531052456636514
521,5,5110,0.8404441692511596
522,5,5111,0.7707004874412502
523,5,5112,0.7578582226165702
524,5,5113,0.8040842403258595
525,5,5114,0.8869892010642659
526,5,5115,0.8469667289006921
527,5,5116,0.8331490822047702
528,5,5117,0.8579845173018318
529,5,5118,0.8278273718342894
530,5,5119,0.8606477912426704
531,5,5120,0.7718806918488725
532,5,5121,0.8412852695743951
533,5,5122,0.7656551778893033
534,5,5123,0.7750135233093584
535,5,5124,0.756901399609411
536,5,5125,0.8274820134309786
537,5,5126,0.8050626088377264
538,5,5127,0.7418902106583117
539,5,5128,0.7310131730156995
540,5,5129,0.7782379527620618
541,5,5130,0.8432453345684779
542,5,5131,0.7523245555570439
543,5,5132,0.8524355267928472
544,5,5133,0.8564794470689125
545,5,5134,0.8354526947562891
546,5,5135,0.8012603522234021
547,5,5136,0.768333003057965
548,5,5137,0.8492242623386638
549,5,5138,0.7636890477899995
550,5,5139,0.7795651436650328
551,5,5140,0.7705827754079587
552,5,5141,0.9075051578027862
553,5,5142,0.8312583558616186
554,5,5143,0.8330534885282672
555,5,5144,0.8806880352841246
556,5,5145,0.7962811537353055
557,5,5146,0.8789999661523672
558,5,5147,0.8085610061174348
559,5,5148,0.8406329307084281
560,5,5149,0.7329721907818958
561,5,5150,0.8159071101496617
562,5,5151,0.797463856016596
563,5,5152,0.8177862770500639
564,5,5153,0.874267808738209
565,5,5154,0.8302126952580043
566,5,5155,0.8196087224142891
567,5,5156,0.7895634436891191
568,5,5157,0.7519008834580226
569,5,5158,0.8425843315199019
570,5,5159,0.7730839357134841
571,5,5160,0.8369713799052297
572,5,5161,0.8436862538967812
573,5,5162,0.7689846247612011
574,5,5163,0.8650449991580986
575,5,5164,0.7758958931302741
576,5,5165,0.8268795134056182
577,5,5166,0.7757766458560669
578,5,5167,0.8433033713316989
579,5,5168,0.7806105437865923
580,5,5169,0.830716062913693
581,5,5170,0.7423976022484047
582,5,5171,0.8681504524179868
583,5,5172,0.802593817690476
584,5,5173,0.837690165355092
585,5,5174,0.7891503901087812
586,5,5175,0.8530108864374814
587,5,5176,0.7378596990324909
588,5,5177,0.8188469023222015
589,5,5178,0.8285807923502511
590,5,5179,0.8274896527596172
591,5,5180,0.7972015682829633
592,5,5181,0.784887857336019
593,5,5182,0.8845736547594978
594,5,5183,0.7835197210134496
595,5,5184,0.8079318878285233
596,5,5185,0.8113711265226204
597,5,5186,0.8338977921576727
598,5,5187,0.7716963223092967
599,5,5188,0.8559111817961649
600,5,5189,0.801333843597344
601,5,5190,0.8441014038398862
602,5,5191,0.8490089021977922
603,5,5192,0.7457387036688271
604,5,5193,0.7970954968727061
605,5,5194,0.8138359027604263
606,5,5195,0.8274373495951296
607,5,5196,0.8820834934179272
608,5,5197,0.7442230232104303
609,5,5198,0.8139670441326285
610,5,5199,0.8198662908925188
611,5,5200,0.8430457666205863
612,5,5201,0.8216050238171149
613,5,5202,0.8083157375720996
614,5,5203,0.7644395001587413
615,5,5204,0.8522980892587275
616,5,5205,0.8900890705131349
617,5,5206,0.916491002287893
618,5,5207,0.7569534780368918
619,5,5208,0.7862383458497268
620,5,5209,0.8111153097069335
621,5,5210,0.7469866018564928
622,5,5211,0.8423104465806057
623,5,5212,0.735183065668458
624,5,5213,0.8746252049071095
625,5,5214,0.8387917469122581
626,5,5215,0.7935888311781346
627,5,5216,0.794952634566774
628,5,5217,0.7878826884774581
629,5,5218,0.8000728314121561
630,5,5219,0.8107404710192768
631,5,5220,0.7638862991616839
632,5,5221,0.8150952933799653
633,5,5222,0.7547238282415839
634,5,5223,0.7819041592468109
635,5,5224,0.902539678538839
636,5,5225,0.8666943013224573
637,5,5226,0.7710201579279132
638,5,5227,0.7746299512329554
639,5,5228,0.8827877730752031
640,5,5229,0.833200062225972
641,5,5230,0.7680285584979823
642,5,5231,0.7904017411970665
643,5,5232,0.8580116348429806
644,5,5233,0.8558284610155082
645,5,5234,0.8600191729409354
646,5,5235,0.8033432183521135
647,5,5236,0.7475411779291574
648,5,5237,0.7978781428010691
649,5,5238,0.7618753877690151
650,5,5239,0.8166108401713983
651,5,5240,0.8418691621073301
652,5,5241,0.7410794442874336
653,5,5242,0.7970988780614875
654,5,5243,0.7368675743540127
655,5,5244,0.7982141515683561
656,5,5245,0.8120339469363294
657,5,5246,0.7847563660304461
658,5,5247,0.8095152427752813
659,5,5248,0.7866236970405139
660,5,5249,0.8118081967390718
661,5,5250,0.7461135164124979
662,5,5251,0.7957809791190639
663,5,5252,0.7989218035446743
664,5,5253,0.7916226862220184
665,5,5254,0.7933144702664797
666,5,5255,0.8109885166354832
667,5,5256,0.8535667145624757
668,5,5257,0.7396610732678147
669,5,5258,0.8105115995609335
670,5,5259,0.8332852991519584
671,5,5260,0.847508816314595
672,5,5261,0.757347086754938
673,5,5262,0.7991719664562316
674,5,5263,0.7628203448617743
675,5,5264,0.9122308767178937
676,5,5265,0.7991236529889558
677,5,5266,0.7884338522507321
678,5,5267,0.8245437276061799
679,5,5268,0.7782538637430184
680,5,5269,0.8729507218868959
681,5,5270,0.8042586161533282
682,5,5271,0.851702941271166
683,5,5272,0.8885689835463252
684,5,5273,0.8152290806617766
685,5,5274,0.8557067106788357
686,5,5275,0.729139126482464
687,5,5276,0.8456223562271112
688,5,5277,0.8063055461361294
689,5,5278,0.8199249864334152
690,5,5279,0.8015875177502279
691,5,5280,0.8501270995475353
692,5,5281,0.8506523302002321
693,5,5282,0.7943488802938234
694,5,5283,0.7860681305728143
695,5,5284,0.8079838996220912
696,5,5285,0.8600308178436189
697,5,5286,0.8122357901274448
698,5,5287,0.7907462435818854
699,5,5288,0.7898828285036701
700,5,5289,0.8479638717447717
701,5,5290,0.8089371603869255
702,5,5291,0.7803026902090225
703,5,5292,0.8816912924604757
704,5,5293,0.7656284565815613
705,5,5294,0.7810179262555073
706,5,5295,0.8302843966299579
707,5,5296,0.8241073585869302
708,5,5297,0.8577064850057164
709,5,5298,0.7825863796197587
710,5,5299,0.7653683975693726
711,5,5300,0.7492594753081601
712,5,5301,0.8114193290738124
713,5,5302,0.7964101009780453
714,5,5303,0.7678092556695144
715,5,5304,0.8023831908191952
716,5,5305,0.8321361262794762
717,5,5306,0.7887208320732627
718,5,5307,0.8804978770869119
719,5,5308,0.8213311950010912
720,5,5309,0.8447436610946344
721,5,5310,0.7569635126384952
722,5,5311,0.9184687350477491
723,5,5312,0.7711158801491063
724,5,5313,0.834994081052996
725,5,5314,0.8193776398187591
726,5,5315,0.8752323645832283
727,5,5316,0.7930212045709292
728,5,5317,0.8695981173465646
729,5,5318,0.8358722072582514
730,5,5319,0.7698263452343997
731,5,5320,0.8307912323978685
732,5,5321,0.8357508416686737
733,5,5322,0.8102492910721117
734,5,5323,0.8786691525019708
735,5,5324,0.8101291241168621
736,5,5325,0.8259611283207224
737,5,5326,0.7553343600815251
738,5,5327,0.7659172614415487
739,5,5328,0.7797723938045756
740,5,5329,0.8556643726215477
741,5,5330,0.7764181311996209
742,5,5331,0.7998158771411651
743,5,5332,0.7786877147542932
744,5,5333,0.7860021354364497
745,5,5334,0.8929635325358026
746,5,5335,0.869714306090914
747,5,5336,0.7999632362985895
748,5,5337,0.7483763432662399
749,5,5338,0.8240838285890363
750,5,5339,0.7935075912447204
751,5,5340,0.8234593304583714
752,5,5341,0.8009749323218353
753,5,5342,0.8056251749928508
754,5,5343,0.7806342240156873
755,5,5344,0.8784280684998348
756,5,5345,0.7768671312147664
757,5,5346,0.7988433185521339
758,5,5347,0.801331325478497
759,5,5348,0.8052582404620591
760,5,5349,0.767049740157312
761,5,5350,0.796446004438968
762,5,5351,0.8271277009154715
763,5,5352,0.8256942091421
764,5,5353,0.8573045738130098
765,5,5354,0.8342555074819497
766,5,5355,0.7966971390525855
767,5,5356,0.7583777163000334
768,5,5357,0.7775431327699196
769,5,5358,0.806445408390746
770,5,5359,0.8084962351158971
771,5,5360,0.806423195327322
772,5,5361,0.804620619308913
773,5,5362,0.7484830571782021
774,5,5363,0.8012421141112489
775,5,5364,0.828159068666753
776,5,5365,0.8579808407729226
777,5,5366,0.8082525609504609
778,5,5367,0.8620665837744519
779,5,5368,0.7852928214484738
780,5,5369,0.8422333661555537
781,5,5370,0.7618494038026601
782,5,5371,0.7631951726618268
783,5,5372,0.7876610637952884
784,5,5373,0.7914654879520336
785,5,5374,0.8847654461860658
786,5,5375,0.8229089961165473
787,5,5376,0.8119565315012423
788,5,5377,0.7667211011007782
789,5,5378,0.7939273899509793
790,5,5379,0.7758889096301226
791,5,5380,0.8791894008006368
792,5,5381,0.8557401405026515
793,5,5382,0.8889638662027817
794,5,5383,0.8105745827335687
795,5,5384,0.7784435395594864
796,5,5385,0.7847118028217838
797,5,5386,0.806392724093582
798,5,5387,0.7888313122537164
799,5,5388,0.7423320120599654
800,5,5389,0.8090273785804
801,5,5390,0.7889737735413724
802,5,5391,0.8209676285096933
803,5,5392,0.7871675303294546
804,5,5393,0.8029361857500459
805,5,5394,0.7795848525794489
806,5,5395,0.7631387994402933
807,5,5396,0.8140902791970545
808,5,5397,0.7352963199262463
809,5,5398,0.8350883842046771
810,5,5399,0.8019654129720513
811,5,5400,0.7927590760712822
812,5,5401,0.8617231830777156
813,5,5402,0.7744704667656194
814,5,5403,0.800646601289156
815,5,5404,0.7912841880960125
816,5,5405,0.7988119353761985
817,5,5406,0.8243438178407295
818,5,5407,0.7799344316923191
819,5,5408,0.7976973462583764
820,5,5409,0.8070249406931302
821,5,5410,0.8617582000525933
822,5,5411,0.7548652785564108
823,5,5412,0.8029635660350324
824,5,5413,0.8279874347194675
825,5,5414,0.8182574084383392
826,5,5415,0.7495641698617309
827,5,5416,0.8059779513582941
828,5,5417,0.7693097010432253
829,5,5418,0.8087707820924975
830,5,5419,0.8553099284125935
831,5,5420,0.8400280730843188
832,5,5421,0.787958908138708
833,5,5422,0.7953712109121538
834,5,5423,0.8338974502292417
835,5,5424,0.7765158949685947
836,5,5425,0.7933509352262178
837,5,5426,0.8041250152912522
838,5,5427,0.7763431320809536
839,5,5428,0.7651225849764335
840,5,5429,0.8202410587331368
841,5,5430,0.8041433016547844
842,5,5431,0.7880222123071907
843,5,5432,0.8288013782529604
844,5,5433,0.8722686760925822
845,5,5434,0.9426055016173495
846,5,5435,0.7761516814740994
847,5,5436,0.78132386940221
848,5,5437,0.8885829878438797
849,5,5438,0.7534271351815689
850,5,5439,0.8473997832763762
851,5,5440,0.8202897191624203
852,5,5441,0.7836680514737964
853,5,5442,0.8436148756494124
854,5,5443,0.8699146022887103
855,5,5444,0.796740294168038
856,5,5445,0.8412810216347375
857,5,5446,0.7735767304631215
858,5,5447,0.7747059746512345
859,5,5448,0.8987620506613025
860,5,5449,0.8906280607251185
861,5,5450,0.8009623083773821
862,5,5451,0.8471494565407435
863,5,5452,0.8828324882224912
864,5,5453,0.8772671698104768
865,5,5454,0.8026600824225517
866,5,5455,0.8302800570215496
867,5,5456,0.8222477819238391
868,5,5457,0.8195242055115245
869,5,5458,0.8778486733014385
870,5,5459,0.8071111673932702
871,5,5460,0.8041702487195531
872,5,5461,0.8192062152860066
873,5,5462,0.8246164789778136
874,5,5463,0.7907037468449702
875,5,5464,0.7938177797588565
876,5,5465,0.8616504257633573
877,5,5466,0.8198684551974846
878,5,5467,0.8578319739816445
879,5,5468,0.8036420690339235
880,5,5469,0.7686695363372565
881,5,5470,0.815723371514607
882,5,5471,0.7837798500522263
883,5,5472,0.8350286483099418
884,5,5473,0.869099297405531
885,5,5474,0.8600325895295964
886,5,5475,0.7963652187692267
887,5,5476,0.8014822752614106
888,5,5477,0.7689668863036092
889,5,5478,0.7710413372454543
890,5,5479,0.7432775972411035
891,5,5480,0.7876588358055979
892,5,5481,0.7887287271164711
893,5,5482,0.8001194194934907
894,5,5483,0.8202506245025211
895,5,5484,0.8093290713482669
896,5,5485,0.8266257305762598
897,5,5486,0.8090565212381382
898,5,5487,0.8232094233944303
899,5,5488,0.7778839233907917
900,5,5489,0.7963942742152583
901,5,5490,0.7822178045420773
902,5,5491,0.7709485405745606
903,5,5492,0.8014962086454035
904,5,5493,0.8128196004600753
905,5,5494,0.829785503402707
906,5,5495,0.8162677529755802
907,5,5496,0.7992922316881873
908,5,5497,0.8304475567614038
909,5,5498,0.8312563067523853
910,5,5499,0.7225072047274027
911,5,5500,0.7977402683657904
912,5,5501,0.7711828627756664
913,5,5502,0.8327667408046268
914,5,5503,0.8178457951040139
915,5,5504,0.8315103902437146
916,5,5505,0.8640554188085453
917,5,5506,0.8280369393261418
918,5,5507,0.7714353376733406
919,5,5508,0.7808710689700784
920,5,5509,0.8251714569383433
921,5,5510,0.8377791779071445
922,5,5511,0.8383530362376145
923,5,5512,0.7362071481045512
924,5,5513,0.8175711956185601
925,5,5514,0.7615371084151167
926,5,5515,0.7886479912724877
927,5,5516,0.7807260490510437
928,5,5517,0.8291198001021429
929,5,5518,0.7899184591757755
930,5,5519,0.7976312607615478
931,5,5520,0.7927209297195078
932,5,5521,0.7971278566512323
933,5,5522,0.7700642038447163
934,5,5523,0.8488299293177469
935,5,5524,0.8186146635562183
936,5,5525,0.7920534359512941
937,5,5526,0.8219795515760778
938,5,5527,0.8016377585452228
939,5,5528,0.7551637365748841
940,5,5529,0.8254426140781669
941,5,5530,0.8670993178994172
942,5,5531,0.7977636032516049
943,5,5532,0.8377432140211263
944,5,5533,0.7858868288097992
945,5,5534,0.8051929951068902
946,5,5535,0.7670153035072699
947,5,5536,0.8529884611212073
948,5,5537,0.8631590524067482
949,5,5538,0.8426673824322365
950,5,5539,0.782077493855641
951,5,5540,0.867966482903631
952,5,5541,0.8462976246096549
953,5,5542,0.8328880641964219
954,5,5543,0.7520245811236757
955,5,5544,0.8497376794527685
956,5,5545,0.7676194101749432
957,5,5546,0.791751573350103
958,5,5547,0.7704139412159012
959,5,5548,0.8151834169624462
960,5,5549,0.8126107274687714
961,5,5550,0.8585973704854646
962,5,5551,0.7640188653687281
963,5,5552,0.8132877905986137
964,5,5553,0.833892192913308
965,5,5554,0.809309654736093
966,5,5555,0.8193776394639698
967,5,5556,0.8086617081647827
968,5,5557,0.8050867886992084
969,5,5558,0.7922044069994062
970,5,5559,0.7877644090691492
971,5,5560,0.8007249083103881
972,5,5561,0.80668286247445
973,5,5562,0.8520029827597596
974,5,5563,0.8390806253689032
975,5,5564,0.7288304688852459
976,5,5565,0.8350265969832738
977,5,5566,0.8077343766621891
978,5,5567,0.800832389366059
979,5,5568,0.7944800173642024
980,5,5569,0.7690888512879612
981,5,5570,0.8319869864776377
982,5,5571,0.8152902026527695
983,5,5572,0.8355078441756113
984,5,5573,0.771765883435451
985,5,5574,0.8341670112152185
986,5,5575,0.7454509251263169
987,5,5576,0.8337954767270102
988,5,5577,0.7710165251046419
989,5,5578,0.7838072071650198
990,5,5579,0.8112563626574619
991,5,5580,0.7581332162953913
992,5,5581,0.8518694596187699
993,5,5582,0.8255206970941452
994,5,5583,0.8571017278092247
995,5,5584,0.8407029566310699
996,5,5585,0.760645062529615
997,5,5586,0.7652872999952663
998,5,5587,0.8397797497122413
999,5,5588,0.8380229803955271
1000,5,5589,0.8013993245771242
1001,5,5590,0.8629325615197774
1002,5,5591,0.7944770803497658
1003,5,5592,0.781258533886146
1004,5,5593,0.8325371405198462
1005,5,5594,0.7809497408036675
1006,5,5595,0.7929127622573149
1007,5,5596,0.796243222341651
1008,5,5597,0.7782296520613489
1009,5,5598,0.7749476424817527
1010,5,5599,0.8234327936855456
1011,5,5600,0.8250733402202878
1012,5,5601,0.8189576523866328
1013,5,5602,0.819940517966946
1014,5,5603,0.7987341294952094
1015,5,5604,0.8222267205516497
1016,5,5605,0.7825151927813533
1017,5,5606,0.742486283693108
1018,5,5607,0.8662215744455656
1019,5,5608,0.8135118964793427
1020,5,5609,0.8154214570919672
1021,5,5610,0.8238994184260566
1022,5,5611,0.7965694642847494
1023,5,5612,0.8328485630807422
1024,5,5613,0.7844265767905328
1025,5,5614,0.8126263015327
1026,5,5615,0.7797533380355509
1027,5,5616,0.7966324129984494
1028,5,5617,0.8505475029038886
1029,5,5618,0.8073882592309799
1030,5,5619,0.8559594690977109
1031,5,5620,0.7347262530099778
1032,5,5621,0.767314489930868
1033,5,5622,0.7686479079226654
1034,5,5623,0.777662149497441
1035,5,5624,0.8598279650988325
1036,5,5625,0.7591040492767379
1037,5,5626,0.8054129027406729
1038,5,5627,0.7731120821443341
1039,5,5628,0.8134935956137874
1040,5,5629,0.7758414873276793
1041,5,5630,0.75752721842201
1042,5,5631,0.7895545235258483
1043,5,5632,0.8488121382182553
1044,5,5633,0.8239327988454273
1045,5,5634,0.8133034958016305
1046,5,5635,0.7841519562616235
1047,5,5636,0.7845163265509265
1048,5,5637,0.8940106843420793
1049,5,5638,0.7902634376659989
1050,5,5639,0.7639363226480782
1051,5,5640,0.7867930398455688
1052,5,5641,0.7907085266141665
1053,5,5642,0.8056161618525427
1054,5,5643,0.7906765496092182
1055,5,5644,0.7782869874721482
1056,5,5645,0.7891146457709726
1057,5,5646,0.7771066056254009
1058,5,5647,0.8382850104410733
1059,5,5648,0.7292842316840374
1060,5,5649,0.7677384004928172
1061,5,5650,0.84206063442287
1062,5,5651,0.8225669926919397
1063,5,5652,0.796605980156788
1064,5,5653,0.7972425869887784
1065,5,5654,0.7786233403631263
1066,5,5655,0.7885973738905575
1067,5,5656,0.8026180445615735
1068,5,5657,0.7566674208002432
1069,5,5658,0.7634049406984732
1070,5,5659,0.7993120281247512
1071,5,5660,0.7807261109618203
1072,5,5661,0.8642640804339733
1073,5,5662,0.7661059933182384
1074,5,5663,0.8025121223624974
1075,5,5664,0.7865185277713908
1076,5,5665,0.7905403664779095
1077,5,5666,0.7808492542466237
1078,5,5667,0.8053911567798682
1079,5,5668,0.8585661355228652
1080,5,5669,0.7865919947978997
1081,5,5670,0.7943050269525322
1082,5,5671,0.83810849913529
1083,5,5672,0.8197855736528126
1084,5,5673,0.8255447606290024
1085,5,5674,0.790620380391677
1086,5,5675,0.8648524421843744
1087,5,5676,0.8212292981999262
1088,5,5677,0.8283768199561609
1089,5,5678,0.8574203827551433
1090,5,5679,0.8116296366566703
1091,5,5680,0.7929608441357102
1092,5,5681,0.7755767380197842
1093,5,5682,0.85060486388171
1094,5,5683,0.8021089244367821
1095,5,5684,0.8444612126886134
1096,5,5685,0.7983215659014171
1097,5,5686,0.7603692471360166
1098,5,5687,0.8520275567702592
1099,5,5688,0.8170438724614324
1100,5,5689,0.7703938057557458
1101,5,5690,0.7815878125617195
1102,5,5691,0.8044179206980129
1103,5,5692,0.8183425847618352
1104,5,5693,0.8293211159429379
1105,5,5694,0.8011775679354156
1106,5,5695,0.8013069382868707
1107,5,5696,0.7811445779654951
1108,5,5697,0.8585751306797778
1109,5,5698,0.8141269237690029
1110,5,5699,0.8323258994413274
1111,5,5700,0.774391107837714
1112,5,5701,0.7765767530405097
1113,5,5702,0.853070029545398
1114,5,5703,0.8471699501609518
1115,5,5704,0.7465403237424436
1116,5,5705,0.7711204659592892
1117,5,5706,0.7874382118738833
1118,5,5707,0.8773302733898163
1119,5,5708,0.7859198521556598
1120,5,5709,0.8393113938648076
1121,5,5710,0.8186010167534863
1122,5,5711,0.7496092323479908
1123,5,5712,0.8254253604626727
1124,5,5713,0.7975787302213055
1125,5,5714,0.8259703346661158
1126,5,5715,0.7804176193617639
1127,5,5716,0.7352596598544291
1128,5,5717,0.8358104697739085
1129,5,5718,0.804259974332083
1130,5,5719,0.7686737286858261
1131,5,5720,0.8564066371791774
1132,5,5721,0.7934936188560511
1133,5,5722,0.721230195391746
1134,5,5723,0.8350998896307178
1135,5,5724,0.8047264573785166
1136,5,5725,0.7716288122658926
1137,5,5726,0.7995832045562565
1138,5,5727,0.8127250020791376
1139,5,5728,0.8315946085910713
1140,5,5729,0.8176837339553804
1141,5,5730,0.755000188503237
1142,5,5731,0.8628729765436479
1143,5,5732,0.7961170134090242
1144,5,5733,0.783889210073366
1145,5,5734,0.7796952439959915
1146,5,5735,0.7504318347200751
0,6,5736,0.7617002578363533
1,6,5737,0.8043566042158218
2,6,5738,0.8870540452854975
3,6,5739,0.8080187740380921
4,6,5740,0.83356305566572
5,6,5741,0.7332081998077533
6,6,5742,0.8674321615891087
7,6,5743,0.8241660796061514
8,6,5744,0.7913038147879498
9,6,5745,0.821045585021022
10,6,5746,0.7421706796934208
11,6,5747,0.8084134239082537
12,6,5748,0.8446019846458164
13,6,5749,0.816731520019294
14,6,5750,0.8141459551240718
15,6,5751,0.8200022582674312
16,6,5752,0.8319267355615184
17,6,5753,0.799074873017768
18,6,5754,0.833027816688021
19,6,5755,0.7892038985377264
20,6,5756,0.8728032814604896
21,6,5757,0.7469761227035808
22,6,5758,0.8207381129974409
23,6,5759,0.7726079238623025
24,6,5760,0.7432902715656728
25,6,5761,0.802316950190635
26,6,5762,0.8402005319616624
27,6,5763,0.8337133100832855
28,6,5764,0.8420555829292252
29,6,5765,0.7898545596482499
30,6,5766,0.818873313566049
31,6,5767,0.8490913488813454
32,6,5768,0.7688416280295879
33,6,5769,0.8566597347546901
34,6,5770,0.7602667988144927
35,6,5771,0.7943092250220832
36,6,5772,0.8209788963597799
37,6,5773,0.8172921219485856
38,6,5774,0.9136734829239902
39,6,5775,0.7773142377845942
40,6,5776,0.8150572093381058
41,6,5777,0.825896958643127
42,6,5778,0.847506876680113
43,6,5779,0.7718098682927944
44,6,5780,0.7820326504962785
45,6,5781,0.8166395653305307
46,6,5782,0.8109017403441523
47,6,5783,0.8139972261463604
48,6,5784,0.7774025882328193
49,6,5785,0.7561241530236742
50,6,5786,0.7771402202280503
51,6,5787,0.8635027522132508
52,6,5788,0.8043978655089935
53,6,5789,0.8299856746480576
54,6,5790,0.7673045512554902
55,6,5791,0.8271112306753083
56,6,5792,0.7971291314766167
57,6,5793,0.7442845005009855
58,6,5794,0.8017920282713716
59,6,5795,0.8725982898668876
60,6,5796,0.8705242740079049
61,6,5797,0.8481666917602219
62,6,5798,0.8124541740509726
63,6,5799,0.8180701481843635
64,6,5800,0.8221600191401583
65,6,5801,0.7608858931898362
66,6,5802,0.7489632689837543
67,6,5803,0.7458957184017413
68,6,5804,0.8216407787764356
69,6,5805,0.802613890951588
70,6,5806,0.8327025298827462
71,6,5807,0.7943767036000887
72,6,5808,0.7708233800672349
73,6,5809,0.7854970596686359
74,6,5810,0.7704098703162302
75,6,5811,0.7955404197619782
76,6,5812,0.9288805339795848
77,6,5813,0.8171951400027389
78,6,5814,0.832716898615694
79,6,5815,0.8892104705529555
80,6,5816,0.7949162365735642
81,6,5817,0.8198365222307897
82,6,5818,0.8265940049397094
83,6,5819,0.8002590251465639
84,6,5820,0.8068993053443375
85,6,5821,0.7843867329703202
86,6,5822,0.8208386031910778
87,6,5823,0.768518238372746
88,6,5824,0.7906018938381404
89,6,5825,0.8130969259267052
90,6,5826,0.8081309670759809
91,6,5827,0.804220990543919
92,6,5828,0.7775827830746059
93,6,5829,0.8342942652913433
94,6,5830,0.8019436506909275
95,6,5831,0.7896401430036696
96,6,5832,0.7628118808248213
97,6,5833,0.850673302475895
98,6,5834,0.7792348923339019
99,6,5835,0.8098897500673222
100,6,5836,0.8186122154861335
101,6,5837,0.8097393265703604
102,6,5838,0.7751002755193485
103,6,5839,0.7825047185067974
104,6,5840,0.8728979844156477
105,6,5841,0.839706280290903
106,6,5842,0.8176337239288147
107,6,5843,0.8591043103619347
108,6,5844,0.8040972367993422
109,6,5845,0.8652084970048496
110,6,5846,0.7655394877129723
111,6,5847,0.8266145844633382
112,6,5848,0.8151102846355311
113,6,5849,0.8341537698260729
114,6,5850,0.8310144360931149
115,6,5851,0.8602714864315376
116,6,5852,0.7757636815797362
117,6,5853,0.8576117659519825
118,6,5854,0.7873758020189902
119,6,5855,0.8497149432299748
120,6,5856,0.8073079625055902
121,6,5857,0.8413822851365523
122,6,5858,0.8241791549759606
123,6,5859,0.8738862908711391
124,6,5860,0.7912017662255536
125,6,5861,0.7934738417111693
126,6,5862,0.7994661319646096
127,6,5863,0.8245435197216769
128,6,5864,0.8190152485455784
129,6,5865,0.758088320294129
130,6,5866,0.7967359669772642
131,6,5867,0.816969404396202
132,6,5868,0.7626722638628314
133,6,5869,0.8401539034786678
134,6,5870,0.8021178664196105
135,6,5871,0.7959203821651282
136,6,5872,0.8511368316332144
137,6,5873,0.8458928355858442
138,6,5874,0.8178073440101886
139,6,5875,0.7833220494822378
140,6,5876,0.8322881744021462
141,6,5877,0.779448516400797
142,6,5878,0.7439632019737646
143,6,5879,0.7577690388563844
144,6,5880,0.8125009584196267
145,6,5881,0.8435542501198746
146,6,5882,0.8379700735122675
147,6,5883,0.796012867242098
148,6,5884,0.7584788365555661
149,6,5885,0.8610194468693364
150,6,5886,0.7729734132243765
151,6,5887,0.8061613302367431
152,6,5888,0.8243515178383815
153,6,5889,0.7760605761515242
154,6,5890,0.7723480588756502
155,6,5891,0.8258285505608434
156,6,5892,0.7663380838487119
157,6,5893,0.7705028849387808
158,6,5894,0.7223347452070034
159,6,5895,0.7408300217994976
160,6,5896,0.8011714738039744
161,6,5897,0.7873918570445051
162,6,5898,0.815494151364657
163,6,5899,0.789021834154569
164,6,5900,0.8531744481907004
165,6,5901,0.7722714073246432
166,6,5902,0.7555030364809292
167,6,5903,0.8188660549709487
168,6,5904,0.8718503066116854
169,6,5905,0.8238195905107119
170,6,5906,0.7949798319355718
171,6,5907,0.8807072092202448
172,6,5908,0.7741498111170674
173,6,5909,0.8303023124158028
174,6,5910,0.775571299583784
175,6,5911,0.8035288353317551
176,6,5912,0.8650679172992349
177,6,5913,0.8519937237281173
178,6,5914,0.8315213129279158
179,6,5915,0.7612671681369343
180,6,5916,0.8051283689481872
181,6,5917,0.7548541985452176
182,6,5918,0.807663633133329
183,6,5919,0.7924930730036328
184,6,5920,0.9124059718368308
185,6,5921,0.7871561022031872
186,6,5922,0.7967983380048757
187,6,5923,0.7918156427109527
188,6,5924,0.8026213627308607
189,6,5925,0.7716544918006376
190,6,5926,0.8576934866252399
191,6,5927,0.8471023128367958
192,6,5928,0.764674174577175
193,6,5929,0.7689293444910573
194,6,5930,0.7816662311199165
195,6,5931,0.8288031962389748
196,6,5932,0.7999963284957975
197,6,5933,0.8437617614732257
198,6,5934,0.7978729743599182
199,6,5935,0.8233766931419574
200,6,5936,0.7853240022834921
201,6,5937,0.9008448894046956
202,6,5938,0.856397442031829
203,6,5939,0.8142660108971456
204,6,5940,0.7400418557226658
205,6,5941,0.8206433288398246
206,6,5942,0.7512050024233756
207,6,5943,0.8074031789299277
208,6,5944,0.785628525096746
209,6,5945,0.7892111420986198
210,6,5946,0.7869504389486145
211,6,5947,0.8113900743912728
212,6,5948,0.810399417920659
213,6,5949,0.892957536858462
214,6,5950,0.8138583917392506
215,6,5951,0.7822883604537872
216,6,5952,0.8455717227909535
217,6,5953,0.8494627250668905
218,6,5954,0.8091617914448891
219,6,5955,0.8070924487408428
220,6,5956,0.8477583796096345
221,6,5957,0.8047643885947765
222,6,5958,0.8390467098603647
223,6,5959,0.8362370710819959
224,6,5960,0.8631225677118415
225,6,5961,0.8298450334529792
226,6,5962,0.8029092485972102
227,6,5963,0.7734546165780297
228,6,5964,0.8545019368064546
229,6,5965,0.8152504511887119
230,6,5966,0.8771380719152235
231,6,5967,0.7799608564181697
232,6,5968,0.7680766241891044
233,6,5969,0.8266409352155669
234,6,5970,0.8048830555219738
235,6,5971,0.8029457086120688
236,6,5972,0.8230248026638515
237,6,5973,0.8745850136148787
238,6,5974,0.8093401457936991
239,6,5975,0.834764200617515
240,6,5976,0.7880384790311968
241,6,5977,0.832224500587299
242,6,5978,0.8022936912519592
243,6,5979,0.7639655670417207
244,6,5980,0.8209837520761148
245,6,5981,0.7567937310031126
246,6,5982,0.7655541527617189
247,6,5983,0.8302995903151374
248,6,5984,0.870039720753474
249,6,5985,0.8437242050256049
250,6,5986,0.8332431146076749
251,6,5987,0.795481529441618
252,6,5988,0.7687735116508392
253,6,5989,0.8116941754484461
254,6,5990,0.808673999139241
255,6,5991,0.7811797730225537
256,6,5992,0.7535430604725013
257,6,5993,0.7790264125824683
258,6,5994,0.8798051653429866
259,6,5995,0.8003024836292578
260,6,5996,0.7957605953062218
261,6,5997,0.7789492410651985
262,6,5998,0.8174507695117166
263,6,5999,0.8338860334118916
264,6,6000,0.8326214832209404
265,6,6001,0.7974993635102042
266,6,6002,0.8349916075489352
267,6,6003,0.8150146889855111
268,6,6004,0.7819104107717673
269,6,6005,0.7771221441881996
270,6,6006,0.7958222141134594
271,6,6007,0.7425037402925746
272,6,6008,0.798827750741371
273,6,6009,0.8277104576783522
274,6,6010,0.8195418712594323
275,6,6011,0.8339492346027068
276,6,6012,0.7794988727019656
277,6,6013,0.7919281206670262
278,6,6014,0.77244059776976
279,6,6015,0.8602822567558004
280,6,6016,0.7519435624015472
281,6,6017,0.7967103396852812
282,6,6018,0.8097594712772185
283,6,6019,0.7694857075721734
284,6,6020,0.8162632138867467
285,6,6021,0.78729854679356
286,6,6022,0.7462036780835617
287,6,6023,0.8224503788210097
288,6,6024,0.8039761585449535
289,6,6025,0.8059061942400323
290,6,6026,0.7549731007422366
291,6,6027,0.8230742877792744
292,6,6028,0.8081560128013648
293,6,6029,0.8490576362902563
294,6,6030,0.7700763241210509
295,6,6031,0.7545624075546151
296,6,6032,0.7963066486020882
297,6,6033,0.8159785958982648
298,6,6034,0.7924011679632321
299,6,6035,0.7677598265664919
300,6,6036,0.8034241821927328
301,6,6037,0.8521220283139318
302,6,6038,0.8155718429368876
303,6,6039,0.7832629496586464
304,6,6040,0.8807500552918229
305,6,6041,0.8566389445747647
306,6,6042,0.8166423480780349
307,6,6043,0.8933900205773255
308,6,6044,0.76621213555336
309,6,6045,0.8535195766460328
310,6,6046,0.8756377092961756
311,6,6047,0.8322538018359669
312,6,6048,0.8163463879554044
313,6,6049,0.7859811141554798
314,6,6050,0.8656815842148803
315,6,6051,0.8372873399584065
316,6,6052,0.8431059577546657
317,6,6053,0.7635146090982569
318,6,6054,0.8191226507936205
319,6,6055,0.8440643580009539
320,6,6056,0.8310592279192949
321,6,6057,0.8438659992867281
322,6,6058,0.8758056901971853
323,6,6059,0.8406789719038419
324,6,6060,0.813612949812696
325,6,6061,0.8664577346561211
326,6,6062,0.8635173322012025
327,6,6063,0.7460338357126429
328,6,6064,0.8178257168758485
329,6,6065,0.7714314485146175
330,6,6066,0.8289047927994813
331,6,6067,0.8312316838917988
332,6,6068,0.8215990236827306
333,6,6069,0.7976845805311487
334,6,6070,0.8390229792289788
335,6,6071,0.7871357731166342
336,6,6072,0.7513012475378457
337,6,6073,0.8071346749063756
338,6,6074,0.7886702294150987
339,6,6075,0.7878195679347431
340,6,6076,0.8091896901661088
341,6,6077,0.8618399445189251
342,6,6078,0.8796091324516705
343,6,6079,0.7579617815180902
344,6,6080,0.8181421925491166
345,6,6081,0.7690496532069075
346,6,6082,0.7647385459304565
347,6,6083,0.7944428899458477
348,6,6084,0.8446313019487122
349,6,6085,0.8514857766262832
350,6,6086,0.8301119590621618
351,6,6087,0.8365396547042542
352,6,6088,0.8341221920702429
353,6,6089,0.8695029315006522
354,6,6090,0.7736743054618794
355,6,6091,0.8183490650817042
356,6,6092,0.8042362668950643
357,6,6093,0.7348330492331159
358,6,6094,0.8470418774966327
359,6,6095,0.8409776266752964
360,6,6096,0.7916275672614572
361,6,6097,0.7749051370968421
362,6,6098,0.7917254356933492
363,6,6099,0.7816497613897635
364,6,6100,0.7713453713360997
365,6,6101,0.8334122950521607
366,6,6102,0.7881056165899194
367,6,6103,0.7842248536291578
368,6,6104,0.7780095670771386
369,6,6105,0.8042578223560538
370,6,6106,0.747326903533013
371,6,6107,0.8108218879926773
372,6,6108,0.8287918183154297
373,6,6109,0.7870617998497825
374,6,6110,0.8391569666342721
375,6,6111,0.8270822311529802
376,6,6112,0.7784107892020117
377,6,6113,0.7914982850530318
378,6,6114,0.7661979952605353
379,6,6115,0.884797067159698
380,6,6116,0.759576923834781
381,6,6117,0.7906839989037031
382,6,6118,0.8145231377510798
383,6,6119,0.7470195063922024
384,6,6120,0.7417074945932698
385,6,6121,0.7404318037442861
386,6,6122,0.8148593640043622
387,6,6123,0.7879558101385123
388,6,6124,0.8068745977999199
389,6,6125,0.9048466568901423
390,6,6126,0.770230402682154
391,6,6127,0.8292979976561453
392,6,6128,0.7572524890392308
393,6,6129,0.8166882025654473
394,6,6130,0.7901599124251378
395,6,6131,0.8278469787688837
396,6,6132,0.8229578593302342
397,6,6133,0.9051861845045572
398,6,6134,0.7782873405321014
399,6,6135,0.7530125236537839
400,6,6136,0.8059623556300289
401,6,6137,0.8494291202653022
402,6,6138,0.8137397833523295
403,6,6139,0.8269460905520689
404,6,6140,0.7835866435031804
405,6,6141,0.854623765418572
406,6,6142,0.76298911492562
407,6,6143,0.7926432570176465
408,6,6144,0.8013493707847027
409,6,6145,0.7809950426398289
410,6,6146,0.7117240336235789
411,6,6147,0.7579550021549775
412,6,6148,0.8437502671565329
413,6,6149,0.7908350136352792
414,6,6150,0.8310109551862948
415,6,6151,0.892915976455524
416,6,6152,0.8604380912147462
417,6,6153,0.7956722221736396
418,6,6154,0.8198631147720984
419,6,6155,0.8402442961399043
420,6,6156,0.7478018573795755
421,6,6157,0.805142673397703
422,6,6158,0.773399406911007
423,6,6159,0.7855784959115442
424,6,6160,0.7847622596170931
425,6,6161,0.8578460216522216
426,6,6162,0.8903005364395324
427,6,6163,0.7857718556853278
428,6,6164,0.970866597346252
429,6,6165,0.7918443948119169
430,6,6166,0.7999306814301583
431,6,6167,0.8106367199992142
432,6,6168,0.7822118962094896
433,6,6169,0.7933570429505337
434,6,6170,0.8118763583756629
435,6,6171,0.7747610529352513
436,6,6172,0.8312082584681257
437,6,6173,0.7907300588364401
438,6,6174,0.8108301549440338
439,6,6175,0.8874202836304904
440,6,6176,0.8633140944654034
441,6,6177,0.8359731119126083
442,6,6178,0.8005144266589057
443,6,6179,0.816221720893823
444,6,6180,0.7438375592409147
445,6,6181,0.9066241975607614
446,6,6182,0.7968343613846671
447,6,6183,0.7992073868711789
448,6,6184,0.774577430382903
449,6,6185,0.7331477632701752
450,6,6186,0.836224458756901
451,6,6187,0.8138566451324593
452,6,6188,0.7497966273111246
453,6,6189,0.807003457986173
454,6,6190,0.858805065952419
455,6,6191,0.739441632514908
456,6,6192,0.7968473147290447
457,6,6193,0.8124633802633202
458,6,6194,0.7912268649698013
459,6,6195,0.7916343184631495
460,6,6196,0.7575574919492716
461,6,6197,0.8375584088665035
462,6,6198,0.8451723865721195
463,6,6199,0.820435593547743
464,6,6200,0.8255708177928771
465,6,6201,0.7866769909326516
466,6,6202,0.8495621969258148
467,6,6203,0.7888884971893969
468,6,6204,0.8620235978492669
469,6,6205,0.8263817382976414
470,6,6206,0.8087421440120255
471,6,6207,0.8223239254605558
472,6,6208,0.8441092775070242
473,6,6209,0.828089010813052
474,6,6210,0.8551936955856425
475,6,6211,0.7801331213586742
476,6,6212,0.7600773424353627
477,6,6213,0.7965728677587496
478,6,6214,0.7752159029644514
479,6,6215,0.8412263196493898
480,6,6216,0.8153932182827874
481,6,6217,0.7990466805973222
482,6,6218,0.7646504509307088
483,6,6219,0.7876149197996019
484,6,6220,0.8873207450489559
485,6,6221,0.7851442956764783
486,6,6222,0.7656579622998834
487,6,6223,0.8601612827208427
488,6,6224,0.7630661470549446
489,6,6225,0.8128999265886486
490,6,6226,0.8508900858107066
491,6,6227,0.8092949746974877
492,6,6228,0.7482633112619321
493,6,6229,0.8316571034845852
494,6,6230,0.8256578158055031
495,6,6231,0.8613147921860218
496,6,6232,0.806664441224365
497,6,6233,0.7897170407786256
498,6,6234,0.7658880441671325
499,6,6235,0.7691214705063473
500,6,6236,0.789972653257705
501,6,6237,0.9162481923676317
502,6,6238,0.7705695263686635
503,6,6239,0.8044577504596895
504,6,6240,0.8147947247627944
505,6,6241,0.7749574439866204
506,6,6242,0.8180315129104114
507,6,6243,0.7828038685644664
508,6,6244,0.8173843835081371
509,6,6245,0.7945391320224319
510,6,6246,0.8428771261657988
511,6,6247,0.7737234422404853
512,6,6248,0.8782717486222584
513,6,6249,0.7886319796421698
514,6,6250,0.8550890632239837
515,6,6251,0.7477563005384236
516,6,6252,0.7741139664181642
517,6,6253,0.8701305281858714
518,6,6254,0.7877725688518866
519,6,6255,0.7613060275270115
520,6,6256,0.8041555748675905
521,6,6257,0.8036703267799956
522,6,6258,0.8624084428662344
523,6,6259,0.7621821691060348
524,6,6260,0.7675681414437435
525,6,6261,0.8075996383448087
526,6,6262,0.7885018493758427
527,6,6263,0.820867722521403
528,6,6264,0.8305354679801635
529,6,6265,0.8050909924897411
530,6,6266,0.7420473602999534
531,6,6267,0.8122647669432418
532,6,6268,0.7940228654160385
533,6,6269,0.826763929666153
534,6,6270,0.763315905107274
535,6,6271,0.757737521082163
536,6,6272,0.8395366553838053
537,6,6273,0.8184008936264686
538,6,6274,0.7966517488516511
539,6,6275,0.7761624871442717
540,6,6276,0.7783423511400109
541,6,6277,0.7940400839960646
542,6,6278,0.8120433718764357
543,6,6279,0.8072682000430568
544,6,6280,0.8328562638101478
545,6,6281,0.8034499807815466
546,6,6282,0.7332474682480097
547,6,6283,0.7416085692433019
548,6,6284,0.803220434380429
549,6,6285,0.877185473129863
550,6,6286,0.8456751157840094
551,6,6287,0.7906612203057322
552,6,6288,0.7844761067424855
553,6,6289,0.8115097612497354
554,6,6290,0.805039630315843
555,6,6291,0.8343001247073215
556,6,6292,0.8190971692979692
557,6,6293,0.8164848370388861
558,6,6294,0.8522738349579628
559,6,6295,0.831841814509105
560,6,6296,0.7954446137661026
561,6,6297,0.8069922007354242
562,6,6298,0.7849571604636452
563,6,6299,0.8130294875729652
564,6,6300,0.8008585079085261
565,6,6301,0.856475552677044
566,6,6302,0.8292082808024825
567,6,6303,0.7669897569964329
568,6,6304,0.7658336291178351
569,6,6305,0.7952217953723102
570,6,6306,0.8339475313467638
571,6,6307,0.7933249109912487
572,6,6308,0.7848469529833113
573,6,6309,0.8774953007343268
574,6,6310,0.7744687318003604
575,6,6311,0.8111826509148591
576,6,6312,0.830273289854328
577,6,6313,0.8516705042815633
578,6,6314,0.8645961968494313
579,6,6315,0.7497376819983835
580,6,6316,0.861820916334788
581,6,6317,0.7770024259752106
582,6,6318,0.8324743791128553
583,6,6319,0.844789871369444
584,6,6320,0.7973568300228743
585,6,6321,0.9458437178816115
586,6,6322,0.8164261336482707
587,6,6323,0.7620298546029343
588,6,6324,0.7943956461247232
589,6,6325,0.7882256210293799
590,6,6326,0.8290353441344841
591,6,6327,0.7855712990720004
592,6,6328,0.85375300178393
593,6,6329,0.8176818364965064
594,6,6330,0.8189280684593888
595,6,6331,0.7490307446125718
596,6,6332,0.8296402079008873
597,6,6333,0.7863410372907916
598,6,6334,0.8124040590288739
599,6,6335,0.7876652273615555
600,6,6336,0.7923107154312587
601,6,6337,0.8474477331730581
602,6,6338,0.81454121210568
603,6,6339,0.7697513580677054
604,6,6340,0.8022125633433461
605,6,6341,0.7866504635174005
606,6,6342,0.8342066413855979
607,6,6343,0.7821309989584342
608,6,6344,0.7950492088815994
609,6,6345,0.7886628667114391
610,6,6346,0.850282598286867
611,6,6347,0.8554798793934643
612,6,6348,0.8214138936074007
613,6,6349,0.7978319862990508
614,6,6350,0.7645466381772644
615,6,6351,0.7585404770714894
616,6,6352,0.8077198153893861
617,6,6353,0.8438389599323274
618,6,6354,0.7308116578053507
619,6,6355,0.8178922741319098
620,6,6356,0.7788343838903874
621,6,6357,0.8408245948542442
622,6,6358,0.8201943366743978
623,6,6359,0.791400367216695
624,6,6360,0.8393080660940282
625,6,6361,0.8011560364005466
626,6,6362,0.8196126024371811
627,6,6363,0.8211506579869559
628,6,6364,0.8620490405619854
629,6,6365,0.8485840775427363
630,6,6366,0.8374477312678386
631,6,6367,0.8330492826976946
632,6,6368,0.7903301693898225
633,6,6369,0.7975314018050474
634,6,6370,0.7593900896165341
635,6,6371,0.7763937023423966
636,6,6372,0.8251448053689232
637,6,6373,0.7802340886777356
638,6,6374,0.8536503872435006
639,6,6375,0.8061132738810209
640,6,6376,0.782374041931083
641,6,6377,0.7857845740259758
642,6,6378,0.8282986780451167
643,6,6379,0.8230211365790594
644,6,6380,0.7592789738084236
645,6,6381,0.8420502940370213
646,6,6382,0.7679298832303002
647,6,6383,0.8533105108709563
648,6,6384,0.7938218109220975
649,6,6385,0.7702096005280814
650,6,6386,0.7832052867770904
651,6,6387,0.7874816773636713
652,6,6388,0.7944185544869728
653,6,6389,0.8565599278857312
654,6,6390,0.7471924727960003
655,6,6391,0.7574889796919059
656,6,6392,0.8032780025331748
657,6,6393,0.7743677179151701
658,6,6394,0.8015084491510477
659,6,6395,0.7903805605934133
660,6,6396,0.7422659539484552
661,6,6397,0.7927772203415986
662,6,6398,0.8183948967960617
663,6,6399,0.7594837899807662
664,6,6400,0.8414096612305867
665,6,6401,0.7743505382954718
666,6,6402,0.7844891980334763
667,6,6403,0.7464241055062131
668,6,6404,0.8210842422697514
669,6,6405,0.8587497269646044
670,6,6406,0.7833972207181865
671,6,6407,0.7181796059677643
672,6,6408,0.8116648298954325
673,6,6409,0.7761275901769599
674,6,6410,0.7563518987125939
675,6,6411,0.8595096294635107
676,6,6412,0.7870388928623426
677,6,6413,0.8038663346142995
678,6,6414,0.7703069521646414
679,6,6415,0.8674280991156895
680,6,6416,0.8009964032098651
681,6,6417,0.7951572491521283
682,6,6418,0.8213152889871882
683,6,6419,0.8967463496096789
684,6,6420,0.7297500324923367
685,6,6421,0.8594470122562987
686,6,6422,0.8042549029037003
687,6,6423,0.7978041017250647
688,6,6424,0.816791487059423
689,6,6425,0.840142627379724
690,6,6426,0.8349190865244182
691,6,6427,0.8955371952393933
692,6,6428,0.751674750287618
693,6,6429,0.8202064455531182
694,6,6430,0.7735345490232466
695,6,6431,0.7936343914119613
696,6,6432,0.803364429711586
697,6,6433,0.850295761866229
698,6,6434,0.788751072538573
699,6,6435,0.7477525757803095
700,6,6436,0.7222094505227037
701,6,6437,0.7926951464088189
702,6,6438,0.8545798187898026
703,6,6439,0.8142963506591818
704,6,6440,0.8328186183103494
705,6,6441,0.8357949487953668
706,6,6442,0.7305207326121274
707,6,6443,0.751576023398056
708,6,6444,0.8324222366015116
709,6,6445,0.7468628041180118
710,6,6446,0.7849775407285919
711,6,6447,0.7867252194056554
712,6,6448,0.7680022774619005
713,6,6449,0.7908352864019219
714,6,6450,0.7931546748926243
715,6,6451,0.8028165968134999
716,6,6452,0.8137844489399522
717,6,6453,0.8378650519021209
718,6,6454,0.7837743269545692
719,6,6455,0.799249879128876
720,6,6456,0.7685132780156674
721,6,6457,0.7434100416888083
722,6,6458,0.7912100874153633
723,6,6459,0.8165925177967264
724,6,6460,0.7900784095483168
725,6,6461,0.8329300845396662
726,6,6462,0.8030122995731375
727,6,6463,0.786120516625011
728,6,6464,0.8087196903569359
729,6,6465,0.8095172886914084
730,6,6466,0.8854163899308157
731,6,6467,0.8040977070728937
732,6,6468,0.8332914940658069
733,6,6469,0.7687256214253251
734,6,6470,0.7986370665686472
735,6,6471,0.8217234370254334
736,6,6472,0.8294287015284812
737,6,6473,0.8254385062803824
738,6,6474,0.8043323506911595
739,6,6475,0.7979275761615664
740,6,6476,0.8395526336860799
741,6,6477,0.8179910151021821
742,6,6478,0.8550464308465873
743,6,6479,0.7775001091483447
744,6,6480,0.8292035244937452
745,6,6481,0.7847406993664446
746,6,6482,0.8304133794846987
747,6,6483,0.8004130613990129
748,6,6484,0.8676572685972566
749,6,6485,0.8863831272880947
750,6,6486,0.8501391164914128
751,6,6487,0.7426206242248772
752,6,6488,0.768606258378852
753,6,6489,0.8497341115781594
754,6,6490,0.8049709129901159
755,6,6491,0.7762886196640982
756,6,6492,0.7880200841685845
757,6,6493,0.756028747452157
758,6,6494,0.8253471851127132
759,6,6495,0.7657294576721532
760,6,6496,0.8382482670602345
761,6,6497,0.841339812835767
762,6,6498,0.8014279368023078
763,6,6499,0.7877783617448237
764,6,6500,0.8203575777865592
765,6,6501,0.73549589018027
766,6,6502,0.8794407422343892
767,6,6503,0.8170178919321014
768,6,6504,0.8270041423051484
769,6,6505,0.7466350350795049
770,6,6506,0.8224644460937097
771,6,6507,0.8538251353782558
772,6,6508,0.8254325206258467
773,6,6509,0.8067288912744042
774,6,6510,0.7474151271439735
775,6,6511,0.8197892216655116
776,6,6512,0.8567028301102776
777,6,6513,0.8014065256963173
778,6,6514,0.799796740923609
779,6,6515,0.7644316968951552
780,6,6516,0.7747865574700493
781,6,6517,0.7662988140558201
782,6,6518,0.7798045936173627
783,6,6519,0.7627004975497368
784,6,6520,0.7903875999063963
785,6,6521,0.7773494534416212
786,6,6522,0.8545672137822423
787,6,6523,0.7889651917808114
788,6,6524,0.766543438392026
789,6,6525,0.8808529533091047
790,6,6526,0.8101432894223504
791,6,6527,0.7534250626783998
792,6,6528,0.8283901867412385
793,6,6529,0.7910784404902229
794,6,6530,0.8174713875300118
795,6,6531,0.8023305456819277
796,6,6532,0.7822303615865255
797,6,6533,0.7903096067186977
798,6,6534,0.8058450386105548
799,6,6535,0.7627020319480272
800,6,6536,0.7247046823835089
801,6,6537,0.8326405067706392
802,6,6538,0.8934203236851667
803,6,6539,0.8018818207173831
804,6,6540,0.7838161279048238
805,6,6541,0.827821211689817
806,6,6542,0.8099500174811556
807,6,6543,0.832625558422435
808,6,6544,0.8016045666078017
809,6,6545,0.7356278951989398
810,6,6546,0.8208580435741515
811,6,6547,0.8355063988960216
812,6,6548,0.8937551619130232
813,6,6549,0.828349469628717
814,6,6550,0.8425878795484703
815,6,6551,0.7666679923866121
816,6,6552,0.7549616964090436
817,6,6553,0.7871768796993862
818,6,6554,0.8766575233922119
819,6,6555,0.7806327477363604
820,6,6556,0.8177112834971576
821,6,6557,0.8911293378720682
822,6,6558,0.7879224948451985
823,6,6559,0.8015642815402574
824,6,6560,0.8319742286223034
825,6,6561,0.8396778165673214
826,6,6562,0.8970689763802859
827,6,6563,0.8412431511761889
828,6,6564,0.7849054403957867
829,6,6565,0.7674721184940565
830,6,6566,0.8012128805830365
831,6,6567,0.8013562912210113
832,6,6568,0.75518965632433
833,6,6569,0.8179385138542525
834,6,6570,0.8197503605236609
835,6,6571,0.7831558014399238
836,6,6572,0.7701230840757489
837,6,6573,0.7562583611080687
838,6,6574,0.8008098565042018
839,6,6575,0.7702943078197895
840,6,6576,0.8331605956135761
841,6,6577,0.8179551805369557
842,6,6578,0.8267777229526213
843,6,6579,0.8331463477086453
844,6,6580,0.764007771432045
845,6,6581,0.8388788676377208
846,6,6582,0.7701509012175456
847,6,6583,0.7752339674958161
848,6,6584,0.8369746154528999
849,6,6585,0.8038542152692876
850,6,6586,0.7787826464821896
851,6,6587,0.8391172275656746
852,6,6588,0.7884441818598481
853,6,6589,0.7562013542767438
854,6,6590,0.774645375398298
855,6,6591,0.8252935704464712
856,6,6592,0.8048759017228371
857,6,6593,0.7691921095275097
858,6,6594,0.8054052384215452
859,6,6595,0.8230105819446701
860,6,6596,0.8391843415530663
861,6,6597,0.7938183186398374
862,6,6598,0.8675646902993321
863,6,6599,0.8293340949208611
864,6,6600,0.7676368957784556
865,6,6601,0.827648513529095
866,6,6602,0.7835111271900435
867,6,6603,0.788376522982227
868,6,6604,0.7989255931405793
869,6,6605,0.8142695570852431
870,6,6606,0.8364540136064447
871,6,6607,0.8502337492647627
872,6,6608,0.7173469226275171
873,6,6609,0.7908736438091312
874,6,6610,0.7760198577085422
875,6,6611,0.735263481736183
876,6,6612,0.8277929794220698
877,6,6613,0.8253050645192465
878,6,6614,0.8366624759066673
879,6,6615,0.8062741247316203
880,6,6616,0.8561624524494011
881,6,6617,0.7940190938700523
882,6,6618,0.7633670628558666
883,6,6619,0.7774269605898078
884,6,6620,0.740239735604042
885,6,6621,0.7556933080777525
886,6,6622,0.7893605276143978
887,6,6623,0.8563512987678958
888,6,6624,0.7824844950366587
889,6,6625,0.7625701177333085
890,6,6626,0.783853592351079
891,6,6627,0.7607567137373347
892,6,6628,0.8156887079988208
893,6,6629,0.8034577963075469
894,6,6630,0.8368380360660099
895,6,6631,0.818944920852248
896,6,6632,0.7910874774457798
897,6,6633,0.7733127145717541
898,6,6634,0.8185669360904112
899,6,6635,0.7223828191026334
900,6,6636,0.7853515766827123
901,6,6637,0.7903985452084314
902,6,6638,0.8390396765566299
903,6,6639,0.8295429885121328
904,6,6640,0.8181244738932167
905,6,6641,0.7565364370211248
906,6,6642,0.8328526509659632
907,6,6643,0.8682462003170733
908,6,6644,0.8072755638332595
909,6,6645,0.8915575634954233
910,6,6646,0.7909314698938811
911,6,6647,0.8055228714254641
912,6,6648,0.8284031884256927
913,6,6649,0.7792383092677312
914,6,6650,0.7591392726060889
915,6,6651,0.8070212629224571
916,6,6652,0.7424955205060543
917,6,6653,0.8137891636717888
918,6,6654,0.7710850323949542
919,6,6655,0.7866705460473894
920,6,6656,0.7396830533675496
921,6,6657,0.8399569620378313
922,6,6658,0.7175153771282307
923,6,6659,0.869486729060078
924,6,6660,0.7647095915994474
925,6,6661,0.7356780706683086
926,6,6662,0.822857306028406
927,6,6663,0.7601795815197484
928,6,6664,0.8075539620061006
929,6,6665,0.8501305305399
930,6,6666,0.761340757255398
931,6,6667,0.825137123909025
932,6,6668,0.7644707623957878
933,6,6669,0.7636757811220983
934,6,6670,0.7955800012596661
935,6,6671,0.7631264382175036
936,6,6672,0.7779893052453797
937,6,6673,0.8230123544289244
938,6,6674,0.8214483626541637
939,6,6675,0.8310054364126351
940,6,6676,0.7954451612507303
941,6,6677,0.7899139153638056
942,6,6678,0.807857673083033
943,6,6679,0.764275115426807
944,6,6680,0.807354807232817
945,6,6681,0.7856738423662527
946,6,6682,0.7731309165246785
947,6,6683,0.8403825676955637
948,6,6684,0.8019464058091951
949,6,6685,0.783290650917306
950,6,6686,0.7966887797007248
951,6,6687,0.8049159128041493
952,6,6688,0.927284329774834
953,6,6689,0.7812289192252572
954,6,6690,0.7282579531671393
955,6,6691,0.8009527176175087
956,6,6692,0.8411112591358167
957,6,6693,0.8077058366366794
958,6,6694,0.7678817844107038
959,6,6695,0.7366387182846666
960,6,6696,0.7905748725114832
961,6,6697,0.8306911490148023
962,6,6698,0.7973225215627323
963,6,6699,0.740815215411463
964,6,6700,0.7403003248785224
965,6,6701,0.8376180981507616
966,6,6702,0.800031888919572
967,6,6703,0.8026103015900369
968,6,6704,0.7705610421308806
969,6,6705,0.8593873520204354
970,6,6706,0.7832727894364371
971,6,6707,0.819426023534366
972,6,6708,0.8595620119234636
973,6,6709,0.7505506636752257
974,6,6710,0.8125282716493878
975,6,6711,0.7771030397686576
976,6,6712,0.8236701101330774
977,6,6713,0.7253359969527948
978,6,6714,0.7990396475375053
979,6,6715,0.8001304789047158
980,6,6716,0.7905740908214024
981,6,6717,0.8087573843076823
982,6,6718,0.8159566178385701
983,6,6719,0.7694480424702522
984,6,6720,0.7535495451163677
985,6,6721,0.85797674971677
986,6,6722,0.745018654170313
987,6,6723,0.8065025808644437
988,6,6724,0.8421197768877304
989,6,6725,0.8288467485191566
990,6,6726,0.8183017075948771
991,6,6727,0.7742869420686649
992,6,6728,0.7792507083199564
993,6,6729,0.8004403414781249
994,6,6730,0.8334583433433657
995,6,6731,0.7673600324695663
996,6,6732,0.7559303973934481
997,6,6733,0.8519876799324442
998,6,6734,0.8260948964882465
999,6,6735,0.7979128946151053
1000,6,6736,0.8381276203408128
1001,6,6737,0.8108739781503876
1002,6,6738,0.8088833492337948
1003,6,6739,0.805713669729552
1004,6,6740,0.7775781826737027
1005,6,6741,0.8075383134363664
1006,6,6742,0.7642479404097513
1007,6,6743,0.7831080380073261
1008,6,6744,0.8792219193918365
1009,6,6745,0.8197026133448594
1010,6,6746,0.7999953378346705
1011,6,6747,0.7869585171741034
1012,6,6748,0.7732194258520999
1013,6,6749,0.7787260574599107
1014,6,6750,0.8442084218064944
1015,6,6751,0.8034943642671265
1016,6,6752,0.7797938856695379
1017,6,6753,0.7794353312679699
1018,6,6754,0.7901115687120529
1019,6,6755,0.7426489488266053
1020,6,6756,0.7509775293680528
1021,6,6757,0.7892150045816034
1022,6,6758,0.763479077700703
1023,6,6759,0.7956521413510754
1024,6,6760,0.8490126212792738
1025,6,6761,0.8055019540313099
1026,6,6762,0.8012468864076904
1027,6,6763,0.8172472233307504
1028,6,6764,0.8913629259470673
1029,6,6765,0.816317147087483
1030,6,6766,0.7896255825069689
1031,6,6767,0.7789235079572318
1032,6,6768,0.7619852097705007
1033,6,6769,0.7924974844125767
1034,6,6770,0.8318238252152999
1035,6,6771,0.8083465928655296
1036,6,6772,0.7801170530950738
1037,6,6773,0.7910443350140536
1038,6,6774,0.7936052519251549
1039,6,6775,0.8244059403382596
1040,6,6776,0.8027297663058907
1041,6,6777,0.8512047746750928
1042,6,6778,0.8610957602837255
1043,6,6779,0.6981852445529686
1044,6,6780,0.8245655348347055
1045,6,6781,0.8787736067814487
1046,6,6782,0.7694365218769582
1047,6,6783,0.7604983760088327
1048,6,6784,0.8758124858140944
1049,6,6785,0.8068944648617791
1050,6,6786,0.7778427407722033
1051,6,6787,0.8625240978740509
1052,6,6788,0.777690431413551
1053,6,6789,0.8181071755964133
1054,6,6790,0.7599073595234325
1055,6,6791,0.7933246204186053
1056,6,6792,0.8381156351506
1057,6,6793,0.8109815202742106
1058,6,6794,0.7816571289717799
1059,6,6795,0.8191265750321602
1060,6,6796,0.8742521561992667
1061,6,6797,0.8172758654469535
1062,6,6798,0.8269389363981428
1063,6,6799,0.8430239815885822
1064,6,6800,0.7827560526451894
1065,6,6801,0.8263225967419291
1066,6,6802,0.7685634276075732
1067,6,6803,0.8222267904451916
1068,6,6804,0.7805959777019564
1069,6,6805,0.8230815110284657
1070,6,6806,0.7831525385734582
1071,6,6807,0.8472032591345764
1072,6,6808,0.7916299316677309
1073,6,6809,0.7973497282004073
1074,6,6810,0.8635732616697039
1075,6,6811,0.7795714833551929
1076,6,6812,0.8133565444676649
1077,6,6813,0.8000120326566199
1078,6,6814,0.8278610521395293
1079,6,6815,0.8075559483841059
1080,6,6816,0.811506883995164
1081,6,6817,0.7908019998687361
1082,6,6818,0.8956869040571508
1083,6,6819,0.8222887123979272
1084,6,6820,0.7997724298786902
1085,6,6821,0.8449492446102557
1086,6,6822,0.7880750004024732
1087,6,6823,0.7554251044279051
1088,6,6824,0.7962669669650496
1089,6,6825,0.8062360170962557
1090,6,6826,0.783967175875746
1091,6,6827,0.7683033202553081
1092,6,6828,0.819383080915681
1093,6,6829,0.8344713967470898
1094,6,6830,0.8153222295943471
1095,6,6831,0.7692432019504762
1096,6,6832,0.7816542528924489
1097,6,6833,0.8083396285240139
1098,6,6834,0.7761137857589693
1099,6,6835,0.7958404547756626
1100,6,6836,0.8485004268364892
1101,6,6837,0.8140321006732327
1102,6,6838,0.8012073301665837
1103,6,6839,0.8272430623127591
1104,6,6840,0.7780525847559883
1105,6,6841,0.9074854221904564
1106,6,6842,0.8196797980261701
1107,6,6843,0.7707513203578333
1108,6,6844,0.8045007435028397
1109,6,6845,0.727021184528158
1110,6,6846,0.7803371732256242
1111,6,6847,0.7357498795414964
1112,6,6848,0.8690281986214576
1113,6,6849,0.8514518419591091
1114,6,6850,0.756821764544362
1115,6,6851,0.7667198614882571
1116,6,6852,0.7993322448538881
1117,6,6853,0.744587807605664
1118,6,6854,0.7736577365680464
1119,6,6855,0.7553794329453792
1120,6,6856,0.7799723294696638
1121,6,6857,0.8511413991717358
1122,6,6858,0.8506361764101755
1123,6,6859,0.8949440271549282
1124,6,6860,0.8254341028985525
1125,6,6861,0.8044665122759485
1126,6,6862,0.8440239190877905
1127,6,6863,0.8187226546662194
1128,6,6864,0.7597678470913144
1129,6,6865,0.8195951974152456
1130,6,6866,0.7253346340509044
1131,6,6867,0.7644673435106164
1132,6,6868,0.7991101517164635
1133,6,6869,0.8036750157674152
1134,6,6870,0.7829757584702401
1135,6,6871,0.764368056186608
1136,6,6872,0.7714005435063016
1137,6,6873,0.8159006218913766
1138,6,6874,0.8262497951232253
1139,6,6875,0.7734121845680332
1140,6,6876,0.8199297858047343
1141,6,6877,0.787703855051881
1142,6,6878,0.7741696351385189
1143,6,6879,0.8176418635107222
1144,6,6880,0.7599190412355322
1145,6,6881,0.8130673202686011
1146,6,6882,0.8323036296115742
0,7,6883,0.8790220059897927
1,7,6884,0.8578372787506808
2,7,6885,0.8332196588938435
3,7,6886,0.8810609848726364
4,7,6887,0.8178739420005254
5,7,6888,0.7846180370875768
6,7,6889,0.7830611367576886
7,7,6890,0.8054384210013915
8,7,6891,0.7718075502309063
9,7,6892,0.766418765476417
10,7,6893,0.8428720639841187
11,7,6894,0.7611609078899381
12,7,6895,0.8204317807796456
13,7,6896,0.781753041204952
14,7,6897,0.7757719857618213
15,7,6898,0.8099080572525659
16,7,6899,0.8116103881703954
17,7,6900,0.7583003084263985
18,7,6901,0.7851487831656068
19,7,6902,0.835243731692788
20,7,6903,0.7936545443011538
21,7,6904,0.7147677982713849
22,7,6905,0.7783927600387306
23,7,6906,0.7577658761070954
24,7,6907,0.777467988387105
25,7,6908,0.7778378203067751
26,7,6909,0.7759264036126078
27,7,6910,0.8309871348596753
28,7,6911,0.8569290752833089
29,7,6912,0.8098110681000564
30,7,6913,0.7775738699627772
31,7,6914,0.8465005432122521
32,7,6915,0.8006189979080645
33,7,6916,0.829570919984863
34,7,6917,0.8200531439146116
35,7,6918,0.8832802052742668
36,7,6919,0.797100159605699
37,7,6920,0.8784414657524653
38,7,6921,0.8126298459690242
39,7,6922,0.8655956460695181
40,7,6923,0.7901188836299947
41,7,6924,0.8339610190929045
42,7,6925,0.7989334471612459
43,7,6926,0.8280912211963108
44,7,6927,0.7776327233406758
45,7,6928,0.8221803550564106
46,7,6929,0.8228748807062706
47,7,6930,0.7554340194023792
48,7,6931,0.8028803978647505
49,7,6932,0.8125114528284897
50,7,6933,0.7914570220080869
51,7,6934,0.8367905921435782
52,7,6935,0.7949372121975535
53,7,6936,0.7545247935202152
54,7,6937,0.8140213008570881
55,7,6938,0.7713762695147168
56,7,6939,0.8231798428598616
57,7,6940,0.8513435352416266
58,7,6941,0.8258501397268404
59,7,6942,0.7600229295813257
60,7,6943,0.7645238533704762
61,7,6944,0.7960557428499062
62,7,6945,0.8391941458962502
63,7,6946,0.8223195175329846
64,7,6947,0.7663346563820682
65,7,6948,0.8167075131177194
66,7,6949,0.9079731979540416
67,7,6950,0.7554025075265339
68,7,6951,0.7930371965326014
69,7,6952,0.7776087210291908
70,7,6953,0.8030850163971385
71,7,6954,0.7769683155985109
72,7,6955,0.7527026296371505
73,7,6956,0.8054189728129478
74,7,6957,0.781145110371567
75,7,6958,0.8272034531193119
76,7,6959,0.8166482885856005
77,7,6960,0.8235547980737118
78,7,6961,0.7711381890500586
79,7,6962,0.8630894325850976
80,7,6963,0.8519297313566011
81,7,6964,0.7616065102629364
82,7,6965,0.8217630203635918
83,7,6966,0.8471381497525033
84,7,6967,0.7819479239128885
85,7,6968,0.778386890444727
86,7,6969,0.80157446830223
87,7,6970,0.8481941165491228
88,7,6971,0.7898379549206723
89,7,6972,0.8278071199809868
90,7,6973,0.7769092576179121
91,7,6974,0.7660687710602011
92,7,6975,0.80101212850284
93,7,6976,0.74843936839274
94,7,6977,0.8505260586915981
95,7,6978,0.845755570169006
96,7,6979,0.8305860690196
97,7,6980,0.8568429401632219
98,7,6981,0.7858916599126089
99,7,6982,0.7909403717411415
100,7,6983,0.7799553378440797
101,7,6984,0.9171335218208176
102,7,6985,0.7426264122172834
103,7,6986,0.7405720587731118
104,7,6987,0.808932798515473
105,7,6988,0.7542898290169736
106,7,6989,0.7864668198994228
107,7,6990,0.7816111709301671
108,7,6991,0.7830881641822911
109,7,6992,0.7634217710722061
110,7,6993,0.7995161648085783
111,7,6994,0.8814667367287691
112,7,6995,0.804040594647328
113,7,6996,0.7961551108885379
114,7,6997,0.8387426949727037
115,7,6998,0.8300161803629071
116,7,6999,0.8447434802850087
117,7,7000,0.8055987601789336
118,7,7001,0.8539059096060339
119,7,7002,0.9097256638287078
120,7,7003,0.8055215494795924
121,7,7004,0.8194974408085856
122,7,7005,0.8080735937470482
123,7,7006,0.8141636736247512
124,7,7007,0.8210252577971138
125,7,7008,0.8816389042795413
126,7,7009,0.8629393605958848
127,7,7010,0.8352129780243904
128,7,7011,0.7297427951402607
129,7,7012,0.7737053279942345
130,7,7013,0.7822969141194508
131,7,7014,0.7953664374626463
132,7,7015,0.8033105262909972
133,7,7016,0.8124301863745566
134,7,7017,0.8209837430289815
135,7,7018,0.819649390033668
136,7,7019,0.830196778245625
137,7,7020,0.8656293081030959
138,7,7021,0.8530406915538367
139,7,7022,0.8211518261315567
140,7,7023,0.7483261344688279
141,7,7024,0.7891883860076112
142,7,7025,0.8057285567656869
143,7,7026,0.8379787797596128
144,7,7027,0.7683199871154058
145,7,7028,0.7883796080104295
146,7,7029,0.8003511212633123
147,7,7030,0.8331530211005537
148,7,7031,0.8180362247374087
149,7,7032,0.7955142908862659
150,7,7033,0.7766719001921869
151,7,7034,0.7883169731080886
152,7,7035,0.8236012414452575
153,7,7036,0.8333162938111595
154,7,7037,0.759221388027072
155,7,7038,0.8839171219040595
156,7,7039,0.7782988208567811
157,7,7040,0.778336415266884
158,7,7041,0.8153440091936361
159,7,7042,0.8632844913795237
160,7,7043,0.7984538294729732
161,7,7044,0.8182355332232657
162,7,7045,0.8231161032759009
163,7,7046,0.7843497234307939
164,7,7047,0.7937284933757923
165,7,7048,0.8204663040205128
166,7,7049,0.8480311422387048
167,7,7050,0.7690457168168257
168,7,7051,0.8507559561126289
169,7,7052,0.8753310185635372
170,7,7053,0.7809722153913408
171,7,7054,0.7907433465477967
172,7,7055,0.8454501684755088
173,7,7056,0.7796687679808764
174,7,7057,0.8553713984521373
175,7,7058,0.7530013518851428
176,7,7059,0.7735226321300225
177,7,7060,0.8382403150733029
178,7,7061,0.939371700842111
179,7,7062,0.6870954460242673
180,7,7063,0.8092425780681273
181,7,7064,0.8187710976316815
182,7,7065,0.7992873436638288
183,7,7066,0.8295121238611284
184,7,7067,0.7961082747206093
185,7,7068,0.8518860361405781
186,7,7069,0.7417740789020346
187,7,7070,0.8599312204113676
188,7,7071,0.7247662508328045
189,7,7072,0.8375136488605114
190,7,7073,0.8315811467667419
191,7,7074,0.7317097197020693
192,7,7075,0.7663601278327409
193,7,7076,0.8155923269334293
194,7,7077,0.7890889620009277
195,7,7078,0.7475447986674095
196,7,7079,0.8313008774559768
197,7,7080,0.7797125997021793
198,7,7081,0.7681341734714806
199,7,7082,0.7895020297063248
200,7,7083,0.8599334423031125
201,7,7084,0.7925251811698433
202,7,7085,0.758873234236879
203,7,7086,0.7846924100692073
204,7,7087,0.805204789065534
205,7,7088,0.8574094437949712
206,7,7089,0.7564112456692828
207,7,7090,0.7451953438687181
208,7,7091,0.8410274904398691
209,7,7092,0.8326292863736549
210,7,7093,0.8005702932853074
211,7,7094,0.8683348755529593
212,7,7095,0.8052447945145623
213,7,7096,0.8047292490622827
214,7,7097,0.8097848473338499
215,7,7098,0.8495789675396821
216,7,7099,0.8233959187443057
217,7,7100,0.8082281475265821
218,7,7101,0.8288208395242691
219,7,7102,0.8122080135868772
220,7,7103,0.7072317598254552
221,7,7104,0.7883793693479328
222,7,7105,0.855641890405899
223,7,7106,0.7481611740021479
224,7,7107,0.8472240303554351
225,7,7108,0.8038166951210728
226,7,7109,0.7993219146682393
227,7,7110,0.8596017788873896
228,7,7111,0.76092624380475
229,7,7112,0.7982560737235913
230,7,7113,0.8319217936091482
231,7,7114,0.8566882045318683
232,7,7115,0.8322568321378813
233,7,7116,0.7656938571571594
234,7,7117,0.7946721720952719
235,7,7118,0.7878083796240389
236,7,7119,0.84806948773829
237,7,7120,0.7683944296357887
238,7,7121,0.7901305647655612
239,7,7122,0.7765275385408174
240,7,7123,0.8722583177455125
241,7,7124,0.8011906518201742
242,7,7125,0.7824895733169146
243,7,7126,0.8785209673501196
244,7,7127,0.7813713021487705
245,7,7128,0.7803923952881069
246,7,7129,0.8143499413106058
247,7,7130,0.8282431492448916
248,7,7131,0.8202102643304636
249,7,7132,0.7851352618031557
250,7,7133,0.7834293900412462
251,7,7134,0.8062914305898758
252,7,7135,0.7677596503691304
253,7,7136,0.7786576220588314
254,7,7137,0.8639037919541199
255,7,7138,0.8649187502007755
256,7,7139,0.7852711346266527
257,7,7140,0.7970682352426507
258,7,7141,0.8142843470864353
259,7,7142,0.7702989211705111
260,7,7143,0.8009416047661078
261,7,7144,0.737224507101235
262,7,7145,0.7910210148076572
263,7,7146,0.8435706020155477
264,7,7147,0.7750690563448839
265,7,7148,0.7915778016405446
266,7,7149,0.7708645848823446
267,7,7150,0.778367343269998
268,7,7151,0.8101690810705934
269,7,7152,0.7684721125378495
270,7,7153,0.833728268919956
271,7,7154,0.7883341737268937
272,7,7155,0.8267263292024533
273,7,7156,0.700992718250269
274,7,7157,0.8283120919063334
275,7,7158,0.8054310030392593
276,7,7159,0.8142708050796674
277,7,7160,0.8108677130990796
278,7,7161,0.799156544907462
279,7,7162,0.794749961101583
280,7,7163,0.8240176765691667
281,7,7164,0.775321695598818
282,7,7165,0.7970310076184216
283,7,7166,0.7960016021859786
284,7,7167,0.765015987036306
285,7,7168,0.7608412843020187
286,7,7169,0.7377831232068792
287,7,7170,0.775907906127118
288,7,7171,0.8097614766808139
289,7,7172,0.8519775342373622
290,7,7173,0.8561919700531733
291,7,7174,0.8209257685535011
292,7,7175,0.8065751735786241
293,7,7176,0.7704867052490866
294,7,7177,0.7453415318436566
295,7,7178,0.8010639132089203
296,7,7179,0.8031013415062002
297,7,7180,0.7116411967380417
298,7,7181,0.8057545487591554
299,7,7182,0.7199080714157651
300,7,7183,0.787727734694878
301,7,7184,0.8454060552730449
302,7,7185,0.8455736389206281
303,7,7186,0.792705559216085
304,7,7187,0.7723945875740833
305,7,7188,0.8230122459963675
306,7,7189,0.780077486653768
307,7,7190,0.7711523523376811
308,7,7191,0.8738439909759022
309,7,7192,0.766321187262379
310,7,7193,0.8154653098123767
311,7,7194,0.8382737924389188
312,7,7195,0.8495826035560596
313,7,7196,0.753926314058758
314,7,7197,0.8316797008294434
315,7,7198,0.8050079210439609
316,7,7199,0.8392966855760841
317,7,7200,0.8010694106508578
318,7,7201,0.7352021556081516
319,7,7202,0.8884197171067909
320,7,7203,0.8390871654929859
321,7,7204,0.7843935681240898
322,7,7205,0.7768379691323001
323,7,7206,0.806639841846412
324,7,7207,0.7733094698439043
325,7,7208,0.7680581044849185
326,7,7209,0.781386457782771
327,7,7210,0.774446118800413
328,7,7211,0.8126708557829261
329,7,7212,0.8325088579385053
330,7,7213,0.7806899163073726
331,7,7214,0.832856448300715
332,7,7215,0.7679055412521671
333,7,7216,0.8021085376718216
334,7,7217,0.8170595925212615
335,7,7218,0.7191440386786346
336,7,7219,0.7968256252684763
337,7,7220,0.8432731685184297
338,7,7221,0.7840575850346968
339,7,7222,0.8052021705190695
340,7,7223,0.799354786319392
341,7,7224,0.755001448227891
342,7,7225,0.8760387307432078
343,7,7226,0.7626588553899808
344,7,7227,0.8308255723234087
345,7,7228,0.807808701348092
346,7,7229,0.8106574214817512
347,7,7230,0.8223123339315255
348,7,7231,0.8049833583202035
349,7,7232,0.7763445265591143
350,7,7233,0.8048129058664754
351,7,7234,0.7704528485025679
352,7,7235,0.7878890591673553
353,7,7236,0.8026816816113534
354,7,7237,0.8262838394868941
355,7,7238,0.7623839000949548
356,7,7239,0.7682287542016378
357,7,7240,0.7612332275048609
358,7,7241,0.8344880583740416
359,7,7242,0.7765286201611161
360,7,7243,0.7998965755991991
361,7,7244,0.7664238513846482
362,7,7245,0.7869403450749817
363,7,7246,0.7712547143122978
364,7,7247,0.825352736881801
365,7,7248,0.8098344737220377
366,7,7249,0.8360815092566468
367,7,7250,0.8038683075546509
368,7,7251,0.8568053139551056
369,7,7252,0.7893047328550548
370,7,7253,0.8108443316914852
371,7,7254,0.780723368394233
372,7,7255,0.8263905548180142
373,7,7256,0.8104454268302236
374,7,7257,0.7967481614046155
375,7,7258,0.8218351836271941
376,7,7259,0.8737240718411547
377,7,7260,0.7793938984118757
378,7,7261,0.8166202120039435
379,7,7262,0.8709689200678397
380,7,7263,0.8404649526679091
381,7,7264,0.8453613931667947
382,7,7265,0.7683798184263563
383,7,7266,0.8592949311825493
384,7,7267,0.9019359589687415
385,7,7268,0.8310042221675672
386,7,7269,0.7954768750018306
387,7,7270,0.8155523048092921
388,7,7271,0.818776644899377
389,7,7272,0.8024081904884607
390,7,7273,0.7896044656545632
391,7,7274,0.7650859495624899
392,7,7275,0.8084203686919947
393,7,7276,0.8377874298464684
394,7,7277,0.7985024801898924
395,7,7278,0.8432559677444044
396,7,7279,0.8050420131268246
397,7,7280,0.7666525552271024
398,7,7281,0.8180400128698067
399,7,7282,0.7517612560519151
400,7,7283,0.7153724890557074
401,7,7284,0.7571426685899496
402,7,7285,0.811368851390268
403,7,7286,0.7890353591757872
404,7,7287,0.7992659145079198
405,7,7288,0.8195368622740108
406,7,7289,0.8397734880092598
407,7,7290,0.7765292366966604
408,7,7291,0.8383617299564536
409,7,7292,0.8246120467249837
410,7,7293,0.804548367857933
411,7,7294,0.7478498323332696
412,7,7295,0.8339193402124302
413,7,7296,0.777555049751841
414,7,7297,0.8159960813022085
415,7,7298,0.7315896410672439
416,7,7299,0.7704777803626799
417,7,7300,0.7747103764143373
418,7,7301,0.7797185277921105
419,7,7302,0.7679126315217996
420,7,7303,0.8348764860559078
421,7,7304,0.8161379100887904
422,7,7305,0.7969792458627905
423,7,7306,0.8408180559497503
424,7,7307,0.8786979834327384
425,7,7308,0.7889252879789898
426,7,7309,0.8384519949378002
427,7,7310,0.776056715021176
428,7,7311,0.8078583356968703
429,7,7312,0.8233219927088137
430,7,7313,0.8377551698525038
431,7,7314,0.8221438997203395
432,7,7315,0.7458417288116402
433,7,7316,0.7811495600312592
434,7,7317,0.8427776440623259
435,7,7318,0.7498680758955222
436,7,7319,0.7810017444592502
437,7,7320,0.7945490037756306
438,7,7321,0.8729086992818685
439,7,7322,0.7969112137022117
440,7,7323,0.7727235307961348
441,7,7324,0.811673481194746
442,7,7325,0.7941860154803312
443,7,7326,0.7932536655238694
444,7,7327,0.8149339781985396
445,7,7328,0.7961306732502722
446,7,7329,0.8111741084250667
447,7,7330,0.8000383168192846
448,7,7331,0.7786206524553044
449,7,7332,0.7968247874772973
450,7,7333,0.7874242423013561
451,7,7334,0.7546476649918725
452,7,7335,0.8457609621275747
453,7,7336,0.8514361974029314
454,7,7337,0.7820256020918134
455,7,7338,0.7621744269106007
456,7,7339,0.7695360134045279
457,7,7340,0.7453701634270448
458,7,7341,0.7377121461156224
459,7,7342,0.7459261696342201
460,7,7343,0.8036115558684936
461,7,7344,0.8025343749849568
462,7,7345,0.7784668251517275
463,7,7346,0.7922918293181629
464,7,7347,0.762129212286146
465,7,7348,0.8038012968997161
466,7,7349,0.771492511566196
467,7,7350,0.7702124246085684
468,7,7351,0.8069519766473343
469,7,7352,0.7890867411292024
470,7,7353,0.7996296762444435
471,7,7354,0.771925045465607
472,7,7355,0.7612244100753395
473,7,7356,0.84602319799541
474,7,7357,0.838382414187349
475,7,7358,0.7396320526355079
476,7,7359,0.796009105053686
477,7,7360,0.7512312665847797
478,7,7361,0.8083756487993967
479,7,7362,0.7342220828646704
480,7,7363,0.8287513518617268
481,7,7364,0.7714018573363624
482,7,7365,0.8517823238812742
483,7,7366,0.8694874847174755
484,7,7367,0.757887043236267
485,7,7368,0.8409480512630015
486,7,7369,0.7714347786137037
487,7,7370,0.8591962201254709
488,7,7371,0.813748754915737
489,7,7372,0.8632072468199545
490,7,7373,0.8364903647896081
491,7,7374,0.7945448063713099
492,7,7375,0.7608356666085976
493,7,7376,0.7926322345932324
494,7,7377,0.7971237845319722
495,7,7378,0.8174170446360397
496,7,7379,0.7653313441911622
497,7,7380,0.8410755594127948
498,7,7381,0.8135643820500089
499,7,7382,0.8068445841338309
500,7,7383,0.8269448114026872
501,7,7384,0.8845002005497613
502,7,7385,0.8394516714005953
503,7,7386,0.8044767015436222
504,7,7387,0.8131252058471241
505,7,7388,0.7494632633669035
506,7,7389,0.8060560889896893
507,7,7390,0.8313497578547824
508,7,7391,0.8287182844110899
509,7,7392,0.7934840415560063
510,7,7393,0.8954561933697688
511,7,7394,0.888703176308246
512,7,7395,0.7910618552317223
513,7,7396,0.7795801596893441
514,7,7397,0.7804225709156266
515,7,7398,0.795267589523324
516,7,7399,0.839544399818849
517,7,7400,0.8461678290650958
518,7,7401,0.8415221588774806
519,7,7402,0.9089871246500741
520,7,7403,0.8107069046458321
521,7,7404,0.7509385125622863
522,7,7405,0.8003716161918074
523,7,7406,0.814288368315569
524,7,7407,0.8210004331499692
525,7,7408,0.7753871402570182
526,7,7409,0.742731595811035
527,7,7410,0.7759979060806688
528,7,7411,0.868715520149895
529,7,7412,0.8204531847454962
530,7,7413,0.8009968594248805
531,7,7414,0.7733853218101318
532,7,7415,0.7405378324467511
533,7,7416,0.8642882241734436
534,7,7417,0.838207136573536
535,7,7418,0.7584963491896078
536,7,7419,0.6861596132539923
537,7,7420,0.8013584330633637
538,7,7421,0.7581688599838388
539,7,7422,0.8038358896793352
540,7,7423,0.8403645263807404
541,7,7424,0.8436035903259402
542,7,7425,0.7566156193968796
543,7,7426,0.7690205013468151
544,7,7427,0.9403660170556533
545,7,7428,0.7759574463901419
546,7,7429,0.8076563456672289
547,7,7430,0.8326037557396505
548,7,7431,0.7768768783703093
549,7,7432,0.8374633204546714
550,7,7433,0.8023250201007441
551,7,7434,0.795729100615496
552,7,7435,0.834428263872507
553,7,7436,0.8009659798061917
554,7,7437,0.79483097104267
555,7,7438,0.7894456623831677
556,7,7439,0.7928523752128795
557,7,7440,0.7464333137142516
558,7,7441,0.7880755187943577
559,7,7442,0.7988977552879424
560,7,7443,0.7986390638786057
561,7,7444,0.8566109392614593
562,7,7445,0.7748654227082927
563,7,7446,0.7818459389465195
564,7,7447,0.7495947180182806
565,7,7448,0.8282687116325611
566,7,7449,0.8072747847154028
567,7,7450,0.7656320192451987
568,7,7451,0.8073432661060779
569,7,7452,0.7962545780908493
570,7,7453,0.7920994033061322
571,7,7454,0.8122795204011102
572,7,7455,0.8038703877301444
573,7,7456,0.8147856763874491
574,7,7457,0.8314747409451574
575,7,7458,0.7802052224232328
576,7,7459,0.7968808448030835
577,7,7460,0.8151481397050832
578,7,7461,0.8423499123947252
579,7,7462,0.7796551375871613
580,7,7463,0.7838987783484518
581,7,7464,0.8344766325982554
582,7,7465,0.7976936232298611
583,7,7466,0.863339260752712
584,7,7467,0.8006693094614008
585,7,7468,0.7756229548803752
586,7,7469,0.8112603278741951
587,7,7470,0.7792334679425471
588,7,7471,0.8018345367828652
589,7,7472,0.7895524433503549
590,7,7473,0.8558398433517486
591,7,7474,0.7935142642596648
592,7,7475,0.7492698864523499
593,7,7476,0.7982972995156334
594,7,7477,0.8144959576782727
595,7,7478,0.8254088815079912
596,7,7479,0.7851234071089753
597,7,7480,0.7516061974290226
598,7,7481,0.8269503547676972
599,7,7482,0.8898169763741038
600,7,7483,0.7795197608481561
601,7,7484,0.8939098239477192
602,7,7485,0.7764871135531436
603,7,7486,0.8307942229190043
604,7,7487,0.8059496023647842
605,7,7488,0.8017806589958214
606,7,7489,0.7795739782796731
607,7,7490,0.8608296541940598
608,7,7491,0.7659017869404386
609,7,7492,0.7983092864354451
610,7,7493,0.8506791726464317
611,7,7494,0.7858924353938725
612,7,7495,0.8474269108846784
613,7,7496,0.776134841720618
614,7,7497,0.767829092796005
615,7,7498,0.7957393975396244
616,7,7499,0.7582464322802567
617,7,7500,0.7609629851012001
618,7,7501,0.7685155790476572
619,7,7502,0.8177093366781869
620,7,7503,0.8488237741846769
621,7,7504,0.8382708845393997
622,7,7505,0.8065826649378455
623,7,7506,0.833506758147407
624,7,7507,0.7888469906701219
625,7,7508,0.8348740438176762
626,7,7509,0.8104229678532908
627,7,7510,0.8304532618439269
628,7,7511,0.7693352575990418
629,7,7512,0.8342599745041557
630,7,7513,0.8256487662770918
631,7,7514,0.812443325384742
632,7,7515,0.8214164881390477
633,7,7516,0.8382448302138419
634,7,7517,0.7770118219556198
635,7,7518,0.8788938145818455
636,7,7519,0.8082913709360928
637,7,7520,0.7996487679137358
638,7,7521,0.8184048824367068
639,7,7522,0.7215000438903056
640,7,7523,0.807301243101912
641,7,7524,0.7431635755513397
642,7,7525,0.8248474784195424
643,7,7526,0.79258155904799
644,7,7527,0.8813913762569429
645,7,7528,0.7415982216507906
646,7,7529,0.8110062625436555
647,7,7530,0.7773723863730474
648,7,7531,0.816269313606123
649,7,7532,0.8055543166008733
650,7,7533,0.8687613489815876
651,7,7534,0.8220843544584655
652,7,7535,0.7650454769886673
653,7,7536,0.8596044895904403
654,7,7537,0.8372473612072922
655,7,7538,0.7714904271997511
656,7,7539,0.7666986617481425
657,7,7540,0.8170470287136378
658,7,7541,0.8093056920472355
659,7,7542,0.8408008052612698
660,7,7543,0.8072084404882929
661,7,7544,0.7915703284199395
662,7,7545,0.7787505602464079
663,7,7546,0.7725544925335618
664,7,7547,0.7977428598152029
665,7,7548,0.8161754375767141
666,7,7549,0.7571573499590158
667,7,7550,0.7360277762193056
668,7,7551,0.7564974112347477
669,7,7552,0.7957325489038513
670,7,7553,0.7957047851135335
671,7,7554,0.8152786645860899
672,7,7555,0.8197279340321464
673,7,7556,0.7918660076822907
674,7,7557,0.7341938488894985
675,7,7558,0.7710819384526639
676,7,7559,0.7830072717652434
677,7,7560,0.8225595693192664
678,7,7561,0.7686228835511775
679,7,7562,0.8136475456967242
680,7,7563,0.7659846837188872
681,7,7564,0.7624024106189609
682,7,7565,0.8270305602899974
683,7,7566,0.811782038903662
684,7,7567,0.7976859539880284
685,7,7568,0.7939098660080205
686,7,7569,0.8083410334019435
687,7,7570,0.8424335114569182
688,7,7571,0.782565245626583
689,7,7572,0.8200008842561928
690,7,7573,0.813907827605449
691,7,7574,0.7767233876511455
692,7,7575,0.7927790633402764
693,7,7576,0.7163373351185806
694,7,7577,0.7401090313103935
695,7,7578,0.7881637321607698
696,7,7579,0.8121234280545088
697,7,7580,0.8096397277411251
698,7,7581,0.7922162232654437
699,7,7582,0.7973282169107169
700,7,7583,0.8246169492291907
701,7,7584,0.8305235116387762
702,7,7585,0.7479578745773152
703,7,7586,0.8314456871400278
704,7,7587,0.7500845736912672
705,7,7588,0.8724924254985081
706,7,7589,0.8137602163922217
707,7,7590,0.879470097654987
708,7,7591,0.8917164269479965
709,7,7592,0.7591584891834784
710,7,7593,0.7896624956546086
711,7,7594,0.8475932860525236
712,7,7595,0.8710564692460356
713,7,7596,0.8564643688677324
714,7,7597,0.7701355623790906
715,7,7598,0.7721017248307666
716,7,7599,0.8335754229864552
717,7,7600,0.7531552856255853
718,7,7601,0.7926449940894686
719,7,7602,0.8091493199712466
720,7,7603,0.808732542253676
721,7,7604,0.7758738533815459
722,7,7605,0.7758533773677689
723,7,7606,0.7960061230696737
724,7,7607,0.7726497057647934
725,7,7608,0.8029618857517129
726,7,7609,0.8300770502980976
727,7,7610,0.8743058001356465
728,7,7611,0.8029513819852755
729,7,7612,0.7466074029161107
730,7,7613,0.8151081190666271
731,7,7614,0.7584053241381686
732,7,7615,0.7842686275862869
733,7,7616,0.8273747937221613
734,7,7617,0.783073710233328
735,7,7618,0.8395839940224374
736,7,7619,0.7811438852832432
737,7,7620,0.797247478915822
738,7,7621,0.8121001191348545
739,7,7622,0.8896430287776249
740,7,7623,0.7676742726582145
741,7,7624,0.8603785307634444
742,7,7625,0.7796475707242885
743,7,7626,0.8224676615070731
744,7,7627,0.8533486242938255
745,7,7628,0.8840496132061596
746,7,7629,0.7972557743833888
747,7,7630,0.7645490311440968
748,7,7631,0.8236431933362925
749,7,7632,0.8536278645374945
750,7,7633,0.7324711403676439
751,7,7634,0.8638606710093362
752,7,7635,0.7754937836323821
753,7,7636,0.8761235405025736
754,7,7637,0.716433420644275
755,7,7638,0.7692959243875175
756,7,7639,0.7953629202785946
757,7,7640,0.7859470775084836
758,7,7641,0.758360209253927
759,7,7642,0.7385689396677274
760,7,7643,0.8073436662643437
761,7,7644,0.8055213888929716
762,7,7645,0.7539762412419634
763,7,7646,0.7835762068806659
764,7,7647,0.8376923579545248
765,7,7648,0.8420959579802696
766,7,7649,0.84700674811999
767,7,7650,0.7784820968462597
768,7,7651,0.768177127731698
769,7,7652,0.7958533198217904
770,7,7653,0.8496891412706602
771,7,7654,0.7794404683767684
772,7,7655,0.8054941278394487
773,7,7656,0.8098278182691762
774,7,7657,0.8116387790734216
775,7,7658,0.7732528848130079
776,7,7659,0.7469256247083347
777,7,7660,0.7765374141523527
778,7,7661,0.8390147867834287
779,7,7662,0.7495956422894129
780,7,7663,0.7067508443835235
781,7,7664,0.7542146337883813
782,7,7665,0.8493149257930264
783,7,7666,0.7628853792945545
784,7,7667,0.8307807733792634
785,7,7668,0.8047016854397951
786,7,7669,0.7696531053543799
787,7,7670,0.7789871031861929
788,7,7671,0.7723662736160417
789,7,7672,0.7625988540461376
790,7,7673,0.8561215418878765
791,7,7674,0.7536941777382578
792,7,7675,0.7791802612842903
793,7,7676,0.8082568933300319
794,7,7677,0.7676286157220601
795,7,7678,0.7503366487189418
796,7,7679,0.7359324418052675
797,7,7680,0.7872393475845455
798,7,7681,0.8303990569852645
799,7,7682,0.7369698468329653
800,7,7683,0.7227887366233128
801,7,7684,0.8718124693703083
802,7,7685,0.8036960475590259
803,7,7686,0.7834164679848722
804,7,7687,0.8265362099877425
805,7,7688,0.7586655261527216
806,7,7689,0.8576359919139319
807,7,7690,0.8034790447425274
808,7,7691,0.8598132986531014
809,7,7692,0.7840877195731516
810,7,7693,0.8410363737050266
811,7,7694,0.8537391573190689
812,7,7695,0.8437882820144296
813,7,7696,0.7487957050935145
814,7,7697,0.814378024677613
815,7,7698,0.8165676318818614
816,7,7699,0.7987025674609912
817,7,7700,0.7932239863578052
818,7,7701,0.8095862271840728
819,7,7702,0.8594517764591035
820,7,7703,0.7927053920658571
821,7,7704,0.8440681557570185
822,7,7705,0.7880531894708319
823,7,7706,0.7614569396135356
824,7,7707,0.8184187525129389
825,7,7708,0.7826531163106364
826,7,7709,0.8402132324076125
827,7,7710,0.8189152258758743
828,7,7711,0.8085380331391381
829,7,7712,0.7633651660400487
830,7,7713,0.875649427108112
831,7,7714,0.8112525168274131
832,7,7715,0.7836278284500754
833,7,7716,0.767235292698301
834,7,7717,0.862397348197798
835,7,7718,0.8110820105565445
836,7,7719,0.8630715301703841
837,7,7720,0.81061563569875
838,7,7721,0.7599392685640072
839,7,7722,0.8345218786881083
840,7,7723,0.840471798376668
841,7,7724,0.767152331237282
842,7,7725,0.8764707127896446
843,7,7726,0.7912762452892603
844,7,7727,0.8731034981707729
845,7,7728,0.7923953579516995
846,7,7729,0.7543706625611301
847,7,7730,0.8055146521933022
848,7,7731,0.7871059998204665
849,7,7732,0.7801284996482232
850,7,7733,0.8195024697952685
851,7,7734,0.7537423856112929
852,7,7735,0.7706155941954681
853,7,7736,0.8026833961318646
854,7,7737,0.7858169836302598
855,7,7738,0.7651527108003694
856,7,7739,0.8095819566487555
857,7,7740,0.7814421547754178
858,7,7741,0.7629597907265026
859,7,7742,0.7822482264378952
860,7,7743,0.8548402062040709
861,7,7744,0.8258590442793708
862,7,7745,0.7823915512611468
863,7,7746,0.8096901162394455
864,7,7747,0.8495881019071454
865,7,7748,0.7821524164506367
866,7,7749,0.7322884478295845
867,7,7750,0.8753670234055746
868,7,7751,0.8455944287014151
869,7,7752,0.7530846692887802
870,7,7753,0.9116025115806787
871,7,7754,0.7912589707190084
872,7,7755,0.8161906327697493
873,7,7756,0.8896997698715754
874,7,7757,0.7431449530247066
875,7,7758,0.7870781479536424
876,7,7759,0.8229121968061444
877,7,7760,0.802996767862212
878,7,7761,0.7936597578449264
879,7,7762,0.783500451905032
880,7,7763,0.845859742945149
881,7,7764,0.7886212214694494
882,7,7765,0.7824214001496633
883,7,7766,0.8319419527071573
884,7,7767,0.835163640368375
885,7,7768,0.8331553347497468
886,7,7769,0.8144787684792566
887,7,7770,0.782715565901959
888,7,7771,0.8024951527338652
889,7,7772,0.8379970284711038
890,7,7773,0.7990437218298515
891,7,7774,0.8126119388533491
892,7,7775,0.7899391115864828
893,7,7776,0.8309033054503657
894,7,7777,0.7935942419405494
895,7,7778,0.8169130225931959
896,7,7779,0.8000669917978702
897,7,7780,0.8794089610732738
898,7,7781,0.7891007873806215
899,7,7782,0.7912641876554559
900,7,7783,0.7558800119995361
901,7,7784,0.7771235856538018
902,7,7785,0.7908580756435792
903,7,7786,0.8380884054072555
904,7,7787,0.7829244474969094
905,7,7788,0.8375311312930925
906,7,7789,0.8063940968630571
907,7,7790,0.8357411256237398
908,7,7791,0.7865129448473455
909,7,7792,0.8648105982380606
910,7,7793,0.8632786661120398
911,7,7794,0.8033313764525312
912,7,7795,0.7947097824487301
913,7,7796,0.7975478044356263
914,7,7797,0.8294460090719874
915,7,7798,0.7553583485562176
916,7,7799,0.8631346926004402
917,7,7800,0.8853759209714119
918,7,7801,0.8562903712902751
919,7,7802,0.7976529667420046
920,7,7803,0.8488904475456193
921,7,7804,0.7342941103325714
922,7,7805,0.8180393656449659
923,7,7806,0.8313773494391212
924,7,7807,0.7502003613682019
925,7,7808,0.7500730889538924
926,7,7809,0.7830423213364114
927,7,7810,0.7618029988149091
928,7,7811,0.790045134368397
929,7,7812,0.7484847802801855
930,7,7813,0.7555621421585478
931,7,7814,0.8035711568691545
932,7,7815,0.8241131840096342
933,7,7816,0.8532490445123544
934,7,7817,0.804044933013973
935,7,7818,0.732077277132443
936,7,7819,0.8122511401861197
937,7,7820,0.7607577926080142
938,7,7821,0.7755509404731649
939,7,7822,0.7802478615194558
940,7,7823,0.8176936707681135
941,7,7824,0.7414163351945934
942,7,7825,0.8095223262817376
943,7,7826,0.7659434490349322
944,7,7827,0.7724716464456703
945,7,7828,0.8130382318049668
946,7,7829,0.7575309673058136
947,7,7830,0.7446118891904394
948,7,7831,0.7725923829046745
949,7,7832,0.7562359213562947
950,7,7833,0.8395858772897297
951,7,7834,0.8287352981666725
952,7,7835,0.8185923657646137
953,7,7836,0.7388536785063998
954,7,7837,0.7553351712634875
955,7,7838,0.7968822460000714
956,7,7839,0.798747126611748
957,7,7840,0.8025761189914884
958,7,7841,0.8017699055018879
959,7,7842,0.8003060363144392
960,7,7843,0.8357465363861548
961,7,7844,0.7671635975351644
962,7,7845,0.7823624515329444
963,7,7846,0.7676698272338226
964,7,7847,0.8032554692278308
965,7,7848,0.8486298258372007
966,7,7849,0.8130792732838363
967,7,7850,0.7992421240501463
968,7,7851,0.7544747820523171
969,7,7852,0.8066455305864415
970,7,7853,0.8654852258041501
971,7,7854,0.8847773804639778
972,7,7855,0.8048764335523757
973,7,7856,0.7740537638199472
974,7,7857,0.765422727823967
975,7,7858,0.7984106479700479
976,7,7859,0.8303275919031529
977,7,7860,0.7682951113785662
978,7,7861,0.8030933626883086
979,7,7862,0.7216333965549157
980,7,7863,0.7818228590435214
981,7,7864,0.7473450676050215
982,7,7865,0.7659769993098009
983,7,7866,0.8091921986391148
984,7,7867,0.7597634037734852
985,7,7868,0.7523634147253773
986,7,7869,0.8247129634643593
987,7,7870,0.7778037009051157
988,7,7871,0.7688798529894224
989,7,7872,0.8188870959870872
990,7,7873,0.7617086620912668
991,7,7874,0.7832321136568983
992,7,7875,0.7655393323594971
993,7,7876,0.8050124811762501
994,7,7877,0.8021162563846225
995,7,7878,0.7980364880835015
996,7,7879,0.7834992125807773
997,7,7880,0.7994593789889699
998,7,7881,0.8409610001281614
999,7,7882,0.8272176847926208
1000,7,7883,0.8009986611127498
1001,7,7884,0.8281512459119162
1002,7,7885,0.8957595193004679
1003,7,7886,0.8735155769446424
1004,7,7887,0.8051649748702491
1005,7,7888,0.8283171326454195
1006,7,7889,0.8121015102646891
1007,7,7890,0.8382843481820254
1008,7,7891,0.8852899020449037
1009,7,7892,0.8017045184304672
1010,7,7893,0.8463681609857651
1011,7,7894,0.8335573286527679
1012,7,7895,0.7758869330975272
1013,7,7896,0.7885205702235301
1014,7,7897,0.8380925290153493
1015,7,7898,0.7507027436180838
1016,7,7899,0.8570584156328723
1017,7,7900,0.8380278441611498
1018,7,7901,0.7843863162256421
1019,7,7902,0.8074589696978883
1020,7,7903,0.8418379153701522
1021,7,7904,0.7612721221743242
1022,7,7905,0.8250818926441882
1023,7,7906,0.8398682626540818
1024,7,7907,0.7938848418804506
1025,7,7908,0.7680409142215336
1026,7,7909,0.8426696092245126
1027,7,7910,0.8216183815994078
1028,7,7911,0.8486899012433631
1029,7,7912,0.751700245176575
1030,7,7913,0.8829758373044786
1031,7,7914,0.7547382072412544
1032,7,7915,0.7294742854400759
1033,7,7916,0.8033518964158638
1034,7,7917,0.8565540242762791
1035,7,7918,0.7859902143744486
1036,7,7919,0.7334364174111258
1037,7,7920,0.8212818115107008
1038,7,7921,0.7332416849343903
1039,7,7922,0.7809460473113826
1040,7,7923,0.8416654010791152
1041,7,7924,0.8164236678387083
1042,7,7925,0.7996747876251383
1043,7,7926,0.8027930330662498
1044,7,7927,0.8247652382900318
1045,7,7928,0.8523770553015527
1046,7,7929,0.8149672273901247
1047,7,7930,0.7985776275218953
1048,7,7931,0.7671791414641554
1049,7,7932,0.8090667967640217
1050,7,7933,0.8815453202862825
1051,7,7934,0.7914476746338464
1052,7,7935,0.8358386912427489
1053,7,7936,0.862351191984046
1054,7,7937,0.7336619855569941
1055,7,7938,0.7932622950036258
1056,7,7939,0.8462457038417814
1057,7,7940,0.7981659661579346
1058,7,7941,0.8056801006730115
1059,7,7942,0.8037554969390232
1060,7,7943,0.7309713124386255
1061,7,7944,0.7326229629772049
1062,7,7945,0.7826999635657385
1063,7,7946,0.7852231801177064
1064,7,7947,0.8303829506039618
1065,7,7948,0.8033193725028209
1066,7,7949,0.7865036241931931
1067,7,7950,0.764413201072741
1068,7,7951,0.7161858389597564
1069,7,7952,0.8376624334514851
1070,7,7953,0.8047279956794919
1071,7,7954,0.7638698789246733
1072,7,7955,0.7751875031029893
1073,7,7956,0.8375425408372568
1074,7,7957,0.772288222797215
1075,7,7958,0.8422588264525289
1076,7,7959,0.8413728612164656
1077,7,7960,0.7934489505631582
1078,7,7961,0.7797669765894256
1079,7,7962,0.7963908485003882
1080,7,7963,0.8043609838489266
1081,7,7964,0.7941327588189214
1082,7,7965,0.8103546439004797
1083,7,7966,0.8235181464059722
1084,7,7967,0.786875306473424
1085,7,7968,0.8276703640197715
1086,7,7969,0.7510748009773948
1087,7,7970,0.8609077608478922
1088,7,7971,0.8598949677266535
1089,7,7972,0.7828948840587621
1090,7,7973,0.7738665729938519
1091,7,7974,0.777897137882454
1092,7,7975,0.7968546640837474
1093,7,7976,0.7686265856471091
1094,7,7977,0.813752504708689
1095,7,7978,0.814904337039306
1096,7,7979,0.8328947212014879
1097,7,7980,0.7714899634676319
1098,7,7981,0.7545558888509515
1099,7,7982,0.8617486470334587
1100,7,7983,0.8201961307564661
1101,7,7984,0.889105832559012
1102,7,7985,0.7929354637550814
1103,7,7986,0.812900578381405
1104,7,7987,0.7895692168468874
1105,7,7988,0.7554457123346979
1106,7,7989,0.8114078361541033
1107,7,7990,0.8146503577008843
1108,7,7991,0.7991829827605259
1109,7,7992,0.8623318114495346
1110,7,7993,0.7709942032982195
1111,7,7994,0.7988963441790216
1112,7,7995,0.8227750293999201
1113,7,7996,0.8308308577120657
1114,7,7997,0.7340187955026827
1115,7,7998,0.8193718631130954
1116,7,7999,0.822660984005779
1117,7,8000,0.8026411207392812
1118,7,8001,0.7446685361764613
1119,7,8002,0.7535037092554072
1120,7,8003,0.7820179142678777
1121,7,8004,0.8025212036002249
1122,7,8005,0.8139685190371461
1123,7,8006,0.8786771277497919
1124,7,8007,0.7655257493080129
1125,7,8008,0.7844419138993891
1126,7,8009,0.861455536669209
1127,7,8010,0.8150427164509894
1128,7,8011,0.8299453707766675
1129,7,8012,0.8306669632105954
1130,7,8013,0.8396381117359157
1131,7,8014,0.7652650951585246
1132,7,8015,0.832528882926064
1133,7,8016,0.7573056417473016
1134,7,8017,0.7564641988082301
1135,7,8018,0.8325810396511641
1136,7,8019,0.757909317545238
1137,7,8020,0.7502561246843212
1138,7,8021,0.8095981755426951
1139,7,8022,0.7852240317900266
1140,7,8023,0.7686009989341808
1141,7,8024,0.8116102617766179
1142,7,8025,0.7917461274635226
1143,7,8026,0.8321337459520216
1144,7,8027,0.7969791904269231
1145,7,8028,0.8819605279270382
1146,7,8029,0.7683545503366207
0,8,8030,0.7986033702091803
1,8,8031,0.8056039485104738
2,8,8032,0.8212537007140261
3,8,8033,0.779506457437362
4,8,8034,0.9103078745482932
5,8,8035,0.7853005778133161
6,8,8036,0.7885041632911278
7,8,8037,0.8078213801962281
8,8,8038,0.7577854788285636
9,8,8039,0.7681334786826656
10,8,8040,0.8344731882569337
11,8,8041,0.8253388369367235
12,8,8042,0.8221677080506371
13,8,8043,0.8366004545685083
14,8,8044,0.8212691568547772
15,8,8045,0.7756103392956514
16,8,8046,0.7987109709176279
17,8,8047,0.8123339793334404
18,8,8048,0.7662946509108656
19,8,8049,0.8215689361760659
20,8,8050,0.7829637772048866
21,8,8051,0.8543560539283569
22,8,8052,0.8660299231608709
23,8,8053,0.8213400813706575
24,8,8054,0.814541189155231
25,8,8055,0.7972874133847654
26,8,8056,0.8468422301645792
27,8,8057,0.7965685028937599
28,8,8058,0.7941777188596981
29,8,8059,0.8386203234438742
30,8,8060,0.8431650578665237
31,8,8061,0.8077241047507242
32,8,8062,0.8262747785608684
33,8,8063,0.8203844182370674
34,8,8064,0.8454790248402528
35,8,8065,0.7796365852866854
36,8,8066,0.8442367812662962
37,8,8067,0.7920853947511032
38,8,8068,0.7618434822319872
39,8,8069,0.7875597888515109
40,8,8070,0.7748273905544055
41,8,8071,0.7768066930141122
42,8,8072,0.7907788435972871
43,8,8073,0.8869179089420609
44,8,8074,0.8134396671805353
45,8,8075,0.7487556202159751
46,8,8076,0.7785867781910513
47,8,8077,0.8190378360450267
48,8,8078,0.83973213225337
49,8,8079,0.7539419660433417
50,8,8080,0.7971287830954508
51,8,8081,0.7901036463722233
52,8,8082,0.7399119275533371
53,8,8083,0.7402338559428852
54,8,8084,0.8229044535906895
55,8,8085,0.7889394367202408
56,8,8086,0.8290350359775835
57,8,8087,0.7968212926228133
58,8,8088,0.8735396099232492
59,8,8089,0.7630159285008199
60,8,8090,0.8100391399957948
61,8,8091,0.7948623208683872
62,8,8092,0.7320757237529115
63,8,8093,0.7705274522082791
64,8,8094,0.786388976721182
65,8,8095,0.7980734321643552
66,8,8096,0.7732461689128762
67,8,8097,0.7448441999121791
68,8,8098,0.7463231922260352
69,8,8099,0.8044600806065967
70,8,8100,0.8011167512630066
71,8,8101,0.8439837271968523
72,8,8102,0.7617389597442179
73,8,8103,0.7925591809409004
74,8,8104,0.7783579477774246
75,8,8105,0.8304002458850543
76,8,8106,0.8124836835611079
77,8,8107,0.8928773304048393
78,8,8108,0.7802233881804913
79,8,8109,0.8047668065077491
80,8,8110,0.7890991930450714
81,8,8111,0.7755152744329756
82,8,8112,0.7436572214411128
83,8,8113,0.8341246071227252
84,8,8114,0.8424948391815027
85,8,8115,0.8857126923810159
86,8,8116,0.8384356485857141
87,8,8117,0.7865363416217622
88,8,8118,0.7888700278209788
89,8,8119,0.7255931728342104
90,8,8120,0.8173458653147379
91,8,8121,0.7621473330960031
92,8,8122,0.8106587136474749
93,8,8123,0.8347952053660437
94,8,8124,0.7519417756813623
95,8,8125,0.7650839539599561
96,8,8126,0.8303924902741397
97,8,8127,0.8374708393766058
98,8,8128,0.7659492322376797
99,8,8129,0.7314669106909564
100,8,8130,0.8111852128945646
101,8,8131,0.7696738879506786
102,8,8132,0.7917718611480223
103,8,8133,0.7874225004842239
104,8,8134,0.7915432065769674
105,8,8135,0.7630439052092179
106,8,8136,0.7722127608555769
107,8,8137,0.7329036752205519
108,8,8138,0.8155822336806784
109,8,8139,0.8542827347603936
110,8,8140,0.7381440099949638
111,8,8141,0.8636513707183656
112,8,8142,0.7520134586486079
113,8,8143,0.8264735247052852
114,8,8144,0.7936640901136257
115,8,8145,0.8378783428952807
116,8,8146,0.835576456483631
117,8,8147,0.8368779708232198
118,8,8148,0.7650355020360577
119,8,8149,0.8340051148663321
120,8,8150,0.8177018343426642
121,8,8151,0.8157873418004741
122,8,8152,0.7919638234501082
123,8,8153,0.7630227974926432
124,8,8154,0.8106966355283344
125,8,8155,0.8017419877329044
126,8,8156,0.797305778489404
127,8,8157,0.7982436712565165
128,8,8158,0.7797689123655713
129,8,8159,0.819126794691242
130,8,8160,0.7262769053424044
131,8,8161,0.8512739659774871
132,8,8162,0.7732585570331488
133,8,8163,0.7563858277253098
134,8,8164,0.7432666075460256
135,8,8165,0.8371064643419923
136,8,8166,0.8238580477024828
137,8,8167,0.825477469402055
138,8,8168,0.8951299204269334
139,8,8169,0.8417121894835009
140,8,8170,0.8064001518346013
141,8,8171,0.799569649422275
142,8,8172,0.911262463756083
143,8,8173,0.834614984691143
144,8,8174,0.7881105297156389
145,8,8175,0.7485792660819633
146,8,8176,0.782291271679458
147,8,8177,0.8457315450622921
148,8,8178,0.8042965285213931
149,8,8179,0.8099858461480055
150,8,8180,0.8275885001889296
151,8,8181,0.7709238591736979
152,8,8182,0.7666675038192243
153,8,8183,0.7342564335669435
154,8,8184,0.8081553501875273
155,8,8185,0.8145859177623476
156,8,8186,0.7424434229199377
157,8,8187,0.7881383292731785
158,8,8188,0.8437264077587143
159,8,8189,0.7963333498863947
160,8,8190,0.8059683806662049
161,8,8191,0.79514524750855
162,8,8192,0.775936393732471
163,8,8193,0.7909583549591758
164,8,8194,0.7319511145885502
165,8,8195,0.8223881158711654
166,8,8196,0.7961302850218045
167,8,8197,0.7297160656058362
168,8,8198,0.8034843944367906
169,8,8199,0.7787363559140691
170,8,8200,0.7811864749528467
171,8,8201,0.8146769352966831
172,8,8202,0.8215628303587433
173,8,8203,0.7981070261892109
174,8,8204,0.8149254308082164
175,8,8205,0.8321364142798952
176,8,8206,0.8139636813707295
177,8,8207,0.7658847469747776
178,8,8208,0.7720784597719709
179,8,8209,0.8301010088817705
180,8,8210,0.7558362385080685
181,8,8211,0.8108853694228899
182,8,8212,0.8372469221108727
183,8,8213,0.854645924332241
184,8,8214,0.7923000487055453
185,8,8215,0.8151747862631011
186,8,8216,0.7590909624206167
187,8,8217,0.787928183518705
188,8,8218,0.8250237708645208
189,8,8219,0.7671586005904136
190,8,8220,0.7490258795164882
191,8,8221,0.8124591117015196
192,8,8222,0.8250126606740413
193,8,8223,0.8214832072013193
194,8,8224,0.8886537484469867
195,8,8225,0.8175742768549493
196,8,8226,0.7557106202113488
197,8,8227,0.7383554953904378
198,8,8228,0.7649261504855185
199,8,8229,0.8194603485809195
200,8,8230,0.8522650003211486
201,8,8231,0.7310964240736905
202,8,8232,0.8192890356960041
203,8,8233,0.7041011487932077
204,8,8234,0.81311536314232
205,8,8235,0.791126973040047
206,8,8236,0.7783455706556284
207,8,8237,0.7610268133382002
208,8,8238,0.818612797074907
209,8,8239,0.7713059573212548
210,8,8240,0.7874051184349116
211,8,8241,0.8178268326002927
212,8,8242,0.8195074987376021
213,8,8243,0.7520900234313947
214,8,8244,0.7767237916233993
215,8,8245,0.8537997861082355
216,8,8246,0.8085290381596202
217,8,8247,0.8363160771273432
218,8,8248,0.8467846129621779
219,8,8249,0.8109529628640129
220,8,8250,0.78020831272893
221,8,8251,0.785428786073767
222,8,8252,0.8328532247271921
223,8,8253,0.8120343355195863
224,8,8254,0.7447843794666588
225,8,8255,0.781378726497115
226,8,8256,0.7877468974551276
227,8,8257,0.7383475778624415
228,8,8258,0.8044203293642829
229,8,8259,0.8111900706287651
230,8,8260,0.753014770779936
231,8,8261,0.7750439376437237
232,8,8262,0.7801667789130338
233,8,8263,0.7606053035484538
234,8,8264,0.7799628421974677
235,8,8265,0.8037458553333723
236,8,8266,0.7953349601566082
237,8,8267,0.8166999114189473
238,8,8268,0.7718700467653219
239,8,8269,0.9084563980411208
240,8,8270,0.8246971138176464
241,8,8271,0.7944978872934978
242,8,8272,0.8051382448701633
243,8,8273,0.7982084307642209
244,8,8274,0.8019397567425455
245,8,8275,0.7804253033051889
246,8,8276,0.8319733898332787
247,8,8277,0.9068900788912462
248,8,8278,0.8108605790794605
249,8,8279,0.8632126321040449
250,8,8280,0.8075204962154939
251,8,8281,0.7970564950789721
252,8,8282,0.7730863172383535
253,8,8283,0.8297807849234058
254,8,8284,0.884641660244337
255,8,8285,0.7989252767126475
256,8,8286,0.8217612749763898
257,8,8287,0.8164737623717104
258,8,8288,0.7929880257163728
259,8,8289,0.7832704432353024
260,8,8290,0.7436211214711269
261,8,8291,0.7719352142885327
262,8,8292,0.7504193548867034
263,8,8293,0.7905127699265168
264,8,8294,0.8279150132577688
265,8,8295,0.8616436062646765
266,8,8296,0.8022775912568682
267,8,8297,0.7865641222424096
268,8,8298,0.8071631711818988
269,8,8299,0.7689712155787718
270,8,8300,0.8259897559349025
271,8,8301,0.7578358022008269
272,8,8302,0.852661315307376
273,8,8303,0.8273430456895203
274,8,8304,0.767820329183624
275,8,8305,0.847417660456683
276,8,8306,0.8140989409626593
277,8,8307,0.8163143636303997
278,8,8308,0.887072641402483
279,8,8309,0.7861888030366528
280,8,8310,0.806692009747383
281,8,8311,0.8007395387671533
282,8,8312,0.8297973670331494
283,8,8313,0.8703460041211831
284,8,8314,0.9079745725861618
285,8,8315,0.7793888209298964
286,8,8316,0.8078514096282776
287,8,8317,0.7451326192711435
288,8,8318,0.743589403019065
289,8,8319,0.8035883452920687
290,8,8320,0.7812772669962474
291,8,8321,0.8356773647745804
292,8,8322,0.8539321010355795
293,8,8323,0.7675936316095647
294,8,8324,0.7956838219293526
295,8,8325,0.8363497514898579
296,8,8326,0.7868194659905774
297,8,8327,0.7544121822076185
298,8,8328,0.7466633342916057
299,8,8329,0.7927935715498667
300,8,8330,0.8781327196352537
301,8,8331,0.8304234135984665
302,8,8332,0.8147393531121668
303,8,8333,0.7865884442858043
304,8,8334,0.8445903144865519
305,8,8335,0.8004447478534921
306,8,8336,0.7673379299009131
307,8,8337,0.7913484251392742
308,8,8338,0.7917497913752283
309,8,8339,0.7717618932282286
310,8,8340,0.8697631000984637
311,8,8341,0.7832553415958371
312,8,8342,0.8299911245703697
313,8,8343,0.8376184639831382
314,8,8344,0.8201791867835535
315,8,8345,0.7715465615813931
316,8,8346,0.8420596527645275
317,8,8347,0.7862971822420757
318,8,8348,0.8329260843318131
319,8,8349,0.7856967117903487
320,8,8350,0.7645573931347046
321,8,8351,0.8098871657802236
322,8,8352,0.8311953410905386
323,8,8353,0.7904524217537116
324,8,8354,0.7906066870671653
325,8,8355,0.7391828462215407
326,8,8356,0.7858694624599247
327,8,8357,0.7604766720240669
328,8,8358,0.7508200981343786
329,8,8359,0.7794814573246098
330,8,8360,0.8099310263060033
331,8,8361,0.8540139932274109
332,8,8362,0.8781119506540045
333,8,8363,0.7575042962007933
334,8,8364,0.7915492056026349
335,8,8365,0.8486530335974836
336,8,8366,0.7959969888796055
337,8,8367,0.7588141411986379
338,8,8368,0.7446900475770235
339,8,8369,0.8129756293215212
340,8,8370,0.8025540431872719
341,8,8371,0.8973883731024606
342,8,8372,0.9052007214299271
343,8,8373,0.8830372764329825
344,8,8374,0.8288870075983659
345,8,8375,0.8384974426368162
346,8,8376,0.802595813869543
347,8,8377,0.7948959248495243
348,8,8378,0.7980495998192402
349,8,8379,0.8846375207372367
350,8,8380,0.7930052108353093
351,8,8381,0.7541660300145547
352,8,8382,0.8205176088737235
353,8,8383,0.8347321591739144
354,8,8384,0.8382539238470297
355,8,8385,0.7936904767882966
356,8,8386,0.8215850557511053
357,8,8387,0.7917776539744367
358,8,8388,0.7431039163133218
359,8,8389,0.7331643791292749
360,8,8390,0.8799953671349655
361,8,8391,0.8233970991956691
362,8,8392,0.7805140473037248
363,8,8393,0.8751826279220126
364,8,8394,0.8320024025493438
365,8,8395,0.7563922512788503
366,8,8396,0.7282452736759468
367,8,8397,0.7535434933822781
368,8,8398,0.812621550102319
369,8,8399,0.8500988537534362
370,8,8400,0.8818077923109134
371,8,8401,0.8328650170227602
372,8,8402,0.7604772121246373
373,8,8403,0.756165019879561
374,8,8404,0.809318085422828
375,8,8405,0.8481614092985788
376,8,8406,0.7979520461965532
377,8,8407,0.7293544268191217
378,8,8408,0.7653567882343417
379,8,8409,0.7929645865446047
380,8,8410,0.8247027410238627
381,8,8411,0.9022556934283958
382,8,8412,0.7515820234659174
383,8,8413,0.8264225583434814
384,8,8414,0.7434132633996862
385,8,8415,0.8093636231053444
386,8,8416,0.7803581970788183
387,8,8417,0.7946666392852507
388,8,8418,0.7756787983567587
389,8,8419,0.8040724739077544
390,8,8420,0.7568183273431801
391,8,8421,0.7754971191198342
392,8,8422,0.8411021755697826
393,8,8423,0.7911224716476034
394,8,8424,0.8397307892640432
395,8,8425,0.7820899233088962
396,8,8426,0.8167871783177056
397,8,8427,0.7970121215718488
398,8,8428,0.8231909380161339
399,8,8429,0.8446911995166115
400,8,8430,0.7764481473935855
401,8,8431,0.7938765576552775
402,8,8432,0.8238187907263637
403,8,8433,0.79521911910602
404,8,8434,0.7163473848430882
405,8,8435,0.7969356636915887
406,8,8436,0.8208972818794705
407,8,8437,0.7966225495384562
408,8,8438,0.8568119371221181
409,8,8439,0.7590204237827229
410,8,8440,0.8779948163289756
411,8,8441,0.754544758592688
412,8,8442,0.8619087950903036
413,8,8443,0.8439991698112516
414,8,8444,0.7358225635918124
415,8,8445,0.8006402025487095
416,8,8446,0.7593197077290998
417,8,8447,0.783303904480168
418,8,8448,0.7750533126915498
419,8,8449,0.8003189627613337
420,8,8450,0.7984981267225175
421,8,8451,0.8205518000537442
422,8,8452,0.8214289659545534
423,8,8453,0.7881856576672622
424,8,8454,0.7958383309610542
425,8,8455,0.7903678038467964
426,8,8456,0.7496906036422367
427,8,8457,0.8130418944305606
428,8,8458,0.8636846313740881
429,8,8459,0.8514983744715297
430,8,8460,0.8125157353157799
431,8,8461,0.7773377565844429
432,8,8462,0.7849308473191091
433,8,8463,0.8218763644718344
434,8,8464,0.8470012353999273
435,8,8465,0.7821516734769657
436,8,8466,0.8166185256670274
437,8,8467,0.8302913442963646
438,8,8468,0.863286807600941
439,8,8469,0.811885597805182
440,8,8470,0.7880557585019796
441,8,8471,0.7909658153630085
442,8,8472,0.8166952502159844
443,8,8473,0.8231559800471934
444,8,8474,0.797110890260055
445,8,8475,0.7985954550760133
446,8,8476,0.809815466137869
447,8,8477,0.8424078291060313
448,8,8478,0.8142925815523735
449,8,8479,0.7894683123477513
450,8,8480,0.8070769280062191
451,8,8481,0.8802744522690773
452,8,8482,0.8758029333493184
453,8,8483,0.8631876122561241
454,8,8484,0.7899112991456475
455,8,8485,0.7983782228880694
456,8,8486,0.7381534012300626
457,8,8487,0.7867964134507236
458,8,8488,0.7971918122576817
459,8,8489,0.8219052004583534
460,8,8490,0.828362326049024
461,8,8491,0.8372013510116154
462,8,8492,0.785500953949633
463,8,8493,0.7467217834533326
464,8,8494,0.8028973070904613
465,8,8495,0.809305804027688
466,8,8496,0.8092300110008748
467,8,8497,0.7679431903663846
468,8,8498,0.8048748054009464
469,8,8499,0.7880395330000844
470,8,8500,0.7632433145661791
471,8,8501,0.7623631431987244
472,8,8502,0.7801103140670983
473,8,8503,0.7868604637859834
474,8,8504,0.7655718061585158
475,8,8505,0.8083682936571895
476,8,8506,0.7921040484326937
477,8,8507,0.7712414764932224
478,8,8508,0.914351483319132
479,8,8509,0.8229014440661385
480,8,8510,0.853313069036674
481,8,8511,0.786287996917963
482,8,8512,0.9008475189718108
483,8,8513,0.7905034619782652
484,8,8514,0.7931795574369884
485,8,8515,0.7743584576417648
486,8,8516,0.8134577266339745
487,8,8517,0.7576237669924186
488,8,8518,0.8803190014192035
489,8,8519,0.8091789647227243
490,8,8520,0.7818928795334482
491,8,8521,0.779026121788082
492,8,8522,0.798950706963383
493,8,8523,0.8217229211170758
494,8,8524,0.8100833298328023
495,8,8525,0.761047096878645
496,8,8526,0.9095250554604544
497,8,8527,0.7833999516220673
498,8,8528,0.7884142815711952
499,8,8529,0.8126993189964977
500,8,8530,0.7961180273753902
501,8,8531,0.7676485384415304
502,8,8532,0.7579158674038593
503,8,8533,0.8115871020903188
504,8,8534,0.7814628777670718
505,8,8535,0.7727388194096939
506,8,8536,0.7680222440865776
507,8,8537,0.8690833583518509
508,8,8538,0.7473107330900219
509,8,8539,0.8039232297977876
510,8,8540,0.7718285786963643
511,8,8541,0.7535443223480669
512,8,8542,0.7280640696574535
513,8,8543,0.7947093295155182
514,8,8544,0.8203827152028678
515,8,8545,0.7285254350198166
516,8,8546,0.8163403488163438
517,8,8547,0.7437984440032215
518,8,8548,0.7497668589154879
519,8,8549,0.8377710865987907
520,8,8550,0.8065759493481544
521,8,8551,0.7910468949758936
522,8,8552,0.8109070304781201
523,8,8553,0.7282779070859153
524,8,8554,0.7994258212856947
525,8,8555,0.8336485178387236
526,8,8556,0.8174905239471367
527,8,8557,0.8609722703695298
528,8,8558,0.7743107242332327
529,8,8559,0.7422413187367575
530,8,8560,0.8209421939793088
531,8,8561,0.842654258367561
532,8,8562,0.8009688929610308
533,8,8563,0.8349405974149703
534,8,8564,0.7653804758918429
535,8,8565,0.8143230957378235
536,8,8566,0.7865772678383759
537,8,8567,0.7889369467406402
538,8,8568,0.8015170672110148
539,8,8569,0.7780246468970464
540,8,8570,0.777756006678655
541,8,8571,0.8135285553123267
542,8,8572,0.7977706079060832
543,8,8573,0.7824525460600854
544,8,8574,0.8104157093247133
545,8,8575,0.7872862473041528
546,8,8576,0.7850721853208684
547,8,8577,0.7882218607479619
548,8,8578,0.8164965521012035
549,8,8579,0.8199132694197553
550,8,8580,0.7882531401701269
551,8,8581,0.7709673834255052
552,8,8582,0.8154895393887445
553,8,8583,0.7545337928015559
554,8,8584,0.755960596947088
555,8,8585,0.8499540227154888
556,8,8586,0.8209286678937219
557,8,8587,0.7816420758941344
558,8,8588,0.780193396799621
559,8,8589,0.8057223748681801
560,8,8590,0.7894466053694487
561,8,8591,0.8112737305595406
562,8,8592,0.7908055820901477
563,8,8593,0.7658092654531911
564,8,8594,0.8461680991708168
565,8,8595,0.8318532828152889
566,8,8596,0.8563767529225774
567,8,8597,0.823655160942248
568,8,8598,0.8328872723504901
569,8,8599,0.8177564743728866
570,8,8600,0.7460225604563241
571,8,8601,0.7824357213186366
572,8,8602,0.8110227380169645
573,8,8603,0.8078605487410513
574,8,8604,0.765915093189549
575,8,8605,0.8122545647700983
576,8,8606,0.79159111689244
577,8,8607,0.8033664153800123
578,8,8608,0.8543782405821341
579,8,8609,0.7703419401576476
580,8,8610,0.8069100655349237
581,8,8611,0.8784721236055097
582,8,8612,0.7817391953652815
583,8,8613,0.8335914832672904
584,8,8614,0.8105793105704445
585,8,8615,0.8940124191521179
586,8,8616,0.7717215967408959
587,8,8617,0.8236269842655887
588,8,8618,0.7502698064116495
589,8,8619,0.7521788700528088
590,8,8620,0.7659787267801308
591,8,8621,0.7605604111172614
592,8,8622,0.8816523118210693
593,8,8623,0.8562646498238402
594,8,8624,0.7907984256522642
595,8,8625,0.9103313910198354
596,8,8626,0.8223083597341818
597,8,8627,0.7684690671573792
598,8,8628,0.8184484091498668
599,8,8629,0.7413005904250203
600,8,8630,0.8605036636193594
601,8,8631,0.7734830076584502
602,8,8632,0.825361282254259
603,8,8633,0.7712738097734041
604,8,8634,0.7202767997625328
605,8,8635,0.861317080733854
606,8,8636,0.8842742639771173
607,8,8637,0.8144551773245133
608,8,8638,0.803721036806348
609,8,8639,0.8809472603634709
610,8,8640,0.7784175123088063
611,8,8641,0.8113340318557762
612,8,8642,0.7738434399611184
613,8,8643,0.7723297708712165
614,8,8644,0.8320381017623557
615,8,8645,0.7787774870881723
616,8,8646,0.7988811172323216
617,8,8647,0.804122933718775
618,8,8648,0.8436052456852935
619,8,8649,0.7715458508935713
620,8,8650,0.8287099863269499
621,8,8651,0.7551671958617158
622,8,8652,0.7985375220222131
623,8,8653,0.7500587677849191
624,8,8654,0.8367469702802952
625,8,8655,0.8230040419314588
626,8,8656,0.8454338792001918
627,8,8657,0.7994978570468013
628,8,8658,0.8288406305281178
629,8,8659,0.7818205174768255
630,8,8660,0.8828865264409353
631,8,8661,0.8348794511874162
632,8,8662,0.8315206142142413
633,8,8663,0.7943650947528934
634,8,8664,0.811675416749148
635,8,8665,0.7838378323330764
636,8,8666,0.8014271251768585
637,8,8667,0.7350424597527654
638,8,8668,0.7188461667725018
639,8,8669,0.7873658505711882
640,8,8670,0.7782503930142237
641,8,8671,0.8179943912795613
642,8,8672,0.7877385209624966
643,8,8673,0.8046800362034923
644,8,8674,0.857060457424571
645,8,8675,0.7512419034416478
646,8,8676,0.7815605045872787
647,8,8677,0.7763558351213024
648,8,8678,0.8098604090600496
649,8,8679,0.8132863927277779
650,8,8680,0.8159984628714265
651,8,8681,0.8920463032665705
652,8,8682,0.8053943139633962
653,8,8683,0.8085917519139393
654,8,8684,0.815182732706446
655,8,8685,0.7729374570772051
656,8,8686,0.7969618840143087
657,8,8687,0.8294307500390069
658,8,8688,0.7477696461248253
659,8,8689,0.7686049448592324
660,8,8690,0.7766976253173891
661,8,8691,0.8273826656597002
662,8,8692,0.8056459339291212
663,8,8693,0.7994121386492183
664,8,8694,0.7916718052167976
665,8,8695,0.7867264967145665
666,8,8696,0.8215444981164874
667,8,8697,0.9459480733743734
668,8,8698,0.7689700950203198
669,8,8699,0.8246129944565751
670,8,8700,0.7660114425234494
671,8,8701,0.8284952809501973
672,8,8702,0.8210326205894707
673,8,8703,0.7871234622296122
674,8,8704,0.7946772497324717
675,8,8705,0.7906841695574777
676,8,8706,0.8015503174669686
677,8,8707,0.8562960559058759
678,8,8708,0.8368902727074566
679,8,8709,0.7726867842443642
680,8,8710,0.7809716856905393
681,8,8711,0.8139435868000701
682,8,8712,0.7950231588578652
683,8,8713,0.7793165610083158
684,8,8714,0.7797629123642333
685,8,8715,0.818553020379373
686,8,8716,0.8067693403434185
687,8,8717,0.7821438714773172
688,8,8718,0.8230451722185881
689,8,8719,0.8543342672997996
690,8,8720,0.7780749013514391
691,8,8721,0.7937850324170931
692,8,8722,0.7535642215183803
693,8,8723,0.7789799866399594
694,8,8724,0.755714008296352
695,8,8725,0.8219355772958981
696,8,8726,0.7434569729846857
697,8,8727,0.8391232948218074
698,8,8728,0.7958176115172961
699,8,8729,0.7723777126077386
700,8,8730,0.8572461366476046
701,8,8731,0.8389144247131687
702,8,8732,0.7256321069740114
703,8,8733,0.8027678050455593
704,8,8734,0.7937482871292603
705,8,8735,0.8521398073062298
706,8,8736,0.7632284668229874
707,8,8737,0.7844596665263887
708,8,8738,0.7641855519531028
709,8,8739,0.8057645832498868
710,8,8740,0.7624859098078948
711,8,8741,0.8153490032557222
712,8,8742,0.840058453026272
713,8,8743,0.8208420911715145
714,8,8744,0.8069144119508564
715,8,8745,0.7632256189272518
716,8,8746,0.8375273354883707
717,8,8747,0.7535617720513116
718,8,8748,0.7282928325945424
719,8,8749,0.7540363428582039
720,8,8750,0.8292431552850064
721,8,8751,0.7839683782797129
722,8,8752,0.8021184785202857
723,8,8753,0.8370446831520116
724,8,8754,0.872536978640017
725,8,8755,0.8007780758309222
726,8,8756,0.798647799906099
727,8,8757,0.8173300894420771
728,8,8758,0.8100749516327467
729,8,8759,0.8533352158431498
730,8,8760,0.7303993469769402
731,8,8761,0.7587231863290073
732,8,8762,0.7719327341765165
733,8,8763,0.7083269506027657
734,8,8764,0.7405875527432987
735,8,8765,0.7919914609796944
736,8,8766,0.7659103847330525
737,8,8767,0.7878547228340592
738,8,8768,0.7573332554172901
739,8,8769,0.8418705364955322
740,8,8770,0.742889805076023
741,8,8771,0.8497094683171739
742,8,8772,0.778554647318309
743,8,8773,0.8784365808768644
744,8,8774,0.8742738416019296
745,8,8775,0.8471628241019235
746,8,8776,0.7733295931303427
747,8,8777,0.7358749825063914
748,8,8778,0.7078413967752742
749,8,8779,0.7533658549100872
750,8,8780,0.827932739297726
751,8,8781,0.7703024776918549
752,8,8782,0.7367008218009558
753,8,8783,0.8019314030894921
754,8,8784,0.7962898403361796
755,8,8785,0.7726547366141209
756,8,8786,0.8601257815247493
757,8,8787,0.7604641303464416
758,8,8788,0.8414845427365176
759,8,8789,0.8322161618132322
760,8,8790,0.7857502154961583
761,8,8791,0.7675562866386914
762,8,8792,0.8148987189023978
763,8,8793,0.773990864111554
764,8,8794,0.872443918670927
765,8,8795,0.7922933172611963
766,8,8796,0.7552846156149392
767,8,8797,0.8403194490820168
768,8,8798,0.806760011950419
769,8,8799,0.782224453542204
770,8,8800,0.8015408866063114
771,8,8801,0.8724197041952895
772,8,8802,0.876100134281885
773,8,8803,0.7911112374138265
774,8,8804,0.7892662424239375
775,8,8805,0.7641773554052981
776,8,8806,0.7498793213495186
777,8,8807,0.7989582678835306
778,8,8808,0.7812216025998905
779,8,8809,0.7817764529914021
780,8,8810,0.8324780010928708
781,8,8811,0.8129423191948306
782,8,8812,0.8505752548309309
783,8,8813,0.8493377911813914
784,8,8814,0.7278257941028901
785,8,8815,0.8423461081194025
786,8,8816,0.7312749153712678
787,8,8817,0.7694624396307127
788,8,8818,0.7742589454255289
789,8,8819,0.7647145265447242
790,8,8820,0.8006534769776322
791,8,8821,0.7569643052383549
792,8,8822,0.7420784789359286
793,8,8823,0.8251561084096989
794,8,8824,0.7986121813190125
795,8,8825,0.7612719488374534
796,8,8826,0.7415900149249607
797,8,8827,0.8352529445130911
798,8,8828,0.7817407223573396
799,8,8829,0.8171056001668883
800,8,8830,0.9298971972561311
801,8,8831,0.8213833373572146
802,8,8832,0.7881529053584451
803,8,8833,0.8292774407281763
804,8,8834,0.8315255476294883
805,8,8835,0.803019981498697
806,8,8836,0.8085649555903812
807,8,8837,0.8616241416228669
808,8,8838,0.8301890316818441
809,8,8839,0.8195989825984551
810,8,8840,0.7914939577735606
811,8,8841,0.8359372074538397
812,8,8842,0.7542543767596638
813,8,8843,0.8309555556181643
814,8,8844,0.7346993198485244
815,8,8845,0.8536957305900397
816,8,8846,0.7594711309564963
817,8,8847,0.7670085678497952
818,8,8848,0.8127202502939672
819,8,8849,0.8174028893311817
820,8,8850,0.7841388909589677
821,8,8851,0.7792432022147943
822,8,8852,0.7826716783456503
823,8,8853,0.829446097348063
824,8,8854,0.82051032016586
825,8,8855,0.792717007654054
826,8,8856,0.8004978370985815
827,8,8857,0.8199467328598811
828,8,8858,0.784794700642427
829,8,8859,0.7643607731553769
830,8,8860,0.8089768400060988
831,8,8861,0.7864366003888703
832,8,8862,0.7271807099515127
833,8,8863,0.8151443628594279
834,8,8864,0.772599749577542
835,8,8865,0.7730018519574685
836,8,8866,0.8423211869029773
837,8,8867,0.7901215121992643
838,8,8868,0.8210766134517534
839,8,8869,0.7810072995101413
840,8,8870,0.772924822045579
841,8,8871,0.8803689049202063
842,8,8872,0.8012518441925448
843,8,8873,0.843628746523921
844,8,8874,0.9072602781954974
845,8,8875,0.8219964436610184
846,8,8876,0.7889445086142846
847,8,8877,0.7507032206548112
848,8,8878,0.8181134017095679
849,8,8879,0.7626333766217743
850,8,8880,0.7871672212634058
851,8,8881,0.7831854155686285
852,8,8882,0.8181427039117332
853,8,8883,0.8176457309829337
854,8,8884,0.8117736876676126
855,8,8885,0.8304643698391461
856,8,8886,0.7651757568874885
857,8,8887,0.8601884563852633
858,8,8888,0.791678062152295
859,8,8889,0.7691791602410375
860,8,8890,0.8397403061389921
861,8,8891,0.8163990770865764
862,8,8892,0.7621609737120923
863,8,8893,0.8371826917642641
864,8,8894,0.7279970916653319
865,8,8895,0.7213612377998375
866,8,8896,0.7962778739054643
867,8,8897,0.82386778095471
868,8,8898,0.757094596734359
869,8,8899,0.7976806674684798
870,8,8900,0.7884405496574584
871,8,8901,0.722745510439078
872,8,8902,0.7567624476560879
873,8,8903,0.8532633584524904
874,8,8904,0.7664472718412678
875,8,8905,0.7924561204743527
876,8,8906,0.8182942803860422
877,8,8907,0.729887766763568
878,8,8908,0.7840435902942859
879,8,8909,0.8533396220632962
880,8,8910,0.8573053848175775
881,8,8911,0.8176630070832156
882,8,8912,0.7978627986851192
883,8,8913,0.7742258836736993
884,8,8914,0.8897331598702641
885,8,8915,0.7727559126824851
886,8,8916,0.7840067612982929
887,8,8917,0.8317554302158809
888,8,8918,0.7570243779614213
889,8,8919,0.7621687696803184
890,8,8920,0.8465220315071444
891,8,8921,0.8462953358179045
892,8,8922,0.7949017406042134
893,8,8923,0.7436543624138549
894,8,8924,0.7737796065353212
895,8,8925,0.7442920472295511
896,8,8926,0.7912712242631685
897,8,8927,0.8188506141526712
898,8,8928,0.8266009638041613
899,8,8929,0.7692286552462196
900,8,8930,0.8098031876697428
901,8,8931,0.8256803935482389
902,8,8932,0.8304981862505278
903,8,8933,0.839030622726395
904,8,8934,0.7937312105981011
905,8,8935,0.7817094447091223
906,8,8936,0.7767757473602181
907,8,8937,0.7711610633303367
908,8,8938,0.8269971267187168
909,8,8939,0.8087893202235658
910,8,8940,0.7525150830901803
911,8,8941,0.7801982256628217
912,8,8942,0.7465345812296229
913,8,8943,0.7963899415695952
914,8,8944,0.7905475665327338
915,8,8945,0.8037854430842258
916,8,8946,0.7709702765125604
917,8,8947,0.8502043347717041
918,8,8948,0.7111601816667686
919,8,8949,0.8183998519199944
920,8,8950,0.7856622174648302
921,8,8951,0.7801538454812196
922,8,8952,0.8414192300378566
923,8,8953,0.7909960515264952
924,8,8954,0.8171951382287912
925,8,8955,0.8453781618958429
926,8,8956,0.7762672121725267
927,8,8957,0.7231361504998945
928,8,8958,0.7955381685779208
929,8,8959,0.7552749342063353
930,8,8960,0.8150025729888254
931,8,8961,0.838728187760959
932,8,8962,0.8041525121246065
933,8,8963,0.7817065104886537
934,8,8964,0.7768642467091835
935,8,8965,0.8176880432736306
936,8,8966,0.8207372962718917
937,8,8967,0.7797262030875398
938,8,8968,0.8886847244132134
939,8,8969,0.7846952283843642
940,8,8970,0.7796216356080202
941,8,8971,0.7876452057001491
942,8,8972,0.8427137497014234
943,8,8973,0.8515596339212997
944,8,8974,0.8147889559733728
945,8,8975,0.8111301499108474
946,8,8976,0.8087790261155792
947,8,8977,0.7891606554788138
948,8,8978,0.819306799210608
949,8,8979,0.7972798275850006
950,8,8980,0.772384621868176
951,8,8981,0.7400995927108897
952,8,8982,0.7780370297176498
953,8,8983,0.8207651927091536
954,8,8984,0.8220707745779129
955,8,8985,0.8214527404467974
956,8,8986,0.821027636528015
957,8,8987,0.8542746640741825
958,8,8988,0.840906937872725
959,8,8989,0.7641210903945778
960,8,8990,0.8580265356493848
961,8,8991,0.888259005333696
962,8,8992,0.7810777711593325
963,8,8993,0.7513321505061218
964,8,8994,0.7593870025482916
965,8,8995,0.804986265111005
966,8,8996,0.8473014195804442
967,8,8997,0.7471688745011178
968,8,8998,0.8041818589415578
969,8,8999,0.7952232568391734
970,8,9000,0.8496447415756329
971,8,9001,0.811247426151697
972,8,9002,0.8008797021937512
973,8,9003,0.7988677108216852
974,8,9004,0.7542930986909638
975,8,9005,0.7445141675305509
976,8,9006,0.862461649236225
977,8,9007,0.7795081217108027
978,8,9008,0.7350083975830959
979,8,9009,0.840169759201152
980,8,9010,0.834307725363899
981,8,9011,0.7533566563257148
982,8,9012,0.830396012358722
983,8,9013,0.7686254210060551
984,8,9014,0.7626717209461188
985,8,9015,0.794070683774494
986,8,9016,0.7996383281202897
987,8,9017,0.8148682169793617
988,8,9018,0.7416966148829531
989,8,9019,0.8298626297064835
990,8,9020,0.8203287229740193
991,8,9021,0.7535857670009136
992,8,9022,0.7965951148154482
993,8,9023,0.80900675681464
994,8,9024,0.8107998570915135
995,8,9025,0.7795051355801877
996,8,9026,0.8190542196943646
997,8,9027,0.8310929095993441
998,8,9028,0.7831532706816992
999,8,9029,0.7955077454181653
1000,8,9030,0.8609220329006867
1001,8,9031,0.8219807890376877
1002,8,9032,0.8615550501715569
1003,8,9033,0.8328507405572704
1004,8,9034,0.7832676921305911
1005,8,9035,0.7853158363806348
1006,8,9036,0.8364863771767843
1007,8,9037,0.8139403121812003
1008,8,9038,0.8218022678490905
1009,8,9039,0.7816900639750417
1010,8,9040,0.786766310222447
1011,8,9041,0.8454954734382528
1012,8,9042,0.7521536836755417
1013,8,9043,0.8597427392378449
1014,8,9044,0.7975571409666112
1015,8,9045,0.778644961704101
1016,8,9046,0.8204120953256887
1017,8,9047,0.8524056201179823
1018,8,9048,0.8255239357462241
1019,8,9049,0.8240260354110172
1020,8,9050,0.8820291735852759
1021,8,9051,0.8012456378810818
1022,8,9052,0.8942105708022913
1023,8,9053,0.7842468426429801
1024,8,9054,0.7349925218593507
1025,8,9055,0.7374322752778728
1026,8,9056,0.8006571669885445
1027,8,9057,0.7914717689688715
1028,8,9058,0.8051859522903606
1029,8,9059,0.7826245302955309
1030,8,9060,0.8114745559703026
1031,8,9061,0.7617187088887607
1032,8,9062,0.8171728565579369
1033,8,9063,0.7713031443501155
1034,8,9064,0.8162368131978881
1035,8,9065,0.8113078097591088
1036,8,9066,0.8309834890644109
1037,8,9067,0.8164105997642589
1038,8,9068,0.7675508956114451
1039,8,9069,0.829824821003491
1040,8,9070,0.8683711875762258
1041,8,9071,0.7440892291654433
1042,8,9072,0.8254765874617512
1043,8,9073,0.7471403651649043
1044,8,9074,0.8380208192614926
1045,8,9075,0.7841068102445985
1046,8,9076,0.860361378994726
1047,8,9077,0.8545684295129916
1048,8,9078,0.7641146822522084
1049,8,9079,0.7249298974250754
1050,8,9080,0.7959338315718232
1051,8,9081,0.7813559847750836
1052,8,9082,0.7868331056975183
1053,8,9083,0.8248655761459044
1054,8,9084,0.8280429608587709
1055,8,9085,0.7146448068586843
1056,8,9086,0.8396426676994279
1057,8,9087,0.8233603343722365
1058,8,9088,0.7548601681455261
1059,8,9089,0.7701303014043896
1060,8,9090,0.8408716545839396
1061,8,9091,0.756198842699329
1062,8,9092,0.7853055117163983
1063,8,9093,0.8022721910494425
1064,8,9094,0.7911447717231653
1065,8,9095,0.7982335591112217
1066,8,9096,0.7556716098804916
1067,8,9097,0.7164622737715641
1068,8,9098,0.8278641277214603
1069,8,9099,0.8603548372075672
1070,8,9100,0.8167337096030157
1071,8,9101,0.7755744968141831
1072,8,9102,0.7933939451883947
1073,8,9103,0.7220274593814144
1074,8,9104,0.8096629851719453
1075,8,9105,0.8358059213275002
1076,8,9106,0.7639981259902319
1077,8,9107,0.8187466175960643
1078,8,9108,0.8084507335775666
1079,8,9109,0.8321491228638305
1080,8,9110,0.8119828422952976
1081,8,9111,0.8949573008077485
1082,8,9112,0.8299767161896896
1083,8,9113,0.7832655751678561
1084,8,9114,0.8511328335319245
1085,8,9115,0.7765597052251297
1086,8,9116,0.8001126743232211
1087,8,9117,0.7871871088143616
1088,8,9118,0.7829636139795185
1089,8,9119,0.7999294313513452
1090,8,9120,0.80258304153436
1091,8,9121,0.781538192670615
1092,8,9122,0.8749965936876831
1093,8,9123,0.81717674842193
1094,8,9124,0.7912314057217111
1095,8,9125,0.79839938694966
1096,8,9126,0.8779432681344803
1097,8,9127,0.814105417867679
1098,8,9128,0.812131942981588
1099,8,9129,0.7696888297352762
1100,8,9130,0.747298800164745
1101,8,9131,0.7442446052141131
1102,8,9132,0.7932952526912448
1103,8,9133,0.7801711656862781
1104,8,9134,0.8146362013760066
1105,8,9135,0.8159601984190797
1106,8,9136,0.8236991109858668
1107,8,9137,0.824934446031139
1108,8,9138,0.8263797820989219
1109,8,9139,0.8385963570991798
1110,8,9140,0.7705470043278876
1111,8,9141,0.7450909476860292
1112,8,9142,0.848418794084518
1113,8,9143,0.8458744698824981
1114,8,9144,0.7562814040242563
1115,8,9145,0.7715545530830111
1116,8,9146,0.7787970170556079
1117,8,9147,0.7379356743546115
1118,8,9148,0.7581448774962197
1119,8,9149,0.7725388694643265
1120,8,9150,0.7751669247324268
1121,8,9151,0.7834967878824545
1122,8,9152,0.8277955516463235
1123,8,9153,0.787116033291178
1124,8,9154,0.736290894892244
1125,8,9155,0.8092829431407154
1126,8,9156,0.7881778748262498
1127,8,9157,0.8325884350176368
1128,8,9158,0.7699353403766596
1129,8,9159,0.8056997672787732
1130,8,9160,0.8061955347213716
1131,8,9161,0.7499530366843655
1132,8,9162,0.7627925680329404
1133,8,9163,0.8280987626252075
1134,8,9164,0.7740882016895783
1135,8,9165,0.8451806132992107
1136,8,9166,0.7565212627163244
1137,8,9167,0.7418755386689944
1138,8,9168,0.8026797633529419
1139,8,9169,0.7708280125987672
1140,8,9170,0.8476321532479707
1141,8,9171,0.8777005352257263
1142,8,9172,0.7744043656137019
1143,8,9173,0.7797775028628253
1144,8,9174,0.797888670116663
1145,8,9175,0.740896007134801
1146,8,9176,0.8044470401835584
0,9,9177,0.8271114602019746
1,9,9178,0.8305026503900687
2,9,9179,0.8182096878687539
3,9,9180,0.7690420201979578
4,9,9181,0.7896098752639122
5,9,9182,0.779389554612516
6,9,9183,0.8583019431236956
7,9,9184,0.799648871822726
8,9,9185,0.7913515218311832
9,9,9186,0.8269040151277469
10,9,9187,0.7981461889687039
11,9,9188,0.7622293240302022
12,9,9189,0.7933922730430603
13,9,9190,0.8610472977161409
14,9,9191,0.7284563569174635
15,9,9192,0.7415234594650212
16,9,9193,0.7763860695330159
17,9,9194,0.717149810776824
18,9,9195,0.8097550970546546
19,9,9196,0.7970801695870856
20,9,9197,0.799121462163471
21,9,9198,0.8358970827289987
22,9,9199,0.8064766038386596
23,9,9200,0.7741904628152649
24,9,9201,0.8294585878029466
25,9,9202,0.7709676036167711
26,9,9203,0.7627827280777548
27,9,9204,0.8231389841863088
28,9,9205,0.7755671517391288
29,9,9206,0.7883113146582176
30,9,9207,0.8137608247676066
31,9,9208,0.8504017220721357
32,9,9209,0.7866211577895142
33,9,9210,0.859430467399458
34,9,9211,0.7859256664468417
35,9,9212,0.8574599892433199
36,9,9213,0.8245878905013557
37,9,9214,0.8058921430437339
38,9,9215,0.7558657757804861
39,9,9216,0.7670363237903941
40,9,9217,0.7477146800430047
41,9,9218,0.7368197622043747
42,9,9219,0.8084827225566618
43,9,9220,0.7324680060236937
44,9,9221,0.8008554948139048
45,9,9222,0.7946782296612149
46,9,9223,0.8194836362132006
47,9,9224,0.7711227144159021
48,9,9225,0.770823912672876
49,9,9226,0.9108506639576739
50,9,9227,0.7864815619375024
51,9,9228,0.7759839140677028
52,9,9229,0.8020134593493172
53,9,9230,0.8213270687985986
54,9,9231,0.7379355343679587
55,9,9232,0.7610708446286264
56,9,9233,0.8553183108036008
57,9,9234,0.8042952706815586
58,9,9235,0.8377912741464872
59,9,9236,0.7283724528249532
60,9,9237,0.8357527710807819
61,9,9238,0.7982085865611831
62,9,9239,0.7827448843135719
63,9,9240,0.7933799587633638
64,9,9241,0.8270602239561933
65,9,9242,0.8220347366517498
66,9,9243,0.8344738256363641
67,9,9244,0.8253022977150978
68,9,9245,0.6999266377561504
69,9,9246,0.83096733168211
70,9,9247,0.818715564950946
71,9,9248,0.8012414533157081
72,9,9249,0.8173076790269643
73,9,9250,0.8681340612071965
74,9,9251,0.8381518527111481
75,9,9252,0.7768479453931961
76,9,9253,0.7714564950161036
77,9,9254,0.8297206150101764
78,9,9255,0.7235503661047136
79,9,9256,0.7271171287145644
80,9,9257,0.7640183479746891
81,9,9258,0.8431401712199051
82,9,9259,0.8431469085404562
83,9,9260,0.8161354328150905
84,9,9261,0.7678555811844056
85,9,9262,0.7416951494690565
86,9,9263,0.8497306516260973
87,9,9264,0.8359512523526238
88,9,9265,0.7933027377307773
89,9,9266,0.7921906333594095
90,9,9267,0.7913716605509675
91,9,9268,0.7759387280259812
92,9,9269,0.7909531645875959
93,9,9270,0.7359743302333213
94,9,9271,0.784570603387519
95,9,9272,0.8161159526290639
96,9,9273,0.7757501376437999
97,9,9274,0.8169144357865056
98,9,9275,0.8629478986064593
99,9,9276,0.7563190534267396
100,9,9277,0.7760899821296333
101,9,9278,0.7450588540218416
102,9,9279,0.819297772078287
103,9,9280,0.8478796396936689
104,9,9281,0.793208939599849
105,9,9282,0.8017240315675735
106,9,9283,0.7939523396392663
107,9,9284,0.833786068972023
108,9,9285,0.8238247231181179
109,9,9286,0.8087534026375838
110,9,9287,0.8119655241524533
111,9,9288,0.8869439087630736
112,9,9289,0.7606167001206252
113,9,9290,0.8225574790544452
114,9,9291,0.7963405181432055
115,9,9292,0.8318549268657254
116,9,9293,0.8463139119336294
117,9,9294,0.7405979669253738
118,9,9295,0.847566686925434
119,9,9296,0.7921357045304918
120,9,9297,0.8021701484297712
121,9,9298,0.7939592606521076
122,9,9299,0.8957420410144897
123,9,9300,0.8398542838348517
124,9,9301,0.7778124313224993
125,9,9302,0.8266114209379469
126,9,9303,0.786699899583168
127,9,9304,0.7615728650596879
128,9,9305,0.7521668848182472
129,9,9306,0.7837453102692964
130,9,9307,0.7651650968362536
131,9,9308,0.7985496606145587
132,9,9309,0.7657416306347364
133,9,9310,0.7937165683224088
134,9,9311,0.7990484050075921
135,9,9312,0.7463692907421361
136,9,9313,0.7924688387484776
137,9,9314,0.8720602180720084
138,9,9315,0.803216516705496
139,9,9316,0.7565523566500771
140,9,9317,0.8590599339056227
141,9,9318,0.822461018560543
142,9,9319,0.8154429771405246
143,9,9320,0.7870474371704317
144,9,9321,0.8082641988238763
145,9,9322,0.794784045201682
146,9,9323,0.7990278008482641
147,9,9324,0.7998542879885506
148,9,9325,0.7707256373195421
149,9,9326,0.7912161560241312
150,9,9327,0.8012779062347754
151,9,9328,0.7616894242043297
152,9,9329,0.7598187107415426
153,9,9330,0.7537629062842042
154,9,9331,0.8514160506782077
155,9,9332,0.8128881042911894
156,9,9333,0.804592333822733
157,9,9334,0.787056859227873
158,9,9335,0.7562412018665954
159,9,9336,0.8489782295766329
160,9,9337,0.8125615361634465
161,9,9338,0.8179135263587038
162,9,9339,0.8025218574108467
163,9,9340,0.7840830509417821
164,9,9341,0.8012730723158235
165,9,9342,0.8020666535677654
166,9,9343,0.8407462638625433
167,9,9344,0.742145735770464
168,9,9345,0.7893434291084609
169,9,9346,0.7902278512538901
170,9,9347,0.8191596219937008
171,9,9348,0.7949943911018116
172,9,9349,0.7731845137618836
173,9,9350,0.7784035576152659
174,9,9351,0.8001666812758361
175,9,9352,0.7518254994592142
176,9,9353,0.7621283175512437
177,9,9354,0.7786853491727797
178,9,9355,0.8775512486740592
179,9,9356,0.750250572383049
180,9,9357,0.8208229917855491
181,9,9358,0.851524508380819
182,9,9359,0.7667224502989223
183,9,9360,0.8666601963341237
184,9,9361,0.7903918480234488
185,9,9362,0.8334827954393057
186,9,9363,0.8000634049641941
187,9,9364,0.7802714910801677
188,9,9365,0.7447036010701035
189,9,9366,0.8010304732957767
190,9,9367,0.8097971364234883
191,9,9368,0.7415225404935579
192,9,9369,0.7331244635085267
193,9,9370,0.7756595584963049
194,9,9371,0.7574474687377615
195,9,9372,0.7902618760154361
196,9,9373,0.7382116998944962
197,9,9374,0.7593354151717253
198,9,9375,0.7750460387074521
199,9,9376,0.8987795433827808
200,9,9377,0.8258852890382211
201,9,9378,0.8627955264278822
202,9,9379,0.8451443483520832
203,9,9380,0.8790785223245617
204,9,9381,0.8059313264010208
205,9,9382,0.8266933315566607
206,9,9383,0.7461933864369279
207,9,9384,0.8230580382403873
208,9,9385,0.7787513094954194
209,9,9386,0.8357727958687714
210,9,9387,0.7799112881045964
211,9,9388,0.8152578244251866
212,9,9389,0.7493743706450221
213,9,9390,0.8330382030634652
214,9,9391,0.772807230840304
215,9,9392,0.7728317951384398
216,9,9393,0.8196990159783689
217,9,9394,0.7894422657610405
218,9,9395,0.8189444659011706
219,9,9396,0.7295641528797293
220,9,9397,0.820533824951521
221,9,9398,0.8056001502222248
222,9,9399,0.821411241378103
223,9,9400,0.8563030648178288
224,9,9401,0.8496969640254975
225,9,9402,0.7931653395782979
226,9,9403,0.8739876786158198
227,9,9404,0.8437382779971121
228,9,9405,0.7624250555721422
229,9,9406,0.826522686208288
230,9,9407,0.7953485103900589
231,9,9408,0.7671958352217363
232,9,9409,0.7727851405340644
233,9,9410,0.8178898779497971
234,9,9411,0.7898426047260207
235,9,9412,0.7655050178457584
236,9,9413,0.7748208885036763
237,9,9414,0.813836444679293
238,9,9415,0.7333878709358119
239,9,9416,0.7783438683088334
240,9,9417,0.7729837444078709
241,9,9418,0.8558287840513955
242,9,9419,0.7663709042327745
243,9,9420,0.7852515712424759
244,9,9421,0.8467457979207946
245,9,9422,0.790160081393662
246,9,9423,0.8276777598075568
247,9,9424,0.7848287086845154
248,9,9425,0.7627837354139912
249,9,9426,0.7588945109219778
250,9,9427,0.8038946179495681
251,9,9428,0.7894631908053444
252,9,9429,0.7558777257800101
253,9,9430,0.8110363483428954
254,9,9431,0.8018994035554073
255,9,9432,0.8790542901981445
256,9,9433,0.8056755041082702
257,9,9434,0.7498980898942266
258,9,9435,0.8178699334329438
259,9,9436,0.8398731503236507
260,9,9437,0.7801095646406923
261,9,9438,0.8327246203663802
262,9,9439,0.8510808196096193
263,9,9440,0.7538803527131678
264,9,9441,0.8011263353040531
265,9,9442,0.780912795902363
266,9,9443,0.809048147162511
267,9,9444,0.8620581248154243
268,9,9445,0.8587094355330226
269,9,9446,0.7759414836764335
270,9,9447,0.8390318857772011
271,9,9448,0.7556943507155492
272,9,9449,0.833480819128454
273,9,9450,0.8244567240277925
274,9,9451,0.7855305688544398
275,9,9452,0.781353288019697
276,9,9453,0.7438068787256876
277,9,9454,0.815348970082899
278,9,9455,0.7247909952753356
279,9,9456,0.683956275627549
280,9,9457,0.8688166851532602
281,9,9458,0.7918315964883993
282,9,9459,0.7920445753039703
283,9,9460,0.830498613062359
284,9,9461,0.7644061203824266
285,9,9462,0.789177893306173
286,9,9463,0.7678230670945987
287,9,9464,0.7665858168509744
288,9,9465,0.7764783935355288
289,9,9466,0.7580696482743534
290,9,9467,0.7418153320572205
291,9,9468,0.8703838537136714
292,9,9469,0.8308708531382892
293,9,9470,0.7434958681198105
294,9,9471,0.8039380308418047
295,9,9472,0.8249486784583756
296,9,9473,0.7942447531081381
297,9,9474,0.8532608966121362
298,9,9475,0.7599381912677061
299,9,9476,0.7548490568019802
300,9,9477,0.7825441994659957
301,9,9478,0.7895811577992781
302,9,9479,0.7995901974805052
303,9,9480,0.8616521656513215
304,9,9481,0.7894299157584705
305,9,9482,0.7721809810914453
306,9,9483,0.7569950594389367
307,9,9484,0.8483715071564629
308,9,9485,0.8482000061443875
309,9,9486,0.7941156178269356
310,9,9487,0.770955665170082
311,9,9488,0.8514187104467834
312,9,9489,0.771153158175626
313,9,9490,0.830571761088712
314,9,9491,0.7994858844072691
315,9,9492,0.8540003970487131
316,9,9493,0.8164326399121256
317,9,9494,0.7745626068319238
318,9,9495,0.8361018818270947
319,9,9496,0.799804869373994
320,9,9497,0.7171719692913547
321,9,9498,0.8424940488434266
322,9,9499,0.8040399863162921
323,9,9500,0.7813187286346439
324,9,9501,0.8214224207968939
325,9,9502,0.82615551383545
326,9,9503,0.8185266322855438
327,9,9504,0.8672945431344921
328,9,9505,0.8471054157153481
329,9,9506,0.8100353625292579
330,9,9507,0.7843519067835241
331,9,9508,0.8384046993174012
332,9,9509,0.786056506824458
333,9,9510,0.9025788704110752
334,9,9511,0.8165561756385223
335,9,9512,0.8227061231931052
336,9,9513,0.8008750494835633
337,9,9514,0.7770443384846051
338,9,9515,0.7343974485106414
339,9,9516,0.7693806055134961
340,9,9517,0.8191631451870004
341,9,9518,0.7614147708573866
342,9,9519,0.8022190998973593
343,9,9520,0.7368085322280725
344,9,9521,0.8210128805200968
345,9,9522,0.7766809126450904
346,9,9523,0.7740024169463487
347,9,9524,0.7942369385578092
348,9,9525,0.8404261992268619
349,9,9526,0.8338541785432468
350,9,9527,0.8195705397852828
351,9,9528,0.7828765205285023
352,9,9529,0.8117625426412342
353,9,9530,0.826344739534848
354,9,9531,0.7790273779204914
355,9,9532,0.8313123920843712
356,9,9533,0.8083832996586959
357,9,9534,0.800500180927061
358,9,9535,0.7738035846767681
359,9,9536,0.7572801938236116
360,9,9537,0.8250745037304502
361,9,9538,0.7615841255478915
362,9,9539,0.7723595323928055
363,9,9540,0.8107622960538027
364,9,9541,0.8214172011330015
365,9,9542,0.7940787986098301
366,9,9543,0.7852189038835822
367,9,9544,0.8186573393953342
368,9,9545,0.8454753944561595
369,9,9546,0.8517565984456312
370,9,9547,0.7821484679090124
371,9,9548,0.7578851225830261
372,9,9549,0.8108184834321338
373,9,9550,0.7428167795851118
374,9,9551,0.8127996921317563
375,9,9552,0.7915192682828223
376,9,9553,0.7598029023834639
377,9,9554,0.8314576940832747
378,9,9555,0.8088395543219079
379,9,9556,0.8379200533741997
380,9,9557,0.8683189409119743
381,9,9558,0.794701067065554
382,9,9559,0.8205052367633296
383,9,9560,0.8225912114694005
384,9,9561,0.7456776262926205
385,9,9562,0.7469754858563343
386,9,9563,0.7782568766602446
387,9,9564,0.7744225461390759
388,9,9565,0.7262927440571645
389,9,9566,0.7927758633380845
390,9,9567,0.8494298480495456
391,9,9568,0.8189045319865859
392,9,9569,0.7793474682118919
393,9,9570,0.7814299894851588
394,9,9571,0.8110487280147417
395,9,9572,0.8480013975030962
396,9,9573,0.7489680068656095
397,9,9574,0.7734768454517637
398,9,9575,0.7727019962899031
399,9,9576,0.740724813858313
400,9,9577,0.8920173509756013
401,9,9578,0.7713586919541868
402,9,9579,0.7433943917886132
403,9,9580,0.7494519167091876
404,9,9581,0.8117963791869225
405,9,9582,0.7842926771734796
406,9,9583,0.8222169083365727
407,9,9584,0.7477924524407301
408,9,9585,0.7909937806959662
409,9,9586,0.7984271477020921
410,9,9587,0.7661528645881583
411,9,9588,0.8625691303362448
412,9,9589,0.829645475882682
413,9,9590,0.806907033170795
414,9,9591,0.7996422764845191
415,9,9592,0.7618530326123748
416,9,9593,0.7668417721898075
417,9,9594,0.8053579644876576
418,9,9595,0.8049140607361638
419,9,9596,0.8327503623884349
420,9,9597,0.7465772335417569
421,9,9598,0.7483540964978084
422,9,9599,0.8078213510813103
423,9,9600,0.784794498412382
424,9,9601,0.8052666589972518
425,9,9602,0.8117901028266975
426,9,9603,0.7837905723912021
427,9,9604,0.845585946969333
428,9,9605,0.8952953141360055
429,9,9606,0.7921549432157051
430,9,9607,0.7916573927782123
431,9,9608,0.8088253271721659
432,9,9609,0.852507443655105
433,9,9610,0.8688623937112944
434,9,9611,0.8355620339113689
435,9,9612,0.7871002691265728
436,9,9613,0.8156245539319658
437,9,9614,0.8011343321496887
438,9,9615,0.8296239814898442
439,9,9616,0.8034294227226859
440,9,9617,0.7806329588804928
441,9,9618,0.847612683284318
442,9,9619,0.7792003261413247
443,9,9620,0.8212130415208992
444,9,9621,0.7887985979073814
445,9,9622,0.8283681154605886
446,9,9623,0.7456637263031942
447,9,9624,0.7952721367279687
448,9,9625,0.8050921692823372
449,9,9626,0.7622015383538037
450,9,9627,0.813242121754835
451,9,9628,0.8991827656115804
452,9,9629,0.772782476042353
453,9,9630,0.7597669449058316
454,9,9631,0.8248568459280896
455,9,9632,0.7943720153222481
456,9,9633,0.8522244420878233
457,9,9634,0.725208879670217
458,9,9635,0.8300339077111512
459,9,9636,0.819643065688156
460,9,9637,0.7796087738880444
461,9,9638,0.7853265057007471
462,9,9639,0.7667717105221181
463,9,9640,0.8017347822010162
464,9,9641,0.739330589083866
465,9,9642,0.7887100418586107
466,9,9643,0.8164275657119496
467,9,9644,0.8042881032008499
468,9,9645,0.8368002940856276
469,9,9646,0.7001684563057055
470,9,9647,0.7393533674157445
471,9,9648,0.744703128069107
472,9,9649,0.7297608137929015
473,9,9650,0.7584539815960897
474,9,9651,0.8039522131993659
475,9,9652,0.796834665927149
476,9,9653,0.8222089667937585
477,9,9654,0.7892739279417409
478,9,9655,0.8048335916717492
479,9,9656,0.8637429062232729
480,9,9657,0.7714907559122711
481,9,9658,0.7989433514220374
482,9,9659,0.8164496781925359
483,9,9660,0.7339397850224662
484,9,9661,0.806772619219763
485,9,9662,0.7564335022831246
486,9,9663,0.8452683891214077
487,9,9664,0.8119937446899713
488,9,9665,0.7093382961604565
489,9,9666,0.7865895587463109
490,9,9667,0.8327326441094989
491,9,9668,0.845396165957763
492,9,9669,0.7667061075169062
493,9,9670,0.7652637525683357
494,9,9671,0.7976919288436574
495,9,9672,0.8219780975154468
496,9,9673,0.800632993779367
497,9,9674,0.7980757770793778
498,9,9675,0.7556203605740198
499,9,9676,0.75357593684679
500,9,9677,0.8268640336713622
501,9,9678,0.7521751300387439
502,9,9679,0.8306965421042628
503,9,9680,0.7668692032762227
504,9,9681,0.7769843400234268
505,9,9682,0.73991105625672
506,9,9683,0.8164362444409302
507,9,9684,0.7986825711670378
508,9,9685,0.741068910363884
509,9,9686,0.7921586787062033
510,9,9687,0.8075734315262665
511,9,9688,0.7542063643978465
512,9,9689,0.8240416697004721
513,9,9690,0.8165176904405512
514,9,9691,0.8205696722226481
515,9,9692,0.7667130556933226
516,9,9693,0.7679806221720008
517,9,9694,0.8372860610307684
518,9,9695,0.8304764766778265
519,9,9696,0.7860531435747231
520,9,9697,0.8463218001914877
521,9,9698,0.7733214031461448
522,9,9699,0.7653832961805165
523,9,9700,0.7490011729033932
524,9,9701,0.8847563153221496
525,9,9702,0.793111939293643
526,9,9703,0.8411807449800629
527,9,9704,0.7964681041249561
528,9,9705,0.8041227614240988
529,9,9706,0.8129565754816647
530,9,9707,0.7966871680691838
531,9,9708,0.7978935659907403
532,9,9709,0.7910743921640373
533,9,9710,0.8068255400285125
534,9,9711,0.8558257670762636
535,9,9712,0.8834922331429663
536,9,9713,0.8103078244520087
537,9,9714,0.7843449385393234
538,9,9715,0.8445244289579845
539,9,9716,0.807735428391468
540,9,9717,0.8085715148509259
541,9,9718,0.7660700379028206
542,9,9719,0.8259864051471508
543,9,9720,0.7575911703475174
544,9,9721,0.8242432950951514
545,9,9722,0.7518345111360154
546,9,9723,0.8820943891824709
547,9,9724,0.7956997250605905
548,9,9725,0.7718928771182186
549,9,9726,0.7972699317726349
550,9,9727,0.7760580737321151
551,9,9728,0.7773533227986523
552,9,9729,0.8043474553241615
553,9,9730,0.8147647591928642
554,9,9731,0.8024421000764482
555,9,9732,0.8969753618751255
556,9,9733,0.7870173013680393
557,9,9734,0.8461693248578479
558,9,9735,0.7983961499163083
559,9,9736,0.7599794926742713
560,9,9737,0.7618607839658145
561,9,9738,0.8341928778349289
562,9,9739,0.7735909975266883
563,9,9740,0.8276042397178355
564,9,9741,0.7995523920371418
565,9,9742,0.856841734543975
566,9,9743,0.7732353318216544
567,9,9744,0.7601963384298694
568,9,9745,0.7189287534870562
569,9,9746,0.7419196467713586
570,9,9747,0.7287324242559928
571,9,9748,0.8516515674335614
572,9,9749,0.8012410910534008
573,9,9750,0.8130812780222013
574,9,9751,0.8386427102433073
575,9,9752,0.7473865327913138
576,9,9753,0.7721447642183021
577,9,9754,0.8110063985167513
578,9,9755,0.78546869916664
579,9,9756,0.8055584256182469
580,9,9757,0.8000793961719388
581,9,9758,0.8072144843283152
582,9,9759,0.8246966689558968
583,9,9760,0.7718358188424083
584,9,9761,0.7288870569318532
585,9,9762,0.8306193291874869
586,9,9763,0.7383082629669282
587,9,9764,0.8089692132281406
588,9,9765,0.7995746294923481
589,9,9766,0.7392946432921149
590,9,9767,0.8029645315726242
591,9,9768,0.7527820233787808
592,9,9769,0.8177034937377488
593,9,9770,0.7889249101059423
594,9,9771,0.7617613014853782
595,9,9772,0.8209565548847119
596,9,9773,0.7921054396068765
597,9,9774,0.8546094089036897
598,9,9775,0.79483000883123
599,9,9776,0.753971491008997
600,9,9777,0.8027852602923912
601,9,9778,0.7723406556816329
602,9,9779,0.8138576964182512
603,9,9780,0.8669718408158847
604,9,9781,0.8057795243470797
605,9,9782,0.7499834820628165
606,9,9783,0.7845635093704222
607,9,9784,0.7712132965569339
608,9,9785,0.8573368390401206
609,9,9786,0.8257977681766663
610,9,9787,0.7739398390320795
611,9,9788,0.7562592253088952
612,9,9789,0.7714379069040577
613,9,9790,0.8294582400648366
614,9,9791,0.8311783117907386
615,9,9792,0.8598406857234381
616,9,9793,0.8019417503937369
617,9,9794,0.8263817798967162
618,9,9795,0.834944224628132
619,9,9796,0.788913875330417
620,9,9797,0.7641776759798329
621,9,9798,0.7565060343504661
622,9,9799,0.7699042970669413
623,9,9800,0.7752220643506871
624,9,9801,0.7676411097248396
625,9,9802,0.7822431238102063
626,9,9803,0.8159774850078282
627,9,9804,0.7712627845771965
628,9,9805,0.7388245859626857
629,9,9806,0.7823786230624786
630,9,9807,0.8091352131616857
631,9,9808,0.8236083655307691
632,9,9809,0.8028387149707195
633,9,9810,0.7366365618294195
634,9,9811,0.7947800909169017
635,9,9812,0.7717748973518609
636,9,9813,0.8115704458739076
637,9,9814,0.839272409322716
638,9,9815,0.7731624439890895
639,9,9816,0.7862658783616053
640,9,9817,0.7958794761715191
641,9,9818,0.8191648935012162
642,9,9819,0.8323627560443819
643,9,9820,0.7779520746054392
644,9,9821,0.8409421663021757
645,9,9822,0.8168126383707638
646,9,9823,0.8712501693738711
647,9,9824,0.7708578599794281
648,9,9825,0.8449357263743877
649,9,9826,0.8155918745324016
650,9,9827,0.8015772078097577
651,9,9828,0.8531340635603382
652,9,9829,0.8130623114605745
653,9,9830,0.8785691251091302
654,9,9831,0.7970718201028094
655,9,9832,0.7393482515056219
656,9,9833,0.824754952142636
657,9,9834,0.7636655811220409
658,9,9835,0.7752098078795133
659,9,9836,0.8865137834190611
660,9,9837,0.7811794020235538
661,9,9838,0.7611649494085994
662,9,9839,0.8386189938478528
663,9,9840,0.7464744156847397
664,9,9841,0.8263324216850811
665,9,9842,0.7371033085510135
666,9,9843,0.7489229637153801
667,9,9844,0.8364983659148927
668,9,9845,0.8260556453439808
669,9,9846,0.781958116440191
670,9,9847,0.7813661097149763
671,9,9848,0.8998264277886068
672,9,9849,0.7524719861823888
673,9,9850,0.791446306565333
674,9,9851,0.7957455869320602
675,9,9852,0.779032755110945
676,9,9853,0.736922722775489
677,9,9854,0.8143656530550548
678,9,9855,0.7718875283109291
679,9,9856,0.8484831519336219
680,9,9857,0.7837772708652274
681,9,9858,0.8394247899053708
682,9,9859,0.7470885369749297
683,9,9860,0.776468183490492
684,9,9861,0.7768005617184651
685,9,9862,0.8139857503008985
686,9,9863,0.8456158346851311
687,9,9864,0.8601493940555622
688,9,9865,0.8387081697583199
689,9,9866,0.8514874921668143
690,9,9867,0.7319512989460714
691,9,9868,0.8336268629036134
692,9,9869,0.7911851434702319
693,9,9870,0.758063639824589
694,9,9871,0.8117331362196378
695,9,9872,0.7427332814605464
696,9,9873,0.7843036050686523
697,9,9874,0.7570948311615557
698,9,9875,0.7863257519146871
699,9,9876,0.8391033220548363
700,9,9877,0.7884800390207342
701,9,9878,0.8132138799521185
702,9,9879,0.8461278192698954
703,9,9880,0.7838129809436699
704,9,9881,0.8523389392399363
705,9,9882,0.7696564272046089
706,9,9883,0.7844107520012629
707,9,9884,0.7961041993417202
708,9,9885,0.7657901021164086
709,9,9886,0.8090624877118638
710,9,9887,0.818624372682756
711,9,9888,0.8533013552161199
712,9,9889,0.7928673873345058
713,9,9890,0.7425777673543917
714,9,9891,0.8299874559133537
715,9,9892,0.7987369900746714
716,9,9893,0.8196602532019219
717,9,9894,0.8049742951102201
718,9,9895,0.8661588324189541
719,9,9896,0.8023449237281012
720,9,9897,0.7335045054510589
721,9,9898,0.7618972055525296
722,9,9899,0.762208410228292
723,9,9900,0.7563127092130129
724,9,9901,0.7683404385156574
725,9,9902,0.8136914164448776
726,9,9903,0.852524735610045
727,9,9904,0.7073131923208987
728,9,9905,0.8026238709156002
729,9,9906,0.7498270067874165
730,9,9907,0.8017600867010299
731,9,9908,0.7922556978162555
732,9,9909,0.827667732523488
733,9,9910,0.8225778779901916
734,9,9911,0.7962039285782904
735,9,9912,0.8556193233511986
736,9,9913,0.7734992767551117
737,9,9914,0.7904084757679988
738,9,9915,0.850183859046194
739,9,9916,0.7855116783508233
740,9,9917,0.8587737189871925
741,9,9918,0.8009161275279307
742,9,9919,0.764580380393281
743,9,9920,0.753056669962548
744,9,9921,0.8493472557692301
745,9,9922,0.7953068583848928
746,9,9923,0.8296193672077998
747,9,9924,0.7589104423476826
748,9,9925,0.7930027386617093
749,9,9926,0.7776840918786113
750,9,9927,0.8341147422435736
751,9,9928,0.8045901313557157
752,9,9929,0.783436063898816
753,9,9930,0.7616313547117723
754,9,9931,0.8131441236251875
755,9,9932,0.752891933988957
756,9,9933,0.7214066795561286
757,9,9934,0.82593197442059
758,9,9935,0.7821524038112588
759,9,9936,0.8555759052923394
760,9,9937,0.8032181049209264
761,9,9938,0.8387595067865082
762,9,9939,0.7641178498133308
763,9,9940,0.8439438741299368
764,9,9941,0.8156678385012562
765,9,9942,0.752994243942556
766,9,9943,0.8130018010824209
767,9,9944,0.821062391002973
768,9,9945,0.7953922649224598
769,9,9946,0.8253886167492185
770,9,9947,0.7803364945132107
771,9,9948,0.778078405696544
772,9,9949,0.7789749708913623
773,9,9950,0.8299394989652292
774,9,9951,0.8654129661264873
775,9,9952,0.7642010703594202
776,9,9953,0.7766408126446465
777,9,9954,0.7930330241631184
778,9,9955,0.7618971370781462
779,9,9956,0.7809249365790968
780,9,9957,0.8491456529036873
781,9,9958,0.7650545260735921
782,9,9959,0.814757115229787
783,9,9960,0.7735640985802525
784,9,9961,0.7965075008881587
785,9,9962,0.7836938382658576
786,9,9963,0.874691810503247
787,9,9964,0.7728983780945697
788,9,9965,0.7796546982468239
789,9,9966,0.7988577152691072
790,9,9967,0.7707327351506267
791,9,9968,0.7779554287415176
792,9,9969,0.8625382908752987
793,9,9970,0.71269252519345
794,9,9971,0.8303531933841959
795,9,9972,0.8400448423233768
796,9,9973,0.758229979180864
797,9,9974,0.7471631677555186
798,9,9975,0.8365751386487056
799,9,9976,0.737161604199736
800,9,9977,0.8252736769084421
801,9,9978,0.7749318880960345
802,9,9979,0.784290818985374
803,9,9980,0.7805065581397642
804,9,9981,0.8333568043474637
805,9,9982,0.7646273493411995
806,9,9983,0.8052300712359806
807,9,9984,0.8717272167670584
808,9,9985,0.7812100626262171
809,9,9986,0.7325913310494451
810,9,9987,0.779871326671647
811,9,9988,0.794737087740075
812,9,9989,0.7542087732858601
813,9,9990,0.781045370092172
814,9,9991,0.7462689178064467
815,9,9992,0.7932731373058188
816,9,9993,0.8348949576417606
817,9,9994,0.8098081478937749
818,9,9995,0.8095801763147825
819,9,9996,0.8003557488277908
820,9,9997,0.8138923442789486
821,9,9998,0.7804165225742119
822,9,9999,0.7690186804781358
823,9,10000,0.7749631778736201
824,9,10001,0.7785885702996028
825,9,10002,0.8263696971393768
826,9,10003,0.8510961782054175
827,9,10004,0.7764029537460633
828,9,10005,0.8469406894984697
829,9,10006,0.7946449712007528
830,9,10007,0.8113864760934598
831,9,10008,0.7797705818056349
832,9,10009,0.7914767839191924
833,9,10010,0.8002389257862456
834,9,10011,0.776793472601899
835,9,10012,0.7908810273788514
836,9,10013,0.7728861409816002
837,9,10014,0.8232872910974992
838,9,10015,0.7902460202929518
839,9,10016,0.8006949833638611
840,9,10017,0.7348303182405375
841,9,10018,0.8122906571342834
842,9,10019,0.7344175664752368
843,9,10020,0.7872278297408706
844,9,10021,0.8062663906741709
845,9,10022,0.8328144101071215
846,9,10023,0.8017375109983345
847,9,10024,0.7650769985990511
848,9,10025,0.8215227529761338
849,9,10026,0.8396469510515175
850,9,10027,0.823940302821852
851,9,10028,0.8313817757492262
852,9,10029,0.8447422376346019
853,9,10030,0.8202705774899752
854,9,10031,0.8194170717504762
855,9,10032,0.785806785781114
856,9,10033,0.7898739310247559
857,9,10034,0.8476760263909541
858,9,10035,0.7421259119929302
859,9,10036,0.8275612058738869
860,9,10037,0.7662601824184613
861,9,10038,0.8207049026996606
862,9,10039,0.8297308612215729
863,9,10040,0.8574455772038727
864,9,10041,0.8338744329022509
865,9,10042,0.818188131099478
866,9,10043,0.7838768022400993
867,9,10044,0.7196554010290477
868,9,10045,0.7586410157825977
869,9,10046,0.8157712013593739
870,9,10047,0.7905741355027116
871,9,10048,0.8630356822340262
872,9,10049,0.7610508516608249
873,9,10050,0.7706688654919465
874,9,10051,0.828989633425538
875,9,10052,0.7800770812845301
876,9,10053,0.8397760498337449
877,9,10054,0.7709735410864508
878,9,10055,0.8200290334366618
879,9,10056,0.8456121711725635
880,9,10057,0.883586175540196
881,9,10058,0.7793512868783657
882,9,10059,0.7789863258866327
883,9,10060,0.7809798307716845
884,9,10061,0.7791703595735487
885,9,10062,0.8435536772012711
886,9,10063,0.8643568907199161
887,9,10064,0.7913013670726546
888,9,10065,0.8717043953282492
889,9,10066,0.8246581714955113
890,9,10067,0.7615433622240313
891,9,10068,0.8033206224929365
892,9,10069,0.7226611180009233
893,9,10070,0.8070825001313573
894,9,10071,0.7174421516468836
895,9,10072,0.8743255590753897
896,9,10073,0.8231159222001831
897,9,10074,0.8720492649646033
898,9,10075,0.7910724609558071
899,9,10076,0.9052592990032976
900,9,10077,0.7976813825246479
901,9,10078,0.8336896200309553
902,9,10079,0.8419143909233666
903,9,10080,0.7820628082069255
904,9,10081,0.8253165118263236
905,9,10082,0.7722976692686122
906,9,10083,0.7548897419390933
907,9,10084,0.7501904551560679
908,9,10085,0.8255038948374847
909,9,10086,0.7998444950208066
910,9,10087,0.7541161005252176
911,9,10088,0.8321132140588902
912,9,10089,0.8507503877349554
913,9,10090,0.8026664962637281
914,9,10091,0.7483042638216699
915,9,10092,0.7536050928313107
916,9,10093,0.8083827080471176
917,9,10094,0.7966947516515143
918,9,10095,0.7786907449009873
919,9,10096,0.8428613980345074
920,9,10097,0.8231500859948853
921,9,10098,0.8210111131802913
922,9,10099,0.7731647663084525
923,9,10100,0.8105389962771109
924,9,10101,0.8059676913544537
925,9,10102,0.7862856335538839
926,9,10103,0.7744988376895587
927,9,10104,0.8109565314925499
928,9,10105,0.776146654793549
929,9,10106,0.7272140629412162
930,9,10107,0.8124968306649297
931,9,10108,0.7999572215069619
932,9,10109,0.8175277309048743
933,9,10110,0.8129717523586893
934,9,10111,0.8389543905588134
935,9,10112,0.8282821363370335
936,9,10113,0.7378924571509873
937,9,10114,0.8388729404125894
938,9,10115,0.762198208609507
939,9,10116,0.8251693347868111
940,9,10117,0.8082212124995531
941,9,10118,0.8263665443020207
942,9,10119,0.7670993662128845
943,9,10120,0.7695869235543622
944,9,10121,0.8687976867936196
945,9,10122,0.7725298975904783
946,9,10123,0.823153362919887
947,9,10124,0.757379858532832
948,9,10125,0.7948510107539948
949,9,10126,0.7218890013616711
950,9,10127,0.7869889669652496
951,9,10128,0.845988995528647
952,9,10129,0.8123410129476161
953,9,10130,0.8520881884864397
954,9,10131,0.8770851801548686
955,9,10132,0.7745392253799807
956,9,10133,0.7624200511102877
957,9,10134,0.8824156953820161
958,9,10135,0.7938712512453396
959,9,10136,0.7467779373927486
960,9,10137,0.8228217970047679
961,9,10138,0.7673123283311724
962,9,10139,0.7824418291981731
963,9,10140,0.792198089084455
964,9,10141,0.7859857991071683
965,9,10142,0.8671623955569453
966,9,10143,0.809574447816149
967,9,10144,0.8364838745356317
968,9,10145,0.7420237568162737
969,9,10146,0.8492204087919424
970,9,10147,0.9252019559609749
971,9,10148,0.7812310325070505
972,9,10149,0.740669336746491
973,9,10150,0.7540145160497297
974,9,10151,0.7742372260739406
975,9,10152,0.7887887795056614
976,9,10153,0.7925392082182777
977,9,10154,0.813520255942075
978,9,10155,0.8021521369172704
979,9,10156,0.8410753044965011
980,9,10157,0.766323598101735
981,9,10158,0.8449303394272213
982,9,10159,0.8675322747079744
983,9,10160,0.8460690179573637
984,9,10161,0.7426060796493578
985,9,10162,0.7708908668054003
986,9,10163,0.8457763185059384
987,9,10164,0.82339786272496
988,9,10165,0.7496596534426013
989,9,10166,0.7618953708027093
990,9,10167,0.8013469830510161
991,9,10168,0.7655188439059117
992,9,10169,0.7222642991691829
993,9,10170,0.8026776647949145
994,9,10171,0.8095880158777746
995,9,10172,0.8258628952538681
996,9,10173,0.8178720150941182
997,9,10174,0.8725881622438983
998,9,10175,0.8191629623151604
999,9,10176,0.7532488719028023
1000,9,10177,0.8241060324057581
1001,9,10178,0.8107251273468137
1002,9,10179,0.8870369642972947
1003,9,10180,0.7530598506287095
1004,9,10181,0.8100013873495516
1005,9,10182,0.8637087368184612
1006,9,10183,0.7963437969752012
1007,9,10184,0.7598454013821623
1008,9,10185,0.8087723775367652
1009,9,10186,0.7609967055863567
1010,9,10187,0.7392603962992628
1011,9,10188,0.8212628613802647
1012,9,10189,0.7815762914140664
1013,9,10190,0.783123603046295
1014,9,10191,0.8610810158729906
1015,9,10192,0.8024080031374026
1016,9,10193,0.7477330432406493
1017,9,10194,0.7739842855149792
1018,9,10195,0.8306412970026333
1019,9,10196,0.8039580838577379
1020,9,10197,0.7637621134164787
1021,9,10198,0.8647425275162929
1022,9,10199,0.8352490514516829
1023,9,10200,0.7641911660542802
1024,9,10201,0.893580620044044
1025,9,10202,0.8204044577709976
1026,9,10203,0.7630753932698142
1027,9,10204,0.8575169958529019
1028,9,10205,0.7776122391223907
1029,9,10206,0.7724510199789489
1030,9,10207,0.7958347070518704
1031,9,10208,0.746812186647384
1032,9,10209,0.7541423314916237
1033,9,10210,0.8449634010238307
1034,9,10211,0.8032942436458099
1035,9,10212,0.78649254484723
1036,9,10213,0.7421982370849166
1037,9,10214,0.8134496748846557
1038,9,10215,0.7667625662648961
1039,9,10216,0.7471765369354262
1040,9,10217,0.9255188402409354
1041,9,10218,0.8000688735573065
1042,9,10219,0.8628879460018307
1043,9,10220,0.7588649141336126
1044,9,10221,0.7194170283951931
1045,9,10222,0.8385857854570661
1046,9,10223,0.7786826078913041
1047,9,10224,0.8070473653219996
1048,9,10225,0.7676017405021758
1049,9,10226,0.8282398753134269
1050,9,10227,0.7641818174826248
1051,9,10228,0.7636279270851184
1052,9,10229,0.831664297108849
1053,9,10230,0.8007509707074079
1054,9,10231,0.8106445588304527
1055,9,10232,0.721917663279566
1056,9,10233,0.7886634090959673
1057,9,10234,0.804338921903677
1058,9,10235,0.7701542758205462
1059,9,10236,0.7915653106534767
1060,9,10237,0.7693070443568841
1061,9,10238,0.8104764477438515
1062,9,10239,0.8290267321281136
1063,9,10240,0.7953475061360569
1064,9,10241,0.8444572147868928
1065,9,10242,0.8402829489315904
1066,9,10243,0.7839902142240179
1067,9,10244,0.797102530619928
1068,9,10245,0.7919387172109315
1069,9,10246,0.8142297168129257
1070,9,10247,0.7404597703633563
1071,9,10248,0.8021870951301284
1072,9,10249,0.7705303307711368
1073,9,10250,0.7551129871447172
1074,9,10251,0.8013283609678702
1075,9,10252,0.8253070453093166
1076,9,10253,0.7632111999250594
1077,9,10254,0.7584066442213953
1078,9,10255,0.8189100824030383
1079,9,10256,0.8100194689108148
1080,9,10257,0.7868480933830142
1081,9,10258,0.7147998109326831
1082,9,10259,0.761225131273802
1083,9,10260,0.7861018220095762
1084,9,10261,0.8125778415373393
1085,9,10262,0.733857414064308
1086,9,10263,0.7501033933034966
1087,9,10264,0.8110984544092347
1088,9,10265,0.7737480392236086
1089,9,10266,0.8063262334049103
1090,9,10267,0.8056189931618671
1091,9,10268,0.7900023055041121
1092,9,10269,0.8144289363353027
1093,9,10270,0.8143645556909697
1094,9,10271,0.8173476854960123
1095,9,10272,0.7571215288979667
1096,9,10273,0.8191112957540012
1097,9,10274,0.7958571792890629
1098,9,10275,0.7642568815499545
1099,9,10276,0.8263359831734781
1100,9,10277,0.7667596378097579
1101,9,10278,0.8318658958499631
1102,9,10279,0.7800942644742984
1103,9,10280,0.7490349918426503
1104,9,10281,0.7911408457106778
1105,9,10282,0.7968390791543892
1106,9,10283,0.7555988305470064
1107,9,10284,0.7963249686041047
1108,9,10285,0.8305303192298328
1109,9,10286,0.8139727826984157
1110,9,10287,0.8491396111924024
1111,9,10288,0.7602668516559613
1112,9,10289,0.784092624405665
1113,9,10290,0.8368197963351296
1114,9,10291,0.7743609704387684
1115,9,10292,0.8003607759518283
1116,9,10293,0.8162535287085031
1117,9,10294,0.8130211771598886
1118,9,10295,0.7660495047901
1119,9,10296,0.7962844022327945
1120,9,10297,0.8422362885792697
1121,9,10298,0.8321581000373478
1122,9,10299,0.8445019640383268
1123,9,10300,0.8147025479314229
1124,9,10301,0.801090038758481
1125,9,10302,0.7823572322016671
1126,9,10303,0.7448803244513416
1127,9,10304,0.7822964904563766
1128,9,10305,0.8078327668121172
1129,9,10306,0.8202618468730224
1130,9,10307,0.8055292635801293
1131,9,10308,0.7523224972454566
1132,9,10309,0.7492602445584321
1133,9,10310,0.7980826766718002
1134,9,10311,0.843546667269298
1135,9,10312,0.802248129488102
1136,9,10313,0.7948362955025263
1137,9,10314,0.8229419674192155
1138,9,10315,0.8219225832172448
1139,9,10316,0.8237725946874845
1140,9,10317,0.8674722313880919
1141,9,10318,0.8091081353791414
1142,9,10319,0.8257057520649618
1143,9,10320,0.8337157616569174
1144,9,10321,0.7495767625847031
1145,9,10322,0.8088634490212868
1146,9,10323,0.7703268447269997
0,10,10324,0.754969593669687
1,10,10325,0.8086930743995168
2,10,10326,0.8036175393277688
3,10,10327,0.7667730202499244
4,10,10328,0.7536457235304016
5,10,10329,0.7414043724891688
6,10,10330,0.8029021750470358
7,10,10331,0.8010518711193332
8,10,10332,0.7708920673245475
9,10,10333,0.7861955868346351
10,10,10334,0.7794634292256973
11,10,10335,0.8653239763918377
12,10,10336,0.81438356527083
13,10,10337,0.8366566857855233
14,10,10338,0.7491662228657376
15,10,10339,0.7954179013059253
16,10,10340,0.8351656833131399
17,10,10341,0.8348308034862082
18,10,10342,0.8912273876014208
19,10,10343,0.789119871554985
20,10,10344,0.8970279414871973
21,10,10345,0.8249610832315826
22,10,10346,0.7764388479381089
23,10,10347,0.7940043937414885
24,10,10348,0.7301606764750821
25,10,10349,0.8350876114286837
26,10,10350,0.7642359690785053
27,10,10351,0.82979619986422
28,10,10352,0.7805205903326472
29,10,10353,0.8731661935869072
30,10,10354,0.7774566140114553
31,10,10355,0.7538418425690561
32,10,10356,0.8328663779511336
33,10,10357,0.7904056611337833
34,10,10358,0.8453128891331808
35,10,10359,0.8330192953303812
36,10,10360,0.7751220982255679
37,10,10361,0.7957142773749574
38,10,10362,0.8158448301699189
39,10,10363,0.8466977006755768
40,10,10364,0.7798284278029488
41,10,10365,0.8277284415616167
42,10,10366,0.7977802695573439
43,10,10367,0.7493980447983457
44,10,10368,0.7910822833932583
45,10,10369,0.7461207762271875
46,10,10370,0.7174419020967823
47,10,10371,0.761872168541664
48,10,10372,0.7911288640683606
49,10,10373,0.798731594612556
50,10,10374,0.7905201512122794
51,10,10375,0.8486423331667626
52,10,10376,0.8396910662718471
53,10,10377,0.790945466341717
54,10,10378,0.7249087882449939
55,10,10379,0.8328660889306948
56,10,10380,0.8142057626197735
57,10,10381,0.7826819310319567
58,10,10382,0.8424138759617649
59,10,10383,0.792229620385028
60,10,10384,0.7493281559575173
61,10,10385,0.8497730580247229
62,10,10386,0.7830451040395667
63,10,10387,0.7825008208331251
64,10,10388,0.8053685608985167
65,10,10389,0.7535856703872839
66,10,10390,0.8242364882801969
67,10,10391,0.8591251110081517
68,10,10392,0.8196791875663968
69,10,10393,0.7955335932340297
70,10,10394,0.7572832048116697
71,10,10395,0.7964392403761547
72,10,10396,0.8548148903286173
73,10,10397,0.7575005461639237
74,10,10398,0.8391673380863808
75,10,10399,0.8791359971676554
76,10,10400,0.8063552444800736
77,10,10401,0.7537356955221011
78,10,10402,0.8196275352633425
79,10,10403,0.8195707605309075
80,10,10404,0.7820545403242466
81,10,10405,0.8281987546277897
82,10,10406,0.7608406540183793
83,10,10407,0.8325500265650807
84,10,10408,0.8554143367246504
85,10,10409,0.8465191766264891
86,10,10410,0.8167988471243351
87,10,10411,0.7528651067321852
88,10,10412,0.8103551977713194
89,10,10413,0.8045722936900953
90,10,10414,0.8177513170632577
91,10,10415,0.7706040104052851
92,10,10416,0.7452628734033732
93,10,10417,0.7679032176023438
94,10,10418,0.8458941181500751
95,10,10419,0.8121081138295788
96,10,10420,0.7601671182949626
97,10,10421,0.7858127496604409
98,10,10422,0.806599696521603
99,10,10423,0.789716201967427
100,10,10424,0.8150397025580918
101,10,10425,0.7726898612898021
102,10,10426,0.8015551424053099
103,10,10427,0.7678909447221529
104,10,10428,0.7195541117162932
105,10,10429,0.8633796625460188
106,10,10430,0.8107107521167821
107,10,10431,0.8320856413670948
108,10,10432,0.7973247416583554
109,10,10433,0.8543913754678908
110,10,10434,0.7941611966650399
111,10,10435,0.7941472355631136
112,10,10436,0.7541129277087748
113,10,10437,0.7743384113003102
114,10,10438,0.7513512774326264
115,10,10439,0.7987299209150176
116,10,10440,0.7912513135843688
117,10,10441,0.820479187493523
118,10,10442,0.8089916472811074
119,10,10443,0.765383622165592
120,10,10444,0.7895330107283025
121,10,10445,0.7884574243577108
122,10,10446,0.7724203871385683
123,10,10447,0.7836840373153487
124,10,10448,0.7762179338772384
125,10,10449,0.7331349452780116
126,10,10450,0.7945449435196462
127,10,10451,0.9035410918295383
128,10,10452,0.8003493652102494
129,10,10453,0.8040369128409243
130,10,10454,0.7063425256028061
131,10,10455,0.7641096678784207
132,10,10456,0.737178195667054
133,10,10457,0.8622565108927943
134,10,10458,0.7771366110869817
135,10,10459,0.7986472250361527
136,10,10460,0.7599946097692564
137,10,10461,0.800455859551827
138,10,10462,0.7834548705390523
139,10,10463,0.8371895278493563
140,10,10464,0.7834407534627686
141,10,10465,0.832064532098316
142,10,10466,0.8049047723013376
143,10,10467,0.8316591300425076
144,10,10468,0.8250361788973566
145,10,10469,0.864224882885104
146,10,10470,0.8544563934916543
147,10,10471,0.7684635214862369
148,10,10472,0.8057882507287323
149,10,10473,0.7771761020468105
150,10,10474,0.9046948337927463
151,10,10475,0.7423674599489286
152,10,10476,0.7737272717945632
153,10,10477,0.7297962813505103
154,10,10478,0.8332705185526892
155,10,10479,0.7660808623546645
156,10,10480,0.6954129781751405
157,10,10481,0.7304471239802381
158,10,10482,0.7618937112302301
159,10,10483,0.849851055780337
160,10,10484,0.7887549544684588
161,10,10485,0.7564318751738894
162,10,10486,0.8054241162857839
163,10,10487,0.8213394642807543
164,10,10488,0.8002151501409356
165,10,10489,0.8020459054747506
166,10,10490,0.7384488022487079
167,10,10491,0.7303331129785097
168,10,10492,0.8418145960285548
169,10,10493,0.8377322871237993
170,10,10494,0.8483127238938497
171,10,10495,0.7735615411684625
172,10,10496,0.7372226910665631
173,10,10497,0.8334998134967117
174,10,10498,0.8515855067054785
175,10,10499,0.7701612804971989
176,10,10500,0.7650960780946272
177,10,10501,0.7365055123920597
178,10,10502,0.8325504602066108
179,10,10503,0.8808959938940549
180,10,10504,0.8511271831535157
181,10,10505,0.7777969878876494
182,10,10506,0.8311622086912392
183,10,10507,0.7846570752915879
184,10,10508,0.8694571768421503
185,10,10509,0.7928317382576922
186,10,10510,0.8123447550460697
187,10,10511,0.7544328103374158
188,10,10512,0.8188113065968665
189,10,10513,0.8671993581312043
190,10,10514,0.8175518063030073
191,10,10515,0.8356727169205743
192,10,10516,0.7663219454033032
193,10,10517,0.7741191585858663
194,10,10518,0.8657507681775659
195,10,10519,0.790763632571768
196,10,10520,0.813286071111049
197,10,10521,0.7804405125124115
198,10,10522,0.7995821501882303
199,10,10523,0.8433059902329529
200,10,10524,0.8353503304311917
201,10,10525,0.816076569214818
202,10,10526,0.8066475359900368
203,10,10527,0.8004160492148783
204,10,10528,0.8242066312315208
205,10,10529,0.7682703985788283
206,10,10530,0.8543304182322962
207,10,10531,0.7400932322877146
208,10,10532,0.8451123938540974
209,10,10533,0.8058636487417278
210,10,10534,0.8873410873292458
211,10,10535,0.7741873654581254
212,10,10536,0.8567650837912446
213,10,10537,0.8380437294642131
214,10,10538,0.7855638862986649
215,10,10539,0.7660602421189345
216,10,10540,0.8161161947507589
217,10,10541,0.8579721564338323
218,10,10542,0.8121999370909871
219,10,10543,0.9075591542891093
220,10,10544,0.8015562057982952
221,10,10545,0.7342639367229172
222,10,10546,0.7981325068200628
223,10,10547,0.7366835893619629
224,10,10548,0.7955520181872306
225,10,10549,0.8035392590931485
226,10,10550,0.8394752961938226
227,10,10551,0.7978947965339537
228,10,10552,0.7988701567408586
229,10,10553,0.7683615480505285
230,10,10554,0.7694778406460371
231,10,10555,0.882251466203126
232,10,10556,0.868189537454219
233,10,10557,0.8228197555456843
234,10,10558,0.766884277574718
235,10,10559,0.7769306698104453
236,10,10560,0.7608532762332332
237,10,10561,0.7923482243149054
238,10,10562,0.7071768827736379
239,10,10563,0.8112320455811207
240,10,10564,0.8627424256964806
241,10,10565,0.8139743200015456
242,10,10566,0.8171153740425194
243,10,10567,0.8526282628909465
244,10,10568,0.7738855902903847
245,10,10569,0.7949909540336755
246,10,10570,0.7720718559853377
247,10,10571,0.7955632663908461
248,10,10572,0.8174696513895122
249,10,10573,0.8089862372282715
250,10,10574,0.754803534951948
251,10,10575,0.7484677905837694
252,10,10576,0.706188593813706
253,10,10577,0.7674327890078227
254,10,10578,0.836164312969361
255,10,10579,0.7570780673552129
256,10,10580,0.7853809396425884
257,10,10581,0.7908813310787082
258,10,10582,0.7654022780867914
259,10,10583,0.8447284659902965
260,10,10584,0.6964952834615749
261,10,10585,0.7793967780612763
262,10,10586,0.7553895713229265
263,10,10587,0.801849542939592
264,10,10588,0.7876292975353341
265,10,10589,0.7808214771295232
266,10,10590,0.7947663830681926
267,10,10591,0.7571690553976668
268,10,10592,0.8357580504601911
269,10,10593,0.7663453536862064
270,10,10594,0.8530017322018034
271,10,10595,0.7465610487741375
272,10,10596,0.8564168676024392
273,10,10597,0.793408375499504
274,10,10598,0.8061545770393596
275,10,10599,0.8005885336370695
276,10,10600,0.7150301967437069
277,10,10601,0.7875343504406159
278,10,10602,0.7735193566463533
279,10,10603,0.7639926534722606
280,10,10604,0.8457595105504704
281,10,10605,0.7940162400315914
282,10,10606,0.7670331178676516
283,10,10607,0.7440928310555006
284,10,10608,0.7583206824603534
285,10,10609,0.7453158072062901
286,10,10610,0.8007794564722903
287,10,10611,0.8183954031694505
288,10,10612,0.7581066983485859
289,10,10613,0.8044686144040456
290,10,10614,0.8189982661223484
291,10,10615,0.7504946006284585
292,10,10616,0.8216794596186706
293,10,10617,0.7358564966402593
294,10,10618,0.7738717259129599
295,10,10619,0.8121082107314751
296,10,10620,0.8288980893613327
297,10,10621,0.8377761669634355
298,10,10622,0.8724163559575876
299,10,10623,0.8162757177792845
300,10,10624,0.7927379540300795
301,10,10625,0.8295027441566898
302,10,10626,0.8204295746982101
303,10,10627,0.7853449203872256
304,10,10628,0.7617104711188446
305,10,10629,0.816150012470427
306,10,10630,0.7755501388261716
307,10,10631,0.7365670817726779
308,10,10632,0.8277370264709351
309,10,10633,0.7970736750978089
310,10,10634,0.7237591897359207
311,10,10635,0.8119829642985548
312,10,10636,0.791286011847357
313,10,10637,0.7858434853454432
314,10,10638,0.8511904976552439
315,10,10639,0.8193498625020894
316,10,10640,0.8350468675295513
317,10,10641,0.7293448268568942
318,10,10642,0.8527068486880689
319,10,10643,0.8291900342419034
320,10,10644,0.8543960107046935
321,10,10645,0.7368516906475028
322,10,10646,0.7786867329850793
323,10,10647,0.8217401400740658
324,10,10648,0.8757014760658854
325,10,10649,0.8289613281598404
326,10,10650,0.7699397328708854
327,10,10651,0.8128663969802714
328,10,10652,0.80114400074152
329,10,10653,0.740850204601884
330,10,10654,0.8438638813483218
331,10,10655,0.8220581730960735
332,10,10656,0.7839712326725327
333,10,10657,0.7616533080027217
334,10,10658,0.8128464916011406
335,10,10659,0.8536684581389031
336,10,10660,0.7701372358548854
337,10,10661,0.817602458786929
338,10,10662,0.7831728769954118
339,10,10663,0.775528300420514
340,10,10664,0.8291036777996591
341,10,10665,0.8471857763472058
342,10,10666,0.7126638013647781
343,10,10667,0.8052016096633104
344,10,10668,0.7822168276068711
345,10,10669,0.7999578074419074
346,10,10670,0.7624822093528651
347,10,10671,0.7829040092682201
348,10,10672,0.7757358554573285
349,10,10673,0.7826392296258184
350,10,10674,0.7983146661094257
351,10,10675,0.7346004064948786
352,10,10676,0.7950741912770484
353,10,10677,0.7739593046495604
354,10,10678,0.737216465308198
355,10,10679,0.8490571858627459
356,10,10680,0.7856899010283608
357,10,10681,0.8307155544559163
358,10,10682,0.7975231769184272
359,10,10683,0.8325841153883154
360,10,10684,0.7310349268927461
361,10,10685,0.7759157010088009
362,10,10686,0.8094980136180916
363,10,10687,0.7464113823537315
364,10,10688,0.7498597316887406
365,10,10689,0.6866320883411736
366,10,10690,0.8452187840871159
367,10,10691,0.7829970866441728
368,10,10692,0.8283466151028517
369,10,10693,0.7967649104650177
370,10,10694,0.8106777678642955
371,10,10695,0.7906069465291996
372,10,10696,0.7964247267781979
373,10,10697,0.8352621480423427
374,10,10698,0.7612103924288283
375,10,10699,0.8094350025944765
376,10,10700,0.7919674491110658
377,10,10701,0.7403941883129024
378,10,10702,0.7009282990669211
379,10,10703,0.7710013673419044
380,10,10704,0.7483490748064857
381,10,10705,0.7853837805755791
382,10,10706,0.815362845148359
383,10,10707,0.8322563552341999
384,10,10708,0.768469266504759
385,10,10709,0.8417805328166911
386,10,10710,0.8370769331009971
387,10,10711,0.7260698764363215
388,10,10712,0.8748094572552613
389,10,10713,0.7853721860086637
390,10,10714,0.8132684444786892
391,10,10715,0.749022445197971
392,10,10716,0.8095913260199484
393,10,10717,0.8180128784096311
394,10,10718,0.7445658189466311
395,10,10719,0.7822548140594292
396,10,10720,0.7966690801882319
397,10,10721,0.7840790077156964
398,10,10722,0.7895666323602201
399,10,10723,0.7085989988630725
400,10,10724,0.7205215585418047
401,10,10725,0.8005470296900188
402,10,10726,0.7762687349071106
403,10,10727,0.7633765022314731
404,10,10728,0.7710518495268409
405,10,10729,0.7949248682707549
406,10,10730,0.7432710240107205
407,10,10731,0.8477488762610368
408,10,10732,0.7830809917123546
409,10,10733,0.8034336399508729
410,10,10734,0.8244236959144472
411,10,10735,0.7990694097243248
412,10,10736,0.7924348113703584
413,10,10737,0.7861565267223688
414,10,10738,0.8635088478525479
415,10,10739,0.8196262094147859
416,10,10740,0.763750968700541
417,10,10741,0.7985378147679427
418,10,10742,0.7946633799445062
419,10,10743,0.78107878778662
420,10,10744,0.8722315081173465
421,10,10745,0.7918139696121217
422,10,10746,0.7572614707806635
423,10,10747,0.7980466576825294
424,10,10748,0.7388276302787875
425,10,10749,0.7675352936300138
426,10,10750,0.774074304893258
427,10,10751,0.7781136175617575
428,10,10752,0.7590480006654702
429,10,10753,0.7746823665331164
430,10,10754,0.7938901837028209
431,10,10755,0.8475927891032325
432,10,10756,0.798359525234749
433,10,10757,0.8367774571691243
434,10,10758,0.7960497825628233
435,10,10759,0.7748815743474378
436,10,10760,0.7954445747614263
437,10,10761,0.7868851998022626
438,10,10762,0.7327055274287151
439,10,10763,0.7882815373263189
440,10,10764,0.8030607444899421
441,10,10765,0.7947951741738334
442,10,10766,0.8057986434238653
443,10,10767,0.7674075740921711
444,10,10768,0.8174272260761687
445,10,10769,0.8517665113987667
446,10,10770,0.7763564725007329
447,10,10771,0.7491180983017244
448,10,10772,0.72913178752753
449,10,10773,0.7815084375795864
450,10,10774,0.8403377695053461
451,10,10775,0.7841093842206258
452,10,10776,0.7970765810681594
453,10,10777,0.8180950337666132
454,10,10778,0.7973428626234332
455,10,10779,0.8268446401648578
456,10,10780,0.7338285265889551
457,10,10781,0.8080748243789588
458,10,10782,0.8856418840808884
459,10,10783,0.853201583737419
460,10,10784,0.7763152802363038
461,10,10785,0.8183946801970402
462,10,10786,0.7575406495126942
463,10,10787,0.7268971233140854
464,10,10788,0.8013762097717042
465,10,10789,0.780984646640718
466,10,10790,0.7631098691019275
467,10,10791,0.8298016776818603
468,10,10792,0.7551363116085883
469,10,10793,0.8021603065232437
470,10,10794,0.7412718693459673
471,10,10795,0.7932017485256353
472,10,10796,0.8017434091085481
473,10,10797,0.7868498033577842
474,10,10798,0.77620378300725
475,10,10799,0.7916355909158788
476,10,10800,0.7661567211062426
477,10,10801,0.8307093340193941
478,10,10802,0.7437756580433676
479,10,10803,0.76437577995516
480,10,10804,0.7707043013845883
481,10,10805,0.815990381608052
482,10,10806,0.7883734076860404
483,10,10807,0.7419147850457756
484,10,10808,0.7817987051482004
485,10,10809,0.8282275799927966
486,10,10810,0.7779900038703567
487,10,10811,0.8694731745691526
488,10,10812,0.8211449951465639
489,10,10813,0.819842020870142
490,10,10814,0.774960756124485
491,10,10815,0.7890695517971401
492,10,10816,0.7970012478042572
493,10,10817,0.7738630777845781
494,10,10818,0.7858542983109753
495,10,10819,0.814518829031537
496,10,10820,0.7060949931453381
497,10,10821,0.8251135003353868
498,10,10822,0.7953926712230204
499,10,10823,0.7880890890068952
500,10,10824,0.8139667661328402
501,10,10825,0.7835688041966584
502,10,10826,0.8126520816502827
503,10,10827,0.8241684283351614
504,10,10828,0.7909738517898536
505,10,10829,0.7714575443505529
506,10,10830,0.8132953057065605
507,10,10831,0.8744445852935313
508,10,10832,0.8085617266950154
509,10,10833,0.8314471565009584
510,10,10834,0.7751814544954827
511,10,10835,0.8065071282464834
512,10,10836,0.773131151328839
513,10,10837,0.7787061847435931
514,10,10838,0.71992285469813
515,10,10839,0.8195769297668624
516,10,10840,0.7390629038037287
517,10,10841,0.8298580391066414
518,10,10842,0.7590893726973309
519,10,10843,0.911022204240518
520,10,10844,0.7943231855031279
521,10,10845,0.7441788766799229
522,10,10846,0.8063334724422367
523,10,10847,0.8433442923816896
524,10,10848,0.7825786069124228
525,10,10849,0.7861117507508466
526,10,10850,0.8557941524666688
527,10,10851,0.8192198445488299
528,10,10852,0.8187435432558968
529,10,10853,0.8213343382591294
530,10,10854,0.817913733733197
531,10,10855,0.7489118186668272
532,10,10856,0.8455615292658054
533,10,10857,0.8402883954612272
534,10,10858,0.7945748705062127
535,10,10859,0.7947719574772887
536,10,10860,0.8162766809442213
537,10,10861,0.8856930118941126
538,10,10862,0.7646002063660751
539,10,10863,0.8339074081741271
540,10,10864,0.8192717457589294
541,10,10865,0.8008003247502659
542,10,10866,0.7959761000681843
543,10,10867,0.9169325625435228
544,10,10868,0.7698001324953067
545,10,10869,0.7751151543288004
546,10,10870,0.8028214481614886
547,10,10871,0.8638173771046457
548,10,10872,0.8142585801847636
549,10,10873,0.8354990435098962
550,10,10874,0.8020450389456181
551,10,10875,0.8055697949159712
552,10,10876,0.8290782390339744
553,10,10877,0.7691377039466588
554,10,10878,0.7772860982056176
555,10,10879,0.7892468068305225
556,10,10880,0.8290067667230254
557,10,10881,0.7905067089678985
558,10,10882,0.8015715000884874
559,10,10883,0.7616611495614051
560,10,10884,0.7891440166692649
561,10,10885,0.7994174366550786
562,10,10886,0.7282191362852852
563,10,10887,0.7723766674864152
564,10,10888,0.790275105363911
565,10,10889,0.8304942703051936
566,10,10890,0.7701132610395907
567,10,10891,0.786468123795376
568,10,10892,0.8212695092938486
569,10,10893,0.8199934799756324
570,10,10894,0.7807224521723888
571,10,10895,0.8568679985058094
572,10,10896,0.7410782962771401
573,10,10897,0.7749183436944372
574,10,10898,0.8148247831101928
575,10,10899,0.8069003324157428
576,10,10900,0.7958098661065811
577,10,10901,0.8292682732100642
578,10,10902,0.80350631666148
579,10,10903,0.8034632939268791
580,10,10904,0.8043673398150574
581,10,10905,0.7581441337907954
582,10,10906,0.8400201142011654
583,10,10907,0.7894249223172664
584,10,10908,0.8171237274294808
585,10,10909,0.766781233960674
586,10,10910,0.7777963681589988
587,10,10911,0.8288082593963261
588,10,10912,0.7610486041133603
589,10,10913,0.8057666179014459
590,10,10914,0.8369994720532781
591,10,10915,0.7659044258651279
592,10,10916,0.7609548256954267
593,10,10917,0.824267833560173
594,10,10918,0.803730315661856
595,10,10919,0.7669477474964446
596,10,10920,0.8876836914347395
597,10,10921,0.8087554403713771
598,10,10922,0.8031419582798014
599,10,10923,0.8160178090578744
600,10,10924,0.8469228959154514
601,10,10925,0.8057350952045196
602,10,10926,0.7743998812068074
603,10,10927,0.785929944388391
604,10,10928,0.7751142800829949
605,10,10929,0.821288892334061
606,10,10930,0.7598876056394406
607,10,10931,0.7653675615521415
608,10,10932,0.8203540052553372
609,10,10933,0.7949012430118663
610,10,10934,0.7736134458155859
611,10,10935,0.8464391674136832
612,10,10936,0.7673476920019657
613,10,10937,0.8054985001993674
614,10,10938,0.7843270594520229
615,10,10939,0.773363947025722
616,10,10940,0.8449941093900374
617,10,10941,0.8256920043911254
618,10,10942,0.7595247888183664
619,10,10943,0.7973631354314942
620,10,10944,0.784516542617764
621,10,10945,0.7939186621279942
622,10,10946,0.7983011115076288
623,10,10947,0.8459787629544734
624,10,10948,0.721211852239711
625,10,10949,0.770690714629988
626,10,10950,0.7900934882816815
627,10,10951,0.8282198778220585
628,10,10952,0.7547551458258005
629,10,10953,0.7963942744813504
630,10,10954,0.8254792419306579
631,10,10955,0.8847554492808524
632,10,10956,0.8125744809707008
633,10,10957,0.8153350807371591
634,10,10958,0.8083696029193342
635,10,10959,0.7914733309520496
636,10,10960,0.7307802452927543
637,10,10961,0.7804719485298154
638,10,10962,0.8337167834951765
639,10,10963,0.7633698505039016
640,10,10964,0.8439448302434311
641,10,10965,0.7922931656773602
642,10,10966,0.8306715821714273
643,10,10967,0.8443502265339096
644,10,10968,0.7915687456593982
645,10,10969,0.7673811097629368
646,10,10970,0.724810757807323
647,10,10971,0.8326994259619996
648,10,10972,0.8234279008493534
649,10,10973,0.7273712258874659
650,10,10974,0.7824801512594735
651,10,10975,0.7340488230720872
652,10,10976,0.747811686491505
653,10,10977,0.8010577918473809
654,10,10978,0.8177739211491175
655,10,10979,0.7641162492246145
656,10,10980,0.7999700865752639
657,10,10981,0.8153989599308089
658,10,10982,0.7643034185637677
659,10,10983,0.8088294659696874
660,10,10984,0.7752705237473405
661,10,10985,0.8349775428484594
662,10,10986,0.7700938024513779
663,10,10987,0.8067580949115967
664,10,10988,0.7957349664398603
665,10,10989,0.8086887031261412
666,10,10990,0.7012644134727972
667,10,10991,0.818813716992736
668,10,10992,0.7940717288071203
669,10,10993,0.7462293665767424
670,10,10994,0.7500038468944175
671,10,10995,0.7668412598958684
672,10,10996,0.8277430576937541
673,10,10997,0.7969455199670933
674,10,10998,0.743325770123019
675,10,10999,0.8108491552771911
676,10,11000,0.7909630133016478
677,10,11001,0.7698877782649582
678,10,11002,0.7678567415014618
679,10,11003,0.7971630819541002
680,10,11004,0.7980377880324211
681,10,11005,0.8045097100326704
682,10,11006,0.8086612644117502
683,10,11007,0.7660480033428896
684,10,11008,0.7510525363364388
685,10,11009,0.8257403654002008
686,10,11010,0.7194490531415102
687,10,11011,0.7457606553410491
688,10,11012,0.7926643962439684
689,10,11013,0.7929988760678544
690,10,11014,0.8170475724064521
691,10,11015,0.8195942130738071
692,10,11016,0.7915945997727767
693,10,11017,0.78963803213888
694,10,11018,0.82447773519726
695,10,11019,0.8132441977172026
696,10,11020,0.7868738035405323
697,10,11021,0.7928183357275668
698,10,11022,0.7691942998873338
699,10,11023,0.8298372102990037
700,10,11024,0.827535933947989
701,10,11025,0.8022197441064888
702,10,11026,0.8411832050464694
703,10,11027,0.8436858293689077
704,10,11028,0.75039383032847
705,10,11029,0.789046868260595
706,10,11030,0.7788217262631014
707,10,11031,0.8077785851699966
708,10,11032,0.7288633000903896
709,10,11033,0.821078772102261
710,10,11034,0.7833685829703295
711,10,11035,0.7741423827995145
712,10,11036,0.8214787155212391
713,10,11037,0.7817338548955461
714,10,11038,0.8054958034218068
715,10,11039,0.7817452722450806
716,10,11040,0.8358199776682472
717,10,11041,0.762311632811491
718,10,11042,0.8709614032302939
719,10,11043,0.7399899408753429
720,10,11044,0.7750266210530838
721,10,11045,0.8333925875347286
722,10,11046,0.8479761633844602
723,10,11047,0.7777722332005699
724,10,11048,0.7741978138773924
725,10,11049,0.7639985002932094
726,10,11050,0.7644577321951233
727,10,11051,0.8352673908784277
728,10,11052,0.8088111553474194
729,10,11053,0.7856053573833335
730,10,11054,0.7993101738393308
731,10,11055,0.8569732603971804
732,10,11056,0.7817791472410872
733,10,11057,0.8075239957044167
734,10,11058,0.7566554320621347
735,10,11059,0.7575148451363756
736,10,11060,0.8030883133234011
737,10,11061,0.7671067967035231
738,10,11062,0.7750660063078008
739,10,11063,0.795519353910571
740,10,11064,0.7874796343523832
741,10,11065,0.7441567617158094
742,10,11066,0.8205598657507273
743,10,11067,0.783135805877724
744,10,11068,0.8492043367143544
745,10,11069,0.7679523589710395
746,10,11070,0.8036790291024815
747,10,11071,0.83093308480013
748,10,11072,0.8686247202346012
749,10,11073,0.7383757503481493
750,10,11074,0.7388952370023444
751,10,11075,0.8070212101475113
752,10,11076,0.8220270393150193
753,10,11077,0.8462710970391828
754,10,11078,0.8452482210427876
755,10,11079,0.7939099649499568
756,10,11080,0.8431912342175132
757,10,11081,0.7616543493100574
758,10,11082,0.7487992279320245
759,10,11083,0.8089445523828979
760,10,11084,0.8100016767247803
761,10,11085,0.8034843764755698
762,10,11086,0.7667505322467714
763,10,11087,0.806633687267701
764,10,11088,0.7805814274719783
765,10,11089,0.8360468820624407
766,10,11090,0.7601113728513677
767,10,11091,0.8151635017600798
768,10,11092,0.779351309895338
769,10,11093,0.9139050274555172
770,10,11094,0.8220057419412549
771,10,11095,0.743807590721796
772,10,11096,0.7939675177137057
773,10,11097,0.844275247837816
774,10,11098,0.7560465342941738
775,10,11099,0.8193595423141407
776,10,11100,0.7579511174311241
777,10,11101,0.7397571412314262
778,10,11102,0.8151949255815929
779,10,11103,0.8145648513344073
780,10,11104,0.8384559411289436
781,10,11105,0.8014650557278874
782,10,11106,0.7722504028961771
783,10,11107,0.811163425600777
784,10,11108,0.8470186522629644
785,10,11109,0.7475556999533659
786,10,11110,0.7745632866308803
787,10,11111,0.7968155596227873
788,10,11112,0.7919154168505754
789,10,11113,0.8014107740794619
790,10,11114,0.7922384553101091
791,10,11115,0.8189012924918816
792,10,11116,0.8152809732460549
793,10,11117,0.7643532129448082
794,10,11118,0.7627862893222344
795,10,11119,0.7205247085630184
796,10,11120,0.753723076145564
797,10,11121,0.8230812090360339
798,10,11122,0.7584191272478727
799,10,11123,0.8097573864672867
800,10,11124,0.7883557747339918
801,10,11125,0.7647918622852082
802,10,11126,0.7645839723714051
803,10,11127,0.7791028804633591
804,10,11128,0.749998421984769
805,10,11129,0.7864919274247119
806,10,11130,0.825209555437877
807,10,11131,0.7983016122043842
808,10,11132,0.7373100807003322
809,10,11133,0.7752813152481051
810,10,11134,0.8629036357271529
811,10,11135,0.7803361343796408
812,10,11136,0.8378984484200677
813,10,11137,0.8037619635994945
814,10,11138,0.8204211590900309
815,10,11139,0.8235980997394239
816,10,11140,0.7715874206097354
817,10,11141,0.7757449394890241
818,10,11142,0.7789394854612293
819,10,11143,0.803141623735428
820,10,11144,0.8382473490866169
821,10,11145,0.8239170064085295
822,10,11146,0.7897504810687332
823,10,11147,0.8923693420365455
824,10,11148,0.8281267738147152
825,10,11149,0.7778213559871627
826,10,11150,0.7579600659110362
827,10,11151,0.7892048403265931
828,10,11152,0.8045144057167429
829,10,11153,0.8042664935901053
830,10,11154,0.807896062731743
831,10,11155,0.8385538231758844
832,10,11156,0.8155069552982848
833,10,11157,0.8173607134348936
834,10,11158,0.7629547522048511
835,10,11159,0.7553221258733952
836,10,11160,0.875314842820877
837,10,11161,0.8364244028038923
838,10,11162,0.8439388739477311
839,10,11163,0.827436661724711
840,10,11164,0.7529796743765473
841,10,11165,0.8212472193297884
842,10,11166,0.7999451352017266
843,10,11167,0.8102547792673465
844,10,11168,0.7379695925684203
845,10,11169,0.7997667749767147
846,10,11170,0.8252563601182329
847,10,11171,0.8305439026361064
848,10,11172,0.841427866768624
849,10,11173,0.7538450231021716
850,10,11174,0.8245722288265821
851,10,11175,0.794368786426882
852,10,11176,0.7474460204442342
853,10,11177,0.8660070811886162
854,10,11178,0.7983063351185552
855,10,11179,0.7677685773842745
856,10,11180,0.7279086521871034
857,10,11181,0.7864321013025585
858,10,11182,0.7434501541955838
859,10,11183,0.8787254712854824
860,10,11184,0.7517379445378625
861,10,11185,0.7825737078452393
862,10,11186,0.818118289268265
863,10,11187,0.7905278943833851
864,10,11188,0.7728967696561344
865,10,11189,0.8039123678491228
866,10,11190,0.8002237526788599
867,10,11191,0.842796525563158
868,10,11192,0.741655027449486
869,10,11193,0.7714356133448227
870,10,11194,0.7615142622519107
871,10,11195,0.7372496874027308
872,10,11196,0.8432881484429043
873,10,11197,0.7628299958028253
874,10,11198,0.8069730149138542
875,10,11199,0.8113441894806566
876,10,11200,0.8311345021772596
877,10,11201,0.8783934782480911
878,10,11202,0.7971007411279493
879,10,11203,0.8087505384215286
880,10,11204,0.775932831157531
881,10,11205,0.7670171481911979
882,10,11206,0.7957817861322491
883,10,11207,0.745258620075349
884,10,11208,0.8263187945953436
885,10,11209,0.8098475150320503
886,10,11210,0.801362021715336
887,10,11211,0.7970067893953195
888,10,11212,0.8513547912949608
889,10,11213,0.7997848052708876
890,10,11214,0.770030870501484
891,10,11215,0.8376932686771311
892,10,11216,0.8056598129637895
893,10,11217,0.8576034640095066
894,10,11218,0.8324856552339737
895,10,11219,0.8321460064367525
896,10,11220,0.7906282181363732
897,10,11221,0.8420374009403444
898,10,11222,0.7666911984394704
899,10,11223,0.8560845328583602
900,10,11224,0.7877470812804641
901,10,11225,0.7558889572198191
902,10,11226,0.7698776045415019
903,10,11227,0.8283916315995159
904,10,11228,0.776794647664896
905,10,11229,0.8617797592388733
906,10,11230,0.743378669999185
907,10,11231,0.7547737085038708
908,10,11232,0.8414025435091129
909,10,11233,0.7991563126755257
910,10,11234,0.7909531442980683
911,10,11235,0.8160050655049936
912,10,11236,0.8998984734838207
913,10,11237,0.8552302268466778
914,10,11238,0.8488884916351664
915,10,11239,0.8492694116596663
916,10,11240,0.7678829866594504
917,10,11241,0.7700663263510379
918,10,11242,0.765696685051634
919,10,11243,0.8585587725752873
920,10,11244,0.8224866929508391
921,10,11245,0.8107112498421754
922,10,11246,0.8432994682696602
923,10,11247,0.8316126736767943
924,10,11248,0.7593017837165722
925,10,11249,0.8316593485928718
926,10,11250,0.763376062647218
927,10,11251,0.7837731987903162
928,10,11252,0.7949680217674798
929,10,11253,0.8048787795539413
930,10,11254,0.7506685596447261
931,10,11255,0.8267008318077951
932,10,11256,0.7477885161836942
933,10,11257,0.8285452329464966
934,10,11258,0.8500879784114659
935,10,11259,0.7414988702429193
936,10,11260,0.7749554443261807
937,10,11261,0.7708877052978745
938,10,11262,0.7870550908015245
939,10,11263,0.8132975811050053
940,10,11264,0.8297433499025091
941,10,11265,0.838907001806157
942,10,11266,0.7761632132432648
943,10,11267,0.7799135784042024
944,10,11268,0.8449763754560125
945,10,11269,0.7751064980846077
946,10,11270,0.8226639572530986
947,10,11271,0.8239063421441685
948,10,11272,0.8248549331245678
949,10,11273,0.7914258796233861
950,10,11274,0.8032562086092576
951,10,11275,0.7600296107786043
952,10,11276,0.7951348669206103
953,10,11277,0.7954168676265648
954,10,11278,0.8942662825187045
955,10,11279,0.7406583531271844
956,10,11280,0.7726469473647218
957,10,11281,0.772333281713405
958,10,11282,0.8317323387156994
959,10,11283,0.766335425277551
960,10,11284,0.8080072522695576
961,10,11285,0.8090042259011949
962,10,11286,0.7543382391422276
963,10,11287,0.8651180593740371
964,10,11288,0.753354776695016
965,10,11289,0.8000938540901101
966,10,11290,0.8570021513317312
967,10,11291,0.8226050255110575
968,10,11292,0.7920003317606944
969,10,11293,0.7885350808722987
970,10,11294,0.8064707493232118
971,10,11295,0.7741756770937216
972,10,11296,0.7851018094502035
973,10,11297,0.929694836648802
974,10,11298,0.8009267055562564
975,10,11299,0.8059539892267258
976,10,11300,0.8037918635777065
977,10,11301,0.7889805604659375
978,10,11302,0.8000705355689638
979,10,11303,0.7640508023046313
980,10,11304,0.7923478096989648
981,10,11305,0.7110408589332584
982,10,11306,0.7715897588059306
983,10,11307,0.7876851654700224
984,10,11308,0.7279336774899136
985,10,11309,0.8367510157016418
986,10,11310,0.8147410297145444
987,10,11311,0.8013466249796608
988,10,11312,0.7823355958486597
989,10,11313,0.808469988560925
990,10,11314,0.7679594407257223
991,10,11315,0.7243077079100266
992,10,11316,0.769677966921812
993,10,11317,0.7062320199218535
994,10,11318,0.7465001775084863
995,10,11319,0.8033384632407908
996,10,11320,0.8801820993512158
997,10,11321,0.8020269633492544
998,10,11322,0.8042225752558024
999,10,11323,0.8033343347765151
1000,10,11324,0.8149944731876964
1001,10,11325,0.785306576018532
1002,10,11326,0.853800904981437
1003,10,11327,0.8196981711579222
1004,10,11328,0.8339746648977908
1005,10,11329,0.8115751008680535
1006,10,11330,0.8195713762460011
1007,10,11331,0.7949061939448471
1008,10,11332,0.7922033870237923
1009,10,11333,0.7735561870393298
1010,10,11334,0.8131811774912334
1011,10,11335,0.8110260087109747
1012,10,11336,0.8317418563445763
1013,10,11337,0.7719762425293167
1014,10,11338,0.8087997439406103
1015,10,11339,0.7522427758335004
1016,10,11340,0.8175309003729905
1017,10,11341,0.8156586700961702
1018,10,11342,0.7963911985002813
1019,10,11343,0.8053540649513403
1020,10,11344,0.7243152044802194
1021,10,11345,0.7586466275111194
1022,10,11346,0.8142108428513719
1023,10,11347,0.7877702755587441
1024,10,11348,0.7710231036346937
1025,10,11349,0.8917946205252695
1026,10,11350,0.8447862267050713
1027,10,11351,0.7950894853898455
1028,10,11352,0.8007023393930425
1029,10,11353,0.7431610631091252
1030,10,11354,0.7424078930080646
1031,10,11355,0.8530022211018065
1032,10,11356,0.7652087381686128
1033,10,11357,0.8436066186099889
1034,10,11358,0.8163559092208744
1035,10,11359,0.8115933764548529
1036,10,11360,0.7531815222907989
1037,10,11361,0.7590781484198357
1038,10,11362,0.8668510637113027
1039,10,11363,0.825766209512949
1040,10,11364,0.8144168073222748
1041,10,11365,0.8013987652735696
1042,10,11366,0.7970401940069028
1043,10,11367,0.7740137867097343
1044,10,11368,0.8746636353566178
1045,10,11369,0.8066642960710896
1046,10,11370,0.8984403759684589
1047,10,11371,0.7813342732953883
1048,10,11372,0.845149882492565
1049,10,11373,0.8487307804503611
1050,10,11374,0.7886453583348719
1051,10,11375,0.8100987486097785
1052,10,11376,0.8008487723723408
1053,10,11377,0.8810095205193476
1054,10,11378,0.792456502161388
1055,10,11379,0.8110165972085224
1056,10,11380,0.7922870113647409
1057,10,11381,0.7995368358679117
1058,10,11382,0.8362995593897288
1059,10,11383,0.7710983311047865
1060,10,11384,0.8511856368609838
1061,10,11385,0.8131589250905173
1062,10,11386,0.8348492263328461
1063,10,11387,0.822258579677769
1064,10,11388,0.8209139897621102
1065,10,11389,0.7639930609258869
1066,10,11390,0.795857489596875
1067,10,11391,0.774423433024259
1068,10,11392,0.7579466214492206
1069,10,11393,0.8106036341216947
1070,10,11394,0.7919757476608666
1071,10,11395,0.8169402002046505
1072,10,11396,0.7489210276731424
1073,10,11397,0.7800573528345142
1074,10,11398,0.7367458954630866
1075,10,11399,0.7456184771976301
1076,10,11400,0.7991464008532819
1077,10,11401,0.7810200116197977
1078,10,11402,0.782318565994501
1079,10,11403,0.7639335025811478
1080,10,11404,0.8146435728828821
1081,10,11405,0.8663076523336625
1082,10,11406,0.8507890850305557
1083,10,11407,0.8332082201682384
1084,10,11408,0.8797079465529393
1085,10,11409,0.7942285522641171
1086,10,11410,0.7955552282344022
1087,10,11411,0.8675295116956392
1088,10,11412,0.7484096227479831
1089,10,11413,0.7915530919673897
1090,10,11414,0.7864337156393697
1091,10,11415,0.8115225410798477
1092,10,11416,0.7710538749538717
1093,10,11417,0.8210805675369643
1094,10,11418,0.7619532088616063
1095,10,11419,0.7860519321901458
1096,10,11420,0.8674517630909878
1097,10,11421,0.7873933815752111
1098,10,11422,0.7996428982088606
1099,10,11423,0.8461323685145804
1100,10,11424,0.8422595415752204
1101,10,11425,0.7772385878044935
1102,10,11426,0.7626949616131329
1103,10,11427,0.7854685979185715
1104,10,11428,0.7938967699495456
1105,10,11429,0.7645833525540573
1106,10,11430,0.7581605255559443
1107,10,11431,0.819903545436405
1108,10,11432,0.8519753226566882
1109,10,11433,0.7617791056233859
1110,10,11434,0.7469883354912912
1111,10,11435,0.7755617035020675
1112,10,11436,0.7927299913994614
1113,10,11437,0.7897708938412722
1114,10,11438,0.8115532174484715
1115,10,11439,0.82054019677231
1116,10,11440,0.7089580863359429
1117,10,11441,0.8456497043371201
1118,10,11442,0.8514522509649395
1119,10,11443,0.8011852474661456
1120,10,11444,0.777542764232272
1121,10,11445,0.7480894237579334
1122,10,11446,0.7558532905365739
1123,10,11447,0.7875197396746704
1124,10,11448,0.854386120191997
1125,10,11449,0.8131821101664434
1126,10,11450,0.7853519961326604
1127,10,11451,0.796462206436055
1128,10,11452,0.7640957021198813
1129,10,11453,0.726335712531138
1130,10,11454,0.7468957027553447
1131,10,11455,0.8702163455032169
1132,10,11456,0.8160319311012116
1133,10,11457,0.7384060018784587
1134,10,11458,0.7621389899314157
1135,10,11459,0.745249120895529
1136,10,11460,0.7544571542003681
1137,10,11461,0.7646578105964831
1138,10,11462,0.8361964920713078
1139,10,11463,0.8210368695713224
1140,10,11464,0.788152431670044
1141,10,11465,0.7345917844878774
1142,10,11466,0.7865233102458573
1143,10,11467,0.802224014974421
1144,10,11468,0.8145954851948081
1145,10,11469,0.8230277604556511
1146,10,11470,0.7983581383180405
