batch_in_epoch,did_refresh,epoch,global_step,step_wall_seconds,train_loss
0,False,1,1,2.0910284519195557,2.500295464481626
1,False,1,2,0.40250420570373535,2.7611376742521916
2,False,1,3,0.44545984268188477,1.8578590665544785
3,False,1,4,0.4045734405517578,1.7892293561072579
4,False,1,5,0.4448435306549072,1.7194641062191554
5,False,1,6,0.4092278480529785,1.5813332200050356
6,False,1,7,0.42968201637268066,1.534624591469765
7,False,1,8,0.4178316593170166,1.579751370918183
8,False,1,9,0.4079580307006836,1.5020053620849336
9,False,1,10,0.4161078929901123,1.5238341068228087
10,False,1,11,0.4156339168548584,1.4599389235178626
11,False,1,12,0.4050736427307129,1.441206694713661
12,False,1,13,0.414247989654541,1.4818466234774816
13,False,1,14,0.4289677143096924,1.419609968860944
14,False,1,15,0.40573668479919434,1.3334709716339908
15,False,1,16,0.4171459674835205,1.4736482018516182
16,False,1,17,0.437471866607666,1.4362895644846416
17,False,1,18,0.415438175201416,1.3968865995605788
18,False,1,19,0.4086794853210449,1.3551680942376452
19,False,1,20,0.43532705307006836,1.3321472654740014
20,False,1,21,0.4113633632659912,1.4003897706667583
21,False,1,22,0.4035942554473877,1.3001532370135898
22,False,1,23,0.44499754905700684,1.3266391959928332
23,False,1,24,0.4196324348449707,1.2919227395738875
24,False,1,25,0.4091508388519287,1.3986889322598774
25,False,1,26,0.44382238388061523,1.3389642841759184
26,False,1,27,0.4084744453430176,1.2932245720710076
27,False,1,28,0.406461238861084,1.3309196169887272
28,False,1,29,0.41932201385498047,1.3006570938797226
29,False,1,30,0.40445852279663086,1.3299867170197623
30,False,1,31,0.41881251335144043,1.3405518645331975
31,False,1,32,0.4075050354003906,1.3704916817091757
32,False,1,33,0.42079925537109375,1.2827649911244712
33,False,1,34,0.40860652923583984,1.3130140574205489
34,False,1,35,0.4073488712310791,1.2944919055416473
35,False,1,36,0.4506361484527588,1.2702539964091208
36,False,1,37,0.41873717308044434,1.2377576529979706
37,False,1,38,0.40590524673461914,1.2705130775769553
38,False,1,39,0.44930028915405273,1.282674207573845
39,False,1,40,0.4093916416168213,1.258567837732179
40,False,1,41,0.4080374240875244,1.2901817624058043
41,False,1,42,0.44942188262939453,1.2211900764987582
42,False,1,43,0.4051485061645508,1.2493997272990995
43,False,1,44,0.41675782203674316,1.2566068598202296
44,False,1,45,0.43875622749328613,1.1823499802322612
45,False,1,46,0.4034736156463623,1.2695616561742056
46,False,1,47,0.40683531761169434,1.3063334098884036
47,False,1,48,0.42337989807128906,1.307896838833888
48,False,1,49,0.41614556312561035,1.3143964558839796
49,False,1,50,0.41950082778930664,1.233228305975596
50,False,1,51,0.4128565788269043,1.2735240700699035
51,False,1,52,0.44336581230163574,1.2597642015843167
52,False,1,53,0.4101395606994629,1.3030868169097674
53,False,1,54,0.4165341854095459,1.220116779562973
54,False,1,55,0.4361584186553955,1.320443179635774
55,False,1,56,0.4064154624938965,1.2341883563924405
56,False,1,57,0.4204130172729492,1.323371471393676
57,False,1,58,0.4325995445251465,1.250467747449875
58,False,1,59,0.41768789291381836,1.2307302369957878
59,False,1,60,0.40552234649658203,1.213691777416638
60,False,1,61,0.44138097763061523,1.2553923236472264
61,False,1,62,0.4190495014190674,1.1873128101939248
62,False,1,63,0.4092700481414795,1.2418498442996118
63,False,1,64,0.40476155281066895,1.296022429352715
64,False,1,65,0.4451756477355957,1.222877983890829
65,False,1,66,0.4061400890350342,1.2700858031000408
66,False,1,67,0.41652441024780273,1.24821290515718
67,False,1,68,0.4362363815307617,1.2367854501519884
68,False,1,69,0.40651416778564453,1.2270067004220826
69,False,1,70,0.4501967430114746,1.2095172192369188
70,False,1,71,0.40552568435668945,1.2124621963926725
71,False,1,72,0.4488949775695801,1.2364836373322068
72,False,1,73,0.40589046478271484,1.1592889726161957
73,False,1,74,0.4151015281677246,1.2184023619407702
74,False,1,75,0.41692137718200684,1.190825018144789
75,False,1,76,0.4043700695037842,1.2995922352586475
76,False,1,77,0.40686893463134766,1.233146404226621
77,False,1,78,0.4166586399078369,1.1172437385788985
78,False,1,79,0.4339587688446045,1.167579858785584
79,False,1,80,0.41517043113708496,1.2392249777913094
80,False,1,81,0.4070606231689453,1.1413495192925134
81,False,1,82,0.44707226753234863,1.207017472812108
82,False,1,83,0.4195683002471924,1.2040451438654038
83,False,1,84,0.4071645736694336,1.2241647048365503
84,False,1,85,0.4486091136932373,1.1875371109871637
85,False,1,86,0.40735745429992676,1.1581340162526994
86,False,1,87,0.4167354106903076,1.2372780804123198
87,False,1,88,0.4499092102050781,1.2327038936671755
88,False,1,89,0.4051051139831543,1.1782122194057423
89,False,1,90,0.40540361404418945,1.1837849042245319
90,False,1,91,0.44740748405456543,1.1933362292391914
91,False,1,92,0.40679121017456055,1.2165918609216102
92,False,1,93,0.41626477241516113,1.2099733664875942
93,False,1,94,0.40700483322143555,1.1830448621795289
94,False,1,95,0.40479135513305664,1.158402110139529
95,False,1,96,0.4201633930206299,1.2313282601535323
96,False,1,97,0.40721678733825684,1.1936981422560555
97,False,1,98,0.4173460006713867,1.1890252505739527
98,False,1,99,0.4073936939239502,1.1862795892215912
99,True,1,100,0.45549559593200684,1.1437427701339835
100,False,1,101,0.41909241676330566,1.5660927274397445
101,False,1,102,0.4078216552734375,1.4297645503566379
102,False,1,103,0.4062373638153076,1.414745326553072
103,False,1,104,0.4265573024749756,1.3513432883080982
104,False,1,105,0.40824103355407715,1.3316346094721838
105,False,1,106,0.4180316925048828,1.3811403030440916
106,False,1,107,0.4057896137237549,1.3141466095334005
107,False,1,108,0.4175896644592285,1.2909408240091234
108,False,1,109,0.4058952331542969,1.2861971911929904
109,False,1,110,0.44470906257629395,1.2793524407205126
110,False,1,111,0.41682887077331543,1.2612316721961614
111,False,1,112,0.4065537452697754,1.2446942258448828
112,False,1,113,0.44788384437561035,1.2561274965604143
113,False,1,114,0.4051504135131836,1.2675632678327104
114,False,1,115,0.4067718982696533,1.1986243582907172
115,False,1,116,0.446854829788208,1.1710296571254728
116,False,1,117,0.4074821472167969,1.1801837136348088
117,False,1,118,0.4077126979827881,1.1849473970276974
118,False,1,119,0.4455723762512207,1.1953626565989992
119,False,1,120,0.4066009521484375,1.190956901936304
120,False,1,121,0.41756391525268555,1.1228411474398203
121,False,1,122,0.4096262454986572,1.235027074104264
122,False,1,123,0.4055023193359375,1.2231780766021638
123,False,1,124,0.40701818466186523,1.2312586974529993
124,False,1,125,0.4053504467010498,1.176432199421383
125,False,1,126,0.4509897232055664,1.1784411264317378
126,False,1,127,0.40700793266296387,1.1705181556088582
127,False,1,128,0.4071323871612549,1.1880954369193033
128,False,1,129,0.44744181632995605,1.2216466331765767
129,False,1,130,0.4059286117553711,1.2220007365658172
130,False,1,131,0.4114189147949219,1.1282312323649724
131,False,1,132,0.40606212615966797,1.1239254517214639
132,False,1,133,0.4386157989501953,1.2463666470277879
133,False,1,134,0.42011451721191406,1.2357172887949714
134,False,1,135,0.43691110610961914,1.15486955004079
135,False,1,136,0.4084782600402832,1.1498278876145682
136,False,1,137,0.44909238815307617,1.208245141165597
137,False,1,138,0.4067573547363281,1.1647268448557173
138,False,1,139,0.4203195571899414,1.1180947337831773
139,False,1,140,0.43506431579589844,1.1584387010052088
140,False,1,141,0.4059567451477051,1.1965442094064893
141,False,1,142,0.4179809093475342,1.1877735072658175
142,False,1,143,0.45131635665893555,1.1421627288772944
143,False,1,144,0.40543317794799805,1.151747839791434
144,False,1,145,0.41998720169067383,1.0940429036106383
145,False,1,146,0.40662503242492676,1.2118434033223564
146,False,1,147,0.4180588722229004,1.1326372474431992
147,False,1,148,0.4078195095062256,1.1802134740920294
148,False,1,149,0.4237191677093506,1.1483271874132612
149,False,1,150,0.4066951274871826,1.1648808391321273
150,False,1,151,0.4137897491455078,1.1264707644780478
151,False,1,152,0.406569242477417,1.1503538837035496
152,False,1,153,0.4511444568634033,1.1781446635723116
153,False,1,154,0.41676831245422363,1.170065991935276
154,False,1,155,0.4201200008392334,1.1271689970578467
155,False,1,156,0.4362208843231201,1.1776736804417203
156,False,1,157,0.4191932678222656,1.1648137157871612
157,False,1,158,0.40714168548583984,1.1815085701999213
158,False,1,159,0.43353986740112305,1.1197562075796583
159,False,1,160,0.4196922779083252,1.1645106524229047
160,False,1,161,0.40711379051208496,1.1891703321820215
161,False,1,162,0.4437723159790039,1.13689102374372
162,False,1,163,0.4051063060760498,1.158349858153434
163,False,1,164,0.404207706451416,1.1930229011036102
164,False,1,165,0.42295193672180176,1.1609631521361214
165,False,1,166,0.4051499366760254,1.1614712498017719
166,False,1,167,0.41716861724853516,1.1380380321116674
167,False,1,168,0.41970133781433105,1.1660944280170258
168,False,1,169,0.4062478542327881,1.1412378208977834
169,False,1,170,0.42043328285217285,1.1872136819930303
170,False,1,171,0.40727949142456055,1.167100245044345
171,False,1,172,0.4170379638671875,1.1964209647405715
172,False,1,173,0.4075009822845459,1.183545441854568
173,False,1,174,0.40589356422424316,1.160282102369127
174,False,1,175,0.4518160820007324,1.1444513379108339
175,False,1,176,0.4050259590148926,1.1270192584821157
176,False,1,177,0.41860437393188477,1.169958863939558
177,False,1,178,0.435255765914917,1.167990799461092
178,False,1,179,0.4168834686279297,1.1211884607161793
179,False,1,180,0.4178123474121094,1.1376227012702398
180,False,1,181,0.451951265335083,1.1171655594593
181,False,1,182,0.40650296211242676,1.1448149752049217
182,False,1,183,0.4185020923614502,1.1740656009032615
183,False,1,184,0.4306514263153076,1.0972880341467406
184,False,1,185,0.4082043170928955,1.0941897467488337
185,False,1,186,0.40832972526550293,1.167123918022428
186,False,1,187,0.40635061264038086,1.1771326547577265
187,False,1,188,0.41789722442626953,1.1533575412772952
188,False,1,189,0.408627986907959,1.1160942167043684
189,False,1,190,0.4153115749359131,1.1355804077216558
190,False,1,191,0.43292808532714844,1.1986322076547713
191,False,1,192,0.4161241054534912,1.1552687535683313
192,False,1,193,0.4179050922393799,1.134860252340635
193,False,1,194,0.4501521587371826,1.1678213250069391
194,False,1,195,0.4029843807220459,1.118264974582763
195,False,1,196,0.4181678295135498,1.1718748935631345
196,False,1,197,0.4051969051361084,1.168585168463843
197,False,1,198,0.4478774070739746,1.1554433220908755
198,False,1,199,0.41379594802856445,1.1347354199914705
199,True,1,200,0.4755284786224365,1.1486498543194363
200,False,1,201,0.406383752822876,1.2215359863780795
201,False,1,202,0.4463322162628174,1.1484265870281627
202,False,1,203,0.4047071933746338,1.1152975729533605
203,False,1,204,0.41883420944213867,1.1144220098143534
204,False,1,205,0.4407479763031006,1.106235818493934
205,False,1,206,0.4075179100036621,1.0997484830163777
206,False,1,207,0.4181537628173828,1.0971209697780155
207,False,1,208,0.44934868812561035,1.150682815483638
208,False,1,209,0.40753865242004395,1.1282863723380225
209,False,1,210,0.4179959297180176,1.1279235099043166
210,False,1,211,0.43366336822509766,1.1640534741537911
211,False,1,212,0.4179654121398926,1.122467934730507
212,False,1,213,0.4083366394042969,1.128475336801438
213,False,1,214,0.41253209114074707,1.1931091866322925
214,False,1,215,0.4204103946685791,1.1342381615014303
215,False,1,216,0.4069688320159912,1.1224998384714127
216,False,1,217,0.41883087158203125,1.17825558639708
217,False,1,218,0.4058690071105957,1.1273819853862128
218,False,1,219,0.40703654289245605,1.1192235609605201
219,False,1,220,0.417400598526001,1.1451832730145681
220,False,1,221,0.40678906440734863,1.100203371473721
221,False,1,222,0.40880584716796875,1.0524588010850406
222,False,1,223,0.41490721702575684,1.1497388936224437
223,False,1,224,0.4052441120147705,1.0935064582597642
224,False,1,225,0.41588830947875977,1.1206165694055101
225,False,1,226,0.4049234390258789,1.130392943819364
226,False,1,227,0.4188413619995117,1.1084770237406096
227,False,1,228,0.40736937522888184,1.11214705627589
228,False,1,229,0.4176924228668213,1.0909379741975236
229,False,1,230,0.43601036071777344,1.121502493109022
230,False,1,231,0.40572166442871094,1.133025620664869
231,False,1,232,0.4191138744354248,1.0920780208848768
232,False,1,233,0.4509296417236328,1.1150420556465785
233,False,1,234,0.40502119064331055,1.1223970538093933
234,False,1,235,0.4186427593231201,1.1178155427887329
235,False,1,236,0.4400184154510498,1.0985149237371625
236,False,1,237,0.4206359386444092,1.0560871591525418
237,False,1,238,0.40520668029785156,1.0881798238981337
238,False,1,239,0.43927812576293945,1.0930706290971668
239,False,1,240,0.4204707145690918,1.0812370911950158
240,False,1,241,0.40639162063598633,1.0728730371310597
241,False,1,242,0.4375331401824951,1.1144359161456427
242,False,1,243,0.40669679641723633,1.1135483604101908
243,False,1,244,0.4188871383666992,1.1396496920358568
244,False,1,245,0.4182736873626709,1.1589704858405248
245,False,1,246,0.40660881996154785,1.1308601920803387
246,False,1,247,0.4085557460784912,1.1017187457709086
247,False,1,248,0.40855932235717773,1.0677216035269557
248,False,1,249,0.4358208179473877,1.030860884558587
249,False,1,250,0.41733813285827637,1.1058431193232536
250,False,1,251,0.4037759304046631,1.1113782319284622
251,False,1,252,0.44822025299072266,1.0756668125589688
252,False,1,253,0.4199085235595703,1.1159891578413192
253,False,1,254,0.4048337936401367,1.1569880034242355
254,False,1,255,0.44902539253234863,1.10456849918479
255,False,1,256,0.40482449531555176,1.1057619393936227
256,False,1,257,0.41796422004699707,1.0761285821596782
257,False,1,258,0.4189438819885254,1.0877480217743487
258,False,1,259,0.4374089241027832,1.107249576066221
259,False,1,260,0.4052906036376953,1.1302083404291243
260,False,1,261,0.40761399269104004,1.1267548650503159
261,False,1,262,0.43714141845703125,1.1119518081347148
262,False,1,263,0.41701722145080566,1.1754612702698934
263,False,1,264,0.43728160858154297,1.1260227433272771
264,False,1,265,0.4095487594604492,1.1527566881406874
265,False,1,266,0.44821619987487793,1.140000279815424
266,False,1,267,0.405315637588501,1.1232201183835666
267,False,1,268,0.4164390563964844,1.1230685253228458
268,False,1,269,0.40584421157836914,1.192839909877096
269,False,1,270,0.41827392578125,1.0930509453728086
270,False,1,271,0.4180121421813965,1.094433626248723
271,False,1,272,0.40518736839294434,1.1598655226684753
272,False,1,273,0.4382297992706299,1.1142135187983515
273,False,1,274,0.40589237213134766,1.142055915934699
274,False,1,275,0.40516114234924316,1.0817960412019774
275,False,1,276,0.44892382621765137,1.0803069490052406
276,False,1,277,0.40703248977661133,1.1031812621014458
277,False,1,278,0.41818952560424805,1.1157363968945686
278,False,1,279,0.4485790729522705,1.0933668709227018
279,False,1,280,0.40665102005004883,1.1092031271684737
280,False,1,281,0.4172673225402832,1.1417515064988817
281,False,1,282,0.4382643699645996,1.0729335028500782
282,False,1,283,0.41666626930236816,1.1109428600895972
283,False,1,284,0.4180290699005127,1.0756590426677748
284,False,1,285,0.438784122467041,1.0647067264431997
285,False,1,286,0.40500569343566895,1.0674047753924416
286,False,1,287,0.4218332767486572,1.1112602317617053
287,False,1,288,0.4250524044036865,1.0647045984154655
288,False,1,289,0.4159078598022461,1.0860596868608678
289,False,1,290,0.40833282470703125,1.1228205682266326
290,False,1,291,0.41985392570495605,1.0755556005807152
291,False,1,292,0.40460753440856934,1.0738323479890821
292,False,1,293,0.4066121578216553,1.1218228407558937
293,False,1,294,0.4196181297302246,1.0606756966028894
294,False,1,295,0.43674278259277344,1.0661408883475123
295,False,1,296,0.4055442810058594,1.122656572432745
296,False,1,297,0.4175844192504883,1.1130593291350774
297,False,1,298,0.4340789318084717,1.076639553443307
298,False,1,299,0.41538381576538086,1.1503984374659402
299,True,1,300,0.44563817977905273,1.087881261039348
300,False,1,301,0.43533921241760254,1.1164378183228632
301,False,1,302,0.4204070568084717,1.0817491429902257
302,False,1,303,0.40475010871887207,1.0919857323169706
303,False,1,304,0.44914674758911133,1.165966984061968
304,False,1,305,0.41277599334716797,1.138396321308045
305,False,1,306,0.4074239730834961,1.161044315922828
306,False,1,307,0.43596339225769043,1.1056754134950184
307,False,1,308,0.40523719787597656,1.1006951594636554
308,False,1,309,0.4058566093444824,1.1518305831012272
309,False,1,310,0.4190366268157959,1.0992424697393461
310,False,1,311,0.43805503845214844,1.0545409499179748
311,False,1,312,0.41507387161254883,1.130710835967745
312,False,1,313,0.40577030181884766,1.1003132668279463
313,False,1,314,0.4336585998535156,1.1106068474196253
314,False,1,315,0.4168562889099121,1.068055420049599
315,False,1,316,0.4061872959136963,1.1841814361867449
316,False,1,317,0.44767069816589355,1.1073624470404217
317,False,1,318,0.4068434238433838,1.1162532035793578
318,False,1,319,0.4077756404876709,1.1603304147720337
319,False,1,320,0.418384313583374,1.1134726284515293
320,False,1,321,0.44358181953430176,1.152517298147792
321,False,1,322,0.4050900936126709,1.1091697734026682
322,False,1,323,0.4211149215698242,1.0849448875302359
323,False,1,324,0.44005393981933594,1.1151835258517944
324,False,1,325,0.41982412338256836,1.1093413219565438
325,False,1,326,0.40689921379089355,1.1015746494134269
326,False,1,327,0.41765332221984863,1.076789755906378
327,False,1,328,0.42092108726501465,1.120577355225881
328,False,1,329,0.42052793502807617,1.1467847561552413
329,False,1,330,0.4171302318572998,1.1054280740874154
330,False,1,331,0.4234287738800049,1.0999287437824974
331,False,1,332,0.4145328998565674,1.0753037826645944
332,False,1,333,0.40625786781311035,1.0837984242964358
333,False,1,334,0.4045143127441406,1.0827939737410772
334,False,1,335,0.43334102630615234,1.162628618734224
335,False,1,336,0.4197101593017578,1.1840440730253858
336,False,1,337,0.40770530700683594,1.0990666626464753
337,False,1,338,0.44794368743896484,1.1385335191374735
338,False,1,339,0.4053339958190918,1.074524659486044
339,False,1,340,0.4112236499786377,1.1179578935816177
340,False,1,341,0.4498002529144287,1.089628643578007
341,False,1,342,0.4080808162689209,1.0996241434699012
342,False,1,343,0.4174931049346924,1.0622957235290893
343,False,1,344,0.4374959468841553,1.0786886708367438
344,False,1,345,0.4087064266204834,1.0796747888837541
345,False,1,346,0.42002415657043457,1.0992653440861475
346,False,1,347,0.4280660152435303,1.0982423304092315
347,False,1,348,0.4062509536743164,1.0378906609756604
348,False,1,349,0.4196751117706299,1.1314934818517595
349,False,1,350,0.4250767230987549,1.086419015768028
350,False,1,351,0.41813015937805176,1.164125264755317
351,False,1,352,0.40546321868896484,1.1430315126975374
352,False,1,353,0.40738487243652344,1.0466663432972774
353,False,1,354,0.42154502868652344,1.103252575156235
354,False,1,355,0.40871119499206543,1.097763205922785
355,False,1,356,0.42539024353027344,1.091995633429005
356,False,1,357,0.4061753749847412,1.1205101424739472
357,False,1,358,0.417926549911499,1.0434646829962733
358,False,1,359,0.4066188335418701,1.0808767169004394
359,False,1,360,0.44214582443237305,1.1320141830614634
360,False,1,361,0.4067423343658447,1.1060897608598075
361,False,1,362,0.41968464851379395,1.0549017343492735
362,False,1,363,0.4356038570404053,1.0996384883210772
363,False,1,364,0.4180123805999756,1.0979295160089217
364,False,1,365,0.4076724052429199,1.0721018307265782
365,False,1,366,0.4486658573150635,1.1188526316767646
366,False,1,367,0.4084000587463379,1.1663640223088718
367,False,1,368,0.40524721145629883,1.0447183279764087
368,False,1,369,0.4472832679748535,1.0940157551141012
369,False,1,370,0.40525221824645996,1.0562857375258492
370,False,1,371,0.41698145866394043,1.0731235721281596
371,False,1,372,0.43981075286865234,1.1016344718989872
372,False,1,373,0.406512975692749,1.0659290988530432
373,False,1,374,0.4078812599182129,1.1000535381691798
374,False,1,375,0.4185619354248047,1.0617812573909762
375,False,1,376,0.43020081520080566,1.0992698421080904
376,False,1,377,0.418224573135376,1.1009138368424918
377,False,1,378,0.4067208766937256,1.1198103693979127
378,False,1,379,0.45053815841674805,1.1512637191585133
379,False,1,380,0.4125378131866455,1.0821476599999835
380,False,1,381,0.404710054397583,1.074144127468268
381,False,1,382,0.4493889808654785,1.1121087610012006
382,False,1,383,0.4064033031463623,1.0973503947967576
383,False,1,384,0.415985107421875,1.1035540174870264
384,False,1,385,0.4067728519439697,1.1056073825983779
385,False,1,386,0.40665340423583984,1.1348661553292048
386,False,1,387,0.4073178768157959,1.0940634005126497
387,False,1,388,0.4168236255645752,1.0931759466017996
388,False,1,389,0.43634629249572754,1.1763867476866359
389,False,1,390,0.42043423652648926,1.0834437842879976
390,False,1,391,0.40596795082092285,1.0828208678535054
391,False,1,392,0.4467604160308838,1.099779996133986
392,False,1,393,0.4076254367828369,1.1057769464594978
393,False,1,394,0.43627214431762695,1.067197525785083
394,False,1,395,0.42148399353027344,1.0960218934785753
395,False,1,396,0.4372985363006592,1.154289868261133
396,False,1,397,0.41648244857788086,1.0710772935833248
397,False,1,398,0.4071383476257324,1.0863087070839748
398,False,1,399,0.4050147533416748,1.1261741139349486
399,True,1,400,0.4440321922302246,1.1405021008991063
400,False,1,401,0.4190399646759033,1.1296919484933217
401,False,1,402,0.4065124988555908,1.1123195404098145
402,False,1,403,0.41701269149780273,1.1496601083448956
403,False,1,404,0.4062800407409668,1.127242211252451
404,False,1,405,0.42077136039733887,1.0696374362423309
405,False,1,406,0.4103429317474365,1.1041631542500998
406,False,1,407,0.4190711975097656,1.1118413550513133
407,False,1,408,0.4061312675476074,1.1445452542532057
408,False,1,409,0.44765663146972656,1.0954513808801063
409,False,1,410,0.4064185619354248,1.1165083079111007
410,False,1,411,0.40680384635925293,1.1260655451388588
411,False,1,412,0.44881415367126465,1.1347922760815847
412,False,1,413,0.4076831340789795,1.1089025498146103
413,False,1,414,0.4226083755493164,1.1146224573964163
414,False,1,415,0.45097804069519043,1.0114678254439717
415,False,1,416,0.4058699607849121,1.038074301821845
416,False,1,417,0.4175429344177246,1.0925231916563853
417,False,1,418,0.44838523864746094,1.14211019944577
418,False,1,419,0.40685510635375977,1.1144493165470308
419,False,1,420,0.4193115234375,1.0853192266963776
420,False,1,421,0.4368159770965576,1.0450559389733132
421,False,1,422,0.4157748222351074,1.0837958543783144
422,False,1,423,0.4095611572265625,1.1475261900396572
423,False,1,424,0.4057624340057373,1.070623088273264
424,False,1,425,0.4397430419921875,1.0957854670428093
425,False,1,426,0.40494251251220703,1.097699264685313
426,False,1,427,0.4187507629394531,1.1269224612485793
427,False,1,428,0.44713544845581055,1.1195872738247827
428,False,1,429,0.4063146114349365,1.0953816672166188
429,False,1,430,0.417802095413208,1.1659532157438142
430,False,1,431,0.4359612464904785,1.078119551851636
431,False,1,432,0.40728306770324707,1.0953990590004692
432,False,1,433,0.42226743698120117,1.1074550151824951
433,False,1,434,0.43764615058898926,1.1039292812347412
434,False,1,435,0.41761112213134766,1.084220015222118
435,False,1,436,0.4050157070159912,1.0597252150376641
436,False,1,437,0.4377095699310303,1.1038235046324276
437,False,1,438,0.41961169242858887,1.1314186751842497
438,False,1,439,0.4081153869628906,1.1093013027594205
439,False,1,440,0.41639137268066406,1.0582848322533425
440,False,1,441,0.41929173469543457,1.0761390275188856
441,False,1,442,0.4068746566772461,1.1538022650139674
442,False,1,443,0.41710686683654785,1.0865447308335985
443,False,1,444,0.4158504009246826,1.0786540039948054
444,False,1,445,0.41803932189941406,1.0457146437395188
445,False,1,446,0.40494465827941895,1.095491306057998
446,False,1,447,0.43755269050598145,1.0606847550897371
447,False,1,448,0.4165632724761963,1.0310014081852779
448,False,1,449,0.40633583068847656,1.0883633409227642
449,False,1,450,0.4470827579498291,1.1065593106406075
450,False,1,451,0.4064295291900635,1.0200201819340386
451,False,1,452,0.404895544052124,1.0307396433892704
452,False,1,453,0.41717529296875,1.1452956561531342
453,False,1,454,0.4260404109954834,1.0561291376749675
454,False,1,455,0.4051475524902344,1.0907607773939771
455,False,1,456,0.4194021224975586,1.0637043899013885
456,False,1,457,0.43129849433898926,1.0976195214759736
457,False,1,458,0.41848254203796387,1.1665610213364874
458,False,1,459,0.4443948268890381,1.0498055223198162
459,False,1,460,0.406266450881958,1.0984252073935103
460,False,1,461,0.44962453842163086,1.0738351224433809
461,False,1,462,0.40639472007751465,1.1132655793002675
462,False,1,463,0.40557193756103516,1.0734855743745961
463,False,1,464,0.4420897960662842,1.0854917161521456
464,False,1,465,0.4053647518157959,1.0562056260449548
465,False,1,466,0.41870641708374023,1.0935097127443267
466,False,1,467,0.41835474967956543,1.0976889122809683
467,False,1,468,0.40499353408813477,1.0595264431266556
468,False,1,469,0.4187445640563965,1.0785659611934708
469,False,1,470,0.4061579704284668,1.0666445834296092
470,False,1,471,0.446610689163208,1.1069214014070374
471,False,1,472,0.4061317443847656,1.037312061304138
472,False,1,473,0.4166555404663086,1.1252403152840478
473,False,1,474,0.44713497161865234,1.0730591483768963
474,False,1,475,0.40495967864990234,1.0796776272001718
475,False,1,476,0.41646432876586914,1.113384696699324
476,False,1,477,0.43471312522888184,1.0662586064565749
477,False,1,478,0.4208674430847168,1.1033292355991544
478,False,1,479,0.4044501781463623,1.1203507894561404
479,False,1,480,0.436403751373291,1.1214419269845597
480,False,1,481,0.41858625411987305,1.0983383442674362
481,False,1,482,0.4055440425872803,1.0982950329780579
482,False,1,483,0.4361603260040283,1.0769445810999188
483,False,1,484,0.41930723190307617,1.0933803568283718
484,False,1,485,0.40741586685180664,1.0565936352525438
485,False,1,486,0.4340791702270508,1.0984047715153014
486,False,1,487,0.40663695335388184,1.1059992653982977
487,False,1,488,0.4190349578857422,1.0948087881718362
488,False,1,489,0.4058799743652344,1.1356908547736346
489,False,1,490,0.44232749938964844,1.1222398387534276
490,False,1,491,0.42237281799316406,1.1211998962930272
491,False,1,492,0.41112637519836426,1.0765070812333197
492,False,1,493,0.4464893341064453,1.1211185748023642
493,False,1,494,0.42033910751342773,1.082271938522657
494,False,1,495,0.4093804359436035,0.994279742950485
495,False,1,496,0.44818639755249023,1.1157063990831375
496,False,1,497,0.4151885509490967,1.1358358260421524
497,False,1,498,0.40523219108581543,1.095820468806085
498,False,1,499,0.43589019775390625,1.1232051395234608
499,True,1,500,0.4444429874420166,1.1199940499805268
500,False,1,501,0.408109188079834,1.1432882061316851
501,False,1,502,0.4308207035064697,1.1894893979742414
502,False,1,503,0.4038889408111572,1.1308554070336478
503,False,1,504,0.40886878967285156,1.1120327897369864
504,False,1,505,0.40702247619628906,1.1851803632009597
505,False,1,506,0.44835782051086426,1.1257492562844635
506,False,1,507,0.4152085781097412,1.0735395862942647
507,False,1,508,0.40503501892089844,1.1041235469636463
508,False,1,509,0.4397737979888916,1.0831201087151254
509,False,1,510,0.41762661933898926,1.1526030543304626
510,False,1,511,0.40532875061035156,1.172631916900476
511,False,1,512,0.4477403163909912,1.1331957238061083
512,False,1,513,0.40508484840393066,1.1209523230791094
513,False,1,514,0.41233134269714355,1.1210323714074635
514,False,1,515,0.40573740005493164,1.184780435547942
515,False,1,516,0.4380030632019043,1.047419884729953
516,False,1,517,0.41852402687072754,1.0684400736576034
517,False,1,518,0.4057908058166504,1.1089562379888127
518,False,1,519,0.4356720447540283,1.1006746959118614
519,False,1,520,0.4156510829925537,1.051780781220822
520,False,1,521,0.4051170349121094,1.0726720016627085
521,False,1,522,0.4140431880950928,1.082453245917956
522,False,1,523,0.42157983779907227,1.1141852818074682
523,False,1,524,0.43697643280029297,1.1173337655408042
524,False,1,525,0.4172389507293701,1.1018193133530165
525,False,1,526,0.4309544563293457,1.0863562964257738
526,False,1,527,0.4075815677642822,1.088829538651875
527,False,1,528,0.42090797424316406,1.113931608341989
528,False,1,529,0.40715742111206055,1.0800746636731284
529,False,1,530,0.4059631824493408,1.0983300585122333
530,False,1,531,0.4080841541290283,1.1153864342541921
531,False,1,532,0.4181702136993408,1.0579053851820173
532,False,1,533,0.44971799850463867,1.1198253532250722
533,False,1,534,0.40599536895751953,1.0730134000380835
534,False,1,535,0.40798306465148926,1.076963603141762
535,False,1,536,0.44809579849243164,1.1657528412483986
536,False,1,537,0.4070258140563965,1.048339449756202
537,False,1,538,0.41896748542785645,1.0403482172460783
538,False,1,539,0.4339306354522705,1.1061054053051131
539,False,1,540,0.4180610179901123,1.109619175394376
540,False,1,541,0.4053483009338379,1.058134588457289
541,False,1,542,0.45076489448547363,1.1205615245160605
542,False,1,543,0.402756929397583,1.1159054069291976
543,False,1,544,0.40671515464782715,1.055094601852553
544,False,1,545,0.43683886528015137,1.0494848816167741
545,False,1,546,0.41773056983947754,1.1089927823770613
546,False,1,547,0.40675806999206543,1.0737401403131939
547,False,1,548,0.43537139892578125,1.0422002623478572
548,False,1,549,0.40557360649108887,1.0791916563397361
549,False,1,550,0.4065523147583008,1.0928126169102532
550,False,1,551,0.40612077713012695,1.0862849120582854
551,False,1,552,0.40569019317626953,1.061619069249857
552,False,1,553,0.4173247814178467,1.1440208838099526
553,False,1,554,0.40502047538757324,1.0627589147715342
554,False,1,555,0.44593262672424316,1.0993919046152205
555,False,1,556,0.40723133087158203,1.114338646332423
556,False,1,557,0.4188382625579834,1.080365318627585
557,False,1,558,0.4495418071746826,1.0787293442658017
558,False,1,559,0.40781664848327637,1.1107907135571755
559,False,1,560,0.4066793918609619,1.102947832395633
560,False,1,561,0.4496035575866699,1.1337445640847796
561,False,1,562,0.4066028594970703,1.1097174198144961
562,False,1,563,0.41796064376831055,1.04596995562315
563,False,1,564,0.44945263862609863,1.073859460297085
564,False,1,565,0.4034287929534912,1.0820898172401248
565,False,1,566,0.41564488410949707,1.0833306908607483
566,False,1,567,0.43919873237609863,1.0965893119573593
567,False,1,568,0.41066479682922363,1.1443461527427035
568,False,1,569,0.4076697826385498,1.1309585159733182
569,False,1,570,0.4175078868865967,1.0906342945638157
570,False,1,571,0.4176304340362549,1.0802701143991382
571,False,1,572,0.41440653800964355,1.0232686631026722
572,False,1,573,0.4070470333099365,1.071495887069475
573,False,1,574,0.44811129570007324,1.1421263601098741
574,False,1,575,0.4092411994934082,1.1022385380097801
575,False,1,576,0.4170522689819336,1.1398828434092658
576,False,1,577,0.43144750595092773,1.1154543239445913
577,False,1,578,0.4068312644958496,1.102966051016535
578,False,1,579,0.41985559463500977,1.1245070653302327
579,False,1,580,0.4281578063964844,1.0979508346035367
580,False,1,581,0.41713452339172363,1.1566115979637415
581,False,1,582,0.4084451198577881,1.061273264743033
582,False,1,583,0.4170989990234375,1.0612082793599085
583,False,1,584,0.4459850788116455,1.0952631267053743
584,False,1,585,0.4042627811431885,1.1137777598840848
585,False,1,586,0.40610837936401367,1.1704911319982438
586,False,1,587,0.4525105953216553,1.1285062588396526
587,False,1,588,0.4078831672668457,1.1191848635318735
588,False,1,589,0.44938206672668457,1.0799024768528485
589,False,1,590,0.40822434425354004,1.1431801333313893
590,False,1,591,0.4394247531890869,1.0459471724572635
591,False,1,592,0.41953086853027344,1.0695256910153799
592,False,1,593,0.4058561325073242,1.0888854683864686
593,False,1,594,0.4390428066253662,1.107002914484058
594,False,1,595,0.4055781364440918,1.0949471465178897
595,False,1,596,0.41637420654296875,1.0913288252694269
596,False,1,597,0.4175083637237549,1.1254974096303896
597,False,1,598,0.4046757221221924,1.049041685603914
598,False,1,599,0.41194891929626465,1.0585402094182512
599,True,1,600,0.46370506286621094,1.0878994794828554
600,False,1,601,0.4061622619628906,1.1020179490248363
601,False,1,602,0.4168546199798584,1.1076395979949407
602,False,1,603,0.4168539047241211,1.126390353554771
603,False,1,604,0.4156644344329834,1.0855881405018626
604,False,1,605,0.40661025047302246,1.0801584766734214
605,False,1,606,0.4065396785736084,1.0893589783282507
606,False,1,607,0.43993639945983887,1.0966785975864957
607,False,1,608,0.40708041191101074,1.0516720556077501
608,False,1,609,0.40444469451904297,1.0922795179344358
609,False,1,610,0.4494595527648926,1.136029402414958
610,False,1,611,0.40556788444519043,1.0615271876255672
611,False,1,612,0.41687607765197754,1.1080217531749184
612,False,1,613,0.4348793029785156,1.0358877150075776
613,False,1,614,0.40595555305480957,1.1135757629360472
614,False,1,615,0.4235968589782715,1.0631759436357586
615,False,1,616,0.43421483039855957,1.099529936554886
616,False,1,617,0.416959285736084,1.1311385759285517
617,False,1,618,0.40431880950927734,1.0834116169384544
618,False,1,619,0.4431023597717285,1.1024209558963778
619,False,1,620,0.40621328353881836,1.1143496554522287
620,False,1,621,0.40632104873657227,1.0834783986210823
621,False,1,622,0.4057040214538574,1.1358584165573122
622,False,1,623,0.4262838363647461,1.0635167828627996
623,False,1,624,0.4053616523742676,1.102704475323359
624,False,1,625,0.41712069511413574,1.1382032647019342
625,False,1,626,0.4036123752593994,1.081965638058526
626,False,1,627,0.4185752868652344,1.1012748735291618
627,False,1,628,0.4051952362060547,1.0996416289181936
628,False,1,629,0.44596123695373535,1.0672973926578246
629,False,1,630,0.40633177757263184,1.0775549103106772
630,False,1,631,0.40897393226623535,1.0902880274114153
631,False,1,632,0.44753551483154297,1.0593020997586704
632,False,1,633,0.405139684677124,1.123465119373231
633,False,1,634,0.41869258880615234,1.0437589312593143
634,False,1,635,0.43409299850463867,1.0725007011067298
635,False,1,636,0.41780805587768555,1.1132760835545403
636,False,1,637,0.406552791595459,1.0991762170479409
637,False,1,638,0.4430577754974365,1.088678755575702
638,False,1,639,0.4050438404083252,1.0939759700780824
639,False,1,640,0.4215555191040039,1.0443740455167634
640,False,1,641,0.40526270866394043,1.0868712514638899
641,False,1,642,0.4158604145050049,1.0907575857071647
642,False,1,643,0.4050326347351074,1.0832569416434992
643,False,1,644,0.4166388511657715,1.0708283001468293
644,False,1,645,0.44126081466674805,1.0761475857524643
645,False,1,646,0.4065530300140381,1.0542677655106498
646,False,1,647,0.4141528606414795,1.121014488240083
647,False,1,648,0.4388852119445801,1.0487445000381699
648,False,1,649,0.4201014041900635,1.0459037039961134
649,False,1,650,0.42842531204223633,1.0692860963089126
650,False,1,651,0.40694260597229004,1.067619408170382
651,False,1,652,0.448453426361084,1.120961417754491
652,False,1,653,0.40969276428222656,1.111276604235172
653,False,1,654,0.44033288955688477,1.066175943151826
654,False,1,655,0.42296385765075684,1.1576646747333663
655,False,1,656,0.43260717391967773,1.090011321717785
656,False,1,657,0.4174044132232666,1.0907144613918802
657,False,1,658,0.40499114990234375,1.04043758554118
658,False,1,659,0.4467470645904541,1.045711777394726
659,False,1,660,0.40672802925109863,1.0733621397188733
660,False,1,661,0.40465259552001953,1.058623652727831
661,False,1,662,0.44144153594970703,1.0817505830810181
662,False,1,663,0.41725683212280273,1.0817523783161527
663,False,1,664,0.40473175048828125,1.082122103798957
664,False,1,665,0.4172985553741455,1.0616691971109027
665,False,1,666,0.40709924697875977,1.0804589380111014
666,False,1,667,0.41872477531433105,1.1086097657680514
667,False,1,668,0.4040684700012207,1.0629535846057392
668,False,1,669,0.40428781509399414,1.1047425248793197
669,False,1,670,0.41949009895324707,1.043852751098928
670,False,1,671,0.40531301498413086,1.097138053959324
671,False,1,672,0.4476003646850586,1.089201243860381
672,False,1,673,0.4056990146636963,1.0940702302115304
673,False,1,674,0.418581485748291,1.0602572801567256
674,False,1,675,0.4462926387786865,1.0939370819500511
675,False,1,676,0.4080331325531006,1.0767409609896794
676,False,1,677,0.40594053268432617,1.142308818442481
677,False,1,678,0.45166540145874023,1.0773200385627293
678,False,1,679,0.40613603591918945,1.0638346643674943
679,False,1,680,0.41805553436279297,1.0853494927287102
680,False,1,681,0.43708300590515137,1.0240389115753628
681,False,1,682,0.40580177307128906,1.0479638821312358
682,False,1,683,0.4192497730255127,1.0612544761527152
683,False,1,684,0.4286470413208008,1.0749055182649976
684,False,1,685,0.41693711280822754,1.128103222875368
685,False,1,686,0.407181978225708,1.0610447405349641
686,False,1,687,0.43140459060668945,1.0096074669134052
687,False,1,688,0.41859006881713867,1.0791060647794182
688,False,1,689,0.4072434902191162,1.1342632472515108
689,False,1,690,0.4214153289794922,1.070769455461275
690,False,1,691,0.4169352054595947,1.0700553080865316
691,False,1,692,0.4097256660461426,1.07303559673684
692,False,1,693,0.4193150997161865,1.1166599839925766
693,False,1,694,0.4045906066894531,1.1133396469411394
694,False,1,695,0.418820858001709,1.0869620715578396
695,False,1,696,0.40397024154663086,1.0634302081806317
696,False,1,697,0.4235975742340088,1.051205030332009
697,False,1,698,0.4209437370300293,1.1118697062844323
698,False,1,699,0.4052577018737793,1.0575060124198596
699,True,1,700,0.4887959957122803,1.0592335771237102
700,False,1,701,0.4208643436431885,1.0784445422745887
701,False,1,702,0.4050147533416748,1.1517370946350554
702,False,1,703,0.43575024604797363,1.0845776640233538
703,False,1,704,0.4181938171386719,1.083109010543142
704,False,1,705,0.405712366104126,1.0698229102861314
705,False,1,706,0.4482417106628418,1.14984601487716
706,False,1,707,0.40618038177490234,1.1624862934861866
707,False,1,708,0.4070706367492676,1.0315436802449682
708,False,1,709,0.42005038261413574,1.1268373316242584
709,False,1,710,0.436521053314209,1.0746510426203408
710,False,1,711,0.4170389175415039,1.060618066361972
711,False,1,712,0.40767502784729004,1.071393105955351
712,False,1,713,0.45009398460388184,1.0908846606810887
713,False,1,714,0.41938352584838867,1.112056415705454
714,False,1,715,0.40573740005493164,1.1062493061735517
715,False,1,716,0.4066934585571289,1.0755963389362608
716,False,1,717,0.4185614585876465,1.1037216619366692
717,False,1,718,0.43845438957214355,1.0996061034855389
718,False,1,719,0.4174933433532715,1.0730622409000286
719,False,1,720,0.43318605422973633,1.078426928037689
720,False,1,721,0.40581822395324707,1.052650292004858
721,False,1,722,0.42104339599609375,1.0987365355803853
722,False,1,723,0.4074838161468506,1.0700618489867166
723,False,1,724,0.4348282814025879,1.0981246887573175
724,False,1,725,0.40482521057128906,1.1270303864564215
725,False,1,726,0.4178304672241211,1.1447693897145133
726,False,1,727,0.44731974601745605,1.1356177883488794
727,False,1,728,0.40509605407714844,1.077789006488664
728,False,1,729,0.40938639640808105,1.0988931691362742
729,False,1,730,0.4490470886230469,1.0824634248302099
730,False,1,731,0.40965890884399414,1.045896111854485
731,False,1,732,0.41756558418273926,1.1115436972606751
732,False,1,733,0.4541337490081787,1.0822662895634063
733,False,1,734,0.4051971435546875,1.1312208395628702
734,False,1,735,0.4170248508453369,1.0116452737933115
735,False,1,736,0.43682026863098145,1.0641818443934126
736,False,1,737,0.4147765636444092,1.066453429205077
737,False,1,738,0.40875887870788574,1.068372905963943
738,False,1,739,0.4449656009674072,1.136268600111916
739,False,1,740,0.421234130859375,1.123757679547582
740,False,1,741,0.41231679916381836,1.0561297017903555
741,False,1,742,0.4062323570251465,1.053014168604499
742,False,1,743,0.42023539543151855,1.040454327350571
743,False,1,744,0.4089205265045166,1.063233712599391
744,False,1,745,0.41849732398986816,1.0673445498659497
745,False,1,746,0.4073171615600586,1.1295631222781681
746,False,1,747,0.4192466735839844,1.1583243133056733
747,False,1,748,0.4066646099090576,1.0522344016603062
748,False,1,749,0.43911314010620117,1.0456929331024485
749,False,1,750,0.4166100025177002,1.0854941943571679
750,False,1,751,0.40875673294067383,1.0589292276473274
751,False,1,752,0.4498457908630371,1.0784737911252746
752,False,1,753,0.4203760623931885,1.0682826843999682
753,False,1,754,0.408022403717041,1.07907016930126
754,False,1,755,0.43638181686401367,1.0647511776714098
755,False,1,756,0.42081475257873535,1.1128484479018619
756,False,1,757,0.40624332427978516,1.0624276816490152
757,False,1,758,0.4460921287536621,1.0586251375221072
758,False,1,759,0.4068303108215332,1.0459585342378843
759,False,1,760,0.40676164627075195,1.1072498290311725
760,False,1,761,0.43729639053344727,1.0895469284483363
761,False,1,762,0.40527868270874023,1.115457675996281
762,False,1,763,0.4191451072692871,1.0715756618550847
763,False,1,764,0.404766321182251,1.0852678985822768
764,False,1,765,0.4409618377685547,1.0393872936921458
765,False,1,766,0.4178602695465088,1.0720204302952403
766,False,1,767,0.40930819511413574,1.0749454331539927
767,False,1,768,0.4389829635620117,1.077171167092664
768,False,1,769,0.4223804473876953,1.0442836114338467
769,False,1,770,0.4106731414794922,1.051997435234842
770,False,1,771,0.4471423625946045,1.0544593210021653
771,False,1,772,0.40696215629577637,1.1028604017836707
772,False,1,773,0.4072277545928955,1.0976443973680334
773,False,1,774,0.4147024154663086,1.0350019456375212
774,False,1,775,0.4086167812347412,1.0962290597103892
775,False,1,776,0.4184298515319824,1.0626469165796326
776,False,1,777,0.4054851531982422,1.0510333911294027
777,False,1,778,0.4481511116027832,1.0494327679986044
778,False,1,779,0.41369152069091797,1.064035618589038
779,False,1,780,0.40615153312683105,1.0465579091438224
780,False,1,781,0.44928789138793945,1.1131045360650336
781,False,1,782,0.4184300899505615,1.0920421431461969
782,False,1,783,0.43823933601379395,1.1637233155114308
783,False,1,784,0.41977691650390625,1.0737079442256972
784,False,1,785,0.4387168884277344,1.0437056592532568
785,False,1,786,0.4075474739074707,1.053935331248102
786,False,1,787,0.41741013526916504,1.0336269111860368
787,False,1,788,0.41745829582214355,1.0550377553417567
788,False,1,789,0.4179229736328125,1.0786502943152474
789,False,1,790,0.40525054931640625,1.1457492602722985
790,False,1,791,0.416851282119751,1.0317487496705284
791,False,1,792,0.41243457794189453,1.028425626811527
792,False,1,793,0.4061594009399414,1.0281386221093791
793,False,1,794,0.41826605796813965,1.0694977406944548
794,False,1,795,0.4380033016204834,1.0485550026808466
795,False,1,796,0.40451622009277344,1.0011725986287707
796,False,1,797,0.41959261894226074,1.1286097669175692
797,False,1,798,0.43784379959106445,1.091863644264993
798,False,1,799,0.41350650787353516,1.04437931733472
799,True,1,800,0.4566512107849121,1.0283506093990233
800,False,1,801,0.43567752838134766,1.1219274635825838
801,False,1,802,0.4197421073913574,1.0697502827360517
802,False,1,803,0.4050867557525635,1.0444864247526442
803,False,1,804,0.44148826599121094,1.0975938418081828
804,False,1,805,0.417006254196167,1.130407153140931
805,False,1,806,0.4175453186035156,1.0445122796864736
806,False,1,807,0.4361300468444824,1.0655128040484019
807,False,1,808,0.41513490676879883,1.0379129584346498
808,False,1,809,0.40696287155151367,1.0803093189994495
809,False,1,810,0.44855213165283203,1.1080978466641336
810,False,1,811,0.4208815097808838,1.0770978700546991
811,False,1,812,0.40553736686706543,1.099798966021765
812,False,1,813,0.41805577278137207,1.1122529716009186
813,False,1,814,0.4050135612487793,1.1105925603991462
814,False,1,815,0.41654133796691895,1.156369922416551
815,False,1,816,0.4057886600494385,1.1298078280829251
816,False,1,817,0.4182720184326172,1.1109135697285335
817,False,1,818,0.41575002670288086,1.0441678677286421
818,False,1,819,0.4052884578704834,1.0129251951972644
819,False,1,820,0.41512560844421387,1.117254136573701
820,False,1,821,0.4078845977783203,1.0895521161811692
821,False,1,822,0.4080846309661865,1.0825508864862576
822,False,1,823,0.4455394744873047,1.0204829609110244
823,False,1,824,0.4134089946746826,1.0963866572294916
824,False,1,825,0.4165470600128174,1.0795313637881052
825,False,1,826,0.43585872650146484,1.0494171530008314
826,False,1,827,0.4076676368713379,1.01898705214262
827,False,1,828,0.4059743881225586,1.08453843778088
828,False,1,829,0.4352269172668457,1.0914402224478263
829,False,1,830,0.41663646697998047,1.0653456571911062
830,False,1,831,0.4042930603027344,1.1059876158833502
831,False,1,832,0.43739748001098633,1.0138727731647945
832,False,1,833,0.41469478607177734,1.035509517859845
833,False,1,834,0.40678954124450684,1.0630176581797144
834,False,1,835,0.41785764694213867,1.0893629587122369
835,False,1,836,0.40694475173950195,1.1294921959439916
836,False,1,837,0.407299280166626,1.0707685360241503
837,False,1,838,0.4202237129211426,1.0376625281004679
838,False,1,839,0.43604278564453125,1.062572173419453
839,False,1,840,0.41913604736328125,1.0650386444869495
840,False,1,841,0.40499019622802734,1.0933438855267708
841,False,1,842,0.4379150867462158,1.118833425499144
842,False,1,843,0.40607643127441406,1.0394221072395644
843,False,1,844,0.408998966217041,1.0597805599016803
844,False,1,845,0.4184606075286865,1.0318187863699027
845,False,1,846,0.4459543228149414,1.0750880503938312
846,False,1,847,0.4074699878692627,1.0904704630374908
847,False,1,848,0.44844889640808105,1.0507863657105536
848,False,1,849,0.4086606502532959,1.1075609021243593
849,False,1,850,0.43938231468200684,1.0806293909748392
850,False,1,851,0.4175546169281006,1.0620180811910402
851,False,1,852,0.406719446182251,1.0451793124278383
852,False,1,853,0.4492177963256836,1.0360668620892934
853,False,1,854,0.4228072166442871,1.0738046995940662
854,False,1,855,0.4060635566711426,1.1226262553107171
855,False,1,856,0.45121240615844727,1.115102802713712
856,False,1,857,0.40859341621398926,1.1167813720447675
857,False,1,858,0.40618371963500977,1.1152997832922709
858,False,1,859,0.44547533988952637,1.0439310581201597
859,False,1,860,0.4065053462982178,1.0749383387821063
860,False,1,861,0.4072144031524658,1.0817375207940734
861,False,1,862,0.4184143543243408,1.0629178526855654
862,False,1,863,0.40521717071533203,1.1330199099722367
863,False,1,864,0.4191770553588867,1.0681622617301487
864,False,1,865,0.40566158294677734,1.0378297375781194
865,False,1,866,0.44504332542419434,1.068639918097428
866,False,1,867,0.40616345405578613,1.0597465400184904
867,False,1,868,0.407696008682251,1.112235034505526
868,False,1,869,0.43312644958496094,1.0377440523533592
869,False,1,870,0.4080495834350586,1.0524075109334217
870,False,1,871,0.4197869300842285,1.0032734455806869
871,False,1,872,0.45084404945373535,1.0873155416477294
872,False,1,873,0.40808987617492676,1.1028576173952649
873,False,1,874,0.4117856025695801,1.0666528269648552
874,False,1,875,0.4524412155151367,1.1258854919246264
875,False,1,876,0.4075355529785156,1.0066445299557276
876,False,1,877,0.41989636421203613,1.0704677910322233
877,False,1,878,0.44173574447631836,1.0898664093443327
878,False,1,879,0.40547680854797363,1.054341558189619
879,False,1,880,0.4258723258972168,1.0429331085511617
880,False,1,881,0.4273719787597656,1.0880190421427995
881,False,1,882,0.42093515396118164,1.0489781566319012
882,False,1,883,0.4072725772857666,1.0856348442889392
883,False,1,884,0.42259979248046875,1.0463727599098571
884,False,1,885,0.42072057723999023,1.06052189994426
885,False,1,886,0.40978121757507324,1.0974397836696534
886,False,1,887,0.4205665588378906,1.0956710179646811
887,False,1,888,0.40885090827941895,1.0462631505160105
888,False,1,889,0.40973353385925293,1.0725753435066767
889,False,1,890,0.4081118106842041,1.0553714583317442
890,False,1,891,0.4136335849761963,1.054456407825152
891,False,1,892,0.42217350006103516,1.1042121552995277
892,False,1,893,0.40622448921203613,1.0905189854758128
893,False,1,894,0.4451785087585449,1.1062168475417866
894,False,1,895,0.408827543258667,1.070516462836947
895,False,1,896,0.4193136692047119,1.026234106648536
896,False,1,897,0.4459257125854492,1.0746741929934138
897,False,1,898,0.40845489501953125,1.0677178778818674
898,False,1,899,0.42296671867370605,1.066858564813932
899,True,1,900,0.4890480041503906,1.1078764072486336
900,False,1,901,0.40978050231933594,1.1627060927095867
901,False,1,902,0.41675472259521484,1.0633428125154403
902,False,1,903,0.43026256561279297,1.0974892023063842
903,False,1,904,0.4070136547088623,1.177713889451254
904,False,1,905,0.4240291118621826,1.089605871410597
905,False,1,906,0.4029715061187744,1.1029802032169842
906,False,1,907,0.45418429374694824,1.0439828084338276
907,False,1,908,0.4077761173248291,1.15400344984872
908,False,1,909,0.41525745391845703,1.1520386210509712
909,False,1,910,0.4476649761199951,1.1467979550361633
910,False,1,911,0.4079253673553467,1.0919818991706487
911,False,1,912,0.44578003883361816,1.0884888512747626
912,False,1,913,0.4065561294555664,1.0416628342299237
913,False,1,914,0.431929349899292,1.1678258975346882
914,False,1,915,0.41872715950012207,1.0970798198665894
915,False,1,916,0.4093005657196045,1.061369973279181
916,False,1,917,0.4188394546508789,1.0418504895198917
917,False,1,918,0.4062981605529785,1.129577533120201
918,False,1,919,0.4102494716644287,1.0337504489081246
919,False,1,920,0.4197220802307129,1.090288129590807
920,False,1,921,0.4377002716064453,1.0697519750822158
921,False,1,922,0.41951966285705566,1.0278581707250505
922,False,1,923,0.4200160503387451,1.0888488392035167
923,False,1,924,0.435687780380249,1.051166059715407
924,False,1,925,0.4177720546722412,1.0676339289971761
925,False,1,926,0.4066786766052246,1.133523252038729
926,False,1,927,0.43283748626708984,1.0609212790926297
927,False,1,928,0.41358065605163574,1.1559171190574054
928,False,1,929,0.4075312614440918,1.0892685034445355
929,False,1,930,0.44467639923095703,1.0784633592480706
930,False,1,931,0.4064958095550537,1.0847833876808486
931,False,1,932,0.40409350395202637,1.0684697372572765
932,False,1,933,0.43480992317199707,1.0658640630898022
933,False,1,934,0.4051797389984131,1.04040903704507
934,False,1,935,0.4086751937866211,1.0848245450428553
935,False,1,936,0.41309189796447754,1.1241417903275717
936,False,1,937,0.404280424118042,1.0947109098945345
937,False,1,938,0.4189589023590088,1.0138630478509836
938,False,1,939,0.40657567977905273,1.140333756094887
939,False,1,940,0.41924095153808594,1.095375981359255
940,False,1,941,0.40835094451904297,1.0762673279359227
941,False,1,942,0.4126780033111572,1.0795550129952884
942,False,1,943,0.451174259185791,1.1085820655737606
943,False,1,944,0.4064826965332031,1.142909038634527
944,False,1,945,0.41727519035339355,1.1277797161823226
945,False,1,946,0.4342536926269531,1.0848945868866784
946,False,1,947,0.4056694507598877,1.0547752206524212
947,False,1,948,0.40587854385375977,1.0916091068869547
948,False,1,949,0.44498610496520996,1.127335827265467
949,False,1,950,0.40643954277038574,1.0625917297743614
950,False,1,951,0.41985273361206055,1.0591468695728552
951,False,1,952,0.43991518020629883,1.0792790821620397
952,False,1,953,0.4183633327484131,1.0913890160265425
953,False,1,954,0.4070603847503662,1.0748209364357448
954,False,1,955,0.43799257278442383,1.043449951424485
955,False,1,956,0.41735148429870605,1.0648360025315058
956,False,1,957,0.4066035747528076,1.0655912877548308
957,False,1,958,0.4178028106689453,1.0715921301217306
958,False,1,959,0.40593814849853516,1.062152524079595
959,False,1,960,0.4090464115142822,1.1024448318140847
960,False,1,961,0.40476417541503906,1.041295671392055
961,False,1,962,0.4485764503479004,1.0334923753426184
962,False,1,963,0.40610718727111816,1.0313813370608147
963,False,1,964,0.41945958137512207,1.024949312919662
964,False,1,965,0.43559741973876953,1.0695112610147113
965,False,1,966,0.420759916305542,1.0470365420693446
966,False,1,967,0.40442776679992676,1.0785502727542604
967,False,1,968,0.44694042205810547,1.057457501689593
968,False,1,969,0.4226686954498291,1.0646899704422268
969,False,1,970,0.4063246250152588,1.0884096359922772
970,False,1,971,0.4184138774871826,1.0382092658962523
971,False,1,972,0.436678409576416,1.0194234241332327
972,False,1,973,0.40700697898864746,1.0772277897312525
973,False,1,974,0.40716004371643066,1.0789238104508039
974,False,1,975,0.4468874931335449,1.091059615214666
975,False,1,976,0.4079015254974365,1.0215496268300783
976,False,1,977,0.4480440616607666,1.052721314664398
977,False,1,978,0.41018009185791016,1.0581028355019437
978,False,1,979,0.45129895210266113,1.0811372920870783
979,False,1,980,0.40935444831848145,1.036715825398763
980,False,1,981,0.40640950202941895,1.108944038550059
981,False,1,982,0.43561720848083496,1.068772793525741
982,False,1,983,0.407440185546875,1.162693948263214
983,False,1,984,0.4160277843475342,1.0757122696155594
984,False,1,985,0.4059920310974121,1.0611197373696735
985,False,1,986,0.41299891471862793,1.0519637905416033
986,False,1,987,0.40616822242736816,1.0786502084561755
987,False,1,988,0.416262149810791,1.1015906951257162
988,False,1,989,0.43585968017578125,1.0641715750098226
989,False,1,990,0.41135668754577637,1.081006973272278
990,False,1,991,0.4036417007446289,1.0653188594040417
991,False,1,992,0.44796037673950195,1.096255244598502
992,False,1,993,0.4046323299407959,1.0665881128183434
993,False,1,994,0.4192483425140381,1.050284008894648
994,False,1,995,0.4428997039794922,1.0710788397561937
995,False,1,996,0.42102718353271484,1.0848225220328287
996,False,1,997,0.40544724464416504,1.0704819049154009
997,False,1,998,0.43991518020629883,1.05831313736382
998,False,1,999,0.422421932220459,1.0842242169947853
999,True,1,1000,0.4472508430480957,1.0764770710042544
1000,False,1,1001,0.4491996765136719,1.0691858572619302
1001,False,1,1002,0.4184582233428955,1.1026954785698935
1002,False,1,1003,0.40694737434387207,1.1144265376386189
1003,False,1,1004,0.405576229095459,1.1120199468873797
1004,False,1,1005,0.4158799648284912,1.0934667310544426
1005,False,1,1006,0.40686774253845215,1.1328931053479512
1006,False,1,1007,0.41767334938049316,1.0524466222240811
1007,False,1,1008,0.4345841407775879,1.0382662550324484
1008,False,1,1009,0.41724562644958496,1.0375945926422165
1009,False,1,1010,0.404984712600708,1.0275362275895616
1010,False,1,1011,0.43782901763916016,1.061151612017836
1011,False,1,1012,0.4186055660247803,1.0824632814952304
1012,False,1,1013,0.4072279930114746,1.0936105772852898
1013,False,1,1014,0.4482107162475586,1.1102333934534165
1014,False,1,1015,0.418776273727417,1.143284103700093
1015,False,1,1016,0.4074115753173828,1.0938954608780993
1016,False,1,1017,0.4464867115020752,1.0744120925664902
1017,False,1,1018,0.40811872482299805,1.0817852868210702
1018,False,1,1019,0.40513038635253906,1.0954837593294324
1019,False,1,1020,0.44698023796081543,1.0734058022499087
1020,False,1,1021,0.4050157070159912,1.1027172913863543
1021,False,1,1022,0.4164583683013916,1.0694719027905237
1022,False,1,1023,0.4060201644897461,1.1227402814796992
1023,False,1,1024,0.4060349464416504,1.096103868314198
1024,False,1,1025,0.4088137149810791,1.1121387843574795
1025,False,1,1026,0.40679192543029785,1.1292047053575516
1026,False,1,1027,0.4479355812072754,1.0440162228686471
1027,False,1,1028,0.41829657554626465,1.067095660737583
1028,False,1,1029,0.40613698959350586,1.0673364230564664
1029,False,1,1030,0.44706130027770996,1.100161611324265
1030,False,1,1031,0.4080343246459961,1.0445187755283856
1031,False,1,1032,0.4067678451538086,1.0742737583461262
1032,False,1,1033,0.44643354415893555,0.9906042977457955
1033,False,1,1034,0.4056532382965088,1.1067690196491422
1034,False,1,1035,0.41582536697387695,1.1065987320173356
1035,False,1,1036,0.40661072731018066,1.0545228499741783
1036,False,1,1037,0.4360215663909912,1.1229410533394129
1037,False,1,1038,0.41432690620422363,1.1390293616624103
1038,False,1,1039,0.40686583518981934,1.0842900457126754
1039,False,1,1040,0.4470252990722656,1.0881084320800645
1040,False,1,1041,0.4201796054840088,1.042159940515246
1041,False,1,1042,0.43648838996887207,1.0980703039538293
1042,False,1,1043,0.4090137481689453,1.041020203204382
1043,False,1,1044,0.4512341022491455,1.0982968086997669
1044,False,1,1045,0.40415334701538086,1.0736189692148144
1045,False,1,1046,0.41762423515319824,1.119419569770495
1046,False,1,1047,0.4268782138824463,1.0989221469277428
1047,False,1,1048,0.4036245346069336,1.0686440063374383
1048,False,1,1049,0.41820263862609863,1.0732079148292542
1049,False,1,1050,0.40442705154418945,1.046066954377152
1050,False,1,1051,0.4351792335510254,1.0357873760873366
1051,False,1,1052,0.4048283100128174,1.0925283935808
1052,False,1,1053,0.41722822189331055,1.0604777414174307
1053,False,1,1054,0.4498016834259033,1.0651803265015285
1054,False,1,1055,0.40525269508361816,1.0591574481555395
1055,False,1,1056,0.40619730949401855,1.0238980370618047
1056,False,1,1057,0.44867873191833496,1.1178376000551948
1057,False,1,1058,0.4072096347808838,1.1052486222414744
1058,False,1,1059,0.4164290428161621,1.051245744029681
1059,False,1,1060,0.45040011405944824,1.05338143628268
1060,False,1,1061,0.4052095413208008,1.0495450830175765
1061,False,1,1062,0.41983675956726074,1.1082003829734668
1062,False,1,1063,0.44352173805236816,1.0707934278817404
1063,False,1,1064,0.40558576583862305,1.008232512644359
1064,False,1,1065,0.40673017501831055,1.165966151016099
1065,False,1,1066,0.4503922462463379,1.0936957019425575
1066,False,1,1067,0.4044189453125,1.0787168748321987
1067,False,1,1068,0.416459321975708,1.0758345730247951
1068,False,1,1069,0.40755772590637207,1.1023101249621028
1069,False,1,1070,0.41775035858154297,1.076018413262708
1070,False,1,1071,0.40653300285339355,1.025002963486172
1071,False,1,1072,0.41805434226989746,1.0784923200096401
1072,False,1,1073,0.44839954376220703,1.0722613309820495
1073,False,1,1074,0.4045250415802002,1.093449938155356
1074,False,1,1075,0.4189746379852295,1.0839547944210826
1075,False,1,1076,0.43921661376953125,1.0610696141208922
1076,False,1,1077,0.4060995578765869,1.0597208656725432
1077,False,1,1078,0.40732669830322266,1.0609856574308305
1078,False,1,1079,0.45369482040405273,1.0244777053594587
1079,False,1,1080,0.4087505340576172,1.0395456797310285
1080,False,1,1081,0.406383752822876,1.1005291513034277
1081,False,1,1082,0.43799304962158203,1.0003032269222394
1082,False,1,1083,0.4193398952484131,1.0275988738451685
1083,False,1,1084,0.4073948860168457,1.170732413019453
1084,False,1,1085,0.4512026309967041,1.1081986079613366
1085,False,1,1086,0.4095726013183594,1.0478188189722242
1086,False,1,1087,0.41481900215148926,1.1054781813706671
1087,False,1,1088,0.4200785160064697,1.063593392925603
1088,False,1,1089,0.40714597702026367,1.064836595739637
1089,False,1,1090,0.4186112880706787,1.092945815906638
1090,False,1,1091,0.40886688232421875,1.0663287880874814
1091,False,1,1092,0.443972110748291,1.0590886771678925
1092,False,1,1093,0.40884900093078613,1.0363091372308277
1093,False,1,1094,0.4215574264526367,1.080419338884808
1094,False,1,1095,0.44190263748168945,1.1168362750183969
1095,False,1,1096,0.42148828506469727,1.0845868569754418
1096,False,1,1097,0.40851569175720215,1.0878979854640507
1097,False,1,1098,0.4373030662536621,1.0740312848772322
1098,False,1,1099,0.42134976387023926,1.0408870088202613
1099,True,1,1100,0.4477400779724121,1.0304550407897857
1100,False,1,1101,0.40776872634887695,1.1082432688701718
1101,False,1,1102,0.4195387363433838,1.150808251329831
1102,False,1,1103,0.40859556198120117,1.0597770866893588
1103,False,1,1104,0.40719056129455566,1.0757742392874898
1104,False,1,1105,0.44914722442626953,1.1091533998648322
1105,False,1,1106,0.4087378978729248,1.0444718982492176
1106,False,1,1107,0.4482848644256592,1.0901642115343186
1107,False,1,1108,0.5500843524932861,1.0754132756874675
0,False,2,1109,0.41901350021362305,1.0953072955211003
1,False,2,1110,0.4389228820800781,1.0407874832550685
2,False,2,1111,0.41728949546813965,1.0860875234717415
3,False,2,1112,0.40363454818725586,1.0662757239881016
4,False,2,1113,0.4412999153137207,1.091229247372775
5,False,2,1114,0.4039342403411865,1.0476908321891514
6,False,2,1115,0.4167020320892334,1.1000883274135138
7,False,2,1116,0.407517671585083,1.0442482140802205
8,False,2,1117,0.4411604404449463,1.0310373448190235
9,False,2,1118,0.40613389015197754,1.1310863927716301
10,False,2,1119,0.4036130905151367,1.0522515858922687
11,False,2,1120,0.4476895332336426,1.0529550629712285
12,False,2,1121,0.40543246269226074,1.027637358222689
13,False,2,1122,0.4183158874511719,1.125266763426009
14,False,2,1123,0.43272948265075684,1.108112000283741
15,False,2,1124,0.41909146308898926,1.0816816212165925
16,False,2,1125,0.4171600341796875,1.061314307862804
17,False,2,1126,0.4452793598175049,1.116802800978933
18,False,2,1127,0.40706896781921387,1.0712315589189532
19,False,2,1128,0.4214048385620117,1.0736020345773014
20,False,2,1129,0.43828320503234863,1.0555122963019783
21,False,2,1130,0.4161193370819092,1.0458279351393382
22,False,2,1131,0.40834879875183105,1.074254360227358
23,False,2,1132,0.41953182220458984,1.1004814149013589
24,False,2,1133,0.4211702346801758,1.0872689439427285
25,False,2,1134,0.4075021743774414,1.0734288642803829
26,False,2,1135,0.4189608097076416,1.0767605098940078
27,False,2,1136,0.40500950813293457,1.0637339389040357
28,False,2,1137,0.4184088706970215,1.016281253525189
29,False,2,1138,0.4168095588684082,1.0919311905191056
30,False,2,1139,0.403761625289917,1.0849894874152683
31,False,2,1140,0.4160420894622803,1.0290696872841745
32,False,2,1141,0.4068939685821533,1.096690744871185
33,False,2,1142,0.43830251693725586,1.035084582865238
34,False,2,1143,0.4195716381072998,1.0796129597084865
35,False,2,1144,0.40468454360961914,1.105750470643952
36,False,2,1145,0.4484422206878662,1.0563389960499037
37,False,2,1146,0.40766048431396484,1.099934103588263
38,False,2,1147,0.4071660041809082,1.0843240540652046
39,False,2,1148,0.40576648712158203,1.116522578256471
40,False,2,1149,0.43666625022888184,1.0377643683126994
41,False,2,1150,0.4201364517211914,1.1415545166957943
42,False,2,1151,0.4482583999633789,1.0790888315864973
43,False,2,1152,0.4079620838165283,1.0584223582631067
44,False,2,1153,0.44858336448669434,1.0755935946390742
45,False,2,1154,0.42050957679748535,1.0706896948672477
46,False,2,1155,0.4059464931488037,1.0682864937753906
47,False,2,1156,0.448854923248291,1.0240301280504183
48,False,2,1157,0.40749359130859375,1.0076013407891704
49,False,2,1158,0.40584492683410645,1.0596068771112532
50,False,2,1159,0.4496614933013916,1.086986672310602
51,False,2,1160,0.4057602882385254,1.0453955573695046
52,False,2,1161,0.4207191467285156,1.0461134286153886
53,False,2,1162,0.4383389949798584,1.0647871898753305
54,False,2,1163,0.4187018871307373,1.0696301914396742
55,False,2,1164,0.4174196720123291,1.0716016179039365
56,False,2,1165,0.42606425285339355,1.080266495545705
57,False,2,1166,0.4031946659088135,1.072653326250258
58,False,2,1167,0.42119669914245605,1.0860349078263556
59,False,2,1168,0.4060397148132324,1.061980297168096
60,False,2,1169,0.441608190536499,1.0816142080085618
61,False,2,1170,0.4072413444519043,0.9703740443856944
62,False,2,1171,0.4162271022796631,1.0705809610940162
63,False,2,1172,0.45085787773132324,1.093520347561155
64,False,2,1173,0.4043574333190918,1.0475055422811281
65,False,2,1174,0.41986608505249023,1.053362453977267
66,False,2,1175,0.4366028308868408,1.0581863362874302
67,False,2,1176,0.41804957389831543,1.1175603440829682
68,False,2,1177,0.41944336891174316,1.0336720531895047
69,False,2,1178,0.4358181953430176,1.0206051160182272
70,False,2,1179,0.40725040435791016,1.0700065128150442
71,False,2,1180,0.4205613136291504,1.0381637847139722
72,False,2,1181,0.4302825927734375,1.0858356441770283
73,False,2,1182,0.4219081401824951,1.0946022094715209
74,False,2,1183,0.40693044662475586,1.144646303994315
75,False,2,1184,0.4176788330078125,1.0046874252813203
76,False,2,1185,0.40592217445373535,1.0875948596568334
77,False,2,1186,0.4071335792541504,1.1108273267745972
78,False,2,1187,0.40647029876708984,1.1027393504267646
79,False,2,1188,0.40593719482421875,1.0251833109983375
80,False,2,1189,0.4223971366882324,1.0603803594907124
81,False,2,1190,0.416259765625,1.0495098935706273
82,False,2,1191,0.4376838207244873,1.039174463067736
83,False,2,1192,0.4194376468658447,1.0487917562325797
84,False,2,1193,0.40959930419921875,1.0366894833388784
85,False,2,1194,0.44168782234191895,1.0829640247282528
86,False,2,1195,0.41956257820129395,1.0398866899666332
87,False,2,1196,0.4071159362792969,1.0600289950768154
88,False,2,1197,0.45058703422546387,1.0051098547521093
89,False,2,1198,0.4082605838775635,1.0964677050000144
90,False,2,1199,0.40716052055358887,1.0082582295650526
91,True,2,1200,0.49048686027526855,1.0321585922723724
92,False,2,1201,0.40778231620788574,1.1318466521444779
93,False,2,1202,0.4192988872528076,1.1026140032779606
94,False,2,1203,0.4487276077270508,1.0802774798302421
95,False,2,1204,0.4059426784515381,1.0698652984130952
96,False,2,1205,0.40836024284362793,1.0659246203445254
97,False,2,1206,0.419827938079834,1.166607550921894
98,False,2,1207,0.4547567367553711,1.0265974083117078
99,False,2,1208,0.42485618591308594,1.0280788076065837
100,False,2,1209,0.42835497856140137,1.081341641289847
101,False,2,1210,0.45630717277526855,1.1121505725951422
102,False,2,1211,0.4024200439453125,1.0828020026286442
103,False,2,1212,0.3924386501312256,1.0893063275586992
104,False,2,1213,0.3943040370941162,1.1236616309200014
105,False,2,1214,0.423675537109375,1.1124052522437915
106,False,2,1215,0.3937985897064209,1.0726277175403776
107,False,2,1216,0.4241821765899658,1.07781748686518
108,False,2,1217,0.39703965187072754,1.0944669644037883
109,False,2,1218,0.4239070415496826,1.0600348505235853
110,False,2,1219,0.3945784568786621,1.1746986394836787
111,False,2,1220,0.39389991760253906,1.0456685863790058
112,False,2,1221,0.4259662628173828,1.0476102335822013
113,False,2,1222,0.3929312229156494,1.0553502986828487
114,False,2,1223,0.3945794105529785,1.0699798021288145
115,False,2,1224,0.3954753875732422,1.1587950608560018
116,False,2,1225,0.4279007911682129,1.0560773167581785
117,False,2,1226,0.392744779586792,1.0144170224666593
118,False,2,1227,0.3957958221435547,1.0411830359981176
119,False,2,1228,0.4429185390472412,1.1411205551453998
120,False,2,1229,0.39345788955688477,1.100651100277901
121,False,2,1230,0.39712977409362793,1.0501168164468946
122,False,2,1231,0.4460775852203369,1.0296886996144339
123,False,2,1232,0.3939499855041504,1.1028678317864737
124,False,2,1233,0.3935706615447998,1.07093084639027
125,False,2,1234,0.4400644302368164,1.0610689584697997
126,False,2,1235,0.39332151412963867,1.0363074934908323
127,False,2,1236,0.3942587375640869,1.098139620962597
128,False,2,1237,0.4130229949951172,1.0747845279318946
129,False,2,1238,0.3927485942840576,0.9993983510704267
130,False,2,1239,0.39824366569519043,1.0605698447851908
131,False,2,1240,0.39386677742004395,1.0713336499673978
132,False,2,1241,0.44835567474365234,1.0488430162270865
133,False,2,1242,0.39247918128967285,1.0674401393958501
134,False,2,1243,0.3964073657989502,1.032422253773326
135,False,2,1244,0.45271873474121094,1.0874188925538746
136,False,2,1245,0.3923163414001465,0.9928306688865025
137,False,2,1246,0.394026517868042,1.0852169703160015
138,False,2,1247,0.437441349029541,1.0614883530707586
139,False,2,1248,0.4029569625854492,1.03559029457115
140,False,2,1249,0.4014604091644287,1.037328525313309
141,False,2,1250,0.42600083351135254,1.0705640642415908
142,False,2,1251,0.41117048263549805,1.067716739716984
143,False,2,1252,0.39861583709716797,1.0453813750119438
144,False,2,1253,0.3992288112640381,1.063519950423922
145,False,2,1254,0.41848325729370117,1.076910492210161
146,False,2,1255,0.39437031745910645,1.106253039978799
147,False,2,1256,0.39199304580688477,1.0437055776516595
148,False,2,1257,0.44603514671325684,1.040488792317254
149,False,2,1258,0.39243316650390625,1.0178936904384976
150,False,2,1259,0.3964059352874756,1.0561198478653318
151,False,2,1260,0.4520385265350342,1.0235810918467385
152,False,2,1261,0.39580821990966797,1.082466517885526
153,False,2,1262,0.3925349712371826,1.0449009991827465
154,False,2,1263,0.4585752487182617,1.044680836300055
155,False,2,1264,0.39475440979003906,1.075442340402376
156,False,2,1265,0.3988165855407715,1.1043921666485925
157,False,2,1266,0.4113731384277344,1.0152223198896362
158,False,2,1267,0.4017479419708252,1.0688202664965676
159,False,2,1268,0.40172648429870605,1.0360977663880306
160,False,2,1269,0.3976297378540039,1.0843110490767731
161,False,2,1270,0.43483901023864746,1.074905424245766
162,False,2,1271,0.40064525604248047,1.0508873533634915
163,False,2,1272,0.3965160846710205,1.1132585604985552
164,False,2,1273,0.44785308837890625,1.0772065108730682
165,False,2,1274,0.39628052711486816,1.048048973083496
166,False,2,1275,0.397355318069458,1.0770596446735519
167,False,2,1276,0.41167187690734863,1.0792658917960667
168,False,2,1277,0.42472386360168457,1.1059143089112782
169,False,2,1278,0.39207935333251953,1.0769765632493156
170,False,2,1279,0.41413021087646484,1.0700949221139862
171,False,2,1280,0.42319607734680176,1.1025007835456304
172,False,2,1281,0.3974792957305908,1.117005838879517
173,False,2,1282,0.430591344833374,1.103025156117621
174,False,2,1283,0.4083826541900635,1.0208159596437503
175,False,2,1284,0.420607328414917,1.1084978317930585
176,False,2,1285,0.3942074775695801,1.0564135348513013
177,False,2,1286,0.42279720306396484,1.0279745463104477
178,False,2,1287,0.39405107498168945,1.070191367751076
179,False,2,1288,0.41367554664611816,1.1019164621829984
180,False,2,1289,0.41626572608947754,1.046599455177784
181,False,2,1290,0.3928642272949219,1.1492832012119745
182,False,2,1291,0.4357264041900635,1.0071291859660827
183,False,2,1292,0.4218764305114746,1.0096986293792722
184,False,2,1293,0.39356303215026855,1.095362506452061
185,False,2,1294,0.4319889545440674,1.070595127840837
186,False,2,1295,0.4178886413574219,1.0479171552828381
187,False,2,1296,0.3918774127960205,1.0215820361460959
188,False,2,1297,0.4285094738006592,1.0867343112116767
189,False,2,1298,0.4215848445892334,1.054148053129514
190,False,2,1299,0.39351820945739746,1.0717025697231293
191,True,2,1300,0.45662903785705566,1.06106910074041
192,False,2,1301,0.39432191848754883,1.0922821433771224
193,False,2,1302,0.41613268852233887,1.0807024999743418
194,False,2,1303,0.41356396675109863,1.0650916071165177
195,False,2,1304,0.4058644771575928,1.1510135829448698
196,False,2,1305,0.42252588272094727,1.1243179990422159
197,False,2,1306,0.39397335052490234,1.0835384002753667
198,False,2,1307,0.4065115451812744,1.1691807650384451
199,False,2,1308,0.4237978458404541,1.1232499466055916
200,False,2,1309,0.39391136169433594,1.0573575354757765
201,False,2,1310,0.41515612602233887,1.1482612362929752
202,False,2,1311,0.42004919052124023,1.1047462576201985
203,False,2,1312,0.39518284797668457,1.1136754162254787
204,False,2,1313,0.42867136001586914,1.0272808096238544
205,False,2,1314,0.42411231994628906,1.087622154326666
206,False,2,1315,0.3946058750152588,1.0856406674498607
207,False,2,1316,0.42830538749694824,1.042929791978427
208,False,2,1317,0.4250965118408203,1.0588864130633218
209,False,2,1318,0.39430999755859375,1.0357280778033393
210,False,2,1319,0.43239736557006836,1.1560426865305218
211,False,2,1320,0.4141526222229004,0.9984669323478427
212,False,2,1321,0.3978710174560547,1.0614642664080574
213,False,2,1322,0.39511919021606445,1.0893726827842847
214,False,2,1323,0.4278292655944824,1.0770480168007668
215,False,2,1324,0.41762614250183105,1.076827981997104
216,False,2,1325,0.401106595993042,1.1340173404841198
217,False,2,1326,0.4322221279144287,1.0881314125089419
218,False,2,1327,0.4166386127471924,1.0733777674890699
219,False,2,1328,0.395611047744751,1.0936966439088187
220,False,2,1329,0.4295635223388672,1.1195639513787767
221,False,2,1330,0.4227283000946045,1.0674123551164356
222,False,2,1331,0.39542675018310547,1.027387918460937
223,False,2,1332,0.41669464111328125,1.0476054329247704
224,False,2,1333,0.4042074680328369,1.0884424873760767
225,False,2,1334,0.39989566802978516,1.0724624789186885
226,False,2,1335,0.3928701877593994,1.0605520755052564
227,False,2,1336,0.41838693618774414,1.0308680200860614
228,False,2,1337,0.4173440933227539,1.0618338137865067
229,False,2,1338,0.3982405662536621,1.0571104366154898
230,False,2,1339,0.42706775665283203,1.0556119155316126
231,False,2,1340,0.422116756439209,1.0351759997152148
232,False,2,1341,0.39399027824401855,1.093175195867107
233,False,2,1342,0.398484468460083,1.0778521583193827
234,False,2,1343,0.4493703842163086,1.0910970884419622
235,False,2,1344,0.39368772506713867,1.1703933033914795
236,False,2,1345,0.4059486389160156,1.071507222595669
237,False,2,1346,0.4388918876647949,1.0632538316505293
238,False,2,1347,0.396273136138916,1.0818053604591462
239,False,2,1348,0.42902231216430664,1.083256471724737
240,False,2,1349,0.41800832748413086,1.037427257214274
241,False,2,1350,0.4262993335723877,1.074733289224761
242,False,2,1351,0.39478087425231934,1.1016325191372915
243,False,2,1352,0.3981492519378662,1.0172034384948867
244,False,2,1353,0.39260077476501465,1.0279226970104947
245,False,2,1354,0.42787981033325195,1.0873984172940256
246,False,2,1355,0.40126705169677734,1.0519994660502388
247,False,2,1356,0.4031248092651367,1.0743671048964771
248,False,2,1357,0.4302210807800293,1.076323310888949
249,False,2,1358,0.4007759094238281,1.0091840681575592
250,False,2,1359,0.41783761978149414,1.0407353224498885
251,False,2,1360,0.4265403747558594,1.0312946484912007
252,False,2,1361,0.3958609104156494,1.0686062315390223
253,False,2,1362,0.4183084964752197,1.060225330647968
254,False,2,1363,0.409832239151001,1.082442881095977
255,False,2,1364,0.39643239974975586,1.1088373054351124
256,False,2,1365,0.4172861576080322,1.0278588568880445
257,False,2,1366,0.3925652503967285,1.0849081313326245
258,False,2,1367,0.42615842819213867,1.022736935388474
259,False,2,1368,0.41512489318847656,1.0695376215236525
260,False,2,1369,0.39379358291625977,1.0363766025929226
261,False,2,1370,0.4240436553955078,1.0904787470187458
262,False,2,1371,0.4121694564819336,1.089095361530781
263,False,2,1372,0.3926734924316406,1.014447860064961
264,False,2,1373,0.428969144821167,1.0831435258899418
265,False,2,1374,0.3941223621368408,1.023266598582268
266,False,2,1375,0.5046522617340088,1.0337001993542625
267,False,2,1376,0.5413966178894043,1.0910042315011932
268,False,2,1377,0.42371129989624023,1.0709134964715867
269,False,2,1378,0.39312028884887695,1.0152418606338045
270,False,2,1379,0.42116427421569824,1.0103355575175512
271,False,2,1380,0.44091200828552246,1.0913730526254293
272,False,2,1381,0.5186924934387207,1.087382320137251
273,False,2,1382,0.5116860866546631,1.0720762255645933
274,False,2,1383,0.3929026126861572,1.0961202624298276
275,False,2,1384,0.3936495780944824,1.1147374954252018
276,False,2,1385,0.4183199405670166,1.060104125844581
277,False,2,1386,0.3974337577819824,1.0881694796539487
278,False,2,1387,0.3943777084350586,1.0685577662218186
279,False,2,1388,0.3944129943847656,1.0832668156141325
280,False,2,1389,0.4396708011627197,1.068137238777819
281,False,2,1390,0.39290332794189453,1.0382409312185787
282,False,2,1391,0.3965573310852051,1.0389604185308732
283,False,2,1392,0.45035791397094727,1.0545874326711606
284,False,2,1393,0.39438915252685547,1.066814861482098
285,False,2,1394,0.39414095878601074,0.9951442315110138
286,False,2,1395,0.4353604316711426,1.0797721410081502
287,False,2,1396,0.3974738121032715,1.045858609889235
288,False,2,1397,0.39531850814819336,1.0468316844531467
289,False,2,1398,0.39267635345458984,1.0690630301833155
290,False,2,1399,0.4388754367828369,1.0614243100086846
291,True,2,1400,0.4309217929840088,1.0851542282672157
292,False,2,1401,0.39373278617858887,1.1408669231902984
293,False,2,1402,0.43378281593322754,1.0429013563053948
294,False,2,1403,0.39349842071533203,1.090771760968935
295,False,2,1404,0.3948943614959717,1.0176699810794423
296,False,2,1405,0.4343118667602539,1.0729484079139575
297,False,2,1406,0.39264917373657227,1.093888948361079
298,False,2,1407,0.3935232162475586,1.06167442883764
299,False,2,1408,0.4181349277496338,1.0850363419879052
300,False,2,1409,0.42410755157470703,1.1124233787968043
301,False,2,1410,0.3947477340698242,1.0181275670017516
302,False,2,1411,0.40737128257751465,1.0256094868694032
303,False,2,1412,0.4209175109863281,1.047684936296372
304,False,2,1413,0.3947010040283203,1.0414214652209053
305,False,2,1414,0.42350244522094727,1.0643297611247928
306,False,2,1415,0.41042089462280273,1.10096098305214
307,False,2,1416,0.4010648727416992,1.071281502644221
308,False,2,1417,0.3942103385925293,1.0918629428460487
309,False,2,1418,0.41815185546875,1.085648049201284
310,False,2,1419,0.39125752449035645,1.077738130731242
311,False,2,1420,0.42774391174316406,1.0339836354056993
312,False,2,1421,0.4138014316558838,1.0608806737831662
313,False,2,1422,0.3940110206604004,1.0257863657815116
314,False,2,1423,0.424055814743042,1.0243104925113065
315,False,2,1424,0.4189913272857666,1.0840197159420877
316,False,2,1425,0.3939945697784424,1.0124248269767986
317,False,2,1426,0.42273664474487305,1.053980989825158
318,False,2,1427,0.42081570625305176,1.1023173892781846
319,False,2,1428,0.3962059020996094,1.063662713482266
320,False,2,1429,0.39386725425720215,1.0243662130974587
321,False,2,1430,0.3948934078216553,1.0439266746952418
322,False,2,1431,0.41199183464050293,1.0940492536340443
323,False,2,1432,0.3936445713043213,0.9789468670884768
324,False,2,1433,0.4268529415130615,1.0895854234695435
325,False,2,1434,0.4203524589538574,1.0225862534273238
326,False,2,1435,0.39367175102233887,1.0572792522254446
327,False,2,1436,0.42525792121887207,1.1031402952614286
328,False,2,1437,0.4554131031036377,1.0696553055729185
329,False,2,1438,0.47834300994873047,1.1133977777901152
330,False,2,1439,0.5060098171234131,1.0941125033866792
331,False,2,1440,0.5124683380126953,1.0635626188346319
332,False,2,1441,0.5322065353393555,1.113185086420604
333,False,2,1442,0.5086445808410645,1.0651087115208306
334,False,2,1443,0.49977946281433105,1.0602912344038486
335,False,2,1444,0.5136685371398926,1.098880218608039
336,False,2,1445,0.5021166801452637,1.0826971853772795
337,False,2,1446,0.49762845039367676,1.0256152961935312
338,False,2,1447,0.5167653560638428,1.0941196367854165
339,False,2,1448,0.49796080589294434,1.0648085872332258
340,False,2,1449,0.49583935737609863,1.137154547231538
341,False,2,1450,0.5118191242218018,1.0874909176712948
342,False,2,1451,0.4973464012145996,1.0544911268211545
343,False,2,1452,0.41976237297058105,1.070537155937581
344,False,2,1453,0.511559009552002,1.0485789573618343
345,False,2,1454,0.49746203422546387,1.0286501566214221
346,False,2,1455,0.5118758678436279,1.0754415080660866
347,False,2,1456,0.4975461959838867,1.0990281303723652
348,False,2,1457,0.49819421768188477,1.0796402139323098
349,False,2,1458,0.5115320682525635,1.006248087400482
350,False,2,1459,0.49828076362609863,1.0375226478846302
351,False,2,1460,0.497145414352417,1.0719977042504718
352,False,2,1461,0.5121927261352539,1.025369341174761
353,False,2,1462,0.49979710578918457,1.0551615396425837
354,False,2,1463,0.5135805606842041,1.0543635480460665
355,False,2,1464,0.500307559967041,1.0404244285254254
356,False,2,1465,0.4976222515106201,1.056064275758607
357,False,2,1466,0.5154628753662109,1.1075958996301605
358,False,2,1467,0.49738073348999023,1.019246963163217
359,False,2,1468,0.49635839462280273,1.0933490501982825
360,False,2,1469,0.5124900341033936,1.0439328075874417
361,False,2,1470,0.49976420402526855,1.0063258920397078
362,False,2,1471,0.5012266635894775,1.0606772622891834
363,False,2,1472,0.513737678527832,1.0989476236559097
364,False,2,1473,0.49829721450805664,1.0401389570463273
365,False,2,1474,0.5139322280883789,1.0739807777461552
366,False,2,1475,0.5089898109436035,1.003766355769975
367,False,2,1476,0.4995391368865967,1.0505298031937507
368,False,2,1477,0.4980168342590332,1.0079086536452881
369,False,2,1478,0.5150723457336426,1.0310016238973254
370,False,2,1479,0.49985456466674805,1.103958574079332
371,False,2,1480,0.49973249435424805,1.110687013538111
372,False,2,1481,0.5144205093383789,1.0448409003161248
373,False,2,1482,0.4986405372619629,1.1059652584649267
374,False,2,1483,0.5114986896514893,1.0290508586026372
375,False,2,1484,0.4986565113067627,1.1070216081681705
376,False,2,1485,0.4974386692047119,1.027011235555013
377,False,2,1486,0.5134356021881104,1.1116615441583453
378,False,2,1487,0.49753355979919434,1.0944250101844468
379,False,2,1488,0.49811625480651855,1.1061690052350361
380,False,2,1489,0.5102298259735107,1.042721927165985
381,False,2,1490,0.49897098541259766,1.112134816036338
382,False,2,1491,0.510674238204956,1.0773723019020898
383,False,2,1492,0.49837279319763184,1.075149057166917
384,False,2,1493,0.4975287914276123,1.028595763657774
385,False,2,1494,0.5142114162445068,1.0651334556085723
386,False,2,1495,0.49845361709594727,1.051214386664686
387,False,2,1496,0.4966766834259033,1.0685474187845274
388,False,2,1497,0.5118107795715332,1.104192982117335
389,False,2,1498,0.5058467388153076,1.0618249468860175
390,False,2,1499,0.3948984146118164,1.0142738272746403
391,True,2,1500,0.4661130905151367,1.095330562619936
392,False,2,1501,0.39388513565063477,1.1213513424708732
393,False,2,1502,0.39404797554016113,1.063016951793716
394,False,2,1503,0.42438197135925293,1.0530079007148745
395,False,2,1504,0.3935368061065674,1.1013720816089994
396,False,2,1505,0.39711904525756836,1.093230962753296
397,False,2,1506,0.42522239685058594,1.050821392309098
398,False,2,1507,0.39185166358947754,1.011211090854236
399,False,2,1508,0.39444422721862793,1.1291008939345677
400,False,2,1509,0.39391160011291504,1.1478180814357035
401,False,2,1510,0.4256274700164795,1.1412285715341568
402,False,2,1511,0.39453577995300293,1.1020379527693702
403,False,2,1512,0.39652085304260254,1.0231172804321562
404,False,2,1513,0.42670655250549316,1.0400950213273366
405,False,2,1514,0.39339375495910645,1.0021015792375518
406,False,2,1515,0.3938720226287842,1.110799701440902
407,False,2,1516,0.652411937713623,1.0635590453942616
408,False,2,1517,0.395099401473999,1.1077601725146884
409,False,2,1518,0.41390395164489746,1.0658473496635756
410,False,2,1519,0.39420199394226074,1.0152536084254582
411,False,2,1520,0.42067551612854004,1.0804062684377036
412,False,2,1521,0.4128761291503906,1.0729629198710124
413,False,2,1522,0.3944730758666992,1.121033256252607
414,False,2,1523,0.4265451431274414,1.0463064532904396
415,False,2,1524,0.4206550121307373,1.031719287591321
416,False,2,1525,0.39342308044433594,1.058899176972253
417,False,2,1526,0.42647552490234375,1.0548555361373084
418,False,2,1527,0.4223511219024658,1.1258770184857507
419,False,2,1528,0.3935976028442383,1.022697709855579
420,False,2,1529,0.39928269386291504,1.0459126120521909
421,False,2,1530,0.4375011920928955,1.0895378908940723
422,False,2,1531,0.3955659866333008,1.0364402440332232
423,False,2,1532,0.39380431175231934,1.080601427526701
424,False,2,1533,0.42633867263793945,1.0679906136578037
425,False,2,1534,0.41752099990844727,1.0494474577052253
426,False,2,1535,0.426131010055542,1.0830520043770473
427,False,2,1536,0.39626193046569824,1.075689517316364
428,False,2,1537,0.4415092468261719,1.0408561061180772
429,False,2,1538,0.3939073085784912,1.0846371863569533
430,False,2,1539,0.4023118019104004,1.1178847324280512
431,False,2,1540,0.41567492485046387,1.0644531700582731
432,False,2,1541,0.4220411777496338,1.0212466681287404
433,False,2,1542,0.39453864097595215,1.01868384934607
434,False,2,1543,0.41434788703918457,1.137183542052905
435,False,2,1544,0.4252772331237793,1.0652304093043012
436,False,2,1545,0.3956305980682373,1.089944118545169
437,False,2,1546,0.42205309867858887,1.0546916950316656
438,False,2,1547,0.4259200096130371,1.0230075042872202
439,False,2,1548,0.40148401260375977,1.0584395421402795
440,False,2,1549,0.417919397354126,1.0251737236976624
441,False,2,1550,0.41729116439819336,1.0741381613271574
442,False,2,1551,0.4004640579223633,1.0376061733279907
443,False,2,1552,0.42659449577331543,1.0925119519233704
444,False,2,1553,0.3930380344390869,1.0494446850248746
445,False,2,1554,0.4265913963317871,0.96811825498229
446,False,2,1555,0.4133265018463135,1.0134183494817643
447,False,2,1556,0.39361023902893066,1.0591339660542354
448,False,2,1557,0.42601680755615234,1.058127516791934
449,False,2,1558,0.3992280960083008,1.0669180161896206
450,False,2,1559,0.4050168991088867,1.0537876919621516
451,False,2,1560,0.4267430305480957,1.0916570254734583
452,False,2,1561,0.3965332508087158,1.063005038670131
453,False,2,1562,0.4120187759399414,1.0528576409532908
454,False,2,1563,0.4198780059814453,1.0568450139391992
455,False,2,1564,0.39457106590270996,1.0720841600781397
456,False,2,1565,0.4231739044189453,1.0543630052180517
457,False,2,1566,0.39232373237609863,1.0824416169808024
458,False,2,1567,0.42436933517456055,1.0560866885242008
459,False,2,1568,0.41625499725341797,1.0109107465971083
460,False,2,1569,0.39412999153137207,1.0622030624321528
461,False,2,1570,0.42610740661621094,1.096031068336396
462,False,2,1571,0.3953108787536621,1.0298081412911415
463,False,2,1572,0.41100597381591797,1.089220370565142
464,False,2,1573,0.42765212059020996,1.037346832808994
465,False,2,1574,0.3971438407897949,1.1129812953018008
466,False,2,1575,0.4194633960723877,1.0357475912287122
467,False,2,1576,0.42226409912109375,1.0949735013501987
468,False,2,1577,0.39534759521484375,1.0352728405878655
469,False,2,1578,0.42941832542419434,1.0667481103113718
470,False,2,1579,0.393047571182251,1.021298437601044
471,False,2,1580,0.42939162254333496,1.0664590352347922
472,False,2,1581,0.4128689765930176,1.0434562964808372
473,False,2,1582,0.3937718868255615,1.043494624750955
474,False,2,1583,0.4262571334838867,1.085558138432957
475,False,2,1584,0.41782546043395996,1.0520451430763516
476,False,2,1585,0.3927168846130371,1.0757671591071856
477,False,2,1586,0.43666720390319824,1.0073661800651323
478,False,2,1587,0.4044060707092285,1.0341063510803947
479,False,2,1588,0.4016849994659424,1.0454656048899604
480,False,2,1589,0.41417717933654785,1.016755611236606
481,False,2,1590,0.399738073348999,1.0648356307120552
482,False,2,1591,0.4137532711029053,1.051727641906057
483,False,2,1592,0.3941679000854492,0.9734120794704981
484,False,2,1593,0.42905235290527344,1.0759818908714112
485,False,2,1594,0.4177734851837158,1.0228411314033328
486,False,2,1595,0.392103910446167,1.0043765554825466
487,False,2,1596,0.41643762588500977,0.9985515049525671
488,False,2,1597,0.41933369636535645,1.0458456437502588
489,False,2,1598,0.39444851875305176,1.043359260119143
490,False,2,1599,0.39586830139160156,1.0846200964990116
491,True,2,1600,0.4900546073913574,1.031214357486793
492,False,2,1601,0.3931925296783447,1.0692404576000714
493,False,2,1602,0.42717623710632324,1.1026651156800134
494,False,2,1603,0.4209897518157959,1.0465919176737466
495,False,2,1604,0.4251863956451416,1.0478676412077177
496,False,2,1605,0.4071159362792969,1.1126082539558408
497,False,2,1606,0.3973708152770996,1.043345543600264
498,False,2,1607,0.43724775314331055,1.089287811801547
499,False,2,1608,0.39238739013671875,1.1213874781415576
500,False,2,1609,0.4005746841430664,1.0299311798243296
501,False,2,1610,0.43816661834716797,0.9555318948058855
502,False,2,1611,0.39211082458496094,1.0742867141962051
503,False,2,1612,0.40038061141967773,1.002105569555646
504,False,2,1613,0.4162099361419678,1.1021584137564613
505,False,2,1614,0.42508506774902344,1.0433567201807383
506,False,2,1615,0.3929121494293213,1.048456493587721
507,False,2,1616,0.4269106388092041,1.0997097609298565
508,False,2,1617,0.4230630397796631,1.086589900155862
509,False,2,1618,0.3954651355743408,1.085623803238074
510,False,2,1619,0.42169785499572754,1.0431353513683592
511,False,2,1620,0.4244499206542969,1.052408781080019
512,False,2,1621,0.39355897903442383,1.0232564650830769
513,False,2,1622,0.3983461856842041,0.9880172354834421
514,False,2,1623,0.4361717700958252,1.0086600556969643
515,False,2,1624,0.3961162567138672,1.0447359666937874
516,False,2,1625,0.3963909149169922,1.0902754905677976
517,False,2,1626,0.4191615581512451,1.0734291569817636
518,False,2,1627,0.3997073173522949,1.0417309694346923
519,False,2,1628,0.39594507217407227,1.0437133017750015
520,False,2,1629,0.4226865768432617,1.0925475997584206
521,False,2,1630,0.42194080352783203,1.0482312643102238
522,False,2,1631,0.39571714401245117,1.0531896512423244
523,False,2,1632,0.4173314571380615,1.0586727694386528
524,False,2,1633,0.42333340644836426,1.0765574063573564
525,False,2,1634,0.3963463306427002,1.0663594738358544
526,False,2,1635,0.4178130626678467,1.0344401456060865
527,False,2,1636,0.4244563579559326,1.0450231780608497
528,False,2,1637,0.4041762351989746,1.1131539458320256
529,False,2,1638,0.43286752700805664,1.0537751146725247
530,False,2,1639,0.42014169692993164,1.0229902260360264
531,False,2,1640,0.3995978832244873,1.0186698344491776
532,False,2,1641,0.402111291885376,1.064160393817084
533,False,2,1642,0.4089641571044922,1.0632646392498697
534,False,2,1643,0.4323554039001465,1.048882109778268
535,False,2,1644,0.3988666534423828,1.1442483649367379
536,False,2,1645,0.4215528964996338,1.0767805775006611
537,False,2,1646,0.42502522468566895,1.0128637044912292
538,False,2,1647,0.4048020839691162,1.060270787349769
539,False,2,1648,0.4164714813232422,1.032572975470906
540,False,2,1649,0.4314584732055664,1.0282574079575995
541,False,2,1650,0.3921523094177246,1.0467162565106436
542,False,2,1651,0.42646217346191406,1.0101742318698337
543,False,2,1652,0.4229617118835449,1.0289934870033037
544,False,2,1653,0.39437079429626465,1.050137364438602
545,False,2,1654,0.41878771781921387,1.0843338299365273
546,False,2,1655,0.39237546920776367,1.0413612556599434
547,False,2,1656,0.4148094654083252,1.0719380023933591
548,False,2,1657,0.3969228267669678,1.0482760135616576
549,False,2,1658,0.4140021800994873,1.0373205649001258
550,False,2,1659,0.4332716464996338,1.0406387845675154
551,False,2,1660,0.39426422119140625,1.0927132650145461
552,False,2,1661,0.395338773727417,1.0709941756157646
553,False,2,1662,0.3947920799255371,1.1019607165030072
554,False,2,1663,0.4256625175476074,1.0437655136698767
555,False,2,1664,0.40082383155822754,1.0954090619371049
556,False,2,1665,0.3939085006713867,1.0301500487895237
557,False,2,1666,0.42779970169067383,1.043509400316647
558,False,2,1667,0.6322822570800781,1.0451454938877196
559,False,2,1668,0.43712449073791504,1.0585460513830187
560,False,2,1669,0.6203150749206543,1.0831285488037836
561,False,2,1670,0.7847564220428467,1.0678227572214036
562,False,2,1671,0.7968015670776367,1.044147124602681
563,False,2,1672,0.8211138248443604,1.0335068752368293
564,False,2,1673,0.807490348815918,1.0442840307950974
565,False,2,1674,0.7636435031890869,1.0490386812459855
566,False,2,1675,0.8462424278259277,1.088407094989504
567,False,2,1676,0.7659580707550049,1.093497263178939
568,False,2,1677,0.7906267642974854,1.0192404758362543
569,False,2,1678,0.8386132717132568,1.0463279673740977
570,False,2,1679,0.7602646350860596,1.017734252271198
571,False,2,1680,0.8219683170318604,1.0879849717020988
572,False,2,1681,0.8145482540130615,1.021761068630786
573,False,2,1682,0.7738502025604248,1.0127921228607495
574,False,2,1683,0.8195154666900635,1.08579822736127
575,False,2,1684,0.8009433746337891,1.0071505751638186
576,False,2,1685,0.7582583427429199,1.037549761434396
577,False,2,1686,0.8365042209625244,1.0552827893268495
578,False,2,1687,0.7732844352722168,1.1048500452722825
579,False,2,1688,0.7940244674682617,1.0180072518331666
580,False,2,1689,0.8489468097686768,1.051556768871489
581,False,2,1690,0.7585556507110596,1.0450312906787511
582,False,2,1691,0.81239914894104,1.0111492960935544
583,False,2,1692,0.8126499652862549,1.0588890956271262
584,False,2,1693,0.80442214012146,1.0458575033006217
585,False,2,1694,0.8121762275695801,1.0143942148202942
586,False,2,1695,0.8083667755126953,1.0519065157998178
587,False,2,1696,0.777825117111206,1.0705534134592327
588,False,2,1697,0.8138632774353027,1.1187732460952944
589,False,2,1698,0.8157336711883545,1.0771234759262627
590,False,2,1699,0.7623820304870605,1.028290103233996
591,True,2,1700,0.9150936603546143,1.0387845866027332
592,False,2,1701,0.8132157325744629,1.059232662831034
593,False,2,1702,0.7996041774749756,1.0827934841314952
594,False,2,1703,0.8145668506622314,1.1432001079831806
595,False,2,1704,0.8244633674621582,1.0167312817204566
596,False,2,1705,0.7644522190093994,1.09672093746208
597,False,2,1706,0.8441054821014404,1.077561044976825
598,False,2,1707,0.8265330791473389,1.0988688248963583
599,False,2,1708,0.7572159767150879,1.0560903605960663
600,False,2,1709,0.8345127105712891,1.1147752542580878
601,False,2,1710,0.7429425716400146,1.0617161783434095
602,False,2,1711,0.8167829513549805,1.0749099779696694
603,False,2,1712,0.8184676170349121,1.0474064790067221
604,False,2,1713,0.7686746120452881,1.105354456674485
605,False,2,1714,0.8138625621795654,1.0793135889938898
606,False,2,1715,0.8046057224273682,1.126678160968281
607,False,2,1716,0.7569389343261719,1.0373898361410414
608,False,2,1717,0.8332014083862305,1.0487299025768326
609,False,2,1718,0.7861318588256836,1.0608696990779465
610,False,2,1719,0.7847020626068115,1.0630277835187458
611,False,2,1720,0.8325324058532715,1.0952273593062447
612,False,2,1721,0.7632951736450195,1.0322118607305346
613,False,2,1722,0.8153200149536133,1.0093769321129433
614,False,2,1723,0.8083004951477051,0.9937564351019406
615,False,2,1724,0.773841142654419,1.1107865238473529
616,False,2,1725,0.8133625984191895,1.048167737821738
617,False,2,1726,0.8044250011444092,1.067947506904602
618,False,2,1727,0.7898092269897461,1.0888435932851974
619,False,2,1728,0.812645673751831,1.0039117964250701
620,False,2,1729,0.8129959106445312,1.0548427285892623
621,False,2,1730,0.7517342567443848,1.0520270814498265
622,False,2,1731,0.8464643955230713,1.0279841877165299
623,False,2,1732,0.7704653739929199,1.065479159000374
624,False,2,1733,0.7897651195526123,1.0896930822304318
625,False,2,1734,0.8256819248199463,1.0092832648328371
626,False,2,1735,0.7621893882751465,1.0800553201919512
627,False,2,1736,0.8145034313201904,1.1041155783903034
628,False,2,1737,0.8159394264221191,1.0479805093436012
629,False,2,1738,0.7970829010009766,1.132488936895416
630,False,2,1739,0.8123810291290283,1.1317332493407384
631,False,2,1740,0.8468477725982666,1.0899758849825179
632,False,2,1741,0.7874431610107422,1.0206379606610252
633,False,2,1742,0.827390193939209,1.0329016021319797
634,False,2,1743,0.8152499198913574,1.0344536088052252
635,False,2,1744,0.7734389305114746,1.0642300535525595
636,False,2,1745,0.8205530643463135,1.0642119592853954
637,False,2,1746,0.8026394844055176,1.0413632882492883
638,False,2,1747,0.7612330913543701,1.069316307703654
639,False,2,1748,0.832446813583374,1.0233022606089002
640,False,2,1749,0.7694740295410156,1.0513653900651703
641,False,2,1750,0.7895925045013428,0.9801269482289043
642,False,2,1751,0.8350300788879395,1.0633434082070985
643,False,2,1752,0.7610089778900146,1.0990907819498155
644,False,2,1753,0.8300454616546631,1.0049863145464941
645,False,2,1754,0.8159430027008057,1.0482237665426166
646,False,2,1755,0.7732071876525879,0.9840326883963176
647,False,2,1756,0.8168954849243164,1.0322957063714664
648,False,2,1757,0.8034348487854004,1.0658253083626428
649,False,2,1758,0.7545833587646484,1.0596448410125006
650,False,2,1759,0.8311655521392822,1.0347327625467662
651,False,2,1760,0.773282527923584,1.0306221186405133
652,False,2,1761,0.7996304035186768,1.0434561187312716
653,False,2,1762,0.8485491275787354,1.0727159778277076
654,False,2,1763,0.7643065452575684,1.0008665983166014
655,False,2,1764,0.8199985027313232,1.0404930473083542
656,False,2,1765,0.8260025978088379,1.0726557650736401
657,False,2,1766,0.8021886348724365,1.1494347609224775
658,False,2,1767,0.7939083576202393,1.0743464387598491
659,False,2,1768,0.8203418254852295,1.063800457687605
660,False,2,1769,0.7862815856933594,1.036644762115819
661,False,2,1770,0.7829790115356445,1.0653848974477678
662,False,2,1771,0.8203389644622803,1.0735697646935782
663,False,2,1772,0.7646727561950684,1.1133400166318532
664,False,2,1773,0.8386766910552979,1.033350879592555
665,False,2,1774,0.8089993000030518,1.1010475669588362
666,False,2,1775,0.7948708534240723,1.0361437513714746
667,False,2,1776,0.8265120983123779,1.084187809200514
668,False,2,1777,0.8210160732269287,1.0886907107418493
669,False,2,1778,0.751349925994873,1.067615659818763
670,False,2,1779,0.8280911445617676,1.050225845405034
671,False,2,1780,0.7791690826416016,1.0587342906565893
672,False,2,1781,0.7918136119842529,1.0899770855903625
673,False,2,1782,0.8321967124938965,1.0717075339385442
674,False,2,1783,0.760540246963501,1.0793853494383039
675,False,2,1784,0.8319730758666992,1.03294159223636
676,False,2,1785,0.8050415515899658,1.0471027305438405
677,False,2,1786,0.7782449722290039,1.0504971916476886
678,False,2,1787,0.8204190731048584,1.0747594425366038
679,False,2,1788,0.8027384281158447,1.0194203988427206
680,False,2,1789,0.7525005340576172,1.1197098376495498
681,False,2,1790,0.8368215560913086,1.0264420236150422
682,False,2,1791,0.7799670696258545,1.0423607797849748
683,False,2,1792,0.7906558513641357,1.0189464000009352
684,False,2,1793,0.8581442832946777,1.0513297879979724
685,False,2,1794,0.7614495754241943,1.00712889503865
686,False,2,1795,0.8119306564331055,1.033504522272519
687,False,2,1796,0.8486261367797852,1.0523129655491736
688,False,2,1797,0.7796437740325928,1.0362989185821438
689,False,2,1798,0.8242805004119873,1.0066183479059312
690,False,2,1799,0.811453104019165,1.0383713234748158
691,True,2,1800,0.861586332321167,1.021186423798402
692,False,2,1801,0.7947807312011719,1.0832972881339846
693,False,2,1802,0.8218014240264893,1.0586289004200982
694,False,2,1803,0.7641541957855225,1.0963572824285144
695,False,2,1804,0.822894811630249,1.0445315220526288
696,False,2,1805,0.8087506294250488,1.0225262939929964
697,False,2,1806,0.7578411102294922,1.1113564258530026
698,False,2,1807,0.8299131393432617,1.0836283937096596
699,False,2,1808,0.7615880966186523,1.0639351787311688
700,False,2,1809,0.805840253829956,1.0562776962206477
701,False,2,1810,0.8112595081329346,1.1441260973612464
702,False,2,1811,0.7808542251586914,1.0485393770393872
703,False,2,1812,0.8183023929595947,1.0912498892063187
704,False,2,1813,0.8383228778839111,1.032667590748696
705,False,2,1814,0.7791972160339355,1.061271550754706
706,False,2,1815,0.8371551036834717,1.0051638395303772
707,False,2,1816,0.7986724376678467,1.1101184799557644
708,False,2,1817,0.7683689594268799,1.0868359154888565
709,False,2,1818,0.8192832469940186,1.0702471165429976
710,False,2,1819,0.787036657333374,1.0496864769430387
711,False,2,1820,0.7732737064361572,1.0607681373755138
712,False,2,1821,0.8358807563781738,1.009637459757782
713,False,2,1822,0.760216236114502,1.0589846734489714
714,False,2,1823,0.8134143352508545,1.062226636423951
715,False,2,1824,0.8282408714294434,1.0745083036876861
716,False,2,1825,0.7626159191131592,1.0306648526872906
717,False,2,1826,0.8320963382720947,1.0089311166888193
718,False,2,1827,0.7858495712280273,1.047164346845377
719,False,2,1828,0.7715497016906738,1.0513567214920405
720,False,2,1829,0.8222174644470215,1.0863056693758284
721,False,2,1830,0.7680437564849854,1.080631829443432
722,False,2,1831,0.7966344356536865,1.0405417583173229
723,False,2,1832,0.8279123306274414,1.0636710503271647
724,False,2,1833,0.7711255550384521,1.032809606975033
725,False,2,1834,0.8211591243743896,1.1043022470105262
726,False,2,1835,0.8156092166900635,1.0155505076760336
727,False,2,1836,0.7583305835723877,1.0227351383793923
728,False,2,1837,0.8541126251220703,1.068767083897477
729,False,2,1838,0.7904765605926514,0.9985840946790719
730,False,2,1839,0.7912132740020752,1.0586013144680433
731,False,2,1840,0.827211856842041,1.0776795205615817
732,False,2,1841,0.7658021450042725,1.0711054908377782
733,False,2,1842,0.7923798561096191,1.0239632126121296
734,False,2,1843,0.8195171356201172,0.9844514394090289
735,False,2,1844,0.7809505462646484,1.0284239486569449
736,False,2,1845,0.8059713840484619,1.0840401754138014
737,False,2,1846,0.8330934047698975,1.027633436024189
738,False,2,1847,0.7590885162353516,1.0008651702886535
739,False,2,1848,0.8476343154907227,1.076960476381438
740,False,2,1849,0.805335521697998,1.045046195033051
741,False,2,1850,0.7978577613830566,1.0293027041923435
742,False,2,1851,0.8500783443450928,1.0756784996816093
743,False,2,1852,0.8372344970703125,1.0766453501724063
744,False,2,1853,0.7546305656433105,0.980714473695982
745,False,2,1854,0.846609354019165,1.1078883416595915
746,False,2,1855,0.8000824451446533,1.012074459876333
747,False,2,1856,0.7617781162261963,1.0429823185716356
748,False,2,1857,0.8355717658996582,1.0566683688334058
749,False,2,1858,0.7635138034820557,1.0694235194297064
750,False,2,1859,0.8098211288452148,1.0984013690834955
751,False,2,1860,0.8120708465576172,1.0799936957302547
752,False,2,1861,0.7753372192382812,1.0121646665391466
753,False,2,1862,0.8143274784088135,1.0349658443814234
754,False,2,1863,0.8151369094848633,1.0536627982343947
755,False,2,1864,0.7650084495544434,1.0500144468886512
756,False,2,1865,0.8331656455993652,1.0246902697143099
757,False,2,1866,0.7909839153289795,1.0656702050140925
758,False,2,1867,0.7722430229187012,1.0449925203408512
759,False,2,1868,0.8360042572021484,1.0544810717304545
760,False,2,1869,0.7679800987243652,1.0588920804716293
761,False,2,1870,0.8144731521606445,1.0589625203893298
762,False,2,1871,0.8175265789031982,1.0761091957489648
763,False,2,1872,0.7749865055084229,1.035003906914166
764,False,2,1873,0.8254907131195068,1.126774230173656
765,False,2,1874,0.813072919845581,1.014812408458619
766,False,2,1875,0.7712337970733643,1.0983628878990808
767,False,2,1876,0.8251502513885498,1.0121126380704697
768,False,2,1877,0.793461799621582,1.0224541301528616
769,False,2,1878,0.7618637084960938,1.0120914674230985
770,False,2,1879,0.8269667625427246,1.070059529372624
771,False,2,1880,0.765679121017456,1.07657186403161
772,False,2,1881,0.8018386363983154,1.0526304010834011
773,False,2,1882,0.804854154586792,1.0868005667413985
774,False,2,1883,0.7977278232574463,1.0277831451523873
775,False,2,1884,0.8200993537902832,1.0148493306977409
776,False,2,1885,0.8154075145721436,1.0706393945784796
777,False,2,1886,0.792482852935791,1.0505641940094175
778,False,2,1887,0.8240790367126465,1.0532172371943793
779,False,2,1888,0.8002278804779053,1.1324387036618733
780,False,2,1889,0.7986159324645996,1.0309930440215838
781,False,2,1890,0.8327243328094482,1.004685825535229
782,False,2,1891,0.7876698970794678,1.0158056304568335
783,False,2,1892,0.7709732055664062,1.1035723444961365
784,False,2,1893,0.8207683563232422,1.0790246916668758
785,False,2,1894,0.7808964252471924,1.0776444354227608
786,False,2,1895,0.7806150913238525,1.0484186297371274
787,False,2,1896,0.8185420036315918,1.0145839488222486
788,False,2,1897,0.7621712684631348,1.0338462119301162
789,False,2,1898,0.8230414390563965,1.053922010674363
790,False,2,1899,0.8180456161499023,1.0712953365984414
791,True,2,1900,0.8552601337432861,1.0598929361218496
792,False,2,1901,0.8190760612487793,1.0517040413050427
793,False,2,1902,0.816392183303833,1.1002582524503979
794,False,2,1903,0.7759311199188232,1.0808918000686736
795,False,2,1904,0.8129758834838867,1.0448186092433476
796,False,2,1905,0.8025727272033691,1.03630439724241
797,False,2,1906,0.7669909000396729,1.0677077905053187
798,False,2,1907,0.8190643787384033,1.0347099123256547
799,False,2,1908,0.7938859462738037,1.1403486739311899
800,False,2,1909,0.7862203121185303,1.151901934828077
801,False,2,1910,0.8513205051422119,1.1372898448081241
802,False,2,1911,0.7582204341888428,1.0637972195233618
803,False,2,1912,0.8209793567657471,1.0409289931967145
804,False,2,1913,0.8279354572296143,1.0298176092051323
805,False,2,1914,0.7550110816955566,1.1058516977798372
806,False,2,1915,0.8290009498596191,1.0608253145501727
807,False,2,1916,0.7900714874267578,1.105885052255222
808,False,2,1917,0.7693641185760498,1.0707950052760895
809,False,2,1918,0.8164892196655273,1.0337533365402902
810,False,2,1919,0.7730789184570312,1.0248676935831709
811,False,2,1920,0.7797224521636963,1.1151287126399223
812,False,2,1921,0.8484244346618652,1.0824179674188297
813,False,2,1922,0.7626330852508545,1.0732960346199216
814,False,2,1923,0.8201005458831787,1.069738266723497
815,False,2,1924,0.854520320892334,1.095442972722508
816,False,2,1925,0.798170804977417,1.1074606698183789
817,False,2,1926,0.7752566337585449,1.0499617326117694
818,False,2,1927,0.8522050380706787,1.0678596943616865
819,False,2,1928,0.7625823020935059,1.0506056199471157
820,False,2,1929,0.8014686107635498,1.0386308225847427
821,False,2,1930,0.817011833190918,1.0450213920502436
822,False,2,1931,0.7869033813476562,1.0324235590440887
823,False,2,1932,0.8119728565216064,1.0645626009929745
824,False,2,1933,0.8187873363494873,1.0602770309363097
825,False,2,1934,0.7761821746826172,1.0839744494074868
826,False,2,1935,0.8094818592071533,1.0595953957665536
827,False,2,1936,0.8194606304168701,1.0278619059494565
828,False,2,1937,0.7569260597229004,1.0945112676847548
829,False,2,1938,0.8362433910369873,1.0644675904796237
830,False,2,1939,0.7950482368469238,1.0147648148593447
831,False,2,1940,0.7707016468048096,1.0754147782212213
832,False,2,1941,0.8219766616821289,1.0726213093314851
833,False,2,1942,0.763782262802124,0.9999565106062661
834,False,2,1943,0.8222055435180664,1.03859000227281
835,False,2,1944,0.8110218048095703,1.0336430832034067
836,False,2,1945,0.7723031044006348,1.0905828596580596
837,False,2,1946,0.8152182102203369,1.0663281264049664
838,False,2,1947,0.8010220527648926,1.054664624766225
839,False,2,1948,0.7935185432434082,1.0290501749231702
840,False,2,1949,0.8172082901000977,1.0516811573789233
841,False,2,1950,0.8015093803405762,1.0748979733103798
842,False,2,1951,0.7599129676818848,1.0483710251393772
843,False,2,1952,0.8532867431640625,1.0488259132419313
844,False,2,1953,0.7626760005950928,1.1145015706618628
845,False,2,1954,0.7958414554595947,1.0294029038576853
846,False,2,1955,0.8171730041503906,1.0196903745333354
847,False,2,1956,0.8007059097290039,1.0565690171150934
848,False,2,1957,0.7752265930175781,1.0481750088788215
849,False,2,1958,0.8144135475158691,1.0266270194025269
850,False,2,1959,0.7763218879699707,1.0323659383824892
851,False,2,1960,0.8190879821777344,1.1299928015186675
852,False,2,1961,0.8161211013793945,1.0229659892973444
853,False,2,1962,0.7946393489837646,1.0289127294506346
854,False,2,1963,0.823756217956543,1.0123638677455131
855,False,2,1964,0.7844154834747314,1.028717380904016
856,False,2,1965,0.770007848739624,1.045050451443309
857,False,2,1966,0.8202624320983887,1.0679281066570963
858,False,2,1967,0.7704758644104004,0.995543733771358
859,False,2,1968,0.7909862995147705,1.0404751247593336
860,False,2,1969,0.8336217403411865,1.0603120426336925
861,False,2,1970,0.7651510238647461,1.0234207475469224
862,False,2,1971,0.8280766010284424,1.1253142065945125
863,False,2,1972,0.8190724849700928,1.110691063815639
864,False,2,1973,0.7546818256378174,0.9683339010391914
865,False,2,1974,0.830479621887207,1.0542687120891756
866,False,2,1975,0.7652597427368164,1.0881399043968747
867,False,2,1976,0.7897555828094482,1.0931420269466579
868,False,2,1977,0.8206233978271484,1.0097394294682003
869,False,2,1978,0.7753465175628662,1.0068092012689227
870,False,2,1979,0.8127896785736084,1.0313870314331282
871,False,2,1980,0.8259367942810059,1.0429089409964425
872,False,2,1981,0.7748174667358398,1.1306814097222828
873,False,2,1982,0.816274881362915,1.0863854296150663
874,False,2,1983,0.8121891021728516,1.0640551109044325
875,False,2,1984,0.749920129776001,1.051033059755961
876,False,2,1985,0.8572964668273926,1.0915885457680339
877,False,2,1986,0.7748067378997803,1.0325931179381553
878,False,2,1987,0.7867014408111572,1.093623081133479
879,False,2,1988,0.826470136642456,0.9973022323988733
880,False,2,1989,0.7643678188323975,1.0507290405886514
881,False,2,1990,0.8157057762145996,1.0512646085449628
882,False,2,1991,0.8171956539154053,1.0678335261486822
883,False,2,1992,0.7800021171569824,1.050074109009334
884,False,2,1993,0.8194515705108643,1.0531647091820127
885,False,2,1994,0.8197340965270996,1.060803560983567
886,False,2,1995,0.7565431594848633,1.0569114408322744
887,False,2,1996,0.850736141204834,1.0250312144912423
888,False,2,1997,0.8236737251281738,1.055830629098983
889,False,2,1998,0.8055405616760254,1.0440695867651986
890,False,2,1999,0.8222472667694092,1.0441778933718089
891,True,2,2000,0.9260931015014648,1.0236570955741975
892,False,2,2001,0.7582621574401855,1.038395718449638
893,False,2,2002,0.8156170845031738,1.0500495249316806
894,False,2,2003,0.8317275047302246,1.0800821600215778
895,False,2,2004,0.7550349235534668,1.1181096321060544
896,False,2,2005,0.8277041912078857,1.0486933553502673
897,False,2,2006,0.8059282302856445,1.033805601298809
898,False,2,2007,0.7688467502593994,1.072236102606569
899,False,2,2008,0.8207931518554688,1.0170077284177146
900,False,2,2009,0.7931773662567139,1.0305661204315368
901,False,2,2010,0.7601454257965088,1.0057609634740012
902,False,2,2011,0.8341729640960693,1.0681379277791296
903,False,2,2012,0.763561487197876,1.0487930714374498
904,False,2,2013,0.8140954971313477,1.0564899011736824
905,False,2,2014,0.8232402801513672,1.0723814701750165
906,False,2,2015,0.7596464157104492,1.0650885048366732
907,False,2,2016,0.8255612850189209,1.0705014140832994
908,False,2,2017,0.7779750823974609,1.0767294466495512
909,False,2,2018,0.778477668762207,1.0876117299000423
910,False,2,2019,0.8189470767974854,1.0489576655839175
911,False,2,2020,0.7738564014434814,1.0315562451169604
912,False,2,2021,0.7981302738189697,1.0470867384047737
913,False,2,2022,0.8163676261901855,1.0694745867734863
914,False,2,2023,0.7771093845367432,1.077423530675116
915,False,2,2024,0.8110086917877197,1.1173743492081052
916,False,2,2025,0.8056471347808838,1.0501666885046734
917,False,2,2026,0.7539956569671631,1.0540080964565277
918,False,2,2027,0.8352410793304443,1.0778635726088568
919,False,2,2028,0.7677352428436279,1.0953908151104335
920,False,2,2029,0.7938182353973389,1.0586635484581903
921,False,2,2030,0.8164031505584717,1.0139236290540015
922,False,2,2031,0.7748422622680664,1.0635214462166738
923,False,2,2032,0.7873773574829102,1.0081050566264562
924,False,2,2033,0.8309285640716553,1.06593551947957
925,False,2,2034,0.7795286178588867,1.1182476991698853
926,False,2,2035,0.8300986289978027,1.095841346042497
927,False,2,2036,0.8070328235626221,1.004095894949777
928,False,2,2037,0.7798025608062744,1.054553313624291
929,False,2,2038,0.8173384666442871,1.00394856965258
930,False,2,2039,0.7913322448730469,1.0421793208945365
931,False,2,2040,0.7625517845153809,1.0284112635112945
932,False,2,2041,0.8313374519348145,1.0462979929787772
933,False,2,2042,0.7729892730712891,1.003738427446002
934,False,2,2043,0.8114519119262695,1.0225854986125513
935,False,2,2044,0.8257293701171875,1.10273868838946
936,False,2,2045,0.7585160732269287,1.060915162875539
937,False,2,2046,0.8331851959228516,1.0589027152884574
938,False,2,2047,0.7860615253448486,0.9859105022180648
939,False,2,2048,0.7681679725646973,1.0146189207832021
940,False,2,2049,0.8198938369750977,1.0509200894406863
941,False,2,2050,0.7798800468444824,1.0390119307807515
942,False,2,2051,0.779111385345459,1.02533853550752
943,False,2,2052,0.8261442184448242,1.0479244178249723
944,False,2,2053,0.7727031707763672,1.0622437149286268
945,False,2,2054,0.8165910243988037,1.0448701551982336
946,False,2,2055,0.8273470401763916,1.063201212457248
947,False,2,2056,0.7620375156402588,1.0310970498692422
948,False,2,2057,0.8517122268676758,0.9732844531536103
949,False,2,2058,0.7948391437530518,1.017137331976777
950,False,2,2059,0.7729530334472656,1.055234514531635
951,False,2,2060,0.8241159915924072,1.0557631708326791
952,False,2,2061,0.7638046741485596,1.0717493813662302
953,False,2,2062,0.8223624229431152,1.0043655779390106
954,False,2,2063,0.8065838813781738,1.0114189712774186
955,False,2,2064,0.7807903289794922,1.0750253732715334
956,False,2,2065,0.8085746765136719,1.0891767772180694
957,False,2,2066,0.7974567413330078,1.0362491479941778
958,False,2,2067,0.7610805034637451,1.0118769877368496
959,False,2,2068,0.8453178405761719,1.0287983807779493
960,False,2,2069,0.7570257186889648,1.066526710987091
961,False,2,2070,0.8120152950286865,1.0539603229789507
962,False,2,2071,0.8399984836578369,1.0538272375152227
963,False,2,2072,0.7970991134643555,1.05333075743346
964,False,2,2073,0.7873179912567139,1.0489648254144759
965,False,2,2074,0.8462417125701904,1.0899564162606288
966,False,2,2075,0.7655880451202393,1.0157648878438135
967,False,2,2076,0.8236842155456543,1.0248739637789273
968,False,2,2077,0.8221542835235596,1.0177106761506625
969,False,2,2078,0.7625563144683838,1.0984601009459722
970,False,2,2079,0.8242659568786621,1.0271162291367848
971,False,2,2080,0.7880737781524658,1.0481035851296925
972,False,2,2081,0.7623167037963867,1.0643599256873129
973,False,2,2082,0.825538158416748,1.1041716933250427
974,False,2,2083,0.7736687660217285,1.0332956317634812
975,False,2,2084,0.7916767597198486,1.0378483129399165
976,False,2,2085,0.8302249908447266,1.0657602332177616
977,False,2,2086,0.7690865993499756,1.00979455010522
978,False,2,2087,0.8234968185424805,1.0437811343442827
979,False,2,2088,0.8036642074584961,1.030210919323422
980,False,2,2089,0.7673172950744629,1.020862419335615
981,False,2,2090,0.8329219818115234,1.06688446835393
982,False,2,2091,0.7744464874267578,1.073118304922467
983,False,2,2092,0.7862801551818848,1.1158053427934647
984,False,2,2093,0.8130049705505371,1.0516364762470836
985,False,2,2094,0.77901291847229,1.0424601300841283
986,False,2,2095,0.8057758808135986,1.0617120127592767
987,False,2,2096,0.8117480278015137,1.0438357279414223
988,False,2,2097,0.7955892086029053,1.055833009382089
989,False,2,2098,0.817302942276001,1.0153078486522038
990,False,2,2099,0.8336179256439209,1.0089240705683116
991,True,2,2100,0.8511824607849121,0.9863327138480684
992,False,2,2101,0.8113617897033691,1.066825222401392
993,False,2,2102,0.8139972686767578,1.0495285157646452
994,False,2,2103,0.7958016395568848,1.0575040245339984
995,False,2,2104,0.8124382495880127,1.0560122330983481
996,False,2,2105,0.8055136203765869,1.0385603301581883
997,False,2,2106,0.8004751205444336,1.1019643303893858
998,False,2,2107,0.8247799873352051,1.080056524702481
999,False,2,2108,0.8068561553955078,1.1025477605206628
1000,False,2,2109,0.7860167026519775,1.0539668528806594
1001,False,2,2110,0.8277101516723633,1.0759749831188292
1002,False,2,2111,0.7821681499481201,1.1161100538004016
1003,False,2,2112,0.7780911922454834,1.0508941291343596
1004,False,2,2113,0.8226926326751709,1.0258360513973803
1005,False,2,2114,0.774127721786499,1.0575058779546194
1006,False,2,2115,0.7857203483581543,1.109994833668073
1007,False,2,2116,0.8335392475128174,1.007479182843651
1008,False,2,2117,0.7638149261474609,1.1479487944216955
1009,False,2,2118,0.8218212127685547,1.0827160030603409
1010,False,2,2119,0.8236343860626221,1.0509369740528718
1011,False,2,2120,0.7602536678314209,1.0630852019503003
1012,False,2,2121,0.8363587856292725,1.0494906054366204
1013,False,2,2122,0.7851462364196777,1.0868509014447532
1014,False,2,2123,0.7706329822540283,1.001507010488283
1015,False,2,2124,0.8280353546142578,1.032268436182113
1016,False,2,2125,0.7694826126098633,1.0130430956681569
1017,False,2,2126,0.7950451374053955,1.0516539872402237
1018,False,2,2127,0.8231890201568604,1.0260360428974744
1019,False,2,2128,0.7707514762878418,1.137978225236847
1020,False,2,2129,0.818922758102417,1.0691890120506284
1021,False,2,2130,0.7993426322937012,1.0591607285397395
1022,False,2,2131,0.7668390274047852,1.0626669277747471
1023,False,2,2132,0.8334386348724365,1.063160786671298
1024,False,2,2133,0.7738897800445557,1.0646003019951638
1025,False,2,2134,0.7817468643188477,1.0784322676204499
1026,False,2,2135,0.8134629726409912,1.0459252276590891
1027,False,2,2136,0.7743363380432129,1.0206583301935879
1028,False,2,2137,0.7981405258178711,1.036375093318167
1029,False,2,2138,0.8226630687713623,1.0522178361813228
1030,False,2,2139,0.7598228454589844,1.0636166220619563
1031,False,2,2140,0.8328754901885986,1.047494119121915
1032,False,2,2141,0.7817108631134033,1.0102585781188238
1033,False,2,2142,0.7838699817657471,1.0528417066449212
1034,False,2,2143,0.8289222717285156,1.0703905146746409
1035,False,2,2144,0.7581372261047363,1.0461332216149284
1036,False,2,2145,0.821509838104248,1.078959516116551
1037,False,2,2146,0.8043911457061768,1.0531721853074574
1038,False,2,2147,0.7557907104492188,1.0849109352344557
1039,False,2,2148,0.8340773582458496,1.009135283884548
1040,False,2,2149,0.7677862644195557,1.0240775343208084
1041,False,2,2150,0.8023622035980225,0.9755209769521439
1042,False,2,2151,0.8192083835601807,1.0221317451269853
1043,False,2,2152,0.7638750076293945,1.0947327145508359
1044,False,2,2153,0.8289573192596436,1.0068494251796178
1045,False,2,2154,0.7876708507537842,1.0720676084359486
1046,False,2,2155,0.7691807746887207,1.0254104385773342
1047,False,2,2156,0.8054718971252441,1.015684226084323
1048,False,2,2157,0.7730288505554199,1.0028164408036642
1049,False,2,2158,0.7929205894470215,1.0220082725087802
1050,False,2,2159,0.8226041793823242,1.0550015575829008
1051,False,2,2160,0.7940256595611572,1.0506234137075288
1052,False,2,2161,0.8148674964904785,1.01595435043176
1053,False,2,2162,0.8397529125213623,1.0636114293620698
1054,False,2,2163,0.7594935894012451,1.060260370373726
1055,False,2,2164,0.8501873016357422,1.0615064012152808
1056,False,2,2165,0.7884345054626465,1.0640330073379336
1057,False,2,2166,0.7678806781768799,1.028215724620081
1058,False,2,2167,0.8348922729492188,0.9563266409649734
1059,False,2,2168,0.7586114406585693,1.0157909982261202
1060,False,2,2169,0.8241398334503174,1.0416078368822734
1061,False,2,2170,0.8105120658874512,1.0268731266260147
1062,False,2,2171,0.776141881942749,1.0784056321496056
1063,False,2,2172,0.8192181587219238,0.9905752745412644
1064,False,2,2173,0.7965173721313477,1.0036571575772195
1065,False,2,2174,0.7526247501373291,1.0810771726426625
1066,False,2,2175,0.8358678817749023,1.089369967225052
1067,False,2,2176,0.7686998844146729,1.045283992020857
1068,False,2,2177,0.791466236114502,0.9777964633845149
1069,False,2,2178,0.8179326057434082,1.0232294294096176
1070,False,2,2179,0.7737209796905518,1.104163435953004
1071,False,2,2180,0.8229272365570068,1.0702582391954603
1072,False,2,2181,0.825401782989502,1.1011864695520623
1073,False,2,2182,0.7626287937164307,1.0018446693817773
1074,False,2,2183,0.8381614685058594,1.037025421857834
1075,False,2,2184,0.8016741275787354,0.998987126208487
1076,False,2,2185,0.7597877979278564,1.0676676900613875
1077,False,2,2186,0.8365871906280518,1.09343782776878
1078,False,2,2187,0.7646102905273438,1.0936248540168718
1079,False,2,2188,0.8079850673675537,1.0782013049437884
1080,False,2,2189,0.8157613277435303,1.017831087822006
1081,False,2,2190,0.7741596698760986,1.040290901703494
1082,False,2,2191,0.8145487308502197,1.0008212604693005
1083,False,2,2192,0.8030266761779785,1.0085719896569139
1084,False,2,2193,0.7671787738800049,1.0683880313521341
1085,False,2,2194,0.8213331699371338,1.0594108800093334
1086,False,2,2195,0.7973995208740234,1.0044967415077346
1087,False,2,2196,0.7730591297149658,1.035127367646921
1088,False,2,2197,0.853994607925415,1.0799011282977602
1089,False,2,2198,0.7643373012542725,1.022558715017069
1090,False,2,2199,0.7986676692962646,0.9795075385343459
1091,True,2,2200,0.9187488555908203,1.0068827924274262
1092,False,2,2201,0.7808139324188232,1.0427917944533485
1093,False,2,2202,0.7761759757995605,1.0340694501286463
1094,False,2,2203,0.820681095123291,1.1125678185905727
1095,False,2,2204,0.7813370227813721,1.0627897527246248
1096,False,2,2205,0.7748012542724609,1.1418986724955695
1097,False,2,2206,0.839036226272583,1.0627078470729647
1098,False,2,2207,0.7612648010253906,1.0739562603689374
1099,False,2,2208,0.81298828125,1.1509628239132108
1100,False,2,2209,0.8282616138458252,1.0864282810971853
1101,False,2,2210,0.7630541324615479,1.0768277645111084
1102,False,2,2211,0.8304462432861328,1.0353453748282933
1103,False,2,2212,0.7986609935760498,1.0981079137751033
1104,False,2,2213,0.7808873653411865,1.0630878061056137
1105,False,2,2214,0.8177821636199951,1.091353206407456
1106,False,2,2215,0.8071846961975098,1.0236618224354022
1107,False,2,2216,0.6276302337646484,1.0594516744216285
0,False,3,2217,0.6366567611694336,1.0811680654684703
1,False,3,2218,0.8569693565368652,1.078657634911083
2,False,3,2219,0.8733053207397461,1.065479576587677
3,False,3,2220,0.8978474140167236,1.0351813236872356
4,False,3,2221,0.8761417865753174,1.0723787730648402
5,False,3,2222,0.8842411041259766,1.0248873020921432
6,False,3,2223,0.8733317852020264,1.1174329746337164
7,False,3,2224,0.8744993209838867,1.0345789673072951
8,False,3,2225,0.8661148548126221,1.0443486649365652
9,False,3,2226,0.8703751564025879,1.0396997254519236
10,False,3,2227,0.8810319900512695,1.0178184438319433
11,False,3,2228,0.8762543201446533,1.066133098942893
12,False,3,2229,0.873450517654419,1.0595845977465312
13,False,3,2230,0.883885383605957,1.0779891017647016
14,False,3,2231,0.8609237670898438,1.0100245585753802
15,False,3,2232,0.8802249431610107,1.0401459041805494
16,False,3,2233,0.8799607753753662,1.0691849809317362
17,False,3,2234,0.8678877353668213,1.0460392307667505
18,False,3,2235,0.8832242488861084,1.0718430919306616
19,False,3,2236,0.8740906715393066,1.036387849421728
20,False,3,2237,0.8759465217590332,1.044983134383247
21,False,3,2238,0.8864340782165527,1.0222457118687176
22,False,3,2239,0.8642418384552002,1.0484870459352222
23,False,3,2240,0.8844685554504395,1.0166247536738715
24,False,3,2241,0.8775436878204346,1.0173948314927872
25,False,3,2242,0.8773119449615479,1.0506310019464722
26,False,3,2243,0.8625161647796631,1.0636029133484477
27,False,3,2244,0.8723137378692627,1.0333789466392427
28,False,3,2245,0.8883869647979736,1.1275213900066559
29,False,3,2246,0.8856678009033203,1.1003702502875101
30,False,3,2247,0.8823518753051758,1.0568178367047083
31,False,3,2248,0.8670041561126709,1.0324913901942119
32,False,3,2249,0.8876368999481201,1.04725923708507
33,False,3,2250,0.8793325424194336,1.109471133422284
34,False,3,2251,0.8749210834503174,1.0435710758680388
35,False,3,2252,0.8888821601867676,1.0954599281152089
36,False,3,2253,0.8725247383117676,1.1368506164068268
37,False,3,2254,0.8895065784454346,1.0798202611151195
38,False,3,2255,0.8698818683624268,1.043723965684573
39,False,3,2256,0.889777660369873,1.0318747166366804
40,False,3,2257,0.8732523918151855,1.0867132718364396
41,False,3,2258,0.8697168827056885,0.9589806482905433
42,False,3,2259,0.8785450458526611,1.0759731467281068
43,False,3,2260,0.8515400886535645,1.051192396098659
44,False,3,2261,0.8882737159729004,1.0412462531101134
45,False,3,2262,0.8820276260375977,1.0538189812075522
46,False,3,2263,0.8603134155273438,1.0212089096506436
47,False,3,2264,0.8843188285827637,1.105760082602501
48,False,3,2265,0.8759500980377197,1.0495098481575649
49,False,3,2266,0.8712835311889648,1.0833267463105065
50,False,3,2267,0.8858561515808105,1.0671454895110355
51,False,3,2268,0.8709321022033691,1.0603128366527104
52,False,3,2269,0.8911190032958984,1.056798259417216
53,False,3,2270,0.8789291381835938,1.0210424705985048
54,False,3,2271,0.871143102645874,1.032079597314199
55,False,3,2272,0.8735730648040771,1.0126134174920263
56,False,3,2273,0.8711683750152588,0.983687185283218
57,False,3,2274,0.8872017860412598,1.0151226112530345
58,False,3,2275,0.8647375106811523,1.0661475154615583
59,False,3,2276,0.8885581493377686,1.0148864803569655
60,False,3,2277,0.8795554637908936,1.0308370348953066
61,False,3,2278,0.867368221282959,1.0193805570403736
62,False,3,2279,0.8829665184020996,1.0406544361086119
63,False,3,2280,0.8790786266326904,1.004897329424109
64,False,3,2281,0.88535475730896,1.0496645637211344
65,False,3,2282,0.8772978782653809,1.0098745283626374
66,False,3,2283,0.8894345760345459,0.9894872570321673
67,False,3,2284,0.869377851486206,1.0324760079383848
68,False,3,2285,0.8703281879425049,0.9501434947763171
69,False,3,2286,0.7475724220275879,1.02902105592546
70,False,3,2287,0.8124914169311523,1.0913848543450948
71,False,3,2288,0.8229107856750488,1.0299078751178015
72,False,3,2289,0.7615647315979004,1.0366924114170528
73,False,3,2290,0.8553457260131836,1.0852193034120967
74,False,3,2291,0.7979300022125244,1.0448217058465594
75,False,3,2292,0.7669503688812256,1.0432610384055545
76,False,3,2293,0.8349823951721191,1.0084200873970988
77,False,3,2294,0.7545168399810791,1.0074010448796409
78,False,3,2295,0.8129878044128418,1.090363609648886
79,False,3,2296,0.80875563621521,1.0121138173909414
80,False,3,2297,0.7807729244232178,1.0503596684762408
81,False,3,2298,0.8151752948760986,1.0906411622251782
82,False,3,2299,0.8160617351531982,1.022687725368
83,True,3,2300,0.8538198471069336,1.064471153631097
84,False,3,2301,0.8232800960540771,1.0263991362991784
85,False,3,2302,0.8200533390045166,1.072568414111932
86,False,3,2303,0.7559933662414551,1.0202909509340923
87,False,3,2304,0.823293924331665,0.9852543891895384
88,False,3,2305,0.7667593955993652,1.059810852011045
89,False,3,2306,0.790177583694458,1.0927117736566634
90,False,3,2307,0.8145787715911865,1.0552978288559687
91,False,3,2308,0.7685074806213379,1.079419172235898
92,False,3,2309,0.813838005065918,1.0760255385012856
93,False,3,2310,0.8252668380737305,1.0299446032870383
94,False,3,2311,0.7601759433746338,1.0355676611264546
95,False,3,2312,0.8245518207550049,1.0494806340762548
96,False,3,2313,0.7786381244659424,1.1076971533752622
97,False,3,2314,0.7868099212646484,0.9677375377643673
98,False,3,2315,0.8194327354431152,1.109407401510647
99,False,3,2316,0.7907068729400635,1.01143963493052
100,False,3,2317,0.79349684715271,1.012342515445891
101,False,3,2318,0.8387038707733154,1.006988472349587
102,False,3,2319,0.7620103359222412,1.0178384294822103
103,False,3,2320,0.8155133724212646,1.078196373723802
104,False,3,2321,0.8169474601745605,1.0735327803662846
105,False,3,2322,0.7596304416656494,1.0496239722484633
106,False,3,2323,0.821413516998291,1.048848483179297
107,False,3,2324,0.7729768753051758,1.0215644112655093
108,False,3,2325,0.785752534866333,1.0654931982003508
109,False,3,2326,0.8158297538757324,1.0939661569538572
110,False,3,2327,0.775996208190918,0.9742374272928349
111,False,3,2328,0.8005654811859131,1.0687983248914992
112,False,3,2329,0.8196945190429688,1.021835051831745
113,False,3,2330,0.7617447376251221,0.9940176677136195
114,False,3,2331,0.8324856758117676,1.0395845139310476
115,False,3,2332,0.7911324501037598,1.0414572939986275
116,False,3,2333,0.7693183422088623,1.0227824009600142
117,False,3,2334,0.8347444534301758,1.0469826644375213
118,False,3,2335,0.7572755813598633,1.0720109911192033
119,False,3,2336,0.8225758075714111,1.0163882012878147
120,False,3,2337,0.8126599788665771,1.063904717209793
121,False,3,2338,0.7840266227722168,1.097872623375484
122,False,3,2339,0.8118288516998291,1.0572889250304018
123,False,3,2340,0.807243824005127,1.0597456239518666
124,False,3,2341,0.8020143508911133,1.0406955427357127
125,False,3,2342,0.8187925815582275,1.076357079403741
126,False,3,2343,0.8199462890625,1.0342785364815168
127,False,3,2344,0.7634046077728271,1.0896847443211646
128,False,3,2345,0.8500442504882812,1.0450413915373031
129,False,3,2346,0.786008358001709,1.0619865560105866
130,False,3,2347,0.7951419353485107,1.0831649047987801
131,False,3,2348,0.8197469711303711,1.0124149751805123
132,False,3,2349,0.7808578014373779,1.02778148686602
133,False,3,2350,0.7952821254730225,1.0904674430688222
134,False,3,2351,0.8173210620880127,1.0951908390436853
135,False,3,2352,0.7945282459259033,1.0391655613978703
136,False,3,2353,0.8019371032714844,1.0400078438577198
137,False,3,2354,0.8339006900787354,1.0057408091213023
138,False,3,2355,0.7771530151367188,1.0588256315816018
139,False,3,2356,0.8046457767486572,1.0146171262576469
140,False,3,2357,0.8180670738220215,1.036190881970383
141,False,3,2358,0.7831366062164307,0.9757496977136247
142,False,3,2359,0.8180994987487793,1.0593821118984903
143,False,3,2360,0.8330142498016357,1.0221408905372737
144,False,3,2361,0.7565815448760986,1.051794171333313
145,False,3,2362,0.8274264335632324,1.0211412370914503
146,False,3,2363,0.8029522895812988,1.0098898694628757
147,False,3,2364,0.7586655616760254,1.0521103555247897
148,False,3,2365,0.8309054374694824,0.9984185755962415
149,False,3,2366,0.7614123821258545,1.0082663765975408
150,False,3,2367,0.8162400722503662,1.0154901409433004
151,False,3,2368,0.819514274597168,1.0865651283945355
152,False,3,2369,0.7802670001983643,0.966605204911459
153,False,3,2370,0.8174426555633545,1.068921991047405
154,False,3,2371,0.8220269680023193,1.0836690586237683
155,False,3,2372,0.759265661239624,1.058323566757497
156,False,3,2373,0.8158032894134521,1.013410164486794
157,False,3,2374,0.7724356651306152,1.0157123222237538
158,False,3,2375,0.7929565906524658,1.0811090671590395
159,False,3,2376,0.8227508068084717,1.0192246238390603
160,False,3,2377,0.7623796463012695,1.01896118567813
161,False,3,2378,0.8419418334960938,1.0387147594065893
162,False,3,2379,0.8093891143798828,1.0512571121965135
163,False,3,2380,0.8015105724334717,1.0085599457933792
164,False,3,2381,0.8168649673461914,1.061416296022279
165,False,3,2382,0.8112156391143799,1.0318699074642999
166,False,3,2383,0.7734479904174805,1.0479803738139926
167,False,3,2384,0.8199148178100586,1.0569865047222091
168,False,3,2385,0.8218023777008057,1.0459066224949702
169,False,3,2386,0.7606182098388672,0.9867850036493371
170,False,3,2387,0.846977949142456,1.043789121721472
171,False,3,2388,0.7862956523895264,1.1229013289724077
172,False,3,2389,0.7906064987182617,1.0438850575259755
173,False,3,2390,0.8482935428619385,1.043170311621257
174,False,3,2391,0.8147308826446533,0.9871098853292919
175,False,3,2392,0.7618973255157471,0.9869653923170907
176,False,3,2393,0.8514859676361084,1.0671893606583278
177,False,3,2394,0.7839272022247314,1.1102882971366246
178,False,3,2395,0.7879536151885986,1.0204599308116098
179,False,3,2396,0.823310136795044,1.062490726155894
180,False,3,2397,0.7665848731994629,1.0055998856467858
181,False,3,2398,0.7989506721496582,1.0173880120828038
182,False,3,2399,0.8161437511444092,1.0615147657337642
183,True,3,2400,0.8651237487792969,1.0208358973974272
184,False,3,2401,0.7676169872283936,1.089893640506835
185,False,3,2402,0.8328404426574707,1.049193457123779
186,False,3,2403,0.7695403099060059,1.0345213363567987
187,False,3,2404,0.8152003288269043,1.0302629140870911
188,False,3,2405,0.8310205936431885,1.0701106531279427
189,False,3,2406,0.7551381587982178,1.045492431237584
190,False,3,2407,0.837611198425293,1.054118695713225
191,False,3,2408,0.7928006649017334,1.0278498587154206
192,False,3,2409,0.768441915512085,1.0885738171637058
193,False,3,2410,0.8228456974029541,1.186073416045734
194,False,3,2411,0.7813434600830078,1.0427648116435322
195,False,3,2412,0.7752416133880615,1.1354901641607285
196,False,3,2413,0.8290872573852539,1.0337891161796593
197,False,3,2414,0.7765779495239258,1.0109216357980455
198,False,3,2415,0.8116743564605713,0.9912925848648663
199,False,3,2416,0.8464794158935547,1.014194136574155
200,False,3,2417,0.7615835666656494,1.03531117914688
201,False,3,2418,0.8392138481140137,1.0321501465070813
202,False,3,2419,0.8095738887786865,1.0176775217765852
203,False,3,2420,0.804530143737793,1.0493790024802796
204,False,3,2421,0.8164002895355225,0.9991856985503719
205,False,3,2422,0.818284273147583,1.0712188769664084
206,False,3,2423,0.8049514293670654,1.1123087590649015
207,False,3,2424,0.8216991424560547,1.0270263499447276
208,False,3,2425,0.8368756771087646,1.0566893163181486
209,False,3,2426,0.7946794033050537,0.9903548774974688
210,False,3,2427,0.8304848670959473,1.0883503676879975
211,False,3,2428,0.8088109493255615,1.0317311890068508
212,False,3,2429,0.7693154811859131,1.1168860161588303
213,False,3,2430,0.8206102848052979,1.0590977299781072
214,False,3,2431,0.7947723865509033,1.0848710316987262
215,False,3,2432,0.7616610527038574,1.014153910179933
216,False,3,2433,0.8291888236999512,1.048317955718154
217,False,3,2434,0.7677843570709229,1.0501438407670884
218,False,3,2435,0.8003299236297607,1.0941341036841983
219,False,3,2436,0.8235948085784912,1.0546845524083999
220,False,3,2437,0.7647740840911865,1.0568172896192187
221,False,3,2438,0.8249599933624268,1.0765695018427712
222,False,3,2439,0.7917530536651611,1.064227568251746
223,False,3,2440,0.7674398422241211,1.0538277810528165
224,False,3,2441,0.8166258335113525,1.074991590919949
225,False,3,2442,0.7693970203399658,1.0355372212472416
226,False,3,2443,0.7927320003509521,1.0237103203932445
227,False,3,2444,0.8352000713348389,1.0403357524247399
228,False,3,2445,0.773320198059082,1.0181088447570799
229,False,3,2446,0.814016580581665,1.0435155011003927
230,False,3,2447,0.8290681838989258,1.0575948249371279
231,False,3,2448,0.7634766101837158,1.0067262770164582
232,False,3,2449,0.8618853092193604,1.0181415141338392
233,False,3,2450,0.8084056377410889,0.9818573356384324
234,False,3,2451,0.7981548309326172,1.0784955461110388
235,False,3,2452,0.8260049819946289,1.0214378244820095
236,False,3,2453,0.7839598655700684,1.0168233428682598
237,False,3,2454,0.770855188369751,1.0195358001760073
238,False,3,2455,0.8271956443786621,0.9902362635447863
239,False,3,2456,0.7760429382324219,1.030092262795993
240,False,3,2457,0.7839057445526123,1.0385122526259647
241,False,3,2458,0.8513138294219971,1.0256852809162367
242,False,3,2459,0.7620244026184082,1.0138389572855973
243,False,3,2460,0.8163943290710449,1.0162607530752816
244,False,3,2461,0.8232855796813965,1.0312446820594017
245,False,3,2462,0.7798089981079102,1.048171261236781
246,False,3,2463,0.8173351287841797,1.0740158543700267
247,False,3,2464,0.853302001953125,0.9609622036417323
248,False,3,2465,0.7573511600494385,1.053999498131729
249,False,3,2466,0.8095738887786865,1.086367696878456
250,False,3,2467,0.813507080078125,1.0257615918914476
251,False,3,2468,0.7905490398406982,1.0509376582645236
252,False,3,2469,0.8094649314880371,0.9997247187864212
253,False,3,2470,0.8223731517791748,1.0502252362313729
254,False,3,2471,0.7794797420501709,1.0110078134707043
255,False,3,2472,0.7994551658630371,1.0668967564900718
256,False,3,2473,0.8187577724456787,1.0736058020875567
257,False,3,2474,0.770702600479126,1.0461290404200554
258,False,3,2475,0.833172082901001,1.0281070378564654
259,False,3,2476,0.8273530006408691,1.0085030290342514
260,False,3,2477,0.7517392635345459,1.0585831620153927
261,False,3,2478,0.8254711627960205,1.0359258165671712
262,False,3,2479,0.7707767486572266,1.0369461182327497
263,False,3,2480,0.7862584590911865,1.0681784678073156
264,False,3,2481,0.8164904117584229,0.981816509649867
265,False,3,2482,0.7683355808258057,1.0688139228593734
266,False,3,2483,0.8135349750518799,1.0795057854127317
267,False,3,2484,0.8226432800292969,1.0885938072488421
268,False,3,2485,0.7599492073059082,1.068173239628474
269,False,3,2486,0.8240869045257568,0.9961466228678114
270,False,3,2487,0.7895135879516602,1.0097182119886081
271,False,3,2488,0.774268388748169,1.033379466051147
272,False,3,2489,0.8356297016143799,1.027167329475993
273,False,3,2490,0.7710690498352051,1.0904666880766554
274,False,3,2491,0.8073654174804688,1.0078555640010605
275,False,3,2492,0.8200333118438721,1.0470010262160074
276,False,3,2493,0.7845814228057861,1.0059941748068446
277,False,3,2494,0.8116247653961182,1.0287745190518245
278,False,3,2495,0.8254578113555908,1.0447331760965646
279,False,3,2496,0.736487865447998,1.029977461766629
280,False,3,2497,0.8347089290618896,1.078533051269395
281,False,3,2498,0.776270866394043,0.9962758592196872
282,False,3,2499,0.7906434535980225,1.0594538230271568
283,True,3,2500,0.9250710010528564,1.0341427853064875
284,False,3,2501,0.8180801868438721,1.115144475939728
285,False,3,2502,0.7615256309509277,1.0283246923770222
286,False,3,2503,0.8255841732025146,1.014587834832214
287,False,3,2504,0.781233549118042,1.1081013558875947
288,False,3,2505,0.7765927314758301,1.092202593528089
289,False,3,2506,0.835089921951294,1.0382535713059562
290,False,3,2507,0.7564048767089844,1.0071822887375241
291,False,3,2508,0.8221561908721924,1.048489320845831
292,False,3,2509,0.810213565826416,1.0901903197878882
293,False,3,2510,0.7731351852416992,1.0345611749660402
294,False,3,2511,0.8194248676300049,1.0593334209351315
295,False,3,2512,0.8000657558441162,1.0678452253341673
296,False,3,2513,0.7538597583770752,1.0929058254474686
297,False,3,2514,0.8387987613677979,1.0153338973011294
298,False,3,2515,0.7666184902191162,1.0399586054540817
299,False,3,2516,0.8031432628631592,1.0695933337722507
300,False,3,2517,0.8453586101531982,1.0740650927736646
301,False,3,2518,0.7681751251220703,1.028289556503296
302,False,3,2519,0.8284058570861816,1.0761331305617379
303,False,3,2520,0.8087193965911865,1.0081089777605874
304,False,3,2521,0.8096418380737305,1.04668552020476
305,False,3,2522,0.8236889839172363,0.989722966438248
306,False,3,2523,0.8029167652130127,1.0146990510679428
307,False,3,2524,0.7769596576690674,1.10076900323232
308,False,3,2525,0.8256993293762207,1.0368382191019399
309,False,3,2526,0.7933917045593262,1.0763832745807511
310,False,3,2527,0.7605588436126709,1.0812006117332547
311,False,3,2528,0.8331823348999023,1.0367617738388835
312,False,3,2529,0.7595806121826172,1.041669839904422
313,False,3,2530,0.815363883972168,1.0721406780538105
314,False,3,2531,0.8236103057861328,1.0577791333198547
315,False,3,2532,0.7564563751220703,1.085547583443778
316,False,3,2533,0.8361721038818359,1.091569410193534
317,False,3,2534,0.7729067802429199,1.0653575733304024
318,False,3,2535,0.7908198833465576,0.9860265113058544
319,False,3,2536,0.831859827041626,1.0372725792583966
320,False,3,2537,0.7670137882232666,1.0390413790231658
321,False,3,2538,0.813593864440918,1.0640261606091543
322,False,3,2539,0.8287529945373535,1.0094855388715154
323,False,3,2540,0.7547147274017334,1.028684663630667
324,False,3,2541,0.8295865058898926,1.0346189833113126
325,False,3,2542,0.7748386859893799,1.0453655471404395
326,False,3,2543,0.7863030433654785,1.0935014135071208
327,False,3,2544,0.8119754791259766,1.0371771312895275
328,False,3,2545,0.7752282619476318,1.066576681676365
329,False,3,2546,0.8063137531280518,1.0399270586314655
330,False,3,2547,0.8241162300109863,1.0684116716895784
331,False,3,2548,0.7739849090576172,1.0115415482293995
332,False,3,2549,0.8263165950775146,1.0427488095703579
333,False,3,2550,0.8292949199676514,1.0262008543525425
334,False,3,2551,0.7536935806274414,1.080298572069123
335,False,3,2552,0.8486201763153076,1.04079734303412
336,False,3,2553,0.7913315296173096,1.0129005178099586
337,False,3,2554,0.7684485912322998,1.0253360874596096
338,False,3,2555,0.8203563690185547,0.9991673133557748
339,False,3,2556,0.7751791477203369,1.0587320104241371
340,False,3,2557,0.801069974899292,1.0275308198872066
341,False,3,2558,0.8239719867706299,1.0529584615003493
342,False,3,2559,0.7931215763092041,1.0421650555162207
343,False,3,2560,0.7786071300506592,1.0306904702669102
344,False,3,2561,0.8324780464172363,1.03335211177667
345,False,3,2562,0.7556004524230957,1.0228973121515341
346,False,3,2563,0.8369235992431641,1.010141782462597
347,False,3,2564,0.8286173343658447,1.0177814179942724
348,False,3,2565,0.7565829753875732,1.061109731949511
349,False,3,2566,0.8268918991088867,1.0999738581123806
350,False,3,2567,0.7691667079925537,1.0301860563811802
351,False,3,2568,0.7849068641662598,1.039314919993991
352,False,3,2569,0.8206140995025635,1.0251786290180116
353,False,3,2570,0.7937102317810059,1.043769578138987
354,False,3,2571,0.7757644653320312,1.0193905560743242
355,False,3,2572,0.8534829616546631,1.0303505871977126
356,False,3,2573,0.795372486114502,1.007889100128696
357,False,3,2574,0.8001947402954102,1.0096255611805687
358,False,3,2575,0.8208019733428955,1.010252065601803
359,False,3,2576,0.7880229949951172,1.0046508851505465
360,False,3,2577,0.7921392917633057,1.0166244343632742
361,False,3,2578,0.8196566104888916,1.0535676419025377
362,False,3,2579,0.7615249156951904,0.9777802383261068
363,False,3,2580,0.8215482234954834,1.0462436580232213
364,False,3,2581,0.8008143901824951,1.03073011161316
365,False,3,2582,0.7587459087371826,1.0363564083263985
366,False,3,2583,0.8277888298034668,1.0339139714127497
367,False,3,2584,0.7670910358428955,1.0200665806021012
368,False,3,2585,0.8172955513000488,1.0807716853561855
369,False,3,2586,0.8102998733520508,1.050873433550199
370,False,3,2587,0.7766106128692627,1.026002128564176
371,False,3,2588,0.8189373016357422,1.0477774356092726
372,False,3,2589,0.8055415153503418,0.9995151814960298
373,False,3,2590,0.7550859451293945,0.988130201541242
374,False,3,2591,0.8248920440673828,0.9848732778004237
375,False,3,2592,0.7929153442382812,0.9848205149173738
376,False,3,2593,0.7821273803710938,1.0500265118621646
377,False,3,2594,0.8493709564208984,1.0254168411095934
378,False,3,2595,0.7655210494995117,1.0057417232365833
379,False,3,2596,0.8213768005371094,1.0381247532509623
380,False,3,2597,0.8280107975006104,0.9923726994366873
381,False,3,2598,0.7570328712463379,0.9892208318979968
382,False,3,2599,0.8331243991851807,1.055819184297607
383,True,3,2600,0.888314962387085,1.0516328322035926
384,False,3,2601,0.7746717929840088,1.0886191115492867
385,False,3,2602,0.8056707382202148,1.0828202565511067
386,False,3,2603,0.8223938941955566,1.0407538155005092
387,False,3,2604,0.7515463829040527,1.0140353501552628
388,False,3,2605,0.8300020694732666,1.078737850700106
389,False,3,2606,0.7864537239074707,1.0369139629460515
390,False,3,2607,0.7965366840362549,1.0685960370160286
391,False,3,2608,0.8297579288482666,1.0937028385344005
392,False,3,2609,0.771521806716919,1.0368908310220357
393,False,3,2610,0.797896146774292,1.0281033993122124
394,False,3,2611,0.8344779014587402,1.0790763554118927
395,False,3,2612,0.7743372917175293,1.1026981941291263
396,False,3,2613,0.8185839653015137,1.1267322493450982
397,False,3,2614,0.8206655979156494,1.1125216363441377
398,False,3,2615,0.7672526836395264,0.9931696564668699
399,False,3,2616,0.8313064575195312,1.0501497339989458
400,False,3,2617,0.7851440906524658,1.0206378740923747
401,False,3,2618,0.7984275817871094,1.071695798564525
402,False,3,2619,0.8185098171234131,1.0427535002430282
403,False,3,2620,0.7839429378509521,1.054400610072272
404,False,3,2621,0.772991418838501,1.0598692340510232
405,False,3,2622,0.8213574886322021,0.9995966651255179
406,False,3,2623,0.7773745059967041,0.9922978902856509
407,False,3,2624,0.7801499366760254,1.0338895299604962
408,False,3,2625,0.8338572978973389,1.0494398928823925
409,False,3,2626,0.7508535385131836,1.0426717538918768
410,False,3,2627,0.8325011730194092,1.0336529946043378
411,False,3,2628,0.8309166431427002,1.0146055845987232
412,False,3,2629,0.7536132335662842,1.0646547291960033
413,False,3,2630,0.8110907077789307,1.0289559598479954
414,False,3,2631,0.761631965637207,0.9864148639497303
415,False,3,2632,0.8028597831726074,1.034536455003988
416,False,3,2633,0.8098134994506836,1.032112173381306
417,False,3,2634,0.7694878578186035,1.0741949414923078
418,False,3,2635,0.8129315376281738,1.0372595535147757
419,False,3,2636,0.8176984786987305,1.0339727639442398
420,False,3,2637,0.7731704711914062,0.9979169106199627
421,False,3,2638,0.8071911334991455,1.0068110000519526
422,False,3,2639,0.7986514568328857,1.0483235731011344
423,False,3,2640,0.7734780311584473,1.0516289383882567
424,False,3,2641,0.8315944671630859,1.0523909067823773
425,False,3,2642,0.761967658996582,1.002513441656317
426,False,3,2643,0.8168559074401855,1.0128461276846272
427,False,3,2644,0.8126711845397949,1.0463171072659039
428,False,3,2645,0.768557071685791,0.9751028791069984
429,False,3,2646,0.8324398994445801,1.0284118180473647
430,False,3,2647,0.7935194969177246,0.9953575148468927
431,False,3,2648,0.7689673900604248,1.0709376001641864
432,False,3,2649,0.8307156562805176,1.06692926798548
433,False,3,2650,0.7639007568359375,1.0143817466284548
434,False,3,2651,0.818617582321167,1.0431959820645196
435,False,3,2652,0.8016788959503174,1.1545223930761928
436,False,3,2653,0.7730138301849365,1.1018160120362326
437,False,3,2654,0.8131678104400635,1.0118705360662368
438,False,3,2655,0.7861835956573486,1.0382973466600691
439,False,3,2656,0.7687084674835205,1.0516342378797987
440,False,3,2657,0.8320212364196777,1.0536879698435466
441,False,3,2658,0.7695608139038086,1.0216187323842731
442,False,3,2659,0.8097586631774902,1.0480186797323683
443,False,3,2660,0.8381733894348145,1.043482591708501
444,False,3,2661,0.759166955947876,1.0421927911894662
445,False,3,2662,0.8524911403656006,1.0878000500656306
446,False,3,2663,0.8065626621246338,1.0573614438374836
447,False,3,2664,0.7903182506561279,1.032862149533771
448,False,3,2665,0.8211801052093506,1.0545738495531538
449,False,3,2666,0.771066427230835,1.0893762356468608
450,False,3,2667,0.7810618877410889,1.0573497201715196
451,False,3,2668,0.8102579116821289,1.001520097610496
452,False,3,2669,0.7692890167236328,1.049992181715511
453,False,3,2670,0.8186964988708496,1.0236326605081558
454,False,3,2671,0.8202533721923828,1.0501116673861228
455,False,3,2672,0.7586174011230469,1.0498567855074292
456,False,3,2673,0.8227207660675049,0.9833772897365546
457,False,3,2674,0.7811598777770996,1.046460128965832
458,False,3,2675,0.7894711494445801,1.0422484670721348
459,False,3,2676,0.8408966064453125,1.0280307967747964
460,False,3,2677,0.7666819095611572,1.075692086347512
461,False,3,2678,0.8274481296539307,1.0115960176501957
462,False,3,2679,0.8061010837554932,1.0482655692668188
463,False,3,2680,0.7687430381774902,1.10792128883657
464,False,3,2681,0.8113090991973877,1.021185298051153
465,False,3,2682,0.7715740203857422,1.026314302569344
466,False,3,2683,0.7926037311553955,1.0202460320932527
467,False,3,2684,0.8159694671630859,1.046651309444791
468,False,3,2685,0.7614932060241699,1.05819083714769
469,False,3,2686,0.8209083080291748,0.9889948669643629
470,False,3,2687,0.7810075283050537,1.037442943879536
471,False,3,2688,0.7658438682556152,0.9960182167234876
472,False,3,2689,0.8175225257873535,1.0690212008498965
473,False,3,2690,0.7805309295654297,1.045111056062437
474,False,3,2691,0.7822380065917969,1.0644394492819196
475,False,3,2692,0.8182475566864014,1.0088114538008257
476,False,3,2693,0.7879421710968018,0.9781289447453759
477,False,3,2694,0.8107812404632568,0.9867713997761409
478,False,3,2695,0.830517053604126,1.0246563046461061
479,False,3,2696,0.7565641403198242,1.0299684880744842
480,False,3,2697,0.837646484375,1.0591817441440765
481,False,3,2698,0.7903966903686523,1.0446629052360852
482,False,3,2699,0.7736060619354248,1.017369297998292
483,True,3,2700,0.9151537418365479,0.9839538240006991
484,False,3,2701,0.7759718894958496,1.0739769155070897
485,False,3,2702,0.769982099533081,1.0737215543077103
486,False,3,2703,0.8160572052001953,1.090192958712578
487,False,3,2704,0.7749016284942627,1.0502459619726454
488,False,3,2705,0.8002221584320068,1.0916841462964104
489,False,3,2706,0.8253505229949951,1.0643354696886882
490,False,3,2707,0.7703423500061035,1.066764694239412
491,False,3,2708,0.8118276596069336,1.0749346010741734
492,False,3,2709,0.8119716644287109,1.0145971093858992
493,False,3,2710,0.7530007362365723,1.0257362815595807
494,False,3,2711,0.8460705280303955,1.0251651193414417
495,False,3,2712,0.7785089015960693,1.0515299084640688
496,False,3,2713,0.7879972457885742,1.0532765849715189
497,False,3,2714,0.814767599105835,0.9982513377354258
498,False,3,2715,0.7765684127807617,1.0378025947582152
499,False,3,2716,0.8041722774505615,1.0448313564771698
500,False,3,2717,0.8195846080780029,1.0291106842813038
501,False,3,2718,0.7949299812316895,1.029433283067885
502,False,3,2719,0.8054747581481934,1.1092027929567152
503,False,3,2720,0.819303035736084,1.0452279980693542
504,False,3,2721,0.7531991004943848,1.102045714145615
505,False,3,2722,0.8230712413787842,1.0584252391542706
506,False,3,2723,0.7857837677001953,1.0440486013179733
507,False,3,2724,0.7720615863800049,1.0281861800523033
508,False,3,2725,0.8165855407714844,1.0361746248035204
509,False,3,2726,0.7766945362091064,1.0683178614292828
510,False,3,2727,0.7787163257598877,1.0829982686610449
511,False,3,2728,0.8263671398162842,1.011156099892798
512,False,3,2729,0.7652533054351807,1.0445672745505967
513,False,3,2730,0.8176257610321045,1.0081213771232536
514,False,3,2731,0.8215751647949219,1.0332406645729428
515,False,3,2732,0.7539968490600586,0.9817606771276113
516,False,3,2733,0.8241827487945557,1.051295500780855
517,False,3,2734,0.7676827907562256,1.043273810829435
518,False,3,2735,0.7858190536499023,1.0509429833009127
519,False,3,2736,0.8157863616943359,1.067166070852961
520,False,3,2737,0.766925573348999,1.082390388562566
521,False,3,2738,0.7977333068847656,1.0231955824863341
522,False,3,2739,0.818389892578125,1.0810698256606146
523,False,3,2740,0.7937755584716797,1.0485498894538197
524,False,3,2741,0.812650203704834,1.0112231175104773
525,False,3,2742,0.827002763748169,1.0402365227540336
526,False,3,2743,0.762866735458374,1.0275281497410367
527,False,3,2744,0.8529765605926514,1.0493533462285995
528,False,3,2745,0.8035774230957031,0.9881254289121854
529,False,3,2746,0.7613124847412109,1.0406829700583502
530,False,3,2747,0.8313803672790527,1.0354811442749843
531,False,3,2748,0.7586946487426758,1.0455983401764009
532,False,3,2749,0.8087077140808105,1.0280361636763529
533,False,3,2750,0.814589262008667,1.0543678480954397
534,False,3,2751,0.7619893550872803,1.009306376533849
535,False,3,2752,0.8167717456817627,1.0191864371299744
536,False,3,2753,0.8086545467376709,1.0200235346953075
537,False,3,2754,0.7548463344573975,1.068605105791773
538,False,3,2755,0.8480856418609619,1.0059512340951533
539,False,3,2756,0.7811875343322754,1.051343158597038
540,False,3,2757,0.7910013198852539,1.0000773262055145
541,False,3,2758,0.8161380290985107,1.0566900603118394
542,False,3,2759,0.7648613452911377,1.0074012291928132
543,False,3,2760,0.8084542751312256,1.0331562902955782
544,False,3,2761,0.8135156631469727,1.00966647764047
545,False,3,2762,0.7642664909362793,1.074872453652677
546,False,3,2763,0.8371891975402832,1.0279081556059066
547,False,3,2764,0.7993824481964111,1.062364033645108
548,False,3,2765,0.7608726024627686,1.0561759110007969
549,False,3,2766,0.8277816772460938,1.0288504553692681
550,False,3,2767,0.7588798999786377,1.031949445605278
551,False,3,2768,0.8153765201568604,1.0492423460597082
552,False,3,2769,0.8138344287872314,1.011472480992476
553,False,3,2770,0.7698907852172852,1.0131673362283478
554,False,3,2771,0.8146767616271973,1.0177726603689647
555,False,3,2772,0.8075628280639648,0.979698625348863
556,False,3,2773,0.7837157249450684,1.0372534117528371
557,False,3,2774,0.8171234130859375,1.0213574834522747
558,False,3,2775,0.8065321445465088,1.0049030135075254
559,False,3,2776,0.7589499950408936,0.968736451651369
560,False,3,2777,0.8268656730651855,1.007866963389374
561,False,3,2778,0.7678933143615723,1.0747572623548052
562,False,3,2779,0.7882399559020996,1.0828337811288378
563,False,3,2780,0.8200116157531738,1.0671259306726004
564,False,3,2781,0.7666096687316895,1.0696779148919242
565,False,3,2782,0.8277184963226318,1.07735708072072
566,False,3,2783,0.7976827621459961,1.0076072794340905
567,False,3,2784,0.7765238285064697,1.0611257129127072
568,False,3,2785,0.8060965538024902,1.0364542078404198
569,False,3,2786,0.7771892547607422,1.0723000566164653
570,False,3,2787,0.7703495025634766,1.007788806089333
571,False,3,2788,0.8252906799316406,1.0373567474030314
572,False,3,2789,0.76344895362854,1.0151947271965798
573,False,3,2790,0.8179595470428467,1.00045294616194
574,False,3,2791,0.8018441200256348,1.0445776141825176
575,False,3,2792,0.7896170616149902,0.9967795028572992
576,False,3,2793,0.8215017318725586,1.076447362168914
577,False,3,2794,0.7985038757324219,1.0403365013854844
578,False,3,2795,0.754213809967041,1.0436491803044363
579,False,3,2796,0.8227310180664062,1.0320544100943068
580,False,3,2797,0.7600274085998535,1.0843864040715354
581,False,3,2798,0.7981522083282471,1.012870632466816
582,False,3,2799,0.8172738552093506,0.9787848258302325
583,True,3,2800,0.8471109867095947,1.069745044977892
584,False,3,2801,0.8032493591308594,1.0467757082411224
585,False,3,2802,0.8107466697692871,1.0352115283409753
586,False,3,2803,0.7702267169952393,1.0637355688072385
587,False,3,2804,0.8143315315246582,1.0547894920621599
588,False,3,2805,0.8114068508148193,1.0471557279427846
589,False,3,2806,0.7935290336608887,1.0009435961643856
590,False,3,2807,0.8107800483703613,1.0222170062008358
591,False,3,2808,0.8201580047607422,1.0486654830830437
592,False,3,2809,0.7506623268127441,1.0152565155710496
593,False,3,2810,0.8520059585571289,1.0177406072616577
594,False,3,2811,0.7770571708679199,1.068554393592335
595,False,3,2812,0.7851912975311279,1.0467575128589357
596,False,3,2813,0.82582688331604,1.042677992866153
597,False,3,2814,0.7552626132965088,1.0646376858154931
598,False,3,2815,0.8095331192016602,1.0047011499603589
599,False,3,2816,0.8096880912780762,1.0087507008796648
600,False,3,2817,0.7735171318054199,0.9843110477640515
601,False,3,2818,0.8198540210723877,1.0076765581255869
602,False,3,2819,0.8109025955200195,1.0519228130578997
603,False,3,2820,0.7560555934906006,1.105194057737078
604,False,3,2821,0.8321676254272461,1.0483255680827868
605,False,3,2822,0.765500545501709,1.0930863356306437
606,False,3,2823,0.7934825420379639,1.0461595895744504
607,False,3,2824,0.8171288967132568,1.0040838597785857
608,False,3,2825,0.7624800205230713,1.036626201300394
609,False,3,2826,0.8194825649261475,0.9793196086372647
610,False,3,2827,0.7758281230926514,1.0229761554371746
611,False,3,2828,0.7714598178863525,1.0432267774428643
612,False,3,2829,0.8312184810638428,1.0010498361218543
613,False,3,2830,0.7580552101135254,1.0640837454370091
614,False,3,2831,0.8200609683990479,1.0088949121889614
615,False,3,2832,0.8252434730529785,1.0796604348080499
616,False,3,2833,0.7488176822662354,1.01027397669497
617,False,3,2834,0.828221321105957,1.0367403445499284
618,False,3,2835,0.7637085914611816,1.015911839547611
619,False,3,2836,0.7876167297363281,1.0164161775083769
620,False,3,2837,0.8015124797821045,1.049363901572568
621,False,3,2838,0.7608494758605957,0.9854593418893359
622,False,3,2839,0.8172988891601562,1.0716186009702227
623,False,3,2840,0.7918481826782227,1.051103678487596
624,False,3,2841,0.7942016124725342,1.0409468089540796
625,False,3,2842,0.8075313568115234,1.05471468539465
626,False,3,2843,0.7926933765411377,0.9765480618391719
627,False,3,2844,0.7735469341278076,1.0071571724755424
628,False,3,2845,0.8365652561187744,0.9655312313919974
629,False,3,2846,0.7617957592010498,1.0508679609213558
630,False,3,2847,0.8124408721923828,1.023533651516551
631,False,3,2848,0.8226327896118164,1.080218889528797
632,False,3,2849,0.7534372806549072,1.002284616586708
633,False,3,2850,0.819843053817749,1.0359411246719814
634,False,3,2851,0.7986056804656982,1.0458323806524277
635,False,3,2852,0.7622740268707275,0.9974383882113865
636,False,3,2853,0.8159210681915283,1.0072631016373632
637,False,3,2854,0.7764806747436523,0.9915323622879527
638,False,3,2855,0.7808175086975098,0.9860235681491241
639,False,3,2856,0.8160626888275146,1.0080440172127314
640,False,3,2857,0.7617058753967285,1.0000910833477972
641,False,3,2858,0.8157534599304199,1.0202561205341703
642,False,3,2859,0.8076722621917725,1.007552696125848
643,False,3,2860,0.7521865367889404,1.0487436084520247
644,False,3,2861,0.8265173435211182,1.0318139912117097
645,False,3,2862,0.7562203407287598,1.0253702884628657
646,False,3,2863,0.8104310035705566,1.063511781749271
647,False,3,2864,0.8076508045196533,1.0837646854065712
648,False,3,2865,0.7811369895935059,1.072188070842198
649,False,3,2866,0.8220300674438477,1.04164542896407
650,False,3,2867,0.7987995147705078,1.006316806943644
651,False,3,2868,0.7615299224853516,0.9911174674828848
652,False,3,2869,0.8335165977478027,1.0517494678497314
653,False,3,2870,0.7580187320709229,1.0268007204646157
654,False,3,2871,0.803102970123291,1.0581054474626268
655,False,3,2872,0.8112204074859619,1.0053093500790145
656,False,3,2873,0.7812461853027344,1.037522585973853
657,False,3,2874,0.8121745586395264,1.048343498791967
658,False,3,2875,0.8165533542633057,0.9874232216250329
659,False,3,2876,0.7586460113525391,0.9627146688955168
660,False,3,2877,0.8372435569763184,1.0181183976431691
661,False,3,2878,0.7935495376586914,0.9524672833226974
662,False,3,2879,0.7586984634399414,1.012926284755979
663,False,3,2880,0.827214241027832,1.042923845705532
664,False,3,2881,0.7636492252349854,1.0478454260599044
665,False,3,2882,0.7938814163208008,1.0106046128840673
666,False,3,2883,0.8175473213195801,1.0204283893108368
667,False,3,2884,0.770435094833374,0.9862281454815752
668,False,3,2885,0.8102796077728271,1.0518083579483486
669,False,3,2886,0.8182134628295898,1.0593527619327818
670,False,3,2887,0.7663280963897705,1.0308421577016513
671,False,3,2888,0.816765308380127,0.9674619414976664
672,False,3,2889,0.7969856262207031,0.9711356430891015
673,False,3,2890,0.759655237197876,0.9448370380061013
674,False,3,2891,0.8299877643585205,1.0342350458460197
675,False,3,2892,0.7632195949554443,1.013189443520137
676,False,3,2893,0.7915422916412354,1.015302458689326
677,False,3,2894,0.82723069190979,0.9807828487384889
678,False,3,2895,0.7590477466583252,1.047050879824729
679,False,3,2896,0.8283641338348389,1.0298758330089706
680,False,3,2897,0.8016095161437988,1.0408097537500518
681,False,3,2898,0.7705802917480469,1.0206281805322286
682,False,3,2899,0.8202366828918457,1.066764563676857
683,True,3,2900,0.897693395614624,0.9935695830555188
684,False,3,2901,0.7572381496429443,1.0743037295483404
685,False,3,2902,0.8388686180114746,1.093440211244992
686,False,3,2903,0.8155484199523926,1.0438004717940377
687,False,3,2904,0.7754645347595215,1.017175173475629
688,False,3,2905,0.8181891441345215,1.0399125553667543
689,False,3,2906,0.7968649864196777,1.0579976545912881
690,False,3,2907,0.7568485736846924,1.058161585103898
691,False,3,2908,0.8354618549346924,1.0119161673244974
692,False,3,2909,0.7620337009429932,1.024225837418011
693,False,3,2910,0.7904257774353027,1.1014145321789242
694,False,3,2911,0.8308429718017578,1.0797098225780895
695,False,3,2912,0.7593212127685547,1.0765671545550937
696,False,3,2913,0.8153111934661865,1.0621903751577648
697,False,3,2914,0.8040807247161865,1.0460035041684197
698,False,3,2915,0.769874095916748,0.973770450268473
699,False,3,2916,0.8178138732910156,1.0357680778418268
700,False,3,2917,0.7943980693817139,1.036820677064714
701,False,3,2918,0.7559380531311035,1.062093224553835
702,False,3,2919,0.82645583152771,1.1131602830830074
703,False,3,2920,0.7708156108856201,1.0225812182539988
704,False,3,2921,0.8061418533325195,0.9649427827625048
705,False,3,2922,0.8441495895385742,1.008305487178621
706,False,3,2923,0.7638177871704102,1.0301015494125232
707,False,3,2924,0.8421027660369873,1.0361114754563285
708,False,3,2925,0.8072538375854492,1.0272223892666044
709,False,3,2926,0.7578120231628418,1.0345011154810588
710,False,3,2927,0.8333778381347656,1.0304333830163592
711,False,3,2928,0.7635593414306641,1.0726474076509476
712,False,3,2929,0.7853434085845947,1.055356251341956
713,False,3,2930,0.8021450042724609,1.0209433670554842
714,False,3,2931,0.771174430847168,0.9878242775088264
715,False,3,2932,0.8124234676361084,1.0069598129817416
716,False,3,2933,0.8146896362304688,1.0555854503597528
717,False,3,2934,0.76267409324646,0.9767909841168495
718,False,3,2935,0.8353862762451172,0.9739364733298619
719,False,3,2936,0.7805709838867188,1.0157205483743121
720,False,3,2937,0.7877199649810791,1.0170625104081061
721,False,3,2938,0.8135452270507812,1.0483864591944785
722,False,3,2939,0.7791042327880859,1.0117170161434583
723,False,3,2940,0.8076636791229248,1.0431049040385654
724,False,3,2941,0.8251950740814209,1.0361495486327579
725,False,3,2942,0.7274770736694336,1.0517542394144197
726,False,3,2943,0.8306913375854492,1.0705217059169496
727,False,3,2944,0.7561776638031006,1.0039696051251323
728,False,3,2945,0.7977378368377686,1.0043417892995337
729,False,3,2946,0.8210320472717285,1.0846563985659963
730,False,3,2947,0.7622036933898926,1.0031322624002184
731,False,3,2948,0.826575756072998,0.9998927996272136
732,False,3,2949,0.8142974376678467,1.0224466409002033
733,False,3,2950,0.7729125022888184,0.9929662598740487
734,False,3,2951,0.8140709400177002,1.0616401565216835
735,False,3,2952,0.8030083179473877,0.9668965013254255
736,False,3,2953,0.7494254112243652,1.005462953732127
737,False,3,2954,0.8333048820495605,0.9876586354914166
738,False,3,2955,0.765404224395752,0.9960835625727973
739,False,3,2956,0.8035461902618408,1.0322806920324055
740,False,3,2957,0.831470251083374,1.0520139379160744
741,False,3,2958,0.7408816814422607,1.0231213498683203
742,False,3,2959,0.8256278038024902,1.0161034638683002
743,False,3,2960,0.77303147315979,1.0304650804471402
744,False,3,2961,0.7723286151885986,1.0050165511312938
745,False,3,2962,0.8158752918243408,1.0180403769371054
746,False,3,2963,0.7686119079589844,1.0049893952728737
747,False,3,2964,0.8018918037414551,0.9860536179372242
748,False,3,2965,0.8214282989501953,0.9681141252319017
749,False,3,2966,0.7673385143280029,1.02435648192962
750,False,3,2967,0.8201875686645508,1.018157179156939
751,False,3,2968,0.8122043609619141,1.0459431601422173
752,False,3,2969,0.7556488513946533,1.0243871609369912
753,False,3,2970,0.8407106399536133,1.067933223786808
754,False,3,2971,0.7717247009277344,1.0490640792108716
755,False,3,2972,0.7841000556945801,1.0270263253755514
756,False,3,2973,0.8125319480895996,1.007601098645301
757,False,3,2974,0.7693662643432617,0.9900137583414712
758,False,3,2975,0.8053841590881348,0.9888277401526768
759,False,3,2976,0.8197140693664551,1.0455521150004297
760,False,3,2977,0.7727456092834473,0.987606944250209
761,False,3,2978,0.8285923004150391,1.0123142359689588
762,False,3,2979,0.7951564788818359,1.0431178267158212
763,False,3,2980,0.7747948169708252,1.0442759493986764
764,False,3,2981,0.8189988136291504,0.9860934877679461
765,False,3,2982,0.7951347827911377,1.0025207166160857
766,False,3,2983,0.8658108711242676,1.0114241868612315
767,False,3,2984,0.8640592098236084,1.0259600132703781
768,False,3,2985,0.8741190433502197,1.0338018039862316
769,False,3,2986,0.8594071865081787,1.0520984824924242
770,False,3,2987,0.8714468479156494,1.0527941357521786
771,False,3,2988,0.8596155643463135,1.0068115602646555
772,False,3,2989,0.8875069618225098,1.0281989347367058
773,False,3,2990,0.8673181533813477,1.129462276186262
774,False,3,2991,0.8658924102783203,0.9914281503075645
775,False,3,2992,0.8597249984741211,1.0279015643256053
776,False,3,2993,0.8658480644226074,0.9955259435588407
777,False,3,2994,0.8666932582855225,1.0013804765684264
778,False,3,2995,0.8691785335540771,1.0351728239939326
779,False,3,2996,0.8577225208282471,0.9692395694908641
780,False,3,2997,0.8723065853118896,0.9874083445895285
781,False,3,2998,0.8701324462890625,0.9936447026474137
782,False,3,2999,0.8792154788970947,1.0227908939123154
783,True,3,3000,0.9885599613189697,1.021013988980225
784,False,3,3001,0.8706583976745605,1.0203407307465873
785,False,3,3002,0.8928086757659912,1.025490452136312
786,False,3,3003,0.8637857437133789,1.0355871135280246
787,False,3,3004,0.883763313293457,1.0324044397899081
788,False,3,3005,0.8799948692321777,1.059874898621014
789,False,3,3006,0.8642466068267822,1.014943322965077
790,False,3,3007,0.8826477527618408,1.0796596532066665
791,False,3,3008,0.8616228103637695,1.0336508538041793
792,False,3,3009,0.8818187713623047,0.9960012804894218
793,False,3,3010,0.858522891998291,1.0062029613625432
794,False,3,3011,0.877760648727417,0.9900403696866261
795,False,3,3012,0.8818948268890381,0.9961402472995575
796,False,3,3013,0.867870569229126,1.0214302153104828
797,False,3,3014,0.8628158569335938,0.9847526032300222
798,False,3,3015,0.8613433837890625,1.0392412656829473
799,False,3,3016,0.8786559104919434,1.0499381394613359
800,False,3,3017,0.8633625507354736,1.052596044682321
801,False,3,3018,0.8822109699249268,1.0312065074131602
802,False,3,3019,0.8716504573822021,1.0442192465776488
803,False,3,3020,0.8591992855072021,1.0343202749888103
804,False,3,3021,0.891202449798584,0.9863584091265997
805,False,3,3022,0.8496417999267578,1.0815079701798305
806,False,3,3023,0.8785238265991211,1.0168121928970022
807,False,3,3024,0.87713623046875,1.0741908713465647
808,False,3,3025,0.8468656539916992,1.0849617105864344
809,False,3,3026,0.88362717628479,1.051437985329401
810,False,3,3027,0.8628888130187988,1.0375197196290606
811,False,3,3028,0.8630282878875732,1.0462425386621839
812,False,3,3029,0.8820638656616211,0.9713404132496744
813,False,3,3030,0.8686947822570801,1.0680085881834938
814,False,3,3031,0.8714468479156494,1.056265171794664
815,False,3,3032,0.8617129325866699,1.0349171807368596
816,False,3,3033,0.885807991027832,1.0443098601840792
817,False,3,3034,0.8599567413330078,1.0139010484729498
818,False,3,3035,0.8648662567138672,0.9843092205978574
819,False,3,3036,0.8740313053131104,1.051705810640539
820,False,3,3037,0.852780818939209,1.0260485769027756
821,False,3,3038,0.875166654586792,1.0651144261161487
822,False,3,3039,0.8790168762207031,1.0450288156668344
823,False,3,3040,0.8566856384277344,1.0169894904607817
824,False,3,3041,0.8811392784118652,1.0051966816896483
825,False,3,3042,0.8771793842315674,1.0900200846649353
826,False,3,3043,0.8642902374267578,1.0133503029743829
827,False,3,3044,0.8635551929473877,0.9927068462684042
828,False,3,3045,0.8909423351287842,1.0307037787778035
829,False,3,3046,0.8773448467254639,1.0343685661043442
830,False,3,3047,0.8843090534210205,1.0215024838135356
831,False,3,3048,0.8735001087188721,0.9964679437024254
832,False,3,3049,0.8556616306304932,0.9849157294347171
833,False,3,3050,0.8771030902862549,1.0195306624685017
834,False,3,3051,0.7447600364685059,1.00544392707802
835,False,3,3052,0.8424527645111084,1.0023342427753268
836,False,3,3053,0.7907519340515137,1.0260938611768542
837,False,3,3054,0.7677586078643799,0.9670766769420532
838,False,3,3055,0.8268756866455078,1.0029659015791759
839,False,3,3056,0.7540922164916992,0.9956219721408118
840,False,3,3057,0.8181357383728027,1.0327924929914019
841,False,3,3058,0.7890701293945312,1.058892479964665
842,False,3,3059,0.7745211124420166,0.9956431140502295
843,False,3,3060,0.8190796375274658,1.0067610002699354
844,False,3,3061,0.7809076309204102,1.031641810422852
845,False,3,3062,0.7720687389373779,1.05644585582472
846,False,3,3063,0.8264193534851074,1.0586808032932735
847,False,3,3064,0.7956020832061768,1.0292126327043487
848,False,3,3065,0.7937121391296387,0.9874915210973649
849,False,3,3066,0.8441102504730225,1.0328730071584382
850,False,3,3067,0.7577698230743408,1.0133108567623863
851,False,3,3068,0.835956335067749,1.0470905279119809
852,False,3,3069,0.8174479007720947,1.019782936289197
853,False,3,3070,0.742483377456665,1.0361834388403663
854,False,3,3071,0.8282406330108643,1.035024367982433
855,False,3,3072,0.756633996963501,1.0063219127200898
856,False,3,3073,0.7978179454803467,1.0198985742671152
857,False,3,3074,0.8139252662658691,1.0405841966470084
858,False,3,3075,0.7707724571228027,1.0315415635704996
859,False,3,3076,0.8102741241455078,1.0146554034380686
860,False,3,3077,0.8089420795440674,1.080571365498361
861,False,3,3078,0.7630960941314697,1.0445903651416302
862,False,3,3079,0.8342435359954834,0.9771692444171223
863,False,3,3080,0.7796316146850586,1.0193288280140789
864,False,3,3081,0.7805688381195068,1.0240431385380881
865,False,3,3082,0.8259890079498291,1.0155343597843531
866,False,3,3083,0.778449296951294,0.994277251618249
867,False,3,3084,0.7841143608093262,1.016119266549746
868,False,3,3085,0.8263735771179199,1.0285137799524124
869,False,3,3086,0.764603853225708,1.0409618878648397
870,False,3,3087,0.8284666538238525,0.9957184656744911
871,False,3,3088,0.819951057434082,0.9950685167596456
872,False,3,3089,0.7478382587432861,1.007232724555901
873,False,3,3090,0.8340380191802979,1.0149325139465786
874,False,3,3091,0.7683961391448975,1.0245928994956468
875,False,3,3092,0.7884349822998047,1.0387466212823278
876,False,3,3093,0.8095691204071045,0.9451521727300827
877,False,3,3094,0.7774696350097656,1.008192810983885
878,False,3,3095,0.8120393753051758,1.0032367465041931
879,False,3,3096,0.8081169128417969,1.0143267150436128
880,False,3,3097,0.7743456363677979,1.0097961021321162
881,False,3,3098,0.8096632957458496,0.9858188022460259
882,False,3,3099,0.7965683937072754,1.0195983378660112
883,True,3,3100,0.8533666133880615,1.0212758751142594
884,False,3,3101,0.8308145999908447,1.0480964430386113
885,False,3,3102,0.8155617713928223,1.0193937718868258
886,False,3,3103,0.7586209774017334,1.0914481942142755
887,False,3,3104,0.8267557621002197,0.9855419709568934
888,False,3,3105,0.7683141231536865,1.0601451027961006
889,False,3,3106,0.7861740589141846,1.027232405685243
890,False,3,3107,0.8213510513305664,1.0792209385406404
891,False,3,3108,0.7821595668792725,1.0091535509342238
892,False,3,3109,0.7940356731414795,1.0507470085507349
893,False,3,3110,0.814171552658081,1.0477575081444923
894,False,3,3111,0.7897686958312988,1.0242094702663875
895,False,3,3112,0.8054893016815186,0.9859810762462162
896,False,3,3113,0.8335692882537842,1.0329256781509946
897,False,3,3114,0.7569670677185059,1.0386511385440826
898,False,3,3115,0.8278701305389404,1.034602933696338
899,False,3,3116,0.7896709442138672,0.9771788340239297
900,False,3,3117,0.7720286846160889,1.0012925338177456
901,False,3,3118,0.8340935707092285,1.022719787699836
902,False,3,3119,0.7812669277191162,1.0369373439323335
903,False,3,3120,0.7835392951965332,1.0612961536362056
904,False,3,3121,0.8313634395599365,1.0717696827791987
905,False,3,3122,0.7670571804046631,1.010250794745627
906,False,3,3123,0.8249869346618652,1.0104943953809284
907,False,3,3124,0.8086464405059814,0.9929806533313933
908,False,3,3125,0.7959849834442139,1.0725724952561517
909,False,3,3126,0.8134891986846924,1.0000288380043845
910,False,3,3127,0.7890629768371582,1.0692978217488243
911,False,3,3128,0.7751286029815674,1.0089038688512078
912,False,3,3129,0.8217823505401611,1.0181129241273519
913,False,3,3130,0.7812750339508057,1.0075666904449463
914,False,3,3131,0.7765898704528809,1.0256682208606176
915,False,3,3132,0.8298990726470947,1.068913127694811
916,False,3,3133,0.7636592388153076,1.0778617532480328
917,False,3,3134,0.8149044513702393,1.069665661170369
918,False,3,3135,0.8188245296478271,1.0126054535309472
919,False,3,3136,0.7560765743255615,1.0787076449819972
920,False,3,3137,0.8247826099395752,1.1024495334852311
921,False,3,3138,0.7776708602905273,1.085398140407744
922,False,3,3139,0.7781095504760742,1.0525190134843192
923,False,3,3140,0.8158576488494873,1.0611089993090856
924,False,3,3141,0.7726433277130127,1.0086481368967466
925,False,3,3142,0.7985389232635498,1.0595386386627244
926,False,3,3143,0.821096658706665,1.0020590530974522
927,False,3,3144,0.7789711952209473,1.0353773871348018
928,False,3,3145,0.8041191101074219,1.0497359072878245
929,False,3,3146,0.8119211196899414,0.997866907999629
930,False,3,3147,0.7488949298858643,0.9986333421298437
931,False,3,3148,0.8471379280090332,1.0317286462301303
932,False,3,3149,0.7665128707885742,1.0290993386436076
933,False,3,3150,0.791074275970459,1.0542887058996018
934,False,3,3151,0.8202159404754639,1.0663143133833295
935,False,3,3152,0.7773933410644531,1.0068153799289747
936,False,3,3153,0.779444694519043,0.9992286484865915
937,False,3,3154,0.8260869979858398,0.9963412032950493
938,False,3,3155,0.7748684883117676,1.0447498283215932
939,False,3,3156,0.8298327922821045,1.0520794388084185
940,False,3,3157,0.8094065189361572,1.021215889070715
941,False,3,3158,0.7810046672821045,1.0348399430513384
942,False,3,3159,0.8235211372375488,1.012280253782159
943,False,3,3160,0.8017501831054688,1.0133031706015267
944,False,3,3161,0.7944283485412598,0.9813111796975136
945,False,3,3162,0.8148584365844727,0.9897613784386999
946,False,3,3163,0.8144011497497559,0.9701134310591788
947,False,3,3164,0.7449264526367188,1.0287658323844273
948,False,3,3165,0.8519890308380127,1.0264366396835873
949,False,3,3166,0.7699880599975586,1.013900593277954
950,False,3,3167,0.7875030040740967,1.0877998457068492
951,False,3,3168,0.8270456790924072,1.0065516315045808
952,False,3,3169,0.7579388618469238,0.9986051491328647
953,False,3,3170,0.830272912979126,1.0437750610567276
954,False,3,3171,0.8150198459625244,1.0012998715752646
955,False,3,3172,0.766960620880127,1.0002146114905677
956,False,3,3173,0.8129603862762451,1.0457056051208862
957,False,3,3174,0.7946181297302246,1.0073321866137641
958,False,3,3175,0.7536451816558838,1.0404274218848775
959,False,3,3176,0.8342044353485107,1.013159523407618
960,False,3,3177,0.7728960514068604,1.0050049640593075
961,False,3,3178,0.7933578491210938,1.0386543394554233
962,False,3,3179,0.8497369289398193,1.0104930046058838
963,False,3,3180,0.7623136043548584,1.0444740035704203
964,False,3,3181,0.8108291625976562,1.0388036455426894
965,False,3,3182,0.8064587116241455,0.9977993220090866
966,False,3,3183,0.784127950668335,1.0249302678164984
967,False,3,3184,0.8116285800933838,1.0507546528464273
968,False,3,3185,0.7831268310546875,1.0519773761431377
969,False,3,3186,0.7850451469421387,1.0361745790356682
970,False,3,3187,0.8215391635894775,1.0270059186787832
971,False,3,3188,0.7992546558380127,0.9848986981170518
972,False,3,3189,0.7608616352081299,0.985006198464405
973,False,3,3190,0.8595175743103027,0.9740030364621253
974,False,3,3191,0.8039798736572266,0.9877904642905506
975,False,3,3192,0.7857613563537598,1.0117766433173703
976,False,3,3193,0.8194704055786133,0.9999348684435799
977,False,3,3194,0.796736478805542,1.0099404869335038
978,False,3,3195,0.7605562210083008,1.0417725117433638
979,False,3,3196,0.8434827327728271,0.9762297985809191
980,False,3,3197,0.7614293098449707,1.085631602576801
981,False,3,3198,0.8031766414642334,0.977569927062307
982,False,3,3199,0.8252079486846924,1.019884654986007
983,True,3,3200,0.8544328212738037,1.0355524257535025
984,False,3,3201,0.7716119289398193,1.1016684280974522
985,False,3,3202,0.8124332427978516,1.04107361748105
986,False,3,3203,0.7737412452697754,1.0286408889861334
987,False,3,3204,0.8081061840057373,1.0505100517045882
988,False,3,3205,0.821434497833252,1.0058220681690035
989,False,3,3206,0.7561984062194824,1.072131310190473
990,False,3,3207,0.8166627883911133,1.0183644308930353
991,False,3,3208,0.7797491550445557,1.0287048671217192
992,False,3,3209,0.7819576263427734,0.9717555691798527
993,False,3,3210,0.8472380638122559,1.0037988353343237
994,False,3,3211,0.7638556957244873,1.0091666093184835
995,False,3,3212,0.8155872821807861,1.036395108415967
996,False,3,3213,0.8190591335296631,1.0536170857293268
997,False,3,3214,0.8042466640472412,0.9847442270034836
998,False,3,3215,0.7938804626464844,1.0342014999616715
999,False,3,3216,0.8167774677276611,1.06205361052638
1000,False,3,3217,0.7971310615539551,1.0347838486943925
1001,False,3,3218,0.765380859375,1.0612461818825631
1002,False,3,3219,0.8418478965759277,1.0300188632238478
1003,False,3,3220,0.7609555721282959,1.0231676289723033
1004,False,3,3221,0.7985949516296387,1.0662950894662313
1005,False,3,3222,0.8174068927764893,1.0462815857359342
1006,False,3,3223,0.7943620681762695,1.0905355704682216
1007,False,3,3224,0.80995774269104,1.0157984154564992
1008,False,3,3225,0.813539981842041,1.0145757695039115
1009,False,3,3226,0.7912800312042236,1.039250450829665
1010,False,3,3227,0.8306310176849365,1.0319153247844606
1011,False,3,3228,0.8103702068328857,0.9699929803609849
1012,False,3,3229,0.7934143543243408,1.0237251772057443
1013,False,3,3230,0.8227179050445557,1.0001150447697866
1014,False,3,3231,0.7849996089935303,1.0315604479539964
1015,False,3,3232,0.7681765556335449,0.9708986669069244
1016,False,3,3233,0.8229680061340332,0.9952566180200806
1017,False,3,3234,0.7718696594238281,1.0332509147978965
1018,False,3,3235,0.7828216552734375,1.0630515494516917
1019,False,3,3236,0.8263235092163086,1.009560076963334
1020,False,3,3237,0.7632851600646973,0.982235740338053
1021,False,3,3238,0.8352880477905273,0.9845830627850126
1022,False,3,3239,0.8216991424560547,1.0168908213575685
1023,False,3,3240,0.7593612670898438,1.011104795549597
1024,False,3,3241,0.8270111083984375,1.0537664560335023
1025,False,3,3242,0.780339241027832,1.0370419124762216
1026,False,3,3243,0.7728383541107178,1.0313990403498923
1027,False,3,3244,0.8196060657501221,1.045712604763962
1028,False,3,3245,0.7728176116943359,0.9602019510098865
1029,False,3,3246,0.7927713394165039,1.0346849652982892
1030,False,3,3247,0.8312461376190186,1.073887478028025
1031,False,3,3248,0.7873411178588867,0.990545618746962
1032,False,3,3249,0.8114635944366455,1.0499116501637868
1033,False,3,3250,0.8555402755737305,1.0188358390615098
1034,False,3,3251,0.7577831745147705,1.0269355784569467
1035,False,3,3252,0.8393406867980957,0.9990599815334593
1036,False,3,3253,0.8102829456329346,0.9908619608197894
1037,False,3,3254,0.7763323783874512,1.0694683474444207
1038,False,3,3255,0.8208885192871094,1.0413097611495428
1039,False,3,3256,0.7748250961303711,1.0375140955050788
1040,False,3,3257,0.7826015949249268,0.9869922981375739
1041,False,3,3258,0.8205921649932861,0.9996328825751939
1042,False,3,3259,0.7881007194519043,1.044673461289633
1043,False,3,3260,0.78940749168396,0.971254522246974
1044,False,3,3261,0.8477981090545654,1.0394037365913391
1045,False,3,3262,0.7639336585998535,1.035980214320478
1046,False,3,3263,0.8200724124908447,1.0007448643445969
1047,False,3,3264,0.8503303527832031,1.0449969321489334
1048,False,3,3265,0.7996852397918701,1.0665366309029716
1049,False,3,3266,0.7750728130340576,1.056791827792213
1050,False,3,3267,0.8527204990386963,1.0544122049496285
1051,False,3,3268,0.757209062576294,1.0218346306965467
1052,False,3,3269,0.8090264797210693,0.9989340241466249
1053,False,3,3270,0.8287739753723145,1.0178075744992212
1054,False,3,3271,0.7546274662017822,1.0155256489912667
1055,False,3,3272,0.8236360549926758,0.9880437251357804
1056,False,3,3273,0.7979578971862793,0.9772757330820675
1057,False,3,3274,0.7691705226898193,1.05308164869036
1058,False,3,3275,0.818352222442627,1.0177176736650013
1059,False,3,3276,0.7912294864654541,1.0129556364956356
1060,False,3,3277,0.7606866359710693,0.9782011161247887
1061,False,3,3278,0.83486008644104,1.0267439321393057
1062,False,3,3279,0.7730393409729004,1.0462412546787945
1063,False,3,3280,0.7947006225585938,1.02606005469958
1064,False,3,3281,0.8201460838317871,1.0447944033713565
1065,False,3,3282,0.7669363021850586,1.0143892346393495
1066,False,3,3283,0.829479455947876,0.9904518558510713
1067,False,3,3284,0.7882688045501709,0.9942045176313037
1068,False,3,3285,0.7921919822692871,1.00057834032036
1069,False,3,3286,0.8141839504241943,1.0336720468032927
1070,False,3,3287,0.8153543472290039,1.0144449997515907
1071,False,3,3288,0.7891030311584473,1.0314037980777875
1072,False,3,3289,0.8137331008911133,1.0364465152933484
1073,False,3,3290,0.8075549602508545,1.032477293873117
1074,False,3,3291,0.7581493854522705,1.0078559379492487
1075,False,3,3292,0.8469734191894531,0.9500654329146657
1076,False,3,3293,0.772331953048706,0.9762373559531712
1077,False,3,3294,0.7869362831115723,1.0681375706834453
1078,False,3,3295,0.8210713863372803,0.9892187760699362
1079,False,3,3296,0.8024709224700928,1.0589133465573901
1080,False,3,3297,0.7927713394165039,1.0503909900074913
1081,False,3,3298,0.8118212223052979,0.9795443303883075
1082,False,3,3299,0.7826929092407227,1.0199255482071923
1083,True,3,3300,0.8800373077392578,1.0028919201521647
1084,False,3,3301,0.8205618858337402,1.0694595014765151
1085,False,3,3302,0.819831371307373,1.049737381793204
1086,False,3,3303,0.7935729026794434,1.0294185821853932
1087,False,3,3304,0.8137218952178955,1.0691624915315994
1088,False,3,3305,0.8219144344329834,1.0367513540245235
1089,False,3,3306,0.7553644180297852,1.0690251141786575
1090,False,3,3307,0.8556873798370361,1.020663382042022
1091,False,3,3308,0.786644458770752,1.1053295419329692
1092,False,3,3309,0.7893009185791016,1.048358685203961
1093,False,3,3310,0.8279776573181152,1.007188729941845
1094,False,3,3311,0.7665581703186035,1.0095336210160026
1095,False,3,3312,0.7921075820922852,1.0287616274186542
1096,False,3,3313,0.8204846382141113,1.028164879906745
1097,False,3,3314,0.7784855365753174,1.0295487521659759
1098,False,3,3315,0.7936089038848877,1.018707343510219
1099,False,3,3316,0.8359341621398926,1.029845615228017
1100,False,3,3317,0.7596793174743652,1.065866685694172
1101,False,3,3318,0.8248491287231445,0.9482934897144634
1102,False,3,3319,0.8129689693450928,1.0684042289143516
1103,False,3,3320,0.7639484405517578,1.0221191921404431
1104,False,3,3321,0.8321552276611328,0.9735711692344572
1105,False,3,3322,0.7732698917388916,0.9820457327933538
1106,False,3,3323,0.7815647125244141,1.051792098652749
1107,False,3,3324,0.6190063953399658,1.0606084689497948
0,False,4,3325,0.8096339702606201,1.0065496961275735
1,False,4,3326,0.8069353103637695,1.0335121410233634
2,False,4,3327,0.7947947978973389,0.9920695448915162
3,False,4,3328,0.7987558841705322,1.0144151342766625
4,False,4,3329,0.8308365345001221,1.0147995856546221
5,False,4,3330,0.7921402454376221,1.0506045208090826
6,False,4,3331,0.8262012004852295,0.9725483563684283
7,False,4,3332,0.805142879486084,1.0129966941617783
8,False,4,3333,0.7601513862609863,0.9485528142679306
9,False,4,3334,0.8173410892486572,1.029137036984875
10,False,4,3335,0.7821009159088135,1.090521036514214
11,False,4,3336,0.7720034122467041,1.0557403096130917
12,False,4,3337,0.8276214599609375,1.0040007921911418
13,False,4,3338,0.7687520980834961,1.0392794811299868
14,False,4,3339,0.8168940544128418,0.9957499596334638
15,False,4,3340,0.8323249816894531,1.0241619781369256
16,False,4,3341,0.7496163845062256,0.9981757012151538
17,False,4,3342,0.8336338996887207,1.0127620210959796
18,False,4,3343,0.7852358818054199,0.9994032794520968
19,False,4,3344,0.7664203643798828,1.013408628248033
20,False,4,3345,0.8157143592834473,1.075604114858877
21,False,4,3346,0.782935380935669,1.090983950666019
22,False,4,3347,0.7909586429595947,1.0088051969096774
23,False,4,3348,0.8211400508880615,0.9838845949797405
24,False,4,3349,0.7622783184051514,1.0125310605480555
25,False,4,3350,0.8280186653137207,1.0800566591677212
26,False,4,3351,0.8019998073577881,1.0255344094974654
27,False,4,3352,0.7599623203277588,1.007925881161576
28,False,4,3353,0.8265876770019531,0.9758266104119165
29,False,4,3354,0.759774923324585,1.01269819693906
30,False,4,3355,0.8031480312347412,1.0326280700308936
31,False,4,3356,0.8162055015563965,0.939367002319722
32,False,4,3357,0.7860009670257568,1.0570363693294071
33,False,4,3358,0.8049702644348145,1.0267408075077191
34,False,4,3359,0.8243560791015625,1.0686078366069567
35,False,4,3360,0.7617194652557373,1.008678030400049
36,False,4,3361,0.8186478614807129,1.0256533906573342
37,False,4,3362,0.7854030132293701,1.0460671058722903
38,False,4,3363,0.7785446643829346,1.0455474967048282
39,False,4,3364,0.8191535472869873,1.009086059672492
40,False,4,3365,0.7749910354614258,1.069232348175276
41,False,4,3366,0.8299450874328613,0.9812459037417454
42,False,4,3367,0.8261981010437012,0.974103144591763
43,False,4,3368,0.7624161243438721,1.0301437746910822
44,False,4,3369,0.8336217403411865,1.0486263966276532
45,False,4,3370,0.7930333614349365,1.0454682615541278
46,False,4,3371,0.7628588676452637,0.9796009493016058
47,False,4,3372,0.8277444839477539,1.0507277055155664
48,False,4,3373,0.7659800052642822,1.0445603646692776
49,False,4,3374,0.8127057552337646,1.0012036737586771
50,False,4,3375,0.8135857582092285,1.0725004971027374
51,False,4,3376,0.7823841571807861,1.059458152169273
52,False,4,3377,0.8103561401367188,1.042406418582513
53,False,4,3378,0.8037526607513428,1.0284255764314105
54,False,4,3379,0.7987356185913086,1.028641239518211
55,False,4,3380,0.8167335987091064,1.056822236095156
56,False,4,3381,0.8129353523254395,0.9859527282062032
57,False,4,3382,0.7528095245361328,1.0042364228339422
58,False,4,3383,0.8439326286315918,1.0471520211015428
59,False,4,3384,0.770683765411377,1.0264860388068926
60,False,4,3385,0.794213056564331,1.0450779987233028
61,False,4,3386,0.8253574371337891,1.0504305524130662
62,False,4,3387,0.7569470405578613,0.9901142863645442
63,False,4,3388,0.8208231925964355,1.0208591503046809
64,False,4,3389,0.8096275329589844,1.0048541196045422
65,False,4,3390,0.7616207599639893,1.0358852336094493
66,False,4,3391,0.8165750503540039,0.9475536310956592
67,False,4,3392,0.7959799766540527,1.0523213332607635
68,False,4,3393,0.754446268081665,1.0134195681838762
69,False,4,3394,0.8228094577789307,1.0078851254213423
70,False,4,3395,0.7615096569061279,1.006461017898151
71,False,4,3396,0.8074026107788086,1.0208734231335779
72,False,4,3397,0.803335428237915,1.0264320985547133
73,False,4,3398,0.755424976348877,1.119242081684726
74,False,4,3399,0.8314778804779053,1.0029336866878327
75,True,4,3400,0.8569095134735107,0.9914763874950863
76,False,4,3401,0.7707293033599854,1.0301322369348433
77,False,4,3402,0.8173699378967285,1.068641946429298
78,False,4,3403,0.7957420349121094,1.0154930033854077
79,False,4,3404,0.7689766883850098,1.0360407815093087
80,False,4,3405,0.8351233005523682,1.0067519910988354
81,False,4,3406,0.7671089172363281,0.9818753688817933
82,False,4,3407,0.8060610294342041,1.0237470162766322
83,False,4,3408,0.8162496089935303,1.038004321001825
84,False,4,3409,0.7441022396087646,0.9892523849294301
85,False,4,3410,0.8085689544677734,1.0326430868534817
86,False,4,3411,0.7994527816772461,1.055438915533679
87,False,4,3412,0.760296106338501,0.994653824894201
88,False,4,3413,0.827289342880249,1.0669280588626862
89,False,4,3414,0.7687852382659912,1.0478441892635255
90,False,4,3415,0.8035848140716553,1.040574305823871
91,False,4,3416,0.8212070465087891,1.044084778144246
92,False,4,3417,0.760612964630127,0.9879451145728431
93,False,4,3418,0.8276746273040771,1.0579556258661404
94,False,4,3419,0.7937581539154053,1.014528527855873
95,False,4,3420,0.7794961929321289,0.9779795521781558
96,False,4,3421,0.8211376667022705,0.9771146630602224
97,False,4,3422,0.8004028797149658,0.9632764714104788
98,False,4,3423,0.7569372653961182,1.0376832556156883
99,False,4,3424,0.8302044868469238,1.0051734873226712
100,False,4,3425,0.7735276222229004,1.0419989022470655
101,False,4,3426,0.802147626876831,0.9575785900510494
102,False,4,3427,0.8468003273010254,0.9830395118111654
103,False,4,3428,0.7604658603668213,1.0016754681155795
104,False,4,3429,0.8327949047088623,1.020347113410632
105,False,4,3430,0.8181135654449463,0.9994181298783845
106,False,4,3431,0.8019163608551025,0.998600754709471
107,False,4,3432,0.796971321105957,1.0295719057321546
108,False,4,3433,0.8204035758972168,0.9998964277051744
109,False,4,3434,0.781012773513794,1.02648964595227
110,False,4,3435,0.780200719833374,1.0103143662923857
111,False,4,3436,0.8462932109832764,1.0146381936612583
112,False,4,3437,0.7603797912597656,1.0130181653159007
113,False,4,3438,0.814767599105835,0.9547094576770352
114,False,4,3439,0.8141293525695801,0.9845584996399428
115,False,4,3440,0.7884597778320312,0.9860301830229304
116,False,4,3441,0.8145716190338135,1.014351638654868
117,False,4,3442,0.8558876514434814,1.0253640303299543
118,False,4,3443,0.7614359855651855,1.0084171955074583
119,False,4,3444,0.796259880065918,1.0199303829244206
120,False,4,3445,0.8173105716705322,1.0341068023727056
121,False,4,3446,0.7902240753173828,0.9822429205690111
122,False,4,3447,0.8099429607391357,1.0298045348553433
123,False,4,3448,0.8182780742645264,0.9509706525575549
124,False,4,3449,0.7689290046691895,1.0201578182833533
125,False,4,3450,0.8175816535949707,1.0217462721325101
126,False,4,3451,0.8094007968902588,1.103770177988779
127,False,4,3452,0.7553997039794922,1.0499257817864416
128,False,4,3453,0.8103756904602051,0.9816947849023909
129,False,4,3454,0.757054328918457,0.9764932021498679
130,False,4,3455,0.8230776786804199,1.0101115093344732
131,False,4,3456,0.8260252475738525,1.050274203221003
132,False,4,3457,0.760390043258667,1.0284551374969026
133,False,4,3458,0.8332126140594482,1.0497308437313355
134,False,4,3459,0.7875330448150635,0.9919861636701085
135,False,4,3460,0.7693049907684326,0.9886480889150074
136,False,4,3461,0.8232629299163818,1.0310924684717544
137,False,4,3462,0.77488112449646,0.9693244099617004
138,False,4,3463,0.780372142791748,0.992261028360753
139,False,4,3464,0.8275375366210938,1.0082093035536153
140,False,4,3465,0.7733798027038574,1.0174629847918237
141,False,4,3466,0.819833517074585,1.028831160849049
142,False,4,3467,0.8518240451812744,0.9999840344701494
143,False,4,3468,0.7600243091583252,0.9602422540386519
144,False,4,3469,0.8391153812408447,0.9668946947370255
145,False,4,3470,0.8089141845703125,1.017479875258037
146,False,4,3471,0.8016932010650635,1.0479271717014769
147,False,4,3472,0.8177328109741211,0.9938012138009071
148,False,4,3473,0.810877799987793,0.9739131452072234
149,False,4,3474,0.7909483909606934,1.0194689468258904
150,False,4,3475,0.8202338218688965,1.0413345656402053
151,False,4,3476,0.8137929439544678,0.9965038835292771
152,False,4,3477,0.7890651226043701,0.9826628608363015
153,False,4,3478,0.8257007598876953,0.9972532746337708
154,False,4,3479,0.7662181854248047,0.972234348456065
155,False,4,3480,0.7926344871520996,1.027729592507794
156,False,4,3481,0.8178548812866211,0.9831435059507687
157,False,4,3482,0.7743358612060547,1.0286299888754173
158,False,4,3483,0.8109426498413086,0.975932201104505
159,False,4,3484,0.8299016952514648,0.9317325742116995
160,False,4,3485,0.7588627338409424,1.0102305383909316
161,False,4,3486,0.8294401168823242,1.0090396326212656
162,False,4,3487,0.7946734428405762,0.9880600241678101
163,False,4,3488,0.7722883224487305,0.9651985629683449
164,False,4,3489,0.8207612037658691,0.9935944080352784
165,False,4,3490,0.7626380920410156,0.9768002572513763
166,False,4,3491,0.818641185760498,1.0756339991376511
167,False,4,3492,0.8078024387359619,1.028587656361716
168,False,4,3493,0.7808408737182617,1.0585561635948362
169,False,4,3494,0.8193140029907227,1.0193996472018105
170,False,4,3495,0.8034887313842773,0.9996285764943986
171,False,4,3496,0.752770185470581,1.0200530084825699
172,False,4,3497,0.8197555541992188,0.9365242279711223
173,False,4,3498,0.771308183670044,0.9921407474293596
174,False,4,3499,0.8136756420135498,0.9887022950819562
175,True,4,3500,0.936640739440918,0.9554569383284877
176,False,4,3501,0.7662546634674072,0.9887503236532211
177,False,4,3502,0.791041374206543,1.0393315965221042
178,False,4,3503,0.8207628726959229,1.0095954154218942
179,False,4,3504,0.7752819061279297,1.0106254525127865
180,False,4,3505,0.8118765354156494,1.0450545865155403
181,False,4,3506,0.8108716011047363,1.0698181227559136
182,False,4,3507,0.7758991718292236,1.096722404162089
183,False,4,3508,0.8173179626464844,1.05813227381025
184,False,4,3509,0.8126633167266846,1.0330630104456628
185,False,4,3510,0.7530298233032227,1.1019112638064792
186,False,4,3511,0.851738691329956,1.0319504649156614
187,False,4,3512,0.7778122425079346,1.0632475465536118
188,False,4,3513,0.8053786754608154,1.0348247147741771
189,False,4,3514,0.8546833992004395,1.0417029520585421
190,False,4,3515,0.828502893447876,1.0261720575037456
191,False,4,3516,0.7644667625427246,1.0440219513007576
192,False,4,3517,0.849945068359375,1.0291442849806376
193,False,4,3518,0.8037440776824951,0.9783405491283962
194,False,4,3519,0.7618911266326904,1.0778591072275527
195,False,4,3520,0.8336803913116455,1.0000539024670918
196,False,4,3521,0.7634434700012207,1.0603688518915855
197,False,4,3522,0.8032820224761963,1.028421024126666
198,False,4,3523,0.8110833168029785,1.0506440418816747
199,False,4,3524,0.7727088928222656,1.0360301537882715
200,False,4,3525,0.8117823600769043,1.0280051735185438
201,False,4,3526,0.8158383369445801,1.055476187950089
202,False,4,3527,0.7594912052154541,1.0094872606652123
203,False,4,3528,0.8212957382202148,1.0042396719966615
204,False,4,3529,0.7892789840698242,1.0034465023449488
205,False,4,3530,0.7789137363433838,0.991578604139033
206,False,4,3531,0.8367769718170166,1.0595745493968327
207,False,4,3532,0.7646377086639404,1.0397240343902792
208,False,4,3533,0.8111481666564941,0.9836604467460087
209,False,4,3534,0.8165395259857178,1.0753524118945714
210,False,4,3535,0.7871859073638916,0.9875639705430894
211,False,4,3536,0.8163714408874512,1.007494655836906
212,False,4,3537,0.8196170330047607,1.0009369426185175
213,False,4,3538,0.77400803565979,1.016922685894228
214,False,4,3539,0.8182013034820557,1.0218803698108307
215,False,4,3540,0.8256738185882568,1.0401119575614022
216,False,4,3541,0.7629115581512451,1.0732910895631425
217,False,4,3542,0.8360998630523682,0.9925259692328319
218,False,4,3543,0.7980968952178955,1.0021028479649905
219,False,4,3544,0.7674241065979004,0.991556326459561
220,False,4,3545,0.8270151615142822,0.9965901942480179
221,False,4,3546,0.7636632919311523,1.059504902788571
222,False,4,3547,0.8215668201446533,1.0255831692899977
223,False,4,3548,0.8148770332336426,1.029569700360298
224,False,4,3549,0.7867655754089355,0.9740296340591852
225,False,4,3550,0.8369624614715576,0.9877614219273838
226,False,4,3551,0.8151090145111084,1.063179538540897
227,False,4,3552,0.7617182731628418,1.048468190999258
228,False,4,3553,0.8250482082366943,0.9767318855793704
229,False,4,3554,0.7698280811309814,1.01624870300293
230,False,4,3555,0.7870893478393555,1.0101862654444718
231,False,4,3556,0.811124324798584,0.995284663779395
232,False,4,3557,0.7856230735778809,1.000099386842478
233,False,4,3558,0.7993700504302979,0.9858868444959324
234,False,4,3559,0.8263177871704102,0.965643313669023
235,False,4,3560,0.7671759128570557,1.018972933292389
236,False,4,3561,0.8229665756225586,0.9685651619164717
237,False,4,3562,0.8007593154907227,1.0127519039171085
238,False,4,3563,0.7650442123413086,1.0439077537684214
239,False,4,3564,0.8366439342498779,1.0052637642338162
240,False,4,3565,0.7682187557220459,0.9745792290639311
241,False,4,3566,0.7866668701171875,1.0220410257932686
242,False,4,3567,0.8240966796875,1.0433700460763204
243,False,4,3568,0.7793934345245361,1.0087152643217927
244,False,4,3569,0.7920610904693604,0.975081855697291
245,False,4,3570,0.8306915760040283,1.050948699315389
246,False,4,3571,0.8070361614227295,1.010211057694895
247,False,4,3572,0.7908008098602295,0.9520220485116753
248,False,4,3573,0.8555777072906494,1.0346816920098805
249,False,4,3574,0.7612113952636719,0.9813679536538467
250,False,4,3575,0.8138127326965332,0.9997500936899866
251,False,4,3576,0.8095784187316895,1.03380705061413
252,False,4,3577,0.78456711769104,1.0097513741680555
253,False,4,3578,0.818016529083252,0.9762538355730829
254,False,4,3579,0.79781174659729,0.9911489013050283
255,False,4,3580,0.766380786895752,1.0259577323283466
256,False,4,3581,0.8300917148590088,1.0221358303512844
257,False,4,3582,0.7907426357269287,1.0373956901686532
258,False,4,3583,0.7682414054870605,0.989278870856478
259,False,4,3584,0.8451485633850098,1.0068488319714866
260,False,4,3585,0.7614798545837402,1.0125101896978557
261,False,4,3586,0.8117234706878662,1.0498737430288676
262,False,4,3587,0.8525457382202148,0.9651392059666769
263,False,4,3588,0.7930560111999512,0.982596291495221
264,False,4,3589,0.7723712921142578,0.9786345430073283
265,False,4,3590,0.8404490947723389,1.039885300255957
266,False,4,3591,0.7629196643829346,1.056052611697288
267,False,4,3592,0.8106088638305664,1.0344520686637786
268,False,4,3593,0.8271331787109375,1.0039907119103837
269,False,4,3594,0.7568206787109375,1.0317277475481943
270,False,4,3595,0.8336548805236816,0.9756730120806469
271,False,4,3596,0.797039270401001,1.0655397712474777
272,False,4,3597,0.7666115760803223,0.9571331948751493
273,False,4,3598,0.8175406455993652,0.9952154618111394
274,False,4,3599,0.8407058715820312,1.0149850616497653
275,True,4,3600,0.9753439426422119,0.9915867153377761
276,False,4,3601,0.8656630516052246,0.9914138529981886
277,False,4,3602,0.8826920986175537,1.0660985835960932
278,False,4,3603,0.8713786602020264,1.0131204142456962
279,False,4,3604,0.8968238830566406,1.0529699616488957
280,False,4,3605,0.8764445781707764,0.9818092299004393
281,False,4,3606,0.8670778274536133,1.0107034253222602
282,False,4,3607,0.8860197067260742,1.0248339257779575
283,False,4,3608,0.8682084083557129,1.0025926246529535
284,False,4,3609,0.8630669116973877,0.9580780147087006
285,False,4,3610,0.8866877555847168,1.0660098571152914
286,False,4,3611,0.8607237339019775,1.0335804479462758
287,False,4,3612,0.8868732452392578,1.0335795517478672
288,False,4,3613,0.8803470134735107,1.0180390243019375
289,False,4,3614,0.8518970012664795,1.017688924003215
290,False,4,3615,0.8747456073760986,1.0214580254895345
291,False,4,3616,0.8737235069274902,1.0762521606825646
292,False,4,3617,0.8786709308624268,1.005740130941073
293,False,4,3618,0.8737108707427979,1.0077855750208808
294,False,4,3619,0.8878262042999268,1.0062238737231206
295,False,4,3620,0.8845069408416748,1.020153744589715
296,False,4,3621,0.8881826400756836,0.9548854888195084
297,False,4,3622,0.877582311630249,1.0102457035155525
298,False,4,3623,0.8636627197265625,0.9965930084387461
299,False,4,3624,0.8871634006500244,1.059532024321102
300,False,4,3625,0.8589732646942139,1.04108907637142
301,False,4,3626,0.8775527477264404,1.0400300614890596
302,False,4,3627,0.8847432136535645,1.0024494223651432
303,False,4,3628,0.8635423183441162,0.9782355555466243
304,False,4,3629,0.8907890319824219,1.0122012134109226
305,False,4,3630,0.8711056709289551,1.0236329957842827
306,False,4,3631,0.8838529586791992,1.002049136374678
307,False,4,3632,0.8777778148651123,1.0443943543803123
308,False,4,3633,0.8656587600708008,0.9941232417310987
309,False,4,3634,0.8870317935943604,1.0378586486691521
310,False,4,3635,0.8596699237823486,1.0245181556258882
311,False,4,3636,0.8715429306030273,0.9781369112786794
312,False,4,3637,0.882875919342041,1.006080008688427
313,False,4,3638,0.8588635921478271,0.9888017008169776
314,False,4,3639,0.8871314525604248,0.9826518446207049
315,False,4,3640,0.8733553886413574,1.0352139197999524
316,False,4,3641,0.8591487407684326,0.9903989363284338
317,False,4,3642,0.8840959072113037,0.9862553411651226
318,False,4,3643,0.8621687889099121,1.0182774790695732
319,False,4,3644,0.8725419044494629,0.9515873591105142
320,False,4,3645,0.884453296661377,1.0071817416520346
321,False,4,3646,0.8641552925109863,1.149782134663491
322,False,4,3647,0.8720943927764893,1.007268049177669
323,False,4,3648,0.8651795387268066,1.0393939330464317
324,False,4,3649,0.8911764621734619,1.0247906655782746
325,False,4,3650,0.8833305835723877,0.9615266053449539
326,False,4,3651,0.8747332096099854,1.0060268596169497
327,False,4,3652,0.8886713981628418,0.9507379052894456
328,False,4,3653,0.863654375076294,1.041682914609001
329,False,4,3654,0.8937530517578125,1.0168659612536433
330,False,4,3655,0.8813025951385498,0.9927068420109296
331,False,4,3656,0.8684544563293457,1.0104995955313956
332,False,4,3657,0.8709967136383057,0.9745331236294338
333,False,4,3658,0.8862099647521973,0.9942698645449821
334,False,4,3659,0.8870904445648193,0.9749416936011541
335,False,4,3660,0.8669102191925049,1.0416871146077202
336,False,4,3661,0.881479024887085,1.0452108915363039
337,False,4,3662,0.8709573745727539,0.9868986747626746
338,False,4,3663,0.8807535171508789,1.026552037823768
339,False,4,3664,0.8823552131652832,1.0416121326741719
340,False,4,3665,0.8714940547943115,1.0293773455279214
341,False,4,3666,0.8743550777435303,1.0347419240999791
342,False,4,3667,0.7743871212005615,1.0280932596042045
343,False,4,3668,0.8005039691925049,1.0267224922066644
344,False,4,3669,0.8139438629150391,1.0110854981910615
345,False,4,3670,0.8135271072387695,1.0445812702888533
346,False,4,3671,0.7700088024139404,0.9719148852995464
347,False,4,3672,0.828615665435791,0.9902101453571092
348,False,4,3673,0.8109941482543945,0.9845441757213501
349,False,4,3674,0.7583494186401367,1.0647590430009934
350,False,4,3675,0.8321349620819092,1.0360268556645937
351,False,4,3676,0.771867036819458,1.032723708521752
352,False,4,3677,0.7934825420379639,1.0258181457895608
353,False,4,3678,0.8239438533782959,0.9915115593799522
354,False,4,3679,0.7609243392944336,0.9825423100874539
355,False,4,3680,0.8290228843688965,1.0157992901901403
356,False,4,3681,0.8001110553741455,1.02225015489828
357,False,4,3682,0.7805447578430176,0.9983783924863452
358,False,4,3683,0.824838399887085,1.0457661173173356
359,False,4,3684,0.7989375591278076,1.0497527172168095
360,False,4,3685,0.7566273212432861,1.0007308639940762
361,False,4,3686,0.8310396671295166,1.0406807966175533
362,False,4,3687,0.7611072063446045,0.9623614297736259
363,False,4,3688,0.8140959739685059,1.0338319479709581
364,False,4,3689,0.8170478343963623,1.008990409917065
365,False,4,3690,0.7549960613250732,1.0823576556784766
366,False,4,3691,0.8293251991271973,1.0483334440560568
367,False,4,3692,0.7861630916595459,1.0264747756577675
368,False,4,3693,0.7681949138641357,0.9865347015715781
369,False,4,3694,0.8375029563903809,0.9810412221011662
370,False,4,3695,0.7808330059051514,1.0334136298015004
371,False,4,3696,0.8009228706359863,1.0828952768019269
372,False,4,3697,0.8358886241912842,1.0699085281008767
373,False,4,3698,0.7647724151611328,1.088245391136124
374,False,4,3699,0.8460228443145752,1.01849394539992
375,True,4,3700,0.8970284461975098,0.9221176013705277
376,False,4,3701,0.807518482208252,0.9448509862025577
377,False,4,3702,0.789792537689209,1.0226064643689563
378,False,4,3703,0.8198850154876709,1.0015881561807225
379,False,4,3704,0.7838377952575684,0.9977796308341481
380,False,4,3705,0.7768456935882568,1.0181127790184248
381,False,4,3706,0.8322243690490723,1.0448977046069645
382,False,4,3707,0.7653474807739258,0.9560357843126571
383,False,4,3708,0.8129868507385254,0.9944051284165609
384,False,4,3709,0.8307650089263916,1.0437059714680628
385,False,4,3710,0.759260892868042,1.0056175405070895
386,False,4,3711,0.8312757015228271,1.0354698910599665
387,False,4,3712,0.8018698692321777,1.0899591453018642
388,False,4,3713,0.7712509632110596,1.0045379343486966
389,False,4,3714,0.8184788227081299,1.0722668610868
390,False,4,3715,0.7917659282684326,1.0062289713394073
391,False,4,3716,0.7602224349975586,1.0427190285353434
392,False,4,3717,0.8378756046295166,1.0047407710836052
393,False,4,3718,0.7685132026672363,1.0230674601736522
394,False,4,3719,0.8064024448394775,1.0271094523015476
395,False,4,3720,0.8147852420806885,1.0450873665866396
396,False,4,3721,0.7658929824829102,1.0045237243175509
397,False,4,3722,0.8295345306396484,0.9730110313920749
398,False,4,3723,0.7858986854553223,1.0501626002646631
399,False,4,3724,0.7696897983551025,0.991738223249004
400,False,4,3725,0.8209600448608398,0.9964110113325575
401,False,4,3726,0.778447151184082,1.0105413099129994
402,False,4,3727,0.7983062267303467,1.0325508046717868
403,False,4,3728,0.8210229873657227,1.0213114214794974
404,False,4,3729,0.7602932453155518,1.0011694465009942
405,False,4,3730,0.826857328414917,1.0067879511486915
406,False,4,3731,0.7972695827484131,1.0035946716864903
407,False,4,3732,0.7635667324066162,0.9795129708945751
408,False,4,3733,0.8149704933166504,1.0326814992087228
409,False,4,3734,0.7726433277130127,1.0594038186328751
410,False,4,3735,0.7856757640838623,0.9903746445973717
411,False,4,3736,0.8223733901977539,0.9945790118404797
412,False,4,3737,0.7603836059570312,0.955039490546499
413,False,4,3738,0.8293337821960449,1.0205073839142207
414,False,4,3739,0.8222501277923584,1.0241766660695983
415,False,4,3740,0.7534842491149902,0.9768463371410255
416,False,4,3741,0.8334283828735352,0.962280341557094
417,False,4,3742,0.7797689437866211,1.0318327063605899
418,False,4,3743,0.7771773338317871,0.9875320944757687
419,False,4,3744,0.818648099899292,1.0560104995965958
420,False,4,3745,0.7778732776641846,0.9998005912417457
421,False,4,3746,0.7875030040740967,0.9737630447461492
422,False,4,3747,0.827000617980957,1.0012089113394418
423,False,4,3748,0.7735660076141357,1.0213904600767862
424,False,4,3749,0.8155660629272461,0.9746990203857421
425,False,4,3750,0.8329496383666992,0.9996124147659257
426,False,4,3751,0.7577304840087891,0.970220517899309
427,False,4,3752,0.8499233722686768,0.9967722424439022
428,False,4,3753,0.8012697696685791,1.016298098933129
429,False,4,3754,0.7941968441009521,0.9711972954904751
430,False,4,3755,0.8298444747924805,1.0591288631161055
431,False,4,3756,0.7784805297851562,1.0702959419715974
432,False,4,3757,0.7697522640228271,1.0079169819752374
433,False,4,3758,0.8208212852478027,0.999967388099148
434,False,4,3759,0.7887649536132812,0.9933057168409939
435,False,4,3760,0.7784526348114014,1.026267654129437
436,False,4,3761,0.8536295890808105,0.9876782124241195
437,False,4,3762,0.7621400356292725,0.9250616271580966
438,False,4,3763,0.8168599605560303,1.0148758668275106
439,False,4,3764,0.8443515300750732,1.0484467854812034
440,False,4,3765,0.8028209209442139,0.937981345823833
441,False,4,3766,0.7722830772399902,0.9951001739218123
442,False,4,3767,0.8570318222045898,0.9284052318405537
443,False,4,3768,0.7658860683441162,0.9946000827919869
444,False,4,3769,0.8016231060028076,1.0047679885867098
445,False,4,3770,0.8237969875335693,1.0152431112669762
446,False,4,3771,0.7586278915405273,1.00719905006034
447,False,4,3772,0.8228425979614258,1.0261037502260435
448,False,4,3773,0.8121638298034668,0.97030858730986
449,False,4,3774,0.7754943370819092,1.0152187439657392
450,False,4,3775,0.8240668773651123,1.0090637359590757
451,False,4,3776,0.8136365413665771,1.0128279516384715
452,False,4,3777,0.7690854072570801,1.0570209888475282
453,False,4,3778,0.8141219615936279,1.000534431210586
454,False,4,3779,0.8042867183685303,1.0068399844070275
455,False,4,3780,0.7583696842193604,0.9651098194576446
456,False,4,3781,0.8575937747955322,0.9955641382506916
457,False,4,3782,0.7728099822998047,1.0128277973050164
458,False,4,3783,0.8047671318054199,1.0280432589352129
459,False,4,3784,0.8269703388214111,0.978421830705234
460,False,4,3785,0.7842826843261719,0.9924479437371095
461,False,4,3786,0.783677339553833,0.9825444666757469
462,False,4,3787,0.8219301700592041,0.942600542679429
463,False,4,3788,0.7700011730194092,0.9756483038266501
464,False,4,3789,0.7981152534484863,1.0173988677561283
465,False,4,3790,0.8220043182373047,0.998107787399065
466,False,4,3791,0.7595710754394531,1.015880649288495
467,False,4,3792,0.8271048069000244,0.9991689785605384
468,False,4,3793,0.7951641082763672,0.976185753941536
469,False,4,3794,0.7628748416900635,0.9635693218026843
470,False,4,3795,0.8392930030822754,0.9307862312666008
471,False,4,3796,0.7623236179351807,0.9959623412716957
472,False,4,3797,0.8088300228118896,1.0136434748059227
473,False,4,3798,0.8152971267700195,1.0222810031402676
474,False,4,3799,0.7859823703765869,0.9781883995802628
475,True,4,3800,0.8739972114562988,0.9651322229987098
476,False,4,3801,0.8194270133972168,1.0818786110196796
477,False,4,3802,0.7896018028259277,1.0549046120473318
478,False,4,3803,0.8028435707092285,1.0724423336131232
479,False,4,3804,0.8201255798339844,1.0499209193956283
480,False,4,3805,0.7728290557861328,0.960482989748319
481,False,4,3806,0.820070743560791,1.0428922144430024
482,False,4,3807,0.8262507915496826,1.0311671229345458
483,False,4,3808,0.763092041015625,0.9668120181276684
484,False,4,3809,0.8354547023773193,1.0689630600668134
485,False,4,3810,0.7988486289978027,1.0253727975345794
486,False,4,3811,0.7650570869445801,1.0100681363117128
487,False,4,3812,0.8272130489349365,0.9822699260853586
488,False,4,3813,0.7633421421051025,1.0299839760575975
489,False,4,3814,0.8168234825134277,1.0492915206012272
490,False,4,3815,0.81369948387146,1.0496822670102117
491,False,4,3816,0.7820572853088379,1.0037276840635707
492,False,4,3817,0.8204145431518555,1.057202873485429
493,False,4,3818,0.8171999454498291,1.0159650416601271
494,False,4,3819,0.7670869827270508,1.0396264926308678
495,False,4,3820,0.8196887969970703,0.9834485171096664
496,False,4,3821,0.792550802230835,0.9802275229068032
497,False,4,3822,0.7607624530792236,1.0505229447569167
498,False,4,3823,0.8328046798706055,1.0191328175188532
499,False,4,3824,0.7620790004730225,1.1047272575753078
500,False,4,3825,0.8098640441894531,1.0082550396521885
501,False,4,3826,0.8138511180877686,1.0710466085445312
502,False,4,3827,0.7607731819152832,0.9922201134974049
503,False,4,3828,0.832188606262207,1.0561566349296345
504,False,4,3829,0.7810842990875244,0.9695241582535564
505,False,4,3830,0.7740685939788818,1.0066828770296914
506,False,4,3831,0.8180153369903564,1.0022331866480054
507,False,4,3832,0.7749955654144287,1.0642324735720952
508,False,4,3833,0.7948782444000244,0.986294673312278
509,False,4,3834,0.8334794044494629,1.0250855627514066
510,False,4,3835,0.7664530277252197,1.0220743953472091
511,False,4,3836,0.8306527137756348,0.9793780655378386
512,False,4,3837,0.8276984691619873,0.9572854010122164
513,False,4,3838,0.7804994583129883,1.0212846456893852
514,False,4,3839,0.8195755481719971,1.0286835169508346
515,False,4,3840,0.7968251705169678,0.9968608915805814
516,False,4,3841,0.7600252628326416,1.0183115033876327
517,False,4,3842,0.8376595973968506,0.9942023571403252
518,False,4,3843,0.7767925262451172,0.9539645104890778
519,False,4,3844,0.7837817668914795,1.070777656421775
520,False,4,3845,0.8341720104217529,0.9816446396566572
521,False,4,3846,0.759331226348877,1.013320091224852
522,False,4,3847,0.8148717880249023,0.9848552076589495
523,False,4,3848,0.8046891689300537,1.0142167891774858
524,False,4,3849,0.7759239673614502,1.02632337808609
525,False,4,3850,0.8141858577728271,1.0212690287402697
526,False,4,3851,0.79929518699646,0.996719765521231
527,False,4,3852,0.7564728260040283,0.995504298380443
528,False,4,3853,0.8317985534667969,1.0072676933237483
529,False,4,3854,0.7723784446716309,1.0130381215186348
530,False,4,3855,0.7996628284454346,0.9699153025590238
531,False,4,3856,0.8439478874206543,0.9602973697086177
532,False,4,3857,0.7584624290466309,0.9823521006674995
533,False,4,3858,0.8422436714172363,1.0410194439547402
534,False,4,3859,0.8096344470977783,0.9179847706109285
535,False,4,3860,0.7966275215148926,1.0113334854443867
536,False,4,3861,0.8291616439819336,0.9884827754327229
537,False,4,3862,0.8113679885864258,1.0261684897400085
538,False,4,3863,0.7684845924377441,1.0438234238397508
539,False,4,3864,0.8218982219696045,0.9985937940932453
540,False,4,3865,0.7962310314178467,1.0689616499557382
541,False,4,3866,0.760627031326294,0.9356120281985827
542,False,4,3867,0.8346128463745117,1.0001148255098435
543,False,4,3868,0.7592668533325195,1.0296223798678037
544,False,4,3869,0.8012146949768066,0.9769238907666435
545,False,4,3870,0.8159077167510986,1.006485328787849
546,False,4,3871,0.7743995189666748,1.0790411436132021
547,False,4,3872,0.8296027183532715,1.036264349307333
548,False,4,3873,0.8206238746643066,1.0454546759525936
549,False,4,3874,0.7552647590637207,0.9784322043969518
550,False,4,3875,0.8330402374267578,0.9810160253019561
551,False,4,3876,0.7660696506500244,1.0480334994693599
552,False,4,3877,0.7954435348510742,1.0298161535036
553,False,4,3878,0.8255777359008789,1.0135196418989272
554,False,4,3879,0.7616312503814697,1.0431018194981982
555,False,4,3880,0.8249974250793457,1.0003061979299501
556,False,4,3881,0.8038318157196045,0.9592253228738195
557,False,4,3882,0.7699809074401855,0.9964877711165518
558,False,4,3883,0.8228495121002197,0.995519716824804
559,False,4,3884,0.7904558181762695,1.0006349221581505
560,False,4,3885,0.7919561862945557,0.9828628099390437
561,False,4,3886,0.8233292102813721,1.0040123398814884
562,False,4,3887,0.7909493446350098,0.9657906389662196
563,False,4,3888,0.7746264934539795,1.0278629518690563
564,False,4,3889,0.8407497406005859,0.9906416480385122
565,False,4,3890,0.7619857788085938,1.037212073802948
566,False,4,3891,0.8189389705657959,1.0950689053251628
567,False,4,3892,0.8284256458282471,0.9753900222657692
568,False,4,3893,0.7594597339630127,0.981571882608391
569,False,4,3894,0.8282949924468994,0.9995594436214086
570,False,4,3895,0.8000209331512451,0.9643674517671267
571,False,4,3896,0.7654244899749756,1.0521836738501278
572,False,4,3897,0.819007158279419,0.9865904067243847
573,False,4,3898,0.7873790264129639,0.9446122570052036
574,False,4,3899,0.7705776691436768,1.0434525601920628
575,True,4,3900,0.9235777854919434,0.9368232250923202
576,False,4,3901,0.805164098739624,1.063513290314447
577,False,4,3902,0.7684528827667236,1.0177528475012099
578,False,4,3903,0.8357410430908203,0.9806976630574181
579,False,4,3904,0.7790098190307617,1.0609715417737053
580,False,4,3905,0.7736880779266357,1.0516890450602485
581,False,4,3906,0.8216428756713867,1.0604100007386437
582,False,4,3907,0.7784655094146729,0.9689423583802722
583,False,4,3908,0.7882511615753174,1.0358187056013515
584,False,4,3909,0.8352835178375244,1.001229068707852
585,False,4,3910,0.7779626846313477,1.0122919838343347
586,False,4,3911,0.8253049850463867,0.9957849124357814
587,False,4,3912,0.8059484958648682,0.9967890495345706
588,False,4,3913,0.7700228691101074,0.979747372723761
589,False,4,3914,0.8210124969482422,1.0636039014373506
590,False,4,3915,0.799609899520874,1.0023240574768613
591,False,4,3916,0.7610468864440918,0.9952157143326033
592,False,4,3917,0.8326716423034668,1.016181363591126
593,False,4,3918,0.7658464908599854,0.9484630464797928
594,False,4,3919,0.7999675273895264,1.0626176247994106
595,False,4,3920,0.8302533626556396,0.9997916313863935
596,False,4,3921,0.7629005908966064,0.9802876671864874
597,False,4,3922,0.8389191627502441,1.0191054617365203
598,False,4,3923,0.8092031478881836,1.0170224333802858
599,False,4,3924,0.7803511619567871,0.9890938621191752
600,False,4,3925,0.8168952465057373,1.0118742351021086
601,False,4,3926,0.7973248958587646,0.9749225679607619
602,False,4,3927,0.7665197849273682,1.0315611596618381
603,False,4,3928,0.8191647529602051,1.0865018743844261
604,False,4,3929,0.7800581455230713,0.9733501775633723
605,False,4,3930,0.7755203247070312,0.9618700710790498
606,False,4,3931,0.8322608470916748,0.9655612689398586
607,False,4,3932,0.7628107070922852,1.0271195375493596
608,False,4,3933,0.8096778392791748,0.9537776105460665
609,False,4,3934,0.8226468563079834,1.016308519102278
610,False,4,3935,0.7661328315734863,0.9964919217995238
611,False,4,3936,0.8315639495849609,0.9929589340019795
612,False,4,3937,0.8057541847229004,1.0243305613597236
613,False,4,3938,0.7730400562286377,0.9562719396892048
614,False,4,3939,0.8157312870025635,1.0372656406391234
615,False,4,3940,0.7982268333435059,1.0193097101790562
616,False,4,3941,0.7553517818450928,1.0238006421852681
617,False,4,3942,0.8337216377258301,1.0258466714904422
618,False,4,3943,0.7613484859466553,0.9877038672566414
619,False,4,3944,0.8062119483947754,0.9968831049544472
620,False,4,3945,0.8285892009735107,0.9710204697081021
621,False,4,3946,0.7618954181671143,0.9978349780042967
622,False,4,3947,0.8319480419158936,0.9887089601584843
623,False,4,3948,0.8088445663452148,0.9987743936833879
624,False,4,3949,0.7628457546234131,0.9722603908074755
625,False,4,3950,0.8278465270996094,1.0766809653668177
626,False,4,3951,0.7734386920928955,0.9708689838825236
627,False,4,3952,0.7913756370544434,0.9799327580701737
628,False,4,3953,0.8243544101715088,0.938919850314657
629,False,4,3954,0.7651634216308594,0.9975329907167526
630,False,4,3955,0.8281168937683105,0.991028084641411
631,False,4,3956,0.7990226745605469,0.9633505809165183
632,False,4,3957,0.7780437469482422,1.019118439051367
633,False,4,3958,0.8172814846038818,0.9826981006633667
634,False,4,3959,0.7953441143035889,0.9737511635536238
635,False,4,3960,0.7962274551391602,1.0255252103365602
636,False,4,3961,0.815436601638794,0.9859974494292623
637,False,4,3962,0.8023049831390381,0.9949497711800395
638,False,4,3963,0.7573080062866211,0.9469284255589757
639,False,4,3964,0.8539483547210693,1.0058873114841322
640,False,4,3965,0.7723937034606934,1.000117880247888
641,False,4,3966,0.78904128074646,0.9685046814736866
642,False,4,3967,0.8346192836761475,0.9854805796806302
643,False,4,3968,0.762568473815918,1.0376772915146182
644,False,4,3969,0.8171076774597168,0.9299314465551151
645,False,4,3970,0.8071088790893555,1.015838011389687
646,False,4,3971,0.7730443477630615,1.0293586371200425
647,False,4,3972,0.8173336982727051,0.9246651464629739
648,False,4,3973,0.811992883682251,0.97439507838516
649,False,4,3974,0.7628073692321777,1.0210838023395765
650,False,4,3975,0.8352611064910889,1.0624609586028826
651,False,4,3976,0.7692482471466064,1.0273139590308782
652,False,4,3977,0.7927274703979492,1.0269617754079048
653,False,4,3978,0.820014476776123,0.9826741374674296
654,False,4,3979,0.7634012699127197,1.0074054946502051
655,False,4,3980,0.8246667385101318,0.9566607627840268
656,False,4,3981,0.8027825355529785,1.0160497703722544
657,False,4,3982,0.7815732955932617,1.0190228802107626
658,False,4,3983,0.8382375240325928,1.011859707889103
659,False,4,3984,0.7908363342285156,0.989069503687677
660,False,4,3985,0.7703514099121094,0.9999790647554965
661,False,4,3986,0.8253390789031982,0.9997492957682839
662,False,4,3987,0.7586812973022461,1.0199586011114576
663,False,4,3988,0.8200197219848633,1.0042984315327235
664,False,4,3989,0.8042469024658203,0.9852388802738415
665,False,4,3990,0.7666020393371582,1.0176978281566074
666,False,4,3991,0.821352481842041,0.9973092425082412
667,False,4,3992,0.7902305126190186,1.0379323263963065
668,False,4,3993,0.7657346725463867,0.9549599465514933
669,False,4,3994,0.8370275497436523,0.9632400107525642
670,False,4,3995,0.7783148288726807,1.0073853333791096
671,False,4,3996,0.7998430728912354,1.0109670655358405
672,False,4,3997,0.8480348587036133,1.013938270509243
673,False,4,3998,0.7706382274627686,1.0583981105259488
674,False,4,3999,0.8192226886749268,0.9854108130648024
675,True,4,4000,0.9169645309448242,0.9805725862582527
676,False,4,4001,0.7759954929351807,1.0331528584162393
677,False,4,4002,0.7756457328796387,1.0403014864949953
678,False,4,4003,0.8188543319702148,1.0176941397644224
679,False,4,4004,0.778984785079956,1.0141821077891757
680,False,4,4005,0.7856860160827637,1.0141359950814928
681,False,4,4006,0.829132080078125,1.0074238862310136
682,False,4,4007,0.7600598335266113,1.0726072364265011
683,False,4,4008,0.8211984634399414,1.0069381747217403
684,False,4,4009,0.8092837333679199,1.0027843639254568
685,False,4,4010,0.7549879550933838,1.0532019791148959
686,False,4,4011,0.8301575183868408,0.9739984770615895
687,False,4,4012,0.7643766403198242,1.0714523841937384
688,False,4,4013,0.7968590259552002,1.0319411797182905
689,False,4,4014,0.81667160987854,1.0256203895523435
690,False,4,4015,0.7762107849121094,1.0116953619179272
691,False,4,4016,0.8194568157196045,1.031186847814492
692,False,4,4017,0.8248822689056396,1.0275073846181233
693,False,4,4018,0.757274866104126,1.0271137732835045
694,False,4,4019,0.8293609619140625,0.9797116535760109
695,False,4,4020,0.7789762020111084,0.9770518761305581
696,False,4,4021,0.7936434745788574,0.9862335125605263
697,False,4,4022,0.8157646656036377,1.0567506867505254
698,False,4,4023,0.7726888656616211,0.9632134373698915
699,False,4,4024,0.8064765930175781,1.0341179580205961
700,False,4,4025,0.8249285221099854,0.9315911726582619
701,False,4,4026,0.7684290409088135,0.9749777820848283
702,False,4,4027,0.8245389461517334,1.0216254801267672
703,False,4,4028,0.8045921325683594,1.0005815366194362
704,False,4,4029,0.7545044422149658,0.9962723193069296
705,False,4,4030,0.837684154510498,0.9976234138011931
706,False,4,4031,0.7665860652923584,0.9892069768337974
707,False,4,4032,0.7976436614990234,1.034257708206063
708,False,4,4033,0.8152987957000732,0.9597603522595906
709,False,4,4034,0.7802250385284424,1.0295580334606627
710,False,4,4035,0.807440996170044,0.9847754534511337
711,False,4,4036,0.8228931427001953,0.9739077080573354
712,False,4,4037,0.8010120391845703,0.9741612555725234
713,False,4,4038,0.8204898834228516,1.022427575219245
714,False,4,4039,0.8383195400238037,0.9938272693682286
715,False,4,4040,0.7593343257904053,1.0392507357256755
716,False,4,4041,0.8422572612762451,1.0056739453048933
717,False,4,4042,0.803135871887207,1.0483300964392368
718,False,4,4043,0.7604308128356934,1.0064482447646914
719,False,4,4044,0.8348479270935059,1.0334704021612804
720,False,4,4045,0.7596042156219482,1.0277120300701685
721,False,4,4046,0.7988040447235107,0.9895042340670314
722,False,4,4047,0.8128092288970947,0.9674458060236203
723,False,4,4048,0.7761788368225098,0.9971771108962241
724,False,4,4049,0.8136868476867676,1.0193880995114644
725,False,4,4050,0.8220643997192383,0.9412491683449065
726,False,4,4051,0.765587568283081,1.0114274505703222
727,False,4,4052,0.8367626667022705,0.9670633897185327
728,False,4,4053,0.7877697944641113,0.9690008399387203
729,False,4,4054,0.7752845287322998,1.0013313101870673
730,False,4,4055,0.8322381973266602,0.9618253785939442
731,False,4,4056,0.7647254467010498,0.987491704878353
732,False,4,4057,0.8294107913970947,0.9864786824300177
733,False,4,4058,0.8294930458068848,0.9842718901733555
734,False,4,4059,0.7552127838134766,1.0045470751467205
735,False,4,4060,0.8273794651031494,0.9660099113271351
736,False,4,4061,0.7972407341003418,0.9897439071819895
737,False,4,4062,0.7581000328063965,1.0322667828627996
738,False,4,4063,0.8347573280334473,0.960305269984972
739,False,4,4064,0.7601256370544434,0.9705259579987752
740,False,4,4065,0.8022136688232422,1.008040841846239
741,False,4,4066,0.8101277351379395,1.011715435556003
742,False,4,4067,0.773521900177002,0.9878402526179948
743,False,4,4068,0.816763162612915,0.9955851017009644
744,False,4,4069,0.814385175704956,0.9880146419718152
745,False,4,4070,0.7976279258728027,0.9706113849367415
746,False,4,4071,0.8234546184539795,0.9514073172495479
747,False,4,4072,0.8220102787017822,1.011053094551677
748,False,4,4073,0.7576334476470947,0.9579910444361823
749,False,4,4074,0.8432269096374512,1.0300393643833343
750,False,4,4075,0.7831974029541016,1.0967757105827332
751,False,4,4076,0.771275520324707,0.9809237001907258
752,False,4,4077,0.8366670608520508,0.9765482381695795
753,False,4,4078,0.762352466583252,0.9755317653928485
754,False,4,4079,0.8118617534637451,0.9597195113698642
755,False,4,4080,0.8094217777252197,1.0208303240083512
756,False,4,4081,0.77854323387146,1.0529527344873972
757,False,4,4082,0.8174993991851807,0.9489102947215238
758,False,4,4083,0.8152647018432617,0.938863502371879
759,False,4,4084,0.7613885402679443,0.9308798199608211
760,False,4,4085,0.8318612575531006,1.0254374267089934
761,False,4,4086,0.790879487991333,1.0061994996808825
762,False,4,4087,0.7640376091003418,0.9302228152574527
763,False,4,4088,0.8302717208862305,0.9307801216131165
764,False,4,4089,0.7592999935150146,0.9168286545290837
765,False,4,4090,0.8118720054626465,1.0160162693687849
766,False,4,4091,0.8179600238800049,0.9772551137776602
767,False,4,4092,0.7866799831390381,1.013146150591118
768,False,4,4093,0.8239412307739258,0.9507164184358857
769,False,4,4094,0.8134562969207764,0.9574305571260907
770,False,4,4095,0.7633817195892334,0.9938141689414068
771,False,4,4096,0.8317253589630127,1.0046835570108323
772,False,4,4097,0.7677459716796875,0.9671739380629291
773,False,4,4098,0.7854387760162354,1.0023061764382182
774,False,4,4099,0.8137547969818115,0.9606011228724606
775,True,4,4100,0.8656902313232422,0.9623635624136244
776,False,4,4101,0.7560875415802002,1.0605955329679309
777,False,4,4102,0.8347439765930176,1.03361933359078
778,False,4,4103,0.7661890983581543,1.043113954010464
779,False,4,4104,0.7975437641143799,1.0538229928130196
780,False,4,4105,0.8281443119049072,1.0273551096518831
781,False,4,4106,0.7661621570587158,1.04136019661313
782,False,4,4107,0.8285009860992432,1.009048660596212
783,False,4,4108,0.7989983558654785,0.979608751833439
784,False,4,4109,0.7768793106079102,1.0576446652412415
785,False,4,4110,0.8028354644775391,1.0261918327638078
786,False,4,4111,0.7705957889556885,1.0167305930739357
787,False,4,4112,0.793612003326416,1.0307114511018707
788,False,4,4113,0.8256025314331055,1.0654484154213042
789,False,4,4114,0.775092601776123,1.0104002523280324
790,False,4,4115,0.8079407215118408,0.9909592710790182
791,False,4,4116,0.8274490833282471,1.0402958754982268
792,False,4,4117,0.7623322010040283,1.0197437618459972
793,False,4,4118,0.8573858737945557,0.9915515388406457
794,False,4,4119,0.8023281097412109,1.0482858540046784
795,False,4,4120,0.7901511192321777,0.9689295660881773
796,False,4,4121,0.8246541023254395,0.9355980335246951
797,False,4,4122,0.7837123870849609,1.011166952195622
798,False,4,4123,0.7744529247283936,1.0095630398108846
799,False,4,4124,0.8241567611694336,0.9497396027048427
800,False,4,4125,0.7990231513977051,0.9802506026767548
801,False,4,4126,0.7604272365570068,0.9730299931196937
802,False,4,4127,0.855029821395874,0.9875062900994508
803,False,4,4128,0.7690823078155518,1.0323302483274823
804,False,4,4129,0.7959995269775391,0.9762067503872373
805,False,4,4130,0.8567228317260742,0.9547794972147261
806,False,4,4131,0.813518762588501,1.0125687242973418
807,False,4,4132,0.7491424083709717,0.9556003149066654
808,False,4,4133,0.8517642021179199,1.0216624091068904
809,False,4,4134,0.7754483222961426,1.069586183343615
810,False,4,4135,0.783961296081543,1.03478708366553
811,False,4,4136,0.8297567367553711,1.0022737823781516
812,False,4,4137,0.7604033946990967,1.047120173062597
813,False,4,4138,0.8179810047149658,1.000348848778577
814,False,4,4139,0.8096988201141357,1.0112805742593038
815,False,4,4140,0.7755155563354492,0.9898018850279705
816,False,4,4141,0.8221583366394043,1.0116659622816813
817,False,4,4142,0.8164956569671631,1.0206549203112008
818,False,4,4143,0.7644410133361816,1.0480640211275647
819,False,4,4144,0.8294951915740967,1.0102023744866964
820,False,4,4145,0.7899463176727295,1.057225270995072
821,False,4,4146,0.7669031620025635,1.0235347393013183
822,False,4,4147,0.827996015548706,1.014025417112169
823,False,4,4148,0.756213903427124,0.9936282725206442
824,False,4,4149,0.8201165199279785,0.985378892471393
825,False,4,4150,0.8059473037719727,0.9801882661524274
826,False,4,4151,0.7677843570709229,1.0047552708891176
827,False,4,4152,0.819998025894165,1.0000274365856534
828,False,4,4153,0.81203293800354,1.0169005777154652
829,False,4,4154,0.788266658782959,1.0387779027223585
830,False,4,4155,0.8158519268035889,0.950130372529938
831,False,4,4156,0.8082540035247803,1.0337148963340692
832,False,4,4157,0.756566047668457,0.9753456012833688
833,False,4,4158,0.8549041748046875,1.010998915348734
834,False,4,4159,0.782282829284668,0.958425083685489
835,False,4,4160,0.7844538688659668,0.9778611622750762
836,False,4,4161,0.8159830570220947,0.9591468934501921
837,False,4,4162,0.7967453002929688,1.0207238296667736
838,False,4,4163,0.7581634521484375,0.9839459395124797
839,False,4,4164,0.8335351943969727,1.0624991087686448
840,False,4,4165,0.7691171169281006,0.9518371870120367
841,False,4,4166,0.8084745407104492,1.0264447718149141
842,False,4,4167,0.820777416229248,0.9648339429071972
843,False,4,4168,0.7745232582092285,0.9535079036085378
844,False,4,4169,0.8174216747283936,1.019248019371714
845,False,4,4170,0.8015635013580322,0.9867948584613346
846,False,4,4171,0.7602818012237549,0.955616861227013
847,False,4,4172,0.8223133087158203,0.9906881653836794
848,False,4,4173,0.8051316738128662,0.9906802287413963
849,False,4,4174,0.7661523818969727,0.97360576937596
850,False,4,4175,0.8529050350189209,1.081620042522748
851,False,4,4176,0.7672326564788818,0.9589466331970125
852,False,4,4177,0.7987408638000488,0.9673078102724895
853,False,4,4178,0.8323335647583008,0.9769232514358701
854,False,4,4179,0.7628922462463379,1.017269690121923
855,False,4,4180,0.8152377605438232,0.9500448842133794
856,False,4,4181,0.8060517311096191,1.0070833294164567
857,False,4,4182,0.7756447792053223,0.9998928517812774
858,False,4,4183,0.8217332363128662,0.9517050811222623
859,False,4,4184,0.811429500579834,0.9838374938283648
860,False,4,4185,0.7582709789276123,0.9806133051003728
861,False,4,4186,0.8282601833343506,0.9951200417819477
862,False,4,4187,0.784752607345581,0.95149728762252
863,False,4,4188,0.7808926105499268,0.9757443524542307
864,False,4,4189,0.8312287330627441,0.9794102573678608
865,False,4,4190,0.7623481750488281,0.9842628747934387
866,False,4,4191,0.8208348751068115,0.9791589585088548
867,False,4,4192,0.8132572174072266,0.9799892225613196
868,False,4,4193,0.7802760601043701,1.0067335292696953
869,False,4,4194,0.8218874931335449,1.0267790825594039
870,False,4,4195,0.8052449226379395,0.9665101520007564
871,False,4,4196,0.797696590423584,0.9446281657687254
872,False,4,4197,0.8202545642852783,1.0221609299381573
873,False,4,4198,0.8080358505249023,1.0083260607151756
874,False,4,4199,0.7605669498443604,1.0311539446314175
875,True,4,4200,0.9268560409545898,0.9236460519688471
876,False,4,4201,0.8137450218200684,1.044814655645972
877,False,4,4202,0.7754955291748047,0.9894351618630546
878,False,4,4203,0.8302152156829834,1.0394726814258668
879,False,4,4204,0.8035550117492676,1.0070666922699838
880,False,4,4205,0.7632424831390381,1.041930203281698
881,False,4,4206,0.83585524559021,0.9961479638836214
882,False,4,4207,0.7617497444152832,0.9792902253213384
883,False,4,4208,0.8121335506439209,1.0266579449886368
884,False,4,4209,0.8116419315338135,0.9756171568518593
885,False,4,4210,0.7777895927429199,1.044611732519808
886,False,4,4211,0.8172659873962402,0.9674664902545158
887,False,4,4212,0.8190557956695557,0.953071663422244
888,False,4,4213,0.7819113731384277,0.9800302843962398
889,False,4,4214,0.8167586326599121,1.078569070214317
890,False,4,4215,0.8011326789855957,0.9441673899335522
891,False,4,4216,0.7612669467926025,1.0017979287852843
892,False,4,4217,0.8417520523071289,0.9974313034188181
893,False,4,4218,0.7673859596252441,0.9907992081273169
894,False,4,4219,0.7895543575286865,1.0134105192763465
895,False,4,4220,0.8287904262542725,1.0165758913471585
896,False,4,4221,0.759331226348877,1.0178442774783996
897,False,4,4222,0.8257322311401367,1.0195618655000411
898,False,4,4223,0.81559157371521,0.9772812305461792
899,False,4,4224,0.7663004398345947,1.0381333898930323
900,False,4,4225,0.8201045989990234,1.0506503880023959
901,False,4,4226,0.8014736175537109,1.0092380894791513
902,False,4,4227,0.7582793235778809,0.9944481640344576
903,False,4,4228,0.8405356407165527,0.9866770257552466
904,False,4,4229,0.7797739505767822,0.9804080043520246
905,False,4,4230,0.7863209247589111,1.0120683594473767
906,False,4,4231,0.8288381099700928,0.9949233872549874
907,False,4,4232,0.767650842666626,0.9934600094954172
908,False,4,4233,0.8172900676727295,0.9586953940313486
909,False,4,4234,0.8071160316467285,1.041394664772919
910,False,4,4235,0.7845826148986816,1.0183115310612179
911,False,4,4236,0.8137640953063965,0.9891066806656975
912,False,4,4237,0.7913808822631836,0.9550570191017218
913,False,4,4238,0.758660078048706,0.9930771818118438
914,False,4,4239,0.8388195037841797,1.0173120658312527
915,False,4,4240,0.7793960571289062,1.0096671095206624
916,False,4,4241,0.7949721813201904,0.9994026685044879
917,False,4,4242,0.821070671081543,0.9491539444951783
918,False,4,4243,0.7897181510925293,1.0107823173914636
919,False,4,4244,0.7990341186523438,0.9692557136572542
920,False,4,4245,0.8255863189697266,0.9893522269669031
921,False,4,4246,0.7647593021392822,1.0037321696678798
922,False,4,4247,0.8383603096008301,0.9971926151996567
923,False,4,4248,0.8252012729644775,0.9618060954269908
924,False,4,4249,0.7625105381011963,0.9680517949163915
925,False,4,4250,0.8310532569885254,0.9743547894592797
926,False,4,4251,0.7741551399230957,1.004125173957575
927,False,4,4252,0.7822701930999756,1.0144625423210007
928,False,4,4253,0.8188602924346924,0.9565830674199831
929,False,4,4254,0.7738912105560303,0.964824976665633
930,False,4,4255,0.7923300266265869,0.9693494158841315
931,False,4,4256,0.8298115730285645,0.9782923491937774
932,False,4,4257,0.7712693214416504,1.014189548080876
933,False,4,4258,0.8143153190612793,0.9863159386884598
934,False,4,4259,0.8333745002746582,0.9987961656990505
935,False,4,4260,0.7589054107666016,1.0074157349410509
936,False,4,4261,0.8452029228210449,1.0405189990997314
937,False,4,4262,0.8016562461853027,0.9660392566805796
938,False,4,4263,0.7933361530303955,0.9863599659431547
939,False,4,4264,0.8223633766174316,0.9534502987350737
940,False,4,4265,0.7748441696166992,1.0037916476527848
941,False,4,4266,0.7811217308044434,1.00893125079927
942,False,4,4267,0.8213489055633545,1.04422636117254
943,False,4,4268,0.7758927345275879,0.9772743671422914
944,False,4,4269,0.7961091995239258,0.953038533528646
945,False,4,4270,0.8229837417602539,0.9551287233119922
946,False,4,4271,0.7626974582672119,0.9247253677319912
947,False,4,4272,0.8447623252868652,0.9523484054065885
948,False,4,4273,0.8136324882507324,1.01348006938185
949,False,4,4274,0.801224946975708,0.9359154321608091
950,False,4,4275,0.8201568126678467,0.9261618378971306
951,False,4,4276,0.8234405517578125,0.926684034012613
952,False,4,4277,0.7606041431427002,0.9456864719589552
953,False,4,4278,0.8191683292388916,1.0314937411319642
954,False,4,4279,0.7750403881072998,0.9463909639134293
955,False,4,4280,0.7933096885681152,1.05140316983064
956,False,4,4281,0.8213214874267578,1.0035255049310976
957,False,4,4282,0.7642340660095215,1.0024550184607506
958,False,4,4283,0.8265724182128906,1.0088743407811438
959,False,4,4284,0.7986934185028076,0.9735938335458437
960,False,4,4285,0.7798779010772705,0.9607258502926146
961,False,4,4286,0.8265523910522461,1.053040434916814
962,False,4,4287,0.8001301288604736,0.9618221336886996
963,False,4,4288,0.7651093006134033,0.9744967651509103
964,False,4,4289,0.8209290504455566,0.9764999255892777
965,False,4,4290,0.8011846542358398,0.9812089316546917
966,False,4,4291,0.781653881072998,0.9320213202209701
967,False,4,4292,0.8526530265808105,0.9848697785110698
968,False,4,4293,0.7551848888397217,0.9653318343417985
969,False,4,4294,0.8148972988128662,0.9851982682233766
970,False,4,4295,0.8258230686187744,1.007227969843717
971,False,4,4296,0.7926661968231201,0.9768475670190082
972,False,4,4297,0.7963378429412842,1.0032242820376438
973,False,4,4298,0.8234257698059082,0.9871140374314216
974,False,4,4299,0.7790777683258057,0.9703584434021086
975,True,4,4300,0.8535895347595215,0.9745749355781645
976,False,4,4301,0.8365652561187744,1.0896361243157158
977,False,4,4302,0.7827942371368408,1.0562429530989557
978,False,4,4303,0.7718930244445801,1.0749529557568687
979,False,4,4304,0.8312225341796875,1.0853599522794997
980,False,4,4305,0.7611575126647949,0.9649499913766271
981,False,4,4306,0.8103201389312744,1.0102449208498
982,False,4,4307,0.8111863136291504,1.0615464910155252
983,False,4,4308,0.7755837440490723,0.9564647816476367
984,False,4,4309,0.818321943283081,1.03249262770017
985,False,4,4310,0.8097734451293945,1.0202714275746119
986,False,4,4311,0.757713794708252,1.0537995653493062
987,False,4,4312,0.8472480773925781,0.9911481730994723
988,False,4,4313,0.8005144596099854,1.0756255068949292
989,False,4,4314,0.7833404541015625,0.9823485325489727
990,False,4,4315,0.8191118240356445,1.04601697410856
991,False,4,4316,0.7936615943908691,0.968189394899777
992,False,4,4317,0.764946699142456,0.9935246663434163
993,False,4,4318,0.8467435836791992,1.0100713698636916
994,False,4,4319,0.7573981285095215,1.0232653958456859
995,False,4,4320,0.812408447265625,1.0911409656206768
996,False,4,4321,0.8280248641967773,1.0091621904146104
997,False,4,4322,0.7546789646148682,1.0093744269439153
998,False,4,4323,0.8317511081695557,1.007045415895326
999,False,4,4324,0.8019046783447266,1.0489626952580045
1000,False,4,4325,0.7745256423950195,1.0532767325639725
1001,False,4,4326,0.8087706565856934,0.9455503012452807
1002,False,4,4327,0.7836921215057373,0.944491297716186
1003,False,4,4328,0.7720687389373779,0.9596348518416996
1004,False,4,4329,0.8304519653320312,1.0809511279775983
1005,False,4,4330,0.7805960178375244,1.024427576434045
1006,False,4,4331,0.7824034690856934,1.014722345130784
1007,False,4,4332,0.7978436946868896,0.9856613852261079
1008,False,4,4333,0.7613644599914551,1.038003615680195
1009,False,4,4334,0.8429129123687744,1.0391589247045063
1010,False,4,4335,0.7701776027679443,1.0189054111639662
1011,False,4,4336,0.7885828018188477,1.0464354554812112
1012,False,4,4337,0.8210995197296143,0.9958517757200059
1013,False,4,4338,0.796534538269043,1.029110963855471
1014,False,4,4339,0.792278528213501,0.9810673995386985
1015,False,4,4340,0.818497896194458,1.017233595961616
1016,False,4,4341,0.7938382625579834,0.9946668289956592
1017,False,4,4342,0.7842013835906982,0.9964811173932893
1018,False,4,4343,0.8217344284057617,0.9521264458696047
1019,False,4,4344,0.7650473117828369,0.9701747887191319
1020,False,4,4345,0.8481235504150391,0.9504763776702542
1021,False,4,4346,0.8122749328613281,0.991459018417767
1022,False,4,4347,0.790128231048584,0.9901708456731979
1023,False,4,4348,0.8200562000274658,1.0159369891598113
1024,False,4,4349,0.7865221500396729,1.0635129145923115
1025,False,4,4350,0.7809405326843262,0.9567326005725632
1026,False,4,4351,0.8262803554534912,1.0328977239273842
1027,False,4,4352,0.7516744136810303,0.9537854595553308
1028,False,4,4353,0.830082893371582,0.911383378807278
1029,False,4,4354,0.8115580081939697,0.9920327223482586
1030,False,4,4355,0.7566657066345215,0.9972369177710444
1031,False,4,4356,0.8321876525878906,1.007108446742807
1032,False,4,4357,0.7587769031524658,1.0362282572757628
1033,False,4,4358,0.8030402660369873,1.0087078343189897
1034,False,4,4359,0.8160147666931152,0.9270904908577602
1035,False,4,4360,0.7731876373291016,0.9719975768100646
1036,False,4,4361,0.8134825229644775,0.9595879770460584
1037,False,4,4362,0.8296694755554199,1.0398661721320377
1038,False,4,4363,0.8700048923492432,1.0696054618983044
1039,False,4,4364,0.8701298236846924,0.9713328478946569
1040,False,4,4365,0.8813071250915527,0.9260286525601432
1041,False,4,4366,0.8709855079650879,1.017215976402873
1042,False,4,4367,0.8646211624145508,0.9780658000991457
1043,False,4,4368,0.8843502998352051,0.9235153638181233
1044,False,4,4369,0.8669674396514893,1.0023151267142523
1045,False,4,4370,0.8840024471282959,0.9533300127479292
1046,False,4,4371,0.8668313026428223,0.9465236557381493
1047,False,4,4372,0.8820524215698242,0.9853145043764794
1048,False,4,4373,0.8862347602844238,0.9910882441770461
1049,False,4,4374,0.8723387718200684,0.9836435002230463
1050,False,4,4375,0.8767151832580566,0.9583521291081395
1051,False,4,4376,0.8742532730102539,0.985738099685737
1052,False,4,4377,0.8843357563018799,1.0264819314082463
1053,False,4,4378,0.8687224388122559,1.0586939840799285
1054,False,4,4379,0.8707716464996338,0.9376099166415989
1055,False,4,4380,0.8922901153564453,1.0053906747627828
1056,False,4,4381,0.856304407119751,0.9996058811389265
1057,False,4,4382,0.8900890350341797,1.0315112301281522
1058,False,4,4383,0.8687341213226318,1.0622799169449575
1059,False,4,4384,0.8612983226776123,1.0128955017952694
1060,False,4,4385,0.8733530044555664,1.017219446954273
1061,False,4,4386,0.8866109848022461,0.9650930063355538
1062,False,4,4387,0.8639559745788574,0.939594536842335
1063,False,4,4388,0.8710176944732666,1.0208604548658644
1064,False,4,4389,0.8836460113525391,0.9526427466244924
1065,False,4,4390,0.8622324466705322,1.0163313491003854
1066,False,4,4391,0.8764345645904541,0.9583929841007506
1067,False,4,4392,0.8829147815704346,0.9924840685867128
1068,False,4,4393,0.8557684421539307,1.0353169895353773
1069,False,4,4394,0.8901715278625488,1.021858024455252
1070,False,4,4395,0.8664820194244385,1.0268479166995912
1071,False,4,4396,0.8644325733184814,0.9475997934738796
1072,False,4,4397,0.8871059417724609,1.0432900523855573
1073,False,4,4398,0.8676338195800781,0.9576633072325161
1074,False,4,4399,0.8700129985809326,0.9298632765809695
1075,True,4,4400,0.9717936515808105,0.9953512863389082
1076,False,4,4401,0.8588597774505615,1.0840144207080207
1077,False,4,4402,0.8855338096618652,1.0324796381450836
1078,False,4,4403,0.8728718757629395,1.0613993448870522
1079,False,4,4404,0.8898963928222656,0.9863098831403824
1080,False,4,4405,0.8969438076019287,1.0155551671272232
1081,False,4,4406,0.8713765144348145,0.9860265608876944
1082,False,4,4407,0.8686313629150391,1.0128646709379696
1083,False,4,4408,0.885084867477417,0.991129907114165
1084,False,4,4409,0.8584377765655518,0.9796191659711656
1085,False,4,4410,0.8752834796905518,1.0185430284057344
1086,False,4,4411,0.8699076175689697,1.04227268128168
1087,False,4,4412,0.8941946029663086,0.9768604224636442
1088,False,4,4413,0.8571252822875977,1.0085001892986751
1089,False,4,4414,0.8707399368286133,1.0615267643616315
1090,False,4,4415,0.8782856464385986,1.0204121747187205
1091,False,4,4416,0.8688445091247559,0.9662948513314837
1092,False,4,4417,0.8795390129089355,0.9710245556419802
1093,False,4,4418,0.8917484283447266,0.9995676201014292
1094,False,4,4419,0.8797571659088135,1.07030419615053
1095,False,4,4420,0.8665981292724609,0.9502449071123487
1096,False,4,4421,0.887779712677002,0.9635189787617751
1097,False,4,4422,0.865959882736206,0.9681146776392346
1098,False,4,4423,0.8744494915008545,0.97274153147425
1099,False,4,4424,0.8887729644775391,0.9797372055195628
1100,False,4,4425,0.8700339794158936,0.9585776944600402
1101,False,4,4426,0.8898987770080566,0.9887679245855129
1102,False,4,4427,0.8738574981689453,1.0250741887305463
1103,False,4,4428,0.8699307441711426,1.0144549189578917
1104,False,4,4429,0.8758997917175293,0.9912327666367802
1105,False,4,4430,0.8537170886993408,0.9615728294565565
1106,False,4,4431,0.7678966522216797,1.0480038353375027
1107,False,4,4432,0.624406099319458,1.057522264974458
0,False,5,4433,0.7710437774658203,1.0106099936224167
1,False,5,4434,0.8185074329376221,0.9440986036899546
2,False,5,4435,0.7741298675537109,1.0167582709164846
3,False,5,4436,0.7848184108734131,1.0230514733564287
4,False,5,4437,0.8114426136016846,0.9906079114547799
5,False,5,4438,0.7666361331939697,0.945919747863497
6,False,5,4439,0.8101511001586914,0.9413785835107169
7,False,5,4440,0.8171861171722412,0.9501725428161165
8,False,5,4441,0.7564361095428467,0.9957070943145525
9,False,5,4442,0.8280589580535889,0.979256527409667
10,False,5,4443,0.764822244644165,0.9531036267677941
11,False,5,4444,0.7923364639282227,0.9594022989982649
12,False,5,4445,0.8142740726470947,0.9622849971055984
13,False,5,4446,0.7753770351409912,1.0295620354868118
14,False,5,4447,0.8212788105010986,0.9974053518048355
15,False,5,4448,0.8133580684661865,0.9539671895049866
16,False,5,4449,0.7841479778289795,0.9873216677279699
17,False,5,4450,0.8288459777832031,1.02493044840438
18,False,5,4451,0.791034460067749,1.0280249757426128
19,False,5,4452,0.772071361541748,0.9728485973817962
20,False,5,4453,0.8143768310546875,0.9935457972543582
21,False,5,4454,0.7805564403533936,0.9678400584629604
22,False,5,4455,0.7748920917510986,1.0376363471150398
23,False,5,4456,0.8295168876647949,0.9952822831414995
24,False,5,4457,0.7657742500305176,1.057060532271862
25,False,5,4458,0.8298580646514893,0.9585053725611594
26,False,5,4459,0.8215367794036865,0.9716827979400046
27,False,5,4460,0.7583572864532471,0.9625836807702267
28,False,5,4461,0.8292958736419678,0.9955929705784434
29,False,5,4462,0.7719671726226807,0.9727076827770186
30,False,5,4463,0.7813527584075928,0.9377296417951584
31,False,5,4464,0.8188395500183105,0.9968330959479016
32,False,5,4465,0.7792220115661621,0.9865465682177315
33,False,5,4466,0.7932000160217285,0.9738502410196123
34,False,5,4467,0.8305065631866455,1.0088875350498014
35,False,5,4468,0.7784028053283691,0.9467472345346497
36,False,5,4469,0.8209121227264404,0.9768019579350948
37,False,5,4470,0.8371307849884033,0.9789696639137608
38,False,5,4471,0.763176441192627,1.0328381128963968
39,False,5,4472,0.8427810668945312,0.9961328343266533
40,False,5,4473,0.8193826675415039,0.9424738094565416
41,False,5,4474,0.7583167552947998,0.9667829356732822
42,False,5,4475,0.8346579074859619,1.0356129237583707
43,False,5,4476,0.7751753330230713,0.9642525623064665
44,False,5,4477,0.7851555347442627,1.000586261351903
45,False,5,4478,0.8132743835449219,0.9589456993909111
46,False,5,4479,0.7743470668792725,0.9660124949046542
47,False,5,4480,0.8095569610595703,0.9887090946237248
48,False,5,4481,0.8520307540893555,0.9537036170562109
49,False,5,4482,0.7573397159576416,1.0029682371587978
50,False,5,4483,0.8412148952484131,0.9661096753109071
51,False,5,4484,0.844383955001831,0.9485489449330738
52,False,5,4485,0.8040359020233154,0.9786519596264476
53,False,5,4486,0.8004133701324463,0.9449158779212405
54,False,5,4487,0.8404135704040527,1.0246555237543014
55,False,5,4488,0.7612249851226807,0.9887254986734616
56,False,5,4489,0.8343491554260254,0.9837254789613541
57,False,5,4490,0.821784257888794,0.9438023535268646
58,False,5,4491,0.7600917816162109,0.9786449658373993
59,False,5,4492,0.8300764560699463,0.9974920217479978
60,False,5,4493,0.7694363594055176,0.9920889802631877
61,False,5,4494,0.7856850624084473,0.9584963342973164
62,False,5,4495,0.8124792575836182,0.9743204556760333
63,False,5,4496,0.7810125350952148,1.0358389740188916
64,False,5,4497,0.7964339256286621,0.9995482556876685
65,False,5,4498,0.8202781677246094,0.9708794901768368
66,False,5,4499,0.7920341491699219,1.0180243097600483
67,True,5,4500,0.8638293743133545,1.0083903159414018
68,False,5,4501,0.8525240421295166,0.9756653794930096
69,False,5,4502,0.7641208171844482,0.98640195670582
70,False,5,4503,0.8005897998809814,1.0445648658843265
71,False,5,4504,0.8342742919921875,0.9746346817839713
72,False,5,4505,0.7579929828643799,1.0561785736963862
73,False,5,4506,0.8133566379547119,1.0060975076187222
74,False,5,4507,0.8112845420837402,1.0255666098424367
75,False,5,4508,0.7838034629821777,1.014269845826285
76,False,5,4509,0.8211672306060791,1.0488748656851905
77,False,5,4510,0.8143115043640137,0.9513648826451526
78,False,5,4511,0.7591030597686768,1.0255460959105263
79,False,5,4512,0.8253381252288818,0.9752413967535607
80,False,5,4513,0.7820894718170166,1.0318141764118558
81,False,5,4514,0.7772834300994873,0.9938653189511528
82,False,5,4515,0.8323984146118164,0.9833068417473919
83,False,5,4516,0.7581772804260254,1.0301335542684509
84,False,5,4517,0.8221440315246582,0.992805890738964
85,False,5,4518,0.8141841888427734,0.9884210477272671
86,False,5,4519,0.7674770355224609,0.9803239603837332
87,False,5,4520,0.8307409286499023,0.9695051692071414
88,False,5,4521,0.7861578464508057,0.9590807429381779
89,False,5,4522,0.7786593437194824,0.9966052735135671
90,False,5,4523,0.8288784027099609,0.9748118416894052
91,False,5,4524,0.763052225112915,0.9461247175931929
92,False,5,4525,0.8046004772186279,1.0012410719479834
93,False,5,4526,0.8169257640838623,0.9831688315385864
94,False,5,4527,0.7731995582580566,1.0163687283084506
95,False,5,4528,0.8225257396697998,1.025799240384783
96,False,5,4529,0.815291166305542,0.9702657379564783
97,False,5,4530,0.7651019096374512,0.9817316691790308
98,False,5,4531,0.8324158191680908,0.9457181968859264
99,False,5,4532,0.7912211418151855,1.0053581297397614
100,False,5,4533,0.759462833404541,0.9606304899567651
101,False,5,4534,0.8333377838134766,0.95275191146703
102,False,5,4535,0.7623522281646729,0.9774942965734575
103,False,5,4536,0.8062074184417725,1.0240818985870908
104,False,5,4537,0.8116433620452881,0.9126021691731043
105,False,5,4538,0.7798690795898438,0.9786372415366625
106,False,5,4539,0.8155193328857422,0.9787288084626199
107,False,5,4540,0.8067924976348877,0.9760184680954332
108,False,5,4541,0.7762680053710938,0.9956687917666776
109,False,5,4542,0.8161096572875977,0.9652544293730032
110,False,5,4543,0.7980561256408691,0.9821190759539604
111,False,5,4544,0.7599000930786133,1.043289921823002
112,False,5,4545,0.8390231132507324,0.9968592588390622
113,False,5,4546,0.7811892032623291,0.9491719954780169
114,False,5,4547,0.7880935668945312,0.9841888816583724
115,False,5,4548,0.8299751281738281,0.971882557407731
116,False,5,4549,0.7580199241638184,0.9978692041976112
117,False,5,4550,0.8293116092681885,0.963287656151113
118,False,5,4551,0.8057384490966797,0.9732087382248471
119,False,5,4552,0.7768082618713379,0.9643223204073452
120,False,5,4553,0.8211045265197754,1.0100353225356056
121,False,5,4554,0.7993869781494141,0.9715771673335915
122,False,5,4555,0.7567925453186035,0.9660612256044433
123,False,5,4556,0.8450992107391357,0.9909016195507279
124,False,5,4557,0.7869362831115723,0.9154246084924255
125,False,5,4558,0.7935795783996582,0.9594668660845075
126,False,5,4559,0.8266916275024414,0.9501381071195715
127,False,5,4560,0.7851107120513916,0.9373121630577813
128,False,5,4561,0.775456428527832,0.9811815825246629
129,False,5,4562,0.8261091709136963,0.950422113140424
130,False,5,4563,0.7576663494110107,0.9834541642949697
131,False,5,4564,0.8321974277496338,0.9847007741530736
132,False,5,4565,0.8124227523803711,0.9267157903384594
133,False,5,4566,0.7571346759796143,0.9905691334889047
134,False,5,4567,0.832146167755127,0.9482983833267573
135,False,5,4568,0.7644383907318115,0.9516312382405714
136,False,5,4569,0.7934482097625732,0.9524122850880737
137,False,5,4570,0.8133268356323242,1.0073713642500697
138,False,5,4571,0.776289701461792,0.9229020015114828
139,False,5,4572,0.8112685680389404,0.9922897405035441
140,False,5,4573,0.8060424327850342,1.0331875426428658
141,False,5,4574,0.7525436878204346,1.0004743493738628
142,False,5,4575,0.825340986251831,0.9774721786379813
143,False,5,4576,0.7769694328308105,0.9267411451964152
144,False,5,4577,0.8062238693237305,0.9893790845360076
145,False,5,4578,0.8510794639587402,0.9844137039922533
146,False,5,4579,0.7632606029510498,0.9613491750898815
147,False,5,4580,0.8339121341705322,1.0324952155351639
148,False,5,4581,0.827185869216919,0.9827848509663627
149,False,5,4582,0.755335807800293,0.9473056800308682
150,False,5,4583,0.8313000202178955,0.9761684093446958
151,False,5,4584,0.7924635410308838,1.0013218472401297
152,False,5,4585,0.7702207565307617,0.9786917694977353
153,False,5,4586,0.81553053855896,0.9935029436435018
154,False,5,4587,0.7718307971954346,1.0174846847852073
155,False,5,4588,0.7814655303955078,0.9577990461673056
156,False,5,4589,0.827336311340332,0.9763290988547464
157,False,5,4590,0.7616913318634033,0.9878484901218185
158,False,5,4591,0.832221269607544,0.9634736348830519
159,False,5,4592,0.8135943412780762,0.9619078657456807
160,False,5,4593,0.7957615852355957,0.950777196103618
161,False,5,4594,0.8341379165649414,0.9640600915466035
162,False,5,4595,0.8258116245269775,1.0051423726337296
163,False,5,4596,0.7607285976409912,0.9838607563149361
164,False,5,4597,0.8359694480895996,0.9906449568058763
165,False,5,4598,0.7950301170349121,1.0139747403916861
166,False,5,4599,0.7663013935089111,0.967924574656146
167,True,5,4600,0.928154706954956,0.9090510700784978
168,False,5,4601,0.7898690700531006,1.0228825183141799
169,False,5,4602,0.7711825370788574,1.0150372655618756
170,False,5,4603,0.8224818706512451,1.0173270216300374
171,False,5,4604,0.781012773513794,1.0019890921456474
172,False,5,4605,0.8036024570465088,0.9715499665055957
173,False,5,4606,0.8148117065429688,1.0313112870568322
174,False,5,4607,0.789525032043457,0.9390280764727363
175,False,5,4608,0.7807462215423584,1.0230903955442565
176,False,5,4609,0.8324711322784424,1.0142995580321266
177,False,5,4610,0.765347957611084,0.9901110437654314
178,False,5,4611,0.8207497596740723,0.9691540517267727
179,False,5,4612,0.8238534927368164,0.9836567129407613
180,False,5,4613,0.7608582973480225,1.0021415530216127
181,False,5,4614,0.8265426158905029,0.9928526622908456
182,False,5,4615,0.7852730751037598,0.9580419166457086
183,False,5,4616,0.7675728797912598,0.9446090303716205
184,False,5,4617,0.8175780773162842,0.9786869365544547
185,False,5,4618,0.779433012008667,0.9678077941671724
186,False,5,4619,0.7887833118438721,0.941837350438748
187,False,5,4620,0.8200409412384033,0.9493848312468757
188,False,5,4621,0.7740883827209473,1.0083455588845978
189,False,5,4622,0.8116054534912109,0.9766272916680289
190,False,5,4623,0.8320701122283936,1.0019957040037428
191,False,5,4624,0.7619822025299072,0.9632156232283228
192,False,5,4625,0.8304526805877686,1.0227388778612727
193,False,5,4626,0.7891650199890137,0.9633206576108935
194,False,5,4627,0.7725925445556641,0.9406964115443687
195,False,5,4628,0.8153841495513916,0.9631419415984834
196,False,5,4629,0.7827575206756592,0.9567474215513184
197,False,5,4630,0.7949509620666504,1.0232078291120985
198,False,5,4631,0.8348865509033203,0.9843943349662282
199,False,5,4632,0.756253719329834,1.0507291292860395
200,False,5,4633,0.821936845779419,0.994180080436525
201,False,5,4634,0.8033533096313477,1.0099301206923665
202,False,5,4635,0.7705790996551514,0.998817967871825
203,False,5,4636,0.8182241916656494,0.9748006874606722
204,False,5,4637,0.7987592220306396,0.9885151024375644
205,False,5,4638,0.7615647315979004,0.9917640366724558
206,False,5,4639,0.836207389831543,0.9312307926870529
207,False,5,4640,0.7764477729797363,0.9340157977172305
208,False,5,4641,0.7911806106567383,0.92460573500111
209,False,5,4642,0.8503856658935547,0.9892059326881454
210,False,5,4643,0.7596230506896973,0.9480062648653982
211,False,5,4644,0.8183562755584717,0.9825441076287201
212,False,5,4645,0.8132007122039795,1.014758332499436
213,False,5,4646,0.7692065238952637,1.008269886175791
214,False,5,4647,0.82828688621521,1.0174351966097241
215,False,5,4648,0.7991781234741211,0.9714822364704953
216,False,5,4649,0.7727682590484619,1.0052263743820644
217,False,5,4650,0.8203456401824951,1.0106055126303717
218,False,5,4651,0.7891688346862793,0.9651910556214198
219,False,5,4652,0.7641491889953613,1.009616225603081
220,False,5,4653,0.8318397998809814,1.043810499565942
221,False,5,4654,0.7744050025939941,0.9767441465741113
222,False,5,4655,0.8152291774749756,0.9858788709555352
223,False,5,4656,0.8393118381500244,1.0460680212293354
224,False,5,4657,0.7644548416137695,0.9908612061824118
225,False,5,4658,0.8373174667358398,0.9164686717447783
226,False,5,4659,0.8098013401031494,0.9773286630709965
227,False,5,4660,0.8008506298065186,0.9738626689428375
228,False,5,4661,0.8175592422485352,0.9922690210597858
229,False,5,4662,0.8282060623168945,0.9595631000896298
230,False,5,4663,0.7622060775756836,1.020331974540438
231,False,5,4664,0.83467698097229,0.9775370127033619
232,False,5,4665,0.7948505878448486,0.9797168806904837
233,False,5,4666,0.7668964862823486,0.961377795253481
234,False,5,4667,0.8294272422790527,0.9747371481997628
235,False,5,4668,0.7728772163391113,1.002659740547339
236,False,5,4669,0.8062903881072998,0.9916955005554924
237,False,5,4670,0.8304896354675293,0.9682179409123602
238,False,5,4671,0.7639899253845215,0.9897128755138034
239,False,5,4672,0.822634220123291,0.9994478832398145
240,False,5,4673,0.7916433811187744,1.0328911748670395
241,False,5,4674,0.7661693096160889,0.9743789913398877
242,False,5,4675,0.8473083972930908,1.0396141679514024
243,False,5,4676,0.771115779876709,1.024234539696148
244,False,5,4677,0.7900073528289795,0.9702691625626316
245,False,5,4678,0.8152265548706055,0.9577917555967967
246,False,5,4679,0.8040785789489746,0.9852096757718494
247,False,5,4680,0.7958831787109375,1.0154492305148215
248,False,5,4681,0.8197476863861084,0.9791283469114986
249,False,5,4682,0.7755508422851562,0.9767952284642627
250,False,5,4683,0.7896530628204346,0.990829341468357
251,False,5,4684,0.8306679725646973,0.925439331148352
252,False,5,4685,0.7659714221954346,0.9851414923157011
253,False,5,4686,0.8240900039672852,0.9151321933383033
254,False,5,4687,0.828352689743042,0.99380069651774
255,False,5,4688,0.7603459358215332,0.9576697228919893
256,False,5,4689,0.8235177993774414,1.0063677969433014
257,False,5,4690,0.7679111957550049,1.0196200107179936
258,False,5,4691,0.7836079597473145,0.976615926162118
259,False,5,4692,0.8161718845367432,0.9564844951743171
260,False,5,4693,0.7834444046020508,1.0061317391338802
261,False,5,4694,0.8003566265106201,0.9401897933511507
262,False,5,4695,0.8225290775299072,0.9923135801440194
263,False,5,4696,0.768118143081665,0.9496615901589394
264,False,5,4697,0.816295862197876,0.9189892418327784
265,False,5,4698,0.8014719486236572,0.9873455074571428
266,False,5,4699,0.7621784210205078,0.957032112848191
267,True,5,4700,0.9251308441162109,0.9867150563569296
268,False,5,4701,0.7983341217041016,0.9873891409841322
269,False,5,4702,0.7742335796356201,1.0378684706631163
270,False,5,4703,0.8298280239105225,1.001484140753746
271,False,5,4704,0.7744734287261963,0.9512086056527639
272,False,5,4705,0.7857887744903564,0.9731496006605169
273,False,5,4706,0.8147432804107666,0.9730824728806813
274,False,5,4707,0.7532966136932373,0.9791932503382365
275,False,5,4708,0.8315615653991699,1.070203877630688
276,False,5,4709,0.8048219680786133,0.9964503372708956
277,False,5,4710,0.7726655006408691,0.9842100405976887
278,False,5,4711,0.8175835609436035,0.9737836418762094
279,False,5,4712,0.7896709442138672,0.9674556071736983
280,False,5,4713,0.7617475986480713,1.0214136906322977
281,False,5,4714,0.8304908275604248,0.9322973088849157
282,False,5,4715,0.7764265537261963,0.9748467888150896
283,False,5,4716,0.7957048416137695,1.0359915416865122
284,False,5,4717,0.8451380729675293,1.0160027721098492
285,False,5,4718,0.7624907493591309,0.9771582988046466
286,False,5,4719,0.8138377666473389,0.9694890770174207
287,False,5,4720,0.8140895366668701,0.9932686125948317
288,False,5,4721,0.7700626850128174,0.9666186436301184
289,False,5,4722,0.8149416446685791,0.9422410389497166
290,False,5,4723,0.8142604827880859,0.9674157674113911
291,False,5,4724,0.7707252502441406,1.0130945387340726
292,False,5,4725,0.816756010055542,0.9738055964310964
293,False,5,4726,0.7815814018249512,0.9549167372641109
294,False,5,4727,0.7727761268615723,1.0351792439108805
295,False,5,4728,0.8273637294769287,0.9597424992493221
296,False,5,4729,0.7665812969207764,1.003353884532338
297,False,5,4730,0.8124701976776123,0.9949906276805058
298,False,5,4731,0.813204288482666,0.9603202768734522
299,False,5,4732,0.7706177234649658,0.9814814086116495
300,False,5,4733,0.8299980163574219,0.9669217353775388
301,False,5,4734,0.7774202823638916,1.0213949155239832
302,False,5,4735,0.7737538814544678,0.9927319458552769
303,False,5,4736,0.8281095027923584,1.0006979730512413
304,False,5,4737,0.7718381881713867,0.9942581064644315
305,False,5,4738,0.7947897911071777,0.9535172480557648
306,False,5,4739,0.8323817253112793,0.94051732601864
307,False,5,4740,0.7812578678131104,1.0084389199813208
308,False,5,4741,0.8210086822509766,1.0392335653305051
309,False,5,4742,0.802593469619751,0.9680156420384134
310,False,5,4743,0.7699978351593018,0.9384105526620433
311,False,5,4744,0.8231165409088135,0.9763155267352149
312,False,5,4745,0.794032096862793,0.9734303475845426
313,False,5,4746,0.7666075229644775,0.9045999461696261
314,False,5,4747,0.8254249095916748,0.9807379245758058
315,False,5,4748,0.7633152008056641,0.9629732053726912
316,False,5,4749,0.8127050399780273,0.9524349783148086
317,False,5,4750,0.8212523460388184,1.0635789707303047
318,False,5,4751,0.7602846622467041,0.9591429010033606
319,False,5,4752,0.8285138607025146,0.9951048628205345
320,False,5,4753,0.777024507522583,0.9515605654035294
321,False,5,4754,0.7743759155273438,0.9223801834242685
322,False,5,4755,0.8223683834075928,0.9481559599794092
323,False,5,4756,0.776954174041748,0.9968839748984291
324,False,5,4757,0.7918369770050049,0.9848876194584937
325,False,5,4758,0.8338038921356201,0.9436518436386471
326,False,5,4759,0.7746953964233398,0.9426461273715608
327,False,5,4760,0.8159630298614502,0.9978312974174819
328,False,5,4761,0.8353469371795654,0.964982165821961
329,False,5,4762,0.763441801071167,0.9949573406151364
330,False,5,4763,0.8507661819458008,0.9659591130025328
331,False,5,4764,0.8252661228179932,0.9885900737274261
332,False,5,4765,0.7515883445739746,0.9986807852983476
333,False,5,4766,0.8267757892608643,0.9658608521733966
334,False,5,4767,0.7758331298828125,0.98065899454412
335,False,5,4768,0.7835879325866699,0.9920741078399475
336,False,5,4769,0.824876070022583,0.9608745810886223
337,False,5,4770,0.7837479114532471,0.9569715112447739
338,False,5,4771,0.7887465953826904,0.9706742202951795
339,False,5,4772,0.8315844535827637,0.9765421670107614
340,False,5,4773,0.7668781280517578,0.9642985557161626
341,False,5,4774,0.8328313827514648,0.9405088484996842
342,False,5,4775,0.8109734058380127,0.9500057037387578
343,False,5,4776,0.7541310787200928,0.9577922959412847
344,False,5,4777,0.8295557498931885,1.1021324914126167
345,False,5,4778,0.7780132293701172,0.9659493906157357
346,False,5,4779,0.7737493515014648,0.9490834517138347
347,False,5,4780,0.8279221057891846,0.9464936284791855
348,False,5,4781,0.7665834426879883,0.9133662391631377
349,False,5,4782,0.8112022876739502,0.9595730659507572
350,False,5,4783,0.8227882385253906,0.9537009972901572
351,False,5,4784,0.7576961517333984,1.0017739076699532
352,False,5,4785,0.8291521072387695,0.956258054290499
353,False,5,4786,0.7907578945159912,0.97922809528453
354,False,5,4787,0.7713055610656738,0.9310564205405258
355,False,5,4788,0.8130097389221191,0.9236072232680662
356,False,5,4789,0.7695167064666748,0.9492583913462503
357,False,5,4790,0.7891771793365479,0.9975588464488586
358,False,5,4791,0.8275773525238037,0.9821210712904025
359,False,5,4792,0.8026282787322998,0.9702130287353484
360,False,5,4793,0.7910263538360596,0.9564818356718336
361,False,5,4794,0.8501908779144287,0.9547429450211072
362,False,5,4795,0.7663440704345703,0.9765674113517717
363,False,5,4796,0.8144736289978027,0.9606303899061114
364,False,5,4797,0.8132593631744385,1.0228429876622698
365,False,5,4798,0.7961077690124512,0.9780452691373371
366,False,5,4799,0.8214845657348633,0.973745509982109
367,True,5,4800,0.9058599472045898,0.9878972477856137
368,False,5,4801,0.8010449409484863,0.9238361078536228
369,False,5,4802,0.7591040134429932,0.9950468430206888
370,False,5,4803,0.832664966583252,0.9734666510706854
371,False,5,4804,0.7718429565429688,0.9166269263341312
372,False,5,4805,0.7874979972839355,0.9857542039383026
373,False,5,4806,0.8348388671875,1.0236799347968328
374,False,5,4807,0.7632591724395752,0.9690697320869992
375,False,5,4808,0.8220796585083008,1.0302515870758466
376,False,5,4809,0.8087961673736572,0.9960511113916124
377,False,5,4810,0.7882335186004639,1.0057895045195304
378,False,5,4811,0.8196792602539062,0.9608671526823724
379,False,5,4812,0.8322560787200928,1.0357391479469482
380,False,5,4813,0.789099931716919,0.9568904549593019
381,False,5,4814,0.8319213390350342,1.0094238548051744
382,False,5,4815,0.7844672203063965,0.9788870539161418
383,False,5,4816,0.7698493003845215,1.0516760037058874
384,False,5,4817,0.8187482357025146,0.938623377255031
385,False,5,4818,0.7744050025939941,1.0022604738672571
386,False,5,4819,0.7861313819885254,1.030172961098807
387,False,5,4820,0.8295989036560059,0.9729970360086077
388,False,5,4821,0.767322301864624,0.9693765008733387
389,False,5,4822,0.8292217254638672,0.9789650975948286
390,False,5,4823,0.8245460987091064,0.9834425821900369
391,False,5,4824,0.758491039276123,1.0079541828128553
392,False,5,4825,0.826859712600708,0.9668195694684982
393,False,5,4826,0.7705984115600586,0.9837299993350392
394,False,5,4827,0.7834146022796631,0.9586435031323205
395,False,5,4828,0.8133056163787842,1.005303776867333
396,False,5,4829,0.7732574939727783,1.0284458377531596
397,False,5,4830,0.8023684024810791,0.9422361511027527
398,False,5,4831,0.828240156173706,0.97385102723326
399,False,5,4832,0.778519868850708,0.9656606987118722
400,False,5,4833,0.8137760162353516,1.0006929096721469
401,False,5,4834,0.8248369693756104,0.9925962416898637
402,False,5,4835,0.7633230686187744,0.9417803519893262
403,False,5,4836,0.8500661849975586,0.9705356104033334
404,False,5,4837,0.8055479526519775,0.9985972344875338
405,False,5,4838,0.7614974975585938,0.9669894498018992
406,False,5,4839,0.8374285697937012,0.9563883841037751
407,False,5,4840,0.7623076438903809,0.971529308706522
408,False,5,4841,0.8045957088470459,0.9359708887835343
409,False,5,4842,0.8175077438354492,1.030507143764269
410,False,5,4843,0.7770545482635498,0.9828192925169356
411,False,5,4844,0.8209104537963867,0.959718060369293
412,False,5,4845,0.8262858390808105,1.0417448654770853
413,False,5,4846,0.7694418430328369,0.935207757921446
414,False,5,4847,0.8508439064025879,0.9472063825953574
415,False,5,4848,0.8044886589050293,0.998986052615302
416,False,5,4849,0.8001272678375244,0.9005047199981553
417,False,5,4850,0.8435943126678467,0.9791290263334911
418,False,5,4851,0.8376126289367676,0.9575442487285251
419,False,5,4852,0.7577321529388428,0.9615721149103982
420,False,5,4853,0.8566305637359619,0.9917728097311088
421,False,5,4854,0.8086323738098145,1.0051890118491082
422,False,5,4855,0.7614638805389404,0.9350068005067961
423,False,5,4856,0.836951494216919,0.9818526440787884
424,False,5,4857,0.7675747871398926,1.022228082375867
425,False,5,4858,0.7902674674987793,0.9856289108949047
426,False,5,4859,0.8255255222320557,1.0023898070766812
427,False,5,4860,0.7749521732330322,0.9921176607410115
428,False,5,4861,0.7979860305786133,0.9293910023711976
429,False,5,4862,0.8180060386657715,0.9377391455428942
430,False,5,4863,0.7570459842681885,0.9777744997824941
431,False,5,4864,0.8363933563232422,1.001295193320229
432,False,5,4865,0.8058629035949707,0.9190350909318243
433,False,5,4866,0.7546899318695068,0.9747167357376644
434,False,5,4867,0.8335404396057129,0.9526905717239492
435,False,5,4868,0.7573480606079102,0.9580594659561203
436,False,5,4869,0.8105652332305908,0.9273497678694272
437,False,5,4870,0.8142139911651611,0.9121456009646257
438,False,5,4871,0.7850637435913086,0.9373511168218792
439,False,5,4872,0.8220312595367432,0.9616847304361207
440,False,5,4873,0.823502779006958,0.9339980758017017
441,False,5,4874,0.799180269241333,0.9660163936870443
442,False,5,4875,0.8168137073516846,0.9627583241533666
443,False,5,4876,0.8344573974609375,1.0405593102886566
444,False,5,4877,0.7625410556793213,0.9552103504538535
445,False,5,4878,0.85453200340271,0.9065811628741874
446,False,5,4879,0.8060703277587891,0.9565901839662168
447,False,5,4880,0.7846565246582031,0.9002257173969633
448,False,5,4881,0.83003830909729,1.0019293498425257
449,False,5,4882,0.7881224155426025,0.9426718904148965
450,False,5,4883,0.7888588905334473,1.0118321061489128
451,False,5,4884,0.8130362033843994,0.9138776998789538
452,False,5,4885,0.8309793472290039,0.9867737953151976
453,False,5,4886,0.7986185550689697,0.9691295123526028
454,False,5,4887,0.8153624534606934,0.9726359986123584
455,False,5,4888,0.8005967140197754,0.8975789016556172
456,False,5,4889,0.7967972755432129,1.008004563284062
457,False,5,4890,0.8199334144592285,0.9240798020646686
458,False,5,4891,0.8010292053222656,1.0268157504144166
459,False,5,4892,0.7581744194030762,0.9028000742906614
460,False,5,4893,0.8439505100250244,0.9607448845746973
461,False,5,4894,0.763906717300415,0.9362020687687966
462,False,5,4895,0.7958619594573975,1.0113247562022436
463,False,5,4896,0.8300318717956543,0.9300993920436927
464,False,5,4897,0.7575571537017822,1.0154852310106868
465,False,5,4898,0.8214833736419678,0.9390289865079379
466,False,5,4899,0.8078179359436035,0.9618000868885291
467,True,5,4900,0.8726942539215088,0.9435972539441925
468,False,5,4901,0.797187328338623,1.0478676358858745
469,False,5,4902,0.8245646953582764,0.9999493573393141
470,False,5,4903,0.7769298553466797,0.9665737290467534
471,False,5,4904,0.8110289573669434,1.032366815067473
472,False,5,4905,0.8218441009521484,0.9434763686287972
473,False,5,4906,0.7595269680023193,0.9408504778430574
474,False,5,4907,0.8455052375793457,1.0028924814292364
475,False,5,4908,0.7876572608947754,1.0349846113295782
476,False,5,4909,0.7678675651550293,0.9841626731767541
477,False,5,4910,0.8293139934539795,1.0302661508321762
478,False,5,4911,0.7698760032653809,0.9535275172619593
479,False,5,4912,0.8055849075317383,0.9719102276223047
480,False,5,4913,0.8086299896240234,0.8957149205463273
481,False,5,4914,0.7682511806488037,1.0394943136544457
482,False,5,4915,0.8149271011352539,0.9777105957979249
483,False,5,4916,0.8139605522155762,0.9522476061469032
484,False,5,4917,0.759648323059082,0.9711863224705058
485,False,5,4918,0.8376731872558594,1.0512733956178029
486,False,5,4919,0.7793064117431641,1.0033337204229265
487,False,5,4920,0.781944990158081,0.9561153064881053
488,False,5,4921,0.824150800704956,0.9846291002773102
489,False,5,4922,0.7758984565734863,0.9539944600491297
490,False,5,4923,0.80224609375,0.9343046011137112
491,False,5,4924,0.8483626842498779,0.9897044325868288
492,False,5,4925,0.7649984359741211,0.9695465898229959
493,False,5,4926,0.819291353225708,0.9794390350580214
494,False,5,4927,0.8248612880706787,0.959585684395972
495,False,5,4928,0.7664027214050293,0.9836414457254467
496,False,5,4929,0.8329088687896729,0.9405497078384674
497,False,5,4930,0.8045353889465332,0.9659804574080878
498,False,5,4931,0.7717616558074951,0.9378417652277721
499,False,5,4932,0.8172547817230225,0.9679583183356694
500,False,5,4933,0.7898313999176025,0.9772307216411544
501,False,5,4934,0.766948938369751,0.9758868015238216
502,False,5,4935,0.8331975936889648,1.0266722107217428
503,False,5,4936,0.7935152053833008,0.9873426276303472
504,False,5,4937,0.7882368564605713,0.9738310667730512
505,False,5,4938,0.8510851860046387,0.9974571537403834
506,False,5,4939,0.7600781917572021,0.9845425271916957
507,False,5,4940,0.8221571445465088,0.9953635413022268
508,False,5,4941,0.8209459781646729,1.0120160627577985
509,False,5,4942,0.7908365726470947,1.0323226189329509
510,False,5,4943,0.810673713684082,0.9855514349681991
511,False,5,4944,0.8180100917816162,0.9731826988004504
512,False,5,4945,0.7760157585144043,1.0182305028041203
513,False,5,4946,0.8164629936218262,0.9102116897702217
514,False,5,4947,0.8181815147399902,1.0133071807878358
515,False,5,4948,0.7645385265350342,0.9750288879232746
516,False,5,4949,0.826359748840332,0.9950005099886938
517,False,5,4950,0.7849478721618652,0.946439911921819
518,False,5,4951,0.7765786647796631,1.038639417716435
519,False,5,4952,0.8286337852478027,1.0223958825781232
520,False,5,4953,0.7609949111938477,0.968476095369884
521,False,5,4954,0.8254115581512451,0.9550366226938509
522,False,5,4955,0.8097071647644043,0.9837452144849869
523,False,5,4956,0.776878833770752,0.9783023790944191
524,False,5,4957,0.8240225315093994,1.0086831287259148
525,False,5,4958,0.7986183166503906,0.9387560664188292
526,False,5,4959,0.7731838226318359,1.0184761702659586
527,False,5,4960,0.8320891857147217,0.9875222614833289
528,False,5,4961,0.7612497806549072,1.0059909236927829
529,False,5,4962,0.8128893375396729,0.9342491452892622
530,False,5,4963,0.8125238418579102,0.9941447614913896
531,False,5,4964,0.7806305885314941,0.9820454237716538
532,False,5,4965,0.8131506443023682,0.9431611923944382
533,False,5,4966,0.8231422901153564,1.0012704510064354
534,False,5,4967,0.7658517360687256,0.9556269624403544
535,False,5,4968,0.8245627880096436,0.9857122413814068
536,False,5,4969,0.7877590656280518,0.9664540361790429
537,False,5,4970,0.7718794345855713,0.9772390120086218
538,False,5,4971,0.839240312576294,0.9739306881314235
539,False,5,4972,0.7652487754821777,0.9921759686299733
540,False,5,4973,0.8042612075805664,1.0137083502042863
541,False,5,4974,0.8197903633117676,0.9388087396288203
542,False,5,4975,0.7865073680877686,0.9497842222806951
543,False,5,4976,0.8079695701599121,0.9363556812916481
544,False,5,4977,0.8148844242095947,0.9848080674807231
545,False,5,4978,0.7730522155761719,0.951511618104719
546,False,5,4979,0.8051497936248779,0.9321422174218156
547,False,5,4980,0.878913164138794,1.0319627590832254
548,False,5,4981,0.8818061351776123,0.9716931443129267
549,False,5,4982,0.8628051280975342,0.9749651501576104
550,False,5,4983,0.882265567779541,1.0046297185832544
551,False,5,4984,0.864917516708374,0.972651359580812
552,False,5,4985,0.8671627044677734,0.9883067813657579
553,False,5,4986,0.8795936107635498,0.9810436609245482
554,False,5,4987,0.863412618637085,0.8993582711333319
555,False,5,4988,0.8837027549743652,0.9483490976549328
556,False,5,4989,0.8671700954437256,0.975433699964058
557,False,5,4990,0.8905849456787109,0.9455076794893967
558,False,5,4991,0.8746297359466553,0.9352019142714284
559,False,5,4992,0.8690268993377686,1.008999901158469
560,False,5,4993,0.8936851024627686,0.9143542814112845
561,False,5,4994,0.8745989799499512,0.9276226331435498
562,False,5,4995,0.8757777214050293,0.9263380788089264
563,False,5,4996,0.8574671745300293,0.9393517545291356
564,False,5,4997,0.8802647590637207,0.9452064094089325
565,False,5,4998,0.8698577880859375,0.9430569569979395
566,False,5,4999,0.8884897232055664,0.9498190063805808
567,True,5,5000,0.9599025249481201,0.993458960737501
568,False,5,5001,0.8714423179626465,0.9367863024984087
569,False,5,5002,0.8818168640136719,0.9560285008379391
570,False,5,5003,0.8822202682495117,0.9503773067678724
571,False,5,5004,0.8763799667358398,0.9796146330024516
572,False,5,5005,0.879934549331665,1.007972321340016
573,False,5,5006,0.8733429908752441,0.9815691060253552
574,False,5,5007,0.8893969058990479,1.0047513008827251
575,False,5,5008,0.8704555034637451,1.0466890108017695
576,False,5,5009,0.8690598011016846,0.9330656262380737
577,False,5,5010,0.8832027912139893,0.9821758390892119
578,False,5,5011,0.853400707244873,0.974235728294367
579,False,5,5012,0.8778676986694336,0.9787910282611846
580,False,5,5013,0.8906843662261963,0.9997911070074356
581,False,5,5014,0.8535892963409424,0.963798690764677
582,False,5,5015,0.8826210498809814,0.9743264145439579
583,False,5,5016,0.8681490421295166,0.988490454143002
584,False,5,5017,0.8679087162017822,0.9796765276363916
585,False,5,5018,0.8858954906463623,0.9555359642420497
586,False,5,5019,0.8696177005767822,0.9436424651316232
587,False,5,5020,0.869635820388794,0.9826544650963377
588,False,5,5021,0.8694057464599609,0.9657027749788195
589,False,5,5022,0.8939876556396484,0.9518969240820123
590,False,5,5023,0.8901057243347168,1.0071681666941867
591,False,5,5024,0.8726592063903809,0.9830302858636495
592,False,5,5025,0.8959720134735107,0.9809745798508326
593,False,5,5026,0.8710541725158691,0.9948891074884505
594,False,5,5027,0.8841307163238525,0.9127902317614783
595,False,5,5028,0.8804845809936523,0.9527482848969246
596,False,5,5029,0.8735239505767822,0.9979202467061226
597,False,5,5030,0.8762400150299072,0.9768952635072526
598,False,5,5031,0.871314287185669,0.9314105720037504
599,False,5,5032,0.8824565410614014,0.9291464175496782
600,False,5,5033,0.864436149597168,1.0213558631283897
601,False,5,5034,0.8840451240539551,0.9750146885358153
602,False,5,5035,0.8659937381744385,0.9418960142703284
603,False,5,5036,0.886716365814209,0.9979258612507865
604,False,5,5037,0.8730783462524414,0.9668069119964328
605,False,5,5038,0.8749616146087646,0.9563450884251364
606,False,5,5039,0.8832933902740479,0.9952075736863273
607,False,5,5040,0.8691506385803223,0.9857601409866693
608,False,5,5041,0.8672182559967041,1.0255101117349807
609,False,5,5042,0.8901450634002686,0.9390117644908882
610,False,5,5043,0.8584411144256592,0.9936966021500883
611,False,5,5044,0.8975903987884521,0.9987710359550656
612,False,5,5045,0.8807353973388672,0.9779502277572949
613,False,5,5046,0.8607823848724365,0.9468222349172548
614,False,5,5047,0.80214524269104,0.969088701974778
615,False,5,5048,0.8201999664306641,0.9621136756170365
616,False,5,5049,0.8141279220581055,0.9505916982889177
617,False,5,5050,0.7582428455352783,0.9822689289493219
618,False,5,5051,0.825538158416748,0.9499141517139614
619,False,5,5052,0.7807974815368652,0.9592267578201634
620,False,5,5053,0.7864851951599121,0.9931809604167937
621,False,5,5054,0.8243560791015625,0.974118247628212
622,False,5,5055,0.7580380439758301,0.9803361346324283
623,False,5,5056,0.8289554119110107,0.9756107694868529
624,False,5,5057,0.7972695827484131,0.9657483704033354
625,False,5,5058,0.7788472175598145,0.9952547003825506
626,False,5,5059,0.8201830387115479,0.996984011537972
627,False,5,5060,0.7933709621429443,0.9575016065722418
628,False,5,5061,0.7631239891052246,0.9791424093501909
629,False,5,5062,0.8465080261230469,0.9551491219372976
630,False,5,5063,0.7699267864227295,0.9627510507901508
631,False,5,5064,0.8102777004241943,0.9357331739295097
632,False,5,5065,0.8199570178985596,0.9492928825673604
633,False,5,5066,0.7725002765655518,0.9523618050983974
634,False,5,5067,0.8246123790740967,0.9941097792415393
635,False,5,5068,0.8171191215515137,0.9801645280704612
636,False,5,5069,0.7704877853393555,1.0007379296280086
637,False,5,5070,0.8262443542480469,0.9880850123507636
638,False,5,5071,0.7973616123199463,0.9971988633984611
639,False,5,5072,0.7633514404296875,0.9743033463046664
640,False,5,5073,0.8348634243011475,1.0025689685273738
641,False,5,5074,0.7624149322509766,0.9833760552463078
642,False,5,5075,0.8090157508850098,0.9588014366371291
643,False,5,5076,0.8144893646240234,1.0140093671424049
644,False,5,5077,0.7829840183258057,0.9717634689240228
645,False,5,5078,0.8161852359771729,0.990850037052518
646,False,5,5079,0.8054888248443604,0.9892575292005424
647,False,5,5080,0.7712109088897705,0.9388288511406808
648,False,5,5081,0.82084059715271,0.9889997570287613
649,False,5,5082,0.7975568771362305,0.9705765684623094
650,False,5,5083,0.7606074810028076,0.9760242317404064
651,False,5,5084,0.829071044921875,1.0426241464558101
652,False,5,5085,0.7611112594604492,0.9436178918750513
653,False,5,5086,0.8017795085906982,0.9358155755769636
654,False,5,5087,0.8313403129577637,0.9485946808542525
655,False,5,5088,0.7622482776641846,1.0172655261343433
656,False,5,5089,0.8177173137664795,0.9500961296615146
657,False,5,5090,0.8007984161376953,0.9706634584636913
658,False,5,5091,0.7772355079650879,0.9368632214055174
659,False,5,5092,0.818974494934082,0.9418776008699621
660,False,5,5093,0.7972724437713623,0.9627727163689477
661,False,5,5094,0.756798505783081,0.9724045399399033
662,False,5,5095,0.8303492069244385,1.016998308400313
663,False,5,5096,0.7597675323486328,0.9742416459180059
664,False,5,5097,0.8145694732666016,0.9556526606458994
665,False,5,5098,0.8146154880523682,0.9953698508796237
666,False,5,5099,0.8056273460388184,0.9608984376702988
667,True,5,5100,0.8815686702728271,0.9568691269627639
668,False,5,5101,0.8404297828674316,0.9896660606775964
669,False,5,5102,0.799267053604126,0.9852337666920254
670,False,5,5103,0.7626986503601074,0.9899300939980007
671,False,5,5104,0.8353588581085205,1.0068830826452797
672,False,5,5105,0.7594382762908936,0.9366868060259591
673,False,5,5106,0.8112516403198242,0.9788936263039
674,False,5,5107,0.8177709579467773,0.9811212842663131
675,False,5,5108,0.7734317779541016,1.015669160655567
676,False,5,5109,0.814650297164917,0.9998287420187678
677,False,5,5110,0.8228683471679688,0.9567985719158536
678,False,5,5111,0.7754638195037842,0.9776588050382478
679,False,5,5112,0.8137643337249756,0.9587540321406863
680,False,5,5113,0.8026590347290039,1.0126163147035097
681,False,5,5114,0.7611865997314453,0.9694225188522112
682,False,5,5115,0.8466470241546631,0.9982451902968544
683,False,5,5116,0.7672421932220459,1.0231354850388708
684,False,5,5117,0.7929880619049072,0.9714350593941552
685,False,5,5118,0.8248190879821777,0.9739721012966975
686,False,5,5119,0.7629919052124023,0.9687534045605433
687,False,5,5120,0.8216748237609863,0.9941278398036957
688,False,5,5121,0.8106498718261719,1.0122988174359004
689,False,5,5122,0.7762312889099121,0.9783107308404786
690,False,5,5123,0.8112137317657471,1.0005609701786722
691,False,5,5124,0.8007256984710693,1.065707150669325
692,False,5,5125,0.7635822296142578,0.9640922102899778
693,False,5,5126,0.8357956409454346,1.0098895324128012
694,False,5,5127,0.7787983417510986,0.9765295095386958
695,False,5,5128,0.7868170738220215,0.9354024673146861
696,False,5,5129,0.8506886959075928,0.9577688949093932
697,False,5,5130,0.7679023742675781,0.9342018514871597
698,False,5,5131,0.8038532733917236,0.9679088184521312
699,False,5,5132,0.8187153339385986,0.993107941533838
700,False,5,5133,0.7737641334533691,0.9336648178952078
701,False,5,5134,0.8158214092254639,0.9715748276738895
702,False,5,5135,0.8224403858184814,0.954391943556922
703,False,5,5136,0.7775204181671143,0.9773427808568591
704,False,5,5137,0.8267018795013428,0.9408230369999295
705,False,5,5138,0.7844250202178955,0.9465304045450118
706,False,5,5139,0.7671113014221191,0.9161811847062338
707,False,5,5140,0.8165130615234375,0.973408137758573
708,False,5,5141,0.777672290802002,0.9670317536663443
709,False,5,5142,0.7959787845611572,0.9396212842492832
710,False,5,5143,0.8270900249481201,0.8938548430090858
711,False,5,5144,0.7698397636413574,0.9306391271806898
712,False,5,5145,0.8126213550567627,0.9730841932552199
713,False,5,5146,0.8143961429595947,1.0269174249399278
714,False,5,5147,0.7578632831573486,0.9967375958249683
715,False,5,5148,0.8543095588684082,0.9548709910540355
716,False,5,5149,0.7781777381896973,0.9940307395798818
717,False,5,5150,0.7961373329162598,0.9592066705226898
718,False,5,5151,0.833547830581665,0.9552495160273143
719,False,5,5152,0.7766563892364502,0.9675112774684316
720,False,5,5153,0.7874054908752441,0.9715757277749834
721,False,5,5154,0.8160688877105713,1.0161349212839492
722,False,5,5155,0.7707476615905762,0.9601529290278751
723,False,5,5156,0.8111047744750977,0.9896727403004966
724,False,5,5157,0.823204755783081,0.9496029714743297
725,False,5,5158,0.7715098857879639,0.9165523811465219
726,False,5,5159,0.8323631286621094,1.0523193705649603
727,False,5,5160,0.814056396484375,0.9633127172433195
728,False,5,5161,0.7608737945556641,0.9218934378808455
729,False,5,5162,0.825425386428833,0.9768458824782142
730,False,5,5163,0.7681729793548584,0.9330783491688117
731,False,5,5164,0.7847111225128174,1.010346890915008
732,False,5,5165,0.8180394172668457,0.9220233646531899
733,False,5,5166,0.7747490406036377,0.9505611611973672
734,False,5,5167,0.800450325012207,0.9787090729389872
735,False,5,5168,0.8267571926116943,0.9408354276702517
736,False,5,5169,0.7678163051605225,0.9790375757785069
737,False,5,5170,0.8303289413452148,0.9379284349935395
738,False,5,5171,0.8068032264709473,0.9370221091168269
739,False,5,5172,0.7593777179718018,0.9876328536442349
740,False,5,5173,0.8329789638519287,0.9820017172467141
741,False,5,5174,0.7732372283935547,0.9868734237693603
742,False,5,5175,0.7811775207519531,0.9786733530816577
743,False,5,5176,0.8279945850372314,0.9128579969207447
744,False,5,5177,0.762725830078125,0.9418956243566107
745,False,5,5178,0.8277008533477783,0.907128993244398
746,False,5,5179,0.8268980979919434,0.9609957926330113
747,False,5,5180,0.7554571628570557,0.9566700337898162
748,False,5,5181,0.8260717391967773,0.9533698707818985
749,False,5,5182,0.7659497261047363,0.9296034938167956
750,False,5,5183,0.7853364944458008,0.9113664233258791
751,False,5,5184,0.8189644813537598,0.8979835164334095
752,False,5,5185,0.7715902328491211,0.9901209853234744
753,False,5,5186,0.7981116771697998,0.9734186890224615
754,False,5,5187,0.8308398723602295,0.9850579393761499
755,False,5,5188,0.7555432319641113,0.998734816554047
756,False,5,5189,0.8172118663787842,0.9505667063806738
757,False,5,5190,0.7872774600982666,0.9504332875921614
758,False,5,5191,0.7688477039337158,0.9469003606410256
759,False,5,5192,0.8331127166748047,0.9462172548685756
760,False,5,5193,0.7657365798950195,0.9500784903232541
761,False,5,5194,0.8053045272827148,1.0643312888486045
762,False,5,5195,0.8122568130493164,0.9685725793242453
763,False,5,5196,0.7763309478759766,0.9644574239140465
764,False,5,5197,0.8183014392852783,0.9137903203566871
765,False,5,5198,0.7941303253173828,0.9852043014197125
766,False,5,5199,0.7746634483337402,0.9800762736371587
767,True,5,5200,0.9098086357116699,0.9860772476309821
768,False,5,5201,0.8186235427856445,1.0084866278228306
769,False,5,5202,0.7557668685913086,1.004384253706251
770,False,5,5203,0.8270726203918457,0.9645191867436683
771,False,5,5204,0.7859790325164795,0.9775495004086265
772,False,5,5205,0.7805159091949463,0.9585491170485813
773,False,5,5206,0.8352491855621338,1.0837906755152202
774,False,5,5207,0.7788345813751221,1.0105590334250816
775,False,5,5208,0.7871909141540527,0.9303987891901105
776,False,5,5209,0.8386843204498291,1.0256735058057875
777,False,5,5210,0.761188268661499,0.9585554480020487
778,False,5,5211,0.8123633861541748,1.0458320329586663
779,False,5,5212,0.8290612697601318,0.9736820108124189
780,False,5,5213,0.7619583606719971,0.9844310492986725
781,False,5,5214,0.8290176391601562,0.9254492145209086
782,False,5,5215,0.8016483783721924,0.9610432819241571
783,False,5,5216,0.7857956886291504,0.9263204439055353
784,False,5,5217,0.8200244903564453,0.9714812561869622
785,False,5,5218,0.8045041561126709,0.9559781742947442
786,False,5,5219,0.7594335079193115,0.9700231559219815
787,False,5,5220,0.8369312286376953,0.9712171011737415
788,False,5,5221,0.7834270000457764,1.0000975990579242
789,False,5,5222,0.7820556163787842,0.9253349063829297
790,False,5,5223,0.8352944850921631,0.9241325464099647
791,False,5,5224,0.7513470649719238,0.9793617242858523
792,False,5,5225,0.8243069648742676,0.9445164735828127
793,False,5,5226,0.8289289474487305,0.9576098354799406
794,False,5,5227,0.7898139953613281,0.9636576310509726
795,False,5,5228,0.8136894702911377,0.9421660133770532
796,False,5,5229,0.7998645305633545,0.9947863859789713
797,False,5,5230,0.7855591773986816,0.92331264203503
798,False,5,5231,0.8502964973449707,0.9648894598441463
799,False,5,5232,0.827880859375,0.984959502660093
800,False,5,5233,0.7804546356201172,0.961080399652322
801,False,5,5234,0.8127224445343018,0.9413573280686423
802,False,5,5235,0.7998664379119873,0.9612828164937951
803,False,5,5236,0.7699868679046631,0.9977835090387437
804,False,5,5237,0.8254063129425049,0.9866820038074539
805,False,5,5238,0.8103189468383789,0.9769437706896238
806,False,5,5239,0.7917149066925049,0.9849594742769288
807,False,5,5240,0.8214337825775146,1.023332309155237
808,False,5,5241,0.7770922183990479,1.0086799299433118
809,False,5,5242,0.7939243316650391,0.9707186732973373
810,False,5,5243,0.8312232494354248,0.9727891382007371
811,False,5,5244,0.7654740810394287,0.9682342899697166
812,False,5,5245,0.8225593566894531,0.9415987923386552
813,False,5,5246,1.0488002300262451,0.9698565247513
814,False,5,5247,1.1668343544006348,0.9880269038535299
815,False,5,5248,1.1419572830200195,0.9842226233865533
816,False,5,5249,1.1607801914215088,0.9766757016380628
817,False,5,5250,1.1706960201263428,1.0182755876864706
818,False,5,5251,1.1519269943237305,0.9988592483458065
819,False,5,5252,1.1823532581329346,0.9278352673919427
820,False,5,5253,1.2009050846099854,0.9356115974840662
821,False,5,5254,1.166106939315796,0.9394781415661173
822,False,5,5255,1.1498165130615234,0.9834892792361124
823,False,5,5256,1.1760356426239014,0.9938774559469451
824,False,5,5257,1.1703541278839111,0.9266804179974965
825,False,5,5258,1.1385726928710938,0.993067206371398
826,False,5,5259,1.164292335510254,0.9524070395245438
827,False,5,5260,1.1849861145019531,1.0016100676286788
828,False,5,5261,1.1423730850219727,0.9723564780184201
829,False,5,5262,1.1584646701812744,0.9442611350899651
830,False,5,5263,1.175321340560913,0.9399735955964951
831,False,5,5264,1.1769263744354248,0.968813022332532
832,False,5,5265,1.1537418365478516,0.9831616193765688
833,False,5,5266,1.1598401069641113,0.9476992739807995
834,False,5,5267,1.1651651859283447,0.9791191046436628
835,False,5,5268,1.150890827178955,0.9899665392225696
836,False,5,5269,1.1671102046966553,0.986377684488183
837,False,5,5270,1.1595549583435059,0.958936458187444
838,False,5,5271,1.1597473621368408,0.9805120786740668
839,False,5,5272,1.1454880237579346,1.008771178268251
840,False,5,5273,1.163365364074707,0.9456419487084661
841,False,5,5274,1.161524772644043,0.9766869449189732
842,False,5,5275,1.1513311862945557,0.9626900830439158
843,False,5,5276,1.1721343994140625,0.990136285268125
844,False,5,5277,1.1657383441925049,0.9841439179366545
845,False,5,5278,1.143287181854248,0.950112854441007
846,False,5,5279,1.1724824905395508,0.9755494346221288
847,False,5,5280,1.1493635177612305,1.0043937837084134
848,False,5,5281,1.1769237518310547,0.9668793648126581
849,False,5,5282,1.1578490734100342,0.9769552073308401
850,False,5,5283,1.1741900444030762,0.9418228204761233
851,False,5,5284,1.1430022716522217,1.022714247306188
852,False,5,5285,1.126237154006958,1.0003405085631778
853,False,5,5286,1.1656272411346436,0.9753330534412747
854,False,5,5287,1.1588740348815918,0.9679914351020541
855,False,5,5288,1.1337580680847168,0.9809202727462566
856,False,5,5289,1.1744320392608643,0.9212960558278221
857,False,5,5290,1.1584796905517578,0.9133280891747702
858,False,5,5291,1.1279988288879395,0.9600151394094739
859,False,5,5292,1.1693592071533203,0.98213597706386
860,False,5,5293,1.151745319366455,0.950351174388613
861,False,5,5294,1.15922212600708,0.9413352017956121
862,False,5,5295,1.1655206680297852,1.0044971193586079
863,False,5,5296,1.1445071697235107,0.9194654974909058
864,False,5,5297,1.1535835266113281,0.9356297543715861
865,False,5,5298,1.1616499423980713,0.9632058203929946
866,False,5,5299,1.158498764038086,0.9732087555208375
867,True,5,5300,1.2663681507110596,1.1028846573261988
868,False,5,5301,1.1484744548797607,0.9911954381636209
869,False,5,5302,1.1535940170288086,0.9493940465507053
870,False,5,5303,1.1411449909210205,0.9688739911431359
871,False,5,5304,1.1652393341064453,0.9186611661598796
872,False,5,5305,1.1722066402435303,1.0414922379312062
873,False,5,5306,1.1601312160491943,0.9777767942065287
874,False,5,5307,1.145425796508789,0.944453667139723
875,False,5,5308,1.1634974479675293,1.02782070069086
876,False,5,5309,1.1802058219909668,0.9642373107018924
877,False,5,5310,1.1320922374725342,0.9993402915341514
878,False,5,5311,1.177717685699463,0.9910899734213237
879,False,5,5312,1.1556732654571533,0.9983511063314621
880,False,5,5313,1.1558170318603516,1.0045017284296807
881,False,5,5314,1.1507594585418701,0.9894508850716409
882,False,5,5315,1.1699349880218506,0.9356675552470342
883,False,5,5316,1.149012804031372,0.9181912065971464
884,False,5,5317,1.1699247360229492,0.9547160519730479
885,False,5,5318,1.1893765926361084,0.9768645234760783
886,False,5,5319,1.1468677520751953,1.0074819454124995
887,False,5,5320,1.1444613933563232,0.9455949884085427
888,False,5,5321,1.1711924076080322,0.9945710109812873
889,False,5,5322,1.1734936237335205,1.0233356753985088
890,False,5,5323,1.146655559539795,0.9866931303626019
891,False,5,5324,1.1625983715057373,0.9739253645141919
892,False,5,5325,1.1538102626800537,0.9946256350903283
893,False,5,5326,1.0633437633514404,0.9855404581342425
894,False,5,5327,1.154975414276123,0.922958046818773
895,False,5,5328,1.0623211860656738,0.9861260035208294
896,False,5,5329,1.1372654438018799,0.9866382231314977
897,False,5,5330,1.0960867404937744,1.0257665663957596
898,False,5,5331,1.073314905166626,0.9866725227662497
899,False,5,5332,1.108757495880127,0.9468307423272303
900,False,5,5333,1.0394716262817383,0.96812998148657
901,False,5,5334,1.1338932514190674,0.9108894657166232
902,False,5,5335,1.0360782146453857,0.9086575758244309
903,False,5,5336,1.1397998332977295,0.9621141865139913
904,False,5,5337,1.0315196514129639,0.9673254695676623
905,False,5,5338,1.1253445148468018,1.0022483822845278
906,False,5,5339,1.0342094898223877,0.9621758695159638
907,False,5,5340,1.1126294136047363,0.9292151027669509
908,False,5,5341,1.042266607284546,0.9762288803855577
909,False,5,5342,1.1335844993591309,0.9692244480053585
910,False,5,5343,1.0179612636566162,0.9222414486465003
911,False,5,5344,1.1245043277740479,0.9271788208612374
912,False,5,5345,1.0751864910125732,0.9253117128142289
913,False,5,5346,1.088486671447754,1.0526619099435355
914,False,5,5347,1.1411898136138916,0.9936373680830001
915,False,5,5348,1.0889883041381836,0.9800512609737261
916,False,5,5349,1.1401214599609375,0.9690433563221069
917,False,5,5350,1.083333969116211,0.9805094798405967
918,False,5,5351,1.1280875205993652,0.9546514887894902
919,False,5,5352,1.181352138519287,0.9952247994286675
920,False,5,5353,1.1512935161590576,0.9107126914674326
921,False,5,5354,1.1459672451019287,0.9263722658866929
922,False,5,5355,1.1905522346496582,0.9781341268902735
923,False,5,5356,1.1562097072601318,1.0068149318297706
924,False,5,5357,1.1522715091705322,0.9544810585322835
925,False,5,5358,1.1845214366912842,0.9561461025760288
926,False,5,5359,1.175461769104004,0.9632438300620941
927,False,5,5360,1.147153377532959,0.9685243495873045
928,False,5,5361,1.162938117980957,0.935468071982974
929,False,5,5362,1.181607723236084,0.9446023787770954
930,False,5,5363,1.1688387393951416,0.9941519420771371
931,False,5,5364,1.1167349815368652,0.972621518586363
932,False,5,5365,1.1885321140289307,1.0184679219410533
933,False,5,5366,1.1562182903289795,0.9774320019142971
934,False,5,5367,1.103774070739746,0.9292086740689619
935,False,5,5368,1.157005786895752,0.9094810375855082
936,False,5,5369,1.1096060276031494,0.9513981823055518
937,False,5,5370,1.0923140048980713,0.9824514921222414
938,False,5,5371,1.1782126426696777,0.9162271079562959
939,False,5,5372,1.152557134628296,0.9810704784024329
940,False,5,5373,1.1397252082824707,0.9996899259941918
941,False,5,5374,1.1929004192352295,0.9685093104129746
942,False,5,5375,1.152477502822876,0.9891529111635118
943,False,5,5376,1.1437349319458008,0.9756708407685871
944,False,5,5377,1.1803488731384277,1.0008536818481628
945,False,5,5378,1.1819610595703125,0.9993719483415284
946,False,5,5379,1.1493284702301025,1.0087893541370119
947,False,5,5380,1.152604341506958,1.0071156830305146
948,False,5,5381,1.179340124130249,0.955014094000771
949,False,5,5382,1.158200979232788,0.9851197898387909
950,False,5,5383,1.1450045108795166,0.9811912945338659
951,False,5,5384,1.1814980506896973,0.9505676187220072
952,False,5,5385,1.1735820770263672,0.9792765953711102
953,False,5,5386,1.1472103595733643,0.9377182260865257
954,False,5,5387,1.170633316040039,0.9451990815855209
955,False,5,5388,1.1832695007324219,0.9486728500397433
956,False,5,5389,1.1580452919006348,1.021567627078011
957,False,5,5390,1.1438908576965332,0.9777806527203038
958,False,5,5391,1.169081211090088,0.9276114608205499
959,False,5,5392,1.171191692352295,0.9322165238360565
960,False,5,5393,1.143784523010254,0.9741612548629442
961,False,5,5394,1.1705822944641113,0.9948600784298919
962,False,5,5395,1.1635146141052246,0.9887293066297259
963,False,5,5396,1.1458210945129395,0.9498307030825388
964,False,5,5397,1.1619834899902344,0.9295376209276064
965,False,5,5398,1.1725618839263916,0.9468854176146643
966,False,5,5399,1.1690247058868408,0.9326040922176272
967,True,5,5400,1.2771155834197998,0.9237934618833518
968,False,5,5401,1.15861177444458,0.9764133393764495
969,False,5,5402,1.1579158306121826,0.9756409149794353
970,False,5,5403,1.1576471328735352,0.9719555094128561
971,False,5,5404,1.1653928756713867,0.9917405410891486
972,False,5,5405,1.1630516052246094,0.9741072548287255
973,False,5,5406,1.1667964458465576,0.9590733345775377
974,False,5,5407,1.1456375122070312,0.9670092584121794
975,False,5,5408,1.169508934020996,0.9789148878660939
976,False,5,5409,1.1601989269256592,0.9445048999928295
977,False,5,5410,1.175889015197754,0.9319634645999895
978,False,5,5411,1.1570584774017334,1.0298219181242445
979,False,5,5412,1.1714015007019043,0.9566409204687389
980,False,5,5413,1.1544628143310547,1.0224211556570872
981,False,5,5414,1.151247262954712,0.9573880639814195
982,False,5,5415,1.1616511344909668,0.9836985355331782
983,False,5,5416,1.1737420558929443,1.000740600483758
984,False,5,5417,1.1572487354278564,0.9778011909552983
985,False,5,5418,1.163503885269165,0.9498105474880765
986,False,5,5419,1.142481803894043,0.9505215837132361
987,False,5,5420,1.1464159488677979,1.021349311584518
988,False,5,5421,1.1784729957580566,0.9054569374947321
989,False,5,5422,1.157684564590454,0.9733746548493701
990,False,5,5423,1.1424174308776855,0.9632282670409907
991,False,5,5424,1.154425859451294,0.938624462201482
992,False,5,5425,1.1300923824310303,0.9843323748736156
993,False,5,5426,1.157341718673706,0.9725895158591725
994,False,5,5427,1.1703894138336182,0.938719055837109
995,False,5,5428,1.1682558059692383,0.9405636294257074
996,False,5,5429,1.1432194709777832,0.9533089200655619
997,False,5,5430,1.1703112125396729,0.9749650068226313
998,False,5,5431,1.1635494232177734,0.9007630449320585
999,False,5,5432,1.1446566581726074,0.9708628420318876
1000,False,5,5433,1.1560990810394287,0.9709138075510659
1001,False,5,5434,1.1472461223602295,0.9470830506512098
1002,False,5,5435,1.1461670398712158,0.9446342431363605
1003,False,5,5436,1.150362491607666,0.9301415830850601
1004,False,5,5437,1.1828606128692627,0.9958889989980628
1005,False,5,5438,1.1447882652282715,0.95915797210875
1006,False,5,5439,1.1552886962890625,0.9277387708425522
1007,False,5,5440,1.1794037818908691,0.9510743937322073
1008,False,5,5441,1.1535563468933105,0.9194053202157928
1009,False,5,5442,1.1380155086517334,0.9860940596887044
1010,False,5,5443,1.1836767196655273,0.9926561933188212
1011,False,5,5444,1.1641767024993896,0.9543940152618147
1012,False,5,5445,1.105928897857666,0.9764966166445187
1013,False,5,5446,1.1615784168243408,0.9487477267781893
1014,False,5,5447,1.0815606117248535,0.9663741750021775
1015,False,5,5448,1.0839054584503174,0.9935657715513593
1016,False,5,5449,1.1205251216888428,0.9991925809355009
1017,False,5,5450,1.029449462890625,0.943097682226272
1018,False,5,5451,1.130772352218628,0.9581428886879059
1019,False,5,5452,1.0396862030029297,1.017432520077342
1020,False,5,5453,1.1256954669952393,0.9550686820986725
1021,False,5,5454,1.0400421619415283,0.9406262731977871
1022,False,5,5455,1.1304535865783691,0.9267829727558863
1023,False,5,5456,1.0524189472198486,1.01197426092057
1024,False,5,5457,1.1075842380523682,0.9805357253977229
1025,False,5,5458,1.029489278793335,0.9073887167587166
1026,False,5,5459,1.1322524547576904,0.9240889093350794
1027,False,5,5460,1.0828168392181396,0.8930527814442204
1028,False,5,5461,1.0891387462615967,0.9201413996162866
1029,False,5,5462,1.1485116481781006,0.9391160149659429
1030,False,5,5463,1.0897767543792725,0.9186204380932306
1031,False,5,5464,1.1638333797454834,0.9364742063695477
1032,False,5,5465,1.0585734844207764,0.9805718635519346
1033,False,5,5466,1.1192734241485596,0.9864352984087805
1034,False,5,5467,1.1263482570648193,0.9370195606634731
1035,False,5,5468,1.0435941219329834,1.0328566063018072
1036,False,5,5469,1.1488306522369385,0.973658868244716
1037,False,5,5470,1.0367741584777832,0.9578012054165205
1038,False,5,5471,1.1238043308258057,0.9426968363778933
1039,False,5,5472,1.035367488861084,1.0112053939983958
1040,False,5,5473,1.1394522190093994,0.9470937259140468
1041,False,5,5474,1.037905216217041,0.9522482923098975
1042,False,5,5475,1.1272308826446533,0.9442362810174623
1043,False,5,5476,1.105900764465332,0.9884739972296217
1044,False,5,5477,1.0635769367218018,0.9146184882237799
1045,False,5,5478,1.1303791999816895,0.9441734900077184
1046,False,5,5479,1.0975782871246338,0.9415350726672581
1047,False,5,5480,1.1582140922546387,0.9584230738026756
1048,False,5,5481,1.0878448486328125,0.9412019472746621
1049,False,5,5482,1.1020987033843994,0.9424257530342965
1050,False,5,5483,1.1814777851104736,0.9547281687458358
1051,False,5,5484,1.1474647521972656,0.9451034948939369
1052,False,5,5485,1.1627657413482666,0.9662806886647428
1053,False,5,5486,1.1959922313690186,0.9880272080855709
1054,False,5,5487,1.1424639225006104,0.9680026922197568
1055,False,5,5488,1.1085476875305176,0.9545925827253433
1056,False,5,5489,1.128312349319458,0.9904757631676537
1057,False,5,5490,1.0834641456604004,0.9563076687710627
1058,False,5,5491,1.1267220973968506,0.9568070318727268
1059,False,5,5492,1.0811126232147217,0.9604067766950245
1060,False,5,5493,1.090735673904419,1.0044367639791396
1061,False,5,5494,1.1409649848937988,0.9487426128415833
1062,False,5,5495,1.039806604385376,0.9377294697222255
1063,False,5,5496,1.1284215450286865,0.9187188020774298
1064,False,5,5497,1.0609838962554932,0.9449272890176091
1065,False,5,5498,1.1175673007965088,0.9902753201978547
1066,False,5,5499,1.036649227142334,0.9375148662144229
1067,True,5,5500,1.2197833061218262,0.9387984953465919
1068,False,5,5501,1.123901605606079,0.9455399289727209
1069,False,5,5502,1.0300755500793457,1.0401896674718176
1070,False,5,5503,1.1283378601074219,0.9618691443687392
1071,False,5,5504,1.0341136455535889,1.0694356386860209
1072,False,5,5505,1.130789041519165,0.9796883208411079
1073,False,5,5506,1.0356829166412354,0.9646137605110807
1074,False,5,5507,1.1251492500305176,0.972328588011719
1075,False,5,5508,1.0335793495178223,0.952185555582955
1076,False,5,5509,1.128159523010254,1.0448745098851977
1077,False,5,5510,1.0427041053771973,0.9889517547119232
1078,False,5,5511,1.1303315162658691,0.945081698752585
1079,False,5,5512,1.1147587299346924,0.99723583566291
1080,False,5,5513,1.0538945198059082,0.9924123897438958
1081,False,5,5514,1.1403942108154297,1.0121419585886458
1082,False,5,5515,1.0430908203125,0.9700771609232539
1083,False,5,5516,1.1336643695831299,0.9299819597176142
1084,False,5,5517,1.0654735565185547,0.9563649814753307
1085,False,5,5518,1.1504623889923096,1.014890079696973
1086,False,5,5519,1.0537598133087158,0.9556704085497628
1087,False,5,5520,1.1308341026306152,0.9510432139393831
1088,False,5,5521,1.1134817600250244,0.9729177689268477
1089,False,5,5522,1.0909037590026855,0.9590573041211992
1090,False,5,5523,1.1588134765625,0.9678930129323687
1091,False,5,5524,1.0939576625823975,0.9832267165184021
1092,False,5,5525,1.1465506553649902,0.9694098454146158
1093,False,5,5526,1.187225580215454,0.9881930556148293
1094,False,5,5527,1.1533427238464355,0.9774555932907831
1095,False,5,5528,1.1439282894134521,0.9999301234881083
1096,False,5,5529,1.192159652709961,1.0018164061364672
1097,False,5,5530,1.1569781303405762,0.9742911312551724
1098,False,5,5531,1.1284446716308594,1.0704294400555747
1099,False,5,5532,1.1853175163269043,0.9655578083225659
1100,False,5,5533,1.1462514400482178,0.9753768092819621
1101,False,5,5534,1.1240348815917969,0.9542221153775853
1102,False,5,5535,1.1563198566436768,0.9600401996147065
1103,False,5,5536,1.0987091064453125,0.9511814131623222
1104,False,5,5537,1.0775024890899658,0.9880777423580488
1105,False,5,5538,1.1665666103363037,0.9424738589496839
1106,False,5,5539,1.1040935516357422,0.9356042959150813
1107,False,5,5540,0.9112076759338379,0.972714649069877
0,False,6,5541,1.1657474040985107,0.9935543093652951
1,False,6,5542,1.139172077178955,0.9957101957074234
2,False,6,5543,1.1521387100219727,1.0326344008956636
3,False,6,5544,1.154914140701294,0.9386551422732218
4,False,6,5545,1.1439330577850342,0.9463010772707915
5,False,6,5546,1.1579170227050781,0.9338976343472799
6,False,6,5547,1.1643249988555908,0.9689758015530449
7,False,6,5548,1.1272118091583252,1.0177703489150318
8,False,6,5549,1.1738224029541016,0.8938174339986982
9,False,6,5550,1.1818485260009766,0.9615288529367674
10,False,6,5551,1.159003496170044,0.9663637433023679
11,False,6,5552,1.1622192859649658,0.9477762033541997
12,False,6,5553,1.159130573272705,0.9564918740874244
13,False,6,5554,1.1609041690826416,0.9865821972489357
14,False,6,5555,1.139822006225586,1.0223780820767085
15,False,6,5556,1.176518440246582,0.9703735162814457
16,False,6,5557,1.173790454864502,0.9930875079617614
17,False,6,5558,1.1470751762390137,0.9811684453771228
18,False,6,5559,1.1719419956207275,0.9360444027753103
19,False,6,5560,1.1523630619049072,0.9375035480729172
20,False,6,5561,1.162208080291748,0.9580143099384647
21,False,6,5562,1.1473069190979004,0.9782664328813552
22,False,6,5563,1.1623570919036865,0.9204238344516071
23,False,6,5564,1.1686899662017822,0.9427556970289775
24,False,6,5565,1.144824743270874,0.9442509448244458
25,False,6,5566,1.1592066287994385,0.970772386306808
26,False,6,5567,1.1549794673919678,1.0444924026018099
27,False,6,5568,1.1382029056549072,0.9423897356859277
28,False,6,5569,1.149317741394043,0.9305525276632538
29,False,6,5570,1.1630933284759521,0.965080085787035
30,False,6,5571,1.1637179851531982,0.9847898298785798
31,False,6,5572,1.1571366786956787,1.0013654643581025
32,False,6,5573,1.1482322216033936,0.9590073684673931
33,False,6,5574,1.173506498336792,0.9909755520167802
34,False,6,5575,1.1474864482879639,0.972428641326371
35,False,6,5576,1.1638691425323486,0.9580701862772306
36,False,6,5577,1.1502540111541748,0.978100543220838
37,False,6,5578,1.1413593292236328,0.9696013373988013
38,False,6,5579,1.160231351852417,0.9793417489244824
39,False,6,5580,1.1497526168823242,0.9576559918267388
40,False,6,5581,1.144871711730957,1.0211293243226551
41,False,6,5582,1.169870138168335,0.9423793334336508
42,False,6,5583,1.1605474948883057,0.9407085403800008
43,False,6,5584,1.1455748081207275,0.992525921336242
44,False,6,5585,1.1754531860351562,0.9326980071408406
45,False,6,5586,1.165724277496338,0.9606743586205302
46,False,6,5587,1.170625925064087,0.9543506581158866
47,False,6,5588,1.1508402824401855,0.9709682077878999
48,False,6,5589,1.183091163635254,1.0366787807572455
49,False,6,5590,1.2101573944091797,0.9392510554974985
50,False,6,5591,1.1709513664245605,0.9488036146476156
51,False,6,5592,1.195737600326538,0.8927641365499726
52,False,6,5593,1.2191879749298096,0.9943691708502317
53,False,6,5594,1.2231590747833252,0.9613102216805731
54,False,6,5595,1.1797337532043457,0.9311937711068564
55,False,6,5596,1.1743290424346924,0.9374489103044781
56,False,6,5597,1.2111070156097412,0.9425239048543431
57,False,6,5598,1.1947758197784424,0.9175470141427858
58,False,6,5599,1.1953141689300537,0.9176408980219138
59,True,6,5600,1.3361189365386963,0.9346643569214003
60,False,6,5601,1.2167551517486572,0.9700389845030647
61,False,6,5602,1.1992497444152832,0.9294746828575929
62,False,6,5603,1.1900885105133057,0.9582496143522719
63,False,6,5604,1.2085251808166504,0.94291423757871
64,False,6,5605,1.1822562217712402,0.9800985097175553
65,False,6,5606,1.1936626434326172,1.0196436714558375
66,False,6,5607,1.2148442268371582,0.9219908096960614
67,False,6,5608,1.2036454677581787,0.9444975161126683
68,False,6,5609,1.196004867553711,0.940894570556425
69,False,6,5610,1.1938982009887695,0.9534862566561925
70,False,6,5611,1.2135064601898193,0.9417904544444309
71,False,6,5612,1.1728739738464355,0.9589835781426659
72,False,6,5613,1.2094390392303467,0.9414906718191645
73,False,6,5614,1.2017812728881836,0.9464952647686005
74,False,6,5615,1.1857354640960693,0.9444487148097584
75,False,6,5616,1.1780710220336914,0.984819136914753
76,False,6,5617,1.2156715393066406,0.9472604550066449
77,False,6,5618,1.1839756965637207,1.0188814919619333
78,False,6,5619,1.1767327785491943,0.9380760607974872
79,False,6,5620,1.2212059497833252,0.917146697906511
80,False,6,5621,1.17922043800354,0.911167007737926
81,False,6,5622,1.1804144382476807,0.8950264730623791
82,False,6,5623,1.200206995010376,0.9576669193449473
83,False,6,5624,1.1881766319274902,0.9780145223651615
84,False,6,5625,1.1850762367248535,0.9563697895833424
85,False,6,5626,1.21059250831604,0.9660335465201307
86,False,6,5627,1.190488338470459,0.9692051304238183
87,False,6,5628,1.1792182922363281,0.9307681056892588
88,False,6,5629,1.2129287719726562,0.9811586340268454
89,False,6,5630,1.2060179710388184,0.9420091453052702
90,False,6,5631,1.1799232959747314,0.9270069471427373
91,False,6,5632,1.1970429420471191,1.018038247312818
92,False,6,5633,1.2142081260681152,0.9367193739329063
93,False,6,5634,1.1867666244506836,0.9554880300448053
94,False,6,5635,1.1986238956451416,0.9644247375073888
95,False,6,5636,1.2107570171356201,0.9307806034173285
96,False,6,5637,1.1749200820922852,0.9920019890580858
97,False,6,5638,1.2002861499786377,1.0027330006871906
98,False,6,5639,1.1983880996704102,0.9286942254929315
99,False,6,5640,1.1916944980621338,0.9503874037237396
100,False,6,5641,1.1741020679473877,0.9894122644549325
101,False,6,5642,1.1921463012695312,0.9161079802683423
102,False,6,5643,1.182821273803711,0.9397584233610401
103,False,6,5644,1.1864585876464844,0.8657142250310805
104,False,6,5645,1.2178535461425781,0.9646796172573452
105,False,6,5646,1.1790659427642822,0.947933038075765
106,False,6,5647,1.1977767944335938,0.9650740240301405
107,False,6,5648,1.21205472946167,0.9746473442230905
108,False,6,5649,1.2148222923278809,0.9128680051792236
109,False,6,5650,1.1793348789215088,0.9750802493875935
110,False,6,5651,1.2016706466674805,0.9758381453298387
111,False,6,5652,1.22379732131958,0.9376760462210293
112,False,6,5653,1.1851036548614502,0.9361744693347385
113,False,6,5654,1.1872220039367676,0.9736206744398388
114,False,6,5655,1.1920828819274902,0.8951782949623608
115,False,6,5656,1.1874141693115234,0.9123035627639009
116,False,6,5657,1.1974921226501465,0.9270792447385333
117,False,6,5658,1.2096221446990967,0.994900758777346
118,False,6,5659,1.1548774242401123,0.9113967816034954
119,False,6,5660,1.1728110313415527,0.9377474834521612
120,False,6,5661,1.15509033203125,0.9535333695156234
121,False,6,5662,1.1609208583831787,0.9804918844075426
122,False,6,5663,1.153503179550171,0.9367967223127684
123,False,6,5664,1.1374256610870361,0.9699409317580007
124,False,6,5665,1.1512017250061035,1.0433938815480186
125,False,6,5666,1.150428295135498,0.9623973713744256
126,False,6,5667,1.1470987796783447,0.9339694515580222
127,False,6,5668,1.1618695259094238,0.9943992272019386
128,False,6,5669,1.1475791931152344,0.947360030951954
129,False,6,5670,1.1466095447540283,0.9315314385152998
130,False,6,5671,1.1708145141601562,0.9217847571486518
131,False,6,5672,1.14823317527771,0.9476854009997278
132,False,6,5673,1.1661534309387207,0.9518623531219503
133,False,6,5674,1.1443984508514404,0.9095676956432207
134,False,6,5675,1.1538934707641602,0.9792211282820927
135,False,6,5676,1.1650011539459229,0.9094859657897836
136,False,6,5677,1.152785301208496,0.9846094977997599
137,False,6,5678,1.1672496795654297,0.9507493740391163
138,False,6,5679,1.1528043746948242,0.9596108432326997
139,False,6,5680,1.1554396152496338,0.9764272811866942
140,False,6,5681,1.1650910377502441,0.9696407758054281
141,False,6,5682,1.1608705520629883,0.9872508776329816
142,False,6,5683,1.1637005805969238,0.9611645585724287
143,False,6,5684,1.1309196949005127,0.9426094939311346
144,False,6,5685,1.1725966930389404,0.955108068439932
145,False,6,5686,1.161045789718628,0.9093279794213318
146,False,6,5687,1.1457698345184326,0.9413113352798278
147,False,6,5688,1.1558213233947754,0.9733076844187011
148,False,6,5689,1.1633315086364746,0.9497796172897021
149,False,6,5690,1.1199519634246826,0.915940334133449
150,False,6,5691,1.1559934616088867,0.9328612820023583
151,False,6,5692,1.1131620407104492,0.9489041612971397
152,False,6,5693,1.0531585216522217,0.9754310690221333
153,False,6,5694,1.1489965915679932,0.8882451568331038
154,False,6,5695,1.041853666305542,0.9278124893705051
155,False,6,5696,1.1268751621246338,0.93686353645864
156,False,6,5697,1.039156198501587,0.8833265356009915
157,False,6,5698,1.1236107349395752,0.9591451092135337
158,False,6,5699,1.030848503112793,0.9707985456500734
159,True,6,5700,1.2192368507385254,0.9698793873900459
160,False,6,5701,1.1240475177764893,0.9604270064405032
161,False,6,5702,1.0783259868621826,0.9408775763142676
162,False,6,5703,1.1536169052124023,0.9738683750232059
163,False,6,5704,1.0749504566192627,0.9992699502479463
164,False,6,5705,1.1314635276794434,0.9386796071415857
165,False,6,5706,1.092583179473877,0.982616458620344
166,False,6,5707,1.073721170425415,0.9859348833560944
167,False,6,5708,1.1422758102416992,0.9927019789105369
168,False,6,5709,1.0152332782745361,0.9378505334967658
169,False,6,5710,1.1328656673431396,0.9325689598917961
170,False,6,5711,1.0346002578735352,0.952878129624185
171,False,6,5712,1.1219618320465088,0.973003993431727
172,False,6,5713,1.045931100845337,0.9545110785180614
173,False,6,5714,1.12359619140625,0.9615913835309801
174,False,6,5715,1.0351595878601074,0.9724239625391505
175,False,6,5716,1.133239984512329,0.9899478466028259
176,False,6,5717,1.0278375148773193,0.9923428644736607
177,False,6,5718,1.1251375675201416,1.021282740292095
178,False,6,5719,1.0698277950286865,0.9008131495543888
179,False,6,5720,1.1058719158172607,1.0377422117051625
180,False,6,5721,1.12520432472229,0.9214817159587431
181,False,6,5722,1.0298588275909424,0.958970414385909
182,False,6,5723,1.130089282989502,0.9359450102561996
183,False,6,5724,1.0486524105072021,1.0092830817614282
184,False,6,5725,1.1497514247894287,0.9190177773790699
185,False,6,5726,1.0837037563323975,0.9512760713696479
186,False,6,5727,1.1301307678222656,0.9412770562228704
187,False,6,5728,1.1071040630340576,0.9316892082847298
188,False,6,5729,1.0567686557769775,1.0021255520128067
189,False,6,5730,1.1471383571624756,0.8927915025325047
190,False,6,5731,1.098766803741455,0.9609962504889283
191,False,6,5732,1.1475050449371338,0.9622340232488653
192,False,6,5733,1.0517668724060059,0.9482064240035558
193,False,6,5734,1.1235363483428955,0.968643314781643
194,False,6,5735,1.1280107498168945,0.9431945270016079
195,False,6,5736,1.0331270694732666,0.9681164726969742
196,False,6,5737,1.15981125831604,0.9583226133670125
197,False,6,5738,1.0914149284362793,0.9378119472946441
198,False,6,5739,1.1371045112609863,0.9550941742601847
199,False,6,5740,1.0253522396087646,0.8954184835865382
200,False,6,5741,1.1037876605987549,0.9178125418367841
201,False,6,5742,1.0449299812316895,0.9586794894366039
202,False,6,5743,1.1164882183074951,0.9292068408713452
203,False,6,5744,1.1109189987182617,0.9740815070413408
204,False,6,5745,1.05419921875,0.9716917668424901
205,False,6,5746,1.128727912902832,0.9557864751134602
206,False,6,5747,1.0314104557037354,0.930169526310194
207,False,6,5748,1.1337385177612305,0.9199200738221407
208,False,6,5749,1.042076587677002,0.9875481437359538
209,False,6,5750,1.1320915222167969,0.9963625974598387
210,False,6,5751,1.0624799728393555,0.9136020374440011
211,False,6,5752,1.1309757232666016,0.9688434405695825
212,False,6,5753,1.0690968036651611,1.0060782666717256
213,False,6,5754,1.119084119796753,0.9414108878090268
214,False,6,5755,1.1590166091918945,0.9569218978285788
215,False,6,5756,1.1130030155181885,0.92814965652568
216,False,6,5757,1.1645829677581787,0.9484259748742693
217,False,6,5758,1.1355459690093994,1.036179108988671
218,False,6,5759,1.036609172821045,0.9507285590682713
219,False,6,5760,1.1366186141967773,0.9666993113323337
220,False,6,5761,1.0853221416473389,0.9480165246696699
221,False,6,5762,1.1467986106872559,0.933813116025357
222,False,6,5763,1.0950045585632324,0.9246771381724449
223,False,6,5764,1.0901756286621094,0.9137872546201661
224,False,6,5765,1.171983003616333,0.9026328658773786
225,False,6,5766,1.1534924507141113,0.9919181998286928
226,False,6,5767,1.1493630409240723,0.9762332354273113
227,False,6,5768,1.1862633228302002,0.9335521335403124
228,False,6,5769,1.1392548084259033,0.9810576963992343
229,False,6,5770,1.1522345542907715,0.9974311969819523
230,False,6,5771,1.1687519550323486,0.9212622427869411
231,False,6,5772,1.1231815814971924,0.9125439386282649
232,False,6,5773,1.1071407794952393,1.0275494204390616
233,False,6,5774,1.1561830043792725,0.9421231079669227
234,False,6,5775,1.0863847732543945,0.9419109572966894
235,False,6,5776,1.1308536529541016,0.922943547722839
236,False,6,5777,1.1691603660583496,0.9437482475879647
237,False,6,5778,1.1417162418365479,0.9884746784255618
238,False,6,5779,1.1583871841430664,0.9641394185877982
239,False,6,5780,1.1728405952453613,0.9379028999024915
240,False,6,5781,1.1433014869689941,0.9442861617675848
241,False,6,5782,1.1365952491760254,0.950542085582302
242,False,6,5783,1.158052682876587,0.9362611018476031
243,False,6,5784,1.1541244983673096,0.9251017880936463
244,False,6,5785,1.141188621520996,0.95484110952488
245,False,6,5786,1.1701116561889648,0.9480780171496526
246,False,6,5787,1.159985065460205,0.9313907754563149
247,False,6,5788,1.1266067028045654,0.9720110080781437
248,False,6,5789,1.1407983303070068,0.9288520458198726
249,False,6,5790,0.7850947380065918,0.9529538879259709
250,False,6,5791,0.768298864364624,0.9126524572216329
251,False,6,5792,0.8162965774536133,0.9413633992274604
252,False,6,5793,0.7712986469268799,0.922525906669242
253,False,6,5794,0.7895426750183105,0.9299045018851757
254,False,6,5795,0.8140921592712402,0.9568125747499011
255,False,6,5796,0.7618725299835205,0.9460421069746926
256,False,6,5797,0.8250467777252197,0.8933574961764471
257,False,6,5798,0.7977170944213867,0.966295137291863
258,False,6,5799,0.7634377479553223,0.9432969526166007
259,True,6,5800,0.9290058612823486,0.8868872590717815
260,False,6,5801,0.7966489791870117,0.956670550540799
261,False,6,5802,0.8014416694641113,0.984928494408017
262,False,6,5803,0.8311593532562256,0.9461111752759845
263,False,6,5804,0.7934145927429199,1.0194981694221497
264,False,6,5805,0.7720091342926025,1.0333935561634244
265,False,6,5806,0.8200235366821289,0.9816992715710686
266,False,6,5807,0.7873687744140625,0.9797482788562774
267,False,6,5808,0.7721872329711914,0.9677059749762216
268,False,6,5809,0.8223190307617188,0.9310791976749897
269,False,6,5810,0.7589375972747803,0.9295622280665808
270,False,6,5811,0.8259806632995605,1.0330314394973572
271,False,6,5812,0.815345048904419,0.9545823178653208
272,False,6,5813,0.8041722774505615,1.0233916228725797
273,False,6,5814,0.7968728542327881,0.9714496252792222
274,False,6,5815,0.8282315731048584,0.9424475541427022
275,False,6,5816,0.761725902557373,0.9092242675168173
276,False,6,5817,0.8225607872009277,0.9587803073227406
277,False,6,5818,0.8158390522003174,0.9563890535916602
278,False,6,5819,0.7536883354187012,0.965726723983174
279,False,6,5820,0.8322787284851074,0.9395981888685908
280,False,6,5821,0.7645776271820068,0.9106617009355908
281,False,6,5822,0.7878038883209229,0.9523189578737531
282,False,6,5823,0.8148744106292725,0.974359840154648
283,False,6,5824,0.7783656120300293,0.9538629597851209
284,False,6,5825,0.7982244491577148,0.990202374046757
285,False,6,5826,0.832880973815918,0.9495863595179151
286,False,6,5827,0.7760632038116455,0.9862193530868917
287,False,6,5828,0.8184330463409424,0.9764686900944937
288,False,6,5829,0.8351352214813232,0.9369250651271569
289,False,6,5830,0.7618346214294434,1.009082990033286
290,False,6,5831,0.851858377456665,0.9036715161055325
291,False,6,5832,0.8022556304931641,0.9896243654546284
292,False,6,5833,0.7718839645385742,0.9896174087410881
293,False,6,5834,0.8367969989776611,0.959276216370719
294,False,6,5835,0.7686119079589844,0.9603002404882794
295,False,6,5836,0.78763747215271,0.9572450334117528
296,False,6,5837,0.8180806636810303,0.9665462126334506
297,False,6,5838,0.7759630680084229,1.023216881212734
298,False,6,5839,0.7936522960662842,0.9208115931777728
299,False,6,5840,0.8344144821166992,0.9805508738472348
300,False,6,5841,0.7644178867340088,1.0517465929899896
301,False,6,5842,0.8323025703430176,0.9774522916192102
302,False,6,5843,0.8202593326568604,0.930075562426022
303,False,6,5844,0.7636141777038574,0.9439848540794281
304,False,6,5845,0.8279440402984619,0.9395458921790125
305,False,6,5846,0.7841284275054932,0.9713708307771455
306,False,6,5847,0.7677414417266846,0.9362580522540069
307,False,6,5848,0.8222537040710449,0.932359794066066
308,False,6,5849,0.7719566822052002,0.9562002381398563
309,False,6,5850,0.7861602306365967,0.9220275339626128
310,False,6,5851,0.8434450626373291,0.9676150722163066
311,False,6,5852,0.779437780380249,0.9319073274022058
312,False,6,5853,0.8130459785461426,0.9153372262205395
313,False,6,5854,0.8106114864349365,0.940223196432704
314,False,6,5855,0.7813076972961426,0.9780479736980937
315,False,6,5856,0.8201649188995361,1.0261869260243008
316,False,6,5857,0.8149468898773193,1.0255664402530305
317,False,6,5858,0.7579240798950195,0.9585449099540712
318,False,6,5859,0.8249847888946533,0.9490652029358205
319,False,6,5860,0.7938377857208252,0.9482088922744706
320,False,6,5861,0.7696812152862549,0.9430852851697377
321,False,6,5862,0.8221166133880615,0.9309886112099603
322,False,6,5863,0.7663097381591797,0.9957325054066524
323,False,6,5864,0.8175461292266846,0.9275793213219867
324,False,6,5865,0.811673641204834,0.9165677403410278
325,False,6,5866,0.7692484855651855,1.0086954030252635
326,False,6,5867,0.8195698261260986,0.9683747174484391
327,False,6,5868,0.801490068435669,0.9393563675028938
328,False,6,5869,0.7637362480163574,0.9289551263763792
329,False,6,5870,0.8163948059082031,0.9353419451841286
330,False,6,5871,0.7911486625671387,0.9596474576918851
331,False,6,5872,0.7911090850830078,0.9548610573013623
332,False,6,5873,0.8349001407623291,0.9740353418248042
333,False,6,5874,0.7594983577728271,0.9326687533231008
334,False,6,5875,0.828794002532959,0.9170974684613092
335,False,6,5876,0.822920560836792,0.9227900600859097
336,False,6,5877,0.7547342777252197,0.935978072739783
337,False,6,5878,0.8235599994659424,0.887953466780129
338,False,6,5879,0.7760717868804932,0.9813617925558772
339,False,6,5880,0.7731678485870361,0.8915567224224408
340,False,6,5881,0.8150396347045898,0.9353392677647726
341,False,6,5882,0.7717726230621338,0.9367145347808087
342,False,6,5883,0.7955648899078369,0.9799628495460465
343,False,6,5884,0.8252682685852051,0.8808933614442745
344,False,6,5885,0.7665090560913086,0.9792595690204984
345,False,6,5886,0.8292953968048096,0.9084297134762718
346,False,6,5887,0.8030738830566406,0.9401775794547227
347,False,6,5888,0.789121150970459,0.9418141561604679
348,False,6,5889,0.8300228118896484,0.9519941728739512
349,False,6,5890,0.7937633991241455,0.9503151962444896
350,False,6,5891,0.7655224800109863,0.9539450194154468
351,False,6,5892,0.832226037979126,0.9395935792653335
352,False,6,5893,0.7660648822784424,0.9934233462526686
353,False,6,5894,0.7879080772399902,1.0128336463655745
354,False,6,5895,0.8246312141418457,0.910028101610286
355,False,6,5896,0.7626018524169922,0.9328364105451674
356,False,6,5897,0.8269133567810059,0.9800097580466951
357,False,6,5898,0.8046870231628418,0.9610793436212202
358,False,6,5899,0.7752251625061035,0.9120066761970519
359,True,6,5900,0.8866021633148193,0.9325652257317587
360,False,6,5901,0.8263566493988037,0.9990402960351537
361,False,6,5902,0.7754664421081543,0.935101844991247
362,False,6,5903,0.8123538494110107,0.9606027957938967
363,False,6,5904,0.8114709854125977,0.9757696219852992
364,False,6,5905,0.7546091079711914,0.9609316104934328
365,False,6,5906,0.8503255844116211,0.9218159296682903
366,False,6,5907,0.7724776268005371,0.9536872761590139
367,False,6,5908,0.7919225692749023,1.0058685975770159
368,False,6,5909,0.8277673721313477,0.9904088695489226
369,False,6,5910,0.7645151615142822,0.9725743170295443
370,False,6,5911,0.7996649742126465,0.9372455694136167
371,False,6,5912,0.8167846202850342,0.9508661439731008
372,False,6,5913,0.7731232643127441,0.9853060901874586
373,False,6,5914,0.8155224323272705,0.968460967852956
374,False,6,5915,0.820955753326416,0.9649935935934384
375,False,6,5916,0.759873628616333,1.0276840066625956
376,False,6,5917,0.8224499225616455,0.9325956592247598
377,False,6,5918,0.7921328544616699,0.9777468968005406
378,False,6,5919,0.7684009075164795,0.961233037568274
379,False,6,5920,0.834120512008667,0.9778185465506145
380,False,6,5921,0.767047643661499,0.9082161415190924
381,False,6,5922,0.8094079494476318,0.9946978297971543
382,False,6,5923,0.8110475540161133,0.9641799210082915
383,False,6,5924,0.7698554992675781,1.0081350001550855
384,False,6,5925,0.8264012336730957,0.9658311857354072
385,False,6,5926,0.8084337711334229,0.9558665635330336
386,False,6,5927,0.7552990913391113,0.9962982819193886
387,False,6,5928,0.8193099498748779,0.9632025070133663
388,False,6,5929,0.7589676380157471,0.9560881643777803
389,False,6,5930,0.806323766708374,0.9276507500381698
390,False,6,5931,0.8125770092010498,0.9699882559833075
391,False,6,5932,0.7728776931762695,0.9511122446329819
392,False,6,5933,0.8196969032287598,0.9606225487022173
393,False,6,5934,0.8223710060119629,0.9473897811202776
394,False,6,5935,0.7778520584106445,0.9331409739596505
395,False,6,5936,0.8076140880584717,0.9833343979858219
396,False,6,5937,0.8063089847564697,0.961229518410705
397,False,6,5938,0.7591772079467773,0.9421965155218329
398,False,6,5939,0.8341927528381348,0.9402976997551463
399,False,6,5940,0.7614681720733643,0.9606206456110591
400,False,6,5941,0.793053150177002,0.9645711737019675
401,False,6,5942,0.8187246322631836,1.0129993423109962
402,False,6,5943,0.7555272579193115,0.9385816593255316
403,False,6,5944,0.8289313316345215,0.9804302720086915
404,False,6,5945,0.7882034778594971,0.9857057180433046
405,False,6,5946,0.7718791961669922,0.947419225460007
406,False,6,5947,0.817389965057373,0.9811236453907832
407,False,6,5948,0.7827715873718262,0.9561997623670669
408,False,6,5949,0.7697184085845947,0.9322797964726174
409,False,6,5950,0.8264296054840088,0.925038312872251
410,False,6,5951,0.7736568450927734,0.9214037019049837
411,False,6,5952,0.8176324367523193,0.9440922990796111
412,False,6,5953,0.8375387191772461,0.9415242405874388
413,False,6,5954,0.7640514373779297,0.9377456818308149
414,False,6,5955,0.8480095863342285,0.9518561047457513
415,False,6,5956,0.8078310489654541,0.9118637058529115
416,False,6,5957,0.7989985942840576,0.9805517540801139
417,False,6,5958,0.816354513168335,1.0234525459153312
418,False,6,5959,0.7983546257019043,0.9840703610153426
419,False,6,5960,0.7838649749755859,0.9743564054369926
420,False,6,5961,0.8327531814575195,0.9900405289871351
421,False,6,5962,0.7795462608337402,0.9738260259230932
422,False,6,5963,0.7768218517303467,0.9650593002637224
423,False,6,5964,0.8287827968597412,0.905528731998943
424,False,6,5965,0.7572827339172363,1.008941937415373
425,False,6,5966,0.8248121738433838,0.9544438322385153
426,False,6,5967,0.8119475841522217,0.9320616509233205
427,False,6,5968,0.7681167125701904,0.9805589885938736
428,False,6,5969,0.8143177032470703,0.9675733310480913
429,False,6,5970,0.7928364276885986,0.9845173458258311
430,False,6,5971,0.7635233402252197,0.9846374211566786
431,False,6,5972,0.8142962455749512,0.9777272304608711
432,False,6,5973,0.7913088798522949,0.9246443375235514
433,False,6,5974,0.8042306900024414,0.9383757774318967
434,False,6,5975,0.841132640838623,0.9369540037143796
435,False,6,5976,0.7559049129486084,0.9557517163810278
436,False,6,5977,0.8391337394714355,0.9374672601975147
437,False,6,5978,0.8142130374908447,0.9279561851705824
438,False,6,5979,0.755748987197876,0.9435285904577799
439,False,6,5980,0.8325729370117188,0.983737065678551
440,False,6,5981,0.7668740749359131,0.9340694484611352
441,False,6,5982,0.7885658740997314,0.9816767882023539
442,False,6,5983,0.8161084651947021,0.9582820886834748
443,False,6,5984,0.7697598934173584,0.9443735292270069
444,False,6,5985,0.8119525909423828,1.0071037514578727
445,False,6,5986,0.8276190757751465,0.9662620432320094
446,False,6,5987,0.7644853591918945,0.9711225703358651
447,False,6,5988,0.8211667537689209,0.9833253771066665
448,False,6,5989,0.7817714214324951,0.9608053302481061
449,False,6,5990,0.7793874740600586,0.9593756482714699
450,False,6,5991,0.8329250812530518,0.952040910720825
451,False,6,5992,0.7604930400848389,0.9444292063514393
452,False,6,5993,0.8118212223052979,0.9291680939495566
453,False,6,5994,0.8043348789215088,0.9480552907500949
454,False,6,5995,0.7778284549713135,0.9666671305894853
455,False,6,5996,0.8073575496673584,0.9151131262381873
456,False,6,5997,0.8031268119812012,0.9365779030181112
457,False,6,5998,0.7770981788635254,0.9188877684729438
458,False,6,5999,0.8333663940429688,0.9001246268550556
459,True,6,6000,0.8564379215240479,0.9240102182541575
460,False,6,6001,0.7676522731781006,1.046231625335557
461,False,6,6002,0.8185513019561768,0.9640545328812941
462,False,6,6003,0.8033227920532227,0.992756303577196
463,False,6,6004,0.7557454109191895,1.021337340985026
464,False,6,6005,0.8298497200012207,0.9441230027448562
465,False,6,6006,0.770824670791626,0.9526154164757046
466,False,6,6007,0.7928454875946045,1.0092218681460334
467,False,6,6008,0.820563554763794,0.9991568837847028
468,False,6,6009,0.7649500370025635,0.928241874845255
469,False,6,6010,0.8464047908782959,0.98070388961406
470,False,6,6011,0.8068339824676514,0.994278765860058
471,False,6,6012,0.8001043796539307,0.961670178742636
472,False,6,6013,0.8279006481170654,0.9451115042680787
473,False,6,6014,0.790844202041626,0.9298946332363854
474,False,6,6015,0.7685015201568604,0.9333859799163682
475,False,6,6016,0.8208765983581543,0.9615293684459868
476,False,6,6017,0.7806110382080078,0.9837802052497866
477,False,6,6018,0.7736341953277588,0.9945154363910356
478,False,6,6019,0.8231182098388672,0.9297369564218182
479,False,6,6020,0.755225658416748,0.9226524524745485
480,False,6,6021,0.8142571449279785,0.9339507257654553
481,False,6,6022,0.8195896148681641,0.9486585912250338
482,False,6,6023,0.7505288124084473,0.9194459858394805
483,False,6,6024,0.8319144248962402,0.9411248330559049
484,False,6,6025,0.7763423919677734,0.9631544280619849
485,False,6,6026,0.7721414566040039,0.9913465966071403
486,False,6,6027,0.8201858997344971,0.9673733824775334
487,False,6,6028,0.7654461860656738,0.9378332446018856
488,False,6,6029,0.7908210754394531,0.9507999115047001
489,False,6,6030,0.8339989185333252,0.9251517919557434
490,False,6,6031,0.7605040073394775,0.9499675843509892
491,False,6,6032,0.8235089778900146,0.9968540100824262
492,False,6,6033,0.8037581443786621,0.9153299810630937
493,False,6,6034,0.7949941158294678,0.931809863341706
494,False,6,6035,0.8306019306182861,0.9903560472386225
495,False,6,6036,0.8136694431304932,0.9367231022389161
496,False,6,6037,0.7642936706542969,0.9594945240588414
497,False,6,6038,0.8313405513763428,0.9448094619881537
498,False,6,6039,0.7691195011138916,0.9224095498876914
499,False,6,6040,0.7915925979614258,0.9779021119078003
500,False,6,6041,0.8241076469421387,0.963851170880454
501,False,6,6042,0.7593541145324707,0.9341042852472691
502,False,6,6043,0.8324315547943115,1.0027386531943367
503,False,6,6044,0.8031735420227051,0.9363049625286035
504,False,6,6045,0.7768285274505615,0.9701871133985974
505,False,6,6046,0.8226516246795654,0.9297154279691833
506,False,6,6047,0.7740628719329834,0.8871476174820039
507,False,6,6048,0.7851288318634033,0.9313425824400925
508,False,6,6049,0.8198127746582031,0.9401671652282987
509,False,6,6050,0.7757508754730225,0.9461343146505812
510,False,6,6051,0.7921795845031738,0.9579660356754349
511,False,6,6052,0.8231761455535889,0.9003913587047939
512,False,6,6053,0.7493231296539307,0.9432784545989266
513,False,6,6054,0.8218057155609131,0.9609736094162579
514,False,6,6055,0.7946326732635498,0.9466278100652353
515,False,6,6056,0.7576630115509033,0.9544825422621906
516,False,6,6057,0.8287818431854248,0.8984868824481964
517,False,6,6058,0.7594482898712158,0.9187527203134128
518,False,6,6059,0.8155453205108643,0.9280188816289107
519,False,6,6060,0.8135561943054199,0.9247732101274388
520,False,6,6061,0.772697925567627,0.9400762525342758
521,False,6,6062,0.8169853687286377,0.9427200101670764
522,False,6,6063,0.8083817958831787,0.9160363952673616
523,False,6,6064,0.7992575168609619,0.9191065345491681
524,False,6,6065,0.8210597038269043,0.9634606036401931
525,False,6,6066,0.8174679279327393,0.9560417085886002
526,False,6,6067,0.7611126899719238,0.9219631016964004
527,False,6,6068,0.8316433429718018,1.023940073592322
528,False,6,6069,0.7761166095733643,0.9395078665443829
529,False,6,6070,0.7779781818389893,0.948035356366918
530,False,6,6071,0.827272891998291,0.9746438337578659
531,False,6,6072,0.7762022018432617,0.9629509307089307
532,False,6,6073,0.79636549949646,0.9587048691298282
533,False,6,6074,0.8295817375183105,0.9443649670907427
534,False,6,6075,0.7599337100982666,0.977627567946911
535,False,6,6076,0.8276739120483398,0.9102692048819292
536,False,6,6077,0.8027126789093018,0.9838844839306106
537,False,6,6078,0.7651529312133789,0.9400107392242978
538,False,6,6079,0.8203737735748291,0.985998822819619
539,False,6,6080,0.7813870906829834,0.9507629062448231
540,False,6,6081,0.7731494903564453,0.9436736532620019
541,False,6,6082,0.817094087600708,0.9492596554614248
542,False,6,6083,0.7963652610778809,0.9247127739446503
543,False,6,6084,0.7942867279052734,0.9757192070995059
544,False,6,6085,0.8311634063720703,0.9372380528421628
545,False,6,6086,0.7589554786682129,0.9529783573179018
546,False,6,6087,0.8283929824829102,0.9415738922322079
547,False,6,6088,0.8170027732849121,0.878277918412572
548,False,6,6089,0.7524948120117188,0.9240810438281014
549,False,6,6090,0.8328857421875,0.8902420820224856
550,False,6,6091,0.7681980133056641,0.9576235257443928
551,False,6,6092,0.7893517017364502,0.9103095331007525
552,False,6,6093,0.8115575313568115,0.9620892176670688
553,False,6,6094,0.7635986804962158,0.9267371782944315
554,False,6,6095,0.8088963031768799,0.9648039440313976
555,False,6,6096,0.8106675148010254,0.947509647480079
556,False,6,6097,0.7559635639190674,1.000702309466544
557,False,6,6098,0.8198812007904053,0.9273986623932918
558,False,6,6099,0.7785282135009766,0.9354871923015231
559,True,6,6100,0.8484864234924316,0.9618195046981174
560,False,6,6101,0.8618202209472656,0.94897775493917
561,False,6,6102,0.791348934173584,0.9116524768372378
562,False,6,6103,0.7706210613250732,0.9783465067545573
563,False,6,6104,0.8125443458557129,0.9671391589300975
564,False,6,6105,0.7737400531768799,0.9399216331186749
565,False,6,6106,0.7855315208435059,0.9415819134031025
566,False,6,6107,0.8170249462127686,0.9936487121241433
567,False,6,6108,0.7665011882781982,0.9952003945197377
568,False,6,6109,0.8374960422515869,1.0034322078738895
569,False,6,6110,0.7908816337585449,0.9633253401234034
570,False,6,6111,0.7624101638793945,0.9914854662049385
571,False,6,6112,0.8181469440460205,0.9675094006317002
572,False,6,6113,0.7672932147979736,0.9320903266114848
573,False,6,6114,0.800961971282959,1.0088365297941937
574,False,6,6115,0.8225069046020508,0.8795538796555429
575,False,6,6116,0.7789320945739746,0.9773580233256022
576,False,6,6117,0.814312219619751,0.9114750652086168
577,False,6,6118,0.8031332492828369,1.000847912615254
578,False,6,6119,0.7534604072570801,0.9628127948159263
579,False,6,6120,0.8458619117736816,0.936674493764128
580,False,6,6121,0.7466278076171875,0.9488989121857144
581,False,6,6122,0.8183205127716064,0.9297257143826712
582,False,6,6123,0.8310563564300537,0.9372011678559438
583,False,6,6124,0.7538540363311768,0.9765864624863579
584,False,6,6125,0.822352409362793,0.9215439543837591
585,False,6,6126,0.7849571704864502,1.015335373935245
586,False,6,6127,0.768721342086792,0.9072166809013912
587,False,6,6128,0.8157172203063965,0.9823845717168992
588,False,6,6129,0.7738707065582275,0.973881909889834
589,False,6,6130,0.792081356048584,0.9533671339352925
590,False,6,6131,0.8200764656066895,0.9630029598871865
591,False,6,6132,0.7585220336914062,0.9381491126758711
592,False,6,6133,0.8117959499359131,0.9391427778062368
593,False,6,6134,0.803006649017334,0.9087958055592719
594,False,6,6135,0.7584044933319092,0.9276048651053792
595,False,6,6136,0.853215217590332,0.9506950577100117
596,False,6,6137,0.7568356990814209,0.942844234406948
597,False,6,6138,0.8004779815673828,0.9363010586017656
598,False,6,6139,0.807889461517334,0.8821430488356523
599,False,6,6140,0.7986800670623779,0.9758508737598145
600,False,6,6141,0.805152416229248,1.0138547331804322
601,False,6,6142,0.811614990234375,0.8885799511557534
602,False,6,6143,0.7931315898895264,0.9234813359521682
603,False,6,6144,0.8159353733062744,0.9080071064333122
604,False,6,6145,0.8124475479125977,1.014348975959278
605,False,6,6146,0.7543032169342041,0.9528996234848387
606,False,6,6147,0.8252239227294922,0.9462074218761353
607,False,6,6148,0.7627747058868408,0.90195467757682
608,False,6,6149,0.7917888164520264,0.9601556112368899
609,False,6,6150,0.814786434173584,0.9129482504157791
610,False,6,6151,0.7715775966644287,0.9337471013977412
611,False,6,6152,0.8127615451812744,0.9172516117493312
612,False,6,6153,0.8200013637542725,0.9465400661740984
613,False,6,6154,0.7532064914703369,0.8867997002033957
614,False,6,6155,0.8303077220916748,0.9512718930130915
615,False,6,6156,0.7807009220123291,0.9496605344826267
616,False,6,6157,0.7791695594787598,0.8844423030636142
617,False,6,6158,0.8463854789733887,0.9311886273679278
618,False,6,6159,0.761328935623169,1.069137686774844
619,False,6,6160,0.8146765232086182,0.9097659843308584
620,False,6,6161,0.8141369819641113,0.9342301062175206
621,False,6,6162,0.7844030857086182,0.9093982481530735
622,False,6,6163,0.8250536918640137,0.9462117173132442
623,False,6,6164,0.8073222637176514,0.9319337162943113
624,False,6,6165,0.7682924270629883,0.9887783616071657
625,False,6,6166,0.8096578121185303,0.9300374619307974
626,False,6,6167,0.7870476245880127,0.9283689228551728
627,False,6,6168,0.7652618885040283,0.894657293955485
628,False,6,6169,0.8180813789367676,0.9633201625020732
629,False,6,6170,0.7532339096069336,0.9357745093958718
630,False,6,6171,0.8224377632141113,0.9420422854877651
631,False,6,6172,0.8202345371246338,0.9434660928589956
632,False,6,6173,0.7591290473937988,0.9227001443505286
633,False,6,6174,0.8267209529876709,0.9209891813141957
634,False,6,6175,0.7745490074157715,0.9684091990902309
635,False,6,6176,0.7829980850219727,0.9367089633430755
636,False,6,6177,0.8153707981109619,0.9296100407484035
637,False,6,6178,0.7718875408172607,0.9468031956681184
638,False,6,6179,0.7958700656890869,0.9048695354944183
639,False,6,6180,0.8256824016571045,0.9445915301995619
640,False,6,6181,0.7709391117095947,0.9251824808972223
641,False,6,6182,0.8175885677337646,0.9154234560472624
642,False,6,6183,0.7765161991119385,0.8777530860333216
643,False,6,6184,0.7744314670562744,0.8907812613816489
644,False,6,6185,0.8160405158996582,0.9132611208728381
645,False,6,6186,0.7768716812133789,0.9101161990492118
646,False,6,6187,0.7964859008789062,0.9016784596301259
647,False,6,6188,0.8270423412322998,0.8999326413586028
648,False,6,6189,0.7559561729431152,0.8947419126828513
649,False,6,6190,0.8206698894500732,0.9219089537149385
650,False,6,6191,0.7986512184143066,1.001438247660796
651,False,6,6192,0.7616362571716309,0.8937023576526417
652,False,6,6193,0.8324713706970215,0.972326656892186
653,False,6,6194,0.7677669525146484,0.9528938829898836
654,False,6,6195,0.7899172306060791,0.9367679705222448
655,False,6,6196,0.821796178817749,0.9320974633807226
656,False,6,6197,0.8041660785675049,0.9594977916706173
657,False,6,6198,0.7879233360290527,0.9479704140907242
658,False,6,6199,0.8201072216033936,0.9289554194325491
659,True,6,6200,0.8815217018127441,0.970024755313283
660,False,6,6201,0.7510550022125244,0.9541629082745029
661,False,6,6202,0.8340237140655518,0.9542167711825598
662,False,6,6203,0.7695388793945312,1.0280891018254417
663,False,6,6204,0.785041332244873,0.9300317806856973
664,False,6,6205,0.8314552307128906,0.9908575156614896
665,False,6,6206,0.7551681995391846,0.9863119196324124
666,False,6,6207,0.8156187534332275,0.9643752901327042
667,False,6,6208,0.8052642345428467,0.9963335295518239
668,False,6,6209,0.767071008682251,0.9741162274565014
669,False,6,6210,0.8192393779754639,0.952126725443772
670,False,6,6211,0.7823731899261475,0.9199635216167995
671,False,6,6212,0.7714176177978516,0.9826404661649748
672,False,6,6213,0.8235945701599121,0.9592535346746445
673,False,6,6214,0.7599127292633057,0.9060220306827909
674,False,6,6215,0.8286128044128418,0.9552767141943888
675,False,6,6216,0.8044602870941162,0.924950911885216
676,False,6,6217,0.8014144897460938,0.9439086729571934
677,False,6,6218,0.8246543407440186,0.9440415980560438
678,False,6,6219,0.8153040409088135,0.9411039998133977
679,False,6,6220,0.7628183364868164,0.9107601727758133
680,False,6,6221,0.8293900489807129,0.9973456809918086
681,False,6,6222,0.7760939598083496,0.932637339546567
682,False,6,6223,0.7900066375732422,0.9374937805391492
683,False,6,6224,0.8256509304046631,0.9733165598341396
684,False,6,6225,0.7616548538208008,0.9421351697473297
685,False,6,6226,0.8220365047454834,0.9609644443151495
686,False,6,6227,0.8052816390991211,0.9456744453027134
687,False,6,6228,0.7691690921783447,0.9717303606725874
688,False,6,6229,0.8105509281158447,0.9465582015968503
689,False,6,6230,0.7790076732635498,0.9322591706046037
690,False,6,6231,0.7928626537322998,0.9800856677549227
691,False,6,6232,0.8219537734985352,0.9660453200340269
692,False,6,6233,0.78000807762146,0.9874820290576842
693,False,6,6234,0.7826550006866455,0.9780161480108898
694,False,6,6235,0.8377947807312012,0.8892605194733257
695,False,6,6236,0.764613151550293,0.88439988540042
696,False,6,6237,0.8265872001647949,0.9247803194891838
697,False,6,6238,0.8246235847473145,1.0068459411462147
698,False,6,6239,0.7494912147521973,0.9302770342855227
699,False,6,6240,0.8325231075286865,0.9413803799876145
700,False,6,6241,0.7767422199249268,0.9287174475334941
701,False,6,6242,0.7791252136230469,1.0015844057003658
702,False,6,6243,0.8134288787841797,0.9465980662831238
703,False,6,6244,0.7740764617919922,0.9670640623995238
704,False,6,6245,0.8056187629699707,0.9910916955698105
705,False,6,6246,0.8189256191253662,0.9539229039634977
706,False,6,6247,0.7536828517913818,0.9849065577700025
707,False,6,6248,0.8238134384155273,0.9739813079081832
708,False,6,6249,0.7831254005432129,1.019255548360802
709,False,6,6250,0.7844548225402832,0.9344397989944333
710,False,6,6251,0.8242297172546387,0.912272710974018
711,False,6,6252,0.7715952396392822,0.8970807698510943
712,False,6,6253,0.8327975273132324,0.9197968133680877
713,False,6,6254,0.8192722797393799,0.9687711383615221
714,False,6,6255,0.7561252117156982,0.9628183841705323
715,False,6,6256,0.8271713256835938,0.8890282960519902
716,False,6,6257,0.7783880233764648,0.9165214085507961
717,False,6,6258,0.7811019420623779,0.9231061067964348
718,False,6,6259,0.8256793022155762,1.0232311274324146
719,False,6,6260,0.7618365287780762,0.9418284983507222
720,False,6,6261,0.8185365200042725,0.9187295887441862
721,False,6,6262,0.8031878471374512,0.9057315788453533
722,False,6,6263,0.7960212230682373,0.9083646312355995
723,False,6,6264,0.8170297145843506,0.9744062558526084
724,False,6,6265,0.7978577613830566,0.9593921454534643
725,False,6,6266,0.7768335342407227,0.930896703686033
726,False,6,6267,0.8213436603546143,0.9271542873410952
727,False,6,6268,0.7997052669525146,0.9285898503093495
728,False,6,6269,0.7578122615814209,0.9511342485036169
729,False,6,6270,0.8332104682922363,0.9186350933852652
730,False,6,6271,0.7693254947662354,0.9393951672883263
731,False,6,6272,0.794480562210083,0.9819381847268059
732,False,6,6273,0.8217182159423828,0.9284455045348123
733,False,6,6274,0.7674598693847656,1.0019452664114181
734,False,6,6275,0.8322584629058838,0.9550011445369039
735,False,6,6276,0.8015124797821045,0.9203429940555776
736,False,6,6277,0.770601749420166,0.9054705458027976
737,False,6,6278,0.8206477165222168,0.9316302310852778
738,False,6,6279,0.8086676597595215,0.9659639554364339
739,False,6,6280,0.7889926433563232,0.9390402450447989
740,False,6,6281,0.8187057971954346,0.90469929646878
741,False,6,6282,0.8066122531890869,0.9237646208632561
742,False,6,6283,0.7591774463653564,0.9317372695853314
743,False,6,6284,0.8379411697387695,0.9984353915566487
744,False,6,6285,0.7628991603851318,0.9572766621907551
745,False,6,6286,0.7989590167999268,0.9417734610892476
746,False,6,6287,0.8160054683685303,0.9552708246878214
747,False,6,6288,0.8024280071258545,0.889430720536482
748,False,6,6289,0.7683117389678955,0.8818114586174488
749,False,6,6290,0.8211550712585449,0.9357197323725336
750,False,6,6291,0.7942366600036621,0.9256023667043163
751,False,6,6292,0.8160068988800049,0.9322243889882452
752,False,6,6293,0.8139402866363525,0.9568425104731604
753,False,6,6294,0.7962849140167236,0.9465939097461246
754,False,6,6295,0.8136475086212158,0.9630757075335297
755,False,6,6296,0.8046925067901611,0.9579207169867698
756,False,6,6297,0.7698955535888672,0.8795203727093479
757,False,6,6298,0.8165931701660156,1.001632802543186
758,False,6,6299,0.800743818283081,0.9553146286024934
759,True,6,6300,0.8459951877593994,0.933532280581338
760,False,6,6301,0.8220994472503662,0.9110311553591772
761,False,6,6302,0.7984838485717773,1.0166361126161756
762,False,6,6303,0.76039719581604,0.9989497019421487
763,False,6,6304,0.83270263671875,0.9653458808149611
764,False,6,6305,0.7565371990203857,0.9156509213859126
765,False,6,6306,0.8081037998199463,0.9387343550721805
766,False,6,6307,0.8126506805419922,0.9473378427681469
767,False,6,6308,0.7732632160186768,0.9787021559618769
768,False,6,6309,0.8168232440948486,0.9477501298700058
769,False,6,6310,0.8137474060058594,0.9851936467346694
770,False,6,6311,0.8100640773773193,0.9263027828364145
771,False,6,6312,0.8162863254547119,0.9515214207626524
772,False,6,6313,0.8193955421447754,0.9384323951034318
773,False,6,6314,0.764371395111084,0.9584666575704301
774,False,6,6315,0.851182222366333,0.8965635700594812
775,False,6,6316,0.7892587184906006,0.9414303927194504
776,False,6,6317,0.7815084457397461,0.9760235508992555
777,False,6,6318,0.8284468650817871,0.9354284707279432
778,False,6,6319,0.7605509757995605,0.9336888548873719
779,False,6,6320,0.7970261573791504,0.9545277758013634
780,False,6,6321,0.8148026466369629,0.9326798891027768
781,False,6,6322,0.7705948352813721,0.9735047267306418
782,False,6,6323,0.8133466243743896,0.9203611750687871
783,False,6,6324,0.828951358795166,0.9877979716374758
784,False,6,6325,0.7593543529510498,0.9751458263822963
785,False,6,6326,0.8499910831451416,0.9247526114895229
786,False,6,6327,0.8102068901062012,0.9189155146124816
787,False,6,6328,0.7719316482543945,0.9445263083492007
788,False,6,6329,0.8209133148193359,0.9686390544686999
789,False,6,6330,0.7822561264038086,0.9199446446838835
790,False,6,6331,0.7770228385925293,0.9317228630894705
791,False,6,6332,0.8212096691131592,0.912713027071385
792,False,6,6333,0.7696528434753418,0.9481660666919889
793,False,6,6334,0.81109619140625,0.9366076333182197
794,False,6,6335,0.8198983669281006,0.9274894627077238
795,False,6,6336,0.758753776550293,0.9187281079412926
796,False,6,6337,0.8335583209991455,0.9420002635036197
797,False,6,6338,0.7891077995300293,0.9847197376546406
798,False,6,6339,0.7657482624053955,0.9823500208911441
799,False,6,6340,0.8184151649475098,0.8767968714237214
800,False,6,6341,0.7736644744873047,0.926176824030422
801,False,6,6342,0.7847194671630859,0.9215663258163704
802,False,6,6343,0.8137435913085938,0.9426298980556783
803,False,6,6344,0.765615701675415,0.9258612561083974
804,False,6,6345,0.8107070922851562,0.955973078097616
805,False,6,6346,0.8245337009429932,0.9801771449191228
806,False,6,6347,0.7568366527557373,0.9691826062543051
807,False,6,6348,0.8539524078369141,0.8954096264427617
808,False,6,6349,0.790555477142334,1.0066823281702542
809,False,6,6350,0.7948708534240723,0.9459302538917177
810,False,6,6351,0.8226752281188965,0.9095322347822643
811,False,6,6352,0.7679417133331299,0.9710073875529426
812,False,6,6353,0.7858359813690186,0.9070060838546072
813,False,6,6354,0.8141238689422607,0.9151652834954713
814,False,6,6355,0.7821049690246582,0.9373782131643523
815,False,6,6356,0.8013432025909424,0.9567579075339295
816,False,6,6357,0.8156538009643555,0.9006370852390925
817,False,6,6358,0.8171966075897217,0.9575852212451753
818,False,6,6359,0.8874120712280273,0.9233377742625417
819,False,6,6360,0.8762094974517822,0.9125772292415302
820,False,6,6361,0.8740572929382324,0.9359391324576877
821,False,6,6362,0.885106086730957,0.9453974926755543
822,False,6,6363,0.8699862957000732,0.9420631116344816
823,False,6,6364,0.8782031536102295,0.8992583343670482
824,False,6,6365,0.8675172328948975,0.9024450330152398
825,False,6,6366,0.86342453956604,0.9707676019696964
826,False,6,6367,0.8686299324035645,0.933028445800855
827,False,6,6368,0.8848199844360352,0.9207785399187176
828,False,6,6369,0.8824722766876221,0.9118731078647431
829,False,6,6370,0.867389440536499,0.964848502760842
830,False,6,6371,0.8832743167877197,0.9375805382927257
831,False,6,6372,0.8620257377624512,0.9343210403763111
832,False,6,6373,0.8763856887817383,0.9688780336152939
833,False,6,6374,0.8771166801452637,0.9168292626383758
834,False,6,6375,0.8548595905303955,0.9470410531475429
835,False,6,6376,0.8720920085906982,0.9111011344052496
836,False,6,6377,0.8661060333251953,0.985045557930356
837,False,6,6378,0.8662972450256348,0.9390795259248643
838,False,6,6379,0.8855795860290527,0.9286116632145074
839,False,6,6380,0.8638730049133301,0.9453689963335083
840,False,6,6381,0.8772444725036621,0.9554225823708943
841,False,6,6382,0.8691389560699463,0.9483072793199903
842,False,6,6383,0.8704433441162109,0.9451975854379788
843,False,6,6384,0.870354413986206,0.9283292772514479
844,False,6,6385,0.8639843463897705,0.9665902931065788
845,False,6,6386,0.8741207122802734,0.9460972135975246
846,False,6,6387,0.8584315776824951,0.8683550545857069
847,False,6,6388,0.8684141635894775,0.9645200499466486
848,False,6,6389,0.8905594348907471,0.9409376581509908
849,False,6,6390,0.8508491516113281,0.9583418420737699
850,False,6,6391,0.8813011646270752,0.954767680771294
851,False,6,6392,0.8746061325073242,0.8846710650693802
852,False,6,6393,0.8641502857208252,0.9164983043003648
853,False,6,6394,0.8871290683746338,0.9591057843395641
854,False,6,6395,0.8673179149627686,0.9529207398494085
855,False,6,6396,0.8603701591491699,0.8926940971896763
856,False,6,6397,0.8751637935638428,0.945586373053846
857,False,6,6398,0.8741054534912109,0.9062507549921672
858,False,6,6399,0.8521008491516113,0.9817795561892644
859,True,6,6400,0.9789562225341797,0.922603418784482
860,False,6,6401,0.8518016338348389,0.9521037687857946
861,False,6,6402,0.8644862174987793,0.9121562927251771
862,False,6,6403,0.8854949474334717,0.9802735376925693
863,False,6,6404,0.8672628402709961,0.8669899553060532
864,False,6,6405,0.8770813941955566,0.9645121005319414
865,False,6,6406,0.8792667388916016,0.9275513413761342
866,False,6,6407,0.8674578666687012,0.9771748830874759
867,False,6,6408,0.8803822994232178,0.9572907892011461
868,False,6,6409,0.8678629398345947,0.9375081873011022
869,False,6,6410,0.8908734321594238,0.9057891228724094
870,False,6,6411,0.8922421932220459,0.9617385828778859
871,False,6,6412,0.8685007095336914,0.9431695608156069
872,False,6,6413,0.8755247592926025,0.910146988928318
873,False,6,6414,0.8666291236877441,0.9689849710890225
874,False,6,6415,0.8696880340576172,0.8889843679609752
875,False,6,6416,0.8846173286437988,0.9427610419335821
876,False,6,6417,0.8636715412139893,0.9578183903580622
877,False,6,6418,0.8935747146606445,0.9551497084044274
878,False,6,6419,0.8764517307281494,0.9964506509048596
879,False,6,6420,0.8691926002502441,0.9607745905717214
880,False,6,6421,0.880272626876831,0.9808389125835327
881,False,6,6422,0.8593120574951172,0.944711778845106
882,False,6,6423,0.8750128746032715,0.9120225665115176
883,False,6,6424,0.8702006340026855,0.9668581801510993
884,False,6,6425,0.8640286922454834,0.9696861278443111
885,False,6,6426,0.7889719009399414,0.9797426838250386
886,False,6,6427,0.8236494064331055,0.9489630357850167
887,False,6,6428,0.7912847995758057,0.9247783049941065
888,False,6,6429,0.7713944911956787,0.9602964846860794
889,False,6,6430,0.8449516296386719,0.9540088479185389
890,False,6,6431,0.7705817222595215,0.91990047338463
891,False,6,6432,0.8005149364471436,0.9993965459011851
892,False,6,6433,0.8134925365447998,0.9202048814012891
893,False,6,6434,0.7702534198760986,0.9896794358889263
894,False,6,6435,0.8152847290039062,0.9613646098545618
895,False,6,6436,0.8141920566558838,0.937427809550649
896,False,6,6437,0.7571501731872559,0.9447508819756053
897,False,6,6438,0.8281416893005371,0.9141300827974365
898,False,6,6439,0.7851202487945557,0.8903770262286776
899,False,6,6440,0.7762594223022461,0.9584708440871468
900,False,6,6441,0.8230576515197754,0.9565711149147578
901,False,6,6442,0.7650105953216553,0.924063584456841
902,False,6,6443,0.826779842376709,0.9286822818574452
903,False,6,6444,0.8054187297821045,0.929890431818508
904,False,6,6445,0.8123378753662109,0.9118560651938119
905,False,6,6446,0.8193831443786621,0.9591025837830136
906,False,6,6447,0.8131740093231201,0.9455778552662758
907,False,6,6448,0.780768632888794,0.928225786913009
908,False,6,6449,0.8171694278717041,0.9461308753206615
909,False,6,6450,0.8181445598602295,0.9202521576413085
910,False,6,6451,0.7610986232757568,0.9657110664106552
911,False,6,6452,0.8254513740539551,0.9335128672066191
912,False,6,6453,0.7877223491668701,0.9512822056810063
913,False,6,6454,0.7741422653198242,0.9688146689108441
914,False,6,6455,0.8240640163421631,0.9070167722446577
915,False,6,6456,0.7574694156646729,0.9226023636403539
916,False,6,6457,0.8197269439697266,0.9734336542231694
917,False,6,6458,0.8071143627166748,0.9027515216952279
918,False,6,6459,0.7806248664855957,0.9167798526939891
919,False,6,6460,0.8202307224273682,0.9013651176577522
920,False,6,6461,0.8159875869750977,0.9036369380496797
921,False,6,6462,0.7615044116973877,0.9241575112655049
922,False,6,6463,0.8343288898468018,0.9506533280724571
923,False,6,6464,0.7871987819671631,0.9031728062601316
924,False,6,6465,0.7743895053863525,0.9033019966667606
925,False,6,6466,0.8282713890075684,0.9326206491816613
926,False,6,6467,0.7257969379425049,0.9709436701876778
927,False,6,6468,0.8326699733734131,1.0069882103375025
928,False,6,6469,0.7935118675231934,0.8974729151952836
929,False,6,6470,0.765021800994873,0.9188387977580232
930,False,6,6471,0.833277702331543,0.8988599195366814
931,False,6,6472,0.7635085582733154,0.9553707979974292
932,False,6,6473,0.8117711544036865,0.9303112196780386
933,False,6,6474,0.8059825897216797,0.9237823793221086
934,False,6,6475,0.7661013603210449,0.9428221732378008
935,False,6,6476,0.8304235935211182,0.9083746309791293
936,False,6,6477,0.7718524932861328,0.8929312294792562
937,False,6,6478,0.7834486961364746,0.9649842239561536
938,False,6,6479,0.8174660205841064,0.915089758911303
939,False,6,6480,0.7761754989624023,0.9134680806171327
940,False,6,6481,0.8068091869354248,0.8925199272731941
941,False,6,6482,0.809715986251831,0.9882248994849976
942,False,6,6483,0.7842249870300293,0.9048878983372735
943,False,6,6484,0.7917561531066895,0.9098866642231032
944,False,6,6485,0.8295249938964844,0.9225693923376858
945,False,6,6486,0.762739896774292,0.8850895033351013
946,False,6,6487,0.8358027935028076,0.9691394205604281
947,False,6,6488,0.8219914436340332,0.8896205982282048
948,False,6,6489,0.7552416324615479,0.9255796855404264
949,False,6,6490,0.818673849105835,0.899210908938022
950,False,6,6491,0.7665741443634033,0.8891080859161559
951,False,6,6492,0.7871966361999512,0.9748488991033462
952,False,6,6493,0.8165419101715088,0.9127738316144264
953,False,6,6494,0.7779254913330078,0.9239510086675484
954,False,6,6495,0.7939398288726807,0.9284800056900298
955,False,6,6496,0.831841230392456,1.0170776036878426
956,False,6,6497,0.7711374759674072,0.9677594268605823
957,False,6,6498,0.8192079067230225,0.9846582441102892
958,False,6,6499,0.8209407329559326,0.9474792977174125
959,True,6,6500,0.8587579727172852,0.9409554167872383
960,False,6,6501,0.8080484867095947,0.966952167096592
961,False,6,6502,0.8089914321899414,0.9587637384732565
962,False,6,6503,0.7754621505737305,0.9491203540847413
963,False,6,6504,0.8290085792541504,0.9441545992380098
964,False,6,6505,0.8232553005218506,0.9834759033152038
965,False,6,6506,0.7595069408416748,0.9652632347175054
966,False,6,6507,0.8258333206176758,0.9712689568599064
967,False,6,6508,0.7756702899932861,0.9355351499148777
968,False,6,6509,0.7786960601806641,0.8930496193823361
969,False,6,6510,0.8208932876586914,0.8861216618901206
970,False,6,6511,0.7719814777374268,0.9432979740557215
971,False,6,6512,0.791985273361206,0.9607405022141478
972,False,6,6513,0.8296389579772949,0.9836058595350811
973,False,6,6514,0.7608175277709961,0.8975138667793503
974,False,6,6515,0.821080207824707,0.9360570655692192
975,False,6,6516,0.7985620498657227,0.9547069051436017
976,False,6,6517,0.7553470134735107,0.9174634999639932
977,False,6,6518,0.8341221809387207,0.9172836918206442
978,False,6,6519,0.7596480846405029,0.9579515077528499
979,False,6,6520,0.7997856140136719,0.9332696153294472
980,False,6,6521,0.8187720775604248,0.9955837879152524
981,False,6,6522,0.778709888458252,0.9054653389113291
982,False,6,6523,0.814072847366333,0.9550081455991382
983,False,6,6524,0.8181760311126709,0.9584415143444424
984,False,6,6525,0.7926890850067139,0.9138659675206456
985,False,6,6526,0.8237049579620361,0.8929735049605368
986,False,6,6527,0.8273472785949707,0.9895611433755784
987,False,6,6528,0.7649765014648438,0.96479302733427
988,False,6,6529,0.8370707035064697,0.9034834060640562
989,False,6,6530,0.8005189895629883,0.9385293101270992
990,False,6,6531,0.7598414421081543,0.8944694545297395
991,False,6,6532,0.8329167366027832,0.9844691923686434
992,False,6,6533,0.7638890743255615,0.941800539692243
993,False,6,6534,0.8014934062957764,0.93646330767799
994,False,6,6535,0.8162505626678467,0.8989635478882564
995,False,6,6536,0.7798478603363037,0.9205652821276872
996,False,6,6537,0.8173608779907227,0.9142913711922509
997,False,6,6538,0.8240554332733154,1.0068565323239278
998,False,6,6539,0.7623324394226074,0.9625780672899317
999,False,6,6540,0.8440334796905518,0.9532787013976348
1000,False,6,6541,0.8015377521514893,0.9060617351815814
1001,False,6,6542,0.7719476222991943,0.8629403100127264
1002,False,6,6543,0.8182604312896729,0.9517894656885237
1003,False,6,6544,0.781785249710083,0.973951327658835
1004,False,6,6545,0.7747557163238525,0.9659383144407043
1005,False,6,6546,0.8312366008758545,0.9677867137250445
1006,False,6,6547,0.7648303508758545,0.9447022646310782
1007,False,6,6548,0.8073499202728271,0.8849303498864175
1008,False,6,6549,0.8236804008483887,0.8955683805758045
1009,False,6,6550,0.7613863945007324,0.9629239847085306
1010,False,6,6551,0.8283505439758301,0.9197862144737015
1011,False,6,6552,0.7793853282928467,0.9263714715128853
1012,False,6,6553,0.7701292037963867,0.8975179975941064
1013,False,6,6554,0.8151381015777588,0.9303053872925896
1014,False,6,6555,0.7738709449768066,0.9045821066413609
1015,False,6,6556,0.7910611629486084,0.9408904626255945
1016,False,6,6557,0.8128764629364014,0.9384300102080615
1017,False,6,6558,0.8056960105895996,0.9198123156314801
1018,False,6,6559,0.8109710216522217,0.9550277150812603
1019,False,6,6560,0.8345658779144287,0.9060867634557542
1020,False,6,6561,0.7461364269256592,0.894135074423892
1021,False,6,6562,0.8527112007141113,0.9048628406155677
1022,False,6,6563,0.7887277603149414,0.8956537055117744
1023,False,6,6564,0.7804667949676514,0.9071041345596315
1024,False,6,6565,0.8293299674987793,0.9310460573150997
1025,False,6,6566,0.7643203735351562,0.9044347160628863
1026,False,6,6567,0.7892959117889404,0.9437329989104043
1027,False,6,6568,0.8149333000183105,0.9515190521876017
1028,False,6,6569,0.7772684097290039,0.8917432514329753
1029,False,6,6570,0.7965371608734131,0.912760090792463
1030,False,6,6571,0.8198573589324951,0.9275277377594087
1031,False,6,6572,0.7651033401489258,0.8978362748665468
1032,False,6,6573,0.8360030651092529,0.8945719377980345
1033,False,6,6574,0.8087656497955322,0.9296217171386594
1034,False,6,6575,0.7976999282836914,0.9151647058980804
1035,False,6,6576,0.8291189670562744,0.9349551818200519
1036,False,6,6577,0.8072977066040039,0.9686706271909533
1037,False,6,6578,0.7671771049499512,0.9421681165695187
1038,False,6,6579,0.8262529373168945,0.9318795346078419
1039,False,6,6580,0.7758727073669434,0.9263762852975301
1040,False,6,6581,0.7860112190246582,0.928286632611638
1041,False,6,6582,0.8277633190155029,0.9252325221896173
1042,False,6,6583,0.759523868560791,0.9496099466369267
1043,False,6,6584,0.8286385536193848,0.9570670213018145
1044,False,6,6585,0.8137001991271973,0.9277345360744569
1045,False,6,6586,0.7739622592926025,0.9324190206825735
1046,False,6,6587,0.8214602470397949,0.9035297486753692
1047,False,6,6588,0.805842399597168,0.9139378278383187
1048,False,6,6589,0.7929608821868896,0.9324880891612597
1049,False,6,6590,0.8179423809051514,0.9410963356494906
1050,False,6,6591,0.8062758445739746,0.9002096149183453
1051,False,6,6592,0.7616994380950928,0.9444707681735356
1052,False,6,6593,0.8291282653808594,0.904451106275831
1053,False,6,6594,0.7628157138824463,0.8940994006892047
1054,False,6,6595,0.8000288009643555,0.9010217629727865
1055,False,6,6596,0.8233799934387207,0.9204396122977849
1056,False,6,6597,0.7634546756744385,0.907267090642736
1057,False,6,6598,0.8241677284240723,0.9395750879886604
1058,False,6,6599,0.8121168613433838,0.928423822635696
1059,True,6,6600,0.8590798377990723,0.9614239505359107
1060,False,6,6601,0.7945382595062256,0.977715786369074
1061,False,6,6602,0.8316555023193359,0.9363922072308404
1062,False,6,6603,0.7665479183197021,0.9690488364015306
1063,False,6,6604,0.8210413455963135,0.9288899082513083
1064,False,6,6605,0.795773983001709,0.9965692552782243
1065,False,6,6606,0.7627379894256592,0.9454069141121139
1066,False,6,6607,0.8314840793609619,0.9364246924718219
1067,False,6,6608,0.765648365020752,0.9965332654260455
1068,False,6,6609,0.7936162948608398,0.9685014227316493
1069,False,6,6610,0.8151645660400391,0.9728499711269424
1070,False,6,6611,0.7772574424743652,0.9828175934297697
1071,False,6,6612,0.816838264465332,0.9354420682149275
1072,False,6,6613,0.8090858459472656,1.0029397731026015
1073,False,6,6614,0.7695653438568115,0.9318373930596169
1074,False,6,6615,0.826707124710083,0.9187561667391233
1075,False,6,6616,0.7636771202087402,0.9624313655353729
1076,False,6,6617,0.7919363975524902,0.899298320746138
1077,False,6,6618,0.8123705387115479,0.9209222023685774
1078,False,6,6619,0.7704784870147705,0.8953227595913976
1079,False,6,6620,0.81856369972229,0.9975662320142699
1080,False,6,6621,0.8257224559783936,1.0268481011901582
1081,False,6,6622,0.7620513439178467,0.9079646141756148
1082,False,6,6623,0.8194377422332764,0.9542543927118893
1083,False,6,6624,0.7821626663208008,0.8984875903420505
1084,False,6,6625,0.7777857780456543,0.9535667491810661
1085,False,6,6626,0.8529024124145508,0.9012999861013323
1086,False,6,6627,0.761033296585083,0.9208497649856977
1087,False,6,6628,0.7994916439056396,0.9414869170813333
1088,False,6,6629,0.814706563949585,0.9057272452683675
1089,False,6,6630,0.7984762191772461,0.9450445058090348
1090,False,6,6631,0.7924370765686035,0.9491348241766294
1091,False,6,6632,0.8123674392700195,0.9405066857025736
1092,False,6,6633,0.7915830612182617,0.9985995908223447
1093,False,6,6634,0.784599781036377,0.9470688047863188
1094,False,6,6635,0.8271713256835938,0.9408415704965591
1095,False,6,6636,0.7624263763427734,0.9229023155002366
1096,False,6,6637,0.8256537914276123,0.9112755411437579
1097,False,6,6638,0.8130176067352295,0.916826575639702
1098,False,6,6639,0.7517406940460205,0.92332010609763
1099,False,6,6640,0.8347592353820801,0.9509737312438942
1100,False,6,6641,0.7606878280639648,0.9077389862920556
1101,False,6,6642,0.7943596839904785,0.9395348113917171
1102,False,6,6643,0.8144357204437256,0.9275306278751011
1103,False,6,6644,0.7723648548126221,0.9881366512605121
1104,False,6,6645,0.821044921875,0.9286011400676909
1105,False,6,6646,0.8242087364196777,0.9495925278890701
1106,False,6,6647,0.760594367980957,0.9850177328501429
1107,False,6,6648,0.6528127193450928,0.9960541402300201
0,False,7,6649,0.8076150417327881,0.9181768383298602
1,False,7,6650,0.8083286285400391,0.8874684802833058
2,False,7,6651,0.7567486763000488,0.927036186768895
3,False,7,6652,0.8543288707733154,0.9514578783086367
4,False,7,6653,0.77347731590271,0.9782203357844126
5,False,7,6654,0.7844724655151367,0.9553912303277424
6,False,7,6655,0.833977222442627,0.9475136317667506
7,False,7,6656,0.7580907344818115,0.9052374861424879
8,False,7,6657,0.8153529167175293,0.9506186622948873
9,False,7,6658,0.813223123550415,0.9310089557298591
10,False,7,6659,0.7768588066101074,0.9713257033200492
11,False,7,6660,0.815422773361206,0.9886631444096563
12,False,7,6661,0.8024752140045166,0.9352716136546361
13,False,7,6662,0.7585656642913818,0.9654316476413183
14,False,7,6663,0.8300228118896484,0.9500567593744822
15,False,7,6664,0.7718949317932129,0.9161576081422115
16,False,7,6665,0.7887866497039795,0.9190188820163407
17,False,7,6666,0.8362953662872314,0.9387583484252294
18,False,7,6667,0.7703371047973633,0.9811463732094992
19,False,7,6668,0.8178822994232178,0.9324582737116586
20,False,7,6669,0.8111467361450195,0.9675485981362207
21,False,7,6670,0.7792267799377441,0.9137835396187648
22,False,7,6671,0.8168268203735352,0.9324719936010385
23,False,7,6672,0.8100652694702148,0.9566261768341064
24,False,7,6673,0.7870585918426514,0.9577806684232893
25,False,7,6674,0.8206264972686768,0.9677057486204875
26,False,7,6675,0.8081955909729004,0.970620904650007
27,False,7,6676,0.7613377571105957,0.8987474113347983
28,False,7,6677,0.832073450088501,0.9178983483995711
29,False,7,6678,0.7651360034942627,0.9291484582991826
30,False,7,6679,0.7915017604827881,0.9185038897253218
31,False,7,6680,0.8337433338165283,0.8941687417349645
32,False,7,6681,0.7695479393005371,0.9427930884772826
33,False,7,6682,0.8154764175415039,0.880983364369188
34,False,7,6683,0.8122539520263672,0.9334762862750462
35,False,7,6684,0.7643144130706787,0.9402126510228429
36,False,7,6685,0.8313472270965576,0.9105300646984861
37,False,7,6686,0.7769575119018555,0.9074949077552275
38,False,7,6687,0.7744550704956055,0.8856379643437406
39,False,7,6688,0.8222179412841797,0.9125521041098094
40,False,7,6689,0.7816579341888428,0.9732608521978059
41,False,7,6690,0.7945041656494141,0.9309765178532827
42,False,7,6691,0.8218107223510742,0.9235518168480623
43,False,7,6692,0.7922024726867676,0.9605011474341153
44,False,7,6693,0.7711951732635498,0.9138922558299132
45,False,7,6694,0.843480110168457,0.9247956222721508
46,False,7,6695,0.7683327198028564,0.957533454611188
47,False,7,6696,0.8023238182067871,0.8739763590551557
48,False,7,6697,0.828366756439209,0.9173668378165789
49,False,7,6698,0.7666656970977783,0.934026195534638
50,False,7,6699,0.8200578689575195,0.9531259366444179
51,True,7,6700,0.8938910961151123,0.8896682125826675
52,False,7,6701,0.7784433364868164,0.9719431485448565
53,False,7,6702,0.7992093563079834,0.9725687986328488
54,False,7,6703,0.8275396823883057,0.9391603391794929
55,False,7,6704,0.7675554752349854,0.9913828117506841
56,False,7,6705,0.8136012554168701,0.9558681231879049
57,False,7,6706,0.8050034046173096,0.9516847743874505
58,False,7,6707,0.7528946399688721,0.8918905854225159
59,False,7,6708,0.8267781734466553,0.9770488022338777
60,False,7,6709,0.7595927715301514,0.9403879372846512
61,False,7,6710,0.8027889728546143,0.95082548491302
62,False,7,6711,0.8195230960845947,0.9503464720078877
63,False,7,6712,0.7671041488647461,0.960777018751417
64,False,7,6713,0.813399076461792,0.9259400420955247
65,False,7,6714,0.8167505264282227,0.9686311497574761
66,False,7,6715,0.7697172164916992,0.9174759366682599
67,False,7,6716,0.8368136882781982,0.9144957988922086
68,False,7,6717,0.7995874881744385,0.9231289717413128
69,False,7,6718,0.7702121734619141,0.8759410266897508
70,False,7,6719,0.8214187622070312,0.9396296995026727
71,False,7,6720,0.7662177085876465,0.9097307062752188
72,False,7,6721,0.7938404083251953,0.9429192301772891
73,False,7,6722,0.8090934753417969,0.9318336954429035
74,False,7,6723,0.768754243850708,0.9273417435941242
75,False,7,6724,0.8288493156433105,0.8981974738694373
76,False,7,6725,0.8078911304473877,0.9384800763357254
77,False,7,6726,0.7555160522460938,0.9267884925717401
78,False,7,6727,0.8342230319976807,0.9320637328284126
79,False,7,6728,0.7621150016784668,0.9239042243432433
80,False,7,6729,0.7975785732269287,0.9763027266377494
81,False,7,6730,0.8094916343688965,0.965753901217665
82,False,7,6731,0.7775454521179199,0.9243555367879924
83,False,7,6732,0.8137235641479492,0.9349407014392671
84,False,7,6733,0.8124053478240967,0.905927554837295
85,False,7,6734,0.7738916873931885,0.9216799056600957
86,False,7,6735,0.818605899810791,0.9051236739116054
87,False,7,6736,0.799431562423706,0.9776573081811267
88,False,7,6737,0.7628788948059082,0.9645765065437272
89,False,7,6738,0.8353071212768555,0.9710309129385721
90,False,7,6739,0.7679808139801025,0.9232030539285568
91,False,7,6740,0.7880356311798096,0.9316954697881427
92,False,7,6741,0.8255820274353027,0.9182416161610968
93,False,7,6742,0.7628118991851807,1.0159279955994516
94,False,7,6743,0.8234004974365234,0.946713373774574
95,False,7,6744,0.811323881149292,0.9645609252509616
96,False,7,6745,0.7705960273742676,0.9767389340060101
97,False,7,6746,0.8138754367828369,0.9037854217347644
98,False,7,6747,0.7869136333465576,0.9383136360418229
99,False,7,6748,0.7691712379455566,0.9362177054087321
100,False,7,6749,0.8352763652801514,0.8997704642159597
101,False,7,6750,0.7654814720153809,0.9225721502055725
102,False,7,6751,0.8047244548797607,0.9378769241628194
103,False,7,6752,0.8085160255432129,0.8921244987064882
104,False,7,6753,0.7686395645141602,0.9231095659058719
105,False,7,6754,0.8230445384979248,0.9305868021079473
106,False,7,6755,0.7861888408660889,0.9452074617147447
107,False,7,6756,0.7646968364715576,0.9552712589502332
108,False,7,6757,0.8312339782714844,0.9269309136129561
109,False,7,6758,0.7587957382202148,0.927954189479351
110,False,7,6759,0.8121106624603271,0.9176092594861984
111,False,7,6760,0.827606201171875,0.9189689871633336
112,False,7,6761,0.7507498264312744,0.9504471644759177
113,False,7,6762,0.8274869918823242,0.9635586248976844
114,False,7,6763,0.7883226871490479,0.9167252505819001
115,False,7,6764,0.7665376663208008,0.8935775049917754
116,False,7,6765,0.8134558200836182,0.8926434685431776
117,False,7,6766,0.7760345935821533,0.8655440566085633
118,False,7,6767,0.7808358669281006,0.8654258584692365
119,False,7,6768,0.8187799453735352,0.9445859108652388
120,False,7,6769,0.7711315155029297,0.9339095506639709
121,False,7,6770,0.7984523773193359,0.9338580618302027
122,False,7,6771,0.8137691020965576,0.9204581576798643
123,False,7,6772,0.7506163120269775,0.9303737719144142
124,False,7,6773,0.8411259651184082,0.9807909982545034
125,False,7,6774,0.7653770446777344,0.9284296823399409
126,False,7,6775,0.7932107448577881,0.8936236028869947
127,False,7,6776,0.8267507553100586,0.8927760223547618
128,False,7,6777,0.7556657791137695,0.933266916800113
129,False,7,6778,0.8215999603271484,0.9534223150639308
130,False,7,6779,0.7981283664703369,0.9748701204856236
131,False,7,6780,0.7602667808532715,0.9102090856149083
132,False,7,6781,0.8214693069458008,0.9285218806139061
133,False,7,6782,0.7799456119537354,0.8996898170028412
134,False,7,6783,0.7714540958404541,0.9390186960143702
135,False,7,6784,0.8264117240905762,0.9261381697087061
136,False,7,6785,0.7610738277435303,0.9710118749311992
137,False,7,6786,0.8214876651763916,0.9358646309091931
138,False,7,6787,0.8262314796447754,0.9021237840255102
139,False,7,6788,0.7530500888824463,0.8934981472612847
140,False,7,6789,0.8304948806762695,0.9345068697418486
141,False,7,6790,0.7664675712585449,0.8905634816203796
142,False,7,6791,0.7990319728851318,0.9468941582100732
143,False,7,6792,0.8207142353057861,0.8812048703077292
144,False,7,6793,0.7478249073028564,0.9297603727096604
145,False,7,6794,0.8238785266876221,0.8947492131874675
146,False,7,6795,0.7777819633483887,0.9754493570043926
147,False,7,6796,0.7803130149841309,0.9234363975979032
148,False,7,6797,0.8249974250793457,0.9667093044235593
149,False,7,6798,0.7622792720794678,0.9549894765728995
150,False,7,6799,0.8211438655853271,0.9152954532986597
151,True,7,6800,0.9009799957275391,0.9221616075152441
152,False,7,6801,0.7901673316955566,0.9611561113879795
153,False,7,6802,0.7754664421081543,0.9401436657423065
154,False,7,6803,0.8150935173034668,0.94108776659483
155,False,7,6804,0.7697997093200684,0.9122604906913782
156,False,7,6805,0.799323320388794,0.9314824743639857
157,False,7,6806,0.8259048461914062,0.939904332870529
158,False,7,6807,0.7621278762817383,0.9397610209527468
159,False,7,6808,0.8315401077270508,0.9418603742406482
160,False,7,6809,0.8020832538604736,0.9424753614834378
161,False,7,6810,0.7558929920196533,0.9598535370259059
162,False,7,6811,0.83062744140625,0.9398092691387451
163,False,7,6812,0.7679479122161865,0.9177933851523059
164,False,7,6813,0.8031332492828369,0.9493750021571203
165,False,7,6814,0.8039112091064453,0.9538667776754923
166,False,7,6815,0.7775046825408936,0.8939303918963386
167,False,7,6816,0.8197615146636963,0.9186655552614301
168,False,7,6817,0.7981612682342529,0.9484618774482181
169,False,7,6818,0.7590370178222656,0.9422281249648049
170,False,7,6819,0.8163051605224609,0.942336183218729
171,False,7,6820,0.7965836524963379,0.9729331565045175
172,False,7,6821,0.7906467914581299,0.9604624914271489
173,False,7,6822,0.8476481437683105,0.9641239969503314
174,False,7,6823,0.7636089324951172,0.9535005064237686
175,False,7,6824,0.8177673816680908,0.936648742074058
176,False,7,6825,0.8102996349334717,0.966046461037227
177,False,7,6826,0.776024580001831,0.9273211920545216
178,False,7,6827,0.8317351341247559,0.9119860519255911
179,False,7,6828,0.8183605670928955,0.9488943871997653
180,False,7,6829,0.7588651180267334,0.9259212180262522
181,False,7,6830,0.8287522792816162,0.9104711136647634
182,False,7,6831,0.7621850967407227,0.9859527505579447
183,False,7,6832,0.7938427925109863,1.010530804594358
184,False,7,6833,0.8177793025970459,0.9318931617197537
185,False,7,6834,0.7756001949310303,0.9332087074539492
186,False,7,6835,0.8127202987670898,0.9353263470388595
187,False,7,6836,0.8146038055419922,0.957266466248603
188,False,7,6837,0.775230884552002,0.9277220535136403
189,False,7,6838,0.8149621486663818,0.9343015352884928
190,False,7,6839,0.8015172481536865,0.9652238438526789
191,False,7,6840,0.7590668201446533,0.9618490774716649
192,False,7,6841,0.8378148078918457,0.9218300339721498
193,False,7,6842,0.7539529800415039,0.9414075345155738
194,False,7,6843,0.8091063499450684,0.9295105380671365
195,False,7,6844,0.8296864032745361,0.9743606714265687
196,False,7,6845,0.7606239318847656,0.9928443602153233
197,False,7,6846,0.8264269828796387,0.9062470332497642
198,False,7,6847,0.7875804901123047,0.9414963810926394
199,False,7,6848,0.7675669193267822,0.8943273925355505
200,False,7,6849,0.8194704055786133,0.9419132825874147
201,False,7,6850,0.7720506191253662,0.9882262342032931
202,False,7,6851,0.7803478240966797,0.9122319221496582
203,False,7,6852,0.8256263732910156,0.9453838440988747
204,False,7,6853,0.7751679420471191,0.9204242107946249
205,False,7,6854,0.8132121562957764,0.921359759711084
206,False,7,6855,0.8167703151702881,0.9181825305734362
207,False,7,6856,0.7642292976379395,0.9485148308532577
208,False,7,6857,0.8534946441650391,0.9326396378732862
209,False,7,6858,0.8066010475158691,0.9512765184044838
210,False,7,6859,0.775871992111206,0.8737827617497672
211,False,7,6860,0.8233351707458496,0.9581910563366752
212,False,7,6861,0.7917790412902832,0.8337079363742047
213,False,7,6862,0.7612786293029785,0.9214950042466322
214,False,7,6863,0.8351633548736572,0.959121164111864
215,False,7,6864,0.7713894844055176,0.9812836093561991
216,False,7,6865,0.8071815967559814,0.8807289575537045
217,False,7,6866,0.813615083694458,0.967745724178496
218,False,7,6867,0.7740483283996582,0.8834245790328297
219,False,7,6868,0.8146893978118896,0.9213524336616199
220,False,7,6869,0.8165547847747803,0.937228256747836
221,False,7,6870,0.7597765922546387,0.9229096908654486
222,False,7,6871,0.8318367004394531,0.9334412779481638
223,False,7,6872,0.7898397445678711,0.8953895799460867
224,False,7,6873,0.7700228691101074,0.9221728256060964
225,False,7,6874,0.8312792778015137,0.9424681631582122
226,False,7,6875,0.762617826461792,0.9152459342564856
227,False,7,6876,0.8085877895355225,0.9485121340978713
228,False,7,6877,0.8168289661407471,0.9210437564622789
229,False,7,6878,0.7973613739013672,0.9125670535223824
230,False,7,6879,0.8088269233703613,0.8766166437417268
231,False,7,6880,0.8171119689941406,0.9390768681963283
232,False,7,6881,0.7808089256286621,0.9256659721334775
233,False,7,6882,0.8025186061859131,0.9345154464244843
234,False,7,6883,0.8264615535736084,0.86798302509955
235,False,7,6884,0.7675273418426514,0.9002704459819055
236,False,7,6885,0.8288331031799316,0.9211905776035219
237,False,7,6886,0.7925341129302979,0.9510793331123534
238,False,7,6887,0.7653322219848633,0.8836731733310793
239,False,7,6888,0.8224992752075195,0.9175106904336384
240,False,7,6889,0.7668604850769043,0.8743970692157745
241,False,7,6890,0.8177719116210938,0.9501369936125617
242,False,7,6891,0.8140325546264648,0.9593947473026456
243,False,7,6892,0.7765452861785889,0.9121838424886974
244,False,7,6893,0.8148093223571777,0.8989651777914592
245,False,7,6894,0.8212077617645264,0.8913566700759389
246,False,7,6895,0.7525784969329834,0.9391827483971912
247,False,7,6896,0.8287198543548584,0.8615704136235371
248,False,7,6897,0.7757649421691895,0.8971317119541622
249,False,7,6898,0.7827246189117432,0.9229629453094232
250,False,7,6899,0.8221631050109863,0.9665021170817671
251,True,7,6900,0.8805410861968994,0.8603295401803085
252,False,7,6901,0.7616457939147949,0.9503123618307567
253,False,7,6902,0.8353896141052246,0.9366716685749236
254,False,7,6903,0.7783839702606201,0.9727838976042612
255,False,7,6904,0.7783622741699219,0.9359104065668016
256,False,7,6905,0.8203747272491455,0.9326618682770503
257,False,7,6906,0.7673690319061279,0.9632247473512379
258,False,7,6907,0.8243467807769775,0.9500610941932317
259,False,7,6908,0.7983658313751221,0.9430438478787739
260,False,7,6909,0.7762515544891357,0.9338620979161489
261,False,7,6910,0.8130481243133545,1.006932182680993
262,False,7,6911,0.7894947528839111,0.9606806465557641
263,False,7,6912,0.7991349697113037,0.9557645409589723
264,False,7,6913,0.8123681545257568,0.9043587676825978
265,False,7,6914,0.7950289249420166,0.9409376233816147
266,False,7,6915,0.7707164287567139,0.9569939389115287
267,False,7,6916,0.8334760665893555,0.9193795621395111
268,False,7,6917,0.7539105415344238,0.9381489246374085
269,False,7,6918,0.8166816234588623,0.9542318926680656
270,False,7,6919,0.8292760848999023,0.9821186927812441
271,False,7,6920,0.7603585720062256,0.9365319249530633
272,False,7,6921,0.8243861198425293,0.9811860280377523
273,False,7,6922,0.7962920665740967,0.9008758103563672
274,False,7,6923,0.7675983905792236,0.9588716360075134
275,False,7,6924,0.820314884185791,0.9235767590857685
276,False,7,6925,0.7811832427978516,0.9102494538362537
277,False,7,6926,0.7736499309539795,0.9674211087680997
278,False,7,6927,0.826960563659668,0.9261106355559258
279,False,7,6928,0.7803874015808105,0.9552976595503941
280,False,7,6929,0.8107223510742188,0.9260750902550562
281,False,7,6930,0.834568977355957,0.916588861850046
282,False,7,6931,0.7652440071105957,0.8814098097029186
283,False,7,6932,0.8523294925689697,0.8912074996956757
284,False,7,6933,0.8111133575439453,0.9557849048149019
285,False,7,6934,0.7710444927215576,0.9493892838557563
286,False,7,6935,0.8178567886352539,0.9196244925260545
287,False,7,6936,0.7975943088531494,0.9178132839678296
288,False,7,6937,0.769662618637085,0.943406418675468
289,False,7,6938,0.8348720073699951,0.8545040200863565
290,False,7,6939,0.7533838748931885,0.9346482159481163
291,False,7,6940,0.8115220069885254,0.9177438730285282
292,False,7,6941,0.8155832290649414,0.9712267411606652
293,False,7,6942,0.7765185832977295,0.8962440143028895
294,False,7,6943,0.8197588920593262,0.9257065242245085
295,False,7,6944,0.8142433166503906,0.9228195494839122
296,False,7,6945,0.7986886501312256,0.9251780701535088
297,False,7,6946,0.8176562786102295,0.9448646058638889
298,False,7,6947,0.8217434883117676,0.9473238488038381
299,False,7,6948,0.7536828517913818,0.9058440210563797
300,False,7,6949,0.831810712814331,0.9301522931172733
301,False,7,6950,0.7756469249725342,0.9530598386412575
302,False,7,6951,0.7868552207946777,0.9489919749044237
303,False,7,6952,0.8334953784942627,0.9461911959307534
304,False,7,6953,0.7565932273864746,0.9358972169104076
305,False,7,6954,0.8231492042541504,0.9252801930443162
306,False,7,6955,0.8176159858703613,0.9146537965252285
307,False,7,6956,0.7712099552154541,0.905943573940368
308,False,7,6957,0.8129146099090576,0.9196417725511961
309,False,7,6958,0.7938566207885742,0.876904462153713
310,False,7,6959,0.7578024864196777,0.9175496754192168
311,False,7,6960,0.8327243328094482,0.9009320005064919
312,False,7,6961,0.7655525207519531,0.9212805940991358
313,False,7,6962,0.8029181957244873,0.9430649798540842
314,False,7,6963,0.8356485366821289,0.9432885327509469
315,False,7,6964,0.7621073722839355,0.8899445576327188
316,False,7,6965,0.8295559883117676,0.8915104087264764
317,False,7,6966,0.7975978851318359,0.9276722133869217
318,False,7,6967,0.7986376285552979,0.912292463793641
319,False,7,6968,0.8172421455383301,0.9256796705580893
320,False,7,6969,0.806027889251709,0.9108629847566287
321,False,7,6970,0.7552976608276367,0.9013111068024522
322,False,7,6971,0.8317914009094238,0.9533446239573616
323,False,7,6972,0.76065993309021,0.9706912097476778
324,False,7,6973,0.8034441471099854,0.9067206851073675
325,False,7,6974,0.8144886493682861,0.9986729685749327
326,False,7,6975,0.7701928615570068,0.8977140846351784
327,False,7,6976,0.8217275142669678,0.8991189230056037
328,False,7,6977,0.8759212493896484,0.870828774802032
329,False,7,6978,0.8801007270812988,0.8735238647177106
330,False,7,6979,0.8675785064697266,0.9050263047573114
331,False,7,6980,0.8716170787811279,0.8836854611124311
332,False,7,6981,0.8669939041137695,0.917333072849682
333,False,7,6982,0.8818469047546387,0.8812179363199643
334,False,7,6983,0.8831005096435547,0.9420261546259834
335,False,7,6984,0.8650665283203125,0.8798969203517549
336,False,7,6985,0.8842177391052246,0.9450034410471008
337,False,7,6986,0.8539280891418457,0.905678816849277
338,False,7,6987,0.8821189403533936,0.9530784668666975
339,False,7,6988,0.879990816116333,0.901290985799971
340,False,7,6989,0.8676707744598389,0.9276796543882008
341,False,7,6990,0.8754382133483887,0.8855697498435064
342,False,7,6991,0.8596558570861816,0.9262338557413646
343,False,7,6992,0.8691220283508301,0.9341530842440469
344,False,7,6993,0.8785691261291504,0.9958267886014212
345,False,7,6994,0.8681042194366455,0.9588830123345057
346,False,7,6995,0.8730897903442383,0.9270308287370773
347,False,7,6996,0.8702495098114014,0.9866901699985776
348,False,7,6997,0.8631212711334229,0.9171334412835892
349,False,7,6998,0.8719239234924316,0.962756481553827
350,False,7,6999,0.8643646240234375,0.886888251418159
351,True,7,7000,0.9825687408447266,0.9506369339568275
352,False,7,7001,0.8803610801696777,0.9404526874423026
353,False,7,7002,0.8682584762573242,0.9323597451051077
354,False,7,7003,0.8919675350189209,0.9300037154129576
355,False,7,7004,0.8675024509429932,0.92844279642616
356,False,7,7005,0.881812334060669,0.9064632256825764
357,False,7,7006,0.863379716873169,0.9292905628681181
358,False,7,7007,0.8686909675598145,0.9909647554159162
359,False,7,7008,0.8837864398956299,0.9514167379765284
360,False,7,7009,0.8790895938873291,1.0014901615324474
361,False,7,7010,0.8804576396942139,0.9665576269229255
362,False,7,7011,0.8749158382415771,0.956928776133628
363,False,7,7012,0.887129545211792,0.945286084498678
364,False,7,7013,0.8666818141937256,0.9228267217321054
365,False,7,7014,0.8826069831848145,0.9519868862061273
366,False,7,7015,0.8691079616546631,1.0375314188145457
367,False,7,7016,0.8650932312011719,0.9283218745674406
368,False,7,7017,0.8736543655395508,0.9364773297593707
369,False,7,7018,0.8694815635681152,0.9339746062954267
370,False,7,7019,0.8809053897857666,0.9019171001300924
371,False,7,7020,0.8792719841003418,0.9546380277190891
372,False,7,7021,0.8648087978363037,0.8818613599453651
373,False,7,7022,0.8863887786865234,0.9053559327231986
374,False,7,7023,0.8619406223297119,0.9321601475988118
375,False,7,7024,0.8857495784759521,0.9360238466234435
376,False,7,7025,0.8924953937530518,0.9573837483213059
377,False,7,7026,0.8617591857910156,0.9300861067715146
378,False,7,7027,0.8757774829864502,0.9279732675779433
379,False,7,7028,0.8656485080718994,0.8956761551754816
380,False,7,7029,0.8670616149902344,0.8863285031347047
381,False,7,7030,0.8695352077484131,0.9125898735863822
382,False,7,7031,0.8652153015136719,0.9113724783417723
383,False,7,7032,0.8691761493682861,0.9332824051380156
384,False,7,7033,0.8754770755767822,0.8867793534660624
385,False,7,7034,0.8522651195526123,0.9359518151198115
386,False,7,7035,0.8847076892852783,0.8804501305733409
387,False,7,7036,0.8632476329803467,0.9743153708321709
388,False,7,7037,0.8685483932495117,0.9039453832166534
389,False,7,7038,0.8686704635620117,0.9414667267174948
390,False,7,7039,0.8720471858978271,0.9729951925220944
391,False,7,7040,0.8732595443725586,0.8939494245818683
392,False,7,7041,0.87302565574646,0.9412083977035114
393,False,7,7042,0.8884603977203369,0.9092174688620227
394,False,7,7043,0.8550384044647217,0.9460306022138822
395,False,7,7044,0.8730742931365967,0.9067171443076361
396,False,7,7045,0.7380204200744629,0.8843498712494258
397,False,7,7046,0.8473639488220215,0.9631967005275546
398,False,7,7047,0.7724709510803223,0.907665865761893
399,False,7,7048,0.7964122295379639,0.9716224393674305
400,False,7,7049,0.8311562538146973,0.9340194073461349
401,False,7,7050,0.7638845443725586,0.9286221883126667
402,False,7,7051,0.7961163520812988,0.9106733965731804
403,False,7,7052,0.8090121746063232,0.9405426141761597
404,False,7,7053,0.7771580219268799,0.9197707272001674
405,False,7,7054,0.8104302883148193,0.9206833761362803
406,False,7,7055,0.8211984634399414,0.9852087206783751
407,False,7,7056,0.7691318988800049,0.8854589756755602
408,False,7,7057,0.807476282119751,0.9132014094364075
409,False,7,7058,0.7889604568481445,0.9254949880497797
410,False,7,7059,0.765650749206543,0.9554358046679269
411,False,7,7060,0.8523044586181641,0.9232291685683385
412,False,7,7061,0.7682638168334961,0.8874086538950601
413,False,7,7062,0.7926952838897705,0.8925440971340453
414,False,7,7063,0.8205668926239014,0.9868881773381006
415,False,7,7064,0.7945806980133057,0.9598100077183476
416,False,7,7065,0.7989661693572998,0.924314117147809
417,False,7,7066,0.8235623836517334,0.9677589947269074
418,False,7,7067,0.7757251262664795,0.892347261841808
419,False,7,7068,0.8252928256988525,0.986698407857191
420,False,7,7069,0.8112993240356445,0.8677514181250616
421,False,7,7070,0.7604224681854248,0.9606706950636137
422,False,7,7071,0.8272414207458496,0.910904252812976
423,False,7,7072,0.7673377990722656,0.9499811547852699
424,False,7,7073,0.7932441234588623,0.9433324106392407
425,False,7,7074,0.8189511299133301,0.9814561094556536
426,False,7,7075,0.784205436706543,0.9383042383761633
427,False,7,7076,0.8041069507598877,0.966096786249961
428,False,7,7077,0.8318002223968506,0.9322162071863811
429,False,7,7078,0.7564980983734131,0.9663661271333694
430,False,7,7079,0.8259189128875732,0.921349807864144
431,False,7,7080,0.8102283477783203,0.8918004688762483
432,False,7,7081,0.7577576637268066,0.8797741596187865
433,False,7,7082,0.8283565044403076,0.9257023205004985
434,False,7,7083,0.7596390247344971,0.9101716837003115
435,False,7,7084,0.7957983016967773,0.937204894210611
436,False,7,7085,0.8174610137939453,0.9536860120438396
437,False,7,7086,0.779639482498169,0.9038855199302946
438,False,7,7087,0.8159313201904297,0.905244583884875
439,False,7,7088,0.8153297901153564,0.970725179428146
440,False,7,7089,0.7914097309112549,0.9399089628741855
441,False,7,7090,0.8124995231628418,0.9373954204576356
442,False,7,7091,0.8081262111663818,0.92986454388925
443,False,7,7092,0.7569003105163574,0.9294921793043615
444,False,7,7093,0.8419532775878906,0.9399971997454053
445,False,7,7094,0.762845516204834,0.8696589592312063
446,False,7,7095,0.792849063873291,0.9690207413264683
447,False,7,7096,0.8328211307525635,0.8850238248705864
448,False,7,7097,0.7598848342895508,0.916226527875378
449,False,7,7098,0.8232479095458984,0.9353227884996506
450,False,7,7099,0.807567834854126,0.9897614298831849
451,True,7,7100,0.8630213737487793,0.8661272924925598
452,False,7,7101,0.8020482063293457,1.024073377251625
453,False,7,7102,0.8167288303375244,0.9689098163729621
454,False,7,7103,0.79398512840271,0.9926951697894505
455,False,7,7104,0.8099863529205322,0.9409508584510712
456,False,7,7105,0.8103244304656982,0.8895915782167796
457,False,7,7106,0.7563481330871582,1.0317477654843104
458,False,7,7107,0.8482980728149414,0.9256304525548502
459,False,7,7108,0.7695610523223877,0.9423089289949055
460,False,7,7109,0.7906029224395752,0.9857563305468786
461,False,7,7110,0.8155026435852051,0.9013397402706599
462,False,7,7111,0.779526948928833,0.8894091127883821
463,False,7,7112,0.7860393524169922,0.9220460383664995
464,False,7,7113,0.8242132663726807,0.9695657257522854
465,False,7,7114,0.7688257694244385,0.9561107917910531
466,False,7,7115,0.8319857120513916,0.9283391536169108
467,False,7,7116,0.781700611114502,0.9348267409063522
468,False,7,7117,0.7710182666778564,0.8909364899709111
469,False,7,7118,0.8192968368530273,0.9257757252170924
470,False,7,7119,0.774120569229126,0.9340914861254747
471,False,7,7120,0.8022747039794922,0.9221352328147208
472,False,7,7121,0.804161548614502,0.8810200937801884
473,False,7,7122,0.7871310710906982,0.9339307248592373
474,False,7,7123,0.7977867126464844,0.9467468896792048
475,False,7,7124,0.8175995349884033,0.9417077537093844
476,False,7,7125,0.7625999450683594,0.9788412153720855
477,False,7,7126,0.8255479335784912,0.949302729396593
478,False,7,7127,0.779954195022583,0.9342353127541998
479,False,7,7128,0.7794208526611328,0.9633214239563261
480,False,7,7129,0.8277513980865479,0.9358873633401735
481,False,7,7130,0.760798454284668,0.9186311743798709
482,False,7,7131,0.8179891109466553,0.9488842842124757
483,False,7,7132,0.8025712966918945,0.8909532725811006
484,False,7,7133,0.7679710388183594,0.9031871645933106
485,False,7,7134,0.8188540935516357,0.9363724298420407
486,False,7,7135,0.7934756278991699,0.908257509980883
487,False,7,7136,0.7969131469726562,0.9584128012259802
488,False,7,7137,0.8073680400848389,0.9002679036486715
489,False,7,7138,0.7912299633026123,0.8937414257476726
490,False,7,7139,0.7709009647369385,0.9631585407824742
491,False,7,7140,0.8385529518127441,0.9003139304972831
492,False,7,7141,0.766796350479126,0.9123155148256392
493,False,7,7142,0.808274507522583,0.8946518557412285
494,False,7,7143,0.8275940418243408,0.8809494674205781
495,False,7,7144,0.7591898441314697,0.9282168527798993
496,False,7,7145,0.827789306640625,0.9586021084161034
497,False,7,7146,0.8133184909820557,0.8959326148033143
498,False,7,7147,0.7786204814910889,0.9130089318468457
499,False,7,7148,0.8138504028320312,0.9225940668866747
500,False,7,7149,0.8252463340759277,0.9381194951988402
501,False,7,7150,0.7766227722167969,0.9040967456641651
502,False,7,7151,0.8237836360931396,0.9144449869082087
503,False,7,7152,0.7656748294830322,0.8909259124525957
504,False,7,7153,0.7893068790435791,0.9029675179294178
505,False,7,7154,0.8260502815246582,0.9681238574641091
506,False,7,7155,0.7698984146118164,0.8878772574521249
507,False,7,7156,0.8034236431121826,0.9151812426391103
508,False,7,7157,0.820711612701416,0.8859838046843096
509,False,7,7158,0.7702016830444336,0.9087794916260808
510,False,7,7159,0.8212707042694092,0.8898624458483289
511,False,7,7160,0.7991704940795898,0.919376225698562
512,False,7,7161,0.7562189102172852,0.8714154681989125
513,False,7,7162,0.832998514175415,0.8920008986301365
514,False,7,7163,0.7700958251953125,0.8657881175833089
515,False,7,7164,0.7996101379394531,0.9181621379795528
516,False,7,7165,0.8209502696990967,0.9135704753654343
517,False,7,7166,0.7782800197601318,0.8915487348678568
518,False,7,7167,0.8122987747192383,0.9249853215047291
519,False,7,7168,0.8162331581115723,0.9081739545578048
520,False,7,7169,0.8023245334625244,0.9457737810554955
521,False,7,7170,0.819648265838623,0.9535524121352605
522,False,7,7171,0.8341295719146729,0.890740949483145
523,False,7,7172,0.7631609439849854,0.8706805532177291
524,False,7,7173,0.8433735370635986,0.8917849315773871
525,False,7,7174,0.8120138645172119,0.9531508318725087
526,False,7,7175,0.758338451385498,0.8799690043642406
527,False,7,7176,0.8290445804595947,0.9342854038945266
528,False,7,7177,0.758033037185669,0.9087931396705764
529,False,7,7178,0.7964828014373779,0.8595810484673295
530,False,7,7179,0.8148355484008789,0.8943798011612326
531,False,7,7180,0.7817120552062988,0.959119330559458
532,False,7,7181,0.8133509159088135,0.9580954966090977
533,False,7,7182,0.8298389911651611,0.8983315860941297
534,False,7,7183,0.7664251327514648,0.9316218474081582
535,False,7,7184,0.8248968124389648,0.916370471141168
536,False,7,7185,0.7889566421508789,0.8810494345213686
537,False,7,7186,0.7895188331604004,0.9067741545538108
538,False,7,7187,0.8319611549377441,0.8884829440641971
539,False,7,7188,0.7883672714233398,0.9100511542388371
540,False,7,7189,0.7717359066009521,0.9254881593265704
541,False,7,7190,0.8320052623748779,0.9207716719025657
542,False,7,7191,0.7566354274749756,0.9188472250742572
543,False,7,7192,0.8181514739990234,0.8674125061148689
544,False,7,7193,0.8223552703857422,0.8690655172935555
545,False,7,7194,0.7568526268005371,0.9284801958572296
546,False,7,7195,0.8206970691680908,0.9135571764338583
547,False,7,7196,0.7733697891235352,0.9502095338844119
548,False,7,7197,0.7802734375,0.9118685065990404
549,False,7,7198,0.8147647380828857,0.9221349833976654
550,False,7,7199,0.7757980823516846,0.8584651434350581
551,True,7,7200,0.8400650024414062,0.927922940679959
552,False,7,7201,0.8332881927490234,1.0037346241020024
553,False,7,7202,0.772308349609375,0.9375714812250362
554,False,7,7203,0.7906324863433838,0.9079402724192257
555,False,7,7204,0.8243396282196045,0.9767402594997768
556,False,7,7205,0.7655186653137207,0.9317384787968227
557,False,7,7206,0.833045244216919,0.9175103232264518
558,False,7,7207,0.8052735328674316,0.9282803265821366
559,False,7,7208,0.7958314418792725,0.9194100853942692
560,False,7,7209,0.8187015056610107,0.9371703110990068
561,False,7,7210,0.8024702072143555,0.9490939662570047
562,False,7,7211,0.7760236263275146,0.9663154145791419
563,False,7,7212,0.822969913482666,0.9165864214301108
564,False,7,7213,0.7972931861877441,0.9608865876992543
565,False,7,7214,0.766409158706665,0.9803455528758821
566,False,7,7215,0.8296258449554443,0.8925102406314441
567,False,7,7216,0.7835845947265625,0.9439906662418728
568,False,7,7217,0.7778656482696533,0.8638457380944774
569,False,7,7218,0.8295395374298096,0.9319866264150256
570,False,7,7219,0.7587623596191406,0.9580375090951011
571,False,7,7220,0.8210687637329102,0.8913399260491133
572,False,7,7221,0.8127667903900146,0.9177693476279578
573,False,7,7222,0.7882368564605713,0.9100551023369744
574,False,7,7223,0.8343229293823242,0.9323943624539034
575,False,7,7224,0.8075592517852783,0.9317479240042823
576,False,7,7225,0.7621161937713623,0.9259139622251193
577,False,7,7226,0.8331592082977295,0.8877366178092502
578,False,7,7227,0.7699718475341797,0.906912927471456
579,False,7,7228,0.796123743057251,0.9358987932403882
580,False,7,7229,0.8198428153991699,0.9340500867082958
581,False,7,7230,0.7793681621551514,0.9402149032269205
582,False,7,7231,0.7973556518554688,0.8949058513556207
583,False,7,7232,0.8226189613342285,0.9348859150140061
584,False,7,7233,0.7648224830627441,0.9022183695009777
585,False,7,7234,0.8240096569061279,0.953692118326823
586,False,7,7235,0.817368745803833,0.96075040102005
587,False,7,7236,0.7604241371154785,0.9148422337713695
588,False,7,7237,0.8250555992126465,0.9647126900298257
589,False,7,7238,0.7688076496124268,0.9255538334449133
590,False,7,7239,0.7845582962036133,0.8981736630556131
591,False,7,7240,0.813645601272583,0.9179498528440792
592,False,7,7241,0.7768418788909912,0.8998057203633442
593,False,7,7242,0.8063104152679443,0.9170823984202886
594,False,7,7243,0.815239429473877,0.9238536045664831
595,False,7,7244,0.785888671875,0.9571946898386591
596,False,7,7245,0.8139584064483643,0.918229832890488
597,False,7,7246,0.81284499168396,0.9387230502352829
598,False,7,7247,0.7561995983123779,0.9018955798376175
599,False,7,7248,0.8545658588409424,0.9572354168409393
600,False,7,7249,0.786353588104248,0.9543818434079487
601,False,7,7250,0.7838361263275146,0.9006043365668682
602,False,7,7251,0.8281641006469727,0.9208728232908817
603,False,7,7252,0.7556800842285156,0.8751172568826449
604,False,7,7253,0.8102459907531738,0.891029730439186
605,False,7,7254,0.8131818771362305,0.9023325514225734
606,False,7,7255,0.7753653526306152,0.9204587645473934
607,False,7,7256,0.8135330677032471,0.8920296153851917
608,False,7,7257,0.831336259841919,0.9107422842865895
609,False,7,7258,0.7607195377349854,0.9584602108668712
610,False,7,7259,0.8475441932678223,0.9377534793955937
611,False,7,7260,0.8157341480255127,0.9526171592019854
612,False,7,7261,0.7729043960571289,0.9656282727207454
613,False,7,7262,0.820136547088623,0.9082185629577862
614,False,7,7263,0.7811892032623291,0.9091787132478896
615,False,7,7264,0.7751181125640869,0.9082290171867324
616,False,7,7265,0.8330636024475098,0.9446187636681965
617,False,7,7266,0.768423318862915,0.8806900452999842
618,False,7,7267,0.809394121170044,0.9096977437535921
619,False,7,7268,0.8235049247741699,0.8725220057226366
620,False,7,7269,0.758094310760498,0.9137305294473965
621,False,7,7270,0.8358962535858154,0.9002942625610603
622,False,7,7271,0.8088958263397217,0.9801595356492769
623,False,7,7272,0.7794177532196045,0.9204707496932574
624,False,7,7273,0.8157768249511719,0.8794953972101213
625,False,7,7274,0.8107149600982666,0.9315478681098845
626,False,7,7275,0.7827322483062744,0.9190159961581228
627,False,7,7276,0.8166184425354004,0.8818171396851539
628,False,7,7277,0.8023223876953125,0.9029952507643473
629,False,7,7278,0.7578661441802979,0.9044925006372586
630,False,7,7279,0.8630790710449219,0.9777522445434614
631,False,7,7280,0.7822036743164062,0.883403315075806
632,False,7,7281,0.7794697284698486,0.9729409852907774
633,False,7,7282,0.8305387496948242,0.9645788923260711
634,False,7,7283,0.7553191184997559,0.9002536904244196
635,False,7,7284,0.8116734027862549,0.94650335503476
636,False,7,7285,0.8101592063903809,0.9618161196509998
637,False,7,7286,0.7728116512298584,0.880595600675969
638,False,7,7287,0.817096471786499,0.8778920979904278
639,False,7,7288,0.8115096092224121,0.9395797671306698
640,False,7,7289,0.7570915222167969,0.9592669890040443
641,False,7,7290,0.8298900127410889,0.9060574800130867
642,False,7,7291,0.7643857002258301,0.9320828804657574
643,False,7,7292,0.7961487770080566,0.8667154933015507
644,False,7,7293,0.8249313831329346,0.9023133768212228
645,False,7,7294,0.7613534927368164,0.878902235911006
646,False,7,7295,0.8280439376831055,0.9481065209422791
647,False,7,7296,0.8109827041625977,0.9008073554862114
648,False,7,7297,0.759037971496582,0.9220657061253275
649,False,7,7298,0.8314163684844971,0.917718433908054
650,False,7,7299,0.7829196453094482,0.8750997251343159
651,True,7,7300,0.8451061248779297,0.8968457288685299
652,False,7,7301,0.8276734352111816,0.9267157670997437
653,False,7,7302,0.7723889350891113,0.863152305994715
654,False,7,7303,0.784264326095581,0.9005267439143995
655,False,7,7304,0.8142433166503906,0.904278963804245
656,False,7,7305,0.7745780944824219,0.9445528430598122
657,False,7,7306,0.7986810207366943,0.9183673425799324
658,False,7,7307,0.8227241039276123,0.9505142959810438
659,False,7,7308,0.795356273651123,0.8984287924000195
660,False,7,7309,0.8173072338104248,0.8666927058781897
661,False,7,7310,0.8428399562835693,0.919042917234557
662,False,7,7311,0.7591638565063477,0.9390118774913605
663,False,7,7312,0.8411586284637451,0.8934022021435555
664,False,7,7313,0.8209447860717773,0.9157771872622628
665,False,7,7314,0.7442190647125244,0.9256879751171383
666,False,7,7315,0.8267822265625,0.956994225581487
667,False,7,7316,0.7637448310852051,0.9422086619195482
668,False,7,7317,0.7981107234954834,0.9943354704550336
669,False,7,7318,0.8170289993286133,0.8903293964408693
670,False,7,7319,0.7712693214416504,0.9590231733662742
671,False,7,7320,0.8187270164489746,0.9032113879386867
672,False,7,7321,0.8238828182220459,0.9485523239487693
673,False,7,7322,0.772505521774292,0.9244046402829034
674,False,7,7323,0.8189082145690918,0.9270594779934205
675,False,7,7324,0.8143842220306396,0.9674129791202998
676,False,7,7325,0.7557797431945801,0.8593022888082835
677,False,7,7326,0.8608419895172119,0.9088571454797473
678,False,7,7327,0.7871909141540527,0.8946445905381726
679,False,7,7328,0.7707095146179199,0.8821537154061454
680,False,7,7329,0.8252806663513184,0.9020081836552846
681,False,7,7330,0.7796692848205566,0.8832700649897257
682,False,7,7331,0.8048770427703857,0.8938218876719474
683,False,7,7332,0.8189926147460938,0.9582093535434633
684,False,7,7333,0.7681152820587158,0.8651684598021564
685,False,7,7334,0.8299028873443604,0.8407883946562099
686,False,7,7335,0.7880856990814209,0.9349511954046432
687,False,7,7336,0.7650258541107178,0.9170399485599426
688,False,7,7337,0.8172276020050049,0.9803157909995036
689,False,7,7338,0.7828207015991211,0.9135740408230396
690,False,7,7339,0.7744665145874023,0.9327435507660821
691,False,7,7340,0.8314049243927002,0.8953178294357799
692,False,7,7341,0.763256311416626,0.9867486964379039
693,False,7,7342,0.8114585876464844,0.911144083809285
694,False,7,7343,0.814354658126831,0.8758106401101465
695,False,7,7344,0.7608766555786133,0.9684326616781097
696,False,7,7345,0.8295941352844238,0.8941449945171676
697,False,7,7346,0.7805442810058594,0.909827267839795
698,False,7,7347,0.7710168361663818,0.898828080722264
699,False,7,7348,0.8210737705230713,0.9028604044800713
700,False,7,7349,0.7667598724365234,0.9283061935788108
701,False,7,7350,0.7954487800598145,0.9025562817142123
702,False,7,7351,0.8172717094421387,0.9422031577144349
703,False,7,7352,0.7924153804779053,0.8833946545741386
704,False,7,7353,0.8149476051330566,0.9926748822132746
705,False,7,7354,0.8266327381134033,0.9092761632942018
706,False,7,7355,0.759493350982666,0.905303203811248
707,False,7,7356,0.8401589393615723,0.9511240493683586
708,False,7,7357,0.7874159812927246,0.9506191696439469
709,False,7,7358,0.7729451656341553,0.8918753237064395
710,False,7,7359,0.8320722579956055,0.9019153767398425
711,False,7,7360,0.7668428421020508,0.8711604000557036
712,False,7,7361,0.807485818862915,0.92619999391692
713,False,7,7362,0.8119974136352539,0.91048533895186
714,False,7,7363,0.7732625007629395,0.853870675677345
715,False,7,7364,0.8124556541442871,0.9165360579888028
716,False,7,7365,0.8069052696228027,0.8958022370934483
717,False,7,7366,0.7530219554901123,0.9325468611149561
718,False,7,7367,0.8231713771820068,0.9196498708001204
719,False,7,7368,0.7553658485412598,0.8643763242732913
720,False,7,7369,0.8109948635101318,0.9582502132370359
721,False,7,7370,0.8306891918182373,0.8919575815754277
722,False,7,7371,0.7748284339904785,0.8523575947398231
723,False,7,7372,0.802154541015625,0.9124220850921811
724,False,7,7373,0.8228909969329834,0.8802745395473072
725,False,7,7374,0.7625553607940674,0.9590501359530859
726,False,7,7375,0.836444616317749,0.901143803482964
727,False,7,7376,0.8152594566345215,0.9178697576835042
728,False,7,7377,0.7539176940917969,0.9435974455305508
729,False,7,7378,0.8327133655548096,0.8886717738849773
730,False,7,7379,0.7694084644317627,0.9079932350487937
731,False,7,7380,0.7850487232208252,0.9078117230286201
732,False,7,7381,0.8174960613250732,0.9231579559189932
733,False,7,7382,0.7790265083312988,0.8952673540583679
734,False,7,7383,0.7961595058441162,0.8685702885545435
735,False,7,7384,0.8260259628295898,0.8863871503798736
736,False,7,7385,0.7978408336639404,0.8620114553542366
737,False,7,7386,0.8085596561431885,0.929728870590528
738,False,7,7387,0.8392410278320312,0.8948984380279267
739,False,7,7388,0.7592644691467285,0.8992106662619684
740,False,7,7389,0.8442802429199219,0.8735270959635576
741,False,7,7390,0.8195395469665527,0.9184873707237698
742,False,7,7391,0.7574267387390137,0.9412680871429896
743,False,7,7392,0.8306422233581543,0.9085411656470526
744,False,7,7393,0.7764196395874023,0.951504893246151
745,False,7,7394,0.7789170742034912,0.8735845046383992
746,False,7,7395,0.8190522193908691,0.9032170769004593
747,False,7,7396,0.773615837097168,0.8775627283113343
748,False,7,7397,0.7946891784667969,0.8990787274780728
749,False,7,7398,0.8298125267028809,0.8797460005042099
750,False,7,7399,0.7642812728881836,0.9346367911923498
751,True,7,7400,0.8864145278930664,0.8589408614096187
752,False,7,7401,0.8234953880310059,0.8868637414915219
753,False,7,7402,0.756798267364502,0.8925170252720515
754,False,7,7403,0.8275618553161621,0.933343422554788
755,False,7,7404,0.7968497276306152,0.9599257182507289
756,False,7,7405,0.7757763862609863,0.9138800402482351
757,False,7,7406,0.8337547779083252,0.9426641357796532
758,False,7,7407,0.7862112522125244,0.9510197433687392
759,False,7,7408,0.7729744911193848,0.920636103621551
760,False,7,7409,0.826458215713501,0.8876551769319037
761,False,7,7410,0.7604525089263916,0.9442617907410578
762,False,7,7411,0.8226008415222168,0.9839321765161697
763,False,7,7412,0.8176584243774414,0.9694363162631082
764,False,7,7413,0.7733786106109619,0.8796116276865913
765,False,7,7414,0.8227400779724121,0.9187987762547675
766,False,7,7415,0.7929050922393799,0.9297140389680861
767,False,7,7416,0.7711083889007568,0.9733519972789857
768,False,7,7417,0.8187429904937744,0.8829366561202777
769,False,7,7418,0.7849323749542236,0.8800413392129398
770,False,7,7419,0.7720012664794922,0.9522176565868514
771,False,7,7420,0.8290643692016602,0.8911425435826892
772,False,7,7421,0.755850076675415,0.9836880323432742
773,False,7,7422,0.8196394443511963,0.9941564067488624
774,False,7,7423,0.8203907012939453,0.9045620982845627
775,False,7,7424,0.7596933841705322,0.9307135449988503
776,False,7,7425,0.8237535953521729,0.9020150264813787
777,False,7,7426,0.7686514854431152,1.0187384911945887
778,False,7,7427,0.7827904224395752,0.9099791624716348
779,False,7,7428,0.8193199634552002,0.8783786667599566
780,False,7,7429,0.769254207611084,0.9706909981157098
781,False,7,7430,0.8049581050872803,0.9145673531151954
782,False,7,7431,0.814903974533081,0.8866072786705834
783,False,7,7432,0.772010326385498,0.9357741228526548
784,False,7,7433,0.8157682418823242,0.9320372687209221
785,False,7,7434,0.8056106567382812,0.9709603382008416
786,False,7,7435,0.7562956809997559,0.9176815077662468
787,False,7,7436,0.8329927921295166,0.8943558808948313
788,False,7,7437,0.7661151885986328,0.9265707851875397
789,False,7,7438,0.7936475276947021,0.9309581837483815
790,False,7,7439,0.8124086856842041,0.8706821380626587
791,False,7,7440,0.7803173065185547,0.9271344350916999
792,False,7,7441,0.8179812431335449,0.8602813782081717
793,False,7,7442,0.820404052734375,0.899068687288534
794,False,7,7443,0.7610650062561035,0.8976848592006026
795,False,7,7444,0.827099084854126,0.9328686333305779
796,False,7,7445,0.7843410968780518,0.9055699594318868
797,False,7,7446,0.7787981033325195,0.8831298372575217
798,False,7,7447,0.8235008716583252,0.8865006463158698
799,False,7,7448,0.7578389644622803,0.9037997850349972
800,False,7,7449,0.8318343162536621,0.9464915430261976
801,False,7,7450,0.8089563846588135,0.9020240051405771
802,False,7,7451,0.7785544395446777,0.918698095140003
803,False,7,7452,0.8222591876983643,0.9448824393607319
804,False,7,7453,0.8008577823638916,1.0053743642000925
805,False,7,7454,0.7962551116943359,0.8517732460583959
806,False,7,7455,0.8205792903900146,0.9154905504768803
807,False,7,7456,0.7963368892669678,0.8861547926706927
808,False,7,7457,0.7620317935943604,0.9698742564235414
809,False,7,7458,0.8449101448059082,0.9179047466743561
810,False,7,7459,0.7635152339935303,0.8793864459508941
811,False,7,7460,0.8027079105377197,0.9604599862581209
812,False,7,7461,0.8236029148101807,0.8740723267907187
813,False,7,7462,0.7593228816986084,0.9115794109446661
814,False,7,7463,0.8321938514709473,0.9063174061122393
815,False,7,7464,0.7982926368713379,0.8744679051673127
816,False,7,7465,0.7596945762634277,0.8767940902284211
817,False,7,7466,0.8103923797607422,0.9063807857178505
818,False,7,7467,0.7725274562835693,0.8767243595350359
819,False,7,7468,0.7830240726470947,0.899065796818052
820,False,7,7469,0.824146032333374,0.8762522155330296
821,False,7,7470,0.7614715099334717,0.9236936466324897
822,False,7,7471,0.8160016536712646,0.8842030831036114
823,False,7,7472,0.8113620281219482,0.9095931837246531
824,False,7,7473,0.7640256881713867,0.9032712103355499
825,False,7,7474,0.833993673324585,0.8958654946514539
826,False,7,7475,0.7790281772613525,0.9248625409035456
827,False,7,7476,0.7732596397399902,0.9687177074984425
828,False,7,7477,0.8187294006347656,0.8908858327638536
829,False,7,7478,0.7789402008056641,0.88371482668888
830,False,7,7479,0.801121711730957,0.9439448380754107
831,False,7,7480,0.8248727321624756,0.8719271405466964
832,False,7,7481,0.7586393356323242,0.8985777199268342
833,False,7,7482,0.8374264240264893,0.8856442703732426
834,False,7,7483,0.7922110557556152,0.9366952028302917
835,False,7,7484,0.774855375289917,0.9002501123717852
836,False,7,7485,0.813629150390625,0.9069375296433766
837,False,7,7486,0.7767276763916016,0.9410775098062696
838,False,7,7487,0.7751190662384033,0.9313769446952003
839,False,7,7488,0.828031063079834,0.9719203128701164
840,False,7,7489,0.7587156295776367,0.9399707551513399
841,False,7,7490,0.8227419853210449,0.9296474921561424
842,False,7,7491,0.8196256160736084,0.9354997493681455
843,False,7,7492,0.7651593685150146,0.8797444248838087
844,False,7,7493,0.8330824375152588,0.8582584884549891
845,False,7,7494,0.7870800495147705,0.9421545909274192
846,False,7,7495,0.7978644371032715,0.932906143012501
847,False,7,7496,0.8132610321044922,0.9005190724773066
848,False,7,7497,0.8155021667480469,0.9231423214077948
849,False,7,7498,0.7910993099212646,0.8880261168593454
850,False,7,7499,0.8093955516815186,0.895790177086989
851,True,7,7500,0.891148567199707,0.9077047460845539
852,False,7,7501,0.7643952369689941,0.8785696586682683
853,False,7,7502,0.8422045707702637,0.9798506037110375
854,False,7,7503,0.8246455192565918,0.9796159537065597
855,False,7,7504,0.749556303024292,0.9279347739758946
856,False,7,7505,0.8274345397949219,0.9291194148716475
857,False,7,7506,0.7857494354248047,0.9088594432742823
858,False,7,7507,0.7666382789611816,0.9425467025666009
859,False,7,7508,0.8189456462860107,0.8746242356442269
860,False,7,7509,0.769587516784668,0.9361832383133117
861,False,7,7510,0.7901601791381836,0.938149090678919
862,False,7,7511,0.8217222690582275,0.953063833216826
863,False,7,7512,0.7673230171203613,0.9647466327462878
864,False,7,7513,0.8216016292572021,0.9072188387314479
865,False,7,7514,0.800541877746582,0.9288692623376845
866,False,7,7515,0.7823500633239746,0.9345140627452305
867,False,7,7516,0.828376293182373,0.9197599604016259
868,False,7,7517,0.806957483291626,0.9299756040175756
869,False,7,7518,0.7529103755950928,0.9130482925545603
870,False,7,7519,0.8403115272521973,0.9970336194549287
871,False,7,7520,0.7622902393341064,0.9536026790738107
872,False,7,7521,0.793621301651001,0.8744243111106611
873,False,7,7522,0.8281586170196533,0.9501636624336244
874,False,7,7523,0.765366792678833,0.9439839568166505
875,False,7,7524,0.8235969543457031,0.9514166975305196
876,False,7,7525,0.8088533878326416,0.8787512442185765
877,False,7,7526,0.7806169986724854,0.8458840279352098
878,False,7,7527,0.8189997673034668,0.8977489322423937
879,False,7,7528,0.8049871921539307,0.8930519904409137
880,False,7,7529,0.7579307556152344,0.9229865618759676
881,False,7,7530,0.8169975280761719,0.9287420656709443
882,False,7,7531,0.7978625297546387,0.8820397020095871
883,False,7,7532,0.7817163467407227,0.9266941547393799
884,False,7,7533,0.8496744632720947,0.9296249931766871
885,False,7,7534,0.7610297203063965,0.9266202208541688
886,False,7,7535,0.8141109943389893,0.9201480611449198
887,False,7,7536,0.8254234790802002,0.9082838005962826
888,False,7,7537,0.7603759765625,0.9295904804908093
889,False,7,7538,0.8249201774597168,0.9329414303813662
890,False,7,7539,0.8065545558929443,0.9066238616194042
891,False,7,7540,0.7797524929046631,0.8973922871408005
892,False,7,7541,0.8152070045471191,0.8652097116268817
893,False,7,7542,0.7981820106506348,0.886495074345952
894,False,7,7543,0.7660262584686279,0.9245001389866783
895,False,7,7544,0.8272583484649658,0.8916003881465823
896,False,7,7545,0.778069019317627,0.8707673847675323
897,False,7,7546,0.7832069396972656,0.9489957534131551
898,False,7,7547,0.817941427230835,0.9590467441649666
899,False,7,7548,0.7551701068878174,0.9360404780932835
900,False,7,7549,0.8340110778808594,0.9426256691416104
901,False,7,7550,0.7895104885101318,0.8852295432062376
902,False,7,7551,0.7735264301300049,0.8966522740111463
903,False,7,7552,0.8264865875244141,0.8834923360319367
904,False,7,7553,0.7591662406921387,0.8820331352097648
905,False,7,7554,0.7963833808898926,0.9166755821733248
906,False,7,7555,0.8261733055114746,0.9176228802118983
907,False,7,7556,0.7592628002166748,0.9517327788330258
908,False,7,7557,0.8180251121520996,0.9369476306296529
909,False,7,7558,0.8072526454925537,0.9394376657548407
910,False,7,7559,0.7703063488006592,0.8988268543921766
911,False,7,7560,0.8183455467224121,0.9163832306152296
912,False,7,7561,0.7921736240386963,0.9208540769205209
913,False,7,7562,0.7568459510803223,0.9230266915900366
914,False,7,7563,0.8328711986541748,0.842278227210045
915,False,7,7564,0.7744333744049072,0.9333716792364914
916,False,7,7565,0.7984271049499512,0.9129968775170192
917,False,7,7566,0.8400042057037354,0.9089902830975397
918,False,7,7567,0.7582459449768066,0.8709279855801946
919,False,7,7568,0.8329026699066162,0.8868775216951257
920,False,7,7569,0.8102211952209473,0.9704557714008151
921,False,7,7570,0.7591791152954102,0.8853067439936456
922,False,7,7571,0.8296575546264648,0.9667768059741882
923,False,7,7572,0.7593958377838135,0.9308480627480007
924,False,7,7573,0.7911508083343506,0.9517211534437678
925,False,7,7574,0.8133859634399414,0.9010275591697013
926,False,7,7575,0.7736284732818604,0.8977286078568015
927,False,7,7576,0.8061330318450928,0.9109927827403659
928,False,7,7577,0.8112983703613281,0.9513977450274286
929,False,7,7578,0.75860595703125,0.9070799593769369
930,False,7,7579,0.8363265991210938,0.924053905088277
931,False,7,7580,0.7893714904785156,0.8944801705933751
932,False,7,7581,0.7776908874511719,0.8848630723853909
933,False,7,7582,0.8299064636230469,0.8888074333469074
934,False,7,7583,0.7598850727081299,0.9363851405325392
935,False,7,7584,0.8125965595245361,0.9096721456873984
936,False,7,7585,0.8164234161376953,0.9316594646800134
937,False,7,7586,0.7782096862792969,0.8798587355940115
938,False,7,7587,0.8167462348937988,0.9470931610890796
939,False,7,7588,0.8121774196624756,0.9580416324592772
940,False,7,7589,0.7748153209686279,0.9260165017275584
941,False,7,7590,0.8275606632232666,0.8792155644013768
942,False,7,7591,0.7645518779754639,0.8825493648293474
943,False,7,7592,0.7937870025634766,0.9281944245809599
944,False,7,7593,0.8173861503601074,0.870955682936169
945,False,7,7594,0.7852673530578613,0.9097144852081936
946,False,7,7595,0.7999410629272461,0.8950052953192167
947,False,7,7596,0.8187553882598877,0.8804744950362614
948,False,7,7597,0.7554607391357422,0.8853540498585927
949,False,7,7598,0.8363876342773438,0.864938560695875
950,False,7,7599,0.8112380504608154,0.899519552077566
951,True,7,7600,0.8489675521850586,0.939895428362347
952,False,7,7601,0.8333523273468018,0.9067455856573013
953,False,7,7602,0.808495044708252,0.9440567195415499
954,False,7,7603,0.7898008823394775,0.9272628156911756
955,False,7,7604,0.8265857696533203,0.9363625319231123
956,False,7,7605,0.7887647151947021,0.9202866022962901
957,False,7,7606,0.7750992774963379,0.9132732653192112
958,False,7,7607,0.8177535533905029,0.892993864558992
959,False,7,7608,0.7822892665863037,0.9200634438367116
960,False,7,7609,0.7798731327056885,0.9566984609478996
961,False,7,7610,0.8266174793243408,0.8890480782304491
962,False,7,7611,0.7593767642974854,0.9720744490623476
963,False,7,7612,0.8199584484100342,0.8799268205960592
964,False,7,7613,0.822028636932373,0.9327349080925897
965,False,7,7614,0.7620832920074463,0.9392640250069754
966,False,7,7615,0.8258299827575684,0.9328682933534893
967,False,7,7616,0.7776505947113037,0.9858666725811506
968,False,7,7617,0.7788083553314209,0.9002984084543728
969,False,7,7618,0.8155393600463867,0.8809354890670095
970,False,7,7619,0.7737462520599365,0.8998897311588129
971,False,7,7620,0.8062582015991211,0.9014393541784514
972,False,7,7621,0.8211662769317627,0.9271498333130564
973,False,7,7622,0.761821985244751,0.923679096358163
974,False,7,7623,0.8330323696136475,0.9276683788214413
975,False,7,7624,0.7881247997283936,0.9822807755498658
976,False,7,7625,0.7702603340148926,0.9397234171628953
977,False,7,7626,0.8307628631591797,0.907251509882155
978,False,7,7627,0.7727787494659424,0.9470274675460089
979,False,7,7628,0.8085343837738037,0.9557624505389305
980,False,7,7629,0.8229496479034424,0.9512119474155561
981,False,7,7630,0.7610673904418945,0.971508720091411
982,False,7,7631,0.8353712558746338,0.9707816225432214
983,False,7,7632,0.8119618892669678,0.9093788613875707
984,False,7,7633,0.7555880546569824,0.9231005091042747
985,False,7,7634,0.8341958522796631,0.9409212853227342
986,False,7,7635,0.7661502361297607,0.9070369239364353
987,False,7,7636,0.7901897430419922,0.9040418284989541
988,False,7,7637,0.844595193862915,0.9393200810466494
989,False,7,7638,0.7756814956665039,0.8905367209088235
990,False,7,7639,0.8026530742645264,0.8935735261156446
991,False,7,7640,0.8171944618225098,0.8919862512321699
992,False,7,7641,0.7774062156677246,0.8830654599836893
993,False,7,7642,0.8087375164031982,0.9364398781742367
994,False,7,7643,0.821352481842041,0.8959238358906336
995,False,7,7644,0.7607736587524414,0.8649517099062601
996,False,7,7645,0.8349733352661133,0.9219889229252227
997,False,7,7646,0.7976095676422119,0.8528475301961105
998,False,7,7647,0.7581243515014648,0.9043333988104548
999,False,7,7648,0.8292801380157471,0.9137996158429555
1000,False,7,7649,0.7652585506439209,0.9275806858426049
1001,False,7,7650,0.7982423305511475,0.9113894718743506
1002,False,7,7651,0.814699649810791,0.8729073096598897
1003,False,7,7652,0.7685067653656006,0.9217772483825684
1004,False,7,7653,0.8186478614807129,0.8433215493957201
1005,False,7,7654,0.8133127689361572,0.9390481802679245
1006,False,7,7655,0.787799596786499,0.9068036831560592
1007,False,7,7656,0.8186883926391602,0.9278758817485401
1008,False,7,7657,0.7916955947875977,0.9063309906494048
1009,False,7,7658,0.7588062286376953,0.9068974334569205
1010,False,7,7659,0.8309292793273926,0.8755656386769953
1011,False,7,7660,0.7593491077423096,0.9153880100874674
1012,False,7,7661,0.8069839477539062,0.8747349260818391
1013,False,7,7662,0.826866865158081,0.9152440088135856
1014,False,7,7663,0.7677795886993408,0.9170960336923599
1015,False,7,7664,0.8303868770599365,0.8492840343997591
1016,False,7,7665,0.8166804313659668,0.9061024075462706
1017,False,7,7666,0.7544288635253906,0.8968898687689075
1018,False,7,7667,0.8239319324493408,0.8923380587782177
1019,False,7,7668,0.7693662643432617,0.939886130747341
1020,False,7,7669,0.7848730087280273,0.9207289649971894
1021,False,7,7670,0.8209981918334961,0.9360412391168731
1022,False,7,7671,0.7722928524017334,0.9032447171353157
1023,False,7,7672,0.7986085414886475,0.9361785973111787
1024,False,7,7673,0.8351402282714844,0.9632480896654585
1025,False,7,7674,0.801727294921875,0.9121997815867264
1026,False,7,7675,0.7989332675933838,0.8794670385264217
1027,False,7,7676,0.8467130661010742,0.8950997351535728
1028,False,7,7677,0.7653079032897949,0.8993850339736256
1029,False,7,7678,0.8301854133605957,0.9195096499863125
1030,False,7,7679,0.8238446712493896,0.964144095068886
1031,False,7,7680,0.7558646202087402,0.8974652912999903
1032,False,7,7681,0.828866720199585,0.8949586183187508
1033,False,7,7682,0.793372392654419,0.8930257771696363
1034,False,7,7683,0.769446849822998,0.9061363612612088
1035,False,7,7684,0.824216365814209,0.9296351713793618
1036,False,7,7685,0.7808809280395508,0.923453302787883
1037,False,7,7686,0.7718894481658936,0.8748249113559724
1038,False,7,7687,0.8310112953186035,0.8785332556636561
1039,False,7,7688,0.75821852684021,0.9505568270881971
1040,False,7,7689,0.8066706657409668,0.8977059395540328
1041,False,7,7690,0.8176670074462891,0.933347066598279
1042,False,7,7691,0.7601451873779297,0.9339797546466191
1043,False,7,7692,0.8253061771392822,0.9010372152995497
1044,False,7,7693,0.7798840999603271,0.9002082864088671
1045,False,7,7694,0.7694010734558105,0.9187272180403981
1046,False,7,7695,0.8174805641174316,0.9161030439039071
1047,False,7,7696,0.7768385410308838,0.8740554632885116
1048,False,7,7697,0.7852392196655273,0.9410305619239807
1049,False,7,7698,0.8328168392181396,0.9028580202942803
1050,False,7,7699,0.7780368328094482,0.9157036239547388
1051,True,7,7700,0.8809835910797119,0.9072257157947335
1052,False,7,7701,0.8188555240631104,0.9347090877237776
1053,False,7,7702,0.7987627983093262,0.9503265505745296
1054,False,7,7703,0.7568552494049072,0.9907165886390777
1055,False,7,7704,0.8426430225372314,0.952125139179684
1056,False,7,7705,0.7576310634613037,0.9918163440057209
1057,False,7,7706,0.8103067874908447,0.9560067802667618
1058,False,7,7707,0.8302044868469238,0.9548266579707463
1059,False,7,7708,0.7594890594482422,0.8790882925192515
1060,False,7,7709,0.8293466567993164,0.9204604490881874
1061,False,7,7710,0.8100085258483887,0.9599704316684177
1062,False,7,7711,0.7657375335693359,0.9077894119989306
1063,False,7,7712,0.8143117427825928,0.8950983715199289
1064,False,7,7713,0.7910997867584229,0.925823348618689
1065,False,7,7714,0.7605142593383789,0.9091507572503317
1066,False,7,7715,0.8339636325836182,0.9505816314901625
1067,False,7,7716,0.7738072872161865,0.9123290362102645
1068,False,7,7717,0.8016068935394287,0.8663748816720078
1069,False,7,7718,0.8546228408813477,0.9271165497955822
1070,False,7,7719,0.7613482475280762,0.9312303293318975
1071,False,7,7720,0.8296000957489014,0.897133849206425
1072,False,7,7721,0.8104612827301025,0.9530929121233168
1073,False,7,7722,0.8012473583221436,0.9321667931619144
1074,False,7,7723,0.8272242546081543,0.8984456346148535
1075,False,7,7724,0.8055145740509033,0.8818335047080406
1076,False,7,7725,0.7692656517028809,0.876491184035937
1077,False,7,7726,0.8043797016143799,0.9335186155069441
1078,False,7,7727,0.7903625965118408,0.9170176461338996
1079,False,7,7728,0.765723466873169,0.9077721940619604
1080,False,7,7729,0.8307995796203613,0.940223846052374
1081,False,7,7730,0.7629742622375488,0.8838392474821635
1082,False,7,7731,0.8152081966400146,0.9300981213649113
1083,False,7,7732,0.8082787990570068,0.9119083803324473
1084,False,7,7733,0.7867817878723145,0.9640206463989757
1085,False,7,7734,0.8206496238708496,0.9102701278669493
1086,False,7,7735,0.8051512241363525,0.933825376487914
1087,False,7,7736,0.7615299224853516,0.9399058911062422
1088,False,7,7737,0.8317482471466064,0.869886957463764
1089,False,7,7738,0.7666854858398438,0.9090994543262891
1090,False,7,7739,0.785895586013794,0.9065709639163243
1091,False,7,7740,0.8283882141113281,0.8449873024863856
1092,False,7,7741,0.8218863010406494,0.8969740069338256
1093,False,7,7742,0.8594601154327393,0.9303974040916989
1094,False,7,7743,0.8617801666259766,0.9402534833976199
1095,False,7,7744,0.8867545127868652,0.9124586514773823
1096,False,7,7745,0.869945764541626,0.9617579483560155
1097,False,7,7746,0.8680839538574219,0.9641647817833081
1098,False,7,7747,0.8845298290252686,0.9452476288591113
1099,False,7,7748,0.8598644733428955,0.9246200557265963
1100,False,7,7749,0.8819527626037598,0.9211905094839277
1101,False,7,7750,0.8734469413757324,0.9337652027606965
1102,False,7,7751,0.852536678314209,0.8776958668161005
1103,False,7,7752,0.8847372531890869,0.9057427233173733
1104,False,7,7753,0.8715267181396484,0.867255031707741
1105,False,7,7754,0.8711445331573486,0.9346506038591975
1106,False,7,7755,0.8844101428985596,0.9095719669546398
1107,False,7,7756,0.6774082183837891,0.9786541504519328
0,False,8,7757,0.833702802658081,0.8499841230611004
1,False,8,7758,0.7685794830322266,0.8680880825434413
2,False,8,7759,0.8042361736297607,0.9240667784497852
3,False,8,7760,0.8209714889526367,0.8830889725968952
4,False,8,7761,0.7804811000823975,0.8700743619175183
5,False,8,7762,0.8156545162200928,0.8970367000216529
6,False,8,7763,0.8129677772521973,0.8914054412217366
7,False,8,7764,0.7699339389801025,0.8852534336703163
8,False,8,7765,0.8189740180969238,0.8947379518122899
9,False,8,7766,0.7930700778961182,0.8772212316592535
10,False,8,7767,0.7648971080780029,0.9526427019210091
11,False,8,7768,0.8426446914672852,0.8897384261446338
12,False,8,7769,0.7614669799804688,0.8826054639759519
13,False,8,7770,0.8002750873565674,0.8738821922313599
14,False,8,7771,0.8370411396026611,0.9168102812199362
15,False,8,7772,0.7609899044036865,0.8604712942171663
16,False,8,7773,0.8138799667358398,0.8892431558952444
17,False,8,7774,0.8104970455169678,0.931227669829414
18,False,8,7775,0.7820208072662354,0.889774538576603
19,False,8,7776,0.8126077651977539,0.9015432404620307
20,False,8,7777,0.8157706260681152,0.9266883347715649
21,False,8,7778,0.7580740451812744,0.9072630304311002
22,False,8,7779,0.8307878971099854,0.912580577035745
23,False,8,7780,0.7938129901885986,0.8729611480874674
24,False,8,7781,0.7646434307098389,0.9168041855806397
25,False,8,7782,0.8350069522857666,0.9016962831928615
26,False,8,7783,0.7647106647491455,0.9471217848005749
27,False,8,7784,0.8059656620025635,0.8956232063827062
28,False,8,7785,0.8146481513977051,0.8675867045919101
29,False,8,7786,0.7729523181915283,0.9240102750204859
30,False,8,7787,0.8096272945404053,0.9214429372832889
31,False,8,7788,0.8136849403381348,0.9319124512729191
32,False,8,7789,0.7797141075134277,0.8794952141387121
33,False,8,7790,0.8544340133666992,0.9059595522426422
34,False,8,7791,0.8147122859954834,0.8999571722178232
35,False,8,7792,0.7582783699035645,0.9007503372572716
36,False,8,7793,0.8293685913085938,0.9135606256978852
37,False,8,7794,0.7796733379364014,0.9137762355662528
38,False,8,7795,0.7729887962341309,0.9028194284155256
39,False,8,7796,0.8341484069824219,0.8961298267046609
40,False,8,7797,0.7588317394256592,0.914599589648701
41,False,8,7798,0.8117244243621826,0.9085626680226551
42,False,8,7799,0.8279941082000732,0.8787669637018726
43,True,8,7800,0.8493971824645996,0.8147909843495913
44,False,8,7801,0.8093922138214111,0.9499295013291494
45,False,8,7802,0.8163745403289795,0.9738245741242455
46,False,8,7803,0.7744536399841309,0.9305100249392647
47,False,8,7804,0.8122248649597168,0.9773217595758891
48,False,8,7805,0.8143007755279541,0.9118144632804963
49,False,8,7806,0.7601902484893799,0.9798816740512848
50,False,8,7807,0.8340868949890137,0.9563773714360737
51,False,8,7808,0.7817919254302979,0.9793901982761565
52,False,8,7809,0.7802999019622803,0.8946041652844064
53,False,8,7810,0.8231043815612793,0.9198150105242217
54,False,8,7811,0.7651588916778564,0.9051902996642246
55,False,8,7812,0.8249709606170654,0.9231640029521215
56,False,8,7813,0.808725118637085,0.9009202995470594
57,False,8,7814,0.7710280418395996,0.9414082719456582
58,False,8,7815,0.8234376907348633,0.9718665182590482
59,False,8,7816,0.8120229244232178,0.9381573228608995
60,False,8,7817,0.7840576171875,0.8777167669364385
61,False,8,7818,0.8207132816314697,0.8570609894536789
62,False,8,7819,0.8061249256134033,0.904305520511809
63,False,8,7820,0.7629880905151367,0.9365162984246299
64,False,8,7821,0.8533718585968018,0.9284811761407625
65,False,8,7822,0.781883955001831,0.9413820136161077
66,False,8,7823,0.7881155014038086,0.9451673229535421
67,False,8,7824,0.8247265815734863,0.9253882141340348
68,False,8,7825,0.7633376121520996,0.9556326263007665
69,False,8,7826,0.7990663051605225,0.8910471172559828
70,False,8,7827,0.8137967586517334,0.9767664748997913
71,False,8,7828,0.792156457901001,0.9218382572843915
72,False,8,7829,0.8025126457214355,0.9545570526804242
73,False,8,7830,0.8467717170715332,0.9100662920446623
74,False,8,7831,0.7657229900360107,0.9012621683733802
75,False,8,7832,0.8242588043212891,0.9083543510309289
76,False,8,7833,0.8456456661224365,0.9141176860956919
77,False,8,7834,0.7923557758331299,0.9346310123801231
78,False,8,7835,0.7984118461608887,0.8688223241340548
79,False,8,7836,0.8330216407775879,0.8860982291045643
80,False,8,7837,0.7588000297546387,0.917834661191418
81,False,8,7838,0.8364272117614746,0.8916101366991088
82,False,8,7839,0.8181593418121338,0.8627820071719943
83,False,8,7840,0.7656435966491699,0.927323159717378
84,False,8,7841,0.8197188377380371,0.9590199713905653
85,False,8,7842,0.7776408195495605,0.8669308675896552
86,False,8,7843,0.7754013538360596,0.9003470353782178
87,False,8,7844,0.8204143047332764,0.942317606437774
88,False,8,7845,0.7733550071716309,0.932063135894991
89,False,8,7846,0.78373122215271,0.9005797767922991
90,False,8,7847,0.8253054618835449,0.9625041183261646
91,False,8,7848,0.7745966911315918,0.9048118556716612
92,False,8,7849,0.8116016387939453,0.9398980133590245
93,False,8,7850,0.833348274230957,0.8789327800983476
94,False,8,7851,0.7558727264404297,0.8872760731194701
95,False,8,7852,0.8485076427459717,0.9870831533556892
96,False,8,7853,0.8025929927825928,0.9376088700124193
97,False,8,7854,0.7834928035736084,0.9020304999181201
98,False,8,7855,0.8248116970062256,0.8816780953535013
99,False,8,7856,0.7755157947540283,0.913557702231975
100,False,8,7857,0.7761156558990479,0.8960409788858322
101,False,8,7858,0.8139643669128418,0.9198292419314384
102,False,8,7859,0.7702898979187012,0.9275497450005439
103,False,8,7860,0.7934572696685791,0.9628692354474749
104,False,8,7861,0.8215961456298828,0.933048732933544
105,False,8,7862,0.7574243545532227,0.9199080722672599
106,False,8,7863,0.8292410373687744,0.9312510504609063
107,False,8,7864,0.8048915863037109,0.9203835065875732
108,False,8,7865,0.7598674297332764,0.8953303304456529
109,False,8,7866,0.8264920711517334,1.0108335667422839
110,False,8,7867,0.7607202529907227,0.9269375126986279
111,False,8,7868,0.82025146484375,0.8824574537575244
112,False,8,7869,0.813884973526001,0.9331201744221506
113,False,8,7870,0.7559995651245117,0.8960950317836941
114,False,8,7871,0.8237860202789307,0.8893376482384546
115,False,8,7872,0.7716290950775146,0.9345949973378863
116,False,8,7873,0.7972118854522705,0.936358297155017
117,False,8,7874,0.8173477649688721,0.9052012394226733
118,False,8,7875,0.7608909606933594,0.8842937176426253
119,False,8,7876,0.8333339691162109,0.8541080215502355
120,False,8,7877,0.7861206531524658,0.9044124004209325
121,False,8,7878,0.7704410552978516,0.8514834965268772
122,False,8,7879,0.814760684967041,0.9235350092252098
123,False,8,7880,0.7770841121673584,0.911236645210357
124,False,8,7881,0.8062217235565186,0.9235672510805583
125,False,8,7882,0.8091139793395996,0.9272455743380957
126,False,8,7883,0.7762148380279541,0.9127812225903784
127,False,8,7884,0.8142609596252441,0.8796400021584262
128,False,8,7885,0.8121123313903809,0.9030928042318139
129,False,8,7886,0.7616214752197266,0.8849763838308198
130,False,8,7887,0.826575756072998,0.82388882090648
131,False,8,7888,0.7809042930603027,0.8987327324492591
132,False,8,7889,0.7780416011810303,0.9195626339032538
133,False,8,7890,0.8223052024841309,0.8624751657424937
134,False,8,7891,0.7622313499450684,0.8545744789852984
135,False,8,7892,0.8348097801208496,0.9631127743493942
136,False,8,7893,0.8128423690795898,0.89376512134359
137,False,8,7894,0.7764956951141357,0.8879937178322247
138,False,8,7895,0.8211994171142578,0.8937435263679141
139,False,8,7896,0.799083948135376,0.9189085740418662
140,False,8,7897,0.7608513832092285,0.9153435045764557
141,False,8,7898,0.8214273452758789,0.9533651889789673
142,False,8,7899,0.8054563999176025,0.9275611223919049
143,True,8,7900,0.8473465442657471,0.9045604552541459
144,False,8,7901,0.8221182823181152,0.8962478368055251
145,False,8,7902,0.7801876068115234,0.9452777772787072
146,False,8,7903,0.7724339962005615,1.002137353022893
147,False,8,7904,0.8210995197296143,0.940070146606082
148,False,8,7905,0.7723925113677979,0.9062840534108026
149,False,8,7906,0.8146171569824219,0.9383368534701211
150,False,8,7907,0.8232643604278564,0.9866718436990465
151,False,8,7908,0.760103702545166,0.978746262334642
152,False,8,7909,0.8217206001281738,0.9009841350572451
153,False,8,7910,0.7870867252349854,0.9162294910777183
154,False,8,7911,0.7686421871185303,0.8824556553292843
155,False,8,7912,0.8222532272338867,0.9172585180827549
156,False,8,7913,0.7814865112304688,0.9437453693577221
157,False,8,7914,0.7726194858551025,0.933068151097922
158,False,8,7915,0.8318915367126465,0.9239485164483388
159,False,8,7916,0.7726447582244873,0.909963194813047
160,False,8,7917,0.808645486831665,0.8858851024082727
161,False,8,7918,0.8485226631164551,0.9758321075212387
162,False,8,7919,0.7615752220153809,0.9074049088216964
163,False,8,7920,0.8268132209777832,0.988053221787725
164,False,8,7921,0.8097629547119141,0.9055226892232895
165,False,8,7922,0.7902178764343262,0.9138157772166388
166,False,8,7923,0.8081154823303223,0.8948773259208316
167,False,8,7924,0.8076896667480469,0.8961468289295832
168,False,8,7925,0.7741737365722656,0.9111710446221488
169,False,8,7926,0.8152909278869629,0.9050025244553884
170,False,8,7927,0.8169901371002197,0.8352462777069637
171,False,8,7928,0.764197587966919,0.8984585283767608
172,False,8,7929,0.8321778774261475,0.9015187340832892
173,False,8,7930,0.8008301258087158,0.9096168105800948
174,False,8,7931,0.7596735954284668,0.9253735215890976
175,False,8,7932,0.8319087028503418,0.9319183436178026
176,False,8,7933,0.7617106437683105,0.9195216305199122
177,False,8,7934,0.8018779754638672,0.9680579978795276
178,False,8,7935,0.8120522499084473,0.8462520910515673
179,False,8,7936,0.773629903793335,0.9203523706112592
180,False,8,7937,0.8152592182159424,0.8899277853114264
181,False,8,7938,0.8209583759307861,0.9590749215512048
182,False,8,7939,0.7608435153961182,0.9151364486841927
183,False,8,7940,0.8380725383758545,0.8890096814859483
184,False,8,7941,0.7979960441589355,0.9158064694631669
185,False,8,7942,0.7896087169647217,0.9223573967104866
186,False,8,7943,0.8298923969268799,0.9426971560432795
187,False,8,7944,0.780806303024292,0.9161531925201415
188,False,8,7945,0.7740509510040283,0.8692023587368781
189,False,8,7946,0.8318171501159668,0.907014743557998
190,False,8,7947,0.7656314373016357,0.924244568106674
191,False,8,7948,0.8057417869567871,0.9044856131076813
192,False,8,7949,0.8218493461608887,0.92880396793286
193,False,8,7950,0.7625219821929932,0.905798437339919
194,False,8,7951,0.826568603515625,0.9449197500944139
195,False,8,7952,0.7985668182373047,0.924149634582656
196,False,8,7953,0.7775306701660156,0.9728147483297757
197,False,8,7954,0.8125512599945068,0.8994347055753072
198,False,8,7955,0.7950842380523682,0.8777395153329484
199,False,8,7956,0.7622067928314209,0.8960669409661066
200,False,8,7957,0.82906174659729,0.8466977411437603
201,False,8,7958,0.778400182723999,0.9595423248552141
202,False,8,7959,0.7934956550598145,0.9524959247736704
203,False,8,7960,0.8473331928253174,0.9446522345145542
204,False,8,7961,0.7579774856567383,0.9231439321523622
205,False,8,7962,0.813779354095459,0.9015658582959857
206,False,8,7963,0.8206386566162109,0.8858609313943555
207,False,8,7964,0.80875563621521,0.9592790163698651
208,False,8,7965,0.7930524349212646,0.9245137749683289
209,False,8,7966,0.8144633769989014,0.9253610400926499
210,False,8,7967,0.7848069667816162,0.9356951922887846
211,False,8,7968,0.7955670356750488,0.8880857151179087
212,False,8,7969,0.8269124031066895,0.9372140162047887
213,False,8,7970,0.7564888000488281,0.961780050680751
214,False,8,7971,0.8382158279418945,0.9260201145495688
215,False,8,7972,0.8111803531646729,0.9180430496732396
216,False,8,7973,0.7648963928222656,0.8948412174802451
217,False,8,7974,0.8353414535522461,0.9817045728365581
218,False,8,7975,0.764183759689331,0.8939338180990447
219,False,8,7976,0.7914330959320068,0.9311657164778028
220,False,8,7977,0.8213140964508057,0.9209530885730473
221,False,8,7978,0.7920951843261719,0.9413395516929172
222,False,8,7979,0.798722505569458,0.8707867050099941
223,False,8,7980,0.8221046924591064,0.8928242730242866
224,False,8,7981,0.763430118560791,0.8854467721567268
225,False,8,7982,0.8336436748504639,0.8982344628089949
226,False,8,7983,0.8130993843078613,0.8796062668164571
227,False,8,7984,0.7752199172973633,0.8738821762658301
228,False,8,7985,0.8201742172241211,0.8886435773401034
229,False,8,7986,0.8030378818511963,0.8744843485099929
230,False,8,7987,0.7570927143096924,0.8791360425807182
231,False,8,7988,0.8344571590423584,0.8801522178664093
232,False,8,7989,0.7853398323059082,0.915139519032978
233,False,8,7990,0.7762429714202881,0.9228144252584092
234,False,8,7991,0.8265764713287354,0.9272655727607862
235,False,8,7992,0.7738094329833984,0.9418920466587657
236,False,8,7993,0.8033945560455322,0.8691498676226251
237,False,8,7994,0.8127222061157227,0.8438500813430263
238,False,8,7995,0.7985866069793701,0.9303215412156922
239,False,8,7996,0.808413028717041,0.8488255948537872
240,False,8,7997,0.8173720836639404,0.9078123409833226
241,False,8,7998,0.7793357372283936,0.9237527627320518
242,False,8,7999,0.7906420230865479,0.871176813329969
243,True,8,8000,0.9147961139678955,0.8930732135971386
244,False,8,8001,0.7686285972595215,0.9473570060162317
245,False,8,8002,0.7885515689849854,0.8896152352293333
246,False,8,8003,0.833167552947998,0.9109783499013809
247,False,8,8004,0.7638816833496094,0.9478269850923902
248,False,8,8005,0.8134486675262451,0.8956138023308344
249,False,8,8006,0.8090896606445312,0.9303944181828271
250,False,8,8007,0.7698626518249512,0.9500089181321005
251,False,8,8008,0.8154423236846924,0.8788878676437196
252,False,8,8009,0.8020522594451904,0.9118583514576868
253,False,8,8010,0.7573857307434082,0.9168263240939093
254,False,8,8011,0.8344588279724121,0.9278964691218877
255,False,8,8012,0.7680158615112305,0.9226194691090358
256,False,8,8013,0.7915115356445312,0.9095238390423004
257,False,8,8014,0.8193962574005127,0.9063114027182261
258,False,8,8015,0.7962291240692139,0.9286908535730272
259,False,8,8016,0.8034131526947021,0.8747125624545982
260,False,8,8017,0.8334107398986816,0.894361586088226
261,False,8,8018,0.7657661437988281,0.9617499755251977
262,False,8,8019,0.8160016536712646,0.9573387368803932
263,False,8,8020,0.8187458515167236,0.8789272063544818
264,False,8,8021,0.7580451965332031,0.9194905850149336
265,False,8,8022,0.8267776966094971,0.8937658635633333
266,False,8,8023,0.7893993854522705,0.9059056895119804
267,False,8,8024,0.7695534229278564,0.8576505483083781
268,False,8,8025,0.82010817527771,0.9773499167391231
269,False,8,8026,0.7822513580322266,0.9121509137607754
270,False,8,8027,0.7707386016845703,0.8954204375899975
271,False,8,8028,0.8342173099517822,0.95008790067264
272,False,8,8029,0.7772982120513916,0.9399399118764059
273,False,8,8030,0.7936570644378662,0.8374359822344212
274,False,8,8031,0.8476157188415527,0.91701487274397
275,False,8,8032,0.7671334743499756,0.9722174430886904
276,False,8,8033,0.8247206211090088,0.9123886064404533
277,False,8,8034,0.8104305267333984,0.8876602607113975
278,False,8,8035,0.785667896270752,0.9173247168461482
279,False,8,8036,0.8297359943389893,0.9537553904311997
280,False,8,8037,0.8061830997467041,0.9300226718187331
281,False,8,8038,0.7830517292022705,0.8889222295866126
282,False,8,8039,0.8195991516113281,0.9183494611864998
283,False,8,8040,0.8028316497802734,0.905050963872955
284,False,8,8041,0.7496435642242432,0.9254682504882416
285,False,8,8042,0.823298454284668,0.9531414480436415
286,False,8,8043,0.7537558078765869,0.8845042754851635
287,False,8,8044,0.8185806274414062,0.9276841382185618
288,False,8,8045,0.8125557899475098,0.9012949417034786
289,False,8,8046,0.7594394683837891,0.905456508908953
290,False,8,8047,0.8201234340667725,0.8888523709915932
291,False,8,8048,0.774946928024292,0.8916234512414251
292,False,8,8049,0.7779221534729004,0.9292979999667124
293,False,8,8050,0.8132858276367188,0.9295981398650578
294,False,8,8051,0.7954685688018799,0.9389213160389945
295,False,8,8052,0.798844575881958,0.9116702180887973
296,False,8,8053,0.8237330913543701,0.905274144240788
297,False,8,8054,0.7628757953643799,0.9286008871027402
298,False,8,8055,0.8255062103271484,0.9508984592698869
299,False,8,8056,0.8073725700378418,0.9090641815037958
300,False,8,8057,0.7677998542785645,0.901703641528175
301,False,8,8058,0.8235127925872803,0.8895504231609047
302,False,8,8059,0.7972679138183594,0.8932013298783982
303,False,8,8060,0.7576723098754883,0.8549653714788813
304,False,8,8061,0.8268945217132568,0.8845753641355605
305,False,8,8062,0.7655808925628662,0.8837523300732887
306,False,8,8063,0.7904131412506104,0.8636909435902324
307,False,8,8064,0.8356051445007324,0.8831753120535893
308,False,8,8065,0.7655324935913086,0.9039962334292276
309,False,8,8066,0.8158762454986572,0.9321229720399494
310,False,8,8067,0.8112943172454834,0.8910061277094343
311,False,8,8068,0.7670540809631348,0.8791945138502689
312,False,8,8069,0.8133842945098877,0.8739807921506109
313,False,8,8070,0.8023097515106201,0.9058424191815513
314,False,8,8071,0.7507548332214355,0.910164635451067
315,False,8,8072,0.8381433486938477,0.8949515143675463
316,False,8,8073,0.7736632823944092,0.8574004964459511
317,False,8,8074,0.7901091575622559,0.9332259822459448
318,False,8,8075,0.835737943649292,0.9391031836469967
319,False,8,8076,0.7698757648468018,0.8563377261161804
320,False,8,8077,0.8270249366760254,0.9028861728452499
321,False,8,8078,0.8093967437744141,0.905885632903803
322,False,8,8079,0.804060697555542,0.9148682540371303
323,False,8,8080,0.799419641494751,0.8673745333438829
324,False,8,8081,0.8156375885009766,0.9137312542824517
325,False,8,8082,0.7846777439117432,0.9175204925593874
326,False,8,8083,0.7779374122619629,0.9335310687976224
327,False,8,8084,0.8487973213195801,0.9025105981244926
328,False,8,8085,0.7657208442687988,0.9130397800888335
329,False,8,8086,0.809288501739502,0.819265667526495
330,False,8,8087,0.8136601448059082,0.8452357708343435
331,False,8,8088,0.7837085723876953,0.8643266856670381
332,False,8,8089,0.8141067028045654,0.8790251186915805
333,False,8,8090,0.8600184917449951,0.880702439074715
334,False,8,8091,0.7664885520935059,0.8564687843124074
335,False,8,8092,0.7918193340301514,0.9335622446877616
336,False,8,8093,0.8350141048431396,0.8840967306778543
337,False,8,8094,0.768134355545044,0.9114729790460496
338,False,8,8095,0.8067266941070557,0.9188305075679505
339,False,8,8096,0.8174409866333008,0.8710474886354946
340,False,8,8097,0.7819404602050781,0.9164339298648494
341,False,8,8098,0.8038678169250488,0.9075294427928474
342,False,8,8099,0.8111560344696045,0.899819703329177
343,True,8,8100,0.8508684635162354,0.8577397295406889
344,False,8,8101,0.8156161308288574,0.9590447261219934
345,False,8,8102,0.8186788558959961,0.87489338857787
346,False,8,8103,0.7605469226837158,0.8897514116196406
347,False,8,8104,0.8263046741485596,0.9539831919329508
348,False,8,8105,0.7827086448669434,0.8992047050879115
349,False,8,8106,0.770256519317627,0.9474596168313709
350,False,8,8107,0.8312411308288574,0.884392404130527
351,False,8,8108,0.781862735748291,0.9131138846278192
352,False,8,8109,0.792553186416626,0.88469745857375
353,False,8,8110,0.8118720054626465,0.9031970955076672
354,False,8,8111,0.7901909351348877,0.8777379950597173
355,False,8,8112,0.7943305969238281,0.9034183791705539
356,False,8,8113,0.8297524452209473,0.8902934177645616
357,False,8,8114,0.7616715431213379,0.9162801227399281
358,False,8,8115,0.837031364440918,0.8969560968024393
359,False,8,8116,0.8143606185913086,0.8755722613561723
360,False,8,8117,0.7618467807769775,0.920707497213568
361,False,8,8118,0.8234963417053223,0.8924901528017863
362,False,8,8119,0.7685980796813965,0.8452391659929639
363,False,8,8120,0.7837767601013184,0.8660306433836619
364,False,8,8121,0.8157215118408203,0.9135473406031019
365,False,8,8122,0.7745444774627686,0.8839768178406215
366,False,8,8123,0.800048828125,0.9250615210760206
367,False,8,8124,0.8467941284179688,0.8559188317684902
368,False,8,8125,0.7839446067810059,0.92096546292305
369,False,8,8126,0.8192329406738281,0.8875147569037621
370,False,8,8127,0.8110589981079102,0.8908574931500923
371,False,8,8128,0.7774603366851807,0.8989932806718918
372,False,8,8129,0.8073992729187012,0.893422985360736
373,False,8,8130,0.8118250370025635,0.869238274083251
374,False,8,8131,0.7596354484558105,0.8901274042824906
375,False,8,8132,0.826038122177124,0.8993365062134606
376,False,8,8133,0.765648365020752,0.859121170427118
377,False,8,8134,0.8015220165252686,0.8892274043034938
378,False,8,8135,0.8232252597808838,0.8832691726940017
379,False,8,8136,0.7624354362487793,0.9072590555463516
380,False,8,8137,0.8299663066864014,0.934727565518447
381,False,8,8138,0.7932524681091309,0.9415808504536041
382,False,8,8139,0.7696273326873779,0.9186866052803541
383,False,8,8140,0.8203775882720947,0.9077026084775016
384,False,8,8141,0.7824611663818359,0.9095477993999208
385,False,8,8142,0.7748944759368896,1.002371358729544
386,False,8,8143,0.8091714382171631,0.9457333307890665
387,False,8,8144,0.7942304611206055,0.9212195128202438
388,False,8,8145,0.7971107959747314,0.9057755229018983
389,False,8,8146,0.8493661880493164,0.8793109009663264
390,False,8,8147,0.7615945339202881,0.9396540618368557
391,False,8,8148,0.8337912559509277,0.9449747903715997
392,False,8,8149,0.823162317276001,0.90303221983569
393,False,8,8150,0.7538802623748779,0.9087565232600485
394,False,8,8151,0.8230907917022705,0.9059983825399762
395,False,8,8152,0.7750825881958008,0.8932334539436159
396,False,8,8153,0.7703554630279541,0.9419770403986886
397,False,8,8154,0.8158888816833496,0.8718956300900095
398,False,8,8155,0.7745335102081299,0.9274020219842591
399,False,8,8156,0.801133394241333,0.927872413680667
400,False,8,8157,0.8149416446685791,0.86631683987521
401,False,8,8158,0.7630465030670166,0.8980906470900488
402,False,8,8159,0.8457663059234619,0.8662895705728303
403,False,8,8160,0.7938482761383057,0.9251959366457804
404,False,8,8161,0.7931067943572998,0.8426555787168796
405,False,8,8162,0.8221533298492432,0.8466028010561354
406,False,8,8163,0.7881624698638916,0.9155593713124593
407,False,8,8164,0.7657198905944824,0.8569038141341435
408,False,8,8165,0.826730489730835,0.9048693506490618
409,False,8,8166,0.7630617618560791,0.8938865697100047
410,False,8,8167,0.8106591701507568,0.8785443454980851
411,False,8,8168,0.8275377750396729,0.8544949944175424
412,False,8,8169,0.7551136016845703,0.9390014005558831
413,False,8,8170,0.828495979309082,0.8917260868918326
414,False,8,8171,0.7978630065917969,0.9055890256450289
415,False,8,8172,0.7699847221374512,0.909215345269158
416,False,8,8173,0.8128581047058105,0.8910301483812786
417,False,8,8174,0.7823050022125244,0.9658936475004468
418,False,8,8175,0.7689085006713867,0.9005671626045589
419,False,8,8176,0.8250195980072021,0.9174693819312824
420,False,8,8177,0.7752010822296143,0.8674756039288781
421,False,8,8178,0.799454927444458,0.8507001158737001
422,False,8,8179,0.8145430088043213,0.9382168189400718
423,False,8,8180,0.754631519317627,0.9113369573439871
424,False,8,8181,0.8299167156219482,0.8617290677059265
425,False,8,8182,0.772580623626709,0.8755470095645814
426,False,8,8183,0.7814083099365234,0.8690192273684911
427,False,8,8184,0.8233366012573242,0.8251187602678933
428,False,8,8185,0.7844517230987549,0.9140505070487659
429,False,8,8186,0.803027868270874,0.9304266962267105
430,False,8,8187,0.8200771808624268,0.8944013859367086
431,False,8,8188,0.7864675521850586,0.9090746648254846
432,False,8,8189,0.7812821865081787,0.8652356699818656
433,False,8,8190,0.8318073749542236,0.9009807698783421
434,False,8,8191,0.7589178085327148,0.9047308557090306
435,False,8,8192,0.8289697170257568,0.9223152321009407
436,False,8,8193,0.8302018642425537,0.8898710487853914
437,False,8,8194,0.8029072284698486,0.9112528885404269
438,False,8,8195,0.8344240188598633,0.9050740372566949
439,False,8,8196,0.8019413948059082,0.8881031986148584
440,False,8,8197,0.777336597442627,0.8971869076291722
441,False,8,8198,0.8256404399871826,0.9462849079143433
442,False,8,8199,0.7632603645324707,0.8933574181227454
443,True,8,8200,0.8695507049560547,0.8978233461578689
444,False,8,8201,0.8335034847259521,0.923027019415583
445,False,8,8202,0.7874801158905029,0.8984744875203996
446,False,8,8203,0.7755725383758545,0.8995815799349832
447,False,8,8204,0.820399284362793,1.0344209103357225
448,False,8,8205,0.7764081954956055,0.9524228594132831
449,False,8,8206,0.7750804424285889,0.9140519279809226
450,False,8,8207,0.828850507736206,0.8683307713695935
451,False,8,8208,0.7536792755126953,0.9257342240640096
452,False,8,8209,0.8196389675140381,0.9212108367965336
453,False,8,8210,0.8079791069030762,0.8536290372056621
454,False,8,8211,0.7550039291381836,0.8987301566771098
455,False,8,8212,0.8320391178131104,0.9141916111111642
456,False,8,8213,0.7708618640899658,0.8876136080140159
457,False,8,8214,0.7850072383880615,0.9245897435716222
458,False,8,8215,0.8230280876159668,0.8832336447778204
459,False,8,8216,0.7721350193023682,0.8956180381632987
460,False,8,8217,0.7990190982818604,0.8906225915111246
461,False,8,8218,0.8121979236602783,0.9165534746079218
462,False,8,8219,0.7705729007720947,0.8390432929708846
463,False,8,8220,0.8164536952972412,0.9295924944537027
464,False,8,8221,0.8085105419158936,0.8999110737017223
465,False,8,8222,0.7475380897521973,0.9411024330627352
466,False,8,8223,0.8310887813568115,0.9360215898071015
467,False,8,8224,0.7606568336486816,0.8842249874557767
468,False,8,8225,0.8058855533599854,0.8913843362104326
469,False,8,8226,0.8219099044799805,0.87069232690902
470,False,8,8227,0.7545294761657715,0.9026691274983543
471,False,8,8228,0.8297264575958252,0.9353872569543974
472,False,8,8229,0.7886316776275635,0.8907625611339296
473,False,8,8230,0.7743411064147949,0.8785822705498764
474,False,8,8231,0.8171811103820801,0.9473556450435093
475,False,8,8232,0.7694897651672363,0.9266252638328643
476,False,8,8233,0.7831876277923584,0.94087340647266
477,False,8,8234,0.8413586616516113,0.9307528808712959
478,False,8,8235,0.7785654067993164,0.8931209789145561
479,False,8,8236,0.8240821361541748,0.8603861294686793
480,False,8,8237,0.8161547183990479,0.910339533129618
481,False,8,8238,0.7757749557495117,0.8829985722189857
482,False,8,8239,0.8174686431884766,0.896398703966822
483,False,8,8240,0.8110024929046631,0.9162663436006933
484,False,8,8241,0.7510166168212891,0.8639723673640263
485,False,8,8242,0.8331589698791504,0.937909670174122
486,False,8,8243,0.7849884033203125,0.9454799915353457
487,False,8,8244,0.7784371376037598,0.8956317479411762
488,False,8,8245,0.8228812217712402,0.9215336740016937
489,False,8,8246,0.7571930885314941,0.8949782021698498
490,False,8,8247,0.8251640796661377,0.8518249530877386
491,False,8,8248,0.7973887920379639,0.9298236334607713
492,False,8,8249,0.8053314685821533,0.915862731280781
493,False,8,8250,0.8215484619140625,0.9039650892927532
494,False,8,8251,0.7886695861816406,0.8708804927411534
495,False,8,8252,0.7773418426513672,0.8885059887099832
496,False,8,8253,0.8226871490478516,0.9060180808107059
497,False,8,8254,0.7927303314208984,0.8532601978097641
498,False,8,8255,0.7595336437225342,0.8362347465895471
499,False,8,8256,0.831376314163208,0.883012286786522
500,False,8,8257,0.7633724212646484,0.9491366616317205
501,False,8,8258,0.7981932163238525,0.9008848732780844
502,False,8,8259,0.8367624282836914,0.8598463773017837
503,False,8,8260,0.7558085918426514,0.8872997420174734
504,False,8,8261,0.8263189792633057,0.8775016126178561
505,False,8,8262,0.8019993305206299,0.9042918206680388
506,False,8,8263,0.7700996398925781,0.8989193927319277
507,False,8,8264,0.8196802139282227,0.9089352978127342
508,False,8,8265,0.7939143180847168,0.899911731658947
509,False,8,8266,0.7567284107208252,0.9127635819216569
510,False,8,8267,0.8356823921203613,0.9488642109291893
511,False,8,8268,0.7650573253631592,0.9059151097067768
512,False,8,8269,0.7966089248657227,0.8801910107334454
513,False,8,8270,0.8217685222625732,0.8871783511269661
514,False,8,8271,0.759488582611084,0.8676066238965306
515,False,8,8272,0.8275485038757324,0.8764541617461613
516,False,8,8273,0.8138036727905273,0.8789721046175274
517,False,8,8274,0.759188175201416,0.9278683009601777
518,False,8,8275,0.8209357261657715,0.8759996685243788
519,False,8,8276,0.7547626495361328,0.9056978631942044
520,False,8,8277,0.8142075538635254,0.8731157690996217
521,False,8,8278,0.8138692378997803,0.9086937567307835
522,False,8,8279,0.7629008293151855,0.9410916552657173
523,False,8,8280,0.8322322368621826,0.8919068621028037
524,False,8,8281,0.7910196781158447,0.9021426166097325
525,False,8,8282,0.7624633312225342,0.8564732879222858
526,False,8,8283,0.8184511661529541,0.8642358104033131
527,False,8,8284,0.7865159511566162,0.8697263862760296
528,False,8,8285,0.7831826210021973,0.8999553407941546
529,False,8,8286,0.8182158470153809,0.9307603112288884
530,False,8,8287,0.7838871479034424,0.8984330080094791
531,False,8,8288,0.787778377532959,0.8761706817008199
532,False,8,8289,0.8337738513946533,0.9061682366189502
533,False,8,8290,0.7628757953643799,0.9565709900288353
534,False,8,8291,0.826263427734375,0.9296357280441693
535,False,8,8292,0.823300838470459,0.8668351088251387
536,False,8,8293,0.7545309066772461,0.8703246554803279
537,False,8,8294,0.8242354393005371,0.9328992586760294
538,False,8,8295,0.7657272815704346,0.8820179303487141
539,False,8,8296,0.7868406772613525,0.8505513057822273
540,False,8,8297,0.8121798038482666,0.8810744372506936
541,False,8,8298,0.7754092216491699,0.8912091758989152
542,False,8,8299,0.8097457885742188,0.8599952219852378
543,True,8,8300,0.9076662063598633,0.8834008118581206
544,False,8,8301,0.7715201377868652,0.9268387832811902
545,False,8,8302,0.8141961097717285,0.8742891628117788
546,False,8,8303,0.8176016807556152,0.9029225621904646
547,False,8,8304,0.7638273239135742,0.9294037237053825
548,False,8,8305,0.8271045684814453,0.896125459954852
549,False,8,8306,0.7784645557403564,0.9184202104806901
550,False,8,8307,0.7715039253234863,0.8938936335699899
551,False,8,8308,0.8314788341522217,0.910364245020208
552,False,8,8309,0.7592532634735107,0.9543620915639969
553,False,8,8310,0.8075582981109619,0.9715571942783536
554,False,8,8311,0.8173863887786865,0.9443888295264472
555,False,8,8312,0.7584490776062012,0.9984956291459852
556,False,8,8313,0.8241267204284668,0.9054708402781259
557,False,8,8314,0.7835185527801514,0.911747246271088
558,False,8,8315,0.7671539783477783,0.8697923084809666
559,False,8,8316,0.8093674182891846,0.9274074463617233
560,False,8,8317,0.776789665222168,0.9176417135056995
561,False,8,8318,0.7827029228210449,0.9119891687518072
562,False,8,8319,0.8212966918945312,0.9101747622092566
563,False,8,8320,0.7678163051605225,0.9096305469671885
564,False,8,8321,0.811870813369751,0.9239288327239806
565,False,8,8322,0.8224477767944336,0.9890678113415128
566,False,8,8323,0.7561664581298828,0.9072219559124538
567,False,8,8324,0.8517646789550781,0.9160506104429564
568,False,8,8325,0.7941205501556396,0.8254394781376635
569,False,8,8326,0.7896547317504883,0.85095406572024
570,False,8,8327,0.8263370990753174,0.9152083368528456
571,False,8,8328,0.7632710933685303,0.8743332929554439
572,False,8,8329,0.7942764759063721,0.8815193488484337
573,False,8,8330,0.8128471374511719,0.8958559398140226
574,False,8,8331,0.7765829563140869,0.8791327799359959
575,False,8,8332,0.8042912483215332,0.8972697410555113
576,False,8,8333,0.8161008358001709,0.945327320978755
577,False,8,8334,0.7609922885894775,0.8435501505931219
578,False,8,8335,0.824817419052124,0.9303830886880557
579,False,8,8336,0.7962431907653809,0.9586922526359558
580,False,8,8337,0.7664196491241455,0.9066381695724669
581,False,8,8338,0.8274884223937988,0.9205335861160641
582,False,8,8339,0.7662742137908936,0.9080533598150526
583,False,8,8340,0.8040275573730469,0.9214882722922734
584,False,8,8341,0.8030500411987305,0.8536276583160672
585,False,8,8342,0.770721435546875,0.8623811464224541
586,False,8,8343,0.8190555572509766,0.9181203203541891
587,False,8,8344,0.8146102428436279,0.8885501647988956
588,False,8,8345,0.7631452083587646,0.8705404056679635
589,False,8,8346,0.826331377029419,0.8981371720631918
590,False,8,8347,0.7726430892944336,0.9377241116904077
591,False,8,8348,0.7867310047149658,0.9092320115083738
592,False,8,8349,0.8129911422729492,0.906852553997721
593,False,8,8350,0.7687599658966064,0.8648188699569022
594,False,8,8351,0.8076505661010742,0.8555439455168589
595,False,8,8352,0.8212964534759521,0.8858881761275587
596,False,8,8353,0.752432107925415,0.9012817076983906
597,False,8,8354,0.8168189525604248,0.9902998897291365
598,False,8,8355,0.782841682434082,0.9331808948800675
599,False,8,8356,0.7835004329681396,0.869518704978483
600,False,8,8357,0.8417291641235352,0.889946135027068
601,False,8,8358,0.8069500923156738,0.9090211041981267
602,False,8,8359,0.8731904029846191,0.9012081598242125
603,False,8,8360,0.8713953495025635,0.899815186858177
604,False,8,8361,0.8636679649353027,0.861697807198479
605,False,8,8362,0.8806445598602295,0.8482984995380756
606,False,8,8363,0.8670225143432617,0.9069352050622304
607,False,8,8364,0.8846964836120605,0.8839122972318105
608,False,8,8365,0.8719007968902588,0.9118305295705796
609,False,8,8366,0.865241527557373,0.8835909366607666
610,False,8,8367,0.880587100982666,0.8543039993161247
611,False,8,8368,0.8654208183288574,0.8884595533212024
612,False,8,8369,0.8748931884765625,0.9124345839733168
613,False,8,8370,0.8656578063964844,0.8888192879302161
614,False,8,8371,0.866218090057373,0.8564365513267972
615,False,8,8372,0.8831136226654053,0.8896257245824452
616,False,8,8373,0.8504846096038818,0.8925191291740965
617,False,8,8374,0.8841149806976318,0.8714584701118017
618,False,8,8375,0.8722560405731201,0.9055012201979047
619,False,8,8376,0.860546350479126,0.9648532420396805
620,False,8,8377,0.8801224231719971,0.8981516985666184
621,False,8,8378,0.8661890029907227,0.8455707732410658
622,False,8,8379,0.8811202049255371,0.8511739788310868
623,False,8,8380,0.8829789161682129,0.8674879240847767
624,False,8,8381,0.8721230030059814,0.8471062531073891
625,False,8,8382,0.8709311485290527,0.9012458175420763
626,False,8,8383,0.8876597881317139,0.8734097225325448
627,False,8,8384,0.8795599937438965,0.8746077311890466
628,False,8,8385,0.8662211894989014,0.9367083069824037
629,False,8,8386,0.8826279640197754,0.888585613597007
630,False,8,8387,0.8611147403717041,0.9219538963266782
631,False,8,8388,0.8832545280456543,0.8630155415407249
632,False,8,8389,0.8805623054504395,0.8796575221986997
633,False,8,8390,0.8648638725280762,0.8965298735669682
634,False,8,8391,0.8773903846740723,0.90178799167985
635,False,8,8392,0.8665435314178467,0.8961477501406556
636,False,8,8393,0.8604793548583984,0.8848647306717579
637,False,8,8394,0.8809669017791748,0.9098624750262215
638,False,8,8395,0.8692169189453125,0.9616215484482903
639,False,8,8396,0.8580541610717773,0.902121358684131
640,False,8,8397,0.8831052780151367,0.9116428900687465
641,False,8,8398,0.8683083057403564,0.9023261226358865
642,False,8,8399,0.8668062686920166,0.8752466449070545
643,True,8,8400,0.976233959197998,0.9291127040272666
644,False,8,8401,0.862541913986206,0.9250971121447429
645,False,8,8402,0.8816471099853516,0.9797443314677194
646,False,8,8403,0.8662776947021484,0.8843422546273184
647,False,8,8404,0.8785772323608398,0.9540190437719938
648,False,8,8405,0.8809413909912109,0.9128517941350027
649,False,8,8406,0.8608613014221191,0.9228327072092466
650,False,8,8407,0.8739285469055176,0.9146921819164641
651,False,8,8408,0.8658862113952637,0.9059874259290243
652,False,8,8409,0.8773202896118164,0.9144653791473026
653,False,8,8410,0.8691830635070801,0.9535679905897094
654,False,8,8411,0.8526875972747803,0.8662174269556997
655,False,8,8412,0.885145902633667,0.9038432864915756
656,False,8,8413,0.8867480754852295,0.8597363389673687
657,False,8,8414,0.8793246746063232,0.8942712336069061
658,False,8,8415,0.8704025745391846,0.9064412823035605
659,False,8,8416,0.8872840404510498,0.9730729691329457
660,False,8,8417,0.859605073928833,0.8502371836276281
661,False,8,8418,0.8886988162994385,0.8902159709305991
662,False,8,8419,0.8790161609649658,0.8843003071489788
663,False,8,8420,0.8629179000854492,0.8930926883504505
664,False,8,8421,0.8802230358123779,0.9494321069547108
665,False,8,8422,0.8617465496063232,0.8760997511091687
666,False,8,8423,0.8797738552093506,0.9081226257341248
667,False,8,8424,0.8825035095214844,0.885508475913888
668,False,8,8425,0.8573522567749023,0.8682222015091352
669,False,8,8426,0.7900259494781494,0.9555302634835244
670,False,8,8427,0.4047887325286865,0.8651438415760085
671,False,8,8428,0.42107129096984863,0.8688828263963971
672,False,8,8429,0.4373769760131836,0.8866547154528754
673,False,8,8430,0.4065525531768799,0.9715375155210494
674,False,8,8431,0.4233129024505615,0.8694427758455275
675,False,8,8432,0.4333202838897705,0.8854325476679065
676,False,8,8433,0.41851234436035156,0.9024248343138466
677,False,8,8434,0.4081721305847168,0.9426263169873328
678,False,8,8435,0.45163488388061523,0.8728416828172548
679,False,8,8436,0.4207124710083008,0.8439880591772854
680,False,8,8437,0.4060676097869873,0.8801647442437356
681,False,8,8438,0.4334700107574463,0.9164584420976185
682,False,8,8439,0.41879916191101074,0.9367760419845581
683,False,8,8440,0.40680623054504395,0.8587361256636327
684,False,8,8441,0.439791202545166,0.9129564488927524
685,False,8,8442,0.406846284866333,0.8624751145641009
686,False,8,8443,0.42014575004577637,0.9460977968715486
687,False,8,8444,0.42935919761657715,0.8859132923895405
688,False,8,8445,0.40680932998657227,0.863085599172683
689,False,8,8446,0.423694372177124,0.9052629254403568
690,False,8,8447,0.40629029273986816,0.8494001446025714
691,False,8,8448,0.40609216690063477,0.8985674416735059
692,False,8,8449,0.4228034019470215,0.9361954299466952
693,False,8,8450,0.40680408477783203,0.907904777853262
694,False,8,8451,0.4230003356933594,0.8642704124961579
695,False,8,8452,0.40705347061157227,0.9063256411325362
696,False,8,8453,0.4209249019622803,0.8749839856865861
697,False,8,8454,0.40742921829223633,0.8714861373106637
698,False,8,8455,0.42098140716552734,0.8767440361636026
699,False,8,8456,0.4067690372467041,0.9275556994335993
700,False,8,8457,0.44899773597717285,0.872899505531504
701,False,8,8458,0.4223904609680176,0.8822067914796727
702,False,8,8459,0.4077932834625244,0.8514901140616051
703,False,8,8460,0.45360898971557617,0.851497452528704
704,False,8,8461,0.4057140350341797,0.8946591239599957
705,False,8,8462,0.4189927577972412,0.896096985964548
706,False,8,8463,0.44022107124328613,0.9618113590847879
707,False,8,8464,0.4078078269958496,0.8811153806746005
708,False,8,8465,0.4506101608276367,0.8921809698499382
709,False,8,8466,0.4075632095336914,0.8250245343716371
710,False,8,8467,0.43480634689331055,0.8831445044350056
711,False,8,8468,0.4188394546508789,0.9217172192320936
712,False,8,8469,0.40896177291870117,0.9166254168819815
713,False,8,8470,0.4198422431945801,0.8874061632724035
714,False,8,8471,0.413759708404541,0.9147531106358484
715,False,8,8472,0.42149972915649414,0.928807896517572
716,False,8,8473,0.4108543395996094,0.870274839301904
717,False,8,8474,0.4476287364959717,0.9254763910458202
718,False,8,8475,0.40449976921081543,0.880413743711653
719,False,8,8476,0.4090418815612793,0.9043341412075927
720,False,8,8477,0.45069241523742676,0.8933179094677879
721,False,8,8478,0.4088783264160156,0.8864462141479764
722,False,8,8479,0.40873193740844727,0.9131476027624948
723,False,8,8480,0.45104265213012695,0.875214556498187
724,False,8,8481,0.4081711769104004,0.8842700404070675
725,False,8,8482,0.422335147857666,0.8801909834146499
726,False,8,8483,0.4384334087371826,0.8872392632599387
727,False,8,8484,0.4085080623626709,0.8800002205229941
728,False,8,8485,0.4181632995605469,0.9189259807268779
729,False,8,8486,0.4390578269958496,0.8517314578805654
730,False,8,8487,0.4221611022949219,0.8437109355415616
731,False,8,8488,0.40641331672668457,0.8809201988790716
732,False,8,8489,0.4490377902984619,0.8434862217732837
733,False,8,8490,0.41862034797668457,0.9523320879255021
734,False,8,8491,0.4090418815612793,0.8988821552622887
735,False,8,8492,0.42672085762023926,0.8948106364834876
736,False,8,8493,0.4226808547973633,0.9069261848926545
737,False,8,8494,0.40843677520751953,0.9342147956291835
738,False,8,8495,0.42087841033935547,0.9091686058257307
739,False,8,8496,0.40689706802368164,0.8638849512097383
740,False,8,8497,0.42079615592956543,0.9135678582603024
741,False,8,8498,0.40790319442749023,0.9344192441730272
742,False,8,8499,0.42020440101623535,0.8665581221381824
743,True,8,8500,0.4471566677093506,0.8859927047576222
744,False,8,8501,0.4472360610961914,0.9456604676587241
745,False,8,8502,0.4215981960296631,0.8870635745780812
746,False,8,8503,0.4238414764404297,0.9076337757564726
747,False,8,8504,0.421985387802124,0.9401163912954785
748,False,8,8505,0.4222569465637207,0.9086704169000898
749,False,8,8506,0.408599853515625,0.9324316162438621
750,False,8,8507,0.4447617530822754,0.8709378412791662
751,False,8,8508,0.4062674045562744,0.9576952414853233
752,False,8,8509,0.4086940288543701,0.9218860509849728
753,False,8,8510,0.41633081436157227,0.9065763904225258
754,False,8,8511,0.40721702575683594,0.9063826980335373
755,False,8,8512,0.4222438335418701,0.9141408382427126
756,False,8,8513,0.4071388244628906,0.9064202925988606
757,False,8,8514,0.4482285976409912,0.9179830480189548
758,False,8,8515,0.4226391315460205,0.887727222272328
759,False,8,8516,0.406505823135376,0.8615822962352208
760,False,8,8517,0.4501631259918213,0.9327894605341414
761,False,8,8518,0.4074234962463379,0.8955742234275454
762,False,8,8519,0.40738511085510254,0.883606797882489
763,False,8,8520,0.45342588424682617,0.9642815391222637
764,False,8,8521,0.40732288360595703,0.9314554433027902
765,False,8,8522,0.42289304733276367,0.8990012620176587
766,False,8,8523,0.40806055068969727,0.9557919644174123
767,False,8,8524,0.418947696685791,0.8663833552882784
768,False,8,8525,0.4088106155395508,0.9018732092919803
769,False,8,8526,0.4070003032684326,0.8746646532700175
770,False,8,8527,0.43330955505371094,0.9003211852340472
771,False,8,8528,0.41683053970336914,0.9249408578588848
772,False,8,8529,0.437436580657959,0.8934351895891485
773,False,8,8530,0.4238901138305664,0.8907561557633535
774,False,8,8531,0.43424201011657715,0.8780943676829338
775,False,8,8532,0.41777634620666504,0.9149786244545663
776,False,8,8533,0.4095315933227539,0.9354157827439766
777,False,8,8534,0.4347798824310303,0.9031857252120974
778,False,8,8535,0.42531394958496094,0.8289303584467798
779,False,8,8536,0.40508437156677246,0.8842046674163568
780,False,8,8537,0.45138001441955566,0.9173540614900134
781,False,8,8538,0.4082520008087158,0.9125306290530023
782,False,8,8539,0.40941500663757324,0.8896371587401344
783,False,8,8540,0.42926478385925293,0.8850881436041425
784,False,8,8541,0.4247169494628906,0.9078805730456398
785,False,8,8542,0.4109342098236084,0.8754334889707113
786,False,8,8543,0.44112396240234375,0.8913951546308538
787,False,8,8544,0.40926170349121094,0.8932692970903148
788,False,8,8545,0.4213681221008301,0.8765831930296761
789,False,8,8546,0.40877556800842285,0.8677312437267529
790,False,8,8547,0.4200558662414551,0.8872603462742907
791,False,8,8548,0.40961670875549316,0.8900744943391709
792,False,8,8549,0.42984604835510254,0.8882310541257973
793,False,8,8550,0.42378926277160645,0.9003642924307357
794,False,8,8551,0.4082517623901367,0.8657250236719847
795,False,8,8552,0.4396190643310547,0.8742086741895904
796,False,8,8553,0.4048428535461426,0.8643209100479171
797,False,8,8554,0.42374634742736816,0.9135069417811577
798,False,8,8555,0.4437527656555176,0.876318385558469
799,False,8,8556,0.4071540832519531,0.9312066879300843
800,False,8,8557,0.4139866828918457,0.8930716837445893
801,False,8,8558,0.4088442325592041,0.8973732551648502
802,False,8,8559,0.43917369842529297,0.8806206736536253
803,False,8,8560,0.42221999168395996,0.939074892373312
804,False,8,8561,0.4099860191345215,0.8776745624130682
805,False,8,8562,0.4514467716217041,0.8722674399614335
806,False,8,8563,0.408174991607666,0.8891662504701388
807,False,8,8564,0.4178922176361084,0.8842569575423286
808,False,8,8565,0.4353766441345215,0.9288557015714191
809,False,8,8566,0.4059865474700928,0.8818065071744577
810,False,8,8567,0.4211430549621582,0.9276715091296605
811,False,8,8568,0.4576694965362549,0.9198974580282258
812,False,8,8569,0.4094510078430176,0.9042974426632836
813,False,8,8570,0.42027783393859863,0.888686029683976
814,False,8,8571,0.4393906593322754,0.9086824722942849
815,False,8,8572,0.4090232849121094,0.9144219727743239
816,False,8,8573,0.40499281883239746,0.8678854448454723
817,False,8,8574,0.4298117160797119,0.8854289567541508
818,False,8,8575,0.42102837562561035,0.8285782064000765
819,False,8,8576,0.4079153537750244,0.9102957021622429
820,False,8,8577,0.42527103424072266,0.8791253951688608
821,False,8,8578,0.40581297874450684,0.8781705165193194
822,False,8,8579,0.42119932174682617,0.912186887292635
823,False,8,8580,0.40706443786621094,0.965893669497399
824,False,8,8581,0.40779590606689453,0.8837281135576113
825,False,8,8582,0.41928696632385254,0.8395541744927566
826,False,8,8583,0.40494871139526367,0.9032215795346669
827,False,8,8584,0.44127941131591797,0.8563069094504627
828,False,8,8585,0.423323392868042,0.9213991051628475
829,False,8,8586,0.40660691261291504,0.8564846426958129
830,False,8,8587,0.4510459899902344,0.9314962660982495
831,False,8,8588,0.40573740005493164,0.8841940934459368
832,False,8,8589,0.4192211627960205,0.8867292347408476
833,False,8,8590,0.40647125244140625,0.8772841895974818
834,False,8,8591,0.40942835807800293,0.913010706504186
835,False,8,8592,0.4389197826385498,0.843164947859588
836,False,8,8593,0.40789222717285156,0.9024550254855838
837,False,8,8594,0.4443831443786621,0.9084573002266031
838,False,8,8595,0.42215490341186523,0.9157599941605611
839,False,8,8596,0.408031702041626,0.8933114547814642
840,False,8,8597,0.42975354194641113,0.8800962794394721
841,False,8,8598,0.408613920211792,0.8520233742892742
842,False,8,8599,0.409895658493042,0.9159838759473392
843,True,8,8600,0.47567105293273926,0.8778229135842551
844,False,8,8601,0.4047684669494629,0.9309880272263572
845,False,8,8602,0.41971516609191895,0.9392768506492889
846,False,8,8603,0.4068586826324463,0.8953946764980044
847,False,8,8604,0.41932034492492676,0.9261993084635052
848,False,8,8605,0.40958571434020996,0.9146305067198617
849,False,8,8606,0.4384491443634033,0.9943810098227998
850,False,8,8607,0.42078471183776855,0.9308405894608724
851,False,8,8608,0.40987730026245117,0.8929039275362377
852,False,8,8609,0.4064748287200928,0.8939796537160873
853,False,8,8610,0.4081733226776123,0.9360765154872622
854,False,8,8611,0.4072444438934326,0.8907460062986328
855,False,8,8612,0.43715882301330566,0.8697910745229039
856,False,8,8613,0.40680527687072754,0.861598850006149
857,False,8,8614,0.42305898666381836,0.9399110830965498
858,False,8,8615,0.42182016372680664,0.9130889807960816
859,False,8,8616,0.422562837600708,0.8982974354709897
860,False,8,8617,0.4095478057861328,0.88253065127702
861,False,8,8618,0.4211540222167969,0.8688619337266401
862,False,8,8619,0.4076991081237793,0.891278253779525
863,False,8,8620,0.4219169616699219,0.8546227752452803
864,False,8,8621,0.4070420265197754,0.9131314424531801
865,False,8,8622,0.42626404762268066,0.9437279445784432
866,False,8,8623,0.40826416015625,0.8692597172089986
867,False,8,8624,0.4207282066345215,0.8815897671239716
868,False,8,8625,0.4087817668914795,0.9647820237137021
869,False,8,8626,0.4181859493255615,0.8640478164667175
870,False,8,8627,0.4095573425292969,0.9042716135403939
871,False,8,8628,0.42054009437561035,0.8949417152575084
872,False,8,8629,0.4087824821472168,0.8784618284553289
873,False,8,8630,0.40651893615722656,0.9112463022271794
874,False,8,8631,0.4133872985839844,0.87560054234096
875,False,8,8632,0.40735411643981934,0.899004286243802
876,False,8,8633,0.4219965934753418,0.8952403998091109
877,False,8,8634,0.42211127281188965,0.8972271801460356
878,False,8,8635,0.4079155921936035,0.8877949657894315
879,False,8,8636,0.4241495132446289,0.9252601329769407
880,False,8,8637,0.431201696395874,0.9427993224845046
881,False,8,8638,0.4208705425262451,0.9158726203299703
882,False,8,8639,0.40825319290161133,0.9127750609602245
883,False,8,8640,0.45227551460266113,0.9523459460054126
884,False,8,8641,0.40698742866516113,0.8808855307953699
885,False,8,8642,0.40878844261169434,0.88974637662371
886,False,8,8643,0.45337986946105957,0.8876722366327333
887,False,8,8644,0.40790653228759766,0.8758690172717685
888,False,8,8645,0.4227616786956787,0.8740699905015173
889,False,8,8646,0.43021678924560547,0.9035534613898824
890,False,8,8647,0.40871095657348633,0.8724526034756784
891,False,8,8648,0.4226677417755127,0.8551728061976888
892,False,8,8649,0.4075617790222168,0.9120861314946695
893,False,8,8650,0.45223021507263184,0.9163975538242431
894,False,8,8651,0.4074127674102783,0.95461710861751
895,False,8,8652,0.44235825538635254,0.8953281087534768
896,False,8,8653,0.45411133766174316,0.8992580098233054
897,False,8,8654,0.4091954231262207,0.8446432501077652
898,False,8,8655,0.4503052234649658,0.8637908381365594
899,False,8,8656,0.40952229499816895,0.9502585140012559
900,False,8,8657,0.4413571357727051,0.9267906489826386
901,False,8,8658,0.4095330238342285,0.8944997542670794
902,False,8,8659,0.4090127944946289,0.8538199439644812
903,False,8,8660,0.444751501083374,0.8942938180906432
904,False,8,8661,0.4195899963378906,0.9330631515809469
905,False,8,8662,0.40834879875183105,0.9147037296068099
906,False,8,8663,0.43143558502197266,0.8840025289072878
907,False,8,8664,0.4074361324310303,0.8820424596113821
908,False,8,8665,0.42244505882263184,0.9403640173730398
909,False,8,8666,0.40897440910339355,0.9216895195699873
910,False,8,8667,0.41922616958618164,0.8756844227512677
911,False,8,8668,0.40843796730041504,0.9320316197616714
912,False,8,8669,0.4239025115966797,0.9447380744275592
913,False,8,8670,0.4229404926300049,0.9277039986281169
914,False,8,8671,0.40938735008239746,0.9081647303842364
915,False,8,8672,0.40644097328186035,0.8439962423983075
916,False,8,8673,0.42476463317871094,0.8935861278857504
917,False,8,8674,0.40752553939819336,0.8564131389416401
918,False,8,8675,0.44225049018859863,0.9326090230828241
919,False,8,8676,0.40889978408813477,0.9131312969894635
920,False,8,8677,0.4213447570800781,0.8778470243726457
921,False,8,8678,0.4242818355560303,0.9393460055192311
922,False,8,8679,0.40584731101989746,0.8850586203237375
923,False,8,8680,0.41080379486083984,0.9047431832268125
924,False,8,8681,0.4127390384674072,0.8821218266550983
925,False,8,8682,0.4232299327850342,0.8837073328239577
926,False,8,8683,0.40914249420166016,0.8577679189897718
927,False,8,8684,0.4214668273925781,0.916057913785889
928,False,8,8685,0.4080171585083008,0.9005093255213329
929,False,8,8686,0.4222981929779053,0.880029558248463
930,False,8,8687,0.42182445526123047,0.8644761599245525
931,False,8,8688,0.40676236152648926,0.8551143067223684
932,False,8,8689,0.4218161106109619,0.9046397031772704
933,False,8,8690,0.4225149154663086,0.9261177955638793
934,False,8,8691,0.41557836532592773,0.8489387645607903
935,False,8,8692,0.4077260494232178,0.94799040861073
936,False,8,8693,0.40660738945007324,0.8816285557335332
937,False,8,8694,0.4139518737792969,0.8927065471098536
938,False,8,8695,0.4075024127960205,0.9473360652724901
939,False,8,8696,0.4294416904449463,0.8851725345566159
940,False,8,8697,0.4070093631744385,0.8855929509514855
941,False,8,8698,0.4188380241394043,0.8819947115012577
942,False,8,8699,0.40677762031555176,0.8399511047062419
943,True,8,8700,0.4593818187713623,0.8424476887143795
944,False,8,8701,0.41366147994995117,0.9609705550330024
945,False,8,8702,0.4072127342224121,0.9428125456685111
946,False,8,8703,0.4392678737640381,0.8978989741631916
947,False,8,8704,0.4190218448638916,0.9260505480425698
948,False,8,8705,0.40740323066711426,0.932365439477421
949,False,8,8706,0.447598934173584,0.9014024550006505
950,False,8,8707,0.40746569633483887,0.8815574010922794
951,False,8,8708,0.4067387580871582,0.9043175095603578
952,False,8,8709,0.4534735679626465,0.9020117542573383
953,False,8,8710,0.4074971675872803,0.9573297202587129
954,False,8,8711,0.4215371608734131,0.8654454229843049
955,False,8,8712,0.4157264232635498,0.8811210833844683
956,False,8,8713,0.40622544288635254,0.9027694612741469
957,False,8,8714,0.4210371971130371,0.8974047150640261
958,False,8,8715,0.40735483169555664,0.900525403874261
959,False,8,8716,0.45095276832580566,0.9373607947712854
960,False,8,8717,0.4171574115753174,0.9072907371889977
961,False,8,8718,0.43120336532592773,0.900315996082056
962,False,8,8719,0.4203779697418213,0.9203892265047345
963,False,8,8720,0.43723630905151367,0.9197917538029807
964,False,8,8721,0.4076211452484131,0.9105211453778405
965,False,8,8722,0.4084129333496094,0.902595148820962
966,False,8,8723,0.43466901779174805,0.9152367058254425
967,False,8,8724,0.424957275390625,0.9176211917684194
968,False,8,8725,0.4092249870300293,0.8775918999952929
969,False,8,8726,0.4379258155822754,0.9012286359710353
970,False,8,8727,0.4225733280181885,0.9389300750834602
971,False,8,8728,0.40726566314697266,0.931286960130646
972,False,8,8729,0.4437124729156494,0.9030399422737815
973,False,8,8730,0.40743136405944824,0.9534149971746263
974,False,8,8731,0.40794944763183594,0.9066695656095233
975,False,8,8732,0.44045376777648926,0.9148940694119249
976,False,8,8733,0.4058690071105957,0.8735298291735706
977,False,8,8734,0.4207329750061035,0.8984624849898477
978,False,8,8735,0.40642619132995605,0.884816831066495
979,False,8,8736,0.4287760257720947,0.88810221886351
980,False,8,8737,0.42401766777038574,0.8976599808250154
981,False,8,8738,0.4227113723754883,0.9179034559499649
982,False,8,8739,0.4230308532714844,0.8998945511522745
983,False,8,8740,0.4064669609069824,0.9496783145836419
984,False,8,8741,0.42112135887145996,0.8919082324774493
985,False,8,8742,0.40813565254211426,0.8991696323667254
986,False,8,8743,0.4190847873687744,0.8893638015502974
987,False,8,8744,0.4066908359527588,0.8993370921484064
988,False,8,8745,0.4068162441253662,0.8652298191473599
989,False,8,8746,0.4105360507965088,0.8510638791180792
990,False,8,8747,0.4071333408355713,0.9344867851052966
991,False,8,8748,0.4492814540863037,0.912069134414196
992,False,8,8749,0.40636157989501953,0.9187794689621244
993,False,8,8750,0.4218287467956543,0.9018480082352958
994,False,8,8751,0.43553614616394043,0.8688122708173027
995,False,8,8752,0.4199330806732178,0.9051418283155986
996,False,8,8753,0.4179196357727051,0.900080171369371
997,False,8,8754,0.45557641983032227,0.876945235544727
998,False,8,8755,0.40895795822143555,0.8755444416864995
999,False,8,8756,0.4225282669067383,0.9209685183706738
1000,False,8,8757,0.4382011890411377,0.8775434710440181
1001,False,8,8758,0.4219343662261963,0.8818840998269262
1002,False,8,8759,0.40715718269348145,0.8908193051105454
1003,False,8,8760,0.4400157928466797,0.8983108518379075
1004,False,8,8761,0.4213428497314453,0.8874336851849444
1005,False,8,8762,0.40665602684020996,0.9038257751436463
1006,False,8,8763,0.4349081516265869,0.8645193083655266
1007,False,8,8764,0.4107682704925537,0.9215645932015918
1008,False,8,8765,0.4230673313140869,0.9428647777863913
1009,False,8,8766,0.4222903251647949,0.895473148496378
1010,False,8,8767,0.4076824188232422,0.9083001155938419
1011,False,8,8768,0.41945910453796387,0.9050669966354257
1012,False,8,8769,0.4058651924133301,0.9552768798811097
1013,False,8,8770,0.4190211296081543,0.8736350011257897
1014,False,8,8771,0.4077897071838379,0.914425135013603
1015,False,8,8772,0.42000412940979004,0.8564668485806102
1016,False,8,8773,0.44094276428222656,0.9522054954653696
1017,False,8,8774,0.4079153537750244,0.8726121840022859
1018,False,8,8775,0.4206199645996094,0.9254493103140877
1019,False,8,8776,0.4410367012023926,0.9148957278756867
1020,False,8,8777,0.42060208320617676,0.8822349042055152
1021,False,8,8778,0.4059302806854248,0.9714616522902533
1022,False,8,8779,0.4071471691131592,0.9016927814199811
1023,False,8,8780,0.42331862449645996,0.9002629823627926
1024,False,8,8781,0.43901538848876953,0.891590046385924
1025,False,8,8782,0.40674829483032227,0.9437049676974614
1026,False,8,8783,0.44400763511657715,0.8572514090864433
1027,False,8,8784,0.4047815799713135,0.9001466369345074
1028,False,8,8785,0.4244406223297119,0.8767729194036552
1029,False,8,8786,0.407869815826416,0.8810250514319967
1030,False,8,8787,0.41948938369750977,0.883064476152261
1031,False,8,8788,0.40764307975769043,0.8756166167912027
1032,False,8,8789,0.41789722442626953,0.8804796565146672
1033,False,8,8790,0.4079601764678955,0.8524751592250097
1034,False,8,8791,0.4207472801208496,0.8914379143998735
1035,False,8,8792,0.4194610118865967,0.890712384311926
1036,False,8,8793,0.4053184986114502,0.8505461893620946
1037,False,8,8794,0.41021132469177246,0.9205403349229268
1038,False,8,8795,0.4070756435394287,0.9009784204619269
1039,False,8,8796,0.40709948539733887,0.9260220442499433
1040,False,8,8797,0.418673038482666,0.8705322705209256
1041,False,8,8798,0.4049053192138672,0.895408330041738
1042,False,8,8799,0.4490346908569336,0.9019367872249513
1043,True,8,8800,0.44551634788513184,0.8631641474508102
1044,False,8,8801,0.40467309951782227,0.8723651993842353
1045,False,8,8802,0.4483346939086914,0.8995820369039264
1046,False,8,8803,0.40637874603271484,0.8716723798286345
1047,False,8,8804,0.41734981536865234,0.9420561286665143
1048,False,8,8805,0.45067286491394043,0.9181215096087683
1049,False,8,8806,0.4074523448944092,0.9129245543763752
1050,False,8,8807,0.4195132255554199,0.9333350984823136
1051,False,8,8808,0.4367656707763672,0.9066223218327476
1052,False,8,8809,0.40816235542297363,0.89950183956396
1053,False,8,8810,0.42391514778137207,0.9052298487651917
1054,False,8,8811,0.43924427032470703,0.9195420614310673
1055,False,8,8812,0.4277477264404297,0.9206670210475014
1056,False,8,8813,0.4069366455078125,0.9084658668864342
1057,False,8,8814,0.4544670581817627,0.9146341042859213
1058,False,8,8815,0.4076809883117676,0.8697813108031237
1059,False,8,8816,0.40642428398132324,0.9294398359599566
1060,False,8,8817,0.42636990547180176,0.894746347552254
1061,False,8,8818,0.4186069965362549,0.8835478620160194
1062,False,8,8819,0.4087834358215332,0.8686400240375882
1063,False,8,8820,0.4080953598022461,0.9166835596164069
1064,False,8,8821,0.40580058097839355,0.9245265495209467
1065,False,8,8822,0.4260563850402832,0.9002473683406909
1066,False,8,8823,0.4078338146209717,0.9324438444205693
1067,False,8,8824,0.4226703643798828,0.870255882896128
1068,False,8,8825,0.40922999382019043,0.8914586891021048
1069,False,8,8826,0.42183470726013184,0.9029876792005128
1070,False,8,8827,0.4078531265258789,0.8828268806849208
1071,False,8,8828,0.4212355613708496,0.8488081296284993
1072,False,8,8829,0.40641355514526367,0.8927473021405085
1073,False,8,8830,0.4476888179779053,0.8981133976152966
1074,False,8,8831,0.4221832752227783,0.89892011969572
1075,False,8,8832,0.405742883682251,0.9134016015699932
1076,False,8,8833,0.43813085556030273,0.8793993706681897
1077,False,8,8834,0.4213595390319824,0.8876109694441159
1078,False,8,8835,0.4087045192718506,0.8732798975848016
1079,False,8,8836,0.44840407371520996,0.9028909848559473
1080,False,8,8837,0.40704965591430664,0.9008522122388795
1081,False,8,8838,0.40995192527770996,0.876237249090558
1082,False,8,8839,0.42209863662719727,0.8713610435702971
1083,False,8,8840,0.4077780246734619,0.9074541805755525
1084,False,8,8841,0.42492032051086426,0.8701851077023007
1085,False,8,8842,0.4066588878631592,0.8708331950363658
1086,False,8,8843,0.45090508460998535,0.9162963256239891
1087,False,8,8844,0.4084928035736084,0.8905815340223767
1088,False,8,8845,0.43714094161987305,0.8958061848367963
1089,False,8,8846,0.4101071357727051,0.873425747134856
1090,False,8,8847,0.4498896598815918,0.9136144834614937
1091,False,8,8848,0.40535950660705566,0.8829309166896909
1092,False,8,8849,0.42154455184936523,0.8795688201983769
1093,False,8,8850,0.4342186450958252,0.8760983323057492
1094,False,8,8851,0.41974902153015137,0.8677827698134242
1095,False,8,8852,0.4052271842956543,0.8579917323021663
1096,False,8,8853,0.43693995475769043,0.9206740210453671
1097,False,8,8854,0.42162322998046875,0.8709085808978195
1098,False,8,8855,0.4070265293121338,0.9335166350716636
1099,False,8,8856,0.4424474239349365,0.91124560435613
1100,False,8,8857,0.4076254367828369,0.896944292244457
1101,False,8,8858,0.4137086868286133,0.9224328852835155
1102,False,8,8859,0.44442248344421387,0.9295081808453514
1103,False,8,8860,0.40886545181274414,0.907761291024231
1104,False,8,8861,0.4121396541595459,0.8800471733723368
1105,False,8,8862,0.406857967376709,0.8269816190004349
1106,False,8,8863,0.4074981212615967,0.8877464224185265
1107,False,8,8864,0.32173657417297363,0.9056000021241961
0,False,9,8865,0.41025304794311523,0.8625681797663369
1,False,9,8866,0.4223339557647705,0.8751111138789426
2,False,9,8867,0.4548766613006592,0.8667344879359007
3,False,9,8868,0.4076669216156006,0.9065793479482336
4,False,9,8869,0.4216492176055908,0.896434552612759
5,False,9,8870,0.44237589836120605,0.862172348779582
6,False,9,8871,0.40877676010131836,0.8686731917162739
7,False,9,8872,0.41030144691467285,0.902522915885562
8,False,9,8873,0.4094715118408203,0.8518578562708129
9,False,9,8874,0.4243507385253906,0.8871464530626934
10,False,9,8875,0.4076576232910156,0.8689255359626951
11,False,9,8876,0.42206501960754395,0.90949598770766
12,False,9,8877,0.40760064125061035,0.9665505744162061
13,False,9,8878,0.4239826202392578,0.877679449816545
14,False,9,8879,0.4055802822113037,0.8427463046142033
15,False,9,8880,0.44555091857910156,0.8575791723671411
16,False,9,8881,0.42168188095092773,0.9049154928042777
17,False,9,8882,0.40966105461120605,0.8889355694963818
18,False,9,8883,0.448667049407959,0.9035039693117141
19,False,9,8884,0.40815258026123047,0.8938440396672201
20,False,9,8885,0.409334659576416,0.8786129185131616
21,False,9,8886,0.41466546058654785,0.8805667216933909
22,False,9,8887,0.431168794631958,0.8640682975805941
23,False,9,8888,0.42504048347473145,0.8914857818966822
24,False,9,8889,0.4093911647796631,0.9013379753700324
25,False,9,8890,0.44077205657958984,0.8835793543784389
26,False,9,8891,0.40663909912109375,0.8700803741812706
27,False,9,8892,0.4191145896911621,0.8449553921818734
28,False,9,8893,0.42041993141174316,0.8961853630663382
29,False,9,8894,0.4069962501525879,0.86990254620711
30,False,9,8895,0.4084305763244629,0.8525947272067977
31,False,9,8896,0.4080536365509033,0.9043885998073078
32,False,9,8897,0.4332735538482666,0.8690591624804905
33,False,9,8898,0.4196655750274658,0.9032614575255484
34,False,9,8899,0.40679001808166504,0.8744968764838716
35,True,9,8900,0.49258852005004883,0.8848704766659509
36,False,9,8901,0.42377185821533203,0.9391038055930818
37,False,9,8902,0.40531468391418457,0.909605479666165
38,False,9,8903,0.4490668773651123,0.915147398908933
39,False,9,8904,0.4067106246948242,0.9383761598950341
40,False,9,8905,0.4241321086883545,0.9619725204649429
41,False,9,8906,0.4499177932739258,0.8782383387997037
42,False,9,8907,0.40947508811950684,0.8518279620579313
43,False,9,8908,0.4212944507598877,0.9304235087973728
44,False,9,8909,0.4407165050506592,0.8792314611020542
45,False,9,8910,0.40859413146972656,0.894964174145744
46,False,9,8911,0.4217214584350586,0.9165996242137184
47,False,9,8912,0.4383876323699951,0.8681668539841967
48,False,9,8913,0.42076802253723145,0.8798094358117807
49,False,9,8914,0.420698881149292,0.9078173598363285
50,False,9,8915,0.44661855697631836,0.9044792914674398
51,False,9,8916,0.40653133392333984,0.8600286720764069
52,False,9,8917,0.40877413749694824,0.8831772775877091
53,False,9,8918,0.40796637535095215,0.8523496886094412
54,False,9,8919,0.41933560371398926,0.91392039117359
55,False,9,8920,0.41011476516723633,0.9445148349872656
56,False,9,8921,0.408480167388916,0.9075946822052909
57,False,9,8922,0.41527342796325684,0.8866027231727329
58,False,9,8923,0.42374181747436523,0.8787690472035182
59,False,9,8924,0.4048745632171631,0.8976895017992882
60,False,9,8925,0.4451313018798828,0.9080188043770338
61,False,9,8926,0.40396833419799805,0.882577277365185
62,False,9,8927,0.42026782035827637,0.8314907345033827
63,False,9,8928,0.4482598304748535,0.8797413142664091
64,False,9,8929,0.40524721145629883,0.8784871644207408
65,False,9,8930,0.4216029644012451,0.8675398141855285
66,False,9,8931,0.43564271926879883,0.8787526318005153
67,False,9,8932,0.4205329418182373,0.8801532440951894
68,False,9,8933,0.4235970973968506,0.9257689263849032
69,False,9,8934,0.4387633800506592,0.8805493925298963
70,False,9,8935,0.4078483581542969,0.8847804002109029
71,False,9,8936,0.4227273464202881,0.8873567655682563
72,False,9,8937,0.4404757022857666,0.8531838620879819
73,False,9,8938,0.42093348503112793,0.887077606150082
74,False,9,8939,0.4070436954498291,0.886783631074996
75,False,9,8940,0.44812846183776855,0.8813578422580446
76,False,9,8941,0.4230201244354248,0.9076405586231323
77,False,9,8942,0.4078490734100342,0.9022266829297655
78,False,9,8943,0.4206423759460449,0.873283550852821
79,False,9,8944,0.4379153251647949,0.8444594168769463
80,False,9,8945,0.4221363067626953,0.8911856416435471
81,False,9,8946,0.42019081115722656,0.8711802065372467
82,False,9,8947,0.43704915046691895,0.8720872558298565
83,False,9,8948,0.40595531463623047,0.8950941819875013
84,False,9,8949,0.40651845932006836,0.9011992861827214
85,False,9,8950,0.42214536666870117,0.8657197342032478
86,False,9,8951,0.42275285720825195,0.8653257612493775
87,False,9,8952,0.44020676612854004,0.9216797972718876
88,False,9,8953,0.4172663688659668,0.9174680106696628
89,False,9,8954,0.4509098529815674,0.8902081939436142
90,False,9,8955,0.4063568115234375,0.8767579753129255
91,False,9,8956,0.42391347885131836,0.8562847033497835
92,False,9,8957,0.40729331970214844,0.9319695489747184
93,False,9,8958,0.4207634925842285,0.8624493373291832
94,False,9,8959,0.42163658142089844,0.9051798589172817
95,False,9,8960,0.4071629047393799,0.8772343971899579
96,False,9,8961,0.4193110466003418,0.8725152976278747
97,False,9,8962,0.40832042694091797,0.8785484936975297
98,False,9,8963,0.4205288887023926,0.8758125411612645
99,False,9,8964,0.40929317474365234,0.9025676051775614
100,False,9,8965,0.42110347747802734,0.9216944028933843
101,False,9,8966,0.4067564010620117,0.8637511430396921
102,False,9,8967,0.4142730236053467,0.8781892047041936
103,False,9,8968,0.40782618522644043,0.8769649731970968
104,False,9,8969,0.41020989418029785,0.8712679708287828
105,False,9,8970,0.4348578453063965,0.9207380626882823
106,False,9,8971,0.40802431106567383,0.8862279987051374
107,False,9,8972,0.42258763313293457,0.8637726892318042
108,False,9,8973,0.4551713466644287,0.8978617446763177
109,False,9,8974,0.40932273864746094,0.8631321993612108
110,False,9,8975,0.42273736000061035,0.8999790506703513
111,False,9,8976,0.43283605575561523,0.9563375612099965
112,False,9,8977,0.42200422286987305,0.9112099671647663
113,False,9,8978,0.4070906639099121,0.8799987751103582
114,False,9,8979,0.44333648681640625,0.8903737309433164
115,False,9,8980,0.42360496520996094,0.8450914681667372
116,False,9,8981,0.40707898139953613,0.9083984905765168
117,False,9,8982,0.43775463104248047,0.8759494171965689
118,False,9,8983,0.40599966049194336,0.9003899430944806
119,False,9,8984,0.4088928699493408,0.9263075270823071
120,False,9,8985,0.42040228843688965,0.896246047956603
121,False,9,8986,0.4076404571533203,0.9222212554443451
122,False,9,8987,0.4222290515899658,0.8773139225585123
123,False,9,8988,0.40854597091674805,0.8640272733533666
124,False,9,8989,0.4205505847930908,0.9466006915484158
125,False,9,8990,0.40830564498901367,0.880417813502607
126,False,9,8991,0.41832637786865234,0.8554141434530417
127,False,9,8992,0.40676426887512207,0.8928640491905666
128,False,9,8993,0.4065971374511719,0.8503701928116028
129,False,9,8994,0.41032862663269043,0.8558924971591857
130,False,9,8995,0.40647268295288086,0.8674740911949249
131,False,9,8996,0.40990209579467773,0.8780196206200691
132,False,9,8997,0.40671682357788086,0.895727562762442
133,False,9,8998,0.45030879974365234,0.8861981162003106
134,False,9,8999,0.42141246795654297,0.8372532244594322
135,True,9,9000,0.4469020366668701,0.8628123344055245
136,False,9,9001,0.4365692138671875,0.9104450157000905
137,False,9,9002,0.4228932857513428,0.9231742712713421
138,False,9,9003,0.4071004390716553,0.9173355315412796
139,False,9,9004,0.4864058494567871,0.8545300474479084
140,False,9,9005,0.40573930740356445,0.8795493440259068
141,False,9,9006,0.42034173011779785,0.8516617098024911
142,False,9,9007,0.4442152976989746,0.9077880893434797
143,False,9,9008,0.40645432472229004,0.869880369021779
144,False,9,9009,0.40738630294799805,0.9034327900125865
145,False,9,9010,0.40625548362731934,0.8761596344411373
146,False,9,9011,0.44962573051452637,0.9130035354977561
147,False,9,9012,0.4231114387512207,0.9294723882561639
148,False,9,9013,0.4081282615661621,0.8874872759694146
149,False,9,9014,0.4501166343688965,0.9154790696643648
150,False,9,9015,0.4054744243621826,0.8609452194401196
151,False,9,9016,0.4359571933746338,0.8846553287335805
152,False,9,9017,0.4246103763580322,0.9246048444793339
153,False,9,9018,0.43738317489624023,0.8749582363026481
154,False,9,9019,0.4192044734954834,0.9025069808676129
155,False,9,9020,0.40653228759765625,0.8417693083839758
156,False,9,9021,0.43220996856689453,0.8981642492470289
157,False,9,9022,0.4070887565612793,0.8914400899694079
158,False,9,9023,0.4088003635406494,0.8595474655074733
159,False,9,9024,0.42076873779296875,0.9399023396628242
160,False,9,9025,0.42227745056152344,0.8478955282341868
161,False,9,9026,0.40758180618286133,0.8997043502472695
162,False,9,9027,0.42728710174560547,0.8452840050061544
163,False,9,9028,0.406343936920166,0.8813415886390776
164,False,9,9029,0.4197196960449219,0.8704578447200003
165,False,9,9030,0.4241313934326172,0.8491486977963221
166,False,9,9031,0.4051182270050049,0.8550075961365586
167,False,9,9032,0.4085876941680908,0.8646226175838992
168,False,9,9033,0.4046034812927246,0.85424913253103
169,False,9,9034,0.44713878631591797,0.845494979549022
170,False,9,9035,0.4051980972290039,0.8582811579995212
171,False,9,9036,0.4203989505767822,0.8984883172171457
172,False,9,9037,0.45359063148498535,0.8536171483851615
173,False,9,9038,0.40747499465942383,0.9303115428913207
174,False,9,9039,0.41747522354125977,0.8916635704005047
175,False,9,9040,0.4496278762817383,0.885766042839913
176,False,9,9041,0.4073169231414795,0.9048340278012411
177,False,9,9042,0.42470455169677734,0.8721683293226219
178,False,9,9043,0.43380022048950195,0.9111843286525635
179,False,9,9044,0.42046308517456055,0.9751578093994231
180,False,9,9045,0.4049849510192871,0.8702812097257091
181,False,9,9046,0.4436042308807373,0.8452874752027648
182,False,9,9047,0.42122817039489746,0.8843677036819005
183,False,9,9048,0.4071807861328125,0.8914007090386891
184,False,9,9049,0.45134758949279785,0.8753030681539149
185,False,9,9050,0.4072279930114746,0.8471481871037256
186,False,9,9051,0.41628336906433105,0.8622846798527809
187,False,9,9052,0.4419984817504883,0.8572253066869009
188,False,9,9053,0.4058854579925537,0.8416274679558619
189,False,9,9054,0.4178793430328369,0.8635800997061389
190,False,9,9055,0.40595149993896484,0.9108450118274916
191,False,9,9056,0.40673208236694336,0.8737669090429941
192,False,9,9057,0.40773534774780273,0.8486370728129432
193,False,9,9058,0.40720248222351074,0.8747684441152074
194,False,9,9059,0.42371034622192383,0.8275817753303618
195,False,9,9060,0.40881919860839844,0.869190335805927
196,False,9,9061,0.42260265350341797,0.8556502535939219
197,False,9,9062,0.40720510482788086,0.8744181490370206
198,False,9,9063,0.42208123207092285,0.8698559885933285
199,False,9,9064,0.4198434352874756,0.90164229344754
200,False,9,9065,0.4064643383026123,0.8766406558099247
201,False,9,9066,0.4221930503845215,0.8676459760892958
202,False,9,9067,0.4112691879272461,0.8142550511374361
203,False,9,9068,0.4192049503326416,0.8423200771212579
204,False,9,9069,0.4095180034637451,0.8549997859767504
205,False,9,9070,0.4066457748413086,0.8748005075114115
206,False,9,9071,0.44823479652404785,0.8839229529812223
207,False,9,9072,0.40827155113220215,0.8828211422300055
208,False,9,9073,0.419140100479126,0.8672662327686945
209,False,9,9074,0.4383511543273926,0.8931250245798205
210,False,9,9075,0.40642404556274414,0.8892386804024378
211,False,9,9076,0.407360315322876,0.8859276799928576
212,False,9,9077,0.4151625633239746,0.8784860674114454
213,False,9,9078,0.4071948528289795,0.9091160914727621
214,False,9,9079,0.45006322860717773,0.8211103039128439
215,False,9,9080,0.4078483581542969,0.879901898758752
216,False,9,9081,0.44557857513427734,0.9311710369019285
217,False,9,9082,0.40750622749328613,0.8617040983268192
218,False,9,9083,0.4093921184539795,0.9070791269519498
219,False,9,9084,0.42050671577453613,0.860795502861341
220,False,9,9085,0.4039881229400635,0.8079057985118457
221,False,9,9086,0.4224710464477539,0.8874981016630218
222,False,9,9087,0.4078409671783447,0.9124321671468871
223,False,9,9088,0.4227273464202881,0.8655406619821276
224,False,9,9089,0.43846797943115234,0.9008207938500813
225,False,9,9090,0.42037510871887207,0.8776215263420628
226,False,9,9091,0.4369490146636963,0.8728105848034223
227,False,9,9092,0.40720391273498535,0.8643091076186726
228,False,9,9093,0.41985297203063965,0.9006746533725942
229,False,9,9094,0.4378035068511963,0.9047123044729233
230,False,9,9095,0.40789151191711426,0.8954794087580271
231,False,9,9096,0.4224121570587158,0.849198476899238
232,False,9,9097,0.4323599338531494,0.8684967965597199
233,False,9,9098,0.4197874069213867,0.8356108669014203
234,False,9,9099,0.4073021411895752,0.89438681943076
235,True,9,9100,0.47347426414489746,0.9065444214003429
236,False,9,9101,0.42110562324523926,0.9110338063467116
237,False,9,9102,0.40608930587768555,0.8949695633990423
238,False,9,9103,0.4478740692138672,0.9175495966559365
239,False,9,9104,0.42105746269226074,0.9341752805880138
240,False,9,9105,0.40833353996276855,0.9322771486781892
241,False,9,9106,0.4373483657836914,0.9297609609507379
242,False,9,9107,0.4217245578765869,0.9461181901750111
243,False,9,9108,0.40553951263427734,0.8908224760421685
244,False,9,9109,0.44580602645874023,0.8915259000800905
245,False,9,9110,0.40712475776672363,0.9782214952366693
246,False,9,9111,0.4085075855255127,0.9316193688483465
247,False,9,9112,0.4220702648162842,1.0000395001400084
248,False,9,9113,0.4056215286254883,0.9257526454471405
249,False,9,9114,0.41799259185791016,0.8550315470922562
250,False,9,9115,0.42215418815612793,0.8775331605048408
251,False,9,9116,0.42012715339660645,0.9189250593384105
252,False,9,9117,0.42183947563171387,0.8907158000483401
253,False,9,9118,0.42351698875427246,0.8874897112449012
254,False,9,9119,0.4183018207550049,0.8939997525442213
255,False,9,9120,0.4086117744445801,0.8805752227171546
256,False,9,9121,0.4242520332336426,0.9057248220557258
257,False,9,9122,0.4205195903778076,0.8777150660753252
258,False,9,9123,0.408097505569458,0.885068586894444
259,False,9,9124,0.4332702159881592,0.8818529498364245
260,False,9,9125,0.4045259952545166,0.8933759502002172
261,False,9,9126,0.4192647933959961,0.9098385246027083
262,False,9,9127,0.40573787689208984,0.9093399697116444
263,False,9,9128,0.42062807083129883,0.9118342286064511
264,False,9,9129,0.4088618755340576,0.9734129032918384
265,False,9,9130,0.40851664543151855,0.8980200993163245
266,False,9,9131,0.421036958694458,0.8478144331879558
267,False,9,9132,0.40553760528564453,0.8596338533929416
268,False,9,9133,0.4059600830078125,0.8899564895601499
269,False,9,9134,0.45096468925476074,0.8977005353995732
270,False,9,9135,0.4063553810119629,0.9263497768413452
271,False,9,9136,0.42223024368286133,0.8903108782001903
272,False,9,9137,0.4391770362854004,0.8806453129897512
273,False,9,9138,0.4188990592956543,0.8739030151849702
274,False,9,9139,0.40648388862609863,0.8818125476439794
275,False,9,9140,0.4070549011230469,0.9150740781000681
276,False,9,9141,0.40535402297973633,0.8846624741951623
277,False,9,9142,0.44549083709716797,0.8989356985049589
278,False,9,9143,0.42104220390319824,0.9346144170988173
279,False,9,9144,0.44304704666137695,0.9540840167374839
280,False,9,9145,0.40514492988586426,0.8656007438188507
281,False,9,9146,0.41995930671691895,0.8822699047270274
282,False,9,9147,0.40690016746520996,0.8756602567931017
283,False,9,9148,0.41790056228637695,0.8145208477619147
284,False,9,9149,0.4065694808959961,0.9032670954863231
285,False,9,9150,0.406846284866333,0.9419122104133878
286,False,9,9151,0.44254446029663086,0.9090307745195572
287,False,9,9152,0.405855655670166,0.8394122450124648
288,False,9,9153,0.41837477684020996,0.8675827948110445
289,False,9,9154,0.43732500076293945,0.9195747449994085
290,False,9,9155,0.4220426082611084,0.9206069757541021
291,False,9,9156,0.4199655055999756,0.9002869877786863
292,False,9,9157,0.4321274757385254,0.8958082717089426
293,False,9,9158,0.4072866439819336,0.8905319770177205
294,False,9,9159,0.4101588726043701,0.8764395277415001
295,False,9,9160,0.43506646156311035,0.8696931905689693
296,False,9,9161,0.4231131076812744,0.9221412794930595
297,False,9,9162,0.40433359146118164,0.888925778191714
298,False,9,9163,0.4500281810760498,0.8889663169781368
299,False,9,9164,0.4067540168762207,0.8635463035177617
300,False,9,9165,0.4051990509033203,0.9070090718922161
301,False,9,9166,0.44022107124328613,0.8294041593159946
302,False,9,9167,0.4050414562225342,0.8389235993048976
303,False,9,9168,0.40897488594055176,0.8401795238966036
304,False,9,9169,0.4330627918243408,0.9184776572954088
305,False,9,9170,0.40831422805786133,0.9067321958996001
306,False,9,9171,0.4278271198272705,0.9001563915184566
307,False,9,9172,0.4064905643463135,0.8988024056667372
308,False,9,9173,0.44627833366394043,0.9191637010801407
309,False,9,9174,0.40722107887268066,0.9115914312146957
310,False,9,9175,0.4200878143310547,0.8828245433313506
311,False,9,9176,0.43412327766418457,0.9069320885908035
312,False,9,9177,0.4087958335876465,0.9153494600738799
313,False,9,9178,0.4231553077697754,0.8919502720236779
314,False,9,9179,0.4333791732788086,0.9075188636779785
315,False,9,9180,0.41901469230651855,0.9266164192841168
316,False,9,9181,0.40742015838623047,0.9410948664659545
317,False,9,9182,0.4531714916229248,0.9130308592603319
318,False,9,9183,0.40899205207824707,0.9295159095809573
319,False,9,9184,0.405972957611084,0.8830134322245915
320,False,9,9185,0.4392101764678955,0.9137129577852432
321,False,9,9186,0.42177510261535645,0.8973169802200228
322,False,9,9187,0.40812206268310547,0.8959831395851714
323,False,9,9188,0.4279353618621826,0.8605772675502867
324,False,9,9189,0.40439939498901367,0.8625497542144288
325,False,9,9190,0.40924525260925293,0.9157254099845887
326,False,9,9191,0.40770888328552246,0.8934078631656511
327,False,9,9192,0.4081394672393799,0.9096303795065198
328,False,9,9193,0.4175570011138916,0.90891937485763
329,False,9,9194,0.40651583671569824,0.8684094995260238
330,False,9,9195,0.4379572868347168,0.9314417172045937
331,False,9,9196,0.4207947254180908,0.9438548591874893
332,False,9,9197,0.4090604782104492,0.872013853064605
333,False,9,9198,0.45215344429016113,0.8613102389943033
334,False,9,9199,0.4084460735321045,0.8554974283490863
335,True,9,9200,0.44452428817749023,0.8979857136451065
336,False,9,9201,0.4501221179962158,0.8672253972008114
337,False,9,9202,0.4074890613555908,0.8905041519375073
338,False,9,9203,0.4186558723449707,0.929567488176482
339,False,9,9204,0.40739989280700684,0.9081776645921525
340,False,9,9205,0.43741798400878906,0.9657257369586398
341,False,9,9206,0.4203324317932129,0.9617206014337993
342,False,9,9207,0.4075298309326172,0.9553910593191783
343,False,9,9208,0.4224257469177246,0.972874824489866
344,False,9,9209,0.4225587844848633,0.8882761924039748
345,False,9,9210,0.4085659980773926,0.8857924257005965
346,False,9,9211,0.42348575592041016,0.9163548520633155
347,False,9,9212,0.40946078300476074,0.9378983122961861
348,False,9,9213,0.42284321784973145,0.9306887672061008
349,False,9,9214,0.40736818313598633,0.8617070019245148
350,False,9,9215,0.4480550289154053,0.8830212212744215
351,False,9,9216,0.4083230495452881,0.8949741515375321
352,False,9,9217,0.41512608528137207,0.9632749568138803
353,False,9,9218,0.43436741828918457,0.9179095838751111
354,False,9,9219,0.4098482131958008,0.8965768331573122
355,False,9,9220,0.40775036811828613,0.9012969643587158
356,False,9,9221,0.4334075450897217,0.8901381762254807
357,False,9,9222,0.4210689067840576,0.8565467755709376
358,False,9,9223,0.42019200325012207,0.8734045376380285
359,False,9,9224,0.43361330032348633,0.9181880181921378
360,False,9,9225,0.41818785667419434,0.8639103042937459
361,False,9,9226,0.40717148780822754,0.8804293452274233
362,False,9,9227,0.4442100524902344,0.9085718833264851
363,False,9,9228,0.4083690643310547,0.8772626565325828
364,False,9,9229,0.4089846611022949,0.9356953437839236
365,False,9,9230,0.41123461723327637,0.8936554661818913
366,False,9,9231,0.4070734977722168,0.951720411578814
367,False,9,9232,0.4086625576019287,0.9461460092238017
368,False,9,9233,0.4066927433013916,0.8631134767617495
369,False,9,9234,0.4296531677246094,0.9519950892953645
370,False,9,9235,0.41913747787475586,0.884526100719259
371,False,9,9236,0.4066281318664551,0.8786841332912446
372,False,9,9237,0.4562392234802246,0.8987997899807635
373,False,9,9238,0.4104423522949219,0.9269198420501891
374,False,9,9239,0.4239521026611328,0.9393046767938708
375,False,9,9240,0.43813467025756836,0.9064156235683531
376,False,9,9241,0.40941691398620605,0.8754728496784255
377,False,9,9242,0.4178171157836914,0.8295108974866925
378,False,9,9243,0.44042038917541504,0.8726804348684493
379,False,9,9244,0.4218301773071289,0.8702924535388039
380,False,9,9245,0.40770745277404785,0.8854352313847768
381,False,9,9246,0.446392297744751,0.8843663042145118
382,False,9,9247,0.40875720977783203,0.8933290959823699
383,False,9,9248,0.4233081340789795,0.8773256020531769
384,False,9,9249,0.409440279006958,0.8765211403369904
385,False,9,9250,0.41089916229248047,0.8953000299987338
386,False,9,9251,0.4115924835205078,0.8892137747080552
387,False,9,9252,0.4100227355957031,0.8541348956170538
388,False,9,9253,0.4388155937194824,0.8534992880054884
389,False,9,9254,0.43500185012817383,0.9047075275863922
390,False,9,9255,0.4081754684448242,0.877799791239557
391,False,9,9256,0.45453572273254395,0.8701956069895199
392,False,9,9257,0.40789270401000977,0.8939940737826485
393,False,9,9258,0.4076542854309082,0.885721113355387
394,False,9,9259,0.44498348236083984,0.8965128968868938
395,False,9,9260,0.4076073169708252,0.9317913314416295
396,False,9,9261,0.42402029037475586,0.8788169505340712
397,False,9,9262,0.4366910457611084,0.8814797245320819
398,False,9,9263,0.42757391929626465,0.9058862591073625
399,False,9,9264,0.4210352897644043,0.8958497792482376
400,False,9,9265,0.41064906120300293,0.88617429066272
401,False,9,9266,0.4477806091308594,0.876178746244737
402,False,9,9267,0.4332888126373291,0.8547805927339054
403,False,9,9268,0.40450549125671387,0.8592751863456906
404,False,9,9269,0.4358994960784912,0.8523170460192933
405,False,9,9270,0.40627145767211914,0.8782293512707664
406,False,9,9271,0.44617509841918945,0.8518107984037626
407,False,9,9272,0.407073974609375,0.866606628610974
408,False,9,9273,0.4209480285644531,0.8776878157541866
409,False,9,9274,0.407625675201416,0.8902479445650463
410,False,9,9275,0.40642833709716797,0.8844842538237572
411,False,9,9276,0.4200267791748047,0.875561306164378
412,False,9,9277,0.436053991317749,0.9182174056768417
413,False,9,9278,0.40375280380249023,0.880907259526707
414,False,9,9279,0.42282867431640625,0.8666528683333168
415,False,9,9280,0.4338862895965576,0.8646422869392802
416,False,9,9281,0.42159509658813477,0.8683956742641472
417,False,9,9282,0.40725231170654297,0.8488513422863824
418,False,9,9283,0.4469938278198242,0.8312931284308432
419,False,9,9284,0.4067108631134033,0.8619747141464834
420,False,9,9285,0.420482873916626,0.8994626786027636
421,False,9,9286,0.43649840354919434,0.8136474507905188
422,False,9,9287,0.4201693534851074,0.8509531320915336
423,False,9,9288,0.42051029205322266,0.8105263992079667
424,False,9,9289,0.4070553779602051,0.9137318595534278
425,False,9,9290,0.44746875762939453,0.8921007780092102
426,False,9,9291,0.40652918815612793,0.889790279524667
427,False,9,9292,0.40610361099243164,0.9264755958602543
428,False,9,9293,0.4491081237792969,0.8825047668956577
429,False,9,9294,0.4061098098754883,0.9363911676974522
430,False,9,9295,0.42276740074157715,0.8317553188119615
431,False,9,9296,0.4327571392059326,0.8864000028087978
432,False,9,9297,0.4207322597503662,0.8954350478237584
433,False,9,9298,0.40703368186950684,0.9014067706607636
434,False,9,9299,0.44136834144592285,0.8614801540083828
435,True,9,9300,0.446929931640625,0.8861602704439845
436,False,9,9301,0.42383456230163574,0.8742174793566977
437,False,9,9302,0.42876482009887695,0.915137488217581
438,False,9,9303,0.4180638790130615,0.8938531772721381
439,False,9,9304,0.40680456161499023,0.9146332634346825
440,False,9,9305,0.42211222648620605,0.9072856122539155
441,False,9,9306,0.40670156478881836,0.9168487162817092
442,False,9,9307,0.40889668464660645,0.8686444922572089
443,False,9,9308,0.4117298126220703,0.9065795704012825
444,False,9,9309,0.4403648376464844,0.8920936300641013
445,False,9,9310,0.4199807643890381,0.8549906264635778
446,False,9,9311,0.4079406261444092,0.9537143696631704
447,False,9,9312,0.44933128356933594,0.8777812385842915
448,False,9,9313,0.40885090827941895,0.8869499007151238
449,False,9,9314,0.4219017028808594,0.8867269388976553
450,False,9,9315,0.4505751132965088,0.980882308312825
451,False,9,9316,0.42539405822753906,0.9628527952092036
452,False,9,9317,0.410351037979126,0.8721204240407262
453,False,9,9318,0.4508366584777832,0.8957565873861315
454,False,9,9319,0.40633130073547363,0.8629732110670636
455,False,9,9320,0.42266011238098145,0.8464353031345776
456,False,9,9321,0.40908288955688477,0.9173224383876438
457,False,9,9322,0.41036272048950195,0.900339224154041
458,False,9,9323,0.4196653366088867,0.8418246246874334
459,False,9,9324,0.40911340713500977,0.8542490111930028
460,False,9,9325,0.4241468906402588,0.9199088442893256
461,False,9,9326,0.408646821975708,0.8684764951467514
462,False,9,9327,0.4223005771636963,0.8862292067635626
463,False,9,9328,0.4540252685546875,0.8488567262178375
464,False,9,9329,0.4093301296234131,0.8704505019954272
465,False,9,9330,0.4217219352722168,0.9358683200109572
466,False,9,9331,0.4444010257720947,0.92329107437815
467,False,9,9332,0.4079108238220215,0.899747500107402
468,False,9,9333,0.4243752956390381,0.8814685440489224
469,False,9,9334,0.40950870513916016,0.869252969111715
470,False,9,9335,0.4470980167388916,0.8946544073876881
471,False,9,9336,0.408541202545166,0.879210355381171
472,False,9,9337,0.44695591926574707,0.9156111562181088
473,False,9,9338,0.4083073139190674,0.9097098956505457
474,False,9,9339,0.43648672103881836,0.9181096741840954
475,False,9,9340,0.42467832565307617,0.8911834032762618
476,False,9,9341,0.4092118740081787,0.8831854306516195
477,False,9,9342,0.4368162155151367,0.888244139296668
478,False,9,9343,0.4216127395629883,0.910378887717213
479,False,9,9344,0.40929532051086426,0.9271554744669368
480,False,9,9345,0.42038774490356445,0.8728779556141011
481,False,9,9346,0.40679216384887695,0.887057039886713
482,False,9,9347,0.4212210178375244,0.8620382936760072
483,False,9,9348,0.408231258392334,0.9255299820076852
484,False,9,9349,0.4450221061706543,0.9249572193338756
485,False,9,9350,0.4077486991882324,0.8516299752962022
486,False,9,9351,0.4061770439147949,0.874837002938702
487,False,9,9352,0.43490123748779297,0.8998398142201561
488,False,9,9353,0.40912628173828125,0.8670940434648876
489,False,9,9354,0.4232442378997803,0.8835206563983643
490,False,9,9355,0.453397274017334,0.8883602441776366
491,False,9,9356,0.40801382064819336,0.864382555619592
492,False,9,9357,0.4229133129119873,0.9395262790577754
493,False,9,9358,0.44150543212890625,0.8394393764791033
494,False,9,9359,0.4225497245788574,0.9225533870714051
495,False,9,9360,0.4092235565185547,0.9401370613347917
496,False,9,9361,0.43935441970825195,0.8913473476256641
497,False,9,9362,0.4076664447784424,0.852580522497495
498,False,9,9363,0.40857362747192383,0.8847167445790198
499,False,9,9364,0.4094245433807373,0.8720940697406019
500,False,9,9365,0.4079248905181885,0.8854415469935962
501,False,9,9366,0.40766215324401855,0.9025935651290984
502,False,9,9367,0.41793084144592285,0.9267854498965399
503,False,9,9368,0.4378621578216553,0.8816828718852429
504,False,9,9369,0.4210543632507324,0.8932802265598659
505,False,9,9370,0.4081456661224365,0.8804120208535875
506,False,9,9371,0.45381808280944824,0.8899485261312554
507,False,9,9372,0.40851807594299316,0.8881880733228865
508,False,9,9373,0.4215850830078125,0.8637474706130367
509,False,9,9374,0.4391157627105713,0.8798730912662686
510,False,9,9375,0.4211084842681885,0.9262951759710198
511,False,9,9376,0.4084503650665283,0.860723277997403
512,False,9,9377,0.4342646598815918,0.9143448110137666
513,False,9,9378,0.4067816734313965,0.8986789133577119
514,False,9,9379,0.40775084495544434,0.8554036599539575
515,False,9,9380,0.41966819763183594,0.8853122407481785
516,False,9,9381,0.40990614891052246,0.9387689374742054
517,False,9,9382,0.4088006019592285,0.8389746795097985
518,False,9,9383,0.42229604721069336,0.8813365428220656
519,False,9,9384,0.4353456497192383,0.9105230296651523
520,False,9,9385,0.41898679733276367,0.8574502897404488
521,False,9,9386,0.40653109550476074,0.8499888016709262
522,False,9,9387,0.451887845993042,0.8479410784230349
523,False,9,9388,0.40759825706481934,0.8901193127745672
524,False,9,9389,0.4063911437988281,0.8976655879190991
525,False,9,9390,0.45255398750305176,0.8324993451436361
526,False,9,9391,0.40404438972473145,0.902791220162596
527,False,9,9392,0.4196047782897949,0.8695433954043045
528,False,9,9393,0.4062037467956543,0.8880395786393256
529,False,9,9394,0.4376180171966553,0.8874833534161252
530,False,9,9395,0.421142578125,0.8704003769726979
531,False,9,9396,0.40724802017211914,0.9171964089785304
532,False,9,9397,0.43359875679016113,0.8482797266471953
533,False,9,9398,0.4237546920776367,0.8718289543120634
534,False,9,9399,0.4069530963897705,0.8838141241243909
535,True,9,9400,0.47774410247802734,0.8707029603066898
536,False,9,9401,0.40906405448913574,0.9094619119451157
537,False,9,9402,0.43169355392456055,0.8629291100161414
538,False,9,9403,0.42248988151550293,0.8851028017344931
539,False,9,9404,0.40715718269348145,0.8829316652956464
540,False,9,9405,0.43796300888061523,0.9206452341306776
541,False,9,9406,0.4073185920715332,0.8889571797280086
542,False,9,9407,0.41182613372802734,0.9123322098028094
543,False,9,9408,0.45183706283569336,0.881637432035946
544,False,9,9409,0.40794825553894043,0.8810643965289707
545,False,9,9410,0.41031575202941895,0.9069207580316635
546,False,9,9411,0.4556255340576172,0.8750075002511343
547,False,9,9412,0.40879321098327637,0.8845518011422385
548,False,9,9413,0.42127275466918945,0.9541918266387213
549,False,9,9414,0.43886709213256836,0.8765381503672826
550,False,9,9415,0.42267870903015137,0.8733514682168052
551,False,9,9416,0.4078958034515381,0.8695986441203525
552,False,9,9417,0.42363548278808594,0.8500310352870395
553,False,9,9418,0.4078989028930664,0.8990399440129597
554,False,9,9419,0.41399478912353516,0.8807937956991648
555,False,9,9420,0.4225730895996094,0.9020409186681112
556,False,9,9421,0.44978952407836914,0.8799303447206814
557,False,9,9422,0.40734076499938965,0.9035296908446719
558,False,9,9423,0.4212954044342041,0.866124342594828
559,False,9,9424,0.43746185302734375,0.8970865117652076
560,False,9,9425,0.41348862648010254,0.8974488178888957
561,False,9,9426,0.40892648696899414,0.8918493315577509
562,False,9,9427,0.44876694679260254,0.8585263157174701
563,False,9,9428,0.4094970226287842,0.8608637235703923
564,False,9,9429,0.40673184394836426,0.8500473428340186
565,False,9,9430,0.4487178325653076,0.9047410250419662
566,False,9,9431,0.40746402740478516,0.8436986488245781
567,False,9,9432,0.40806126594543457,0.8630974466602007
568,False,9,9433,0.42256951332092285,0.9292575298320681
569,False,9,9434,0.426098108291626,0.8798943726079806
570,False,9,9435,0.41906142234802246,0.876111205844652
571,False,9,9436,0.405625581741333,0.9289198957738422
572,False,9,9437,0.4538149833679199,0.9080214532358304
573,False,9,9438,0.40754151344299316,0.8749505572375798
574,False,9,9439,0.4067873954772949,0.9106226173185168
575,False,9,9440,0.452190637588501,0.9099379011562891
576,False,9,9441,0.407759428024292,0.8802522463457926
577,False,9,9442,0.4203834533691406,0.8808275830178034
578,False,9,9443,0.43944311141967773,0.8719163661201794
579,False,9,9444,0.4070286750793457,0.8581509111183029
580,False,9,9445,0.40598177909851074,0.9177111199214344
581,False,9,9446,0.4682166576385498,0.8791332887042136
582,False,9,9447,0.40683436393737793,0.9192046665009999
583,False,9,9448,0.4250967502593994,0.89486983134633
584,False,9,9449,0.42447996139526367,0.8974308655375525
585,False,9,9450,0.4185638427734375,0.8821636927979335
586,False,9,9451,0.40720582008361816,0.8447207904287746
587,False,9,9452,0.42077183723449707,0.8874588495209104
588,False,9,9453,0.43681859970092773,0.8909057733558472
589,False,9,9454,0.40565061569213867,0.8989113718271254
590,False,9,9455,0.4251079559326172,0.8841329530945845
591,False,9,9456,0.4382493495941162,0.8688798745473224
592,False,9,9457,0.42164015769958496,0.8894911012834025
593,False,9,9458,0.409334659576416,0.8984049672172183
594,False,9,9459,0.4553968906402588,0.9127146211408433
595,False,9,9460,0.42127084732055664,0.8382763229310513
596,False,9,9461,0.4075496196746826,0.9173136651515962
597,False,9,9462,0.40865421295166016,0.8904038355464027
598,False,9,9463,0.4501500129699707,0.8618577328466233
599,False,9,9464,0.4073145389556885,0.8868211514893033
600,False,9,9465,0.4231839179992676,0.9047009426923025
601,False,9,9466,0.43384671211242676,0.9073391950556211
602,False,9,9467,0.4223904609680176,0.832844897040299
603,False,9,9468,0.44347691535949707,0.8919140632663453
604,False,9,9469,0.41001176834106445,0.8595605400346574
605,False,9,9470,0.45356082916259766,0.8525819909714517
606,False,9,9471,0.4071686267852783,0.9080249525251844
607,False,9,9472,0.4231290817260742,0.8576528373218717
608,False,9,9473,0.4449286460876465,0.8643739674062955
609,False,9,9474,0.40851402282714844,0.8472507035448439
610,False,9,9475,0.41904211044311523,0.9072288668581419
611,False,9,9476,0.40602660179138184,0.9001337634843021
612,False,9,9477,0.43874144554138184,0.8373456654094513
613,False,9,9478,0.40860819816589355,0.8895665699882165
614,False,9,9479,0.4065670967102051,0.916249930149033
615,False,9,9480,0.4506974220275879,0.9134550704842521
616,False,9,9481,0.4079911708831787,0.8772360292218978
617,False,9,9482,0.42217469215393066,0.91107483562969
618,False,9,9483,0.43225598335266113,0.8749011762085416
619,False,9,9484,0.4215867519378662,0.9374004272477968
620,False,9,9485,0.405428409576416,0.8099381178617477
621,False,9,9486,0.4404418468475342,0.8831025354918978
622,False,9,9487,0.40949201583862305,0.8978924002675784
623,False,9,9488,0.40737366676330566,0.897721132884423
624,False,9,9489,0.4359309673309326,0.8835172571596647
625,False,9,9490,0.420778751373291,0.852588762130056
626,False,9,9491,0.4085216522216797,0.833719488765512
627,False,9,9492,0.4375777244567871,0.8991722615347022
628,False,9,9493,0.4084174633026123,0.8986530821947826
629,False,9,9494,0.41643738746643066,0.884908969203631
630,False,9,9495,0.40636253356933594,0.852629352804451
631,False,9,9496,0.4078187942504883,0.8655994279044015
632,False,9,9497,0.40672922134399414,0.8637107238173485
633,False,9,9498,0.41748619079589844,0.9210348824659981
634,False,9,9499,0.44855546951293945,0.8664379937662965
635,True,9,9500,0.46187257766723633,0.8444567471742629
636,False,9,9501,0.4064900875091553,0.897050467275438
637,False,9,9502,0.4511277675628662,0.9161919873385204
638,False,9,9503,0.4063239097595215,0.8626257805597216
639,False,9,9504,0.4070882797241211,0.896647571098237
640,False,9,9505,0.45369458198547363,0.8894160311846504
641,False,9,9506,0.40920138359069824,0.938730462676003
642,False,9,9507,0.4228842258453369,0.9167607916252953
643,False,9,9508,0.43842029571533203,0.8698369981277555
644,False,9,9509,0.40915608406066895,0.8867194524833133
645,False,9,9510,0.40911865234375,0.9004713289794469
646,False,9,9511,0.4496173858642578,0.8902470760402226
647,False,9,9512,0.41856884956359863,0.8595097192696163
648,False,9,9513,0.4144556522369385,0.8403886283437411
649,False,9,9514,0.42997050285339355,0.9055997619316692
650,False,9,9515,0.4097568988800049,0.8881098152626128
651,False,9,9516,0.4115438461303711,0.9126323284137816
652,False,9,9517,0.40932631492614746,0.9264984599181585
653,False,9,9518,0.4175078868865967,0.8711865521257834
654,False,9,9519,0.4262211322784424,0.900213857491811
655,False,9,9520,0.4083101749420166,0.8877041517269042
656,False,9,9521,0.4476640224456787,0.8920902084736596
657,False,9,9522,0.40917205810546875,0.8346574405829112
658,False,9,9523,0.4225287437438965,0.8644756921345278
659,False,9,9524,0.43781113624572754,0.831158324366524
660,False,9,9525,0.4234621524810791,0.8696052808137167
661,False,9,9526,0.422778844833374,0.8986326601533663
662,False,9,9527,0.41178441047668457,0.8668902094165486
663,False,9,9528,0.42388010025024414,0.8654645750565189
664,False,9,9529,0.4088304042816162,0.9349924528173039
665,False,9,9530,0.42208003997802734,0.8823778746383533
666,False,9,9531,0.43654704093933105,0.8502298581103483
667,False,9,9532,0.4105987548828125,0.8725679062661669
668,False,9,9533,0.450747013092041,0.9008603356778621
669,False,9,9534,0.40997886657714844,0.8920807859727313
670,False,9,9535,0.4508059024810791,0.868603638595059
671,False,9,9536,0.4086315631866455,0.9192669366796813
672,False,9,9537,0.4221351146697998,0.8497223630547525
673,False,9,9538,0.4367074966430664,0.8449197097548419
674,False,9,9539,0.41266965866088867,0.8736311353388286
675,False,9,9540,0.4236288070678711,0.8969305359891482
676,False,9,9541,0.43845677375793457,0.8624206050520851
677,False,9,9542,0.41172313690185547,0.8383101953991822
678,False,9,9543,0.4197084903717041,0.8954175504900161
679,False,9,9544,0.44390034675598145,0.8753847614640282
680,False,9,9545,0.42401123046875,0.8835809443678175
681,False,9,9546,0.41020894050598145,0.8653485494710149
682,False,9,9547,0.45491504669189453,0.8777000049040433
683,False,9,9548,0.40911197662353516,0.8313884422892617
684,False,9,9549,0.4101746082305908,0.8798063282100926
685,False,9,9550,0.4093813896179199,0.8537423816465197
686,False,9,9551,0.4381110668182373,0.914758889448075
687,False,9,9552,0.4232814311981201,0.9072628425700325
688,False,9,9553,0.40930867195129395,0.9085504799371673
689,False,9,9554,0.4413020610809326,0.8518576902293025
690,False,9,9555,0.42305564880371094,0.8505571642447086
691,False,9,9556,0.4110591411590576,0.9281998177369437
692,False,9,9557,0.45251893997192383,0.9114061558530443
693,False,9,9558,0.40974998474121094,0.9563778255667004
694,False,9,9559,0.4105679988861084,0.8298922514631635
695,False,9,9560,0.4565730094909668,0.867991718862738
696,False,9,9561,0.4080965518951416,0.8756520684276309
697,False,9,9562,0.42267918586730957,0.8439281089674857
698,False,9,9563,0.4398958683013916,0.838838111697918
699,False,9,9564,0.4183790683746338,0.8512800140749841
700,False,9,9565,0.42327356338500977,0.8722258034561362
701,False,9,9566,0.4408400058746338,0.9180220124267399
702,False,9,9567,0.42139267921447754,0.8697728826886133
703,False,9,9568,0.40985965728759766,0.8682226996336665
704,False,9,9569,0.4515061378479004,0.8617712088993618
705,False,9,9570,0.40950489044189453,0.9075481331064587
706,False,9,9571,0.4097447395324707,0.885154942671458
707,False,9,9572,0.42426586151123047,0.8691306859254837
708,False,9,9573,0.4077022075653076,0.8807297036761328
709,False,9,9574,0.424511194229126,0.8927008850233894
710,False,9,9575,0.4095339775085449,0.8610862358694986
711,False,9,9576,0.4255838394165039,0.885896765760013
712,False,9,9577,0.41922760009765625,0.8865758968251092
713,False,9,9578,0.4216475486755371,0.9218466218028749
714,False,9,9579,0.4230012893676758,0.8756499613324801
715,False,9,9580,0.40932202339172363,0.8698947894431297
716,False,9,9581,0.42181873321533203,0.8919345154648736
717,False,9,9582,0.4052770137786865,0.8681818118230219
718,False,9,9583,0.4180738925933838,0.80970176415784
719,False,9,9584,0.4065124988555908,0.8866697975567408
720,False,9,9585,0.44062256813049316,0.8517705187911078
721,False,9,9586,0.4076039791107178,0.8464723811263128
722,False,9,9587,0.4224989414215088,0.861527450737499
723,False,9,9588,0.4393775463104248,0.9367994286474727
724,False,9,9589,0.4054279327392578,0.8573868693340393
725,False,9,9590,0.408160924911499,0.8740796038792248
726,False,9,9591,0.43874263763427734,0.8761396890594847
727,False,9,9592,0.42245054244995117,0.8578395359218122
728,False,9,9593,0.4091939926147461,0.8432949593379384
729,False,9,9594,0.4079291820526123,0.8273261781959307
730,False,9,9595,0.447357177734375,0.889484384230205
731,False,9,9596,0.417344331741333,0.8737067952752114
732,False,9,9597,0.4496471881866455,0.9162650903065999
733,False,9,9598,0.4079277515411377,0.8586929901724769
734,False,9,9599,0.45177245140075684,0.8633537909814288
735,True,9,9600,0.450253963470459,0.8420536599698519
736,False,9,9601,0.40886902809143066,0.8929810559465773
737,False,9,9602,0.4557039737701416,0.9023964859190441
738,False,9,9603,0.4080638885498047,0.8978204131126404
739,False,9,9604,0.408754825592041,0.865023106691383
740,False,9,9605,0.45212864875793457,0.8990464026019686
741,False,9,9606,0.40770649909973145,0.8710810694666135
742,False,9,9607,0.4228193759918213,0.8917992583342962
743,False,9,9608,0.4081690311431885,0.9003441681464514
744,False,9,9609,0.4209299087524414,0.8275261904512135
745,False,9,9610,0.408663272857666,0.8748590825569063
746,False,9,9611,0.43810272216796875,0.8708122191684586
747,False,9,9612,0.4079165458679199,0.910957666734854
748,False,9,9613,0.41913723945617676,0.8818373978137969
749,False,9,9614,0.40699005126953125,0.9208660253456661
750,False,9,9615,0.43248844146728516,0.8811261355876924
751,False,9,9616,0.40775299072265625,0.900093246783529
752,False,9,9617,0.40748119354248047,0.8928227020161492
753,False,9,9618,0.4499971866607666,0.9236144217706862
754,False,9,9619,0.4073195457458496,0.8794220018954504
755,False,9,9620,0.4078347682952881,0.9407943941297986
756,False,9,9621,0.45433855056762695,0.9069489034868421
757,False,9,9622,0.40902113914489746,0.830013849905559
758,False,9,9623,0.4232809543609619,0.8840166365816479
759,False,9,9624,0.4389503002166748,0.8643870115989731
760,False,9,9625,0.42087435722351074,0.8975523156779155
761,False,9,9626,0.4066028594970703,0.9566478119010018
762,False,9,9627,0.4463210105895996,0.8748655152462776
763,False,9,9628,0.4094724655151367,0.915803842601322
764,False,9,9629,0.4102020263671875,0.8923298574629284
765,False,9,9630,0.40875959396362305,0.8892735973710105
766,False,9,9631,0.4201240539550781,0.8458144395124345
767,False,9,9632,0.42258739471435547,0.8908124040989648
768,False,9,9633,0.40840840339660645,0.8626614926116809
769,False,9,9634,0.4158809185028076,0.903646806521075
770,False,9,9635,0.4095733165740967,0.8893682841388952
771,False,9,9636,0.4087505340576172,0.9233317903819539
772,False,9,9637,0.4523043632507324,0.8672261919294084
773,False,9,9638,0.40894317626953125,0.8469666902508054
774,False,9,9639,0.41993093490600586,0.8782327835048946
775,False,9,9640,0.43909382820129395,0.881367299528349
776,False,9,9641,0.4229295253753662,0.864304079895928
777,False,9,9642,0.40929555892944336,0.8676023788395382
778,False,9,9643,0.44005703926086426,0.8842503194298061
779,False,9,9644,0.40946078300476074,0.8871645962908155
780,False,9,9645,0.41867542266845703,0.8699987055290312
781,False,9,9646,0.4350309371948242,0.8868131736914318
782,False,9,9647,0.4224722385406494,0.8870753819743791
783,False,9,9648,0.4052908420562744,0.8870804267270226
784,False,9,9649,0.4495582580566406,0.9009445934068591
785,False,9,9650,0.40740132331848145,0.8806871885345096
786,False,9,9651,0.4090750217437744,0.864792574729238
787,False,9,9652,0.4070742130279541,0.8318219654971646
788,False,9,9653,0.43597936630249023,0.8769079716432663
789,False,9,9654,0.4239170551300049,0.8607871042830605
790,False,9,9655,0.40676450729370117,0.8201224933422748
791,False,9,9656,0.448871374130249,0.8942636937967368
792,False,9,9657,0.40717196464538574,0.8679356113785792
793,False,9,9658,0.4240293502807617,0.8445351258629844
794,False,9,9659,0.4209473133087158,0.8378947852622894
795,False,9,9660,0.4099290370941162,0.8537429817730471
796,False,9,9661,0.44217371940612793,0.8644260694938046
797,False,9,9662,0.4244875907897949,0.8688846446928522
798,False,9,9663,0.412813663482666,0.915050626865455
799,False,9,9664,0.42101049423217773,0.8404112522091184
800,False,9,9665,0.4096388816833496,0.8389973099387825
801,False,9,9666,0.42139267921447754,0.913765246314662
802,False,9,9667,0.4070851802825928,0.8190089514745134
803,False,9,9668,0.42202329635620117,0.8545069052349953
804,False,9,9669,0.40720295906066895,0.8076764274211156
805,False,9,9670,0.4403049945831299,0.8933521044396219
806,False,9,9671,0.407207727432251,0.902466229030064
807,False,9,9672,0.40952444076538086,0.8534942973582519
808,False,9,9673,0.4536247253417969,0.8538667300627344
809,False,9,9674,0.41724348068237305,0.8494468363268035
810,False,9,9675,0.4105396270751953,0.8277946286613033
811,False,9,9676,0.4534163475036621,0.8886928269196125
812,False,9,9677,0.4094724655151367,0.8876714209715525
813,False,9,9678,0.4536430835723877,0.8903045813952174
814,False,9,9679,0.44111132621765137,0.8437234211180891
815,False,9,9680,0.4077267646789551,0.852124664400305
816,False,9,9681,0.40981435775756836,0.8729185284603209
817,False,9,9682,0.42790699005126953,0.8815725710065592
818,False,9,9683,0.4055502414703369,0.7878070923366719
819,False,9,9684,0.40796780586242676,0.849034431434813
820,False,9,9685,0.4212615489959717,0.8515485273230643
821,False,9,9686,0.42232704162597656,0.8598699674365066
822,False,9,9687,0.4085214138031006,0.9312470817849751
823,False,9,9688,0.42520689964294434,0.8674692305780592
824,False,9,9689,0.4083130359649658,0.8533538579940795
825,False,9,9690,0.4238264560699463,0.9166405502529374
826,False,9,9691,0.40912961959838867,0.9598236335884959
827,False,9,9692,0.44875669479370117,0.8719714340709503
828,False,9,9693,0.4086446762084961,0.8273236467724753
829,False,9,9694,0.411452054977417,0.8689076755018462
830,False,9,9695,0.43573737144470215,0.885313190608507
831,False,9,9696,0.4104313850402832,0.8538225259454476
832,False,9,9697,0.4056558609008789,0.8130471682442088
833,False,9,9698,0.46354079246520996,0.8593151015894754
834,False,9,9699,0.40845489501953125,0.8710900399656522
835,True,9,9700,0.46127748489379883,0.848498095359121
836,False,9,9701,0.4384901523590088,0.8743638953282719
837,False,9,9702,0.4065423011779785,0.9086665780771346
838,False,9,9703,0.40767383575439453,0.914333150500343
839,False,9,9704,0.4339563846588135,0.8806836704413098
840,False,9,9705,0.4197657108306885,0.9223175297180811
841,False,9,9706,0.4078104496002197,0.9435998634213494
842,False,9,9707,0.4218709468841553,0.8744420501447859
843,False,9,9708,0.4073631763458252,0.9230430566129229
844,False,9,9709,0.4153153896331787,0.8872729738553364
845,False,9,9710,0.4058723449707031,0.9285989063126701
846,False,9,9711,0.45002102851867676,0.8370759481830257
847,False,9,9712,0.40744996070861816,0.9220823752028603
848,False,9,9713,0.40773582458496094,0.871854116519292
849,False,9,9714,0.4347243309020996,0.9068764888104941
850,False,9,9715,0.42219972610473633,0.891398428806237
851,False,9,9716,0.4067721366882324,0.8947336162839616
852,False,9,9717,0.4406263828277588,0.8599178306758404
853,False,9,9718,0.40807056427001953,0.8847531619526089
854,False,9,9719,0.4230225086212158,0.9199033890451703
855,False,9,9720,0.4064445495605469,0.9288312466371625
856,False,9,9721,0.43730640411376953,0.9648282102176121
857,False,9,9722,0.41204285621643066,0.9016575504626546
858,False,9,9723,0.4092414379119873,0.8728135394908131
859,False,9,9724,0.4478929042816162,0.8467518630481901
860,False,9,9725,0.42364501953125,0.8964728464682898
861,False,9,9726,0.439591646194458,0.8995921242804752
862,False,9,9727,0.4221010208129883,0.9145641844897043
863,False,9,9728,0.44473719596862793,0.9026476506675991
864,False,9,9729,0.4074208736419678,0.9710041014921096
865,False,9,9730,0.4254939556121826,0.8967910518958454
866,False,9,9731,0.421966552734375,0.8298687800055459
867,False,9,9732,0.4216475486755371,0.8849475884011814
868,False,9,9733,0.4109351634979248,0.9088623992034367
869,False,9,9734,0.4218251705169678,0.8624936189679873
870,False,9,9735,0.4080181121826172,0.8898898836757457
871,False,9,9736,0.4263651371002197,0.8555641848416555
872,False,9,9737,0.4070088863372803,0.8739091317568507
873,False,9,9738,0.43596625328063965,0.9043395150275458
874,False,9,9739,0.42153239250183105,0.8712921635735603
875,False,9,9740,0.4078371524810791,0.894451641255901
876,False,9,9741,0.45184898376464844,0.8931262365409305
877,False,9,9742,0.40953803062438965,0.9193869217165878
878,False,9,9743,0.41259098052978516,0.875109604249398
879,False,9,9744,0.44481420516967773,0.9013847800947371
880,False,9,9745,0.4090559482574463,0.9066948566053595
881,False,9,9746,0.4254491329193115,0.8839103175061089
882,False,9,9747,0.43716979026794434,0.8773039089781896
883,False,9,9748,0.42417454719543457,0.8422595766328631
884,False,9,9749,0.40692663192749023,0.9075365126842546
885,False,9,9750,0.4486734867095947,0.8815936914512091
886,False,9,9751,0.4212472438812256,0.8796420189596358
887,False,9,9752,0.40921854972839355,0.8463443035171144
888,False,9,9753,0.442950963973999,0.8558775867734638
889,False,9,9754,0.4047820568084717,0.8628085837477731
890,False,9,9755,0.4075164794921875,0.8465402491745494
891,False,9,9756,0.4218118190765381,0.9047832361289432
892,False,9,9757,0.42650413513183594,0.8726762650268417
893,False,9,9758,0.42131543159484863,0.859856230872018
894,False,9,9759,0.40743398666381836,0.8305389505057109
895,False,9,9760,0.45150184631347656,0.8698142199289234
896,False,9,9761,0.4084053039550781,0.8462737103303274
897,False,9,9762,0.41346096992492676,0.9098499945941425
898,False,9,9763,0.4344298839569092,0.9149528159981682
899,False,9,9764,0.4304521083831787,0.8751548824920542
900,False,9,9765,0.4207131862640381,0.8466895790327162
901,False,9,9766,0.441591739654541,0.8662561121441068
902,False,9,9767,0.4077744483947754,0.8762429239494463
903,False,9,9768,0.4238433837890625,0.8888287459100995
904,False,9,9769,0.4384584426879883,0.897243572132928
905,False,9,9770,0.4218180179595947,0.8824924138330278
906,False,9,9771,0.4092252254486084,0.8385390516902718
907,False,9,9772,0.42196178436279297,0.8406328200584365
908,False,9,9773,0.40909671783447266,0.8620551918588933
909,False,9,9774,0.41205763816833496,0.8476445870030495
910,False,9,9775,0.4083714485168457,0.8908956966229847
911,False,9,9776,0.4396238327026367,0.8871207035013609
912,False,9,9777,0.4212191104888916,0.839671623493944
913,False,9,9778,0.424091100692749,0.8646280204965955
914,False,9,9779,0.43808507919311523,0.877581325315294
915,False,9,9780,0.42349863052368164,0.8942183252601396
916,False,9,9781,0.40740346908569336,0.859881558588573
917,False,9,9782,0.4497368335723877,0.8959319463797977
918,False,9,9783,0.40797901153564453,0.8589559161946888
919,False,9,9784,0.41078925132751465,0.9055698294015158
920,False,9,9785,0.42330241203308105,0.844824455678463
921,False,9,9786,0.43752384185791016,0.9273134505464916
922,False,9,9787,0.42159271240234375,0.8814516067504883
923,False,9,9788,0.4091920852661133,0.8490676161433969
924,False,9,9789,0.4512016773223877,0.8360169964532057
925,False,9,9790,0.42354297637939453,0.8891579792613075
926,False,9,9791,0.43445467948913574,0.8414316663429852
927,False,9,9792,0.41080188751220703,0.8462642331918082
928,False,9,9793,0.45604872703552246,0.859502534248999
929,False,9,9794,0.41013431549072266,0.8408489601597899
930,False,9,9795,0.42179083824157715,0.8387721628837642
931,False,9,9796,0.44118595123291016,0.8916704136700857
932,False,9,9797,0.40899062156677246,0.8881733181575934
933,False,9,9798,0.4114062786102295,0.8609218966393243
934,False,9,9799,0.4209475517272949,0.8827188731659027
935,True,9,9800,0.4608428478240967,0.8980209004311334
936,False,9,9801,0.40813589096069336,0.8696140285049165
937,False,9,9802,0.441547155380249,0.8595436790159772
938,False,9,9803,0.40575242042541504,0.9107271702516646
939,False,9,9804,0.4105491638183594,0.8485761000996543
940,False,9,9805,0.43987083435058594,0.8780702806654431
941,False,9,9806,0.40700626373291016,0.872187220624515
942,False,9,9807,0.4097461700439453,0.8814060063589189
943,False,9,9808,0.41385579109191895,0.889353062425341
944,False,9,9809,0.43720078468322754,0.9164025201683952
945,False,9,9810,0.4236452579498291,0.847063091893991
946,False,9,9811,0.4071228504180908,0.8899606005066917
947,False,9,9812,0.4505801200866699,0.9054305865651084
948,False,9,9813,0.40645313262939453,0.8465740439437683
949,False,9,9814,0.41820549964904785,0.8667658295127606
950,False,9,9815,0.4331841468811035,0.8988239680017743
951,False,9,9816,0.41783642768859863,0.8646405364076297
952,False,9,9817,0.42371559143066406,0.8849971599522091
953,False,9,9818,0.4551126956939697,0.8371347605827308
954,False,9,9819,0.40769171714782715,0.8722390880187352
955,False,9,9820,0.4205296039581299,0.8718153231200718
956,False,9,9821,0.4403383731842041,0.8706939585861707
957,False,9,9822,0.4201486110687256,0.8838755309226967
958,False,9,9823,0.4092986583709717,0.8572869371800194
959,False,9,9824,0.4333920478820801,0.8973913707193872
960,False,9,9825,0.4191854000091553,0.886873436116037
961,False,9,9826,0.40854835510253906,0.869298028804007
962,False,9,9827,0.4354701042175293,0.8807735152187802
963,False,9,9828,0.4067857265472412,0.8911321890496071
964,False,9,9829,0.4095296859741211,0.8960260699192683
965,False,9,9830,0.42299985885620117,0.9558460776294981
966,False,9,9831,0.4207136631011963,0.9168374861280122
967,False,9,9832,0.4225280284881592,0.8792298113306363
968,False,9,9833,0.40736985206604004,0.8677864023262547
969,False,9,9834,0.44863128662109375,0.9026585732187544
970,False,9,9835,0.40664005279541016,0.854454062790388
971,False,9,9836,0.41288065910339355,0.8717779137548949
972,False,9,9837,0.44962334632873535,0.9086459569987796
973,False,9,9838,0.40908098220825195,0.8467817498104914
974,False,9,9839,0.4221010208129883,0.8578611266400133
975,False,9,9840,0.43773722648620605,0.863446639229854
976,False,9,9841,0.4204854965209961,0.8966252200660252
977,False,9,9842,0.404646635055542,0.8770311659290676
978,False,9,9843,0.4555392265319824,0.898344674635501
979,False,9,9844,0.4209413528442383,0.8316217006317206
980,False,9,9845,0.40761685371398926,0.8429601937532426
981,False,9,9846,0.4097738265991211,0.8750369513318651
982,False,9,9847,0.4741034507751465,0.9562577023392632
983,False,9,9848,0.4100337028503418,0.8992766342347576
984,False,9,9849,0.41815662384033203,0.8635286447547733
985,False,9,9850,0.4397306442260742,0.875778666209607
986,False,9,9851,0.4188835620880127,0.8519126957371121
987,False,9,9852,0.4097917079925537,0.8510271539645535
988,False,9,9853,0.42134642601013184,0.8601966110013779
989,False,9,9854,0.4370155334472656,0.870233559892291
990,False,9,9855,0.4071614742279053,0.893045694700309
991,False,9,9856,0.45305919647216797,0.861196944933562
992,False,9,9857,0.4257926940917969,0.9197586175231707
993,False,9,9858,0.43637752532958984,0.8563554636424497
994,False,9,9859,0.42177438735961914,0.8744630877460753
995,False,9,9860,0.40585851669311523,0.8708493585387868
996,False,9,9861,0.4527106285095215,0.9064953128496805
997,False,9,9862,0.407757043838501,0.879606759973935
998,False,9,9863,0.40914344787597656,0.8423645858253751
999,False,9,9864,0.4510228633880615,0.9078998132830576
1000,False,9,9865,0.40471959114074707,0.8984188217492329
1001,False,9,9866,0.4197700023651123,0.9000147650284428
1002,False,9,9867,0.437070369720459,0.848117233032272
1003,False,9,9868,0.42130422592163086,0.8418692453276543
1004,False,9,9869,0.42175984382629395,0.9031377529636733
1005,False,9,9870,0.43083715438842773,0.833128688058683
1006,False,9,9871,0.4080486297607422,0.837549800141936
1007,False,9,9872,0.40935778617858887,0.8480764070437068
1008,False,9,9873,0.40683817863464355,0.8869012480690365
1009,False,9,9874,0.44869017601013184,0.8520947997236537
1010,False,9,9875,0.4078521728515625,0.9195325913883392
1011,False,9,9876,0.4208974838256836,0.8080608984898955
1012,False,9,9877,0.43567752838134766,0.8494817964023068
1013,False,9,9878,0.40682148933410645,0.9304670968226024
1014,False,9,9879,0.40673303604125977,0.8610236162231084
1015,False,9,9880,0.43395233154296875,0.826481889046374
1016,False,9,9881,0.40820956230163574,0.901789655820245
1017,False,9,9882,0.40752148628234863,0.8612479688156219
1018,False,9,9883,0.4488515853881836,0.8992405846005396
1019,False,9,9884,0.42066168785095215,0.8362866389964309
1020,False,9,9885,0.4074592590332031,0.911718368885063
1021,False,9,9886,0.4405820369720459,0.8903445207646916
1022,False,9,9887,0.40813517570495605,0.8392702101596763
1023,False,9,9888,0.4194605350494385,0.8573007143679119
1024,False,9,9889,0.4066736698150635,0.8447088946898779
1025,False,9,9890,0.41875147819519043,0.9340409735838571
1026,False,9,9891,0.4067370891571045,0.8600332410562609
1027,False,9,9892,0.4213736057281494,0.8995352866394181
1028,False,9,9893,0.4062068462371826,0.8624842464923858
1029,False,9,9894,0.40657520294189453,0.86401018535807
1030,False,9,9895,0.40741705894470215,0.8528957058276448
1031,False,9,9896,0.44996070861816406,0.826595354293074
1032,False,9,9897,0.4078185558319092,0.8267163561568374
1033,False,9,9898,0.4186429977416992,0.8898394599202134
1034,False,9,9899,0.43817591667175293,0.8943746714364916
1035,True,9,9900,0.4551212787628174,0.8160829861604032
1036,False,9,9901,0.4092586040496826,0.9302102142856233
1037,False,9,9902,0.43988871574401855,0.8962320224160238
1038,False,9,9903,0.4223184585571289,0.9312284915220168
1039,False,9,9904,0.40694737434387207,0.8775820033181282
1040,False,9,9905,0.451308012008667,0.8814471392404465
1041,False,9,9906,0.4077720642089844,0.9227270923909686
1042,False,9,9907,0.4111614227294922,0.9120395219042188
1043,False,9,9908,0.4405181407928467,0.9392787537404467
1044,False,9,9909,0.41681838035583496,0.9205765262955712
1045,False,9,9910,0.4093284606933594,0.8947026133537292
1046,False,9,9911,0.4237399101257324,0.8795348363263266
1047,False,9,9912,0.4406447410583496,0.8802081829025631
1048,False,9,9913,0.4195072650909424,0.8391923929254214
1049,False,9,9914,0.4109933376312256,0.9530313916149595
1050,False,9,9915,0.4473762512207031,0.9015557201845305
1051,False,9,9916,0.4072079658508301,0.890836557462102
1052,False,9,9917,0.4067082405090332,0.8594876293625152
1053,False,9,9918,0.4176037311553955,0.8657090727772032
1054,False,9,9919,0.4083437919616699,0.837914438474746
1055,False,9,9920,0.44833946228027344,0.8794645492342255
1056,False,9,9921,0.408825159072876,0.8488353792400586
1057,False,9,9922,0.4401860237121582,0.8885713716348013
1058,False,9,9923,0.42000913619995117,0.8986769034748986
1059,False,9,9924,0.4138505458831787,0.8705344114984783
1060,False,9,9925,0.424907922744751,0.8890709018423444
1061,False,9,9926,0.43657398223876953,0.8972312463890939
1062,False,9,9927,0.41913294792175293,0.8542323094748314
1063,False,9,9928,0.4072694778442383,0.8652996215082349
1064,False,9,9929,0.4520385265350342,0.8589841084820883
1065,False,9,9930,0.4071791172027588,0.8518665780623753
1066,False,9,9931,0.40859532356262207,0.8790818765049891
1067,False,9,9932,0.45400571823120117,0.8435693631569544
1068,False,9,9933,0.4089057445526123,0.8554764127447492
1069,False,9,9934,0.42408180236816406,0.8484548912161873
1070,False,9,9935,0.43363428115844727,0.8672499674416725
1071,False,9,9936,0.4075052738189697,0.8787876995546475
1072,False,9,9937,0.4198484420776367,0.8427380216973169
1073,False,9,9938,0.42995452880859375,0.8521479300799824
1074,False,9,9939,0.4083688259124756,0.8979643703926177
1075,False,9,9940,0.4155693054199219,0.868719047822413
1076,False,9,9941,0.42376708984375,0.818034878444104
1077,False,9,9942,0.42039918899536133,0.8501807617999259
1078,False,9,9943,0.4093937873840332,0.9344217826922735
1079,False,9,9944,0.4193849563598633,0.9320530990759531
1080,False,9,9945,0.40874767303466797,0.8526323214173317
1081,False,9,9946,0.4211769104003906,0.8679735316407117
1082,False,9,9947,0.4078257083892822,0.8636235772144227
1083,False,9,9948,0.41992664337158203,0.8713263149062792
1084,False,9,9949,0.4209463596343994,0.8495967803256851
1085,False,9,9950,0.406890869140625,0.8284176729974292
1086,False,9,9951,0.4464547634124756,0.8837102089254627
1087,False,9,9952,0.41244935989379883,0.8307277521207217
1088,False,9,9953,0.4074587821960449,0.8614368587732315
1089,False,9,9954,0.45244836807250977,0.8829728556530816
1090,False,9,9955,0.4089374542236328,0.8580935043948037
1091,False,9,9956,0.4211390018463135,0.873871387470336
1092,False,9,9957,0.4387497901916504,0.9090634438963163
1093,False,9,9958,0.40805745124816895,0.920947709253856
1094,False,9,9959,0.42255091667175293,0.8851725522960937
1095,False,9,9960,0.43977808952331543,0.8204769705023085
1096,False,9,9961,0.4085509777069092,0.8913097786051886
1097,False,9,9962,0.4240601062774658,0.7884058257830993
1098,False,9,9963,0.4255499839782715,0.852748488386472
1099,False,9,9964,0.4219033718109131,0.8984478530252265
1100,False,9,9965,0.4093284606933594,0.8564606963523794
1101,False,9,9966,0.42215895652770996,0.8670423218891733
1102,False,9,9967,0.4064769744873047,0.8502544036933355
1103,False,9,9968,0.40932345390319824,0.8731187310601983
1104,False,9,9969,0.40926218032836914,0.8187273357595717
1105,False,9,9970,0.44051504135131836,0.8486058243683406
1106,False,9,9971,0.42383289337158203,0.8437319187713521
1107,False,9,9972,0.3233828544616699,0.8825561963908729
0,False,10,9973,0.41937994956970215,0.8946486457827544
1,False,10,9974,0.40969252586364746,0.895471399029096
2,False,10,9975,0.4350292682647705,0.8697911124853859
3,False,10,9976,0.42580628395080566,0.9208651908806395
4,False,10,9977,0.40975475311279297,0.9069802392096746
5,False,10,9978,0.4432506561279297,0.8744476657538187
6,False,10,9979,0.40787720680236816,0.87847417841355
7,False,10,9980,0.42196035385131836,0.857391198121366
8,False,10,9981,0.42493271827697754,0.8695146083122206
9,False,10,9982,0.4065897464752197,0.8893283484947114
10,False,10,9983,0.4093968868255615,0.888836341954413
11,False,10,9984,0.421710729598999,0.8319257497787474
12,False,10,9985,0.4412422180175781,0.8737106731250174
13,False,10,9986,0.40793585777282715,0.8193063154994021
14,False,10,9987,0.40747833251953125,0.8671902921937761
15,False,10,9988,0.44956493377685547,0.8981371174256007
16,False,10,9989,0.40900158882141113,0.9422354084395226
17,False,10,9990,0.4258270263671875,0.9218511134386063
18,False,10,9991,0.43537378311157227,0.8518011633838922
19,False,10,9992,0.4218428134918213,0.9406932500146683
20,False,10,9993,0.40994906425476074,0.8696257585570926
21,False,10,9994,0.43509721755981445,0.8868587449902582
22,False,10,9995,0.4220759868621826,0.8553051469581467
23,False,10,9996,0.40796399116516113,0.8988186447393327
24,False,10,9997,0.44253039360046387,0.8898918664171583
25,False,10,9998,0.4230797290802002,0.8101289637741589
26,False,10,9999,0.40923142433166504,0.8572359961413203
27,True,10,10000,0.48598742485046387,0.8936357437854722
28,False,10,10001,0.40915918350219727,0.8861731255338305
29,False,10,10002,0.4101417064666748,0.9287951617013842
30,False,10,10003,0.43754053115844727,0.882798887257065
31,False,10,10004,0.4078521728515625,0.8978069935526167
32,False,10,10005,0.4238862991333008,0.8845412905017536
33,False,10,10006,0.4069948196411133,0.8685345465228671
34,False,10,10007,0.43502354621887207,0.882905077898786
35,False,10,10008,0.4072096347808838,0.8427445803369794
36,False,10,10009,0.421283483505249,0.9343131752241225
37,False,10,10010,0.43845129013061523,0.889751078472251
38,False,10,10011,0.42052197456359863,0.9397656548590888
39,False,10,10012,0.4182708263397217,0.8516573295706794
40,False,10,10013,0.4377157688140869,0.843622496440297
41,False,10,10014,0.4099118709564209,0.9128815042121069
42,False,10,10015,0.4246561527252197,0.8609964712744665
43,False,10,10016,0.43659305572509766,0.8648395946338064
44,False,10,10017,0.4188981056213379,0.8668600356294994
45,False,10,10018,0.40808701515197754,0.8699134194425173
46,False,10,10019,0.4534609317779541,0.9001551263389133
47,False,10,10020,0.4196443557739258,0.8965197134585607
48,False,10,10021,0.4085383415222168,0.8447841998367084
49,False,10,10022,0.40883851051330566,0.8838081246330625
50,False,10,10023,0.4378786087036133,0.8587492136728196
51,False,10,10024,0.4199373722076416,0.8482453876308033
52,False,10,10025,0.4234199523925781,0.8787878609838942
53,False,10,10026,0.4378018379211426,0.8710076361894608
54,False,10,10027,0.42118382453918457,0.8498085205044066
55,False,10,10028,0.41501545906066895,0.9007212675753092
56,False,10,10029,0.424572229385376,0.9388271506343568
57,False,10,10030,0.4061894416809082,0.8764377984972226
58,False,10,10031,0.4504976272583008,0.9009013835872922
59,False,10,10032,0.4078691005706787,0.8699694630645569
60,False,10,10033,0.4082787036895752,0.8510477010692868
61,False,10,10034,0.4232299327850342,0.8605506987798782
62,False,10,10035,0.4089810848236084,0.9009974797566731
63,False,10,10036,0.4076721668243408,0.821072128202234
64,False,10,10037,0.4287848472595215,0.8513999432325359
65,False,10,10038,0.41973304748535156,0.8718163789737792
66,False,10,10039,0.42327427864074707,0.9040244899335359
67,False,10,10040,0.4363987445831299,0.87233496705691
68,False,10,10041,0.4204106330871582,0.8443604771580016
69,False,10,10042,0.40822291374206543,0.8874622391802923
70,False,10,10043,0.44031596183776855,0.8628652445262387
71,False,10,10044,0.42339539527893066,0.8659120386555081
72,False,10,10045,0.4070932865142822,0.8964001962116785
73,False,10,10046,0.453014612197876,0.847471288981892
74,False,10,10047,0.4074540138244629,0.877539923858075
75,False,10,10048,0.41889071464538574,0.8720975993644624
76,False,10,10049,0.4405965805053711,0.8721717601375922
77,False,10,10050,0.418987512588501,0.8333873301744461
78,False,10,10051,0.42631053924560547,0.8908462403785615
79,False,10,10052,0.43709444999694824,0.8542950742301486
80,False,10,10053,0.4071018695831299,0.8638542663483392
81,False,10,10054,0.4256274700164795,0.8579341105761985
82,False,10,10055,0.4086744785308838,0.9226639118222963
83,False,10,10056,0.4240434169769287,0.8621071065288215
84,False,10,10057,0.41062188148498535,0.8550794053645362
85,False,10,10058,0.42299389839172363,0.8526028282940388
86,False,10,10059,0.40932655334472656,0.8576512789087637
87,False,10,10060,0.4224095344543457,0.9151105639480409
88,False,10,10061,0.40810513496398926,0.8480498180502938
89,False,10,10062,0.45111727714538574,0.8672304756584621
90,False,10,10063,0.4085209369659424,0.8243394433742475
91,False,10,10064,0.42287588119506836,0.8927085640884582
92,False,10,10065,0.44055724143981934,0.8691534112606727
93,False,10,10066,0.4263150691986084,0.8934855553365889
94,False,10,10067,0.40931224822998047,0.8393244023124378
95,False,10,10068,0.45172667503356934,0.8618634375078338
96,False,10,10069,0.4114236831665039,0.8557612810816084
97,False,10,10070,0.4220893383026123,0.8878231325319834
98,False,10,10071,0.4419562816619873,0.8479755134100007
99,False,10,10072,0.4111802577972412,0.8695056952890896
100,False,10,10073,0.4235708713531494,0.836141170312961
101,False,10,10074,0.44332361221313477,0.8546881001620066
102,False,10,10075,0.420788049697876,0.87914263350623
103,False,10,10076,0.4098541736602783,0.8515928685665131
104,False,10,10077,0.4439506530761719,0.8773120790719986
105,False,10,10078,0.40778541564941406,0.9067862172211919
106,False,10,10079,0.4098775386810303,0.86213154984372
107,False,10,10080,0.40747737884521484,0.9192220233380795
108,False,10,10081,0.44791102409362793,0.8694354224772679
109,False,10,10082,0.4068312644958496,0.8647098468527908
110,False,10,10083,0.42234158515930176,0.8664148453445663
111,False,10,10084,0.4339621067047119,0.8935366535470599
112,False,10,10085,0.413149356842041,0.8132152449162233
113,False,10,10086,0.4060206413269043,0.8804553917476109
114,False,10,10087,0.4394237995147705,0.8399608958335149
115,False,10,10088,0.423107385635376,0.8827511057967232
116,False,10,10089,0.40721559524536133,0.8428811977307001
117,False,10,10090,0.4216036796569824,0.8665370054188227
118,False,10,10091,0.4471397399902344,0.8619646092965491
119,False,10,10092,0.40554070472717285,0.8757387644478253
120,False,10,10093,0.42072391510009766,0.8731196352413723
121,False,10,10094,0.43387818336486816,0.8939784779435114
122,False,10,10095,0.41235828399658203,0.8482736221381597
123,False,10,10096,0.44345760345458984,0.8630041160753795
124,False,10,10097,0.4086439609527588,0.8721857947253046
125,False,10,10098,0.4551961421966553,0.8964858558915911
126,False,10,10099,0.4078330993652344,0.8228627325346073
127,True,10,10100,0.45841073989868164,0.8818751678225542
128,False,10,10101,0.45526719093322754,0.8807259283605078
129,False,10,10102,0.40717482566833496,0.8434829914144107
130,False,10,10103,0.42054224014282227,0.8845818624609995
131,False,10,10104,0.4471724033355713,0.9075024582090833
132,False,10,10105,0.4077446460723877,0.8861166919980732
133,False,10,10106,0.4205794334411621,0.8607785964295976
134,False,10,10107,0.4075503349304199,0.9003188340436845
135,False,10,10108,0.4209299087524414,0.9037750774905795
136,False,10,10109,0.40930771827697754,0.8607890776225499
137,False,10,10110,0.4362661838531494,0.9264220205091294
138,False,10,10111,0.41153454780578613,0.8517838166583153
139,False,10,10112,0.40935683250427246,0.8558079046862463
140,False,10,10113,0.4072394371032715,0.8546366766095164
141,False,10,10114,0.43963074684143066,0.8854595990408033
142,False,10,10115,0.40557074546813965,0.8602237020220075
143,False,10,10116,0.4082159996032715,0.84508736147767
144,False,10,10117,0.4515950679779053,0.8262327622090068
145,False,10,10118,0.4225471019744873,0.831512554947819
146,False,10,10119,0.4058043956756592,0.8931132604678471
147,False,10,10120,0.4533884525299072,0.8257574925110455
148,False,10,10121,0.40918850898742676,0.8671136796474456
149,False,10,10122,0.40795135498046875,0.9139344042965344
150,False,10,10123,0.45649218559265137,0.88103969146808
151,False,10,10124,0.4077138900756836,0.8712117295889626
152,False,10,10125,0.42147326469421387,0.8538000871028218
153,False,10,10126,0.43907737731933594,0.8659675635752224
154,False,10,10127,0.42134571075439453,0.8656763994977589
155,False,10,10128,0.4097769260406494,0.8198213637584733
156,False,10,10129,0.4252934455871582,0.8421537776788075
157,False,10,10130,0.4202237129211426,0.8710990019497415
158,False,10,10131,0.4087972640991211,0.8812808153175171
159,False,10,10132,0.4398946762084961,0.8744499495341665
160,False,10,10133,0.40670204162597656,0.8712804924164501
161,False,10,10134,0.40819644927978516,0.8855605047373545
162,False,10,10135,0.41028475761413574,0.8311896111283983
163,False,10,10136,0.42649388313293457,0.8837318576517557
164,False,10,10137,0.42198681831359863,0.903737074917271
165,False,10,10138,0.4073374271392822,0.8868362552353316
166,False,10,10139,0.4488210678100586,0.8743729531055406
167,False,10,10140,0.4055631160736084,0.8402658232620783
168,False,10,10141,0.42197489738464355,0.8771621244294302
169,False,10,10142,0.43317103385925293,0.8788221616830145
170,False,10,10143,0.4207911491394043,0.8145598272482555
171,False,10,10144,0.42241716384887695,0.8453158353056227
172,False,10,10145,0.43880271911621094,0.8775269502685183
173,False,10,10146,0.4078094959259033,0.8918774355025518
174,False,10,10147,0.4216594696044922,0.8220143910674822
175,False,10,10148,0.44036054611206055,0.8733651041984559
176,False,10,10149,0.42078351974487305,0.8477252147027425
177,False,10,10150,0.40706801414489746,0.8917603542407352
178,False,10,10151,0.4185359477996826,0.8763881524403888
179,False,10,10152,0.4422934055328369,0.8319167241099334
180,False,10,10153,0.4079601764678955,0.9164383397215887
181,False,10,10154,0.4076344966888428,0.9082390137371564
182,False,10,10155,0.43554210662841797,0.8526333616602988
183,False,10,10156,0.4215569496154785,0.8634753163371768
184,False,10,10157,0.42715978622436523,0.8394528772859345
185,False,10,10158,0.40769147872924805,0.8653957648646262
186,False,10,10159,0.42226743698120117,0.8456970634205002
187,False,10,10160,0.43898868560791016,0.8590139718282788
188,False,10,10161,0.42134571075439453,0.8481664419883773
189,False,10,10162,0.43159055709838867,0.8638706838800795
190,False,10,10163,0.40773987770080566,0.876073804284845
191,False,10,10164,0.41745638847351074,0.8728043280009713
192,False,10,10165,0.40866637229919434,0.8704727043708165
193,False,10,10166,0.42426562309265137,0.8373554707283066
194,False,10,10167,0.4095039367675781,0.8861405217931381
195,False,10,10168,0.4076371192932129,0.8426309525966644
196,False,10,10169,0.43975281715393066,0.8256389725775947
197,False,10,10170,0.4073066711425781,0.8419224687275433
198,False,10,10171,0.4236922264099121,0.8191545105406217
199,False,10,10172,0.4353039264678955,0.8737725239424478
200,False,10,10173,0.41959381103515625,0.8870376085951216
201,False,10,10174,0.40943074226379395,0.8621020984081994
202,False,10,10175,0.4341399669647217,0.7919520263870556
203,False,10,10176,0.41878175735473633,0.8306739092582747
204,False,10,10177,0.4072856903076172,0.8915966656946003
205,False,10,10178,0.4458620548248291,0.8643345708648363
206,False,10,10179,0.40851902961730957,0.8348798389945713
207,False,10,10180,0.42287230491638184,0.8403208984860351
208,False,10,10181,0.4234588146209717,0.8524413474258924
209,False,10,10182,0.4227316379547119,0.8451656495176612
210,False,10,10183,0.42322754859924316,0.8610601897041003
211,False,10,10184,0.4203681945800781,0.8674030594882511
212,False,10,10185,0.4200446605682373,0.8679869657471064
213,False,10,10186,0.4095125198364258,0.8413142359682492
214,False,10,10187,0.43015599250793457,0.9547784708085514
215,False,10,10188,0.40782761573791504,0.8404968678951263
216,False,10,10189,0.40834856033325195,0.8068228717006387
217,False,10,10190,0.42061567306518555,0.9007255129870915
218,False,10,10191,0.42943406105041504,0.8518387451767921
219,False,10,10192,0.42310476303100586,0.8842281922698023
220,False,10,10193,0.40691351890563965,0.879972741717384
221,False,10,10194,0.45037269592285156,0.8226982693941822
222,False,10,10195,0.4072885513305664,0.8632935345882461
223,False,10,10196,0.42180967330932617,0.8816654760213127
224,False,10,10197,0.4532930850982666,0.8369544738282759
225,False,10,10198,0.40944719314575195,0.8266072750446342
226,False,10,10199,0.40810585021972656,0.8528791800850912
227,True,10,10200,0.4889826774597168,0.8555124533318338
228,False,10,10201,0.40965962409973145,0.8924377049718585
229,False,10,10202,0.42528605461120605,0.93604380105223
230,False,10,10203,0.43997669219970703,0.948012976419358
231,False,10,10204,0.40915822982788086,0.9302315839699334
232,False,10,10205,0.40712952613830566,0.9046804904937743
233,False,10,10206,0.43166494369506836,0.91887657557215
234,False,10,10207,0.4231595993041992,0.906326506464254
235,False,10,10208,0.4088153839111328,0.9179035737400962
236,False,10,10209,0.42093706130981445,0.8190955342281435
237,False,10,10210,0.42356109619140625,0.8881566616750897
238,False,10,10211,0.40773749351501465,0.8936135917901991
239,False,10,10212,0.4312279224395752,0.9286721660977317
240,False,10,10213,0.4056830406188965,0.8876552454062872
241,False,10,10214,0.42176342010498047,0.8179565838405064
242,False,10,10215,0.4077620506286621,0.8452077834379105
243,False,10,10216,0.45025110244750977,0.8693295206342423
244,False,10,10217,0.40859341621398926,0.9154951944947245
245,False,10,10218,0.40668177604675293,0.9126993034567151
246,False,10,10219,0.45046567916870117,0.9107880521388283
247,False,10,10220,0.40799498558044434,0.8598688862153462
248,False,10,10221,0.4246635437011719,0.8558214239421346
249,False,10,10222,0.40639519691467285,0.8736683981759208
250,False,10,10223,0.41753411293029785,0.8684657931860005
251,False,10,10224,0.44495177268981934,0.8254771186482338
252,False,10,10225,0.4073655605316162,0.8994635187444233
253,False,10,10226,0.4434359073638916,0.8511935015696855
254,False,10,10227,0.40821242332458496,0.889763920080094
255,False,10,10228,0.409130334854126,0.8721957180116858
256,False,10,10229,0.40700745582580566,0.8377378001099541
257,False,10,10230,0.42575955390930176,0.8520060243705908
258,False,10,10231,0.42241954803466797,0.8857464325569924
259,False,10,10232,0.4041903018951416,0.8894274068020639
260,False,10,10233,0.45090556144714355,0.8572251548369727
261,False,10,10234,0.407947301864624,0.8790953922129813
262,False,10,10235,0.4202103614807129,0.8700835452902884
263,False,10,10236,0.45081520080566406,0.8635616827578774
264,False,10,10237,0.4080936908721924,0.8883476094121026
265,False,10,10238,0.41103196144104004,0.8703646127666745
266,False,10,10239,0.442807674407959,0.8882118853784744
267,False,10,10240,0.40972256660461426,0.8702256736301238
268,False,10,10241,0.42139244079589844,0.8522714325892075
269,False,10,10242,0.4427812099456787,0.9261986577794664
270,False,10,10243,0.41907286643981934,0.8517786576634363
271,False,10,10244,0.40938854217529297,0.888450291894731
272,False,10,10245,0.4432346820831299,0.8523063233920506
273,False,10,10246,0.4091475009918213,0.8499000822859151
274,False,10,10247,0.4096384048461914,0.9234555541049866
275,False,10,10248,0.40596747398376465,0.8834698040570531
276,False,10,10249,0.4207184314727783,0.894423292506309
277,False,10,10250,0.4084441661834717,0.8803257239716396
278,False,10,10251,0.416642427444458,0.877407975140072
279,False,10,10252,0.40613746643066406,0.869893930142834
280,False,10,10253,0.4220612049102783,0.8873598433676219
281,False,10,10254,0.4080181121826172,0.8580283144755024
282,False,10,10255,0.4488708972930908,0.8950502900850207
283,False,10,10256,0.4057612419128418,0.8718298751683462
284,False,10,10257,0.4222574234008789,0.8239910563542727
285,False,10,10258,0.43335890769958496,0.858950656262182
286,False,10,10259,0.40826988220214844,0.8657439134660221
287,False,10,10260,0.40847039222717285,0.8869475410098122
288,False,10,10261,0.4338500499725342,0.8260010076420645
289,False,10,10262,0.4233267307281494,0.8530205864281881
290,False,10,10263,0.42421865463256836,0.8994343734922863
291,False,10,10264,0.4387814998626709,0.8792933010984035
292,False,10,10265,0.4200582504272461,0.9250243433884212
293,False,10,10266,0.406602144241333,0.8802279269411453
294,False,10,10267,0.45171308517456055,0.8699352865417798
295,False,10,10268,0.40792131423950195,0.8420685695572976
296,False,10,10269,0.40766429901123047,0.8508233248832681
297,False,10,10270,0.41505908966064453,0.8619372653109687
298,False,10,10271,0.4076402187347412,0.8308857454962674
299,False,10,10272,0.4218776226043701,0.8307033006456638
300,False,10,10273,0.4075276851654053,0.8877234650509698
301,False,10,10274,0.44562745094299316,0.8928068443423225
302,False,10,10275,0.4064199924468994,0.8162698348363241
303,False,10,10276,0.4077439308166504,0.8904026846090952
304,False,10,10277,0.45537757873535156,0.8908706257740656
305,False,10,10278,0.40936708450317383,0.8659751890670685
306,False,10,10279,0.4059271812438965,0.8582565294844762
307,False,10,10280,0.4409825801849365,0.8631977967563129
308,False,10,10281,0.4074592590332031,0.8521708457597665
309,False,10,10282,0.41040802001953125,0.8914729942168508
310,False,10,10283,0.4077446460723877,0.8883247666415716
311,False,10,10284,0.45116448402404785,0.8641656168869563
312,False,10,10285,0.40554189682006836,0.8942376254569914
313,False,10,10286,0.4215240478515625,0.8237269013410522
314,False,10,10287,0.4371182918548584,0.8370625311065287
315,False,10,10288,0.42394351959228516,0.8860923846562703
316,False,10,10289,0.4514598846435547,0.8149855410059293
317,False,10,10290,0.4089014530181885,0.8835682471593221
318,False,10,10291,0.45121121406555176,0.8814636436956269
319,False,10,10292,0.40958094596862793,0.8375127280042287
320,False,10,10293,0.40991735458374023,0.8054906014530432
321,False,10,10294,0.4186379909515381,0.8386281349119685
322,False,10,10295,0.40807509422302246,0.8662899278459096
323,False,10,10296,0.42472195625305176,0.837720978472914
324,False,10,10297,0.40851259231567383,0.8974283674643151
325,False,10,10298,0.4467806816101074,0.8629321264369146
326,False,10,10299,0.40521693229675293,0.8242788020344007
327,True,10,10300,0.460054874420166,0.8404734532038372
328,False,10,10301,0.43538880348205566,0.8958315643526259
329,False,10,10302,0.4123828411102295,0.923547728430657
330,False,10,10303,0.40935254096984863,0.919990347964423
331,False,10,10304,0.4531056880950928,0.8484068800296103
332,False,10,10305,0.4087986946105957,0.8783834835603123
333,False,10,10306,0.42187929153442383,0.8606263594258399
334,False,10,10307,0.4376223087310791,0.9039417327869504
335,False,10,10308,0.40860724449157715,0.8438829972985243
336,False,10,10309,0.4084665775299072,0.862319334986664
337,False,10,10310,0.43992090225219727,0.8864656005586898
338,False,10,10311,0.42161035537719727,0.8524475651127954
339,False,10,10312,0.40685153007507324,0.8524477336378325
340,False,10,10313,0.4426248073577881,0.8548113251371042
341,False,10,10314,0.40647363662719727,0.8687854622091568
342,False,10,10315,0.42319536209106445,0.8876217185031801
343,False,10,10316,0.43306922912597656,0.8499878162429447
344,False,10,10317,0.4068922996520996,0.8550107084392083
345,False,10,10318,0.4209787845611572,0.8212334421418961
346,False,10,10319,0.40747761726379395,0.8432081575904575
347,False,10,10320,0.43698763847351074,0.8480589035011472
348,False,10,10321,0.40876007080078125,0.8549330333868662
349,False,10,10322,0.40585851669311523,0.8484110420658476
350,False,10,10323,0.45079779624938965,0.8364367903698058
351,False,10,10324,0.40716123580932617,0.886053570679256
352,False,10,10325,0.42451906204223633,0.8525061497376077
353,False,10,10326,0.43439459800720215,0.8753471711561793
354,False,10,10327,0.42249441146850586,0.8562942878121421
355,False,10,10328,0.40568041801452637,0.8722621327532188
356,False,10,10329,0.43811583518981934,0.8534232197063308
357,False,10,10330,0.40810585021972656,0.8571719264700299
358,False,10,10331,0.40699219703674316,0.8931179756209963
359,False,10,10332,0.4362368583679199,0.8730620280617759
360,False,10,10333,0.4218285083770752,0.8812798568535418
361,False,10,10334,0.4079403877258301,0.8567265754654293
362,False,10,10335,0.42142152786254883,0.8246302941725367
363,False,10,10336,0.4061274528503418,0.8607671282121112
364,False,10,10337,0.42290687561035156,0.8689216098615101
365,False,10,10338,0.4058089256286621,0.8268440853626957
366,False,10,10339,0.4352293014526367,0.8424365421136221
367,False,10,10340,0.40688586235046387,0.8433413044327782
368,False,10,10341,0.40765857696533203,0.8682261464141664
369,False,10,10342,0.4503192901611328,0.8536471745797567
370,False,10,10343,0.4203526973724365,0.8151747946228299
371,False,10,10344,0.40647292137145996,0.9030213497933887
372,False,10,10345,0.4490776062011719,0.8602733157929922
373,False,10,10346,0.4069836139678955,0.8677292987704276
374,False,10,10347,0.40880703926086426,0.8350070079877263
375,False,10,10348,0.40692734718322754,0.8880392256237212
376,False,10,10349,0.43795180320739746,0.9088464088383172
377,False,10,10350,0.4204714298248291,0.842280979667391
378,False,10,10351,0.40798473358154297,0.8420577418236508
379,False,10,10352,0.4511561393737793,0.8580524087661787
380,False,10,10353,0.41051244735717773,0.8570112330572945
381,False,10,10354,0.45206165313720703,0.8910070544197445
382,False,10,10355,0.4215419292449951,0.8475278544993627
383,False,10,10356,0.45651912689208984,0.8514218057195345
384,False,10,10357,0.4090454578399658,0.8560506852254981
385,False,10,10358,0.4232203960418701,0.8276284152553196
386,False,10,10359,0.4403195381164551,0.8218202864130338
387,False,10,10360,0.4136345386505127,0.8606131516751788
388,False,10,10361,0.41027092933654785,0.8398470686127743
389,False,10,10362,0.4085369110107422,0.8276705351613817
390,False,10,10363,0.42334532737731934,0.8980299883655137
391,False,10,10364,0.4094879627227783,0.9074512517877988
392,False,10,10365,0.4242255687713623,0.8512938114858809
393,False,10,10366,0.4077596664428711,0.8596091822144531
394,False,10,10367,0.4098672866821289,0.8613456356383506
395,False,10,10368,0.4226343631744385,0.8469078072479792
396,False,10,10369,0.40740084648132324,0.8538520847048076
397,False,10,10370,0.42188405990600586,0.8905838947920572
398,False,10,10371,0.40821123123168945,0.8623263032308647
399,False,10,10372,0.44964122772216797,0.8800089295421328
400,False,10,10373,0.412961483001709,0.89554853169691
401,False,10,10374,0.4222426414489746,0.8864570703534854
402,False,10,10375,0.43505191802978516,0.8767291396146728
403,False,10,10376,0.4116027355194092,0.8609495138128599
404,False,10,10377,0.40854454040527344,0.8560292043146632
405,False,10,10378,0.4358065128326416,0.8193423520064069
406,False,10,10379,0.42137622833251953,0.8515228909395992
407,False,10,10380,0.40863680839538574,0.8619212430147897
408,False,10,10381,0.4547395706176758,0.9026975376265389
409,False,10,10382,0.4234132766723633,0.8934411661965505
410,False,10,10383,0.4106612205505371,0.8250232750461215
411,False,10,10384,0.421588659286499,0.8502936645277909
412,False,10,10385,0.409395694732666,0.8520626347689402
413,False,10,10386,0.4221537113189697,0.8547885662743023
414,False,10,10387,0.40877294540405273,0.8506497996194021
415,False,10,10388,0.4285914897918701,0.8194984268574486
416,False,10,10389,0.4231913089752197,0.8453020364755675
417,False,10,10390,0.4070439338684082,0.8516266392100426
418,False,10,10391,0.44861483573913574,0.8568861441952843
419,False,10,10392,0.4090898036956787,0.8377813065335863
420,False,10,10393,0.4233977794647217,0.8330000926341329
421,False,10,10394,0.44321751594543457,0.8479895641406379
422,False,10,10395,0.4093461036682129,0.9078600037665595
423,False,10,10396,0.4124307632446289,0.9010573512031916
424,False,10,10397,0.45581984519958496,0.9034382700920104
425,False,10,10398,0.40850019454956055,0.8468075642983119
426,False,10,10399,0.4221491813659668,0.8589525112793558
427,True,10,10400,0.47912168502807617,0.8643218869609492
428,False,10,10401,0.40821170806884766,0.9118063478242782
429,False,10,10402,0.4098634719848633,0.9194065444171431
430,False,10,10403,0.4104313850402832,0.8812969057332901
431,False,10,10404,0.4236471652984619,0.8532208048162008
432,False,10,10405,0.40831708908081055,0.8600574840037595
433,False,10,10406,0.4094736576080322,0.8169572165324573
434,False,10,10407,0.40657734870910645,0.8643659459693092
435,False,10,10408,0.4216313362121582,0.8947186945449735
436,False,10,10409,0.4133021831512451,0.8517786619209106
437,False,10,10410,0.4350287914276123,0.8400422689460574
438,False,10,10411,0.4235494136810303,0.8862691095897131
439,False,10,10412,0.40856289863586426,0.9056699219204132
440,False,10,10413,0.4433879852294922,0.8398697781598282
441,False,10,10414,0.40640854835510254,0.8421659774723508
442,False,10,10415,0.42111968994140625,0.850427009165287
443,False,10,10416,0.4087100028991699,0.8979986412894161
444,False,10,10417,0.43778038024902344,0.8467913436747735
445,False,10,10418,0.42317748069763184,0.8731977162616594
446,False,10,10419,0.4382905960083008,0.8411556290728704
447,False,10,10420,0.42138051986694336,0.8463360067634357
448,False,10,10421,0.4520561695098877,0.8502785637974741
449,False,10,10422,0.40931177139282227,0.8411246130154246
450,False,10,10423,0.40881776809692383,0.8396393968945458
451,False,10,10424,0.45587921142578125,0.9089926261277425
452,False,10,10425,0.4088172912597656,0.8595548541772932
453,False,10,10426,0.4206089973449707,0.8755806098204285
454,False,10,10427,0.43521690368652344,0.813027623153868
455,False,10,10428,0.4212653636932373,0.8622414263940993
456,False,10,10429,0.406876802444458,0.8654515321056048
457,False,10,10430,0.40681004524230957,0.8578666955942199
458,False,10,10431,0.406552791595459,0.8707993906878291
459,False,10,10432,0.40941691398620605,0.8756027594208717
460,False,10,10433,0.40482425689697266,0.8455323296643441
461,False,10,10434,0.42009854316711426,0.8378255168596903
462,False,10,10435,0.4073965549468994,0.8614623684968268
463,False,10,10436,0.40702342987060547,0.8739332255153429
464,False,10,10437,0.4380655288696289,0.9197501898521471
465,False,10,10438,0.4223616123199463,0.8899622818543798
466,False,10,10439,0.4080476760864258,0.8572918197938375
467,False,10,10440,0.4525797367095947,0.8956516505706877
468,False,10,10441,0.407257080078125,0.8497821552058062
469,False,10,10442,0.40582919120788574,0.8276358395814896
470,False,10,10443,0.4545481204986572,0.8553024764571872
471,False,10,10444,0.40880537033081055,0.8598352102119298
472,False,10,10445,0.42263174057006836,0.8899447697968709
473,False,10,10446,0.43539977073669434,0.8066994959399814
474,False,10,10447,0.42165637016296387,0.8463373262257804
475,False,10,10448,0.420180082321167,0.9813154985507329
476,False,10,10449,0.44005298614501953,0.9142480428729739
477,False,10,10450,0.4065868854522705,0.9770711522017207
478,False,10,10451,0.4091789722442627,0.8884875039969172
479,False,10,10452,0.40788936614990234,0.8558140471577643
480,False,10,10453,0.4100611209869385,0.8477127612346692
481,False,10,10454,0.407590389251709,0.8577259670765626
482,False,10,10455,0.4304656982421875,0.9679577449957528
483,False,10,10456,0.40776824951171875,0.8751259612895194
484,False,10,10457,0.4215102195739746,0.8247182717812914
485,False,10,10458,0.40790486335754395,0.8276459599534671
486,False,10,10459,0.45261120796203613,0.8379645730767931
487,False,10,10460,0.42006778717041016,0.8977683686784336
488,False,10,10461,0.4098091125488281,0.8840208149382045
489,False,10,10462,0.45062899589538574,0.8454372992827777
490,False,10,10463,0.4094882011413574,0.9049395010584877
491,False,10,10464,0.4102644920349121,0.9014440150487989
492,False,10,10465,0.45422863960266113,0.9173539933704193
493,False,10,10466,0.4092838764190674,0.8950919590535616
494,False,10,10467,0.422069787979126,0.8640866836621647
495,False,10,10468,0.4436957836151123,0.9190249137935186
496,False,10,10469,0.4156935214996338,0.8748561275147257
497,False,10,10470,0.40947771072387695,0.8252794428595476
498,False,10,10471,0.40807104110717773,0.8683557435870171
499,False,10,10472,0.40813612937927246,0.8851355853534878
500,False,10,10473,0.41582608222961426,0.8914612503278823
501,False,10,10474,0.421750545501709,0.8358382422122218
502,False,10,10475,0.45261669158935547,0.8599828886134284
503,False,10,10476,0.40911388397216797,0.8265662072669893
504,False,10,10477,0.4226071834564209,0.8466568482773644
505,False,10,10478,0.4395575523376465,0.8505349809392576
506,False,10,10479,0.41509556770324707,0.9030429699591228
507,False,10,10480,0.41107988357543945,0.880768231160584
508,False,10,10481,0.4082674980163574,0.8835506627247448
509,False,10,10482,0.4237046241760254,0.9079084527634437
510,False,10,10483,0.4263463020324707,0.851913841707366
511,False,10,10484,0.4233672618865967,0.8567081163859082
512,False,10,10485,0.40830326080322266,0.8504074946755453
513,False,10,10486,0.44063663482666016,0.8649884178524924
514,False,10,10487,0.4197351932525635,0.8351488493028143
515,False,10,10488,0.40918564796447754,0.852263630146072
516,False,10,10489,0.451540470123291,0.890381558310418
517,False,10,10490,0.40822267532348633,0.8358438813260624
518,False,10,10491,0.4091212749481201,0.87465991292681
519,False,10,10492,0.4567074775695801,0.8304108814114617
520,False,10,10493,0.40964388847351074,0.8463333483253207
521,False,10,10494,0.42258548736572266,0.8731585939725242
522,False,10,10495,0.44003868103027344,0.8509204518936928
523,False,10,10496,0.4109187126159668,0.859350446434248
524,False,10,10497,0.40828824043273926,0.8422882173742567
525,False,10,10498,0.4397165775299072,0.8278411137206214
526,False,10,10499,0.4082317352294922,0.8837615038667406
527,True,10,10500,0.4649322032928467,0.8679669265236174
528,False,10,10501,0.42871570587158203,0.8622869905971347
529,False,10,10502,0.41530871391296387,0.8689884912400017
530,False,10,10503,0.40948057174682617,0.8848969787359235
531,False,10,10504,0.42643141746520996,0.8426949247008279
532,False,10,10505,0.42296481132507324,0.8750838314493496
533,False,10,10506,0.41000962257385254,0.9002427543912617
534,False,10,10507,0.43990588188171387,0.9396732059263048
535,False,10,10508,0.4086318016052246,0.8659390431074869
536,False,10,10509,0.41544651985168457,0.8710750568480718
537,False,10,10510,0.40796494483947754,0.8999298371019817
538,False,10,10511,0.40856266021728516,0.8253921178125201
539,False,10,10512,0.4127693176269531,0.8558015543080509
540,False,10,10513,0.42169690132141113,0.8828983746823807
541,False,10,10514,0.4415860176086426,0.8393986459289278
542,False,10,10515,0.42535400390625,0.8289709767947593
543,False,10,10516,0.40973377227783203,0.854016586428597
544,False,10,10517,0.45149946212768555,0.8503486322505132
545,False,10,10518,0.4075181484222412,0.8331562085520654
546,False,10,10519,0.4159083366394043,0.8804513812065126
547,False,10,10520,0.43410253524780273,0.8870456756225654
548,False,10,10521,0.4078545570373535,0.9122704412965547
549,False,10,10522,0.42369651794433594,0.8802721759393103
550,False,10,10523,0.4393010139465332,0.9004770779893512
551,False,10,10524,0.4217565059661865,0.8807142142738614
552,False,10,10525,0.40759968757629395,0.8580139506430854
553,False,10,10526,0.4534432888031006,0.8299242588026182
554,False,10,10527,0.42185163497924805,0.8407208126570497
555,False,10,10528,0.4087259769439697,0.844647460750171
556,False,10,10529,0.4212319850921631,0.8793241147484099
557,False,10,10530,0.4087677001953125,0.9039403672019641
558,False,10,10531,0.41614437103271484,0.8716509257044109
559,False,10,10532,0.40769028663635254,0.8411416787476766
560,False,10,10533,0.43909215927124023,0.8945136488903138
561,False,10,10534,0.42336344718933105,0.8584527571996056
562,False,10,10535,0.4073967933654785,0.8953977958077477
563,False,10,10536,0.4537222385406494,0.846777395123527
564,False,10,10537,0.413665771484375,0.8889573262560935
565,False,10,10538,0.42401957511901855,0.8574829035926433
566,False,10,10539,0.4412577152252197,0.8522019716245788
567,False,10,10540,0.4073944091796875,0.8854694029405004
568,False,10,10541,0.42096829414367676,0.8688421511933918
569,False,10,10542,0.40908074378967285,0.8542264650265375
570,False,10,10543,0.44354701042175293,0.8413990782130333
571,False,10,10544,0.4223778247833252,0.8797870736036982
572,False,10,10545,0.4079623222351074,0.882703905304273
573,False,10,10546,0.45169854164123535,0.8476011259924798
574,False,10,10547,0.408557653427124,0.8595732375979424
575,False,10,10548,0.44954419136047363,0.8460563676697866
576,False,10,10549,0.40755152702331543,0.8875015892443203
577,False,10,10550,0.4331982135772705,0.8770228808834439
578,False,10,10551,0.40911221504211426,0.84531516776908
579,False,10,10552,0.40885162353515625,0.8929064997604915
580,False,10,10553,0.42116689682006836,0.891541523238023
581,False,10,10554,0.4205930233001709,0.8335229550443943
582,False,10,10555,0.40987253189086914,0.860169184349832
583,False,10,10556,0.42214226722717285,0.9313118968691146
584,False,10,10557,0.4350004196166992,0.8787091172167231
585,False,10,10558,0.4203321933746338,0.902025505900383
586,False,10,10559,0.4066734313964844,0.8440603008937266
587,False,10,10560,0.4526553153991699,0.8652103440392584
588,False,10,10561,0.40768957138061523,0.8475354045097317
589,False,10,10562,0.408733606338501,0.860459780054433
590,False,10,10563,0.45446014404296875,0.8401840797492436
591,False,10,10564,0.40869832038879395,0.9182834593313081
592,False,10,10565,0.4079766273498535,0.8269873399819648
593,False,10,10566,0.45409274101257324,0.8598052013133253
594,False,10,10567,0.4072439670562744,0.8863419379506793
595,False,10,10568,0.4192492961883545,0.8712730432550114
596,False,10,10569,0.43984198570251465,0.8665584410939897
597,False,10,10570,0.40860700607299805,0.8508014356096586
598,False,10,10571,0.4224095344543457,0.8496517397108532
599,False,10,10572,0.4277172088623047,0.7988895009316151
600,False,10,10573,0.4221024513244629,0.8324500327663762
601,False,10,10574,0.4087400436401367,0.8402084360520046
602,False,10,10575,0.438091516494751,0.845267080834934
603,False,10,10576,0.4079020023345947,0.8784816162217232
604,False,10,10577,0.409848690032959,0.85477452760651
605,False,10,10578,0.4079306125640869,0.8511635794171265
606,False,10,10579,0.44928860664367676,0.8479156147333838
607,False,10,10580,0.40824031829833984,0.8493621336917083
608,False,10,10581,0.4095728397369385,0.8281707605790525
609,False,10,10582,0.43739843368530273,0.846606881135986
610,False,10,10583,0.4225039482116699,0.8434106798044274
611,False,10,10584,0.4095292091369629,0.8685121039549512
612,False,10,10585,0.4531552791595459,0.8967466624010177
613,False,10,10586,0.40863609313964844,0.82266974236284
614,False,10,10587,0.4085812568664551,0.8295988193934872
615,False,10,10588,0.4533853530883789,0.8605420594768866
616,False,10,10589,0.4086344242095947,0.8972391791286923
617,False,10,10590,0.4203488826751709,0.8339267483069783
618,False,10,10591,0.44239020347595215,0.834711184813863
619,False,10,10592,0.4209151268005371,0.8252450181614785
620,False,10,10593,0.42232203483581543,0.8340138012454624
621,False,10,10594,0.43374061584472656,0.8257535790935869
622,False,10,10595,0.407301664352417,0.8441004263503212
623,False,10,10596,0.410707950592041,0.8461729273909615
624,False,10,10597,0.4085078239440918,0.8421711659147628
625,False,10,10598,0.42529940605163574,0.8194777209843909
626,False,10,10599,0.4085524082183838,0.8512585241170156
627,True,10,10600,0.47962212562561035,0.8534907776684989
628,False,10,10601,0.4067261219024658,0.8837713719833465
629,False,10,10602,0.41042423248291016,0.8495545231160663
630,False,10,10603,0.4082801342010498,0.8391455475773129
631,False,10,10604,0.4393186569213867,0.8931519626861527
632,False,10,10605,0.42483019828796387,0.8870622643402644
633,False,10,10606,0.4196467399597168,0.8265000886860348
634,False,10,10607,0.4376978874206543,0.9060210997150059
635,False,10,10608,0.4190359115600586,0.86210508910673
636,False,10,10609,0.4087369441986084,0.8761369543416159
637,False,10,10610,0.4197869300842285,0.8556909703073047
638,False,10,10611,0.40778040885925293,0.8638880692777179
639,False,10,10612,0.44963669776916504,0.8601534778163547
640,False,10,10613,0.40777039527893066,0.9072992922294709
641,False,10,10614,0.4069790840148926,0.8816335187071846
642,False,10,10615,0.42484068870544434,0.8582202139354888
643,False,10,10616,0.40786290168762207,0.830388124500002
644,False,10,10617,0.40939950942993164,0.8419645850857101
645,False,10,10618,0.4305155277252197,0.8833050642694747
646,False,10,10619,0.4072439670562744,0.8726088993606114
647,False,10,10620,0.42107510566711426,0.8221382019775256
648,False,10,10621,0.43887782096862793,0.8830223849841526
649,False,10,10622,0.407745361328125,0.8425169640353748
650,False,10,10623,0.40800023078918457,0.908180812994639
651,False,10,10624,0.44286179542541504,0.8421712148757209
652,False,10,10625,0.4136934280395508,0.8993770128914285
653,False,10,10626,0.4071357250213623,0.8413064206639926
654,False,10,10627,0.4513683319091797,0.8462982145803315
655,False,10,10628,0.4082963466644287,0.851891086924644
656,False,10,10629,0.4192018508911133,0.8520373758815583
657,False,10,10630,0.4087958335876465,0.8434708764155706
658,False,10,10631,0.421475887298584,0.8613680941717964
659,False,10,10632,0.4233131408691406,0.8628925379543073
660,False,10,10633,0.40735769271850586,0.9124148878313246
661,False,10,10634,0.42101025581359863,0.8555021775620325
662,False,10,10635,0.4087212085723877,0.8601987872804914
663,False,10,10636,0.42192769050598145,0.8638204502917469
664,False,10,10637,0.41277289390563965,0.8507764318159649
665,False,10,10638,0.4098982810974121,0.8702090269043332
666,False,10,10639,0.40697646141052246,0.8535442396643614
667,False,10,10640,0.43864011764526367,0.8402329484621682
668,False,10,10641,0.4235849380493164,0.8767661892232441
669,False,10,10642,0.40691232681274414,0.8602343354196773
670,False,10,10643,0.45630478858947754,0.8216283660204636
671,False,10,10644,0.4076871871948242,0.8534663028660273
672,False,10,10645,0.42098140716552734,0.8472181980808574
673,False,10,10646,0.4527711868286133,0.8857086038305644
674,False,10,10647,0.41199374198913574,0.8561850335626373
675,False,10,10648,0.4200589656829834,0.8768488750571296
676,False,10,10649,0.4377894401550293,0.9144499869573685
677,False,10,10650,0.4068725109100342,0.9023804295630682
678,False,10,10651,0.4099898338317871,0.8298360925345193
679,False,10,10652,0.42287588119506836,0.8310888723603317
680,False,10,10653,0.4225146770477295,0.8755215253858338
681,False,10,10654,0.40924954414367676,0.8391516300893965
682,False,10,10655,0.4408695697784424,0.863559915196328
683,False,10,10656,0.40822792053222656,0.8487605229020119
684,False,10,10657,0.4205329418182373,0.8633200788781757
685,False,10,10658,0.4072592258453369,0.8475883510850722
686,False,10,10659,0.406536340713501,0.8610447620352107
687,False,10,10660,0.42090535163879395,0.8221477749092239
688,False,10,10661,0.40628695487976074,0.8677566239521617
689,False,10,10662,0.4497804641723633,0.8545839271197714
690,False,10,10663,0.4098625183105469,0.8360969498753549
691,False,10,10664,0.4057192802429199,0.8286519043502356
692,False,10,10665,0.45195579528808594,0.8668820410966872
693,False,10,10666,0.4070475101470947,0.8747014119511558
694,False,10,10667,0.4208059310913086,0.9172258050668808
695,False,10,10668,0.43961000442504883,0.8330882723842348
696,False,10,10669,0.4076368808746338,0.8377876012098222
697,False,10,10670,0.40737152099609375,0.8812995070502873
698,False,10,10671,0.4207000732421875,0.8044022999349095
699,False,10,10672,0.4481208324432373,0.8313144860523088
700,False,10,10673,0.40860438346862793,0.8204364221365679
701,False,10,10674,0.4077327251434326,0.9098729306743261
702,False,10,10675,0.4511301517486572,0.8853921539017132
703,False,10,10676,0.4107191562652588,0.8335640166132221
704,False,10,10677,0.4496042728424072,0.8745506217791921
705,False,10,10678,0.4089987277984619,0.853941685741856
706,False,10,10679,0.4393422603607178,0.8820342176726884
707,False,10,10680,0.4206275939941406,0.833681145949023
708,False,10,10681,0.4062178134918213,0.8215894585564022
709,False,10,10682,0.44533395767211914,0.8177614538442521
710,False,10,10683,0.4086189270019531,0.8900370328199295
711,False,10,10684,0.4211399555206299,0.8707627199944995
712,False,10,10685,0.42080068588256836,0.8420356828719378
713,False,10,10686,0.4091644287109375,0.830140796445665
714,False,10,10687,0.41142725944519043,0.8278651961258481
715,False,10,10688,0.4073903560638428,0.8800572014990308
716,False,10,10689,0.4084634780883789,0.8312692397407121
717,False,10,10690,0.42406320571899414,0.8094468581534566
718,False,10,10691,0.40747690200805664,0.8524296301461399
719,False,10,10692,0.4226841926574707,0.8675003172386261
720,False,10,10693,0.408829927444458,0.9174858203956058
721,False,10,10694,0.4226691722869873,0.8803104190599349
722,False,10,10695,0.43805384635925293,0.8598965562525249
723,False,10,10696,0.4149796962738037,0.8467317090502807
724,False,10,10697,0.4076354503631592,0.8591197448826969
725,False,10,10698,0.4521982669830322,0.8423286115839368
726,False,10,10699,0.40715932846069336,0.8285683682631879
727,True,10,10700,0.46211838722229004,0.8271511888929775
728,False,10,10701,0.4350612163543701,0.9419051053978147
729,False,10,10702,0.42053818702697754,0.8949137039127805
730,False,10,10703,0.40958595275878906,0.9322351423047838
731,False,10,10704,0.43798065185546875,0.8696343785240537
732,False,10,10705,0.4213898181915283,0.8559147374970573
733,False,10,10706,0.4069244861602783,0.9129177346116022
734,False,10,10707,0.4491591453552246,0.8530563669545311
735,False,10,10708,0.40765905380249023,0.8598335041176707
736,False,10,10709,0.4070868492126465,0.9144445622251147
737,False,10,10710,0.4078359603881836,0.8779865013701574
738,False,10,10711,0.4200105667114258,0.8862772527195159
739,False,10,10712,0.4440441131591797,0.9063346953619096
740,False,10,10713,0.4070882797241211,0.8526446549665361
741,False,10,10714,0.40714454650878906,0.8844555531229291
742,False,10,10715,0.4069383144378662,0.9170634484007244
743,False,10,10716,0.4076390266418457,0.82534998832714
744,False,10,10717,0.44681239128112793,0.9065377556142352
745,False,10,10718,0.40769219398498535,0.8509872094506309
746,False,10,10719,0.42047858238220215,0.867220722493671
747,False,10,10720,0.4360625743865967,0.8591920470907575
748,False,10,10721,0.40965700149536133,0.8888395272550128
749,False,10,10722,0.4072225093841553,0.8583322845044592
750,False,10,10723,0.43453073501586914,0.8940023779869081
751,False,10,10724,0.42326855659484863,0.8480711989104747
752,False,10,10725,0.42262768745422363,0.8397004132469497
753,False,10,10726,0.44332218170166016,0.8854503943806602
754,False,10,10727,0.4196145534515381,0.857574169834455
755,False,10,10728,0.4093306064605713,0.8676732821123939
756,False,10,10729,0.4381077289581299,0.8193206205254508
757,False,10,10730,0.4068605899810791,0.8478554745337793
758,False,10,10731,0.4071040153503418,0.8295578161875407
759,False,10,10732,0.4093506336212158,0.8557836349521364
760,False,10,10733,0.43794870376586914,0.8763437264022373
761,False,10,10734,0.4215259552001953,0.8686870897100085
762,False,10,10735,0.40686607360839844,0.8398383355566434
763,False,10,10736,0.44843554496765137,0.8634567179140591
764,False,10,10737,0.4063270092010498,0.8552455887908026
765,False,10,10738,0.40929651260375977,0.8545788948734601
766,False,10,10739,0.4201505184173584,0.8769878759270623
767,False,10,10740,0.44382572174072266,0.9274865704632942
768,False,10,10741,0.4099435806274414,0.8850869334169796
769,False,10,10742,0.44639015197753906,0.838156829632464
770,False,10,10743,0.4091043472290039,0.889488195379575
771,False,10,10744,0.4531388282775879,0.8741361337403457
772,False,10,10745,0.40860629081726074,0.8819352565776734
773,False,10,10746,0.40839147567749023,0.8934892096689772
774,False,10,10747,0.45432424545288086,0.8877034400190628
775,False,10,10748,0.4057466983795166,0.8781940589348476
776,False,10,10749,0.41654014587402344,0.882273725810505
777,False,10,10750,0.43483686447143555,0.8140257561490648
778,False,10,10751,0.40860652923583984,0.8463695695002874
779,False,10,10752,0.41882920265197754,0.8448946216986293
780,False,10,10753,0.43857240676879883,0.8476246755037987
781,False,10,10754,0.40808606147766113,0.8382622989870253
782,False,10,10755,0.41293764114379883,0.8879442768437521
783,False,10,10756,0.42220377922058105,0.8033659571693054
784,False,10,10757,0.4257781505584717,0.8593017664693652
785,False,10,10758,0.4111020565032959,0.7813410973619846
786,False,10,10759,0.42220211029052734,0.8618649542331694
787,False,10,10760,0.42841196060180664,0.8832612009275528
788,False,10,10761,0.42290639877319336,0.8425237962177822
789,False,10,10762,0.40808773040771484,0.8379396374026934
790,False,10,10763,0.45009756088256836,0.8292462619997206
791,False,10,10764,0.4236745834350586,0.8223796490402449
792,False,10,10765,0.4082648754119873,0.8563226929732732
793,False,10,10766,0.43852758407592773,0.8562938265857243
794,False,10,10767,0.4225313663482666,0.8431202989249001
795,False,10,10768,0.4094877243041992,0.8503311468022212
796,False,10,10769,0.45270442962646484,0.8707178128617151
797,False,10,10770,0.410214900970459,0.848128158066954
798,False,10,10771,0.4099268913269043,0.8762296626255627
799,False,10,10772,0.45551133155822754,0.8303717942464922
800,False,10,10773,0.41081953048706055,0.7955565041019804
801,False,10,10774,0.41916418075561523,0.8949567562057859
802,False,10,10775,0.43982577323913574,0.8367128414767131
803,False,10,10776,0.420184850692749,0.8340093657551777
804,False,10,10777,0.422454833984375,0.8296016330520312
805,False,10,10778,0.4515511989593506,0.8660124937693278
806,False,10,10779,0.4069478511810303,0.8668476399921236
807,False,10,10780,0.42170119285583496,0.8434633892916497
808,False,10,10781,0.4247450828552246,0.857320729820501
809,False,10,10782,0.42054319381713867,0.8639111841718354
810,False,10,10783,0.4102609157562256,0.8802273582134927
811,False,10,10784,0.4453880786895752,0.8664827893177668
812,False,10,10785,0.41466498374938965,0.8686273615984691
813,False,10,10786,0.40932464599609375,0.8349836667378745
814,False,10,10787,0.43483901023864746,0.8706761586169404
815,False,10,10788,0.4071164131164551,0.8744839997518631
816,False,10,10789,0.40860414505004883,0.8811384414633113
817,False,10,10790,0.4246337413787842,0.8884689524060204
818,False,10,10791,0.408294677734375,0.8568925834482625
819,False,10,10792,0.42398548126220703,0.8591048330778168
820,False,10,10793,0.40886998176574707,0.8395746522361324
821,False,10,10794,0.42209720611572266,0.9063639569850194
822,False,10,10795,0.4096050262451172,0.8083323077076958
823,False,10,10796,0.4222836494445801,0.8490192301216579
824,False,10,10797,0.4370918273925781,0.8282365657034375
825,False,10,10798,0.411268949508667,0.869087189435959
826,False,10,10799,0.4148871898651123,0.7900057431487812
827,True,10,10800,0.48024892807006836,0.8597390843289238
828,False,10,10801,0.4100797176361084,0.8629238690648761
829,False,10,10802,0.4095473289489746,0.8506023039420446
830,False,10,10803,0.4200408458709717,0.8234730944747017
831,False,10,10804,0.44483137130737305,0.9072426479487193
832,False,10,10805,0.4247622489929199,0.8838826712398302
833,False,10,10806,0.4082198143005371,0.8387836345604487
834,False,10,10807,0.42448973655700684,0.8705267863614219
835,False,10,10808,0.4101285934448242,0.8570280642736526
836,False,10,10809,0.42013001441955566,0.855647854861759
837,False,10,10810,0.4075336456298828,0.8568590105999084
838,False,10,10811,0.4395925998687744,0.8789912206786021
839,False,10,10812,0.4086120128631592,0.8693189764661448
840,False,10,10813,0.4075627326965332,0.8496374459493727
841,False,10,10814,0.43474864959716797,0.8634104735794523
842,False,10,10815,0.4080684185028076,0.8096139228769711
843,False,10,10816,0.4237184524536133,0.8846608939624968
844,False,10,10817,0.45463061332702637,0.8568779726823172
845,False,10,10818,0.4092426300048828,0.8544526156925022
846,False,10,10819,0.422976016998291,0.8069409538237822
847,False,10,10820,0.43790721893310547,0.8599474536521092
848,False,10,10821,0.4104573726654053,0.8252932957950093
849,False,10,10822,0.41002559661865234,0.8620323432343349
850,False,10,10823,0.43434643745422363,0.882641294172832
851,False,10,10824,0.4204251766204834,0.8186267765150183
852,False,10,10825,0.4097294807434082,0.8227558228231613
853,False,10,10826,0.4471430778503418,0.846007867228417
854,False,10,10827,0.4067709445953369,0.8236667645119486
855,False,10,10828,0.42345499992370605,0.8245514024581226
856,False,10,10829,0.4324331283569336,0.8076645884485472
857,False,10,10830,0.40750980377197266,0.8807035642010825
858,False,10,10831,0.41335272789001465,0.8298048414289951
859,False,10,10832,0.4073967933654785,0.872395203581878
860,False,10,10833,0.40766310691833496,0.8458676543973741
861,False,10,10834,0.4086732864379883,0.8092907124332019
862,False,10,10835,0.40822935104370117,0.8365294830430123
863,False,10,10836,0.4473869800567627,0.8069847992488317
864,False,10,10837,0.40677595138549805,0.8441027388686224
865,False,10,10838,0.4229300022125244,0.8340933127772239
866,False,10,10839,0.4355497360229492,0.8390260718408085
867,False,10,10840,0.4064981937408447,0.8586106548706689
868,False,10,10841,0.4092552661895752,0.8182787274320921
869,False,10,10842,0.45282864570617676,0.8630555935558819
870,False,10,10843,0.42130613327026367,0.8414876500055903
871,False,10,10844,0.4245936870574951,0.8588028684968041
872,False,10,10845,0.4360647201538086,0.8858102329430126
873,False,10,10846,0.42252063751220703,0.8373815701121377
874,False,10,10847,0.4084889888763428,0.8704569474572228
875,False,10,10848,0.4517040252685547,0.8485934890451884
876,False,10,10849,0.40822386741638184,0.8469150137333643
877,False,10,10850,0.40940022468566895,0.865678106035505
878,False,10,10851,0.4329085350036621,0.8893085529229472
879,False,10,10852,0.40609312057495117,0.8329340872310456
880,False,10,10853,0.4238569736480713,0.836918712017082
881,False,10,10854,0.4066793918609619,0.8346891695899621
882,False,10,10855,0.4070310592651367,0.8529770863907677
883,False,10,10856,0.42255353927612305,0.7979430089749041
884,False,10,10857,0.4090759754180908,0.8143918590531463
885,False,10,10858,0.42211222648620605,0.8305301747861363
886,False,10,10859,0.40729451179504395,0.8639589776950223
887,False,10,10860,0.4237174987792969,0.8749487435533887
888,False,10,10861,0.43917298316955566,0.8056186289482172
889,False,10,10862,0.4210183620452881,0.8456630887729781
890,False,10,10863,0.4064640998840332,0.8287853593272824
891,False,10,10864,0.4409916400909424,0.8268413117953709
892,False,10,10865,0.42435336112976074,0.8096716609739121
893,False,10,10866,0.40739965438842773,0.8338996718327206
894,False,10,10867,0.4245889186859131,0.8378079686136474
895,False,10,10868,0.4316389560699463,0.7874017953872681
896,False,10,10869,0.42255210876464844,0.8102599516333571
897,False,10,10870,0.425032377243042,0.8930579537437077
898,False,10,10871,0.4098196029663086,0.8480437727911131
899,False,10,10872,0.42322325706481934,0.8639975190162659
900,False,10,10873,0.40996861457824707,0.8748617049838814
901,False,10,10874,0.4216315746307373,0.8546284359125865
902,False,10,10875,0.40872907638549805,0.8491361098630087
903,False,10,10876,0.4223349094390869,0.8550191730970428
904,False,10,10877,0.40960121154785156,0.8438476091694265
905,False,10,10878,0.46569299697875977,0.8487141724853289
906,False,10,10879,0.41059112548828125,0.8469042181968689
907,False,10,10880,0.4109983444213867,0.8525278919509479
908,False,10,10881,0.4366729259490967,0.8769502018888793
909,False,10,10882,0.40796923637390137,0.8447096567778362
910,False,10,10883,0.4231243133544922,0.8936189256963275
911,False,10,10884,0.45524024963378906,0.8154874020034357
912,False,10,10885,0.410825252532959,0.8871413217413994
913,False,10,10886,0.4206712245941162,0.8567914593787421
914,False,10,10887,0.44071054458618164,0.8332781007602101
915,False,10,10888,0.4078371524810791,0.8694976362444106
916,False,10,10889,0.40865373611450195,0.8313964777404353
917,False,10,10890,0.4395561218261719,0.8381151368930225
918,False,10,10891,0.42235589027404785,0.8443716810572715
919,False,10,10892,0.40972208976745605,0.8479720678712641
920,False,10,10893,0.43921947479248047,0.804199792710798
921,False,10,10894,0.4075753688812256,0.8524141049101239
922,False,10,10895,0.42107105255126953,0.841974238909426
923,False,10,10896,0.4380958080291748,0.8380208043825057
924,False,10,10897,0.4084794521331787,0.8308359490973608
925,False,10,10898,0.4093306064605713,0.8532735180287134
926,False,10,10899,0.40692877769470215,0.8240397113064926
927,True,10,10900,0.468259334564209,0.8636054045387678
928,False,10,10901,0.42339658737182617,0.9068806185608819
929,False,10,10902,0.4072847366333008,0.8304753193543071
930,False,10,10903,0.4521372318267822,0.8636034180720645
931,False,10,10904,0.42287302017211914,0.8706999598514467
932,False,10,10905,0.4060213565826416,0.8229278347321918
933,False,10,10906,0.4491407871246338,0.8641130612010046
934,False,10,10907,0.40701937675476074,0.846316044529279
935,False,10,10908,0.41074347496032715,0.853763208502815
936,False,10,10909,0.4518868923187256,0.8551777253548303
937,False,10,10910,0.4111196994781494,0.8712258729196731
938,False,10,10911,0.42280077934265137,0.8388273155405407
939,False,10,10912,0.4393470287322998,0.8341243373496192
940,False,10,10913,0.41037583351135254,0.893012231304532
941,False,10,10914,0.4167194366455078,0.8699101135134697
942,False,10,10915,0.44176197052001953,0.865515417995907
943,False,10,10916,0.4214184284210205,0.8179974527586074
944,False,10,10917,0.4082818031311035,0.8731659693377357
945,False,10,10918,0.44002866744995117,0.9143152215651102
946,False,10,10919,0.4109668731689453,0.8477599984478381
947,False,10,10920,0.40917491912841797,0.8809697195177987
948,False,10,10921,0.40857696533203125,0.920278835154715
949,False,10,10922,0.42154765129089355,0.8354021928140096
950,False,10,10923,0.4071688652038574,0.8872791290992784
951,False,10,10924,0.40848326683044434,0.8369550272112803
952,False,10,10925,0.43974781036376953,0.8565630515416465
953,False,10,10926,0.4239187240600586,0.8455353460851172
954,False,10,10927,0.4083845615386963,0.8669852302187965
955,False,10,10928,0.4504830837249756,0.8122904839969814
956,False,10,10929,0.40873217582702637,0.8541999469910349
957,False,10,10930,0.40962696075439453,0.8345307374284381
958,False,10,10931,0.42234110832214355,0.8637987657317093
959,False,10,10932,0.43946170806884766,0.859939558165414
960,False,10,10933,0.4223489761352539,0.8245851198832196
961,False,10,10934,0.4266386032104492,0.8898751764070421
962,False,10,10935,0.42204809188842773,0.8213036855061848
963,False,10,10936,0.44841599464416504,0.8282901016729218
964,False,10,10937,0.40909767150878906,0.8451924394993555
965,False,10,10938,0.4093363285064697,0.8746599519536609
966,False,10,10939,0.4537055492401123,0.8266075586988811
967,False,10,10940,0.4092671871185303,0.818271259910294
968,False,10,10941,0.4229435920715332,0.8475133636522861
969,False,10,10942,0.4382951259613037,0.8443398527091458
970,False,10,10943,0.4216320514678955,0.8303064411239963
971,False,10,10944,0.40968942642211914,0.8815919061501821
972,False,10,10945,0.44178295135498047,0.8822816436489422
973,False,10,10946,0.41561269760131836,0.8641763492709116
974,False,10,10947,0.4094254970550537,0.8636433287035852
975,False,10,10948,0.4422874450683594,0.8400894666001909
976,False,10,10949,0.4254038333892822,0.8852527315417926
977,False,10,10950,0.4104435443878174,0.8671882995182558
978,False,10,10951,0.4211869239807129,0.8172564335344803
979,False,10,10952,0.40814781188964844,0.8416842357033774
980,False,10,10953,0.42137670516967773,0.877147347267185
981,False,10,10954,0.4095594882965088,0.8555841942628226
982,False,10,10955,0.4172062873840332,0.8227025433665233
983,False,10,10956,0.4104115962982178,0.9367878025486356
984,False,10,10957,0.4093773365020752,0.815704313062486
985,False,10,10958,0.4248952865600586,0.8502190311749774
986,False,10,10959,0.41160106658935547,0.8438617171985764
987,False,10,10960,0.41068053245544434,0.8468678263681277
988,False,10,10961,0.4448704719543457,0.8351852601127964
989,False,10,10962,0.42389440536499023,0.8098022497835612
990,False,10,10963,0.4092550277709961,0.8582817993703341
991,False,10,10964,0.43885207176208496,0.9202915330727893
992,False,10,10965,0.42192792892456055,0.8404243890018691
993,False,10,10966,0.41156673431396484,0.8281066247395107
994,False,10,10967,0.4528326988220215,0.8582482483415377
995,False,10,10968,0.410844087600708,0.9039802047468367
996,False,10,10969,0.4078352451324463,0.8542831667831964
997,False,10,10970,0.45446133613586426,0.8529927822805584
998,False,10,10971,0.41088104248046875,0.8371168252612865
999,False,10,10972,0.4200267791748047,0.8729129313003448
1000,False,10,10973,0.44175028800964355,0.8599671874017945
1001,False,10,10974,0.4221153259277344,0.8694653652963185
1002,False,10,10975,0.42351794242858887,0.8431148161845549
1003,False,10,10976,0.43868017196655273,0.846617179257529
1004,False,10,10977,0.40732717514038086,0.8485796671538126
1005,False,10,10978,0.4231114387512207,0.8681886118082772
1006,False,10,10979,0.40726256370544434,0.7953855097293855
1007,False,10,10980,0.4210643768310547,0.8698985829417194
1008,False,10,10981,0.4091939926147461,0.9287663854303814
1009,False,10,10982,0.4204235076904297,0.8406563479275929
1010,False,10,10983,0.4361536502838135,0.8616906688326881
1011,False,10,10984,0.40896058082580566,0.8520902544260025
1012,False,10,10985,0.4092137813568115,0.8588853187504268
1013,False,10,10986,0.4402165412902832,0.8190582666013922
1014,False,10,10987,0.4092409610748291,0.7987309662359101
1015,False,10,10988,0.4251103401184082,0.8457040847057388
1016,False,10,10989,0.4407014846801758,0.8354682379535265
1017,False,10,10990,0.42034006118774414,0.8715993336268832
1018,False,10,10991,0.4106156826019287,0.8383321038314274
1019,False,10,10992,0.4211099147796631,0.834139849458422
1020,False,10,10993,0.4531853199005127,0.8562345192545935
1021,False,10,10994,0.4082529544830322,0.835991442203522
1022,False,10,10995,0.4253504276275635,0.8461504940475736
1023,False,10,10996,0.43859434127807617,0.8718071721848988
1024,False,10,10997,0.42148900032043457,0.8582927132291454
1025,False,10,10998,0.4450383186340332,0.8760154474349249
1026,False,10,10999,0.4101705551147461,0.8508472236849014
1027,True,10,11000,0.4994368553161621,0.8363742062023708
1028,False,10,11001,0.42782068252563477,0.8633026196843101
1029,False,10,11002,0.40933871269226074,0.8574661666616087
1030,False,10,11003,0.45037007331848145,0.9253251353899637
1031,False,10,11004,0.4098837375640869,0.8854964247771674
1032,False,10,11005,0.4083287715911865,0.8882996844393867
1033,False,10,11006,0.4331929683685303,0.9074796353067669
1034,False,10,11007,0.40848708152770996,0.8474219845873969
1035,False,10,11008,0.4264078140258789,0.8712575818811146
1036,False,10,11009,0.4092881679534912,0.872603075844901
1037,False,10,11010,0.42266368865966797,0.87345119033541
1038,False,10,11011,0.40948963165283203,0.9076425759565263
1039,False,10,11012,0.44124841690063477,0.8947410810561408
1040,False,10,11013,0.4101111888885498,0.8758404528101283
1041,False,10,11014,0.42104506492614746,0.8754780948871658
1042,False,10,11015,0.42414283752441406,0.9051943158819563
1043,False,10,11016,0.409243106842041,0.8675553972522417
1044,False,10,11017,0.4114561080932617,0.8479443561463129
1045,False,10,11018,0.4083840847015381,0.8390309927718981
1046,False,10,11019,0.41025853157043457,0.895029812696434
1047,False,10,11020,0.42584848403930664,0.9277821381886802
1048,False,10,11021,0.41024208068847656,0.8829361952486493
1049,False,10,11022,0.43595218658447266,0.8985951290953726
1050,False,10,11023,0.41266536712646484,0.9097759407900626
1051,False,10,11024,0.42159533500671387,0.8615245343673795
1052,False,10,11025,0.4375598430633545,0.906404201118719
1053,False,10,11026,0.4089639186859131,0.8796473996979848
1054,False,10,11027,0.4256324768066406,0.8924805665654797
1055,False,10,11028,0.45462846755981445,0.9306785482026283
1056,False,10,11029,0.41017985343933105,0.8688953604016986
1057,False,10,11030,0.42415714263916016,0.8819953235132354
1058,False,10,11031,0.4386413097381592,0.8860665474619185
1059,False,10,11032,0.41760802268981934,0.8780842678887503
1060,False,10,11033,0.4104039669036865,0.8860421762579963
1061,False,10,11034,0.44254589080810547,0.8586654570840656
1062,False,10,11035,0.4228954315185547,0.8724438959643955
1063,False,10,11036,0.41101813316345215,0.9181840313332422
1064,False,10,11037,0.43936967849731445,0.852672452373164
1065,False,10,11038,0.40805983543395996,0.8856421329435846
1066,False,10,11039,0.425018310546875,0.8458119570499376
1067,False,10,11040,0.40984654426574707,0.8454444928183441
1068,False,10,11041,0.4231576919555664,0.8805339343491058
1069,False,10,11042,0.4234273433685303,0.8235418945550919
1070,False,10,11043,0.40931153297424316,0.8575464613026096
1071,False,10,11044,0.44849157333374023,0.8897347169972598
1072,False,10,11045,0.41472673416137695,0.8399030977771395
1073,False,10,11046,0.4101274013519287,0.8466964541446595
1074,False,10,11047,0.45534777641296387,0.8844336753799801
1075,False,10,11048,0.41013145446777344,0.8753494442928405
1076,False,10,11049,0.4231710433959961,0.8889128682868822
1077,False,10,11050,0.4404172897338867,0.8397515884467536
1078,False,10,11051,0.4084455966949463,0.8905103334358762
1079,False,10,11052,0.4107398986816406,0.86715338911329
1080,False,10,11053,0.407942533493042,0.9680336429959251
1081,False,10,11054,0.4216945171356201,0.915285417721385
1082,False,10,11055,0.4147374629974365,0.8297629120449224
1083,False,10,11056,0.40731263160705566,0.8300585803531465
1084,False,10,11057,0.4515988826751709,0.866770917461032
1085,False,10,11058,0.4110531806945801,0.9044032217491241
1086,False,10,11059,0.42355966567993164,0.8336515469210489
1087,False,10,11060,0.44019460678100586,0.8430937500227065
1088,False,10,11061,0.40952038764953613,0.9104921054982005
1089,False,10,11062,0.4555363655090332,0.8804462537879034
1090,False,10,11063,0.4116365909576416,0.8390320415298144
1091,False,10,11064,0.4501500129699707,0.8405883223527953
1092,False,10,11065,0.4100501537322998,0.8437666034414655
1093,False,10,11066,0.4216804504394531,0.8429466496620859
1094,False,10,11067,0.4311249256134033,0.8403182295816285
1095,False,10,11068,0.40848231315612793,0.8312171619562876
1096,False,10,11069,0.4096076488494873,0.9060512298629396
1097,False,10,11070,0.41231632232666016,0.8718807732775097
1098,False,10,11071,0.4324932098388672,0.8394173628517558
1099,False,10,11072,0.4218020439147949,0.8418609968253544
1100,False,10,11073,0.40845441818237305,0.8483280599826857
1101,False,10,11074,0.4539799690246582,0.8312629620943751
1102,False,10,11075,0.4076509475708008,0.9085917678617298
1103,False,10,11076,0.4094994068145752,0.8962736562603996
1104,False,10,11077,0.45760250091552734,0.8877575142042977
1105,False,10,11078,0.4090120792388916,0.8230054208210537
1106,False,10,11079,0.4107632637023926,0.8786830206712088
1107,False,10,11080,0.34667539596557617,0.8760906525311015
